LCV5KK3V37HW,1,0,http://www.wikidata.org/entity/Q171870
LCV5KK3V37HW,2,0,http://www.wikidata.org/entity/Q252217
LCV5KK3V37HW,3,0,http://www.wikidata.org/entity/Q362653
LCV5KK3V37HW,4,0,http://www.wikidata.org/entity/Q6352437
LCV5KK3V37HW,5,0,http://www.wikidata.org/entity/Q221240
LCV5KK3V37HW,6,0,http://www.wikidata.org/entity/Q331272
LCV5KK3V37HW,7,0,http://www.wikidata.org/entity/Q331305
LCV5KK3V37HW,8,0,http://www.wikidata.org/entity/Q362773
LCV5KK3V37HW,9,0,http://www.wikidata.org/entity/Q111333159
LCV5KK3V37HW,10,0,http://www.wikidata.org/entity/Q171858
LCV5KK3V37HW,11,0,http://www.wikidata.org/entity/Q331248
LCV5KK3V37HW,12,0,http://www.wikidata.org/entity/Q171715
LCV5KK3V37HW,13,0,http://www.wikidata.org/entity/Q172088
LCV5KK3V37HW,14,0,http://www.wikidata.org/entity/Q362598
LCV5KK3V37HW,15,0,http://www.wikidata.org/entity/Q3113821
LCV5KK3V37HW,16,0,http://www.wikidata.org/entity/Q172028
LCV5KK3V37HW,17,0,http://www.wikidata.org/entity/Q171679
LCV5KK3V37HW,18,0,http://www.wikidata.org/entity/Q171681
X205ZIS9BZ8P,1,0,http://www.wikidata.org/entity/Q363191
X205ZIS9BZ8P,2,0,http://www.wikidata.org/entity/Q3113827
F109YH5WRXD3,1,0,http://www.wikidata.org/entity/Q136660
F109YH5WRXD3,2,0,http://www.wikidata.org/entity/Q85242
F109YH5WRXD3,3,0,http://www.wikidata.org/entity/Q2465
F109YH5WRXD3,4,0,http://www.wikidata.org/entity/Q486409
F109YH5WRXD3,5,0,http://www.wikidata.org/entity/Q5455433
F109YH5WRXD3,6,0,http://www.wikidata.org/entity/Q35483018
F109YH5WRXD3,7,0,http://www.wikidata.org/entity/Q84700
RQBKHTKX80HK,1,0,http://www.wikidata.org/entity/Q1950317
RQBKHTKX80HK,2,0,http://www.wikidata.org/entity/Q239073
RQBKHTKX80HK,3,0,http://www.wikidata.org/entity/Q1883241
RQBKHTKX80HK,4,0,http://www.wikidata.org/entity/Q176800
VPQ1L3UAQ5NB,1,0,http://www.wikidata.org/entity/Q106874303
VPQ1L3UAQ5NB,2,0,http://www.wikidata.org/entity/Q106874444
VPQ1L3UAQ5NB,3,0,http://www.wikidata.org/entity/Q106874510
VPQ1L3UAQ5NB,4,0,http://www.wikidata.org/entity/Q106874511
VPQ1L3UAQ5NB,5,0,http://www.wikidata.org/entity/Q52901547
VPQ1L3UAQ5NB,6,0,http://www.wikidata.org/entity/Q55210315
VPQ1L3UAQ5NB,7,0,http://www.wikidata.org/entity/Q55210319
VPQ1L3UAQ5NB,8,0,http://www.wikidata.org/entity/Q106874313
VPQ1L3UAQ5NB,9,0,http://www.wikidata.org/entity/Q106874294
VPQ1L3UAQ5NB,10,0,http://www.wikidata.org/entity/Q106874397
TT9RWD687V1U,1,0,http://www.wikidata.org/entity/Q918372
TT9RWD687V1U,2,0,http://www.wikidata.org/entity/Q1022741
TT9RWD687V1U,3,0,http://www.wikidata.org/entity/Q25610
TT9RWD687V1U,4,0,http://www.wikidata.org/entity/Q1784437
TT9RWD687V1U,5,0,http://www.wikidata.org/entity/Q254244
TT9RWD687V1U,6,0,http://www.wikidata.org/entity/Q1966925
TT9RWD687V1U,7,0,http://www.wikidata.org/entity/Q617407
TT9RWD687V1U,8,0,http://www.wikidata.org/entity/Q641756
TT9RWD687V1U,9,0,http://www.wikidata.org/entity/Q1708628
5THUDH0DSNN9,1,0,http://www.wikidata.org/entity/Q9330648
5THUDH0DSNN9,2,0,http://www.wikidata.org/entity/Q9330647
5THUDH0DSNN9,3,0,http://www.wikidata.org/entity/Q9330646
5THUDH0DSNN9,4,0,http://www.wikidata.org/entity/Q9330644
5THUDH0DSNN9,5,0,http://www.wikidata.org/entity/Q9330643
5THUDH0DSNN9,6,0,http://www.wikidata.org/entity/Q9330639
5THUDH0DSNN9,7,0,http://www.wikidata.org/entity/Q9330638
5THUDH0DSNN9,8,0,http://www.wikidata.org/entity/Q9330637
5THUDH0DSNN9,9,0,http://www.wikidata.org/entity/Q9330636
5THUDH0DSNN9,10,0,http://www.wikidata.org/entity/Q9330634
5THUDH0DSNN9,11,0,http://www.wikidata.org/entity/Q9330633
5THUDH0DSNN9,12,0,http://www.wikidata.org/entity/Q9330632
5THUDH0DSNN9,13,0,http://www.wikidata.org/entity/Q9330631
5THUDH0DSNN9,14,0,http://www.wikidata.org/entity/Q9330630
5THUDH0DSNN9,15,0,http://www.wikidata.org/entity/Q9330629
5THUDH0DSNN9,16,0,http://www.wikidata.org/entity/Q9330628
5THUDH0DSNN9,17,0,http://www.wikidata.org/entity/Q9330627
5THUDH0DSNN9,18,0,http://www.wikidata.org/entity/Q9330626
5THUDH0DSNN9,19,0,http://www.wikidata.org/entity/Q9330625
5THUDH0DSNN9,20,0,http://www.wikidata.org/entity/Q9330624
5THUDH0DSNN9,21,0,http://www.wikidata.org/entity/Q9330623
5THUDH0DSNN9,22,0,http://www.wikidata.org/entity/Q9330622
CSVV9USU139R,1,0,http://www.wikidata.org/entity/Q9330563
CSVV9USU139R,2,0,http://www.wikidata.org/entity/Q9330562
CSVV9USU139R,3,0,http://www.wikidata.org/entity/Q9330561
CSVV9USU139R,4,0,http://www.wikidata.org/entity/Q9330560
CSVV9USU139R,5,0,http://www.wikidata.org/entity/Q9329962
CSVV9USU139R,6,0,http://www.wikidata.org/entity/Q9329961
CSVV9USU139R,7,0,http://www.wikidata.org/entity/Q9329960
CSVV9USU139R,8,0,http://www.wikidata.org/entity/Q9329959
CSVV9USU139R,9,0,http://www.wikidata.org/entity/Q9329958
CSVV9USU139R,10,0,http://www.wikidata.org/entity/Q9329957
CSVV9USU139R,11,0,http://www.wikidata.org/entity/Q9329956
CSVV9USU139R,12,0,http://www.wikidata.org/entity/Q9329955
CSVV9USU139R,13,0,http://www.wikidata.org/entity/Q9329954
CSVV9USU139R,14,0,http://www.wikidata.org/entity/Q9329953
CSVV9USU139R,15,0,http://www.wikidata.org/entity/Q9329952
CSVV9USU139R,16,0,http://www.wikidata.org/entity/Q9329951
CSVV9USU139R,17,0,http://www.wikidata.org/entity/Q9329950
CSVV9USU139R,18,0,http://www.wikidata.org/entity/Q9329949
CSVV9USU139R,19,0,http://www.wikidata.org/entity/Q9329948
CSVV9USU139R,20,0,http://www.wikidata.org/entity/Q9329947
CSVV9USU139R,21,0,http://www.wikidata.org/entity/Q9329946
KY57GL5ERH2N,1,0,http://www.wikidata.org/entity/Q15190623
KY57GL5ERH2N,2,0,http://www.wikidata.org/entity/Q6868816
KY57GL5ERH2N,3,0,http://www.wikidata.org/entity/Q1189520
KY57GL5ERH2N,4,0,http://www.wikidata.org/entity/Q157312
KY57GL5ERH2N,5,0,http://www.wikidata.org/entity/Q63270170
KY57GL5ERH2N,6,0,http://www.wikidata.org/entity/Q2614671
KY57GL5ERH2N,7,0,http://www.wikidata.org/entity/Q1046913
KY57GL5ERH2N,8,0,http://www.wikidata.org/entity/Q63217681
KY57GL5ERH2N,9,0,http://www.wikidata.org/entity/Q2710551
KY57GL5ERH2N,10,0,http://www.wikidata.org/entity/Q19888353
NPK0WVYHYPKR,1,0,http://www.wikidata.org/entity/Q2344269
NPK0WVYHYPKR,2,0,http://www.wikidata.org/entity/Q2207366
1FT5RLG5K5UP,1,0,http://www.wikidata.org/entity/Q108708406
1FT5RLG5K5UP,2,0,http://www.wikidata.org/entity/Q15245683
DCXBN9Z30XWZ,1,0,http://www.wikidata.org/entity/Q3691022
DCXBN9Z30XWZ,2,0,http://www.wikidata.org/entity/Q3772290
SDS0ZTPY5QHP,1,0,http://www.wikidata.org/entity/Q672
SDS0ZTPY5QHP,2,0,http://www.wikidata.org/entity/Q851
SDS0ZTPY5QHP,3,0,http://www.wikidata.org/entity/Q986
SDS0ZTPY5QHP,4,0,http://www.wikidata.org/entity/Q921
SDS0ZTPY5QHP,5,0,http://www.wikidata.org/entity/Q37
SDS0ZTPY5QHP,6,0,http://www.wikidata.org/entity/Q774
SDS0ZTPY5QHP,7,0,http://www.wikidata.org/entity/Q227
SDS0ZTPY5QHP,8,0,http://www.wikidata.org/entity/Q26273
1BV5KL3OW6DA,1,0,http://www.wikidata.org/entity/Q90346157
1BV5KL3OW6DA,2,0,http://www.wikidata.org/entity/Q91420143
1BV5KL3OW6DA,3,0,http://www.wikidata.org/entity/Q78186856
1BV5KL3OW6DA,4,0,http://www.wikidata.org/entity/Q94917355
1BV5KL3OW6DA,5,0,http://www.wikidata.org/entity/Q83735190
1BV5KL3OW6DA,6,0,http://www.wikidata.org/entity/Q93506612
1BV5KL3OW6DA,7,0,http://www.wikidata.org/entity/Q93955156
LTWUNNVBK0WK,1,0,http://www.wikidata.org/entity/Q77855014
LTWUNNVBK0WK,2,0,http://www.wikidata.org/entity/Q77859927
LTWUNNVBK0WK,3,0,http://www.wikidata.org/entity/Q77854805
ZYK25QKZA6ZU,1,0,http://www.wikidata.org/entity/Q12980
ZYK25QKZA6ZU,2,0,http://www.wikidata.org/entity/Q1206687
ZYK25QKZA6ZU,3,0,http://www.wikidata.org/entity/Q66631560
ZYK25QKZA6ZU,4,0,http://www.wikidata.org/entity/Q13434
ZYK25QKZA6ZU,5,0,http://www.wikidata.org/entity/Q12126
ZYK25QKZA6ZU,6,0,http://www.wikidata.org/entity/Q1052548
ZYK25QKZA6ZU,7,0,http://www.wikidata.org/entity/Q3781481
ZYK25QKZA6ZU,8,0,http://www.wikidata.org/entity/Q2568864
ZYK25QKZA6ZU,9,0,http://www.wikidata.org/entity/Q5175379
ZYK25QKZA6ZU,10,0,http://www.wikidata.org/entity/Q13080
ZYK25QKZA6ZU,11,0,http://www.wikidata.org/entity/Q1150389
ZYK25QKZA6ZU,12,0,http://www.wikidata.org/entity/Q3232761
ZYK25QKZA6ZU,13,0,http://www.wikidata.org/entity/Q680341
ZYK25QKZA6ZU,14,0,http://www.wikidata.org/entity/Q3427
8X9A5U2P3E2G,1,0,http://www.wikidata.org/entity/Q117018367
8X9A5U2P3E2G,2,0,http://www.wikidata.org/entity/Q110968845
8X9A5U2P3E2G,3,0,http://www.wikidata.org/entity/Q83631680
8X9A5U2P3E2G,4,0,http://www.wikidata.org/entity/Q117027245
8X9A5U2P3E2G,5,0,http://www.wikidata.org/entity/Q83648994
8X9A5U2P3E2G,6,0,http://www.wikidata.org/entity/Q83641968
8X9A5U2P3E2G,7,0,http://www.wikidata.org/entity/Q117009604
8X9A5U2P3E2G,8,0,http://www.wikidata.org/entity/Q83640829
8X9A5U2P3E2G,9,0,http://www.wikidata.org/entity/Q52378148
8X9A5U2P3E2G,10,0,http://www.wikidata.org/entity/Q115572275
8X9A5U2P3E2G,11,0,http://www.wikidata.org/entity/Q117036408
8X9A5U2P3E2G,12,0,http://www.wikidata.org/entity/Q83632423
8X9A5U2P3E2G,13,0,http://www.wikidata.org/entity/Q117025445
8X9A5U2P3E2G,14,0,http://www.wikidata.org/entity/Q84255824
8X9A5U2P3E2G,15,0,http://www.wikidata.org/entity/Q83648578
8X9A5U2P3E2G,16,0,http://www.wikidata.org/entity/Q117022812
8X9A5U2P3E2G,17,0,http://www.wikidata.org/entity/Q24027026
8X9A5U2P3E2G,18,0,http://www.wikidata.org/entity/Q83649016
8X9A5U2P3E2G,19,0,http://www.wikidata.org/entity/Q115573894
8X9A5U2P3E2G,20,0,http://www.wikidata.org/entity/Q83639979
8X9A5U2P3E2G,21,0,http://www.wikidata.org/entity/Q98114907
8X9A5U2P3E2G,22,0,http://www.wikidata.org/entity/Q83640562
5T6879K3KGPG,1,0,http://www.wikidata.org/entity/Q7890550
5T6879K3KGPG,2,0,http://www.wikidata.org/entity/Q7687516
5T6879K3KGPG,3,0,http://www.wikidata.org/entity/Q64362853
5T6879K3KGPG,4,0,http://www.wikidata.org/entity/Q16621865
5T6879K3KGPG,5,0,http://www.wikidata.org/entity/Q928798
5T6879K3KGPG,6,0,http://www.wikidata.org/entity/Q64228989
5T6879K3KGPG,7,0,http://www.wikidata.org/entity/Q7239221
5T6879K3KGPG,8,0,http://www.wikidata.org/entity/Q7185144
5T6879K3KGPG,9,0,http://www.wikidata.org/entity/Q3586331
5T6879K3KGPG,10,0,http://www.wikidata.org/entity/Q7570421
5T6879K3KGPG,11,0,http://www.wikidata.org/entity/Q7890398
5T6879K3KGPG,12,0,http://www.wikidata.org/entity/Q7185145
5T6879K3KGPG,13,0,http://www.wikidata.org/entity/Q7687505
5T6879K3KGPG,14,0,http://www.wikidata.org/entity/Q16634834
5T6879K3KGPG,15,0,http://www.wikidata.org/entity/Q16922435
5T6879K3KGPG,16,0,http://www.wikidata.org/entity/Q6781270
5T6879K3KGPG,17,0,http://www.wikidata.org/entity/Q3722649
5T6879K3KGPG,18,0,http://www.wikidata.org/entity/Q64228562
5T6879K3KGPG,19,0,http://www.wikidata.org/entity/Q64347877
1PI46HEYI9A3,1,0,http://www.wikidata.org/entity/Q64228619
1PI46HEYI9A3,2,0,http://www.wikidata.org/entity/Q6348214
1PI46HEYI9A3,3,0,http://www.wikidata.org/entity/Q854396
1PI46HEYI9A3,4,0,http://www.wikidata.org/entity/Q7522933
1PI46HEYI9A3,5,0,http://www.wikidata.org/entity/Q64228614
1PI46HEYI9A3,6,0,http://www.wikidata.org/entity/Q63988076
1PI46HEYI9A3,7,0,http://www.wikidata.org/entity/Q64347834
1PI46HEYI9A3,8,0,http://www.wikidata.org/entity/Q3722677
1PI46HEYI9A3,9,0,http://www.wikidata.org/entity/Q64272827
1PI46HEYI9A3,10,0,http://www.wikidata.org/entity/Q63988708
1PI46HEYI9A3,11,0,http://www.wikidata.org/entity/Q7890404
1PI46HEYI9A3,12,0,http://www.wikidata.org/entity/Q64347384
1PI46HEYI9A3,13,0,http://www.wikidata.org/entity/Q5810342
1PI46HEYI9A3,14,0,http://www.wikidata.org/entity/Q1717759
W64MT0G7I0TC,1,0,http://www.wikidata.org/entity/Q117027922
W64MT0G7I0TC,2,0,http://www.wikidata.org/entity/Q117110347
W64MT0G7I0TC,3,0,http://www.wikidata.org/entity/Q117077021
W64MT0G7I0TC,4,0,http://www.wikidata.org/entity/Q84261539
W64MT0G7I0TC,5,0,http://www.wikidata.org/entity/Q115572319
W64MT0G7I0TC,6,0,http://www.wikidata.org/entity/Q83649412
W64MT0G7I0TC,7,0,http://www.wikidata.org/entity/Q83493072
W64MT0G7I0TC,8,0,http://www.wikidata.org/entity/Q115573910
W64MT0G7I0TC,9,0,http://www.wikidata.org/entity/Q83641795
W64MT0G7I0TC,10,0,http://www.wikidata.org/entity/Q83632052
W64MT0G7I0TC,11,0,http://www.wikidata.org/entity/Q11712123
W64MT0G7I0TC,12,0,http://www.wikidata.org/entity/Q21168542
W64MT0G7I0TC,13,0,http://www.wikidata.org/entity/Q115573914
W64MT0G7I0TC,14,0,http://www.wikidata.org/entity/Q83602378
7QF1G7J6R0W8,1,0,http://www.wikidata.org/entity/Q83632059
7QF1G7J6R0W8,2,0,http://www.wikidata.org/entity/Q98582278
7QF1G7J6R0W8,3,0,http://www.wikidata.org/entity/Q83631525
7QF1G7J6R0W8,4,0,http://www.wikidata.org/entity/Q117116245
7QF1G7J6R0W8,5,0,http://www.wikidata.org/entity/Q117022863
7QF1G7J6R0W8,6,0,http://www.wikidata.org/entity/Q83631981
7QF1G7J6R0W8,7,0,http://www.wikidata.org/entity/Q104380147
7QF1G7J6R0W8,8,0,http://www.wikidata.org/entity/Q117082590
7QF1G7J6R0W8,9,0,http://www.wikidata.org/entity/Q83651523
7QF1G7J6R0W8,10,0,http://www.wikidata.org/entity/Q123321674
7QF1G7J6R0W8,11,0,http://www.wikidata.org/entity/Q84260994
7QF1G7J6R0W8,12,0,http://www.wikidata.org/entity/Q52347144
7QF1G7J6R0W8,13,0,http://www.wikidata.org/entity/Q7563613
7QF1G7J6R0W8,14,0,http://www.wikidata.org/entity/Q83651866
0I3IHVW5Y0AK,1,0,http://www.wikidata.org/entity/Q18883020
0I3IHVW5Y0AK,2,0,http://www.wikidata.org/entity/Q18883017
D4TQJWX4IISC,1,0,http://www.wikidata.org/entity/Q2266807
D4TQJWX4IISC,2,0,http://www.wikidata.org/entity/Q1739879
D4TQJWX4IISC,3,0,http://www.wikidata.org/entity/Q1727088
D4TQJWX4IISC,4,0,http://www.wikidata.org/entity/Q1521877
D4TQJWX4IISC,5,0,http://www.wikidata.org/entity/Q1440010
D4TQJWX4IISC,6,0,http://www.wikidata.org/entity/Q892808
D4TQJWX4IISC,7,0,http://www.wikidata.org/entity/Q575489
D4TQJWX4IISC,8,0,http://www.wikidata.org/entity/Q434688
D4TQJWX4IISC,9,0,http://www.wikidata.org/entity/Q278982
D4TQJWX4IISC,10,0,http://www.wikidata.org/entity/Q2291254
D4TQJWX4IISC,11,0,http://www.wikidata.org/entity/Q1330952
D4TQJWX4IISC,12,0,http://www.wikidata.org/entity/Q1318014
D4TQJWX4IISC,13,0,http://www.wikidata.org/entity/Q891521
D4TQJWX4IISC,14,0,http://www.wikidata.org/entity/Q845891
D4TQJWX4IISC,15,0,http://www.wikidata.org/entity/Q714023
D4TQJWX4IISC,16,0,http://www.wikidata.org/entity/Q217430
D4TQJWX4IISC,17,0,http://www.wikidata.org/entity/Q206942
D4TQJWX4IISC,18,0,http://www.wikidata.org/entity/Q85173495
D4TQJWX4IISC,19,0,http://www.wikidata.org/entity/Q6476611
D4TQJWX4IISC,20,0,http://www.wikidata.org/entity/Q1444214
D4TQJWX4IISC,21,0,http://www.wikidata.org/entity/Q1327873
D4TQJWX4IISC,22,0,http://www.wikidata.org/entity/Q700097
D4TQJWX4IISC,23,0,http://www.wikidata.org/entity/Q1621530
O7UDO40WJ7ZB,1,0,http://www.wikidata.org/entity/Q1800933
O7UDO40WJ7ZB,2,0,http://www.wikidata.org/entity/Q937444
O7UDO40WJ7ZB,3,0,http://www.wikidata.org/entity/Q3360945
O7UDO40WJ7ZB,4,0,http://www.wikidata.org/entity/Q799691
O7UDO40WJ7ZB,5,0,http://www.wikidata.org/entity/Q1062
O7UDO40WJ7ZB,6,0,http://www.wikidata.org/entity/Q5184387
O7UDO40WJ7ZB,7,0,http://www.wikidata.org/entity/Q3214866
O7UDO40WJ7ZB,8,0,http://www.wikidata.org/entity/Q1867229
O7UDO40WJ7ZB,9,0,http://www.wikidata.org/entity/Q1507060
O7UDO40WJ7ZB,10,0,http://www.wikidata.org/entity/Q1149609
O7UDO40WJ7ZB,11,0,http://www.wikidata.org/entity/Q1126099
O7UDO40WJ7ZB,12,0,http://www.wikidata.org/entity/Q1077275
O7UDO40WJ7ZB,13,0,http://www.wikidata.org/entity/Q877064
HIUPSSZELQXU,1,0,http://www.wikidata.org/entity/Q859461
HIUPSSZELQXU,2,0,http://www.wikidata.org/entity/Q851850
TMVRJSVHL2BC,1,0,http://www.wikidata.org/entity/Q2365354
TMVRJSVHL2BC,2,0,http://www.wikidata.org/entity/Q2350816
TMVRJSVHL2BC,3,0,http://www.wikidata.org/entity/Q2345030
TMVRJSVHL2BC,4,0,http://www.wikidata.org/entity/Q2328458
TMVRJSVHL2BC,5,0,http://www.wikidata.org/entity/Q2328061
TMVRJSVHL2BC,6,0,http://www.wikidata.org/entity/Q2311289
TMVRJSVHL2BC,7,0,http://www.wikidata.org/entity/Q2310838
TMVRJSVHL2BC,8,0,http://www.wikidata.org/entity/Q1981160
TMVRJSVHL2BC,9,0,http://www.wikidata.org/entity/Q1980000
TMVRJSVHL2BC,10,0,http://www.wikidata.org/entity/Q1966420
TMVRJSVHL2BC,11,0,http://www.wikidata.org/entity/Q1959776
TMVRJSVHL2BC,12,0,http://www.wikidata.org/entity/Q1951478
TMVRJSVHL2BC,13,0,http://www.wikidata.org/entity/Q1950851
4BKYGJYJZHZS,1,0,http://www.wikidata.org/entity/Q834157
4BKYGJYJZHZS,2,0,http://www.wikidata.org/entity/Q826771
4BKYGJYJZHZS,3,0,http://www.wikidata.org/entity/Q826366
4BKYGJYJZHZS,4,0,http://www.wikidata.org/entity/Q825644
4BKYGJYJZHZS,5,0,http://www.wikidata.org/entity/Q821118
4BKYGJYJZHZS,6,0,http://www.wikidata.org/entity/Q820201
4BKYGJYJZHZS,7,0,http://www.wikidata.org/entity/Q817806
4BKYGJYJZHZS,8,0,http://www.wikidata.org/entity/Q812997
4BKYGJYJZHZS,9,0,http://www.wikidata.org/entity/Q811672
4BKYGJYJZHZS,10,0,http://www.wikidata.org/entity/Q811310
4BKYGJYJZHZS,11,0,http://www.wikidata.org/entity/Q811253
4BKYGJYJZHZS,12,0,http://www.wikidata.org/entity/Q808393
4BKYGJYJZHZS,13,0,http://www.wikidata.org/entity/Q808245
89QN62CISX09,1,0,http://www.wikidata.org/entity/Q13755
89QN62CISX09,2,0,http://www.wikidata.org/entity/Q13875
1VNDVXAQ8IDM,1,0,http://www.wikidata.org/entity/Q13885
1VNDVXAQ8IDM,2,0,http://www.wikidata.org/entity/Q13723
2513OV4U320D,1,0,http://www.wikidata.org/entity/Q7393526
2513OV4U320D,2,0,http://www.wikidata.org/entity/Q7393455
KC2FKV56ZL5P,1,0,http://www.wikidata.org/entity/Q117079904
KC2FKV56ZL5P,2,0,http://www.wikidata.org/entity/Q117079902
KC2FKV56ZL5P,3,0,http://www.wikidata.org/entity/Q117079901
KC2FKV56ZL5P,4,0,http://www.wikidata.org/entity/Q117079900
KC2FKV56ZL5P,5,0,http://www.wikidata.org/entity/Q117079899
KC2FKV56ZL5P,6,0,http://www.wikidata.org/entity/Q117079898
KC2FKV56ZL5P,7,0,http://www.wikidata.org/entity/Q117079897
KC2FKV56ZL5P,8,0,http://www.wikidata.org/entity/Q117079896
KC2FKV56ZL5P,9,0,http://www.wikidata.org/entity/Q117079895
KC2FKV56ZL5P,10,0,http://www.wikidata.org/entity/Q117079894
KC2FKV56ZL5P,11,0,http://www.wikidata.org/entity/Q117079892
KC2FKV56ZL5P,12,0,http://www.wikidata.org/entity/Q117079891
KC2FKV56ZL5P,13,0,http://www.wikidata.org/entity/Q117079890
KC2FKV56ZL5P,14,0,http://www.wikidata.org/entity/Q117079889
VI3529XKR4LC,1,0,http://www.wikidata.org/entity/Q30094648
VI3529XKR4LC,2,0,http://www.wikidata.org/entity/Q123764635
VI3529XKR4LC,3,0,http://www.wikidata.org/entity/Q11880181
VI3529XKR4LC,4,0,http://www.wikidata.org/entity/Q12325474
VI3529XKR4LC,5,0,http://www.wikidata.org/entity/Q3734743
VI3529XKR4LC,6,0,http://www.wikidata.org/entity/Q116734664
VI3529XKR4LC,7,0,http://www.wikidata.org/entity/Q52295927
VI3529XKR4LC,8,0,http://www.wikidata.org/entity/Q97992348
VI3529XKR4LC,9,0,http://www.wikidata.org/entity/Q104529390
VI3529XKR4LC,10,0,http://www.wikidata.org/entity/Q6720173
TZCXEG8VEBHD,1,0,http://www.wikidata.org/entity/Q23643211
TZCXEG8VEBHD,2,0,http://www.wikidata.org/entity/Q23643091
TZCXEG8VEBHD,3,0,http://www.wikidata.org/entity/Q23643090
TZCXEG8VEBHD,4,0,http://www.wikidata.org/entity/Q23642862
TZCXEG8VEBHD,5,0,http://www.wikidata.org/entity/Q23642801
TZCXEG8VEBHD,6,0,http://www.wikidata.org/entity/Q23642780
TZCXEG8VEBHD,7,0,http://www.wikidata.org/entity/Q23642449
TZCXEG8VEBHD,8,0,http://www.wikidata.org/entity/Q23642448
TZCXEG8VEBHD,9,0,http://www.wikidata.org/entity/Q23642447
TZCXEG8VEBHD,10,0,http://www.wikidata.org/entity/Q23642446
TZCXEG8VEBHD,11,0,http://www.wikidata.org/entity/Q23642433
4IIUZ7N0SFT0,1,0,http://www.wikidata.org/entity/Q1400
4IIUZ7N0SFT0,2,0,http://www.wikidata.org/entity/Q99
4IIUZ7N0SFT0,3,0,http://www.wikidata.org/entity/Q173
4IIUZ7N0SFT0,4,0,http://www.wikidata.org/entity/Q1454
4IIUZ7N0SFT0,5,0,http://www.wikidata.org/entity/Q759
4IIUZ7N0SFT0,6,0,http://www.wikidata.org/entity/Q771
7CG9MYZ4J2EP,1,0,http://www.wikidata.org/entity/Q111192160
7CG9MYZ4J2EP,2,0,http://www.wikidata.org/entity/Q374799
7CG9MYZ4J2EP,3,0,http://www.wikidata.org/entity/Q1044070
7CG9MYZ4J2EP,4,0,http://www.wikidata.org/entity/Q7394380
344T6A1YXLU7,1,0,http://www.wikidata.org/entity/Q624954
344T6A1YXLU7,2,0,http://www.wikidata.org/entity/Q821224
344T6A1YXLU7,3,0,http://www.wikidata.org/entity/Q3010560
344T6A1YXLU7,4,0,http://www.wikidata.org/entity/Q11713507
344T6A1YXLU7,5,0,http://www.wikidata.org/entity/Q7394168
344T6A1YXLU7,6,0,http://www.wikidata.org/entity/Q4745147
344T6A1YXLU7,7,0,http://www.wikidata.org/entity/Q3014295
344T6A1YXLU7,8,0,http://www.wikidata.org/entity/Q747160
344T6A1YXLU7,9,0,http://www.wikidata.org/entity/Q3006977
344T6A1YXLU7,10,0,http://www.wikidata.org/entity/Q64104556
344T6A1YXLU7,11,0,http://www.wikidata.org/entity/Q3371294
344T6A1YXLU7,12,0,http://www.wikidata.org/entity/Q578581
344T6A1YXLU7,13,0,http://www.wikidata.org/entity/Q2403702
344T6A1YXLU7,14,0,http://www.wikidata.org/entity/Q7394483
344T6A1YXLU7,15,0,http://www.wikidata.org/entity/Q1457774
344T6A1YXLU7,16,0,http://www.wikidata.org/entity/Q2547392
344T6A1YXLU7,17,0,http://www.wikidata.org/entity/Q1687769
344T6A1YXLU7,18,0,http://www.wikidata.org/entity/Q7394396
HZG52C69YSFQ,1,0,http://www.wikidata.org/entity/Q2548827
HZG52C69YSFQ,2,0,http://www.wikidata.org/entity/Q1044053
DXP0OR5TWJBI,1,0,http://www.wikidata.org/entity/Q1193097
DXP0OR5TWJBI,2,0,http://www.wikidata.org/entity/Q49984
DXP0OR5TWJBI,3,0,http://www.wikidata.org/entity/Q13781
6MGEUYPYNMA4,1,0,http://www.wikidata.org/entity/Q380182
6MGEUYPYNMA4,2,0,http://www.wikidata.org/entity/Q242685
6MGEUYPYNMA4,3,0,http://www.wikidata.org/entity/Q159813
6MGEUYPYNMA4,4,0,http://www.wikidata.org/entity/Q2026559
6MGEUYPYNMA4,5,0,http://www.wikidata.org/entity/Q115515
6MGEUYPYNMA4,6,0,http://www.wikidata.org/entity/Q96834
6MGEUYPYNMA4,7,0,http://www.wikidata.org/entity/Q122924799
6MGEUYPYNMA4,8,0,http://www.wikidata.org/entity/Q73921
6MGEUYPYNMA4,9,0,http://www.wikidata.org/entity/Q234089
6MGEUYPYNMA4,10,0,http://www.wikidata.org/entity/Q128094
6MGEUYPYNMA4,11,0,http://www.wikidata.org/entity/Q209989
6MGEUYPYNMA4,12,0,http://www.wikidata.org/entity/Q110581
6MGEUYPYNMA4,13,0,http://www.wikidata.org/entity/Q172792
6MGEUYPYNMA4,14,0,http://www.wikidata.org/entity/Q11562262
6MGEUYPYNMA4,15,0,http://www.wikidata.org/entity/Q80938
6MGEUYPYNMA4,16,0,http://www.wikidata.org/entity/Q151269
6MGEUYPYNMA4,17,0,http://www.wikidata.org/entity/Q108118
6MGEUYPYNMA4,18,0,http://www.wikidata.org/entity/Q85156
6MGEUYPYNMA4,19,0,http://www.wikidata.org/entity/Q333701
6MGEUYPYNMA4,20,0,http://www.wikidata.org/entity/Q129831
6MGEUYPYNMA4,21,0,http://www.wikidata.org/entity/Q91825
6MGEUYPYNMA4,22,0,http://www.wikidata.org/entity/Q218532
GP9PF924H1YL,1,0,http://www.wikidata.org/entity/Q993538
GP9PF924H1YL,2,0,http://www.wikidata.org/entity/Q5495526
GP9PF924H1YL,3,0,http://www.wikidata.org/entity/Q87070
GP9PF924H1YL,4,0,http://www.wikidata.org/entity/Q115588
GP9PF924H1YL,5,0,http://www.wikidata.org/entity/Q498705
GP9PF924H1YL,6,0,http://www.wikidata.org/entity/Q378583
GP9PF924H1YL,7,0,http://www.wikidata.org/entity/Q2746782
GP9PF924H1YL,8,0,http://www.wikidata.org/entity/Q82397
GP9PF924H1YL,9,0,http://www.wikidata.org/entity/Q69388
GP9PF924H1YL,10,0,http://www.wikidata.org/entity/Q311972
GP9PF924H1YL,11,0,http://www.wikidata.org/entity/Q4934392
GP9PF924H1YL,12,0,http://www.wikidata.org/entity/Q3098607
GP9PF924H1YL,13,0,http://www.wikidata.org/entity/Q4932882
GP9PF924H1YL,14,0,http://www.wikidata.org/entity/Q968344
GP9PF924H1YL,15,0,http://www.wikidata.org/entity/Q3101656
GP9PF924H1YL,16,0,http://www.wikidata.org/entity/Q81328
GP9PF924H1YL,17,0,http://www.wikidata.org/entity/Q80128
GP9PF924H1YL,18,0,http://www.wikidata.org/entity/Q523505
GP9PF924H1YL,19,0,http://www.wikidata.org/entity/Q1358818
GP9PF924H1YL,20,0,http://www.wikidata.org/entity/Q3930837
5MWEZ3REBQ4U,1,0,http://www.wikidata.org/entity/Q15111140
5MWEZ3REBQ4U,2,0,http://www.wikidata.org/entity/Q1078411
3RZB2I729LV7,1,0,http://www.wikidata.org/entity/Q81282
3RZB2I729LV7,2,0,http://www.wikidata.org/entity/Q80318942
3RZB2I729LV7,3,0,http://www.wikidata.org/entity/Q28856521
3RZB2I729LV7,4,0,http://www.wikidata.org/entity/Q81907001
3RZB2I729LV7,5,0,http://www.wikidata.org/entity/Q3195373
3RZB2I729LV7,6,0,http://www.wikidata.org/entity/Q28855939
3RZB2I729LV7,7,0,http://www.wikidata.org/entity/Q28855966
3RZB2I729LV7,8,0,http://www.wikidata.org/entity/Q77851502
3RZB2I729LV7,9,0,http://www.wikidata.org/entity/Q78119840
3RZB2I729LV7,10,0,http://www.wikidata.org/entity/Q1079674
Y1KA2CPKJZOG,1,0,http://www.wikidata.org/entity/Q22283668
Y1KA2CPKJZOG,2,0,http://www.wikidata.org/entity/Q20967012
Y1KA2CPKJZOG,3,0,http://www.wikidata.org/entity/Q20747371
Y1KA2CPKJZOG,4,0,http://www.wikidata.org/entity/Q12952505
Y1KA2CPKJZOG,5,0,http://www.wikidata.org/entity/Q10963262
Y1KA2CPKJZOG,6,0,http://www.wikidata.org/entity/Q8050347
Y1KA2CPKJZOG,7,0,http://www.wikidata.org/entity/Q7682454
Y1KA2CPKJZOG,8,0,http://www.wikidata.org/entity/Q7110494
Y1KA2CPKJZOG,9,0,http://www.wikidata.org/entity/Q7036821
Y1KA2CPKJZOG,10,0,http://www.wikidata.org/entity/Q7022091
Y1KA2CPKJZOG,11,0,http://www.wikidata.org/entity/Q3913840
Y1KA2CPKJZOG,12,0,http://www.wikidata.org/entity/Q3433680
Y1KA2CPKJZOG,13,0,http://www.wikidata.org/entity/Q47625
Y1KA2CPKJZOG,14,0,http://www.wikidata.org/entity/Q42365
Y1KA2CPKJZOG,15,0,http://www.wikidata.org/entity/Q37012
Y1KA2CPKJZOG,16,0,http://www.wikidata.org/entity/Q36937
Y1KA2CPKJZOG,17,0,http://www.wikidata.org/entity/Q36795
Y1KA2CPKJZOG,18,0,http://www.wikidata.org/entity/Q36790
Y1KA2CPKJZOG,19,0,http://www.wikidata.org/entity/Q36741
Y1KA2CPKJZOG,20,0,http://www.wikidata.org/entity/Q36708
Y1KA2CPKJZOG,21,0,http://www.wikidata.org/entity/Q36491
Y1KA2CPKJZOG,22,0,http://www.wikidata.org/entity/Q36461
4YC7G5XTGNED,1,0,http://www.wikidata.org/entity/Q900753
4YC7G5XTGNED,2,0,http://www.wikidata.org/entity/Q847531
4YC7G5XTGNED,3,0,http://www.wikidata.org/entity/Q847373
4YC7G5XTGNED,4,0,http://www.wikidata.org/entity/Q825605
4YC7G5XTGNED,5,0,http://www.wikidata.org/entity/Q811484
4YC7G5XTGNED,6,0,http://www.wikidata.org/entity/Q789502
4YC7G5XTGNED,7,0,http://www.wikidata.org/entity/Q789500
4YC7G5XTGNED,8,0,http://www.wikidata.org/entity/Q789490
U2XH1SAO0QI1,1,0,http://www.wikidata.org/entity/Q23746456
U2XH1SAO0QI1,2,0,http://www.wikidata.org/entity/Q23743671
U2XH1SAO0QI1,3,0,http://www.wikidata.org/entity/Q23726679
U2XH1SAO0QI1,4,0,http://www.wikidata.org/entity/Q23726676
U2XH1SAO0QI1,5,0,http://www.wikidata.org/entity/Q23726641
U2XH1SAO0QI1,6,0,http://www.wikidata.org/entity/Q23726634
U2XH1SAO0QI1,7,0,http://www.wikidata.org/entity/Q23726074
U2XH1SAO0QI1,8,0,http://www.wikidata.org/entity/Q21053738
U2XH1SAO0QI1,9,0,http://www.wikidata.org/entity/Q4783434
2UZ2Z22D5PFT,1,0,http://www.wikidata.org/entity/Q890526
2UZ2Z22D5PFT,2,0,http://www.wikidata.org/entity/Q49911777
VGIPLTD9E6ZB,1,0,http://www.wikidata.org/entity/Q105643317
VGIPLTD9E6ZB,2,0,http://www.wikidata.org/entity/Q850447
QDW1ZYHT8USE,1,0,http://www.wikidata.org/entity/Q120730
QDW1ZYHT8USE,2,0,http://www.wikidata.org/entity/Q132936
1BA9KU84MLGS,1,0,http://www.wikidata.org/entity/Q4928866
1BA9KU84MLGS,2,0,http://www.wikidata.org/entity/Q953597
1BA9KU84MLGS,3,0,http://www.wikidata.org/entity/Q1534723
1BA9KU84MLGS,4,0,http://www.wikidata.org/entity/Q7512662
1BA9KU84MLGS,5,0,http://www.wikidata.org/entity/Q21968552
1BA9KU84MLGS,6,0,http://www.wikidata.org/entity/Q245680
1BA9KU84MLGS,7,0,http://www.wikidata.org/entity/Q10887951
1BA9KU84MLGS,8,0,http://www.wikidata.org/entity/Q11091925
1BA9KU84MLGS,9,0,http://www.wikidata.org/entity/Q5607133
1BA9KU84MLGS,10,0,http://www.wikidata.org/entity/Q2555844
1BA9KU84MLGS,11,0,http://www.wikidata.org/entity/Q2130896
1BA9KU84MLGS,12,0,http://www.wikidata.org/entity/Q11876652
1BA9KU84MLGS,13,0,http://www.wikidata.org/entity/Q1626060
1BA9KU84MLGS,14,0,http://www.wikidata.org/entity/Q3921770
1BA9KU84MLGS,15,0,http://www.wikidata.org/entity/Q1492009
1BA9KU84MLGS,16,0,http://www.wikidata.org/entity/Q1492018
1BA9KU84MLGS,17,0,http://www.wikidata.org/entity/Q2444033
1BA9KU84MLGS,18,0,http://www.wikidata.org/entity/Q11238174
1BA9KU84MLGS,19,0,http://www.wikidata.org/entity/Q2232745
1BA9KU84MLGS,20,0,http://www.wikidata.org/entity/Q22407653
1BA9KU84MLGS,21,0,http://www.wikidata.org/entity/Q22407633
1BA9KU84MLGS,22,0,http://www.wikidata.org/entity/Q3395318
1BA9KU84MLGS,23,0,http://www.wikidata.org/entity/Q12038419
1BA9KU84MLGS,24,0,http://www.wikidata.org/entity/Q6933867
1BA9KU84MLGS,25,0,http://www.wikidata.org/entity/Q4384726
PL88TXSAFT3Z,1,0,http://www.wikidata.org/entity/Q2921805
PL88TXSAFT3Z,2,0,http://www.wikidata.org/entity/Q2921816
PL88TXSAFT3Z,3,0,http://www.wikidata.org/entity/Q2922026
PL88TXSAFT3Z,4,0,http://www.wikidata.org/entity/Q2921981
PL88TXSAFT3Z,5,0,http://www.wikidata.org/entity/Q2921789
PL88TXSAFT3Z,6,0,http://www.wikidata.org/entity/Q2921854
PL88TXSAFT3Z,7,0,http://www.wikidata.org/entity/Q20742879
PL88TXSAFT3Z,8,0,http://www.wikidata.org/entity/Q124291091
PL88TXSAFT3Z,9,0,http://www.wikidata.org/entity/Q590441
PL88TXSAFT3Z,10,0,http://www.wikidata.org/entity/Q12085614
PL88TXSAFT3Z,11,0,http://www.wikidata.org/entity/Q2921976
PL88TXSAFT3Z,12,0,http://www.wikidata.org/entity/Q4949669
PL88TXSAFT3Z,13,0,http://www.wikidata.org/entity/Q109347089
PL88TXSAFT3Z,14,0,http://www.wikidata.org/entity/Q1027566
PL88TXSAFT3Z,15,0,http://www.wikidata.org/entity/Q28155101
PL88TXSAFT3Z,16,0,http://www.wikidata.org/entity/Q2921850
PL88TXSAFT3Z,17,0,http://www.wikidata.org/entity/Q2921864
PL88TXSAFT3Z,18,0,http://www.wikidata.org/entity/Q109414254
PL88TXSAFT3Z,19,0,http://www.wikidata.org/entity/Q564354
PL88TXSAFT3Z,20,0,http://www.wikidata.org/entity/Q4949641
PL88TXSAFT3Z,21,0,http://www.wikidata.org/entity/Q124986785
94S77B3VVWCX,1,0,http://www.wikidata.org/entity/Q6931194
94S77B3VVWCX,2,0,http://www.wikidata.org/entity/Q6918021
94S77B3VVWCX,3,0,http://www.wikidata.org/entity/Q6884431
94S77B3VVWCX,4,0,http://www.wikidata.org/entity/Q6880766
94S77B3VVWCX,5,0,http://www.wikidata.org/entity/Q6880751
94S77B3VVWCX,6,0,http://www.wikidata.org/entity/Q6875171
94S77B3VVWCX,7,0,http://www.wikidata.org/entity/Q6863075
94S77B3VVWCX,8,0,http://www.wikidata.org/entity/Q6850285
94S77B3VVWCX,9,0,http://www.wikidata.org/entity/Q6845747
94S77B3VVWCX,10,0,http://www.wikidata.org/entity/Q6842941
94S77B3VVWCX,11,0,http://www.wikidata.org/entity/Q6842925
94S77B3VVWCX,12,0,http://www.wikidata.org/entity/Q6827788
94S77B3VVWCX,13,0,http://www.wikidata.org/entity/Q6808127
ANM17AM1MQ8Z,1,0,http://www.wikidata.org/entity/Q4042695
ANM17AM1MQ8Z,2,0,http://www.wikidata.org/entity/Q110830479
ANM17AM1MQ8Z,3,0,http://www.wikidata.org/entity/Q55886806
ANM17AM1MQ8Z,4,0,http://www.wikidata.org/entity/Q4033407
ANM17AM1MQ8Z,5,0,http://www.wikidata.org/entity/Q114242403
IGKJRB824JTE,1,0,http://www.wikidata.org/entity/Q3448905
IGKJRB824JTE,2,0,http://www.wikidata.org/entity/Q3447336
IGKJRB824JTE,3,0,http://www.wikidata.org/entity/Q3104294
IGKJRB824JTE,4,0,http://www.wikidata.org/entity/Q1572958
IGKJRB824JTE,5,0,http://www.wikidata.org/entity/Q3449685
IGKJRB824JTE,6,0,http://www.wikidata.org/entity/Q3448851
IGKJRB824JTE,7,0,http://www.wikidata.org/entity/Q2188569
IGKJRB824JTE,8,0,http://www.wikidata.org/entity/Q3450025
IGKJRB824JTE,9,0,http://www.wikidata.org/entity/Q4381196
IGKJRB824JTE,10,0,http://www.wikidata.org/entity/Q1042622
IGKJRB824JTE,11,0,http://www.wikidata.org/entity/Q3447727
IGKJRB824JTE,12,0,http://www.wikidata.org/entity/Q3448942
IGKJRB824JTE,13,0,http://www.wikidata.org/entity/Q4350410
IGKJRB824JTE,14,0,http://www.wikidata.org/entity/Q4350409
IGKJRB824JTE,15,0,http://www.wikidata.org/entity/Q277081
IGKJRB824JTE,16,0,http://www.wikidata.org/entity/Q3451951
IGKJRB824JTE,17,0,http://www.wikidata.org/entity/Q3448028
IGKJRB824JTE,18,0,http://www.wikidata.org/entity/Q1005415
IGKJRB824JTE,19,0,http://www.wikidata.org/entity/Q436653
IGKJRB824JTE,20,0,http://www.wikidata.org/entity/Q806745
IGKJRB824JTE,21,0,http://www.wikidata.org/entity/Q3449870
EJ4LMILUSI59,1,0,http://www.wikidata.org/entity/Q41796334
EJ4LMILUSI59,2,0,http://www.wikidata.org/entity/Q107713655
EJ4LMILUSI59,3,0,http://www.wikidata.org/entity/Q21623517
EJ4LMILUSI59,4,0,http://www.wikidata.org/entity/Q3999103
EJ4LMILUSI59,5,0,http://www.wikidata.org/entity/Q3999110
EJ4LMILUSI59,6,0,http://www.wikidata.org/entity/Q47127315
EJ4LMILUSI59,7,0,http://www.wikidata.org/entity/Q121512229
EJ4LMILUSI59,8,0,http://www.wikidata.org/entity/Q121508278
4TYEIN37PA9T,1,0,http://www.wikidata.org/entity/Q7861248
4TYEIN37PA9T,2,0,http://www.wikidata.org/entity/Q105474700
4TYEIN37PA9T,3,0,http://www.wikidata.org/entity/Q7845962
2VRGVHVRP54F,1,0,http://www.wikidata.org/entity/Q110232472
2VRGVHVRP54F,2,0,http://www.wikidata.org/entity/Q1377685
2VRGVHVRP54F,3,0,http://www.wikidata.org/entity/Q5564441
2VRGVHVRP54F,4,0,http://www.wikidata.org/entity/Q11856239
2VRGVHVRP54F,5,0,http://www.wikidata.org/entity/Q1082969
2VRGVHVRP54F,6,0,http://www.wikidata.org/entity/Q6948856
2VRGVHVRP54F,7,0,http://www.wikidata.org/entity/Q20037103
MRCQRP247VKN,1,0,http://www.wikidata.org/entity/Q63381777
MRCQRP247VKN,2,0,http://www.wikidata.org/entity/Q28797101
F33JCKOGFAR4,1,0,http://www.wikidata.org/entity/Q1286144
F33JCKOGFAR4,2,0,http://www.wikidata.org/entity/Q8217067
SX34MF585IZF,1,0,http://www.wikidata.org/entity/Q7417151
SX34MF585IZF,2,0,http://www.wikidata.org/entity/Q7403460
SX34MF585IZF,3,0,http://www.wikidata.org/entity/Q7402003
SX34MF585IZF,4,0,http://www.wikidata.org/entity/Q7395856
SX34MF585IZF,5,0,http://www.wikidata.org/entity/Q7206211
SX34MF585IZF,6,0,http://www.wikidata.org/entity/Q7140469
SX34MF585IZF,7,0,http://www.wikidata.org/entity/Q6745461
SX34MF585IZF,8,0,http://www.wikidata.org/entity/Q107406993
SX34MF585IZF,9,0,http://www.wikidata.org/entity/Q106227665
SX34MF585IZF,10,0,http://www.wikidata.org/entity/Q102451616
SX34MF585IZF,11,0,http://www.wikidata.org/entity/Q102446300
SX34MF585IZF,12,0,http://www.wikidata.org/entity/Q98389450
SX34MF585IZF,13,0,http://www.wikidata.org/entity/Q97712058
TPCV6EZ0AKU4,1,0,http://www.wikidata.org/entity/Q263016
TPCV6EZ0AKU4,2,0,http://www.wikidata.org/entity/Q7005306
NKWAOQ54EDJP,1,0,http://www.wikidata.org/entity/Q64754226
NKWAOQ54EDJP,2,0,http://www.wikidata.org/entity/Q4793000
NKWAOQ54EDJP,3,0,http://www.wikidata.org/entity/Q11923267
NKWAOQ54EDJP,4,0,http://www.wikidata.org/entity/Q11926700
NKWAOQ54EDJP,5,0,http://www.wikidata.org/entity/Q17605222
NKWAOQ54EDJP,6,0,http://www.wikidata.org/entity/Q319347
NKWAOQ54EDJP,7,0,http://www.wikidata.org/entity/Q5871521
NKWAOQ54EDJP,8,0,http://www.wikidata.org/entity/Q45131240
NKWAOQ54EDJP,9,0,http://www.wikidata.org/entity/Q45136622
NKWAOQ54EDJP,10,0,http://www.wikidata.org/entity/Q18641892
NKWAOQ54EDJP,11,0,http://www.wikidata.org/entity/Q2348925
NKWAOQ54EDJP,12,0,http://www.wikidata.org/entity/Q45137430
NKWAOQ54EDJP,13,0,http://www.wikidata.org/entity/Q45135856
NKWAOQ54EDJP,14,0,http://www.wikidata.org/entity/Q19963328
EUPWDFLNH3Y3,1,0,http://www.wikidata.org/entity/Q3397064
EUPWDFLNH3Y3,2,0,http://www.wikidata.org/entity/Q5594819
EUPWDFLNH3Y3,3,0,http://www.wikidata.org/entity/Q118113195
EUPWDFLNH3Y3,4,0,http://www.wikidata.org/entity/Q4976678
EUPWDFLNH3Y3,5,0,http://www.wikidata.org/entity/Q11982647
EUPWDFLNH3Y3,6,0,http://www.wikidata.org/entity/Q15056403
EUPWDFLNH3Y3,7,0,http://www.wikidata.org/entity/Q7433089
EUPWDFLNH3Y3,8,0,http://www.wikidata.org/entity/Q5396166
EUPWDFLNH3Y3,9,0,http://www.wikidata.org/entity/Q4348958
EUPWDFLNH3Y3,10,0,http://www.wikidata.org/entity/Q4667251
EUPWDFLNH3Y3,11,0,http://www.wikidata.org/entity/Q7966560
EUPWDFLNH3Y3,12,0,http://www.wikidata.org/entity/Q98398942
EUPWDFLNH3Y3,13,0,http://www.wikidata.org/entity/Q797207
EUPWDFLNH3Y3,14,0,http://www.wikidata.org/entity/Q73408899
EUPWDFLNH3Y3,15,0,http://www.wikidata.org/entity/Q3396762
KHY0D7VOS9WY,1,0,http://www.wikidata.org/entity/Q1911839
KHY0D7VOS9WY,2,0,http://www.wikidata.org/entity/Q125055852
KHY0D7VOS9WY,3,0,http://www.wikidata.org/entity/Q1740293
KHY0D7VOS9WY,4,0,http://www.wikidata.org/entity/Q3556703
KHY0D7VOS9WY,5,0,http://www.wikidata.org/entity/Q16269627
KHY0D7VOS9WY,6,0,http://www.wikidata.org/entity/Q1438750
KHY0D7VOS9WY,7,0,http://www.wikidata.org/entity/Q6693879
KHY0D7VOS9WY,8,0,http://www.wikidata.org/entity/Q3043471
KHY0D7VOS9WY,9,0,http://www.wikidata.org/entity/Q4905727
KHY0D7VOS9WY,10,0,http://www.wikidata.org/entity/Q55604224
KHY0D7VOS9WY,11,0,http://www.wikidata.org/entity/Q4696835
KHY0D7VOS9WY,12,0,http://www.wikidata.org/entity/Q2501342
KHY0D7VOS9WY,13,0,http://www.wikidata.org/entity/Q1473611
KHY0D7VOS9WY,14,0,http://www.wikidata.org/entity/Q5471576
KHY0D7VOS9WY,15,0,http://www.wikidata.org/entity/Q17847729
QY5UP6DH5GM5,1,0,http://www.wikidata.org/entity/Q5639817
QY5UP6DH5GM5,2,0,http://www.wikidata.org/entity/Q22806743
QY5UP6DH5GM5,3,0,http://www.wikidata.org/entity/Q54828092
QY5UP6DH5GM5,4,0,http://www.wikidata.org/entity/Q22674965
QY5UP6DH5GM5,5,0,http://www.wikidata.org/entity/Q22678642
QY5UP6DH5GM5,6,0,http://www.wikidata.org/entity/Q22771884
QY5UP6DH5GM5,7,0,http://www.wikidata.org/entity/Q22771818
QY5UP6DH5GM5,8,0,http://www.wikidata.org/entity/Q22674929
M9Y98S2DSF2Y,1,0,http://www.wikidata.org/entity/Q15647132
M9Y98S2DSF2Y,2,0,http://www.wikidata.org/entity/Q12751796
Y58Y82MCNCG2,1,0,http://www.wikidata.org/entity/Q606763
Y58Y82MCNCG2,2,0,http://www.wikidata.org/entity/Q9141
Y4TAD25FML6Z,1,0,http://www.wikidata.org/entity/Q1157367
Y4TAD25FML6Z,2,0,http://www.wikidata.org/entity/Q1157366
Y4TAD25FML6Z,3,0,http://www.wikidata.org/entity/Q998567
Y4TAD25FML6Z,4,0,http://www.wikidata.org/entity/Q976018
Y4TAD25FML6Z,5,0,http://www.wikidata.org/entity/Q958841
Y4TAD25FML6Z,6,0,http://www.wikidata.org/entity/Q931254
Y4TAD25FML6Z,7,0,http://www.wikidata.org/entity/Q926251
Y4TAD25FML6Z,8,0,http://www.wikidata.org/entity/Q906259
Y4TAD25FML6Z,9,0,http://www.wikidata.org/entity/Q14524042
Y4TAD25FML6Z,10,0,http://www.wikidata.org/entity/Q13580440
Y4TAD25FML6Z,11,0,http://www.wikidata.org/entity/Q13217603
2X5XLN47NQFA,1,0,http://www.wikidata.org/entity/Q84851061
2X5XLN47NQFA,2,0,http://www.wikidata.org/entity/Q83751476
2X5XLN47NQFA,3,0,http://www.wikidata.org/entity/Q85702668
2X5XLN47NQFA,4,0,http://www.wikidata.org/entity/Q77388435
2X5XLN47NQFA,5,0,http://www.wikidata.org/entity/Q89874786
2X5XLN47NQFA,6,0,http://www.wikidata.org/entity/Q80614071
2X5XLN47NQFA,7,0,http://www.wikidata.org/entity/Q90133242
2X5XLN47NQFA,8,0,http://www.wikidata.org/entity/Q89752215
2X5XLN47NQFA,9,0,http://www.wikidata.org/entity/Q86988523
2X5XLN47NQFA,10,0,http://www.wikidata.org/entity/Q1108639
2X5XLN47NQFA,11,0,http://www.wikidata.org/entity/Q74923042
2X5XLN47NQFA,12,0,http://www.wikidata.org/entity/Q4636237
2X5XLN47NQFA,13,0,http://www.wikidata.org/entity/Q78397947
ND9ZCC0SKKQ1,1,0,http://www.wikidata.org/entity/Q112163897
ND9ZCC0SKKQ1,2,0,http://www.wikidata.org/entity/Q111649638
B39NDIVK2Z30,1,0,http://www.wikidata.org/entity/Q108893174
B39NDIVK2Z30,2,0,http://www.wikidata.org/entity/Q104093377
B39NDIVK2Z30,3,0,http://www.wikidata.org/entity/Q103817206
B39NDIVK2Z30,4,0,http://www.wikidata.org/entity/Q49303621
B39NDIVK2Z30,5,0,http://www.wikidata.org/entity/Q49238348
B39NDIVK2Z30,6,0,http://www.wikidata.org/entity/Q49210741
B39NDIVK2Z30,7,0,http://www.wikidata.org/entity/Q49210688
B39NDIVK2Z30,8,0,http://www.wikidata.org/entity/Q49210656
B39NDIVK2Z30,9,0,http://www.wikidata.org/entity/Q49209937
B39NDIVK2Z30,10,0,http://www.wikidata.org/entity/Q49207959
B39NDIVK2Z30,11,0,http://www.wikidata.org/entity/Q49199567
B39NDIVK2Z30,12,0,http://www.wikidata.org/entity/Q115921760
B39NDIVK2Z30,13,0,http://www.wikidata.org/entity/Q114238950
B39NDIVK2Z30,14,0,http://www.wikidata.org/entity/Q49183044
B39NDIVK2Z30,15,0,http://www.wikidata.org/entity/Q49181627
1WHCF734J714,1,0,http://www.wikidata.org/entity/Q13860556
1WHCF734J714,2,0,http://www.wikidata.org/entity/Q415178
HQPDNI8H0W60,1,0,http://www.wikidata.org/entity/Q117396765
HQPDNI8H0W60,2,0,http://www.wikidata.org/entity/Q117396800
HQPDNI8H0W60,3,0,http://www.wikidata.org/entity/Q84824075
HQPDNI8H0W60,4,0,http://www.wikidata.org/entity/Q28192927
HQPDNI8H0W60,5,0,http://www.wikidata.org/entity/Q117535799
HQPDNI8H0W60,6,0,http://www.wikidata.org/entity/Q1088425
HQPDNI8H0W60,7,0,http://www.wikidata.org/entity/Q63341269
HQPDNI8H0W60,8,0,http://www.wikidata.org/entity/Q107658203
HQPDNI8H0W60,9,0,http://www.wikidata.org/entity/Q123824807
HQPDNI8H0W60,10,0,http://www.wikidata.org/entity/Q97958545
HQPDNI8H0W60,11,0,http://www.wikidata.org/entity/Q87321652
HQPDNI8H0W60,12,0,http://www.wikidata.org/entity/Q62129838
HQPDNI8H0W60,13,0,http://www.wikidata.org/entity/Q117424280
HQPDNI8H0W60,14,0,http://www.wikidata.org/entity/Q99905996
XNZ3QQRI7J4T,1,0,http://www.wikidata.org/entity/Q87412225
XNZ3QQRI7J4T,2,0,http://www.wikidata.org/entity/Q117424330
XNZ3QQRI7J4T,3,0,http://www.wikidata.org/entity/Q56876024
XNZ3QQRI7J4T,4,0,http://www.wikidata.org/entity/Q117424518
XNZ3QQRI7J4T,5,0,http://www.wikidata.org/entity/Q63226332
XNZ3QQRI7J4T,6,0,http://www.wikidata.org/entity/Q115608743
XNZ3QQRI7J4T,7,0,http://www.wikidata.org/entity/Q117233397
XNZ3QQRI7J4T,8,0,http://www.wikidata.org/entity/Q106452982
XNZ3QQRI7J4T,9,0,http://www.wikidata.org/entity/Q62384255
XNZ3QQRI7J4T,10,0,http://www.wikidata.org/entity/Q20668010
XNZ3QQRI7J4T,11,0,http://www.wikidata.org/entity/Q97767477
XNZ3QQRI7J4T,12,0,http://www.wikidata.org/entity/Q88009831
XNZ3QQRI7J4T,13,0,http://www.wikidata.org/entity/Q56193810
XNZ3QQRI7J4T,14,0,http://www.wikidata.org/entity/Q65682268
XNZ3QQRI7J4T,15,0,http://www.wikidata.org/entity/Q117396864
XNZ3QQRI7J4T,16,0,http://www.wikidata.org/entity/Q66363662
XNZ3QQRI7J4T,17,0,http://www.wikidata.org/entity/Q106689683
XNZ3QQRI7J4T,18,0,http://www.wikidata.org/entity/Q106689694
XNZ3QQRI7J4T,19,0,http://www.wikidata.org/entity/Q58004950
XNZ3QQRI7J4T,20,0,http://www.wikidata.org/entity/Q117396798
Q6WH7AVGHT0U,1,0,http://www.wikidata.org/entity/Q144002
Q6WH7AVGHT0U,2,0,http://www.wikidata.org/entity/Q855635
UA5Y8M5QC52T,1,0,http://www.wikidata.org/entity/Q1103665
UA5Y8M5QC52T,2,0,http://www.wikidata.org/entity/Q1175074
HKJ5U5K97T1X,1,0,http://www.wikidata.org/entity/Q34711817
HKJ5U5K97T1X,2,0,http://www.wikidata.org/entity/Q21713688
HKJ5U5K97T1X,3,0,http://www.wikidata.org/entity/Q7801318
HKJ5U5K97T1X,4,0,http://www.wikidata.org/entity/Q34670504
HKJ5U5K97T1X,5,0,http://www.wikidata.org/entity/Q849879
HKJ5U5K97T1X,6,0,http://www.wikidata.org/entity/Q20670541
HKJ5U5K97T1X,7,0,http://www.wikidata.org/entity/Q996129
TIW4X3YUH84C,1,0,http://www.wikidata.org/entity/Q23830874
TIW4X3YUH84C,2,0,http://www.wikidata.org/entity/Q7217942
TIW4X3YUH84C,3,0,http://www.wikidata.org/entity/Q23831811
TIW4X3YUH84C,4,0,http://www.wikidata.org/entity/Q23835101
TIW4X3YUH84C,5,0,http://www.wikidata.org/entity/Q23837781
V9UTAA0X8PCB,1,0,http://www.wikidata.org/entity/Q3895222
V9UTAA0X8PCB,2,0,http://www.wikidata.org/entity/Q2007652
DTF9K4EQPNRI,1,0,http://www.wikidata.org/entity/Q61021570
DTF9K4EQPNRI,2,0,http://www.wikidata.org/entity/Q61021569
DTF9K4EQPNRI,3,0,http://www.wikidata.org/entity/Q61196852
DTF9K4EQPNRI,4,0,http://www.wikidata.org/entity/Q61196848
DTF9K4EQPNRI,5,0,http://www.wikidata.org/entity/Q61196846
DTF9K4EQPNRI,6,0,http://www.wikidata.org/entity/Q61196845
DTF9K4EQPNRI,7,0,http://www.wikidata.org/entity/Q61196843
DTF9K4EQPNRI,8,0,http://www.wikidata.org/entity/Q61196840
DTF9K4EQPNRI,9,0,http://www.wikidata.org/entity/Q61196839
DTF9K4EQPNRI,10,0,http://www.wikidata.org/entity/Q61196836
DTF9K4EQPNRI,11,0,http://www.wikidata.org/entity/Q61196833
DTF9K4EQPNRI,12,0,http://www.wikidata.org/entity/Q61196831
DTF9K4EQPNRI,13,0,http://www.wikidata.org/entity/Q61196827
DTF9K4EQPNRI,14,0,http://www.wikidata.org/entity/Q61196826
DTF9K4EQPNRI,15,0,http://www.wikidata.org/entity/Q61196825
DTF9K4EQPNRI,16,0,http://www.wikidata.org/entity/Q61196824
DTF9K4EQPNRI,17,0,http://www.wikidata.org/entity/Q61196822
DTF9K4EQPNRI,18,0,http://www.wikidata.org/entity/Q61196821
5JZRBJ88U9W1,1,0,http://www.wikidata.org/entity/Q59605293
5JZRBJ88U9W1,2,0,http://www.wikidata.org/entity/Q59605291
5JZRBJ88U9W1,3,0,http://www.wikidata.org/entity/Q59605290
5JZRBJ88U9W1,4,0,http://www.wikidata.org/entity/Q59605286
5JZRBJ88U9W1,5,0,http://www.wikidata.org/entity/Q59605285
5JZRBJ88U9W1,6,0,http://www.wikidata.org/entity/Q59605281
5JZRBJ88U9W1,7,0,http://www.wikidata.org/entity/Q59605278
5JZRBJ88U9W1,8,0,http://www.wikidata.org/entity/Q59605276
5JZRBJ88U9W1,9,0,http://www.wikidata.org/entity/Q117423834
5JZRBJ88U9W1,10,0,http://www.wikidata.org/entity/Q117423833
5JZRBJ88U9W1,11,0,http://www.wikidata.org/entity/Q117423832
5JZRBJ88U9W1,12,0,http://www.wikidata.org/entity/Q117423831
5JZRBJ88U9W1,13,0,http://www.wikidata.org/entity/Q117423830
5JZRBJ88U9W1,14,0,http://www.wikidata.org/entity/Q117423829
5JZRBJ88U9W1,15,0,http://www.wikidata.org/entity/Q117423828
4H0EM90OXTEQ,1,0,http://www.wikidata.org/entity/Q116281739
4H0EM90OXTEQ,2,0,http://www.wikidata.org/entity/Q116280955
4H0EM90OXTEQ,3,0,http://www.wikidata.org/entity/Q116280165
4H0EM90OXTEQ,4,0,http://www.wikidata.org/entity/Q102976485
4H0EM90OXTEQ,5,0,http://www.wikidata.org/entity/Q103311890
4H0EM90OXTEQ,6,0,http://www.wikidata.org/entity/Q104033111
4H0EM90OXTEQ,7,0,http://www.wikidata.org/entity/Q104033112
4H0EM90OXTEQ,8,0,http://www.wikidata.org/entity/Q116401234
4H0EM90OXTEQ,9,0,http://www.wikidata.org/entity/Q116400811
JCLXWZO142CX,1,0,http://www.wikidata.org/entity/Q1194932
JCLXWZO142CX,2,0,http://www.wikidata.org/entity/Q1041263
TQP79HKBGMZS,1,0,http://www.wikidata.org/entity/Q4074152
TQP79HKBGMZS,2,0,http://www.wikidata.org/entity/Q196786
TQP79HKBGMZS,3,0,http://www.wikidata.org/entity/Q1663366
GA4M2IBQT5AO,1,0,http://www.wikidata.org/entity/Q15727512
GA4M2IBQT5AO,2,0,http://www.wikidata.org/entity/Q478813
8FZS2KIHNXBG,1,0,http://www.wikidata.org/entity/Q5219478
8FZS2KIHNXBG,2,0,http://www.wikidata.org/entity/Q5762218
GR7RPCYLLT2O,1,0,http://www.wikidata.org/entity/Q16620491
GR7RPCYLLT2O,2,0,http://www.wikidata.org/entity/Q16620489
GR7RPCYLLT2O,3,0,http://www.wikidata.org/entity/Q16620486
GR7RPCYLLT2O,4,0,http://www.wikidata.org/entity/Q16620473
GR7RPCYLLT2O,5,0,http://www.wikidata.org/entity/Q5010398
GR7RPCYLLT2O,6,0,http://www.wikidata.org/entity/Q4009138
WJEKPAEGS38I,1,0,http://www.wikidata.org/entity/Q1800443
WJEKPAEGS38I,2,0,http://www.wikidata.org/entity/Q1800480
WJEKPAEGS38I,3,0,http://www.wikidata.org/entity/Q31450658
WJEKPAEGS38I,4,0,http://www.wikidata.org/entity/Q4284
WJEKPAEGS38I,5,0,http://www.wikidata.org/entity/Q5328765
WJEKPAEGS38I,6,0,http://www.wikidata.org/entity/Q20988477
WJEKPAEGS38I,7,0,http://www.wikidata.org/entity/Q1332881
WJEKPAEGS38I,8,0,http://www.wikidata.org/entity/Q11489343
WJEKPAEGS38I,9,0,http://www.wikidata.org/entity/Q549267
WJEKPAEGS38I,10,0,http://www.wikidata.org/entity/Q1800857
WJEKPAEGS38I,11,0,http://www.wikidata.org/entity/Q714023
WJEKPAEGS38I,12,0,http://www.wikidata.org/entity/Q11437111
WJEKPAEGS38I,13,0,http://www.wikidata.org/entity/Q1800446
WJEKPAEGS38I,14,0,http://www.wikidata.org/entity/Q1800448
WJEKPAEGS38I,15,0,http://www.wikidata.org/entity/Q1800454
JJV0SSDRM4D6,1,0,http://www.wikidata.org/entity/Q3976898
JJV0SSDRM4D6,2,0,http://www.wikidata.org/entity/Q1003771
JJV0SSDRM4D6,3,0,http://www.wikidata.org/entity/Q1027956
JJV0SSDRM4D6,4,0,http://www.wikidata.org/entity/Q3837953
JJV0SSDRM4D6,5,0,http://www.wikidata.org/entity/Q967726
JJV0SSDRM4D6,6,0,http://www.wikidata.org/entity/Q2944849
JJV0SSDRM4D6,7,0,http://www.wikidata.org/entity/Q1621369
JJV0SSDRM4D6,8,0,http://www.wikidata.org/entity/Q2351321
JJV0SSDRM4D6,9,0,http://www.wikidata.org/entity/Q1621362
JJV0SSDRM4D6,10,0,http://www.wikidata.org/entity/Q591126
H2QIXXYHRW8L,1,0,http://www.wikidata.org/entity/Q20502242
H2QIXXYHRW8L,2,0,http://www.wikidata.org/entity/Q179503
ZSNYKB1CTVQM,1,0,http://www.wikidata.org/entity/Q608289
ZSNYKB1CTVQM,2,0,http://www.wikidata.org/entity/Q309202
SXNXYT9E2IAC,1,0,http://www.wikidata.org/entity/Q116696944
SXNXYT9E2IAC,2,0,http://www.wikidata.org/entity/Q116696493
SXNXYT9E2IAC,3,0,http://www.wikidata.org/entity/Q116696755
SXNXYT9E2IAC,4,0,http://www.wikidata.org/entity/Q116696531
SXNXYT9E2IAC,5,0,http://www.wikidata.org/entity/Q116697068
SXNXYT9E2IAC,6,0,http://www.wikidata.org/entity/Q116697397
SXNXYT9E2IAC,7,0,http://www.wikidata.org/entity/Q116714937
SXNXYT9E2IAC,8,0,http://www.wikidata.org/entity/Q116697209
SXNXYT9E2IAC,9,0,http://www.wikidata.org/entity/Q116697044
SXNXYT9E2IAC,10,0,http://www.wikidata.org/entity/Q116697320
SXNXYT9E2IAC,11,0,http://www.wikidata.org/entity/Q116697190
SXNXYT9E2IAC,12,0,http://www.wikidata.org/entity/Q116722671
SXNXYT9E2IAC,13,0,http://www.wikidata.org/entity/Q116721159
SXNXYT9E2IAC,14,0,http://www.wikidata.org/entity/Q116697091
SXNXYT9E2IAC,15,0,http://www.wikidata.org/entity/Q116697353
SXNXYT9E2IAC,16,0,http://www.wikidata.org/entity/Q116711863
SXNXYT9E2IAC,17,0,http://www.wikidata.org/entity/Q116696883
SXNXYT9E2IAC,18,0,http://www.wikidata.org/entity/Q19381656
SXNXYT9E2IAC,19,0,http://www.wikidata.org/entity/Q116697497
SXNXYT9E2IAC,20,0,http://www.wikidata.org/entity/Q7826695
SXNXYT9E2IAC,21,0,http://www.wikidata.org/entity/Q11992628
SXNXYT9E2IAC,22,0,http://www.wikidata.org/entity/Q11992630
SXNXYT9E2IAC,23,0,http://www.wikidata.org/entity/Q116712111
SXNXYT9E2IAC,24,0,http://www.wikidata.org/entity/Q116725189
THI6QHI471AU,1,0,http://www.wikidata.org/entity/Q104098316
THI6QHI471AU,2,0,http://www.wikidata.org/entity/Q39086912
THI6QHI471AU,3,0,http://www.wikidata.org/entity/Q7875683
THI6QHI471AU,4,0,http://www.wikidata.org/entity/Q117062560
THI6QHI471AU,5,0,http://www.wikidata.org/entity/Q84254322
THI6QHI471AU,6,0,http://www.wikidata.org/entity/Q65245931
THI6QHI471AU,7,0,http://www.wikidata.org/entity/Q122898597
THI6QHI471AU,8,0,http://www.wikidata.org/entity/Q119758645
THI6QHI471AU,9,0,http://www.wikidata.org/entity/Q52380914
GUFDMM6ML0S8,1,0,http://www.wikidata.org/entity/Q3235137
GUFDMM6ML0S8,2,0,http://www.wikidata.org/entity/Q3234360
GUFDMM6ML0S8,3,0,http://www.wikidata.org/entity/Q3209243
GUFDMM6ML0S8,4,0,http://www.wikidata.org/entity/Q3201352
KN4GG28GT0UP,1,0,http://www.wikidata.org/entity/Q12160067
KN4GG28GT0UP,2,0,http://www.wikidata.org/entity/Q5065009
KN4GG28GT0UP,3,0,http://www.wikidata.org/entity/Q5064482
KN4GG28GT0UP,4,0,http://www.wikidata.org/entity/Q5053501
KN4GG28GT0UP,5,0,http://www.wikidata.org/entity/Q12725204
2VTQBIWDYIML,1,0,http://www.wikidata.org/entity/Q260089
2VTQBIWDYIML,2,0,http://www.wikidata.org/entity/Q696264
2VTQBIWDYIML,3,0,http://www.wikidata.org/entity/Q693939
2VTQBIWDYIML,4,0,http://www.wikidata.org/entity/Q696340
2VTQBIWDYIML,5,0,http://www.wikidata.org/entity/Q526021
2VTQBIWDYIML,6,0,http://www.wikidata.org/entity/Q665512
2VTQBIWDYIML,7,0,http://www.wikidata.org/entity/Q256906
2VTQBIWDYIML,8,0,http://www.wikidata.org/entity/Q662256
2VTQBIWDYIML,9,0,http://www.wikidata.org/entity/Q696161
2VTQBIWDYIML,10,0,http://www.wikidata.org/entity/Q689376
2VTQBIWDYIML,11,0,http://www.wikidata.org/entity/Q429034
YU9T4WLBK1M0,1,0,http://www.wikidata.org/entity/Q2105600
YU9T4WLBK1M0,2,0,http://www.wikidata.org/entity/Q1406414
4MF1PCZL4MD7,1,0,http://www.wikidata.org/entity/Q56221678
4MF1PCZL4MD7,2,0,http://www.wikidata.org/entity/Q55753213
4MF1PCZL4MD7,3,0,http://www.wikidata.org/entity/Q24360130
4MF1PCZL4MD7,4,0,http://www.wikidata.org/entity/Q24250041
4MF1PCZL4MD7,5,0,http://www.wikidata.org/entity/Q22694326
4MF1PCZL4MD7,6,0,http://www.wikidata.org/entity/Q19865467
4MF1PCZL4MD7,7,0,http://www.wikidata.org/entity/Q18167164
4MF1PCZL4MD7,8,0,http://www.wikidata.org/entity/Q16894049
4MF1PCZL4MD7,9,0,http://www.wikidata.org/entity/Q6269792
4MF1PCZL4MD7,10,0,http://www.wikidata.org/entity/Q6027425
4MF1PCZL4MD7,11,0,http://www.wikidata.org/entity/Q5558325
4MF1PCZL4MD7,12,0,http://www.wikidata.org/entity/Q5477386
4MF1PCZL4MD7,13,0,http://www.wikidata.org/entity/Q5377573
4MF1PCZL4MD7,14,0,http://www.wikidata.org/entity/Q5185837
4MF1PCZL4MD7,15,0,http://www.wikidata.org/entity/Q5101196
4MF1PCZL4MD7,16,0,http://www.wikidata.org/entity/Q5054858
4MF1PCZL4MD7,17,0,http://www.wikidata.org/entity/Q5019434
4MF1PCZL4MD7,18,0,http://www.wikidata.org/entity/Q4998335
4MF1PCZL4MD7,19,0,http://www.wikidata.org/entity/Q4960132
4MF1PCZL4MD7,20,0,http://www.wikidata.org/entity/Q4931028
TZHW2HB79UES,1,0,http://www.wikidata.org/entity/Q489381
TZHW2HB79UES,2,0,http://www.wikidata.org/entity/Q488786
TZHW2HB79UES,3,0,http://www.wikidata.org/entity/Q488336
TZHW2HB79UES,4,0,http://www.wikidata.org/entity/Q488313
T5QU0KTC401R,1,0,http://www.wikidata.org/entity/Q527446
T5QU0KTC401R,2,0,http://www.wikidata.org/entity/Q524069
0DT9ZIS4RTWL,1,0,http://www.wikidata.org/entity/Q18845400
0DT9ZIS4RTWL,2,0,http://www.wikidata.org/entity/Q18845403
CTH5PUX8NS7W,1,0,http://www.wikidata.org/entity/Q65220592
CTH5PUX8NS7W,2,0,http://www.wikidata.org/entity/Q461878
CTH5PUX8NS7W,3,0,http://www.wikidata.org/entity/Q123408364
CTH5PUX8NS7W,4,0,http://www.wikidata.org/entity/Q1342720
CTH5PUX8NS7W,5,0,http://www.wikidata.org/entity/Q1757607
CTH5PUX8NS7W,6,0,http://www.wikidata.org/entity/Q193490
CTH5PUX8NS7W,7,0,http://www.wikidata.org/entity/Q1057857
CTH5PUX8NS7W,8,0,http://www.wikidata.org/entity/Q847362
CTH5PUX8NS7W,9,0,http://www.wikidata.org/entity/Q928076
CTH5PUX8NS7W,10,0,http://www.wikidata.org/entity/Q249919
CTH5PUX8NS7W,11,0,http://www.wikidata.org/entity/Q1444665
CTH5PUX8NS7W,12,0,http://www.wikidata.org/entity/Q1044496
CTH5PUX8NS7W,13,0,http://www.wikidata.org/entity/Q745580
CTH5PUX8NS7W,14,0,http://www.wikidata.org/entity/Q124480462
CTH5PUX8NS7W,15,0,http://www.wikidata.org/entity/Q124388713
CTH5PUX8NS7W,16,0,http://www.wikidata.org/entity/Q12020061
CTH5PUX8NS7W,17,0,http://www.wikidata.org/entity/Q1070210
CTH5PUX8NS7W,18,0,http://www.wikidata.org/entity/Q937759
BE3F958J02HS,1,0,http://www.wikidata.org/entity/Q696133
BE3F958J02HS,2,0,http://www.wikidata.org/entity/Q388879
BE3F958J02HS,3,0,http://www.wikidata.org/entity/Q329633
BE3F958J02HS,4,0,http://www.wikidata.org/entity/Q146656
BE3F958J02HS,5,0,http://www.wikidata.org/entity/Q159838
BE3F958J02HS,6,0,http://www.wikidata.org/entity/Q943502
BE3F958J02HS,7,0,http://www.wikidata.org/entity/Q492453
BE3F958J02HS,8,0,http://www.wikidata.org/entity/Q917591
BE3F958J02HS,9,0,http://www.wikidata.org/entity/Q190113
BE3F958J02HS,10,0,http://www.wikidata.org/entity/Q95136
BE3F958J02HS,11,0,http://www.wikidata.org/entity/Q711292
BE3F958J02HS,12,0,http://www.wikidata.org/entity/Q737077
BE3F958J02HS,13,0,http://www.wikidata.org/entity/Q177133
BE3F958J02HS,14,0,http://www.wikidata.org/entity/Q729929
3UAFWD04GGYG,1,0,http://www.wikidata.org/entity/Q191174
3UAFWD04GGYG,2,0,http://www.wikidata.org/entity/Q190687
ZPXMAOTU7ZJW,1,0,http://www.wikidata.org/entity/Q61667004
ZPXMAOTU7ZJW,2,0,http://www.wikidata.org/entity/Q61667000
ZPXMAOTU7ZJW,3,0,http://www.wikidata.org/entity/Q61666995
ZPXMAOTU7ZJW,4,0,http://www.wikidata.org/entity/Q61666984
ZPXMAOTU7ZJW,5,0,http://www.wikidata.org/entity/Q58822049
ZPXMAOTU7ZJW,6,0,http://www.wikidata.org/entity/Q61676727
ZPXMAOTU7ZJW,7,0,http://www.wikidata.org/entity/Q61676717
ZPXMAOTU7ZJW,8,0,http://www.wikidata.org/entity/Q61676646
ZPXMAOTU7ZJW,9,0,http://www.wikidata.org/entity/Q61671712
ZPXMAOTU7ZJW,10,0,http://www.wikidata.org/entity/Q61671675
ZPXMAOTU7ZJW,11,0,http://www.wikidata.org/entity/Q61671649
ZPXMAOTU7ZJW,12,0,http://www.wikidata.org/entity/Q61671636
ZPXMAOTU7ZJW,13,0,http://www.wikidata.org/entity/Q61671609
ZPXMAOTU7ZJW,14,0,http://www.wikidata.org/entity/Q61671565
ZPXMAOTU7ZJW,15,0,http://www.wikidata.org/entity/Q61670820
ZPXMAOTU7ZJW,16,0,http://www.wikidata.org/entity/Q61670338
ZPXMAOTU7ZJW,17,0,http://www.wikidata.org/entity/Q61670322
ZPXMAOTU7ZJW,18,0,http://www.wikidata.org/entity/Q61670319
ZPXMAOTU7ZJW,19,0,http://www.wikidata.org/entity/Q61670269
ZPXMAOTU7ZJW,20,0,http://www.wikidata.org/entity/Q61670162
ZPXMAOTU7ZJW,21,0,http://www.wikidata.org/entity/Q61670155
ZPXMAOTU7ZJW,22,0,http://www.wikidata.org/entity/Q61670148
ZPXMAOTU7ZJW,23,0,http://www.wikidata.org/entity/Q61670131
ZPXMAOTU7ZJW,24,0,http://www.wikidata.org/entity/Q61670114
SPDNJUW5BJ8O,1,0,http://www.wikidata.org/entity/Q470572
SPDNJUW5BJ8O,2,0,http://www.wikidata.org/entity/Q455784
SPDNJUW5BJ8O,3,0,http://www.wikidata.org/entity/Q451171
SPDNJUW5BJ8O,4,0,http://www.wikidata.org/entity/Q392783
SPDNJUW5BJ8O,5,0,http://www.wikidata.org/entity/Q381992
SPDNJUW5BJ8O,6,0,http://www.wikidata.org/entity/Q336951
SPDNJUW5BJ8O,7,0,http://www.wikidata.org/entity/Q327985
SPDNJUW5BJ8O,8,0,http://www.wikidata.org/entity/Q324817
SPDNJUW5BJ8O,9,0,http://www.wikidata.org/entity/Q316732
SPDNJUW5BJ8O,10,0,http://www.wikidata.org/entity/Q1211351
SPDNJUW5BJ8O,11,0,http://www.wikidata.org/entity/Q1211339
SPDNJUW5BJ8O,12,0,http://www.wikidata.org/entity/Q606446
SPDNJUW5BJ8O,13,0,http://www.wikidata.org/entity/Q573376
SPDNJUW5BJ8O,14,0,http://www.wikidata.org/entity/Q571177
SPDNJUW5BJ8O,15,0,http://www.wikidata.org/entity/Q568093
SPDNJUW5BJ8O,16,0,http://www.wikidata.org/entity/Q556119
SPDNJUW5BJ8O,17,0,http://www.wikidata.org/entity/Q555197
SPDNJUW5BJ8O,18,0,http://www.wikidata.org/entity/Q538952
SPDNJUW5BJ8O,19,0,http://www.wikidata.org/entity/Q531922
SPDNJUW5BJ8O,20,0,http://www.wikidata.org/entity/Q513178
SPDNJUW5BJ8O,21,0,http://www.wikidata.org/entity/Q512137
SPDNJUW5BJ8O,22,0,http://www.wikidata.org/entity/Q504716
PXPOB2GPD06I,1,0,http://www.wikidata.org/entity/Q8073531
PXPOB2GPD06I,2,0,http://www.wikidata.org/entity/Q7048709
PXPOB2GPD06I,3,0,http://www.wikidata.org/entity/Q7333189
PXPOB2GPD06I,4,0,http://www.wikidata.org/entity/Q7067669
PXPOB2GPD06I,5,0,http://www.wikidata.org/entity/Q2683075
PXPOB2GPD06I,6,0,http://www.wikidata.org/entity/Q5995300
PXPOB2GPD06I,7,0,http://www.wikidata.org/entity/Q5177189
PXPOB2GPD06I,8,0,http://www.wikidata.org/entity/Q7427387
PXPOB2GPD06I,9,0,http://www.wikidata.org/entity/Q2307316
PXPOB2GPD06I,10,0,http://www.wikidata.org/entity/Q3642478
PXPOB2GPD06I,11,0,http://www.wikidata.org/entity/Q7307193
PXPOB2GPD06I,12,0,http://www.wikidata.org/entity/Q217426
PXPOB2GPD06I,13,0,http://www.wikidata.org/entity/Q13034655
PXPOB2GPD06I,14,0,http://www.wikidata.org/entity/Q5188787
PXPOB2GPD06I,15,0,http://www.wikidata.org/entity/Q6588027
T4JWZX3ZNVDF,1,0,http://www.wikidata.org/entity/Q5647984
T4JWZX3ZNVDF,2,0,http://www.wikidata.org/entity/Q5027957
T4JWZX3ZNVDF,3,0,http://www.wikidata.org/entity/Q963509
T4JWZX3ZNVDF,4,0,http://www.wikidata.org/entity/Q5719895
T4JWZX3ZNVDF,5,0,http://www.wikidata.org/entity/Q5056571
T4JWZX3ZNVDF,6,0,http://www.wikidata.org/entity/Q3397718
T4JWZX3ZNVDF,7,0,http://www.wikidata.org/entity/Q4949538
T4JWZX3ZNVDF,8,0,http://www.wikidata.org/entity/Q11443344
T4JWZX3ZNVDF,9,0,http://www.wikidata.org/entity/Q1824530
T4JWZX3ZNVDF,10,0,http://www.wikidata.org/entity/Q6748439
T4JWZX3ZNVDF,11,0,http://www.wikidata.org/entity/Q5113179
T4JWZX3ZNVDF,12,0,http://www.wikidata.org/entity/Q5113181
T4JWZX3ZNVDF,13,0,http://www.wikidata.org/entity/Q5592519
T4JWZX3ZNVDF,14,0,http://www.wikidata.org/entity/Q4916626
T4JWZX3ZNVDF,15,0,http://www.wikidata.org/entity/Q4916624
T4JWZX3ZNVDF,16,0,http://www.wikidata.org/entity/Q83125
T4JWZX3ZNVDF,17,0,http://www.wikidata.org/entity/Q1027362
T4JWZX3ZNVDF,18,0,http://www.wikidata.org/entity/Q56618943
T4JWZX3ZNVDF,19,0,http://www.wikidata.org/entity/Q5000125
T4JWZX3ZNVDF,20,0,http://www.wikidata.org/entity/Q5177672
T4JWZX3ZNVDF,21,0,http://www.wikidata.org/entity/Q4878030
T4JWZX3ZNVDF,22,0,http://www.wikidata.org/entity/Q4878028
T4JWZX3ZNVDF,23,0,http://www.wikidata.org/entity/Q17555332
T4JWZX3ZNVDF,24,0,http://www.wikidata.org/entity/Q26645446
T4JWZX3ZNVDF,25,0,http://www.wikidata.org/entity/Q2494538
VFAGQZCEHFUQ,1,0,http://www.wikidata.org/entity/Q2210922
VFAGQZCEHFUQ,2,0,http://www.wikidata.org/entity/Q2135919
1M4EUILM3HV7,1,0,http://www.wikidata.org/entity/Q2210922
1M4EUILM3HV7,2,0,http://www.wikidata.org/entity/Q18882084
1M4EUILM3HV7,3,0,http://www.wikidata.org/entity/Q18882072
1M4EUILM3HV7,4,0,http://www.wikidata.org/entity/Q18882110
1M4EUILM3HV7,5,0,http://www.wikidata.org/entity/Q18882064
1M4EUILM3HV7,6,0,http://www.wikidata.org/entity/Q4679991
1M4EUILM3HV7,7,0,http://www.wikidata.org/entity/Q18882077
1M4EUILM3HV7,8,0,http://www.wikidata.org/entity/Q18882070
1M4EUILM3HV7,9,0,http://www.wikidata.org/entity/Q18882086
1M4EUILM3HV7,10,0,http://www.wikidata.org/entity/Q47456947
1M4EUILM3HV7,11,0,http://www.wikidata.org/entity/Q18882093
OJDG6BXCGDW9,1,0,http://www.wikidata.org/entity/Q18882083
OJDG6BXCGDW9,2,0,http://www.wikidata.org/entity/Q1891443
PQG82X4J4RS1,1,0,http://www.wikidata.org/entity/Q15890105
PQG82X4J4RS1,2,0,http://www.wikidata.org/entity/Q10856419
MCTUGLE394JE,1,0,http://www.wikidata.org/entity/Q190005
MCTUGLE394JE,2,0,http://www.wikidata.org/entity/Q2573404
MCTUGLE394JE,3,0,http://www.wikidata.org/entity/Q643052
MCTUGLE394JE,4,0,http://www.wikidata.org/entity/Q526001
MCTUGLE394JE,5,0,http://www.wikidata.org/entity/Q2066897
JRT86R4XSUWX,1,0,http://www.wikidata.org/entity/Q67000615
JRT86R4XSUWX,2,0,http://www.wikidata.org/entity/Q55391144
JRT86R4XSUWX,3,0,http://www.wikidata.org/entity/Q106205442
JRT86R4XSUWX,4,0,http://www.wikidata.org/entity/Q68673855
JRT86R4XSUWX,5,0,http://www.wikidata.org/entity/Q119810197
JRT86R4XSUWX,6,0,http://www.wikidata.org/entity/Q20009250
JRT86R4XSUWX,7,0,http://www.wikidata.org/entity/Q3868175
JRT86R4XSUWX,8,0,http://www.wikidata.org/entity/Q55685926
JRT86R4XSUWX,9,0,http://www.wikidata.org/entity/Q3905102
JRT86R4XSUWX,10,0,http://www.wikidata.org/entity/Q55391256
JRT86R4XSUWX,11,0,http://www.wikidata.org/entity/Q3687235
JRT86R4XSUWX,12,0,http://www.wikidata.org/entity/Q27085
JRT86R4XSUWX,13,0,http://www.wikidata.org/entity/Q3868339
MVYQN28IC343,1,0,http://www.wikidata.org/entity/Q688507
MVYQN28IC343,2,0,http://www.wikidata.org/entity/Q66226
MVYQN28IC343,3,0,http://www.wikidata.org/entity/Q3207853
MVYQN28IC343,4,0,http://www.wikidata.org/entity/Q27942721
MVYQN28IC343,5,0,http://www.wikidata.org/entity/Q65724
MVYQN28IC343,6,0,http://www.wikidata.org/entity/Q27942757
MVYQN28IC343,7,0,http://www.wikidata.org/entity/Q96482692
Q2BDTIVOF5XB,1,0,http://www.wikidata.org/entity/Q1915120
Q2BDTIVOF5XB,2,0,http://www.wikidata.org/entity/Q1892802
A8JNEH4J2MAE,1,0,http://www.wikidata.org/entity/Q1088033
A8JNEH4J2MAE,2,0,http://www.wikidata.org/entity/Q1018153
NWDJ6VA3I5H9,1,0,http://www.wikidata.org/entity/Q76881191
NWDJ6VA3I5H9,2,0,http://www.wikidata.org/entity/Q88829040
UT8RECRREQ60,1,0,http://www.wikidata.org/entity/Q80950097
UT8RECRREQ60,2,0,http://www.wikidata.org/entity/Q1045395
UT8RECRREQ60,3,0,http://www.wikidata.org/entity/Q86570671
UT8RECRREQ60,4,0,http://www.wikidata.org/entity/Q88557611
UT8RECRREQ60,5,0,http://www.wikidata.org/entity/Q86570812
UT8RECRREQ60,6,0,http://www.wikidata.org/entity/Q88829089
UT8RECRREQ60,7,0,http://www.wikidata.org/entity/Q86570789
UT8RECRREQ60,8,0,http://www.wikidata.org/entity/Q90990700
UT8RECRREQ60,9,0,http://www.wikidata.org/entity/Q93396584
UT8RECRREQ60,10,0,http://www.wikidata.org/entity/Q757396
UT8RECRREQ60,11,0,http://www.wikidata.org/entity/Q85421082
O0HBQK8OE8KU,1,0,http://www.wikidata.org/entity/Q83269017
O0HBQK8OE8KU,2,0,http://www.wikidata.org/entity/Q76722654
O0HBQK8OE8KU,3,0,http://www.wikidata.org/entity/Q86570720
O0HBQK8OE8KU,4,0,http://www.wikidata.org/entity/Q90990768
O0HBQK8OE8KU,5,0,http://www.wikidata.org/entity/Q85195901
O0HBQK8OE8KU,6,0,http://www.wikidata.org/entity/Q78549061
GBSZJZXV9EWB,1,0,http://www.wikidata.org/entity/Q86570843
GBSZJZXV9EWB,2,0,http://www.wikidata.org/entity/Q575282
OA4DW7YC1MX2,1,0,http://www.wikidata.org/entity/Q1266203
OA4DW7YC1MX2,2,0,http://www.wikidata.org/entity/Q1095857
OA4DW7YC1MX2,3,0,http://www.wikidata.org/entity/Q1030922
OA4DW7YC1MX2,4,0,http://www.wikidata.org/entity/Q919641
OA4DW7YC1MX2,5,0,http://www.wikidata.org/entity/Q843887
QVN3A9YY693Q,1,0,http://www.wikidata.org/entity/Q284149
QVN3A9YY693Q,2,0,http://www.wikidata.org/entity/Q2144274
1T0JWS76USCQ,1,0,http://www.wikidata.org/entity/Q2535035
1T0JWS76USCQ,2,0,http://www.wikidata.org/entity/Q7940993
1T0JWS76USCQ,3,0,http://www.wikidata.org/entity/Q6294901
1T0JWS76USCQ,4,0,http://www.wikidata.org/entity/Q5030247
1T0JWS76USCQ,5,0,http://www.wikidata.org/entity/Q15817681
1T0JWS76USCQ,6,0,http://www.wikidata.org/entity/Q15751934
1T0JWS76USCQ,7,0,http://www.wikidata.org/entity/Q3278607
1T0JWS76USCQ,8,0,http://www.wikidata.org/entity/Q1709850
1T0JWS76USCQ,9,0,http://www.wikidata.org/entity/Q15751735
1T0JWS76USCQ,10,0,http://www.wikidata.org/entity/Q3100810
1T0JWS76USCQ,11,0,http://www.wikidata.org/entity/Q1206153
1T0JWS76USCQ,12,0,http://www.wikidata.org/entity/Q2647757
1T0JWS76USCQ,13,0,http://www.wikidata.org/entity/Q6295601
1T0JWS76USCQ,14,0,http://www.wikidata.org/entity/Q15766110
1T0JWS76USCQ,15,0,http://www.wikidata.org/entity/Q108202295
1T0JWS76USCQ,16,0,http://www.wikidata.org/entity/Q15753324
1T0JWS76USCQ,17,0,http://www.wikidata.org/entity/Q482023
1T0JWS76USCQ,18,0,http://www.wikidata.org/entity/Q15757549
1T0JWS76USCQ,19,0,http://www.wikidata.org/entity/Q107696627
1T0JWS76USCQ,20,0,http://www.wikidata.org/entity/Q15733232
1T0JWS76USCQ,21,0,http://www.wikidata.org/entity/Q9184531
1T0JWS76USCQ,22,0,http://www.wikidata.org/entity/Q766513
1T0JWS76USCQ,23,0,http://www.wikidata.org/entity/Q15761431
1T0JWS76USCQ,24,0,http://www.wikidata.org/entity/Q9138972
3I6T7X4WDEYK,1,0,http://www.wikidata.org/entity/Q15760819
3I6T7X4WDEYK,2,0,http://www.wikidata.org/entity/Q96698160
3I6T7X4WDEYK,3,0,http://www.wikidata.org/entity/Q15762623
3I6T7X4WDEYK,4,0,http://www.wikidata.org/entity/Q2547019
3I6T7X4WDEYK,5,0,http://www.wikidata.org/entity/Q6296094
3I6T7X4WDEYK,6,0,http://www.wikidata.org/entity/Q1884753
3I6T7X4WDEYK,7,0,http://www.wikidata.org/entity/Q6295968
3I6T7X4WDEYK,8,0,http://www.wikidata.org/entity/Q15753095
3I6T7X4WDEYK,9,0,http://www.wikidata.org/entity/Q15762047
3I6T7X4WDEYK,10,0,http://www.wikidata.org/entity/Q56358591
3I6T7X4WDEYK,11,0,http://www.wikidata.org/entity/Q15817733
3I6T7X4WDEYK,12,0,http://www.wikidata.org/entity/Q15765733
3I6T7X4WDEYK,13,0,http://www.wikidata.org/entity/Q7311312
3I6T7X4WDEYK,14,0,http://www.wikidata.org/entity/Q121300769
3I6T7X4WDEYK,15,0,http://www.wikidata.org/entity/Q15753052
3I6T7X4WDEYK,16,0,http://www.wikidata.org/entity/Q3307354
3I6T7X4WDEYK,17,0,http://www.wikidata.org/entity/Q1534255
3I6T7X4WDEYK,18,0,http://www.wikidata.org/entity/Q1809405
3I6T7X4WDEYK,19,0,http://www.wikidata.org/entity/Q2000010
MIT3W9ZKVM2J,1,0,http://www.wikidata.org/entity/Q4395689
MIT3W9ZKVM2J,2,0,http://www.wikidata.org/entity/Q12020600
GOKASF83RBWU,1,0,http://www.wikidata.org/entity/Q52218
GOKASF83RBWU,2,0,http://www.wikidata.org/entity/Q9464
GOKASF83RBWU,3,0,http://www.wikidata.org/entity/Q10373
GOKASF83RBWU,4,0,http://www.wikidata.org/entity/Q52036
GOKASF83RBWU,5,0,http://www.wikidata.org/entity/Q18344
GOKASF83RBWU,6,0,http://www.wikidata.org/entity/Q101750
GOKASF83RBWU,7,0,http://www.wikidata.org/entity/Q55921
GOKASF83RBWU,8,0,http://www.wikidata.org/entity/Q42531
GOKASF83RBWU,9,0,http://www.wikidata.org/entity/Q17355
GOKASF83RBWU,10,0,http://www.wikidata.org/entity/Q47635
GOKASF83RBWU,11,0,http://www.wikidata.org/entity/Q19920
GOKASF83RBWU,12,0,http://www.wikidata.org/entity/Q101724
GOKASF83RBWU,13,0,http://www.wikidata.org/entity/Q9383
GOKASF83RBWU,14,0,http://www.wikidata.org/entity/Q55934
GOKASF83RBWU,15,0,http://www.wikidata.org/entity/Q52068
GOKASF83RBWU,16,0,http://www.wikidata.org/entity/Q52029
GOKASF83RBWU,17,0,http://www.wikidata.org/entity/Q19209
GOKASF83RBWU,18,0,http://www.wikidata.org/entity/Q40788
GOKASF83RBWU,19,0,http://www.wikidata.org/entity/Q10323
GOKASF83RBWU,20,0,http://www.wikidata.org/entity/Q8973
GOKASF83RBWU,21,0,http://www.wikidata.org/entity/Q40931
T61FBMUOMMV6,1,0,http://www.wikidata.org/entity/Q156125
T61FBMUOMMV6,2,0,http://www.wikidata.org/entity/Q88802
OJDRM8MMI8JE,1,0,http://www.wikidata.org/entity/Q543593
OJDRM8MMI8JE,2,0,http://www.wikidata.org/entity/Q824911
PIRW1KCAQEWF,1,0,http://www.wikidata.org/entity/Q7571749
PIRW1KCAQEWF,2,0,http://www.wikidata.org/entity/Q901580
PIRW1KCAQEWF,3,0,http://www.wikidata.org/entity/Q659894
PIRW1KCAQEWF,4,0,http://www.wikidata.org/entity/Q5232692
PIRW1KCAQEWF,5,0,http://www.wikidata.org/entity/Q1112470
PIRW1KCAQEWF,6,0,http://www.wikidata.org/entity/Q1548116
TLJ9MU3GFI5C,1,0,http://www.wikidata.org/entity/Q18881408
TLJ9MU3GFI5C,2,0,http://www.wikidata.org/entity/Q18881398
TLJ9MU3GFI5C,3,0,http://www.wikidata.org/entity/Q18881354
TLJ9MU3GFI5C,4,0,http://www.wikidata.org/entity/Q18881369
TLJ9MU3GFI5C,5,0,http://www.wikidata.org/entity/Q18881409
TLJ9MU3GFI5C,6,0,http://www.wikidata.org/entity/Q18881308
TLJ9MU3GFI5C,7,0,http://www.wikidata.org/entity/Q18881314
TLJ9MU3GFI5C,8,0,http://www.wikidata.org/entity/Q18881334
TLJ9MU3GFI5C,9,0,http://www.wikidata.org/entity/Q18881328
TLJ9MU3GFI5C,10,0,http://www.wikidata.org/entity/Q18881311
TLJ9MU3GFI5C,11,0,http://www.wikidata.org/entity/Q18881306
TLJ9MU3GFI5C,12,0,http://www.wikidata.org/entity/Q6025171
TLJ9MU3GFI5C,13,0,http://www.wikidata.org/entity/Q18881402
TLJ9MU3GFI5C,14,0,http://www.wikidata.org/entity/Q18881366
TLJ9MU3GFI5C,15,0,http://www.wikidata.org/entity/Q2674406
TLJ9MU3GFI5C,16,0,http://www.wikidata.org/entity/Q2489248
TLJ9MU3GFI5C,17,0,http://www.wikidata.org/entity/Q18881315
TLJ9MU3GFI5C,18,0,http://www.wikidata.org/entity/Q2944016
AK3U89EMZR4P,1,0,http://www.wikidata.org/entity/Q75751643
AK3U89EMZR4P,2,0,http://www.wikidata.org/entity/Q78781567
AK3U89EMZR4P,3,0,http://www.wikidata.org/entity/Q90605775
AK3U89EMZR4P,4,0,http://www.wikidata.org/entity/Q77582222
AK3U89EMZR4P,5,0,http://www.wikidata.org/entity/Q5098588
AK3U89EMZR4P,6,0,http://www.wikidata.org/entity/Q79176698
AK3U89EMZR4P,7,0,http://www.wikidata.org/entity/Q83956899
AK3U89EMZR4P,8,0,http://www.wikidata.org/entity/Q74711254
AK3U89EMZR4P,9,0,http://www.wikidata.org/entity/Q90970527
AK3U89EMZR4P,10,0,http://www.wikidata.org/entity/Q90776754
AK3U89EMZR4P,11,0,http://www.wikidata.org/entity/Q81418309
AK3U89EMZR4P,12,0,http://www.wikidata.org/entity/Q79099114
UE368TJLK7Y9,1,0,http://www.wikidata.org/entity/Q78119066
UE368TJLK7Y9,2,0,http://www.wikidata.org/entity/Q77975127
UE368TJLK7Y9,3,0,http://www.wikidata.org/entity/Q95158283
UE368TJLK7Y9,4,0,http://www.wikidata.org/entity/Q95158259
UE368TJLK7Y9,5,0,http://www.wikidata.org/entity/Q95158255
UE368TJLK7Y9,6,0,http://www.wikidata.org/entity/Q95158244
UE368TJLK7Y9,7,0,http://www.wikidata.org/entity/Q95158111
UE368TJLK7Y9,8,0,http://www.wikidata.org/entity/Q95158071
UE368TJLK7Y9,9,0,http://www.wikidata.org/entity/Q94704294
UE368TJLK7Y9,10,0,http://www.wikidata.org/entity/Q94686512
UE368TJLK7Y9,11,0,http://www.wikidata.org/entity/Q94537065
UE368TJLK7Y9,12,0,http://www.wikidata.org/entity/Q94536940
UE368TJLK7Y9,13,0,http://www.wikidata.org/entity/Q94536819
UE368TJLK7Y9,14,0,http://www.wikidata.org/entity/Q94536807
UE368TJLK7Y9,15,0,http://www.wikidata.org/entity/Q94488447
UE368TJLK7Y9,16,0,http://www.wikidata.org/entity/Q94488252
UE368TJLK7Y9,17,0,http://www.wikidata.org/entity/Q94488187
UE368TJLK7Y9,18,0,http://www.wikidata.org/entity/Q94488170
UE368TJLK7Y9,19,0,http://www.wikidata.org/entity/Q94364506
UE368TJLK7Y9,20,0,http://www.wikidata.org/entity/Q94364231
UE368TJLK7Y9,21,0,http://www.wikidata.org/entity/Q94355256
UE368TJLK7Y9,22,0,http://www.wikidata.org/entity/Q94338908
UE368TJLK7Y9,23,0,http://www.wikidata.org/entity/Q94338869
UE368TJLK7Y9,24,0,http://www.wikidata.org/entity/Q94338771
UE368TJLK7Y9,25,0,http://www.wikidata.org/entity/Q94338607
PKJYKWMIQ67Z,1,0,http://www.wikidata.org/entity/Q748092
PKJYKWMIQ67Z,2,0,http://www.wikidata.org/entity/Q853628
PKJYKWMIQ67Z,3,0,http://www.wikidata.org/entity/Q125080
4I5S1AA8G3JA,1,0,http://www.wikidata.org/entity/Q699621
4I5S1AA8G3JA,2,0,http://www.wikidata.org/entity/Q193190
4I5S1AA8G3JA,3,0,http://www.wikidata.org/entity/Q3523096
4I5S1AA8G3JA,4,0,http://www.wikidata.org/entity/Q1013454
4I5S1AA8G3JA,5,0,http://www.wikidata.org/entity/Q629564
4I5S1AA8G3JA,6,0,http://www.wikidata.org/entity/Q22435
4I5S1AA8G3JA,7,0,http://www.wikidata.org/entity/Q2821567
4I5S1AA8G3JA,8,0,http://www.wikidata.org/entity/Q18731
4I5S1AA8G3JA,9,0,http://www.wikidata.org/entity/Q662505
4I5S1AA8G3JA,10,0,http://www.wikidata.org/entity/Q567541
4I5S1AA8G3JA,11,0,http://www.wikidata.org/entity/Q1848
4I5S1AA8G3JA,12,0,http://www.wikidata.org/entity/Q600164
4I5S1AA8G3JA,13,0,http://www.wikidata.org/entity/Q1016720
4I5S1AA8G3JA,14,0,http://www.wikidata.org/entity/Q641305
2EOCXTWJAYSK,1,0,http://www.wikidata.org/entity/Q199440
2EOCXTWJAYSK,2,0,http://www.wikidata.org/entity/Q312061
2EOCXTWJAYSK,3,0,http://www.wikidata.org/entity/Q22067014
2EOCXTWJAYSK,4,0,http://www.wikidata.org/entity/Q15896
2EOCXTWJAYSK,5,0,http://www.wikidata.org/entity/Q2289933
2EOCXTWJAYSK,6,0,http://www.wikidata.org/entity/Q1767926
2EOCXTWJAYSK,7,0,http://www.wikidata.org/entity/Q196694
2EOCXTWJAYSK,8,0,http://www.wikidata.org/entity/Q682544
2EOCXTWJAYSK,9,0,http://www.wikidata.org/entity/Q425646
2EOCXTWJAYSK,10,0,http://www.wikidata.org/entity/Q191099
2EOCXTWJAYSK,11,0,http://www.wikidata.org/entity/Q666706
2EOCXTWJAYSK,12,0,http://www.wikidata.org/entity/Q271090
2EOCXTWJAYSK,13,0,http://www.wikidata.org/entity/Q798747
2EOCXTWJAYSK,14,0,http://www.wikidata.org/entity/Q12724720
2EOCXTWJAYSK,15,0,http://www.wikidata.org/entity/Q713300
2EOCXTWJAYSK,16,0,http://www.wikidata.org/entity/Q539801
2EOCXTWJAYSK,17,0,http://www.wikidata.org/entity/Q69191
OT1OT7766T9C,1,0,http://www.wikidata.org/entity/Q84477124
OT1OT7766T9C,2,0,http://www.wikidata.org/entity/Q92768131
OT1OT7766T9C,3,0,http://www.wikidata.org/entity/Q92768490
OT1OT7766T9C,4,0,http://www.wikidata.org/entity/Q84478823
OT1OT7766T9C,5,0,http://www.wikidata.org/entity/Q77545646
OT1OT7766T9C,6,0,http://www.wikidata.org/entity/Q84480113
OT1OT7766T9C,7,0,http://www.wikidata.org/entity/Q89759519
OT1OT7766T9C,8,0,http://www.wikidata.org/entity/Q92768217
OT1OT7766T9C,9,0,http://www.wikidata.org/entity/Q76811058
OT1OT7766T9C,10,0,http://www.wikidata.org/entity/Q87940432
OT1OT7766T9C,11,0,http://www.wikidata.org/entity/Q92768596
OT1OT7766T9C,12,0,http://www.wikidata.org/entity/Q84481805
OT1OT7766T9C,13,0,http://www.wikidata.org/entity/Q84483579
OT1OT7766T9C,14,0,http://www.wikidata.org/entity/Q77993550
OT1OT7766T9C,15,0,http://www.wikidata.org/entity/Q88958921
OT1OT7766T9C,16,0,http://www.wikidata.org/entity/Q84474127
OT1OT7766T9C,17,0,http://www.wikidata.org/entity/Q84481120
OT1OT7766T9C,18,0,http://www.wikidata.org/entity/Q84475854
OT1OT7766T9C,19,0,http://www.wikidata.org/entity/Q92974216
OT1OT7766T9C,20,0,http://www.wikidata.org/entity/Q76597117
GH0GA9A3UMEL,1,0,http://www.wikidata.org/entity/Q269823
GH0GA9A3UMEL,2,0,http://www.wikidata.org/entity/Q28092272
9KY2YTZGJTT1,1,0,http://www.wikidata.org/entity/Q2412928
9KY2YTZGJTT1,2,0,http://www.wikidata.org/entity/Q1639792
9KY2YTZGJTT1,3,0,http://www.wikidata.org/entity/Q1603308
9KY2YTZGJTT1,4,0,http://www.wikidata.org/entity/Q1372014
9KY2YTZGJTT1,5,0,http://www.wikidata.org/entity/Q1351208
9KY2YTZGJTT1,6,0,http://www.wikidata.org/entity/Q1101096
9KY2YTZGJTT1,7,0,http://www.wikidata.org/entity/Q960951
9KY2YTZGJTT1,8,0,http://www.wikidata.org/entity/Q948178
9KY2YTZGJTT1,9,0,http://www.wikidata.org/entity/Q781961
9KY2YTZGJTT1,10,0,http://www.wikidata.org/entity/Q735913
9KY2YTZGJTT1,11,0,http://www.wikidata.org/entity/Q675964
9KY2YTZGJTT1,12,0,http://www.wikidata.org/entity/Q572887
9KY2YTZGJTT1,13,0,http://www.wikidata.org/entity/Q454114
KOYR9SP5ZAZW,1,0,http://www.wikidata.org/entity/Q17568607
KOYR9SP5ZAZW,2,0,http://www.wikidata.org/entity/Q61638117
KOYR9SP5ZAZW,3,0,http://www.wikidata.org/entity/Q116853962
KOYR9SP5ZAZW,4,0,http://www.wikidata.org/entity/Q960951
KOYR9SP5ZAZW,5,0,http://www.wikidata.org/entity/Q17793695
KOYR9SP5ZAZW,6,0,http://www.wikidata.org/entity/Q7451857
KOYR9SP5ZAZW,7,0,http://www.wikidata.org/entity/Q32664551
KOYR9SP5ZAZW,8,0,http://www.wikidata.org/entity/Q1802727
KOYR9SP5ZAZW,9,0,http://www.wikidata.org/entity/Q113685944
KOYR9SP5ZAZW,10,0,http://www.wikidata.org/entity/Q8075101
KOYR9SP5ZAZW,11,0,http://www.wikidata.org/entity/Q103964752
KOYR9SP5ZAZW,12,0,http://www.wikidata.org/entity/Q7164195
KOYR9SP5ZAZW,13,0,http://www.wikidata.org/entity/Q33547353
KOYR9SP5ZAZW,14,0,http://www.wikidata.org/entity/Q6804924
KOYR9SP5ZAZW,15,0,http://www.wikidata.org/entity/Q1270175
KOYR9SP5ZAZW,16,0,http://www.wikidata.org/entity/Q694760
KOYR9SP5ZAZW,17,0,http://www.wikidata.org/entity/Q29575828
KOYR9SP5ZAZW,18,0,http://www.wikidata.org/entity/Q3428670
2N1CZMDDS50M,1,0,http://www.wikidata.org/entity/Q12265181
2N1CZMDDS50M,2,0,http://www.wikidata.org/entity/Q114870709
2N1CZMDDS50M,3,0,http://www.wikidata.org/entity/Q17466865
2N1CZMDDS50M,4,0,http://www.wikidata.org/entity/Q1730099
2N1CZMDDS50M,5,0,http://www.wikidata.org/entity/Q1520602
2N1CZMDDS50M,6,0,http://www.wikidata.org/entity/Q2807303
2N1CZMDDS50M,7,0,http://www.wikidata.org/entity/Q5159775
2N1CZMDDS50M,8,0,http://www.wikidata.org/entity/Q1306479
2N1CZMDDS50M,9,0,http://www.wikidata.org/entity/Q6155577
2N1CZMDDS50M,10,0,http://www.wikidata.org/entity/Q9200752
2N1CZMDDS50M,11,0,http://www.wikidata.org/entity/Q1299374
2N1CZMDDS50M,12,0,http://www.wikidata.org/entity/Q5116549
2N1CZMDDS50M,13,0,http://www.wikidata.org/entity/Q7092448
2N1CZMDDS50M,14,0,http://www.wikidata.org/entity/Q110794338
2N1CZMDDS50M,15,0,http://www.wikidata.org/entity/Q5120342
2N1CZMDDS50M,16,0,http://www.wikidata.org/entity/Q6855047
2N1CZMDDS50M,17,0,http://www.wikidata.org/entity/Q11357150
2N1CZMDDS50M,18,0,http://www.wikidata.org/entity/Q11589826
2N1CZMDDS50M,19,0,http://www.wikidata.org/entity/Q26656653
2N1CZMDDS50M,20,0,http://www.wikidata.org/entity/Q11367960
2N1CZMDDS50M,21,0,http://www.wikidata.org/entity/Q104539739
2N1CZMDDS50M,22,0,http://www.wikidata.org/entity/Q21421296
2N1CZMDDS50M,23,0,http://www.wikidata.org/entity/Q1603308
2N1CZMDDS50M,24,0,http://www.wikidata.org/entity/Q104960427
5FZBFU78LIBQ,1,0,http://www.wikidata.org/entity/Q56543491
5FZBFU78LIBQ,2,0,http://www.wikidata.org/entity/Q56543425
AHG8RHZ6X07A,1,0,http://www.wikidata.org/entity/Q74299296
AHG8RHZ6X07A,2,0,http://www.wikidata.org/entity/Q74227080
AHG8RHZ6X07A,3,0,http://www.wikidata.org/entity/Q74191494
AHG8RHZ6X07A,4,0,http://www.wikidata.org/entity/Q74190845
AHG8RHZ6X07A,5,0,http://www.wikidata.org/entity/Q74189876
AHG8RHZ6X07A,6,0,http://www.wikidata.org/entity/Q74187778
AHG8RHZ6X07A,7,0,http://www.wikidata.org/entity/Q74186881
AHG8RHZ6X07A,8,0,http://www.wikidata.org/entity/Q74186452
AHG8RHZ6X07A,9,0,http://www.wikidata.org/entity/Q74186271
AHG8RHZ6X07A,10,0,http://www.wikidata.org/entity/Q74186193
AHG8RHZ6X07A,11,0,http://www.wikidata.org/entity/Q74183914
AHG8RHZ6X07A,12,0,http://www.wikidata.org/entity/Q74183864
AHG8RHZ6X07A,13,0,http://www.wikidata.org/entity/Q74183765
AHG8RHZ6X07A,14,0,http://www.wikidata.org/entity/Q74183471
AHG8RHZ6X07A,15,0,http://www.wikidata.org/entity/Q74183289
AHG8RHZ6X07A,16,0,http://www.wikidata.org/entity/Q74183243
AHG8RHZ6X07A,17,0,http://www.wikidata.org/entity/Q74183011
AHG8RHZ6X07A,18,0,http://www.wikidata.org/entity/Q74182728
AHG8RHZ6X07A,19,0,http://www.wikidata.org/entity/Q74182354
AHG8RHZ6X07A,20,0,http://www.wikidata.org/entity/Q74103165
TTHXAMNL3G7N,1,0,http://www.wikidata.org/entity/Q2116640
TTHXAMNL3G7N,2,0,http://www.wikidata.org/entity/Q689783
TTHXAMNL3G7N,3,0,http://www.wikidata.org/entity/Q4351910
TTHXAMNL3G7N,4,0,http://www.wikidata.org/entity/Q5631738
NZJHDMAQ1KH5,1,0,http://www.wikidata.org/entity/Q30254042
NZJHDMAQ1KH5,2,0,http://www.wikidata.org/entity/Q2494398
NZJHDMAQ1KH5,3,0,http://www.wikidata.org/entity/Q1036322
NZJHDMAQ1KH5,4,0,http://www.wikidata.org/entity/Q5168500
NZJHDMAQ1KH5,5,0,http://www.wikidata.org/entity/Q11524663
NZJHDMAQ1KH5,6,0,http://www.wikidata.org/entity/Q30253968
NZJHDMAQ1KH5,7,0,http://www.wikidata.org/entity/Q15891560
NZJHDMAQ1KH5,8,0,http://www.wikidata.org/entity/Q20423478
NZJHDMAQ1KH5,9,0,http://www.wikidata.org/entity/Q5903033
NZJHDMAQ1KH5,10,0,http://www.wikidata.org/entity/Q6026047
NZJHDMAQ1KH5,11,0,http://www.wikidata.org/entity/Q5903125
NZJHDMAQ1KH5,12,0,http://www.wikidata.org/entity/Q30253969
NZJHDMAQ1KH5,13,0,http://www.wikidata.org/entity/Q109612350
NZJHDMAQ1KH5,14,0,http://www.wikidata.org/entity/Q6078898
NZJHDMAQ1KH5,15,0,http://www.wikidata.org/entity/Q4116367
NZJHDMAQ1KH5,16,0,http://www.wikidata.org/entity/Q13021490
NZJHDMAQ1KH5,17,0,http://www.wikidata.org/entity/Q13021483
NZJHDMAQ1KH5,18,0,http://www.wikidata.org/entity/Q110724282
NZJHDMAQ1KH5,19,0,http://www.wikidata.org/entity/Q30280071
NZJHDMAQ1KH5,20,0,http://www.wikidata.org/entity/Q6007647
NZJHDMAQ1KH5,21,0,http://www.wikidata.org/entity/Q85983355
NZJHDMAQ1KH5,22,0,http://www.wikidata.org/entity/Q5902835
NZJHDMAQ1KH5,23,0,http://www.wikidata.org/entity/Q5902588
NZJHDMAQ1KH5,24,0,http://www.wikidata.org/entity/Q2945766
NZJHDMAQ1KH5,25,0,http://www.wikidata.org/entity/Q30279698
0MEO0PDHIWFQ,1,0,http://www.wikidata.org/entity/Q1342807
0MEO0PDHIWFQ,2,0,http://www.wikidata.org/entity/Q1203237
0MEO0PDHIWFQ,3,0,http://www.wikidata.org/entity/Q1348951
0MEO0PDHIWFQ,4,0,http://www.wikidata.org/entity/Q1206640
0ZOIEU3C948S,1,0,http://www.wikidata.org/entity/Q1521087
0ZOIEU3C948S,2,0,http://www.wikidata.org/entity/Q1544198
0ZOIEU3C948S,3,0,http://www.wikidata.org/entity/Q198363
0ZOIEU3C948S,4,0,http://www.wikidata.org/entity/Q1819398
0ZOIEU3C948S,5,0,http://www.wikidata.org/entity/Q1952850
0ZOIEU3C948S,6,0,http://www.wikidata.org/entity/Q1477986
0ZOIEU3C948S,7,0,http://www.wikidata.org/entity/Q1108286
0ZOIEU3C948S,8,0,http://www.wikidata.org/entity/Q955745
0ZOIEU3C948S,9,0,http://www.wikidata.org/entity/Q920327
0ZOIEU3C948S,10,0,http://www.wikidata.org/entity/Q328294
0ZOIEU3C948S,11,0,http://www.wikidata.org/entity/Q1814595
0ZOIEU3C948S,12,0,http://www.wikidata.org/entity/Q1478062
0ZOIEU3C948S,13,0,http://www.wikidata.org/entity/Q1481997
0ZOIEU3C948S,14,0,http://www.wikidata.org/entity/Q647771
0ZOIEU3C948S,15,0,http://www.wikidata.org/entity/Q647796
0ZOIEU3C948S,16,0,http://www.wikidata.org/entity/Q916357
0ZOIEU3C948S,17,0,http://www.wikidata.org/entity/Q490965
0ZOIEU3C948S,18,0,http://www.wikidata.org/entity/Q1142267
0ZOIEU3C948S,19,0,http://www.wikidata.org/entity/Q1521138
0ZOIEU3C948S,20,0,http://www.wikidata.org/entity/Q30996
0ZOIEU3C948S,21,0,http://www.wikidata.org/entity/Q200994
85FCF52ID3B3,1,0,http://www.wikidata.org/entity/Q1186072
85FCF52ID3B3,2,0,http://www.wikidata.org/entity/Q1075450
85FCF52ID3B3,3,0,http://www.wikidata.org/entity/Q1203500
85FCF52ID3B3,4,0,http://www.wikidata.org/entity/Q1143970
85FCF52ID3B3,5,0,http://www.wikidata.org/entity/Q786450
85FCF52ID3B3,6,0,http://www.wikidata.org/entity/Q1131771
85FCF52ID3B3,7,0,http://www.wikidata.org/entity/Q1048689
85FCF52ID3B3,8,0,http://www.wikidata.org/entity/Q1077001
85FCF52ID3B3,9,0,http://www.wikidata.org/entity/Q1205635
85FCF52ID3B3,10,0,http://www.wikidata.org/entity/Q1154667
85FCF52ID3B3,11,0,http://www.wikidata.org/entity/Q605134
85FCF52ID3B3,12,0,http://www.wikidata.org/entity/Q1131916
85FCF52ID3B3,13,0,http://www.wikidata.org/entity/Q1066336
85FCF52ID3B3,14,0,http://www.wikidata.org/entity/Q430498
85FCF52ID3B3,15,0,http://www.wikidata.org/entity/Q1155853
85FCF52ID3B3,16,0,http://www.wikidata.org/entity/Q1075472
85FCF52ID3B3,17,0,http://www.wikidata.org/entity/Q552687
85FCF52ID3B3,18,0,http://www.wikidata.org/entity/Q1132445
85FCF52ID3B3,19,0,http://www.wikidata.org/entity/Q1131782
85FCF52ID3B3,20,0,http://www.wikidata.org/entity/Q1154673
85FCF52ID3B3,21,0,http://www.wikidata.org/entity/Q1202818
85FCF52ID3B3,22,0,http://www.wikidata.org/entity/Q616396
85FCF52ID3B3,23,0,http://www.wikidata.org/entity/Q1075201
85FCF52ID3B3,24,0,http://www.wikidata.org/entity/Q1202834
85FCF52ID3B3,25,0,http://www.wikidata.org/entity/Q783553
CDTJBNH6LG8T,1,0,http://www.wikidata.org/entity/Q40197115
CDTJBNH6LG8T,2,0,http://www.wikidata.org/entity/Q40197000
CDTJBNH6LG8T,3,0,http://www.wikidata.org/entity/Q39883007
CDTJBNH6LG8T,4,0,http://www.wikidata.org/entity/Q37907915
CDTJBNH6LG8T,5,0,http://www.wikidata.org/entity/Q37871486
CDTJBNH6LG8T,6,0,http://www.wikidata.org/entity/Q37871444
CDTJBNH6LG8T,7,0,http://www.wikidata.org/entity/Q37870459
CDTJBNH6LG8T,8,0,http://www.wikidata.org/entity/Q104641535
CDTJBNH6LG8T,9,0,http://www.wikidata.org/entity/Q122973712
CDTJBNH6LG8T,10,0,http://www.wikidata.org/entity/Q122169104
CDTJBNH6LG8T,11,0,http://www.wikidata.org/entity/Q122067902
CDTJBNH6LG8T,12,0,http://www.wikidata.org/entity/Q122054244
CDTJBNH6LG8T,13,0,http://www.wikidata.org/entity/Q122054142
CDTJBNH6LG8T,14,0,http://www.wikidata.org/entity/Q121483854
CDTJBNH6LG8T,15,0,http://www.wikidata.org/entity/Q118109272
CDTJBNH6LG8T,16,0,http://www.wikidata.org/entity/Q114695519
CDTJBNH6LG8T,17,0,http://www.wikidata.org/entity/Q114674629
CDTJBNH6LG8T,18,0,http://www.wikidata.org/entity/Q114665966
CDTJBNH6LG8T,19,0,http://www.wikidata.org/entity/Q114598485
EV0YP70WQD55,1,0,http://www.wikidata.org/entity/Q21621911
EV0YP70WQD55,2,0,http://www.wikidata.org/entity/Q12875609
EV0YP70WQD55,3,0,http://www.wikidata.org/entity/Q352771
EV0YP70WQD55,4,0,http://www.wikidata.org/entity/Q2634251
EV0YP70WQD55,5,0,http://www.wikidata.org/entity/Q1960517
EV0YP70WQD55,6,0,http://www.wikidata.org/entity/Q3539555
EV0YP70WQD55,7,0,http://www.wikidata.org/entity/Q12899309
EV0YP70WQD55,8,0,http://www.wikidata.org/entity/Q2636821
EV0YP70WQD55,9,0,http://www.wikidata.org/entity/Q2271587
EV0YP70WQD55,10,0,http://www.wikidata.org/entity/Q1905274
EV0YP70WQD55,11,0,http://www.wikidata.org/entity/Q649278
EV0YP70WQD55,12,0,http://www.wikidata.org/entity/Q1192028
EV0YP70WQD55,13,0,http://www.wikidata.org/entity/Q9149997
EV0YP70WQD55,14,0,http://www.wikidata.org/entity/Q11874075
EV0YP70WQD55,15,0,http://www.wikidata.org/entity/Q2352674
EV0YP70WQD55,16,0,http://www.wikidata.org/entity/Q20917277
EV0YP70WQD55,17,0,http://www.wikidata.org/entity/Q1406069
EV0YP70WQD55,18,0,http://www.wikidata.org/entity/Q2016006
EV0YP70WQD55,19,0,http://www.wikidata.org/entity/Q25413913
45GM78SE68MY,1,0,http://www.wikidata.org/entity/Q4548726
45GM78SE68MY,2,0,http://www.wikidata.org/entity/Q1748543
5VY1H1X9LGF7,1,0,http://www.wikidata.org/entity/Q91401700
5VY1H1X9LGF7,2,0,http://www.wikidata.org/entity/Q91359448
5VY1H1X9LGF7,3,0,http://www.wikidata.org/entity/Q91218831
5VY1H1X9LGF7,4,0,http://www.wikidata.org/entity/Q91218816
5VY1H1X9LGF7,5,0,http://www.wikidata.org/entity/Q91218796
5VY1H1X9LGF7,6,0,http://www.wikidata.org/entity/Q91218750
5VY1H1X9LGF7,7,0,http://www.wikidata.org/entity/Q91218581
5VY1H1X9LGF7,8,0,http://www.wikidata.org/entity/Q91218464
5VY1H1X9LGF7,9,0,http://www.wikidata.org/entity/Q91176709
5VY1H1X9LGF7,10,0,http://www.wikidata.org/entity/Q91176284
5VY1H1X9LGF7,11,0,http://www.wikidata.org/entity/Q91158825
5VY1H1X9LGF7,12,0,http://www.wikidata.org/entity/Q91158666
5VY1H1X9LGF7,13,0,http://www.wikidata.org/entity/Q91158618
NSJLD9CMNLGW,1,0,http://www.wikidata.org/entity/Q89740436
NSJLD9CMNLGW,2,0,http://www.wikidata.org/entity/Q74906931
NSJLD9CMNLGW,3,0,http://www.wikidata.org/entity/Q74903314
NSJLD9CMNLGW,4,0,http://www.wikidata.org/entity/Q77394463
NSJLD9CMNLGW,5,0,http://www.wikidata.org/entity/Q88406917
NSJLD9CMNLGW,6,0,http://www.wikidata.org/entity/Q88610131
NSJLD9CMNLGW,7,0,http://www.wikidata.org/entity/Q94488114
NSJLD9CMNLGW,8,0,http://www.wikidata.org/entity/Q17434594
NSJLD9CMNLGW,9,0,http://www.wikidata.org/entity/Q88534208
NSJLD9CMNLGW,10,0,http://www.wikidata.org/entity/Q97039391
NSJLD9CMNLGW,11,0,http://www.wikidata.org/entity/Q85535488
NSJLD9CMNLGW,12,0,http://www.wikidata.org/entity/Q93935667
NSJLD9CMNLGW,13,0,http://www.wikidata.org/entity/Q94159337
NSJLD9CMNLGW,14,0,http://www.wikidata.org/entity/Q77395972
NSJLD9CMNLGW,15,0,http://www.wikidata.org/entity/Q88332264
NSJLD9CMNLGW,16,0,http://www.wikidata.org/entity/Q77392358
NSJLD9CMNLGW,17,0,http://www.wikidata.org/entity/Q80302583
NSJLD9CMNLGW,18,0,http://www.wikidata.org/entity/Q93705594
TPF2BTUT3AQ6,1,0,http://www.wikidata.org/entity/Q238192
TPF2BTUT3AQ6,2,0,http://www.wikidata.org/entity/Q60788436
TPF2BTUT3AQ6,3,0,http://www.wikidata.org/entity/Q1319794
TPF2BTUT3AQ6,4,0,http://www.wikidata.org/entity/Q93495190
TPF2BTUT3AQ6,5,0,http://www.wikidata.org/entity/Q88164804
TPF2BTUT3AQ6,6,0,http://www.wikidata.org/entity/Q86534216
YK54GTM6O10E,1,0,http://www.wikidata.org/entity/Q12065384
YK54GTM6O10E,2,0,http://www.wikidata.org/entity/Q5715694
YK54GTM6O10E,3,0,http://www.wikidata.org/entity/Q66636085
YK54GTM6O10E,4,0,http://www.wikidata.org/entity/Q7268325
YK54GTM6O10E,5,0,http://www.wikidata.org/entity/Q12071042
KS3ATHPB42SU,1,0,http://www.wikidata.org/entity/Q2499402
KS3ATHPB42SU,2,0,http://www.wikidata.org/entity/Q639014
KS3ATHPB42SU,3,0,http://www.wikidata.org/entity/Q16834782
KS3ATHPB42SU,4,0,http://www.wikidata.org/entity/Q2228273
VUX6X4HYQ3SP,1,0,http://www.wikidata.org/entity/Q80111584
VUX6X4HYQ3SP,2,0,http://www.wikidata.org/entity/Q80024872
MBM19FAHCMQN,1,0,http://www.wikidata.org/entity/Q1234166
MBM19FAHCMQN,2,0,http://www.wikidata.org/entity/Q1073057
MBM19FAHCMQN,3,0,http://www.wikidata.org/entity/Q629802
MBM19FAHCMQN,4,0,http://www.wikidata.org/entity/Q894076
MBM19FAHCMQN,5,0,http://www.wikidata.org/entity/Q1277768
MBM19FAHCMQN,6,0,http://www.wikidata.org/entity/Q7567450
MBM19FAHCMQN,7,0,http://www.wikidata.org/entity/Q1277974
MBM19FAHCMQN,8,0,http://www.wikidata.org/entity/Q2116371
MBM19FAHCMQN,9,0,http://www.wikidata.org/entity/Q1972541
MBM19FAHCMQN,10,0,http://www.wikidata.org/entity/Q1545713
MBM19FAHCMQN,11,0,http://www.wikidata.org/entity/Q1587050
654BUI16IUUC,1,0,http://www.wikidata.org/entity/Q18882977
654BUI16IUUC,2,0,http://www.wikidata.org/entity/Q18882950
654BUI16IUUC,3,0,http://www.wikidata.org/entity/Q18882978
654BUI16IUUC,4,0,http://www.wikidata.org/entity/Q18882982
654BUI16IUUC,5,0,http://www.wikidata.org/entity/Q18882965
654BUI16IUUC,6,0,http://www.wikidata.org/entity/Q18882946
654BUI16IUUC,7,0,http://www.wikidata.org/entity/Q18882942
654BUI16IUUC,8,0,http://www.wikidata.org/entity/Q18882971
654BUI16IUUC,9,0,http://www.wikidata.org/entity/Q18882983
654BUI16IUUC,10,0,http://www.wikidata.org/entity/Q18882949
654BUI16IUUC,11,0,http://www.wikidata.org/entity/Q18882956
654BUI16IUUC,12,0,http://www.wikidata.org/entity/Q18882940
654BUI16IUUC,13,0,http://www.wikidata.org/entity/Q18882945
654BUI16IUUC,14,0,http://www.wikidata.org/entity/Q18882968
RR3SYD7MWPKD,1,0,http://www.wikidata.org/entity/Q2580273
RR3SYD7MWPKD,2,0,http://www.wikidata.org/entity/Q249838
BKS3DSWMTR3R,1,0,http://www.wikidata.org/entity/Q6540925
BKS3DSWMTR3R,2,0,http://www.wikidata.org/entity/Q3397321
G85MN6AQWG92,1,0,http://www.wikidata.org/entity/Q34751558
G85MN6AQWG92,2,0,http://www.wikidata.org/entity/Q11182413
G85MN6AQWG92,3,0,http://www.wikidata.org/entity/Q23738429
G85MN6AQWG92,4,0,http://www.wikidata.org/entity/Q34748044
G85MN6AQWG92,5,0,http://www.wikidata.org/entity/Q22410941
G85MN6AQWG92,6,0,http://www.wikidata.org/entity/Q34757693
G85MN6AQWG92,7,0,http://www.wikidata.org/entity/Q34736424
G85MN6AQWG92,8,0,http://www.wikidata.org/entity/Q34749032
G85MN6AQWG92,9,0,http://www.wikidata.org/entity/Q34749053
G85MN6AQWG92,10,0,http://www.wikidata.org/entity/Q34749065
G85MN6AQWG92,11,0,http://www.wikidata.org/entity/Q37962790
G85MN6AQWG92,12,0,http://www.wikidata.org/entity/Q34645108
G85MN6AQWG92,13,0,http://www.wikidata.org/entity/Q34749696
AHW05UCRL47S,1,0,http://www.wikidata.org/entity/Q103852125
AHW05UCRL47S,2,0,http://www.wikidata.org/entity/Q2639248
AHW05UCRL47S,3,0,http://www.wikidata.org/entity/Q1996152
AHW05UCRL47S,4,0,http://www.wikidata.org/entity/Q1997033
AHW05UCRL47S,5,0,http://www.wikidata.org/entity/Q2991957
AHW05UCRL47S,6,0,http://www.wikidata.org/entity/Q103860141
AHW05UCRL47S,7,0,http://www.wikidata.org/entity/Q103821003
AHW05UCRL47S,8,0,http://www.wikidata.org/entity/Q2599695
AHW05UCRL47S,9,0,http://www.wikidata.org/entity/Q103820103
AHW05UCRL47S,10,0,http://www.wikidata.org/entity/Q103842911
AHW05UCRL47S,11,0,http://www.wikidata.org/entity/Q1035617
AHW05UCRL47S,12,0,http://www.wikidata.org/entity/Q103810656
AHW05UCRL47S,13,0,http://www.wikidata.org/entity/Q2216526
AHW05UCRL47S,14,0,http://www.wikidata.org/entity/Q103848513
AHW05UCRL47S,15,0,http://www.wikidata.org/entity/Q2010568
AHW05UCRL47S,16,0,http://www.wikidata.org/entity/Q103821944
AHW05UCRL47S,17,0,http://www.wikidata.org/entity/Q649688
AHW05UCRL47S,18,0,http://www.wikidata.org/entity/Q103799060
AHW05UCRL47S,19,0,http://www.wikidata.org/entity/Q2469595
AHW05UCRL47S,20,0,http://www.wikidata.org/entity/Q103821232
AHW05UCRL47S,21,0,http://www.wikidata.org/entity/Q1035547
AHW05UCRL47S,22,0,http://www.wikidata.org/entity/Q104538934
AHW05UCRL47S,23,0,http://www.wikidata.org/entity/Q103860728
J1PXOC4NGAXX,1,0,http://www.wikidata.org/entity/Q2654442
J1PXOC4NGAXX,2,0,http://www.wikidata.org/entity/Q1104700
J1PXOC4NGAXX,3,0,http://www.wikidata.org/entity/Q103813137
K7DLO9T0HMVK,1,0,http://www.wikidata.org/entity/Q47087025
K7DLO9T0HMVK,2,0,http://www.wikidata.org/entity/Q28657109
K7DLO9T0HMVK,3,0,http://www.wikidata.org/entity/Q2324686
K7DLO9T0HMVK,4,0,http://www.wikidata.org/entity/Q3240896
K7DLO9T0HMVK,5,0,http://www.wikidata.org/entity/Q15925626
K7DLO9T0HMVK,6,0,http://www.wikidata.org/entity/Q5518169
5UZ0ZZCYSE2X,1,0,http://www.wikidata.org/entity/Q1196468
5UZ0ZZCYSE2X,2,0,http://www.wikidata.org/entity/Q1196453
K9C8BAH5GTL1,1,0,http://www.wikidata.org/entity/Q99521859
K9C8BAH5GTL1,2,0,http://www.wikidata.org/entity/Q100135630
K9C8BAH5GTL1,3,0,http://www.wikidata.org/entity/Q98918472
K9C8BAH5GTL1,4,0,http://www.wikidata.org/entity/Q113989609
K9C8BAH5GTL1,5,0,http://www.wikidata.org/entity/Q1474855
K9C8BAH5GTL1,6,0,http://www.wikidata.org/entity/Q113966227
K9C8BAH5GTL1,7,0,http://www.wikidata.org/entity/Q99621840
K9C8BAH5GTL1,8,0,http://www.wikidata.org/entity/Q99980281
K9C8BAH5GTL1,9,0,http://www.wikidata.org/entity/Q99661457
K9C8BAH5GTL1,10,0,http://www.wikidata.org/entity/Q48801425
K9C8BAH5GTL1,11,0,http://www.wikidata.org/entity/Q19730903
K9C8BAH5GTL1,12,0,http://www.wikidata.org/entity/Q63344367
K9C8BAH5GTL1,13,0,http://www.wikidata.org/entity/Q98918478
K9C8BAH5GTL1,14,0,http://www.wikidata.org/entity/Q99584973
K9C8BAH5GTL1,15,0,http://www.wikidata.org/entity/Q11682742
K9C8BAH5GTL1,16,0,http://www.wikidata.org/entity/Q116619880
K9C8BAH5GTL1,17,0,http://www.wikidata.org/entity/Q115826714
K9C8BAH5GTL1,18,0,http://www.wikidata.org/entity/Q99585130
K9C8BAH5GTL1,19,0,http://www.wikidata.org/entity/Q99673570
K9C8BAH5GTL1,20,0,http://www.wikidata.org/entity/Q7390401
B83WSCZM9HZG,1,0,http://www.wikidata.org/entity/Q110715325
B83WSCZM9HZG,2,0,http://www.wikidata.org/entity/Q1607718
B83WSCZM9HZG,3,0,http://www.wikidata.org/entity/Q1017670
B83WSCZM9HZG,4,0,http://www.wikidata.org/entity/Q1790908
B83WSCZM9HZG,5,0,http://www.wikidata.org/entity/Q19904167
B83WSCZM9HZG,6,0,http://www.wikidata.org/entity/Q1146887
B83WSCZM9HZG,7,0,http://www.wikidata.org/entity/Q1714948
B83WSCZM9HZG,8,0,http://www.wikidata.org/entity/Q3565837
B83WSCZM9HZG,9,0,http://www.wikidata.org/entity/Q89187604
B83WSCZM9HZG,10,0,http://www.wikidata.org/entity/Q105816197
B83WSCZM9HZG,11,0,http://www.wikidata.org/entity/Q3675550
B83WSCZM9HZG,12,0,http://www.wikidata.org/entity/Q30102988
B83WSCZM9HZG,13,0,http://www.wikidata.org/entity/Q216658
B83WSCZM9HZG,14,0,http://www.wikidata.org/entity/Q1446110
B83WSCZM9HZG,15,0,http://www.wikidata.org/entity/Q1028126
B83WSCZM9HZG,16,0,http://www.wikidata.org/entity/Q12030211
B83WSCZM9HZG,17,0,http://www.wikidata.org/entity/Q1407536
B83WSCZM9HZG,18,0,http://www.wikidata.org/entity/Q15788082
B83WSCZM9HZG,19,0,http://www.wikidata.org/entity/Q26267953
B83WSCZM9HZG,20,0,http://www.wikidata.org/entity/Q11216442
B83WSCZM9HZG,21,0,http://www.wikidata.org/entity/Q1095649
B83WSCZM9HZG,22,0,http://www.wikidata.org/entity/Q5198770
4WDLD4BQK9CI,1,0,http://www.wikidata.org/entity/Q995929
4WDLD4BQK9CI,2,0,http://www.wikidata.org/entity/Q2706457
4WDLD4BQK9CI,3,0,http://www.wikidata.org/entity/Q25923
4WDLD4BQK9CI,4,0,http://www.wikidata.org/entity/Q55619098
4WDLD4BQK9CI,5,0,http://www.wikidata.org/entity/Q308223
4WDLD4BQK9CI,6,0,http://www.wikidata.org/entity/Q2977929
4WDLD4BQK9CI,7,0,http://www.wikidata.org/entity/Q11283088
4WDLD4BQK9CI,8,0,http://www.wikidata.org/entity/Q1769683
4WDLD4BQK9CI,9,0,http://www.wikidata.org/entity/Q1963115
CY8OTYVREP3A,1,0,http://www.wikidata.org/entity/Q2118043
CY8OTYVREP3A,2,0,http://www.wikidata.org/entity/Q2558183
CY8OTYVREP3A,3,0,http://www.wikidata.org/entity/Q1066814
CY8OTYVREP3A,4,0,http://www.wikidata.org/entity/Q29018530
CY8OTYVREP3A,5,0,http://www.wikidata.org/entity/Q404541
CY8OTYVREP3A,6,0,http://www.wikidata.org/entity/Q861626
CY8OTYVREP3A,7,0,http://www.wikidata.org/entity/Q1720127
ZYBWMKQ96BQN,1,0,http://www.wikidata.org/entity/Q4475285
ZYBWMKQ96BQN,2,0,http://www.wikidata.org/entity/Q1785063
ZYBWMKQ96BQN,3,0,http://www.wikidata.org/entity/Q1661538
ZYBWMKQ96BQN,4,0,http://www.wikidata.org/entity/Q7449173
ZYBWMKQ96BQN,5,0,http://www.wikidata.org/entity/Q6092603
E1K6IFALZECZ,1,0,http://www.wikidata.org/entity/Q3483892
E1K6IFALZECZ,2,0,http://www.wikidata.org/entity/Q2882834
LI67G1MUKR7N,1,0,http://www.wikidata.org/entity/Q9693093
LI67G1MUKR7N,2,0,http://www.wikidata.org/entity/Q9674200
LI67G1MUKR7N,3,0,http://www.wikidata.org/entity/Q9669076
LI67G1MUKR7N,4,0,http://www.wikidata.org/entity/Q9668976
LI67G1MUKR7N,5,0,http://www.wikidata.org/entity/Q9668826
LI67G1MUKR7N,6,0,http://www.wikidata.org/entity/Q24065756
LI67G1MUKR7N,7,0,http://www.wikidata.org/entity/Q24065755
LI67G1MUKR7N,8,0,http://www.wikidata.org/entity/Q24065752
LI67G1MUKR7N,9,0,http://www.wikidata.org/entity/Q24065751
LI67G1MUKR7N,10,0,http://www.wikidata.org/entity/Q24065748
LI67G1MUKR7N,11,0,http://www.wikidata.org/entity/Q24065747
LI67G1MUKR7N,12,0,http://www.wikidata.org/entity/Q24065745
LI67G1MUKR7N,13,0,http://www.wikidata.org/entity/Q24065744
LI67G1MUKR7N,14,0,http://www.wikidata.org/entity/Q24065743
LI67G1MUKR7N,15,0,http://www.wikidata.org/entity/Q24065742
LI67G1MUKR7N,16,0,http://www.wikidata.org/entity/Q24065738
LI67G1MUKR7N,17,0,http://www.wikidata.org/entity/Q24065734
LI67G1MUKR7N,18,0,http://www.wikidata.org/entity/Q24065731
LI67G1MUKR7N,19,0,http://www.wikidata.org/entity/Q24065727
LI67G1MUKR7N,20,0,http://www.wikidata.org/entity/Q24065725
LI67G1MUKR7N,21,0,http://www.wikidata.org/entity/Q24065719
LI67G1MUKR7N,22,0,http://www.wikidata.org/entity/Q24065718
LI67G1MUKR7N,23,0,http://www.wikidata.org/entity/Q24065717
HTP4EHY8K4Z6,1,0,http://www.wikidata.org/entity/Q2777301
HTP4EHY8K4Z6,2,0,http://www.wikidata.org/entity/Q2777262
HTP4EHY8K4Z6,3,0,http://www.wikidata.org/entity/Q2777183
HTP4EHY8K4Z6,4,0,http://www.wikidata.org/entity/Q2777170
HTP4EHY8K4Z6,5,0,http://www.wikidata.org/entity/Q2777042
HTP4EHY8K4Z6,6,0,http://www.wikidata.org/entity/Q2776900
HTP4EHY8K4Z6,7,0,http://www.wikidata.org/entity/Q2776865
HTP4EHY8K4Z6,8,0,http://www.wikidata.org/entity/Q2776838
HTP4EHY8K4Z6,9,0,http://www.wikidata.org/entity/Q2776828
HTP4EHY8K4Z6,10,0,http://www.wikidata.org/entity/Q2776813
HTP4EHY8K4Z6,11,0,http://www.wikidata.org/entity/Q2776801
HTP4EHY8K4Z6,12,0,http://www.wikidata.org/entity/Q2776755
HTP4EHY8K4Z6,13,0,http://www.wikidata.org/entity/Q2776697
HTP4EHY8K4Z6,14,0,http://www.wikidata.org/entity/Q2776370
HTP4EHY8K4Z6,15,0,http://www.wikidata.org/entity/Q2776350
HTP4EHY8K4Z6,16,0,http://www.wikidata.org/entity/Q2750784
HTP4EHY8K4Z6,17,0,http://www.wikidata.org/entity/Q2612754
HTP4EHY8K4Z6,18,0,http://www.wikidata.org/entity/Q2378354
HTP4EHY8K4Z6,19,0,http://www.wikidata.org/entity/Q1956376
HTP4EHY8K4Z6,20,0,http://www.wikidata.org/entity/Q1882276
HTP4EHY8K4Z6,21,0,http://www.wikidata.org/entity/Q1325037
HTP4EHY8K4Z6,22,0,http://www.wikidata.org/entity/Q772632
6S1LB4RP749R,1,0,http://www.wikidata.org/entity/Q326354
6S1LB4RP749R,2,0,http://www.wikidata.org/entity/Q325164
6S1LB4RP749R,3,0,http://www.wikidata.org/entity/Q324293
6S1LB4RP749R,4,0,http://www.wikidata.org/entity/Q323432
31B6WW7GZDX1,1,0,http://www.wikidata.org/entity/Q282335
31B6WW7GZDX1,2,0,http://www.wikidata.org/entity/Q279951
31B6WW7GZDX1,3,0,http://www.wikidata.org/entity/Q279009
31B6WW7GZDX1,4,0,http://www.wikidata.org/entity/Q276534
31B6WW7GZDX1,5,0,http://www.wikidata.org/entity/Q276176
31B6WW7GZDX1,6,0,http://www.wikidata.org/entity/Q274584
31B6WW7GZDX1,7,0,http://www.wikidata.org/entity/Q273779
31B6WW7GZDX1,8,0,http://www.wikidata.org/entity/Q272795
31B6WW7GZDX1,9,0,http://www.wikidata.org/entity/Q272471
31B6WW7GZDX1,10,0,http://www.wikidata.org/entity/Q272093
31B6WW7GZDX1,11,0,http://www.wikidata.org/entity/Q271771
31B6WW7GZDX1,12,0,http://www.wikidata.org/entity/Q271733
31B6WW7GZDX1,13,0,http://www.wikidata.org/entity/Q271730
31B6WW7GZDX1,14,0,http://www.wikidata.org/entity/Q271619
31B6WW7GZDX1,15,0,http://www.wikidata.org/entity/Q271333
31B6WW7GZDX1,16,0,http://www.wikidata.org/entity/Q270806
KFEWE0VVIQN7,1,0,http://www.wikidata.org/entity/Q22330329
KFEWE0VVIQN7,2,0,http://www.wikidata.org/entity/Q87472471
KFEWE0VVIQN7,3,0,http://www.wikidata.org/entity/Q22330331
KFEWE0VVIQN7,4,0,http://www.wikidata.org/entity/Q20312513
KFEWE0VVIQN7,5,0,http://www.wikidata.org/entity/Q24971064
KFEWE0VVIQN7,6,0,http://www.wikidata.org/entity/Q87461211
KFEWE0VVIQN7,7,0,http://www.wikidata.org/entity/Q19901848
KFEWE0VVIQN7,8,0,http://www.wikidata.org/entity/Q20312493
KFEWE0VVIQN7,9,0,http://www.wikidata.org/entity/Q14945418
KFEWE0VVIQN7,10,0,http://www.wikidata.org/entity/Q58386566
KFEWE0VVIQN7,11,0,http://www.wikidata.org/entity/Q87474512
F20SLYRJX9DR,1,0,http://www.wikidata.org/entity/Q6665156
F20SLYRJX9DR,2,0,http://www.wikidata.org/entity/Q870494
PVU82DZF8MBZ,1,0,http://www.wikidata.org/entity/Q16963
PVU82DZF8MBZ,2,0,http://www.wikidata.org/entity/Q15175
6NMYCOY46D69,1,0,http://www.wikidata.org/entity/Q1759902
6NMYCOY46D69,2,0,http://www.wikidata.org/entity/Q1762596
6NMYCOY46D69,3,0,http://www.wikidata.org/entity/Q2430823
6NMYCOY46D69,4,0,http://www.wikidata.org/entity/Q497300
6NMYCOY46D69,5,0,http://www.wikidata.org/entity/Q957994
6NMYCOY46D69,6,0,http://www.wikidata.org/entity/Q1765845
6NMYCOY46D69,7,0,http://www.wikidata.org/entity/Q1760807
6NMYCOY46D69,8,0,http://www.wikidata.org/entity/Q1767962
6NMYCOY46D69,9,0,http://www.wikidata.org/entity/Q2415755
6NMYCOY46D69,10,0,http://www.wikidata.org/entity/Q2396332
6NMYCOY46D69,11,0,http://www.wikidata.org/entity/Q515842
6NMYCOY46D69,12,0,http://www.wikidata.org/entity/Q977448
6NMYCOY46D69,13,0,http://www.wikidata.org/entity/Q1763405
6NMYCOY46D69,14,0,http://www.wikidata.org/entity/Q1760735
6NMYCOY46D69,15,0,http://www.wikidata.org/entity/Q583585
XIWZDVVCBXL9,1,0,http://www.wikidata.org/entity/Q2506377
XIWZDVVCBXL9,2,0,http://www.wikidata.org/entity/Q2506353
G8UX74VLA2D5,1,0,http://www.wikidata.org/entity/Q688180
G8UX74VLA2D5,2,0,http://www.wikidata.org/entity/Q688173
G8UX74VLA2D5,3,0,http://www.wikidata.org/entity/Q688145
G8UX74VLA2D5,4,0,http://www.wikidata.org/entity/Q688117
G8UX74VLA2D5,5,0,http://www.wikidata.org/entity/Q688098
G8UX74VLA2D5,6,0,http://www.wikidata.org/entity/Q688091
G8UX74VLA2D5,7,0,http://www.wikidata.org/entity/Q688083
G8UX74VLA2D5,8,0,http://www.wikidata.org/entity/Q688057
G8UX74VLA2D5,9,0,http://www.wikidata.org/entity/Q688053
G8UX74VLA2D5,10,0,http://www.wikidata.org/entity/Q688049
ZX0JZQB3S7Z2,1,0,http://www.wikidata.org/entity/Q60789399
ZX0JZQB3S7Z2,2,0,http://www.wikidata.org/entity/Q60788730
ZX0JZQB3S7Z2,3,0,http://www.wikidata.org/entity/Q108640947
ZX0JZQB3S7Z2,4,0,http://www.wikidata.org/entity/Q60789525
ZX0JZQB3S7Z2,5,0,http://www.wikidata.org/entity/Q60794312
ZX0JZQB3S7Z2,6,0,http://www.wikidata.org/entity/Q60794241
ZX0JZQB3S7Z2,7,0,http://www.wikidata.org/entity/Q60795179
ZX0JZQB3S7Z2,8,0,http://www.wikidata.org/entity/Q60788799
ZX0JZQB3S7Z2,9,0,http://www.wikidata.org/entity/Q60789575
ZX0JZQB3S7Z2,10,0,http://www.wikidata.org/entity/Q60789310
ZX0JZQB3S7Z2,11,0,http://www.wikidata.org/entity/Q60794524
ZX0JZQB3S7Z2,12,0,http://www.wikidata.org/entity/Q60793893
ZX0JZQB3S7Z2,13,0,http://www.wikidata.org/entity/Q60789523
ZX0JZQB3S7Z2,14,0,http://www.wikidata.org/entity/Q60788884
ZX0JZQB3S7Z2,15,0,http://www.wikidata.org/entity/Q60794333
ZX0JZQB3S7Z2,16,0,http://www.wikidata.org/entity/Q60794237
ZX0JZQB3S7Z2,17,0,http://www.wikidata.org/entity/Q60794007
ZX0JZQB3S7Z2,18,0,http://www.wikidata.org/entity/Q96390793
ITHIT7X70DFU,1,0,http://www.wikidata.org/entity/Q2401833
ITHIT7X70DFU,2,0,http://www.wikidata.org/entity/Q1748654
ITHIT7X70DFU,3,0,http://www.wikidata.org/entity/Q951729
ITHIT7X70DFU,4,0,http://www.wikidata.org/entity/Q4005975
ITHIT7X70DFU,5,0,http://www.wikidata.org/entity/Q2574268
ITHIT7X70DFU,6,0,http://www.wikidata.org/entity/Q2608408
ITHIT7X70DFU,7,0,http://www.wikidata.org/entity/Q1005750
ITHIT7X70DFU,8,0,http://www.wikidata.org/entity/Q2402199
ITHIT7X70DFU,9,0,http://www.wikidata.org/entity/Q1023983
ITHIT7X70DFU,10,0,http://www.wikidata.org/entity/Q2608186
ITHIT7X70DFU,11,0,http://www.wikidata.org/entity/Q2402809
ITHIT7X70DFU,12,0,http://www.wikidata.org/entity/Q2402566
ITHIT7X70DFU,13,0,http://www.wikidata.org/entity/Q991400
ITHIT7X70DFU,14,0,http://www.wikidata.org/entity/Q388686
TRAUEF711480,1,0,http://www.wikidata.org/entity/Q52353913
TRAUEF711480,2,0,http://www.wikidata.org/entity/Q83631685
TRAUEF711480,3,0,http://www.wikidata.org/entity/Q83627950
TRAUEF711480,4,0,http://www.wikidata.org/entity/Q56161288
TRAUEF711480,5,0,http://www.wikidata.org/entity/Q52380471
TRAUEF711480,6,0,http://www.wikidata.org/entity/Q52353371
TRAUEF711480,7,0,http://www.wikidata.org/entity/Q83627654
TRAUEF711480,8,0,http://www.wikidata.org/entity/Q83649046
TRAUEF711480,9,0,http://www.wikidata.org/entity/Q47147853
TRAUEF711480,10,0,http://www.wikidata.org/entity/Q83638788
TRAUEF711480,11,0,http://www.wikidata.org/entity/Q83631109
TRAUEF711480,12,0,http://www.wikidata.org/entity/Q83626986
K3RBOQ76HSQ8,1,0,http://www.wikidata.org/entity/Q31899492
K3RBOQ76HSQ8,2,0,http://www.wikidata.org/entity/Q6457305
4M3ZWJHXZPJ0,1,0,http://www.wikidata.org/entity/Q102426425
4M3ZWJHXZPJ0,2,0,http://www.wikidata.org/entity/Q376541
4M3ZWJHXZPJ0,3,0,http://www.wikidata.org/entity/Q2991063
4M3ZWJHXZPJ0,4,0,http://www.wikidata.org/entity/Q3891062
4M3ZWJHXZPJ0,5,0,http://www.wikidata.org/entity/Q2639775
4M3ZWJHXZPJ0,6,0,http://www.wikidata.org/entity/Q2330431
4M3ZWJHXZPJ0,7,0,http://www.wikidata.org/entity/Q7810698
4M3ZWJHXZPJ0,8,0,http://www.wikidata.org/entity/Q5180099
4M3ZWJHXZPJ0,9,0,http://www.wikidata.org/entity/Q2000139
4M3ZWJHXZPJ0,10,0,http://www.wikidata.org/entity/Q3844591
4M3ZWJHXZPJ0,11,0,http://www.wikidata.org/entity/Q3849654
4M3ZWJHXZPJ0,12,0,http://www.wikidata.org/entity/Q3846597
4M3ZWJHXZPJ0,13,0,http://www.wikidata.org/entity/Q175830
ZNM10U3KG64U,1,0,http://www.wikidata.org/entity/Q2592307
ZNM10U3KG64U,2,0,http://www.wikidata.org/entity/Q2591099
ZNM10U3KG64U,3,0,http://www.wikidata.org/entity/Q2591063
ZNM10U3KG64U,4,0,http://www.wikidata.org/entity/Q2591037
ZNM10U3KG64U,5,0,http://www.wikidata.org/entity/Q2591022
ZNM10U3KG64U,6,0,http://www.wikidata.org/entity/Q3849557
ZNM10U3KG64U,7,0,http://www.wikidata.org/entity/Q3849545
ZNM10U3KG64U,8,0,http://www.wikidata.org/entity/Q3849521
ZNM10U3KG64U,9,0,http://www.wikidata.org/entity/Q3849508
ZNM10U3KG64U,10,0,http://www.wikidata.org/entity/Q3849488
ZNM10U3KG64U,11,0,http://www.wikidata.org/entity/Q3849444
ZNM10U3KG64U,12,0,http://www.wikidata.org/entity/Q3849143
ZNM10U3KG64U,13,0,http://www.wikidata.org/entity/Q3847320
ZNM10U3KG64U,14,0,http://www.wikidata.org/entity/Q3847301
ZNM10U3KG64U,15,0,http://www.wikidata.org/entity/Q3847292
ZNM10U3KG64U,16,0,http://www.wikidata.org/entity/Q3847267
ZNM10U3KG64U,17,0,http://www.wikidata.org/entity/Q3847092
ZNM10U3KG64U,18,0,http://www.wikidata.org/entity/Q3847037
ZNM10U3KG64U,19,0,http://www.wikidata.org/entity/Q3847032
ZNM10U3KG64U,20,0,http://www.wikidata.org/entity/Q3847025
ZNM10U3KG64U,21,0,http://www.wikidata.org/entity/Q3846966
MU8DPSHVEOV5,1,0,http://www.wikidata.org/entity/Q4238655
MU8DPSHVEOV5,2,0,http://www.wikidata.org/entity/Q2166757
MU8DPSHVEOV5,3,0,http://www.wikidata.org/entity/Q4082499
MU8DPSHVEOV5,4,0,http://www.wikidata.org/entity/Q4195446
MU8DPSHVEOV5,5,0,http://www.wikidata.org/entity/Q4498430
MU8DPSHVEOV5,6,0,http://www.wikidata.org/entity/Q16679371
MU8DPSHVEOV5,7,0,http://www.wikidata.org/entity/Q21036237
MU8DPSHVEOV5,8,0,http://www.wikidata.org/entity/Q4450320
MU8DPSHVEOV5,9,0,http://www.wikidata.org/entity/Q4328140
MU8DPSHVEOV5,10,0,http://www.wikidata.org/entity/Q4200626
MU8DPSHVEOV5,11,0,http://www.wikidata.org/entity/Q4513270
MU8DPSHVEOV5,12,0,http://www.wikidata.org/entity/Q4080161
MU8DPSHVEOV5,13,0,http://www.wikidata.org/entity/Q37959742
MU8DPSHVEOV5,14,0,http://www.wikidata.org/entity/Q37961874
MU8DPSHVEOV5,15,0,http://www.wikidata.org/entity/Q37965055
MU8DPSHVEOV5,16,0,http://www.wikidata.org/entity/Q4146860
MU8DPSHVEOV5,17,0,http://www.wikidata.org/entity/Q2465160
MU8DPSHVEOV5,18,0,http://www.wikidata.org/entity/Q25396796
MU8DPSHVEOV5,19,0,http://www.wikidata.org/entity/Q13668056
MU8DPSHVEOV5,20,0,http://www.wikidata.org/entity/Q2947742
UYWBPYESFZA3,1,0,http://www.wikidata.org/entity/Q2010642
UYWBPYESFZA3,2,0,http://www.wikidata.org/entity/Q21590235
UYWBPYESFZA3,3,0,http://www.wikidata.org/entity/Q21501248
UYWBPYESFZA3,4,0,http://www.wikidata.org/entity/Q21422796
UYWBPYESFZA3,5,0,http://www.wikidata.org/entity/Q21533686
UYWBPYESFZA3,6,0,http://www.wikidata.org/entity/Q16329805
UYWBPYESFZA3,7,0,http://www.wikidata.org/entity/Q12875758
UYWBPYESFZA3,8,0,http://www.wikidata.org/entity/Q3564469
UYWBPYESFZA3,9,0,http://www.wikidata.org/entity/Q21601312
UYWBPYESFZA3,10,0,http://www.wikidata.org/entity/Q1070728
UYWBPYESFZA3,11,0,http://www.wikidata.org/entity/Q21533769
UYWBPYESFZA3,12,0,http://www.wikidata.org/entity/Q2428857
7NFHKYVCZ6YF,1,0,http://www.wikidata.org/entity/Q3620770
7NFHKYVCZ6YF,2,0,http://www.wikidata.org/entity/Q21481453
7NFHKYVCZ6YF,3,0,http://www.wikidata.org/entity/Q21422715
7NFHKYVCZ6YF,4,0,http://www.wikidata.org/entity/Q21560187
7NFHKYVCZ6YF,5,0,http://www.wikidata.org/entity/Q21556304
7NFHKYVCZ6YF,6,0,http://www.wikidata.org/entity/Q21591237
7NFHKYVCZ6YF,7,0,http://www.wikidata.org/entity/Q1996872
7NFHKYVCZ6YF,8,0,http://www.wikidata.org/entity/Q21705474
7NFHKYVCZ6YF,9,0,http://www.wikidata.org/entity/Q21533789
7NFHKYVCZ6YF,10,0,http://www.wikidata.org/entity/Q432259
7NFHKYVCZ6YF,11,0,http://www.wikidata.org/entity/Q21622083
7NFHKYVCZ6YF,12,0,http://www.wikidata.org/entity/Q21623431
7NFHKYVCZ6YF,13,0,http://www.wikidata.org/entity/Q1154499
7NFHKYVCZ6YF,14,0,http://www.wikidata.org/entity/Q21504362
7NFHKYVCZ6YF,15,0,http://www.wikidata.org/entity/Q21540539
7NFHKYVCZ6YF,16,0,http://www.wikidata.org/entity/Q21623447
7NFHKYVCZ6YF,17,0,http://www.wikidata.org/entity/Q21498803
7NFHKYVCZ6YF,18,0,http://www.wikidata.org/entity/Q5072988
7NFHKYVCZ6YF,19,0,http://www.wikidata.org/entity/Q2479092
7NFHKYVCZ6YF,20,0,http://www.wikidata.org/entity/Q16327772
IE9JTF2GELNV,1,0,http://www.wikidata.org/entity/Q13029443
IE9JTF2GELNV,2,0,http://www.wikidata.org/entity/Q3920953
IE9JTF2GELNV,3,0,http://www.wikidata.org/entity/Q20468723
IE9JTF2GELNV,4,0,http://www.wikidata.org/entity/Q4169631
IE9JTF2GELNV,5,0,http://www.wikidata.org/entity/Q4169641
IE9JTF2GELNV,6,0,http://www.wikidata.org/entity/Q3918807
IE9JTF2GELNV,7,0,http://www.wikidata.org/entity/Q20611926
IE9JTF2GELNV,8,0,http://www.wikidata.org/entity/Q21657102
IE9JTF2GELNV,9,0,http://www.wikidata.org/entity/Q20189207
IE9JTF2GELNV,10,0,http://www.wikidata.org/entity/Q4991678
IE9JTF2GELNV,11,0,http://www.wikidata.org/entity/Q17094832
IE9JTF2GELNV,12,0,http://www.wikidata.org/entity/Q20467685
IE9JTF2GELNV,13,0,http://www.wikidata.org/entity/Q21650081
IE9JTF2GELNV,14,0,http://www.wikidata.org/entity/Q21651102
IE9JTF2GELNV,15,0,http://www.wikidata.org/entity/Q6492846
IE9JTF2GELNV,16,0,http://www.wikidata.org/entity/Q2034974
IE9JTF2GELNV,17,0,http://www.wikidata.org/entity/Q4094246
IE9JTF2GELNV,18,0,http://www.wikidata.org/entity/Q6503086
CXJB28S74JHS,1,0,http://www.wikidata.org/entity/Q6502346
CXJB28S74JHS,2,0,http://www.wikidata.org/entity/Q3919060
CXJB28S74JHS,3,0,http://www.wikidata.org/entity/Q17046370
CXJB28S74JHS,4,0,http://www.wikidata.org/entity/Q6532704
CXJB28S74JHS,5,0,http://www.wikidata.org/entity/Q4390813
CXJB28S74JHS,6,0,http://www.wikidata.org/entity/Q21629116
CXJB28S74JHS,7,0,http://www.wikidata.org/entity/Q20611867
CXJB28S74JHS,8,0,http://www.wikidata.org/entity/Q6502073
CXJB28S74JHS,9,0,http://www.wikidata.org/entity/Q6490800
CXJB28S74JHS,10,0,http://www.wikidata.org/entity/Q6503933
CXJB28S74JHS,11,0,http://www.wikidata.org/entity/Q16699505
CXJB28S74JHS,12,0,http://www.wikidata.org/entity/Q21649916
CXJB28S74JHS,13,0,http://www.wikidata.org/entity/Q6484756
CXJB28S74JHS,14,0,http://www.wikidata.org/entity/Q3917746
CXJB28S74JHS,15,0,http://www.wikidata.org/entity/Q4272559
CXJB28S74JHS,16,0,http://www.wikidata.org/entity/Q21651030
CXJB28S74JHS,17,0,http://www.wikidata.org/entity/Q4502540
CXJB28S74JHS,18,0,http://www.wikidata.org/entity/Q4440629
CXJB28S74JHS,19,0,http://www.wikidata.org/entity/Q13134086
CXJB28S74JHS,20,0,http://www.wikidata.org/entity/Q20662428
CXJB28S74JHS,21,0,http://www.wikidata.org/entity/Q21647721
CXJB28S74JHS,22,0,http://www.wikidata.org/entity/Q4210966
CXJB28S74JHS,23,0,http://www.wikidata.org/entity/Q4183651
CXJB28S74JHS,24,0,http://www.wikidata.org/entity/Q13028182
J9D1FZB6GFJ9,1,0,http://www.wikidata.org/entity/Q24485063
J9D1FZB6GFJ9,2,0,http://www.wikidata.org/entity/Q24485015
J9D1FZB6GFJ9,3,0,http://www.wikidata.org/entity/Q24484957
J9D1FZB6GFJ9,4,0,http://www.wikidata.org/entity/Q24484921
J9D1FZB6GFJ9,5,0,http://www.wikidata.org/entity/Q24484853
J9D1FZB6GFJ9,6,0,http://www.wikidata.org/entity/Q24484780
J9D1FZB6GFJ9,7,0,http://www.wikidata.org/entity/Q24484763
J9D1FZB6GFJ9,8,0,http://www.wikidata.org/entity/Q24484760
UVL8GYNQLPI1,1,0,http://www.wikidata.org/entity/Q24483576
UVL8GYNQLPI1,2,0,http://www.wikidata.org/entity/Q24483561
UVL8GYNQLPI1,3,0,http://www.wikidata.org/entity/Q24483539
UVL8GYNQLPI1,4,0,http://www.wikidata.org/entity/Q24483505
UVL8GYNQLPI1,5,0,http://www.wikidata.org/entity/Q24483478
UVL8GYNQLPI1,6,0,http://www.wikidata.org/entity/Q24483464
UVL8GYNQLPI1,7,0,http://www.wikidata.org/entity/Q24483444
UVL8GYNQLPI1,8,0,http://www.wikidata.org/entity/Q24483294
UVL8GYNQLPI1,9,0,http://www.wikidata.org/entity/Q24483213
UVL8GYNQLPI1,10,0,http://www.wikidata.org/entity/Q24483206
UVL8GYNQLPI1,11,0,http://www.wikidata.org/entity/Q24483123
1FPA6C6X373C,1,0,http://www.wikidata.org/entity/Q24324628
1FPA6C6X373C,2,0,http://www.wikidata.org/entity/Q24324624
1FPA6C6X373C,3,0,http://www.wikidata.org/entity/Q24324565
1FPA6C6X373C,4,0,http://www.wikidata.org/entity/Q24324548
1FPA6C6X373C,5,0,http://www.wikidata.org/entity/Q24324540
1FPA6C6X373C,6,0,http://www.wikidata.org/entity/Q24324424
1FPA6C6X373C,7,0,http://www.wikidata.org/entity/Q24324397
1FPA6C6X373C,8,0,http://www.wikidata.org/entity/Q24324379
VA8C6M1IKFWD,1,0,http://www.wikidata.org/entity/Q506745
VA8C6M1IKFWD,2,0,http://www.wikidata.org/entity/Q106327880
C93I20EYE7XB,1,0,http://www.wikidata.org/entity/Q2061377
C93I20EYE7XB,2,0,http://www.wikidata.org/entity/Q2061349
3LEHEMNOQJ81,1,0,http://www.wikidata.org/entity/Q115573648
3LEHEMNOQJ81,2,0,http://www.wikidata.org/entity/Q117108298
3LEHEMNOQJ81,3,0,http://www.wikidata.org/entity/Q1206242
3LEHEMNOQJ81,4,0,http://www.wikidata.org/entity/Q43382865
3LEHEMNOQJ81,5,0,http://www.wikidata.org/entity/Q1941614
OUPLI97RCRID,1,0,http://www.wikidata.org/entity/Q2550679
OUPLI97RCRID,2,0,http://www.wikidata.org/entity/Q2396791
OUPLI97RCRID,3,0,http://www.wikidata.org/entity/Q2353553
OUPLI97RCRID,4,0,http://www.wikidata.org/entity/Q2350630
OUPLI97RCRID,5,0,http://www.wikidata.org/entity/Q2302152
OUPLI97RCRID,6,0,http://www.wikidata.org/entity/Q2239371
OUPLI97RCRID,7,0,http://www.wikidata.org/entity/Q2132320
OUPLI97RCRID,8,0,http://www.wikidata.org/entity/Q2105945
OUPLI97RCRID,9,0,http://www.wikidata.org/entity/Q1796266
OUPLI97RCRID,10,0,http://www.wikidata.org/entity/Q1723379
OUPLI97RCRID,11,0,http://www.wikidata.org/entity/Q1684951
OUPLI97RCRID,12,0,http://www.wikidata.org/entity/Q1643364
OUPLI97RCRID,13,0,http://www.wikidata.org/entity/Q1469910
OUPLI97RCRID,14,0,http://www.wikidata.org/entity/Q1420464
OUPLI97RCRID,15,0,http://www.wikidata.org/entity/Q1385407
OON5QRFUOX3A,1,0,http://www.wikidata.org/entity/Q18366633
OON5QRFUOX3A,2,0,http://www.wikidata.org/entity/Q14634706
OON5QRFUOX3A,3,0,http://www.wikidata.org/entity/Q14679220
OON5QRFUOX3A,4,0,http://www.wikidata.org/entity/Q13096234
DR34V6KJQP4F,1,0,http://www.wikidata.org/entity/Q4546656
DR34V6KJQP4F,2,0,http://www.wikidata.org/entity/Q5098360
DR34V6KJQP4F,3,0,http://www.wikidata.org/entity/Q5175609
DR34V6KJQP4F,4,0,http://www.wikidata.org/entity/Q2720226
DR34V6KJQP4F,5,0,http://www.wikidata.org/entity/Q1194542
DR34V6KJQP4F,6,0,http://www.wikidata.org/entity/Q6767406
DR34V6KJQP4F,7,0,http://www.wikidata.org/entity/Q10847522
DR34V6KJQP4F,8,0,http://www.wikidata.org/entity/Q10847927
DR34V6KJQP4F,9,0,http://www.wikidata.org/entity/Q3780750
DR34V6KJQP4F,10,0,http://www.wikidata.org/entity/Q3781223
DR34V6KJQP4F,11,0,http://www.wikidata.org/entity/Q2608306
DR34V6KJQP4F,12,0,http://www.wikidata.org/entity/Q7245377
DR34V6KJQP4F,13,0,http://www.wikidata.org/entity/Q633431
DR34V6KJQP4F,14,0,http://www.wikidata.org/entity/Q10847533
DR34V6KJQP4F,15,0,http://www.wikidata.org/entity/Q4632890
DR34V6KJQP4F,16,0,http://www.wikidata.org/entity/Q4039830
DR34V6KJQP4F,17,0,http://www.wikidata.org/entity/Q10349314
DR34V6KJQP4F,18,0,http://www.wikidata.org/entity/Q652259
DR34V6KJQP4F,19,0,http://www.wikidata.org/entity/Q4643187
DR34V6KJQP4F,20,0,http://www.wikidata.org/entity/Q4547313
HCEGU1F5NOVD,1,0,http://www.wikidata.org/entity/Q10850341
HCEGU1F5NOVD,2,0,http://www.wikidata.org/entity/Q47570
HCEGU1F5NOVD,3,0,http://www.wikidata.org/entity/Q12064376
HCEGU1F5NOVD,4,0,http://www.wikidata.org/entity/Q1070705
HCEGU1F5NOVD,5,0,http://www.wikidata.org/entity/Q1145510
HCEGU1F5NOVD,6,0,http://www.wikidata.org/entity/Q97500765
HCEGU1F5NOVD,7,0,http://www.wikidata.org/entity/Q1070015
HCEGU1F5NOVD,8,0,http://www.wikidata.org/entity/Q3780848
HCEGU1F5NOVD,9,0,http://www.wikidata.org/entity/Q12067656
HCEGU1F5NOVD,10,0,http://www.wikidata.org/entity/Q9097663
HCEGU1F5NOVD,11,0,http://www.wikidata.org/entity/Q12065304
HCEGU1F5NOVD,12,0,http://www.wikidata.org/entity/Q16688127
HCEGU1F5NOVD,13,0,http://www.wikidata.org/entity/Q12064493
JS0QTY1NC400,1,0,http://www.wikidata.org/entity/Q12064634
JS0QTY1NC400,2,0,http://www.wikidata.org/entity/Q629637
JS0QTY1NC400,3,0,http://www.wikidata.org/entity/Q10940939
JS0QTY1NC400,4,0,http://www.wikidata.org/entity/Q66492288
JS0QTY1NC400,5,0,http://www.wikidata.org/entity/Q15875770
JS0QTY1NC400,6,0,http://www.wikidata.org/entity/Q3780744
JS0QTY1NC400,7,0,http://www.wikidata.org/entity/Q1485709
JS0QTY1NC400,8,0,http://www.wikidata.org/entity/Q10850592
JS0QTY1NC400,9,0,http://www.wikidata.org/entity/Q9285051
JS0QTY1NC400,10,0,http://www.wikidata.org/entity/Q15120225
JS0QTY1NC400,11,0,http://www.wikidata.org/entity/Q11089048
JS0QTY1NC400,12,0,http://www.wikidata.org/entity/Q2403357
JS0QTY1NC400,13,0,http://www.wikidata.org/entity/Q12067030
JS0QTY1NC400,14,0,http://www.wikidata.org/entity/Q13232
JS0QTY1NC400,15,0,http://www.wikidata.org/entity/Q10847934
JS0QTY1NC400,16,0,http://www.wikidata.org/entity/Q3780742
JS0QTY1NC400,17,0,http://www.wikidata.org/entity/Q1749287
JS0QTY1NC400,18,0,http://www.wikidata.org/entity/Q10303445
JS0QTY1NC400,19,0,http://www.wikidata.org/entity/Q15939681
XEZEN5V6JWBZ,1,0,http://www.wikidata.org/entity/Q1212798
XEZEN5V6JWBZ,2,0,http://www.wikidata.org/entity/Q3918268
XEZEN5V6JWBZ,3,0,http://www.wikidata.org/entity/Q66823353
XEZEN5V6JWBZ,4,0,http://www.wikidata.org/entity/Q4315393
XEZEN5V6JWBZ,5,0,http://www.wikidata.org/entity/Q74231537
XEZEN5V6JWBZ,6,0,http://www.wikidata.org/entity/Q2927070
XEZEN5V6JWBZ,7,0,http://www.wikidata.org/entity/Q29018974
XEZEN5V6JWBZ,8,0,http://www.wikidata.org/entity/Q124260956
XEZEN5V6JWBZ,9,0,http://www.wikidata.org/entity/Q11588278
XEZEN5V6JWBZ,10,0,http://www.wikidata.org/entity/Q28869877
XEZEN5V6JWBZ,11,0,http://www.wikidata.org/entity/Q119941977
DU5568JP6CP5,1,0,http://www.wikidata.org/entity/Q797222
DU5568JP6CP5,2,0,http://www.wikidata.org/entity/Q2647790
DU5568JP6CP5,3,0,http://www.wikidata.org/entity/Q949810
DU5568JP6CP5,4,0,http://www.wikidata.org/entity/Q589684
DU5568JP6CP5,5,0,http://www.wikidata.org/entity/Q59081805
GK9LNJD49ETR,1,0,http://www.wikidata.org/entity/Q986400
GK9LNJD49ETR,2,0,http://www.wikidata.org/entity/Q986396
GK9LNJD49ETR,3,0,http://www.wikidata.org/entity/Q985479
GK9LNJD49ETR,4,0,http://www.wikidata.org/entity/Q985478
GK9LNJD49ETR,5,0,http://www.wikidata.org/entity/Q985477
GK9LNJD49ETR,6,0,http://www.wikidata.org/entity/Q985476
GK9LNJD49ETR,7,0,http://www.wikidata.org/entity/Q985473
GK9LNJD49ETR,8,0,http://www.wikidata.org/entity/Q985472
GK9LNJD49ETR,9,0,http://www.wikidata.org/entity/Q985471
GK9LNJD49ETR,10,0,http://www.wikidata.org/entity/Q985404
GK9LNJD49ETR,11,0,http://www.wikidata.org/entity/Q985402
GK9LNJD49ETR,12,0,http://www.wikidata.org/entity/Q985399
GK9LNJD49ETR,13,0,http://www.wikidata.org/entity/Q985397
GK9LNJD49ETR,14,0,http://www.wikidata.org/entity/Q985395
GK9LNJD49ETR,15,0,http://www.wikidata.org/entity/Q985393
GK9LNJD49ETR,16,0,http://www.wikidata.org/entity/Q985392
GK9LNJD49ETR,17,0,http://www.wikidata.org/entity/Q985390
GK9LNJD49ETR,18,0,http://www.wikidata.org/entity/Q985388
GK9LNJD49ETR,19,0,http://www.wikidata.org/entity/Q985387
GK9LNJD49ETR,20,0,http://www.wikidata.org/entity/Q985385
12QEPHVQK81I,1,0,http://www.wikidata.org/entity/Q985476
12QEPHVQK81I,2,0,http://www.wikidata.org/entity/Q985478
12QEPHVQK81I,3,0,http://www.wikidata.org/entity/Q836075
12QEPHVQK81I,4,0,http://www.wikidata.org/entity/Q985392
BUWXHN7SUGV4,1,0,http://www.wikidata.org/entity/Q897165
BUWXHN7SUGV4,2,0,http://www.wikidata.org/entity/Q1355151
BUWXHN7SUGV4,3,0,http://www.wikidata.org/entity/Q1014921
BUWXHN7SUGV4,4,0,http://www.wikidata.org/entity/Q1335345
BUWXHN7SUGV4,5,0,http://www.wikidata.org/entity/Q1042366
BUWXHN7SUGV4,6,0,http://www.wikidata.org/entity/Q896146
BUWXHN7SUGV4,7,0,http://www.wikidata.org/entity/Q1618993
BUWXHN7SUGV4,8,0,http://www.wikidata.org/entity/Q450087
BUWXHN7SUGV4,9,0,http://www.wikidata.org/entity/Q28838035
BUWXHN7SUGV4,10,0,http://www.wikidata.org/entity/Q246926
OFOGIWP1IORQ,1,0,http://www.wikidata.org/entity/Q219964
OFOGIWP1IORQ,2,0,http://www.wikidata.org/entity/Q479329
OFOGIWP1IORQ,3,0,http://www.wikidata.org/entity/Q183441
IRE5S3SGKPEQ,1,0,http://www.wikidata.org/entity/Q1441898
IRE5S3SGKPEQ,2,0,http://www.wikidata.org/entity/Q1577863
IRE5S3SGKPEQ,3,0,http://www.wikidata.org/entity/Q1256403
IRE5S3SGKPEQ,4,0,http://www.wikidata.org/entity/Q1575601
IRE5S3SGKPEQ,5,0,http://www.wikidata.org/entity/Q2298176
IRE5S3SGKPEQ,6,0,http://www.wikidata.org/entity/Q686202
IRE5S3SGKPEQ,7,0,http://www.wikidata.org/entity/Q1526097
IRE5S3SGKPEQ,8,0,http://www.wikidata.org/entity/Q1655019
IRE5S3SGKPEQ,9,0,http://www.wikidata.org/entity/Q1574897
IRE5S3SGKPEQ,10,0,http://www.wikidata.org/entity/Q1575697
IRE5S3SGKPEQ,11,0,http://www.wikidata.org/entity/Q1656222
IRE5S3SGKPEQ,12,0,http://www.wikidata.org/entity/Q1525075
IRE5S3SGKPEQ,13,0,http://www.wikidata.org/entity/Q935205
IRE5S3SGKPEQ,14,0,http://www.wikidata.org/entity/Q1654297
FPZM39SAWOP4,1,0,http://www.wikidata.org/entity/Q2266341
FPZM39SAWOP4,2,0,http://www.wikidata.org/entity/Q997796
FPZM39SAWOP4,3,0,http://www.wikidata.org/entity/Q1525489
FPZM39SAWOP4,4,0,http://www.wikidata.org/entity/Q2434788
FPZM39SAWOP4,5,0,http://www.wikidata.org/entity/Q1441209
FPZM39SAWOP4,6,0,http://www.wikidata.org/entity/Q1654573
FPZM39SAWOP4,7,0,http://www.wikidata.org/entity/Q1441228
FPZM39SAWOP4,8,0,http://www.wikidata.org/entity/Q1525690
FPZM39SAWOP4,9,0,http://www.wikidata.org/entity/Q1579392
FPZM39SAWOP4,10,0,http://www.wikidata.org/entity/Q444511
FPZM39SAWOP4,11,0,http://www.wikidata.org/entity/Q2348501
FPZM39SAWOP4,12,0,http://www.wikidata.org/entity/Q1525724
FPZM39SAWOP4,13,0,http://www.wikidata.org/entity/Q1441664
H4YIIUCCXPO3,1,0,http://www.wikidata.org/entity/Q2607051
H4YIIUCCXPO3,2,0,http://www.wikidata.org/entity/Q1107346
QDRZESC48T1Q,1,0,http://www.wikidata.org/entity/Q2393154
QDRZESC48T1Q,2,0,http://www.wikidata.org/entity/Q2316676
QDRZESC48T1Q,3,0,http://www.wikidata.org/entity/Q2394916
QDRZESC48T1Q,4,0,http://www.wikidata.org/entity/Q2395542
QDRZESC48T1Q,5,0,http://www.wikidata.org/entity/Q2257820
QDRZESC48T1Q,6,0,http://www.wikidata.org/entity/Q2160059
QDRZESC48T1Q,7,0,http://www.wikidata.org/entity/Q2126741
QDRZESC48T1Q,8,0,http://www.wikidata.org/entity/Q2359263
QDRZESC48T1Q,9,0,http://www.wikidata.org/entity/Q1644879
QDRZESC48T1Q,10,0,http://www.wikidata.org/entity/Q2395010
QDRZESC48T1Q,11,0,http://www.wikidata.org/entity/Q2394161
QDRZESC48T1Q,12,0,http://www.wikidata.org/entity/Q2393712
T5NQUS9G56EL,1,0,http://www.wikidata.org/entity/Q6661441
T5NQUS9G56EL,2,0,http://www.wikidata.org/entity/Q651733
T5NQUS9G56EL,3,0,http://www.wikidata.org/entity/Q6661525
T5NQUS9G56EL,4,0,http://www.wikidata.org/entity/Q5566244
T5NQUS9G56EL,5,0,http://www.wikidata.org/entity/Q4667057
T5NQUS9G56EL,6,0,http://www.wikidata.org/entity/Q3406271
T5NQUS9G56EL,7,0,http://www.wikidata.org/entity/Q3405886
T5NQUS9G56EL,8,0,http://www.wikidata.org/entity/Q3272480
T5NQUS9G56EL,9,0,http://www.wikidata.org/entity/Q1770504
T5NQUS9G56EL,10,0,http://www.wikidata.org/entity/Q6661421
T5NQUS9G56EL,11,0,http://www.wikidata.org/entity/Q4879677
T5NQUS9G56EL,12,0,http://www.wikidata.org/entity/Q5057246
T5NQUS9G56EL,13,0,http://www.wikidata.org/entity/Q5396240
T5NQUS9G56EL,14,0,http://www.wikidata.org/entity/Q6864241
T5NQUS9G56EL,15,0,http://www.wikidata.org/entity/Q5623368
T5NQUS9G56EL,16,0,http://www.wikidata.org/entity/Q3571200
T5NQUS9G56EL,17,0,http://www.wikidata.org/entity/Q6661429
82W4W8GQU866,1,0,http://www.wikidata.org/entity/Q48476842
82W4W8GQU866,2,0,http://www.wikidata.org/entity/Q89248084
82W4W8GQU866,3,0,http://www.wikidata.org/entity/Q85204128
82W4W8GQU866,4,0,http://www.wikidata.org/entity/Q79677786
82W4W8GQU866,5,0,http://www.wikidata.org/entity/Q78752270
82W4W8GQU866,6,0,http://www.wikidata.org/entity/Q97030282
6P6LMKLYVDL9,1,0,http://www.wikidata.org/entity/Q33116
6P6LMKLYVDL9,2,0,http://www.wikidata.org/entity/Q19491
RVUDEZX55YBJ,1,0,http://www.wikidata.org/entity/Q63434712
RVUDEZX55YBJ,2,0,http://www.wikidata.org/entity/Q3053259
RVUDEZX55YBJ,3,0,http://www.wikidata.org/entity/Q56117979
MEG3ZLP0GTHE,1,0,http://www.wikidata.org/entity/Q2103738
MEG3ZLP0GTHE,2,0,http://www.wikidata.org/entity/Q2103779
MEG3ZLP0GTHE,3,0,http://www.wikidata.org/entity/Q2063557
MEG3ZLP0GTHE,4,0,http://www.wikidata.org/entity/Q4851829
MEG3ZLP0GTHE,5,0,http://www.wikidata.org/entity/Q56696460
MEG3ZLP0GTHE,6,0,http://www.wikidata.org/entity/Q56649384
XUR4XXMSYBOP,1,0,http://www.wikidata.org/entity/Q5355461
XUR4XXMSYBOP,2,0,http://www.wikidata.org/entity/Q5355391
XUR4XXMSYBOP,3,0,http://www.wikidata.org/entity/Q5355380
XUR4XXMSYBOP,4,0,http://www.wikidata.org/entity/Q5355347
XUR4XXMSYBOP,5,0,http://www.wikidata.org/entity/Q5355342
XUR4XXMSYBOP,6,0,http://www.wikidata.org/entity/Q5355334
XUR4XXMSYBOP,7,0,http://www.wikidata.org/entity/Q5355316
XUR4XXMSYBOP,8,0,http://www.wikidata.org/entity/Q5355306
ILDHH3MYUDFK,1,0,http://www.wikidata.org/entity/Q3067112
ILDHH3MYUDFK,2,0,http://www.wikidata.org/entity/Q3920536
ILDHH3MYUDFK,3,0,http://www.wikidata.org/entity/Q67150274
ILDHH3MYUDFK,4,0,http://www.wikidata.org/entity/Q105133270
ILDHH3MYUDFK,5,0,http://www.wikidata.org/entity/Q11930838
ILDHH3MYUDFK,6,0,http://www.wikidata.org/entity/Q8964852
ILDHH3MYUDFK,7,0,http://www.wikidata.org/entity/Q17300792
ILDHH3MYUDFK,8,0,http://www.wikidata.org/entity/Q5963782
ILDHH3MYUDFK,9,0,http://www.wikidata.org/entity/Q3347060
ILDHH3MYUDFK,10,0,http://www.wikidata.org/entity/Q11929480
ILDHH3MYUDFK,11,0,http://www.wikidata.org/entity/Q36195147
ILDHH3MYUDFK,12,0,http://www.wikidata.org/entity/Q4894177
ILDHH3MYUDFK,13,0,http://www.wikidata.org/entity/Q67148582
ILDHH3MYUDFK,14,0,http://www.wikidata.org/entity/Q112865799
ILDHH3MYUDFK,15,0,http://www.wikidata.org/entity/Q11909636
ILDHH3MYUDFK,16,0,http://www.wikidata.org/entity/Q105426106
ILDHH3MYUDFK,17,0,http://www.wikidata.org/entity/Q66987006
ILDHH3MYUDFK,18,0,http://www.wikidata.org/entity/Q593287
ILDHH3MYUDFK,19,0,http://www.wikidata.org/entity/Q6057145
ILDHH3MYUDFK,20,0,http://www.wikidata.org/entity/Q105617118
ILDHH3MYUDFK,21,0,http://www.wikidata.org/entity/Q11702189
ILDHH3MYUDFK,22,0,http://www.wikidata.org/entity/Q17184168
ILDHH3MYUDFK,23,0,http://www.wikidata.org/entity/Q11950404
RHGS4Y5GTEAB,1,0,http://www.wikidata.org/entity/Q922873
RHGS4Y5GTEAB,2,0,http://www.wikidata.org/entity/Q261573
IBA8FYAT70PW,1,0,http://www.wikidata.org/entity/Q1202988
IBA8FYAT70PW,2,0,http://www.wikidata.org/entity/Q1349135
IBA8FYAT70PW,3,0,http://www.wikidata.org/entity/Q930076
IBA8FYAT70PW,4,0,http://www.wikidata.org/entity/Q124653816
IBA8FYAT70PW,5,0,http://www.wikidata.org/entity/Q1204524
IBA8FYAT70PW,6,0,http://www.wikidata.org/entity/Q588091
IBA8FYAT70PW,7,0,http://www.wikidata.org/entity/Q1204424
IBA8FYAT70PW,8,0,http://www.wikidata.org/entity/Q1203041
PMK460I2GT5B,1,0,http://www.wikidata.org/entity/Q1184723
PMK460I2GT5B,2,0,http://www.wikidata.org/entity/Q1362393
PMK460I2GT5B,3,0,http://www.wikidata.org/entity/Q1205591
PMK460I2GT5B,4,0,http://www.wikidata.org/entity/Q368508
PMK460I2GT5B,5,0,http://www.wikidata.org/entity/Q959501
PMK460I2GT5B,6,0,http://www.wikidata.org/entity/Q4422970
PMK460I2GT5B,7,0,http://www.wikidata.org/entity/Q1362335
72NOGLQMI3F3,1,0,http://www.wikidata.org/entity/Q30282277
72NOGLQMI3F3,2,0,http://www.wikidata.org/entity/Q6806405
72NOGLQMI3F3,3,0,http://www.wikidata.org/entity/Q36207
72NOGLQMI3F3,4,0,http://www.wikidata.org/entity/Q11571632
72NOGLQMI3F3,5,0,http://www.wikidata.org/entity/Q7589867
72NOGLQMI3F3,6,0,http://www.wikidata.org/entity/Q7249127
72NOGLQMI3F3,7,0,http://www.wikidata.org/entity/Q30280499
72NOGLQMI3F3,8,0,http://www.wikidata.org/entity/Q4824012
72NOGLQMI3F3,9,0,http://www.wikidata.org/entity/Q6073312
72NOGLQMI3F3,10,0,http://www.wikidata.org/entity/Q30262909
72NOGLQMI3F3,11,0,http://www.wikidata.org/entity/Q30280701
72NOGLQMI3F3,12,0,http://www.wikidata.org/entity/Q30269992
ULWW9WJP1F5R,1,0,http://www.wikidata.org/entity/Q744130
ULWW9WJP1F5R,2,0,http://www.wikidata.org/entity/Q744114
ULWW9WJP1F5R,3,0,http://www.wikidata.org/entity/Q737421
JMX9QMVNSB63,1,0,http://www.wikidata.org/entity/Q2221780
JMX9QMVNSB63,2,0,http://www.wikidata.org/entity/Q5443644
KKPFO49YAVTP,1,0,http://www.wikidata.org/entity/Q1154286
KKPFO49YAVTP,2,0,http://www.wikidata.org/entity/Q2295421
07HEKQMJ3FYY,1,0,http://www.wikidata.org/entity/Q3558778
07HEKQMJ3FYY,2,0,http://www.wikidata.org/entity/Q3558504
07HEKQMJ3FYY,3,0,http://www.wikidata.org/entity/Q3558450
28Q589VMFT4R,1,0,http://www.wikidata.org/entity/Q3558685
28Q589VMFT4R,2,0,http://www.wikidata.org/entity/Q3558848
28Q589VMFT4R,3,0,http://www.wikidata.org/entity/Q3558855
28Q589VMFT4R,4,0,http://www.wikidata.org/entity/Q3558471
28Q589VMFT4R,5,0,http://www.wikidata.org/entity/Q3558802
28Q589VMFT4R,6,0,http://www.wikidata.org/entity/Q3558549
28Q589VMFT4R,7,0,http://www.wikidata.org/entity/Q3558711
28Q589VMFT4R,8,0,http://www.wikidata.org/entity/Q3558477
28Q589VMFT4R,9,0,http://www.wikidata.org/entity/Q3558902
28Q589VMFT4R,10,0,http://www.wikidata.org/entity/Q3558527
E856PTUCAIR4,1,0,http://www.wikidata.org/entity/Q2112093
E856PTUCAIR4,2,0,http://www.wikidata.org/entity/Q1817299
P7E0RO3IP2X4,1,0,http://www.wikidata.org/entity/Q39
P7E0RO3IP2X4,2,0,http://www.wikidata.org/entity/Q114
P7E0RO3IP2X4,3,0,http://www.wikidata.org/entity/Q813
P7E0RO3IP2X4,4,0,http://www.wikidata.org/entity/Q805
P7E0RO3IP2X4,5,0,http://www.wikidata.org/entity/Q229
P7E0RO3IP2X4,6,0,http://www.wikidata.org/entity/Q678
P7E0RO3IP2X4,7,0,http://www.wikidata.org/entity/Q20
P7E0RO3IP2X4,8,0,http://www.wikidata.org/entity/Q734
P7E0RO3IP2X4,9,0,http://www.wikidata.org/entity/Q403
P7E0RO3IP2X4,10,0,http://www.wikidata.org/entity/Q965
P7E0RO3IP2X4,11,0,http://www.wikidata.org/entity/Q40
P7E0RO3IP2X4,12,0,http://www.wikidata.org/entity/Q230
P7E0RO3IP2X4,13,0,http://www.wikidata.org/entity/Q953
P7E0RO3IP2X4,14,0,http://www.wikidata.org/entity/Q874
P7E0RO3IP2X4,15,0,http://www.wikidata.org/entity/Q1008
HWJT0XWE68FK,1,0,http://www.wikidata.org/entity/Q18472365
HWJT0XWE68FK,2,0,http://www.wikidata.org/entity/Q16890952
HWJT0XWE68FK,3,0,http://www.wikidata.org/entity/Q31870781
HWJT0XWE68FK,4,0,http://www.wikidata.org/entity/Q11824485
HWJT0XWE68FK,5,0,http://www.wikidata.org/entity/Q35294489
HWJT0XWE68FK,6,0,http://www.wikidata.org/entity/Q21957748
HWJT0XWE68FK,7,0,http://www.wikidata.org/entity/Q32302604
HWJT0XWE68FK,8,0,http://www.wikidata.org/entity/Q53934854
HWJT0XWE68FK,9,0,http://www.wikidata.org/entity/Q11824297
HWJT0XWE68FK,10,0,http://www.wikidata.org/entity/Q10660335
HWJT0XWE68FK,11,0,http://www.wikidata.org/entity/Q53933128
HWJT0XWE68FK,12,0,http://www.wikidata.org/entity/Q2748837
HWJT0XWE68FK,13,0,http://www.wikidata.org/entity/Q26795354
HWJT0XWE68FK,14,0,http://www.wikidata.org/entity/Q1431440
S2QDYFZ0PWHB,1,0,http://www.wikidata.org/entity/Q21152718
S2QDYFZ0PWHB,2,0,http://www.wikidata.org/entity/Q21152707
S2QDYFZ0PWHB,3,0,http://www.wikidata.org/entity/Q21152615
S2QDYFZ0PWHB,4,0,http://www.wikidata.org/entity/Q21152612
S2QDYFZ0PWHB,5,0,http://www.wikidata.org/entity/Q21152605
S2QDYFZ0PWHB,6,0,http://www.wikidata.org/entity/Q21152602
S2QDYFZ0PWHB,7,0,http://www.wikidata.org/entity/Q21152599
S2QDYFZ0PWHB,8,0,http://www.wikidata.org/entity/Q21152591
S2QDYFZ0PWHB,9,0,http://www.wikidata.org/entity/Q21152582
S2QDYFZ0PWHB,10,0,http://www.wikidata.org/entity/Q21152562
S2QDYFZ0PWHB,11,0,http://www.wikidata.org/entity/Q21065817
S2QDYFZ0PWHB,12,0,http://www.wikidata.org/entity/Q21065776
S2QDYFZ0PWHB,13,0,http://www.wikidata.org/entity/Q9066230
S2QDYFZ0PWHB,14,0,http://www.wikidata.org/entity/Q9057284
S2QDYFZ0PWHB,15,0,http://www.wikidata.org/entity/Q7801119
S2QDYFZ0PWHB,16,0,http://www.wikidata.org/entity/Q7702403
S2QDYFZ0PWHB,17,0,http://www.wikidata.org/entity/Q7260554
S2QDYFZ0PWHB,18,0,http://www.wikidata.org/entity/Q7260541
S2QDYFZ0PWHB,19,0,http://www.wikidata.org/entity/Q7068663
S2QDYFZ0PWHB,20,0,http://www.wikidata.org/entity/Q6872683
S2QDYFZ0PWHB,21,0,http://www.wikidata.org/entity/Q6492447
S2QDYFZ0PWHB,22,0,http://www.wikidata.org/entity/Q6120231
IBU5F1JW89U5,1,0,http://www.wikidata.org/entity/Q244267
IBU5F1JW89U5,2,0,http://www.wikidata.org/entity/Q244193
IBU5F1JW89U5,3,0,http://www.wikidata.org/entity/Q244059
IBU5F1JW89U5,4,0,http://www.wikidata.org/entity/Q243750
IBU5F1JW89U5,5,0,http://www.wikidata.org/entity/Q228151
IBU5F1JW89U5,6,0,http://www.wikidata.org/entity/Q222063
IBU5F1JW89U5,7,0,http://www.wikidata.org/entity/Q207641
IBU5F1JW89U5,8,0,http://www.wikidata.org/entity/Q207612
OZ281XC9PBRM,1,0,http://www.wikidata.org/entity/Q3545982
OZ281XC9PBRM,2,0,http://www.wikidata.org/entity/Q994499
OZ281XC9PBRM,3,0,http://www.wikidata.org/entity/Q4196478
OZ281XC9PBRM,4,0,http://www.wikidata.org/entity/Q17997249
OZ281XC9PBRM,5,0,http://www.wikidata.org/entity/Q2152993
OZ281XC9PBRM,6,0,http://www.wikidata.org/entity/Q4193753
OZ281XC9PBRM,7,0,http://www.wikidata.org/entity/Q833858
OZ281XC9PBRM,8,0,http://www.wikidata.org/entity/Q4195046
OZ281XC9PBRM,9,0,http://www.wikidata.org/entity/Q10773354
OZ281XC9PBRM,10,0,http://www.wikidata.org/entity/Q4196148
OZ281XC9PBRM,11,0,http://www.wikidata.org/entity/Q4198063
OZ281XC9PBRM,12,0,http://www.wikidata.org/entity/Q1727508
WEGTLJ9JML8C,1,0,http://www.wikidata.org/entity/Q2569877
WEGTLJ9JML8C,2,0,http://www.wikidata.org/entity/Q1356491
2KTGHCSIF31C,1,0,http://www.wikidata.org/entity/Q1710209
2KTGHCSIF31C,2,0,http://www.wikidata.org/entity/Q278512
2KTGHCSIF31C,3,0,http://www.wikidata.org/entity/Q2944436
2KTGHCSIF31C,4,0,http://www.wikidata.org/entity/Q208347
2KTGHCSIF31C,5,0,http://www.wikidata.org/entity/Q7970002
2KTGHCSIF31C,6,0,http://www.wikidata.org/entity/Q3905191
2KTGHCSIF31C,7,0,http://www.wikidata.org/entity/Q58326858
2KTGHCSIF31C,8,0,http://www.wikidata.org/entity/Q4526
2KTGHCSIF31C,9,0,http://www.wikidata.org/entity/Q375816
2AKMRIP3WY9C,1,0,http://www.wikidata.org/entity/Q514200
2AKMRIP3WY9C,2,0,http://www.wikidata.org/entity/Q589820
2AKMRIP3WY9C,3,0,http://www.wikidata.org/entity/Q971016
4RBV487SKKZ8,1,0,http://www.wikidata.org/entity/Q111029071
4RBV487SKKZ8,2,0,http://www.wikidata.org/entity/Q123938755
4RBV487SKKZ8,3,0,http://www.wikidata.org/entity/Q124217069
4RBV487SKKZ8,4,0,http://www.wikidata.org/entity/Q30742202
4RBV487SKKZ8,5,0,http://www.wikidata.org/entity/Q111335700
4RBV487SKKZ8,6,0,http://www.wikidata.org/entity/Q91424057
4RBV487SKKZ8,7,0,http://www.wikidata.org/entity/Q120489529
4RBV487SKKZ8,8,0,http://www.wikidata.org/entity/Q30737615
FQ4SZ7YURVSQ,1,0,http://www.wikidata.org/entity/Q7284591
FQ4SZ7YURVSQ,2,0,http://www.wikidata.org/entity/Q4735780
FQ4SZ7YURVSQ,3,0,http://www.wikidata.org/entity/Q109653969
FQ4SZ7YURVSQ,4,0,http://www.wikidata.org/entity/Q682288
FQ4SZ7YURVSQ,5,0,http://www.wikidata.org/entity/Q994397
FQ4SZ7YURVSQ,6,0,http://www.wikidata.org/entity/Q891580
FQ4SZ7YURVSQ,7,0,http://www.wikidata.org/entity/Q655018
FQ4SZ7YURVSQ,8,0,http://www.wikidata.org/entity/Q4065732
NP9ZE2BK5624,1,0,http://www.wikidata.org/entity/Q615821
NP9ZE2BK5624,2,0,http://www.wikidata.org/entity/Q27405
BN66DKKH6510,1,0,http://www.wikidata.org/entity/Q6771690
BN66DKKH6510,2,0,http://www.wikidata.org/entity/Q5420137
BN66DKKH6510,3,0,http://www.wikidata.org/entity/Q5420145
BN66DKKH6510,4,0,http://www.wikidata.org/entity/Q1893542
BN66DKKH6510,5,0,http://www.wikidata.org/entity/Q7428243
BN66DKKH6510,6,0,http://www.wikidata.org/entity/Q1773129
BN66DKKH6510,7,0,http://www.wikidata.org/entity/Q7055988
UMLFRLB9GOKW,1,0,http://www.wikidata.org/entity/Q5598243
UMLFRLB9GOKW,2,0,http://www.wikidata.org/entity/Q7056019
UMLFRLB9GOKW,3,0,http://www.wikidata.org/entity/Q6706584
UMLFRLB9GOKW,4,0,http://www.wikidata.org/entity/Q5611997
UMLFRLB9GOKW,5,0,http://www.wikidata.org/entity/Q6693892
UMLFRLB9GOKW,6,0,http://www.wikidata.org/entity/Q1895213
UMLFRLB9GOKW,7,0,http://www.wikidata.org/entity/Q7548909
UMLFRLB9GOKW,8,0,http://www.wikidata.org/entity/Q5814378
UMLFRLB9GOKW,9,0,http://www.wikidata.org/entity/Q5391481
UMLFRLB9GOKW,10,0,http://www.wikidata.org/entity/Q7200615
UMLFRLB9GOKW,11,0,http://www.wikidata.org/entity/Q5337956
UMLFRLB9GOKW,12,0,http://www.wikidata.org/entity/Q5327983
UMLFRLB9GOKW,13,0,http://www.wikidata.org/entity/Q6693392
UMLFRLB9GOKW,14,0,http://www.wikidata.org/entity/Q5250735
UMLFRLB9GOKW,15,0,http://www.wikidata.org/entity/Q4923105
UMLFRLB9GOKW,16,0,http://www.wikidata.org/entity/Q5596529
UMLFRLB9GOKW,17,0,http://www.wikidata.org/entity/Q7999325
UMLFRLB9GOKW,18,0,http://www.wikidata.org/entity/Q1895803
UMLFRLB9GOKW,19,0,http://www.wikidata.org/entity/Q5309271
UMLFRLB9GOKW,20,0,http://www.wikidata.org/entity/Q7829542
UMLFRLB9GOKW,21,0,http://www.wikidata.org/entity/Q4831645
UMLFRLB9GOKW,22,0,http://www.wikidata.org/entity/Q7242603
UMLFRLB9GOKW,23,0,http://www.wikidata.org/entity/Q4242914
WO3KZ1RT743W,1,0,http://www.wikidata.org/entity/Q2808991
WO3KZ1RT743W,2,0,http://www.wikidata.org/entity/Q47107532
WO3KZ1RT743W,3,0,http://www.wikidata.org/entity/Q47107544
WO3KZ1RT743W,4,0,http://www.wikidata.org/entity/Q18669864
WO3KZ1RT743W,5,0,http://www.wikidata.org/entity/Q201
WO3KZ1RT743W,6,0,http://www.wikidata.org/entity/Q47107496
WO3KZ1RT743W,7,0,http://www.wikidata.org/entity/Q47107546
WO3KZ1RT743W,8,0,http://www.wikidata.org/entity/Q47107564
WO3KZ1RT743W,9,0,http://www.wikidata.org/entity/Q2818561
WO3KZ1RT743W,10,0,http://www.wikidata.org/entity/Q28753959
WO3KZ1RT743W,11,0,http://www.wikidata.org/entity/Q199
WO3KZ1RT743W,12,0,http://www.wikidata.org/entity/Q47107554
WO3KZ1RT743W,13,0,http://www.wikidata.org/entity/Q2817436
WO3KZ1RT743W,14,0,http://www.wikidata.org/entity/Q712692
493IZZEOH67D,1,0,http://www.wikidata.org/entity/Q10504949
493IZZEOH67D,2,0,http://www.wikidata.org/entity/Q10418270
493IZZEOH67D,3,0,http://www.wikidata.org/entity/Q7880735
493IZZEOH67D,4,0,http://www.wikidata.org/entity/Q6333445
493IZZEOH67D,5,0,http://www.wikidata.org/entity/Q5818807
493IZZEOH67D,6,0,http://www.wikidata.org/entity/Q5273924
493IZZEOH67D,7,0,http://www.wikidata.org/entity/Q4567322
493IZZEOH67D,8,0,http://www.wikidata.org/entity/Q4550534
493IZZEOH67D,9,0,http://www.wikidata.org/entity/Q1865068
493IZZEOH67D,10,0,http://www.wikidata.org/entity/Q1864024
493IZZEOH67D,11,0,http://www.wikidata.org/entity/Q1859966
8PKR12987NQB,1,0,http://www.wikidata.org/entity/Q2738847
8PKR12987NQB,2,0,http://www.wikidata.org/entity/Q2117583
8PKR12987NQB,3,0,http://www.wikidata.org/entity/Q2114880
8PKR12987NQB,4,0,http://www.wikidata.org/entity/Q2114259
9F38JCS20K88,1,0,http://www.wikidata.org/entity/Q3886561
9F38JCS20K88,2,0,http://www.wikidata.org/entity/Q60484060
9F38JCS20K88,3,0,http://www.wikidata.org/entity/Q110822753
ZZLL1TP52X8K,1,0,http://www.wikidata.org/entity/Q109437
ZZLL1TP52X8K,2,0,http://www.wikidata.org/entity/Q108871
MDHYV1UAAVF9,1,0,http://www.wikidata.org/entity/Q379585
MDHYV1UAAVF9,2,0,http://www.wikidata.org/entity/Q376838
MDHYV1UAAVF9,3,0,http://www.wikidata.org/entity/Q376776
MDHYV1UAAVF9,4,0,http://www.wikidata.org/entity/Q376053
MDHYV1UAAVF9,5,0,http://www.wikidata.org/entity/Q374547
MDHYV1UAAVF9,6,0,http://www.wikidata.org/entity/Q248521
MDHYV1UAAVF9,7,0,http://www.wikidata.org/entity/Q112220
MDHYV1UAAVF9,8,0,http://www.wikidata.org/entity/Q375143
MDHYV1UAAVF9,9,0,http://www.wikidata.org/entity/Q374495
MDHYV1UAAVF9,10,0,http://www.wikidata.org/entity/Q377162
MDHYV1UAAVF9,11,0,http://www.wikidata.org/entity/Q374471
MDHYV1UAAVF9,12,0,http://www.wikidata.org/entity/Q376464
MDHYV1UAAVF9,13,0,http://www.wikidata.org/entity/Q377157
MDHYV1UAAVF9,14,0,http://www.wikidata.org/entity/Q375108
MDHYV1UAAVF9,15,0,http://www.wikidata.org/entity/Q376446
MDHYV1UAAVF9,16,0,http://www.wikidata.org/entity/Q377171
MDHYV1UAAVF9,17,0,http://www.wikidata.org/entity/Q376576
MDHYV1UAAVF9,18,0,http://www.wikidata.org/entity/Q376004
MDHYV1UAAVF9,19,0,http://www.wikidata.org/entity/Q376546
MDHYV1UAAVF9,20,0,http://www.wikidata.org/entity/Q375008
MDHYV1UAAVF9,21,0,http://www.wikidata.org/entity/Q374589
6NJMKCY7XC3U,1,0,http://www.wikidata.org/entity/Q374908
6NJMKCY7XC3U,2,0,http://www.wikidata.org/entity/Q375803
6NJMKCY7XC3U,3,0,http://www.wikidata.org/entity/Q376776
6NJMKCY7XC3U,4,0,http://www.wikidata.org/entity/Q377157
6NJMKCY7XC3U,5,0,http://www.wikidata.org/entity/Q374663
6NJMKCY7XC3U,6,0,http://www.wikidata.org/entity/Q374989
6NJMKCY7XC3U,7,0,http://www.wikidata.org/entity/Q376464
6NJMKCY7XC3U,8,0,http://www.wikidata.org/entity/Q374589
6NJMKCY7XC3U,9,0,http://www.wikidata.org/entity/Q376483
6NJMKCY7XC3U,10,0,http://www.wikidata.org/entity/Q377122
6NJMKCY7XC3U,11,0,http://www.wikidata.org/entity/Q376764
6NJMKCY7XC3U,12,0,http://www.wikidata.org/entity/Q376136
WM7LA8UOV1AO,1,0,http://www.wikidata.org/entity/Q375143
WM7LA8UOV1AO,2,0,http://www.wikidata.org/entity/Q374342
OM3B7NMP8QNO,1,0,http://www.wikidata.org/entity/Q496664
OM3B7NMP8QNO,2,0,http://www.wikidata.org/entity/Q496716
1RQGAIBNMD1F,1,0,http://www.wikidata.org/entity/Q489471
1RQGAIBNMD1F,2,0,http://www.wikidata.org/entity/Q491623
1RQGAIBNMD1F,3,0,http://www.wikidata.org/entity/Q485001
1RQGAIBNMD1F,4,0,http://www.wikidata.org/entity/Q485042
1RQGAIBNMD1F,5,0,http://www.wikidata.org/entity/Q495570
1RQGAIBNMD1F,6,0,http://www.wikidata.org/entity/Q489477
7H772ICE8H4B,1,0,http://www.wikidata.org/entity/Q497377
7H772ICE8H4B,2,0,http://www.wikidata.org/entity/Q495682
7H772ICE8H4B,3,0,http://www.wikidata.org/entity/Q495105
FIUUAHV49TBS,1,0,http://www.wikidata.org/entity/Q3368160
FIUUAHV49TBS,2,0,http://www.wikidata.org/entity/Q3368170
FIUUAHV49TBS,3,0,http://www.wikidata.org/entity/Q116227528
FIUUAHV49TBS,4,0,http://www.wikidata.org/entity/Q3368117
FIUUAHV49TBS,5,0,http://www.wikidata.org/entity/Q100362788
FIUUAHV49TBS,6,0,http://www.wikidata.org/entity/Q116696139
FIUUAHV49TBS,7,0,http://www.wikidata.org/entity/Q111250577
FIUUAHV49TBS,8,0,http://www.wikidata.org/entity/Q3141829
FIUUAHV49TBS,9,0,http://www.wikidata.org/entity/Q116271557
FIUUAHV49TBS,10,0,http://www.wikidata.org/entity/Q3368083
FIUUAHV49TBS,11,0,http://www.wikidata.org/entity/Q20682178
FIUUAHV49TBS,12,0,http://www.wikidata.org/entity/Q28404069
C7CEUDX3QACM,1,0,http://www.wikidata.org/entity/Q22246319
C7CEUDX3QACM,2,0,http://www.wikidata.org/entity/Q23691083
C7CEUDX3QACM,3,0,http://www.wikidata.org/entity/Q55017019
C7CEUDX3QACM,4,0,http://www.wikidata.org/entity/Q55009649
C7CEUDX3QACM,5,0,http://www.wikidata.org/entity/Q24256162
C7CEUDX3QACM,6,0,http://www.wikidata.org/entity/Q23662941
C7CEUDX3QACM,7,0,http://www.wikidata.org/entity/Q23673753
C7CEUDX3QACM,8,0,http://www.wikidata.org/entity/Q55017012
C7CEUDX3QACM,9,0,http://www.wikidata.org/entity/Q21627050
C7CEUDX3QACM,10,0,http://www.wikidata.org/entity/Q55021527
C7CEUDX3QACM,11,0,http://www.wikidata.org/entity/Q55007804
NKRLTFN6B1P7,1,0,http://www.wikidata.org/entity/Q55009175
NKRLTFN6B1P7,2,0,http://www.wikidata.org/entity/Q7737750
NKRLTFN6B1P7,3,0,http://www.wikidata.org/entity/Q23767391
NKRLTFN6B1P7,4,0,http://www.wikidata.org/entity/Q4314229
NKRLTFN6B1P7,5,0,http://www.wikidata.org/entity/Q23893864
NKRLTFN6B1P7,6,0,http://www.wikidata.org/entity/Q23767413
NKRLTFN6B1P7,7,0,http://www.wikidata.org/entity/Q23767414
NKRLTFN6B1P7,8,0,http://www.wikidata.org/entity/Q23703759
NKRLTFN6B1P7,9,0,http://www.wikidata.org/entity/Q22241723
NKRLTFN6B1P7,10,0,http://www.wikidata.org/entity/Q55008354
NKRLTFN6B1P7,11,0,http://www.wikidata.org/entity/Q24196225
NKRLTFN6B1P7,12,0,http://www.wikidata.org/entity/Q22246650
NKRLTFN6B1P7,13,0,http://www.wikidata.org/entity/Q55006975
NKRLTFN6B1P7,14,0,http://www.wikidata.org/entity/Q23844171
NKRLTFN6B1P7,15,0,http://www.wikidata.org/entity/Q21546018
NKRLTFN6B1P7,16,0,http://www.wikidata.org/entity/Q22243586
NKRLTFN6B1P7,17,0,http://www.wikidata.org/entity/Q55007207
NKRLTFN6B1P7,18,0,http://www.wikidata.org/entity/Q55007452
Z0QGG9Y65ZLE,1,0,http://www.wikidata.org/entity/Q105597535
Z0QGG9Y65ZLE,2,0,http://www.wikidata.org/entity/Q105091685
Z0QGG9Y65ZLE,3,0,http://www.wikidata.org/entity/Q105075372
Z0QGG9Y65ZLE,4,0,http://www.wikidata.org/entity/Q105064155
Z0QGG9Y65ZLE,5,0,http://www.wikidata.org/entity/Q104639838
Z0QGG9Y65ZLE,6,0,http://www.wikidata.org/entity/Q103297990
Z0QGG9Y65ZLE,7,0,http://www.wikidata.org/entity/Q100698842
Z0QGG9Y65ZLE,8,0,http://www.wikidata.org/entity/Q100205112
Z0QGG9Y65ZLE,9,0,http://www.wikidata.org/entity/Q98097326
Z0QGG9Y65ZLE,10,0,http://www.wikidata.org/entity/Q98097182
Z0QGG9Y65ZLE,11,0,http://www.wikidata.org/entity/Q88054897
Z0QGG9Y65ZLE,12,0,http://www.wikidata.org/entity/Q87972147
Z0QGG9Y65ZLE,13,0,http://www.wikidata.org/entity/Q87812693
Z0QGG9Y65ZLE,14,0,http://www.wikidata.org/entity/Q87752257
Z0QGG9Y65ZLE,15,0,http://www.wikidata.org/entity/Q111630719
Z0QGG9Y65ZLE,16,0,http://www.wikidata.org/entity/Q87752242
Z0QGG9Y65ZLE,17,0,http://www.wikidata.org/entity/Q87738459
Z0QGG9Y65ZLE,18,0,http://www.wikidata.org/entity/Q87713090
Z0QGG9Y65ZLE,19,0,http://www.wikidata.org/entity/Q87585160
PZEQV7GMU44S,1,0,http://www.wikidata.org/entity/Q50280862
PZEQV7GMU44S,2,0,http://www.wikidata.org/entity/Q50209153
PZEQV7GMU44S,3,0,http://www.wikidata.org/entity/Q50172196
PZEQV7GMU44S,4,0,http://www.wikidata.org/entity/Q49711915
PZEQV7GMU44S,5,0,http://www.wikidata.org/entity/Q48948142
PZEQV7GMU44S,6,0,http://www.wikidata.org/entity/Q48744266
PZEQV7GMU44S,7,0,http://www.wikidata.org/entity/Q47486990
PZEQV7GMU44S,8,0,http://www.wikidata.org/entity/Q47459589
PZEQV7GMU44S,9,0,http://www.wikidata.org/entity/Q47088805
PZEQV7GMU44S,10,0,http://www.wikidata.org/entity/Q46932451
PZEQV7GMU44S,11,0,http://www.wikidata.org/entity/Q46284601
PZEQV7GMU44S,12,0,http://www.wikidata.org/entity/Q46282538
PZEQV7GMU44S,13,0,http://www.wikidata.org/entity/Q45710016
PZEQV7GMU44S,14,0,http://www.wikidata.org/entity/Q45322171
PZEQV7GMU44S,15,0,http://www.wikidata.org/entity/Q45321436
PZEQV7GMU44S,16,0,http://www.wikidata.org/entity/Q42897105
PZEQV7GMU44S,17,0,http://www.wikidata.org/entity/Q42309352
PZEQV7GMU44S,18,0,http://www.wikidata.org/entity/Q41806817
PZEQV7GMU44S,19,0,http://www.wikidata.org/entity/Q41618217
PZEQV7GMU44S,20,0,http://www.wikidata.org/entity/Q41136466
2HQUQZ4E11J3,1,0,http://www.wikidata.org/entity/Q11398842
2HQUQZ4E11J3,2,0,http://www.wikidata.org/entity/Q11122236
2HQUQZ4E11J3,3,0,http://www.wikidata.org/entity/Q11114293
2HQUQZ4E11J3,4,0,http://www.wikidata.org/entity/Q11105605
2HQUQZ4E11J3,5,0,http://www.wikidata.org/entity/Q10934358
2HQUQZ4E11J3,6,0,http://www.wikidata.org/entity/Q10928605
2HQUQZ4E11J3,7,0,http://www.wikidata.org/entity/Q5692522
2HQUQZ4E11J3,8,0,http://www.wikidata.org/entity/Q5563882
2HQUQZ4E11J3,9,0,http://www.wikidata.org/entity/Q5367234
2HQUQZ4E11J3,10,0,http://www.wikidata.org/entity/Q5366756
2HQUQZ4E11J3,11,0,http://www.wikidata.org/entity/Q5365974
2HQUQZ4E11J3,12,0,http://www.wikidata.org/entity/Q5360376
WVJMNCE2CKZC,1,0,http://www.wikidata.org/entity/Q2352016
WVJMNCE2CKZC,2,0,http://www.wikidata.org/entity/Q270813
3MF7I7FR900O,1,0,http://www.wikidata.org/entity/Q1035131
3MF7I7FR900O,2,0,http://www.wikidata.org/entity/Q44440
3MF7I7FR900O,3,0,http://www.wikidata.org/entity/Q2665599
3MF7I7FR900O,4,0,http://www.wikidata.org/entity/Q918066
3MF7I7FR900O,5,0,http://www.wikidata.org/entity/Q54495
3MF7I7FR900O,6,0,http://www.wikidata.org/entity/Q876943
3MF7I7FR900O,7,0,http://www.wikidata.org/entity/Q2417203
3MF7I7FR900O,8,0,http://www.wikidata.org/entity/Q717285
3MF7I7FR900O,9,0,http://www.wikidata.org/entity/Q2127916
3MF7I7FR900O,10,0,http://www.wikidata.org/entity/Q1095681
3MF7I7FR900O,11,0,http://www.wikidata.org/entity/Q1311217
RZUYV5EZ9Q2O,1,0,http://www.wikidata.org/entity/Q18684738
RZUYV5EZ9Q2O,2,0,http://www.wikidata.org/entity/Q76424027
RZUYV5EZ9Q2O,3,0,http://www.wikidata.org/entity/Q124724883
RZUYV5EZ9Q2O,4,0,http://www.wikidata.org/entity/Q29642696
RZUYV5EZ9Q2O,5,0,http://www.wikidata.org/entity/Q75197670
JDG16V2TWI5E,1,0,http://www.wikidata.org/entity/Q2407479
JDG16V2TWI5E,2,0,http://www.wikidata.org/entity/Q1910802
JDG16V2TWI5E,3,0,http://www.wikidata.org/entity/Q30279317
JDG16V2TWI5E,4,0,http://www.wikidata.org/entity/Q49509629
JDG16V2TWI5E,5,0,http://www.wikidata.org/entity/Q2970685
JDG16V2TWI5E,6,0,http://www.wikidata.org/entity/Q124505346
JDG16V2TWI5E,7,0,http://www.wikidata.org/entity/Q120165
JDG16V2TWI5E,8,0,http://www.wikidata.org/entity/Q20011474
JDG16V2TWI5E,9,0,http://www.wikidata.org/entity/Q1844086
JDG16V2TWI5E,10,0,http://www.wikidata.org/entity/Q2376445
65XZT9DTEGEY,1,0,http://www.wikidata.org/entity/Q880751
65XZT9DTEGEY,2,0,http://www.wikidata.org/entity/Q3942434
65XZT9DTEGEY,3,0,http://www.wikidata.org/entity/Q5628922
65XZT9DTEGEY,4,0,http://www.wikidata.org/entity/Q1262007
65XZT9DTEGEY,5,0,http://www.wikidata.org/entity/Q1658088
65XZT9DTEGEY,6,0,http://www.wikidata.org/entity/Q1152474
65XZT9DTEGEY,7,0,http://www.wikidata.org/entity/Q459490
65XZT9DTEGEY,8,0,http://www.wikidata.org/entity/Q696722
65XZT9DTEGEY,9,0,http://www.wikidata.org/entity/Q15428008
50KU1CZ60KLM,1,0,http://www.wikidata.org/entity/Q1900146
50KU1CZ60KLM,2,0,http://www.wikidata.org/entity/Q922239
50KU1CZ60KLM,3,0,http://www.wikidata.org/entity/Q1002725
50KU1CZ60KLM,4,0,http://www.wikidata.org/entity/Q1911425
50KU1CZ60KLM,5,0,http://www.wikidata.org/entity/Q1920177
50KU1CZ60KLM,6,0,http://www.wikidata.org/entity/Q1898571
50KU1CZ60KLM,7,0,http://www.wikidata.org/entity/Q1901579
50KU1CZ60KLM,8,0,http://www.wikidata.org/entity/Q1915336
50KU1CZ60KLM,9,0,http://www.wikidata.org/entity/Q986051
50KU1CZ60KLM,10,0,http://www.wikidata.org/entity/Q1898948
REHPD0LG1S4B,1,0,http://www.wikidata.org/entity/Q110779999
REHPD0LG1S4B,2,0,http://www.wikidata.org/entity/Q111507114
REHPD0LG1S4B,3,0,http://www.wikidata.org/entity/Q102347778
REHPD0LG1S4B,4,0,http://www.wikidata.org/entity/Q110089093
REHPD0LG1S4B,5,0,http://www.wikidata.org/entity/Q15978527
REHPD0LG1S4B,6,0,http://www.wikidata.org/entity/Q15688511
REHPD0LG1S4B,7,0,http://www.wikidata.org/entity/Q45979068
REHPD0LG1S4B,8,0,http://www.wikidata.org/entity/Q13023530
REHPD0LG1S4B,9,0,http://www.wikidata.org/entity/Q15141799
REHPD0LG1S4B,10,0,http://www.wikidata.org/entity/Q107651992
REHPD0LG1S4B,11,0,http://www.wikidata.org/entity/Q16560106
REHPD0LG1S4B,12,0,http://www.wikidata.org/entity/Q106138669
REHPD0LG1S4B,13,0,http://www.wikidata.org/entity/Q99193174
REHPD0LG1S4B,14,0,http://www.wikidata.org/entity/Q13025352
REHPD0LG1S4B,15,0,http://www.wikidata.org/entity/Q13025239
REHPD0LG1S4B,16,0,http://www.wikidata.org/entity/Q108370384
REHPD0LG1S4B,17,0,http://www.wikidata.org/entity/Q110805754
26BK7BRXGES2,1,0,http://www.wikidata.org/entity/Q523446
26BK7BRXGES2,2,0,http://www.wikidata.org/entity/Q602303
26BK7BRXGES2,3,0,http://www.wikidata.org/entity/Q106082087
26BK7BRXGES2,4,0,http://www.wikidata.org/entity/Q106082088
26BK7BRXGES2,5,0,http://www.wikidata.org/entity/Q482511
26BK7BRXGES2,6,0,http://www.wikidata.org/entity/Q4206078
55PIC4Q89CQB,1,0,http://www.wikidata.org/entity/Q852853
55PIC4Q89CQB,2,0,http://www.wikidata.org/entity/Q1430028
55PIC4Q89CQB,3,0,http://www.wikidata.org/entity/Q2370139
55PIC4Q89CQB,4,0,http://www.wikidata.org/entity/Q20035483
55PIC4Q89CQB,5,0,http://www.wikidata.org/entity/Q819309
55PIC4Q89CQB,6,0,http://www.wikidata.org/entity/Q930873
55PIC4Q89CQB,7,0,http://www.wikidata.org/entity/Q821824
55PIC4Q89CQB,8,0,http://www.wikidata.org/entity/Q538616
55PIC4Q89CQB,9,0,http://www.wikidata.org/entity/Q3638979
55PIC4Q89CQB,10,0,http://www.wikidata.org/entity/Q961523
55PIC4Q89CQB,11,0,http://www.wikidata.org/entity/Q1411902
55PIC4Q89CQB,12,0,http://www.wikidata.org/entity/Q864060
55PIC4Q89CQB,13,0,http://www.wikidata.org/entity/Q660378
55PIC4Q89CQB,14,0,http://www.wikidata.org/entity/Q1809638
55PIC4Q89CQB,15,0,http://www.wikidata.org/entity/Q105409373
55PIC4Q89CQB,16,0,http://www.wikidata.org/entity/Q283589
ARU8Y1GSZ7E4,1,0,http://www.wikidata.org/entity/Q599236
ARU8Y1GSZ7E4,2,0,http://www.wikidata.org/entity/Q302746
ARU8Y1GSZ7E4,3,0,http://www.wikidata.org/entity/Q3259560
ARU8Y1GSZ7E4,4,0,http://www.wikidata.org/entity/Q588990
ARU8Y1GSZ7E4,5,0,http://www.wikidata.org/entity/Q2609667
ARU8Y1GSZ7E4,6,0,http://www.wikidata.org/entity/Q269546
ARU8Y1GSZ7E4,7,0,http://www.wikidata.org/entity/Q2671429
ARU8Y1GSZ7E4,8,0,http://www.wikidata.org/entity/Q2431681
ARU8Y1GSZ7E4,9,0,http://www.wikidata.org/entity/Q1844339
ARU8Y1GSZ7E4,10,0,http://www.wikidata.org/entity/Q2243048
87DG5A6H7L03,1,0,http://www.wikidata.org/entity/Q2671236
87DG5A6H7L03,2,0,http://www.wikidata.org/entity/Q1876029
87DG5A6H7L03,3,0,http://www.wikidata.org/entity/Q2137459
87DG5A6H7L03,4,0,http://www.wikidata.org/entity/Q2663173
87DG5A6H7L03,5,0,http://www.wikidata.org/entity/Q429939
87DG5A6H7L03,6,0,http://www.wikidata.org/entity/Q3259560
87DG5A6H7L03,7,0,http://www.wikidata.org/entity/Q968683
87DG5A6H7L03,8,0,http://www.wikidata.org/entity/Q2221931
87DG5A6H7L03,9,0,http://www.wikidata.org/entity/Q385807
87DG5A6H7L03,10,0,http://www.wikidata.org/entity/Q1844339
87DG5A6H7L03,11,0,http://www.wikidata.org/entity/Q1929247
87DG5A6H7L03,12,0,http://www.wikidata.org/entity/Q2046759
87DG5A6H7L03,13,0,http://www.wikidata.org/entity/Q2435601
87DG5A6H7L03,14,0,http://www.wikidata.org/entity/Q926815
87DG5A6H7L03,15,0,http://www.wikidata.org/entity/Q2671510
87DG5A6H7L03,16,0,http://www.wikidata.org/entity/Q2525707
87DG5A6H7L03,17,0,http://www.wikidata.org/entity/Q3301393
87DG5A6H7L03,18,0,http://www.wikidata.org/entity/Q2671418
87DG5A6H7L03,19,0,http://www.wikidata.org/entity/Q2228044
87DG5A6H7L03,20,0,http://www.wikidata.org/entity/Q2671471
2EQQERLTG1Z6,1,0,http://www.wikidata.org/entity/Q4192370
2EQQERLTG1Z6,2,0,http://www.wikidata.org/entity/Q2462874
2EQQERLTG1Z6,3,0,http://www.wikidata.org/entity/Q1074204
2EQQERLTG1Z6,4,0,http://www.wikidata.org/entity/Q1078568
2EQQERLTG1Z6,5,0,http://www.wikidata.org/entity/Q1075146
2EQQERLTG1Z6,6,0,http://www.wikidata.org/entity/Q1088094
2EQQERLTG1Z6,7,0,http://www.wikidata.org/entity/Q1077104
2EQQERLTG1Z6,8,0,http://www.wikidata.org/entity/Q1075281
MAS119C7SX3O,1,0,http://www.wikidata.org/entity/Q3537041
MAS119C7SX3O,2,0,http://www.wikidata.org/entity/Q2117983
MAS119C7SX3O,3,0,http://www.wikidata.org/entity/Q746258
MAS119C7SX3O,4,0,http://www.wikidata.org/entity/Q16680944
QFDDX7MH6P3F,1,0,http://www.wikidata.org/entity/Q4943583
QFDDX7MH6P3F,2,0,http://www.wikidata.org/entity/Q5788370
QFDDX7MH6P3F,3,0,http://www.wikidata.org/entity/Q525079
QFDDX7MH6P3F,4,0,http://www.wikidata.org/entity/Q7238002
QFDDX7MH6P3F,5,0,http://www.wikidata.org/entity/Q7238007
QFDDX7MH6P3F,6,0,http://www.wikidata.org/entity/Q7238010
QFDDX7MH6P3F,7,0,http://www.wikidata.org/entity/Q7238017
QFDDX7MH6P3F,8,0,http://www.wikidata.org/entity/Q7037052
QFDDX7MH6P3F,9,0,http://www.wikidata.org/entity/Q6391944
QFDDX7MH6P3F,10,0,http://www.wikidata.org/entity/Q6806942
QFDDX7MH6P3F,11,0,http://www.wikidata.org/entity/Q5462562
QFDDX7MH6P3F,12,0,http://www.wikidata.org/entity/Q6382910
QFDDX7MH6P3F,13,0,http://www.wikidata.org/entity/Q5645873
QFDDX7MH6P3F,14,0,http://www.wikidata.org/entity/Q5945719
QFDDX7MH6P3F,15,0,http://www.wikidata.org/entity/Q4667881
QFDDX7MH6P3F,16,0,http://www.wikidata.org/entity/Q5479536
QFDDX7MH6P3F,17,0,http://www.wikidata.org/entity/Q5450590
QFDDX7MH6P3F,18,0,http://www.wikidata.org/entity/Q5045744
QFDDX7MH6P3F,19,0,http://www.wikidata.org/entity/Q7605806
QFDDX7MH6P3F,20,0,http://www.wikidata.org/entity/Q5398636
QFDDX7MH6P3F,21,0,http://www.wikidata.org/entity/Q5551040
QFDDX7MH6P3F,22,0,http://www.wikidata.org/entity/Q6073494
QFDDX7MH6P3F,23,0,http://www.wikidata.org/entity/Q5893531
KS9WUAEI3KJ3,1,0,http://www.wikidata.org/entity/Q6904158
KS9WUAEI3KJ3,2,0,http://www.wikidata.org/entity/Q7195181
KS9WUAEI3KJ3,3,0,http://www.wikidata.org/entity/Q4928271
KS9WUAEI3KJ3,4,0,http://www.wikidata.org/entity/Q4928279
KS9WUAEI3KJ3,5,0,http://www.wikidata.org/entity/Q5637995
KS9WUAEI3KJ3,6,0,http://www.wikidata.org/entity/Q5059407
KS9WUAEI3KJ3,7,0,http://www.wikidata.org/entity/Q7293500
KS9WUAEI3KJ3,8,0,http://www.wikidata.org/entity/Q5325285
KS9WUAEI3KJ3,9,0,http://www.wikidata.org/entity/Q7018293
KS9WUAEI3KJ3,10,0,http://www.wikidata.org/entity/Q7978970
KS9WUAEI3KJ3,11,0,http://www.wikidata.org/entity/Q9038310
KS9WUAEI3KJ3,12,0,http://www.wikidata.org/entity/Q4874143
KS9WUAEI3KJ3,13,0,http://www.wikidata.org/entity/Q7581075
KS9WUAEI3KJ3,14,0,http://www.wikidata.org/entity/Q7581085
KS9WUAEI3KJ3,15,0,http://www.wikidata.org/entity/Q7054267
KS9WUAEI3KJ3,16,0,http://www.wikidata.org/entity/Q7975498
KS9WUAEI3KJ3,17,0,http://www.wikidata.org/entity/Q7975502
KS9WUAEI3KJ3,18,0,http://www.wikidata.org/entity/Q5641776
KS9WUAEI3KJ3,19,0,http://www.wikidata.org/entity/Q5645918
TI7CDASFASDN,1,0,http://www.wikidata.org/entity/Q75422952
TI7CDASFASDN,2,0,http://www.wikidata.org/entity/Q79229368
TI7CDASFASDN,3,0,http://www.wikidata.org/entity/Q26792209
TI7CDASFASDN,4,0,http://www.wikidata.org/entity/Q74516709
TI7CDASFASDN,5,0,http://www.wikidata.org/entity/Q74337217
TI7CDASFASDN,6,0,http://www.wikidata.org/entity/Q75706371
TI7CDASFASDN,7,0,http://www.wikidata.org/entity/Q75152757
TI7CDASFASDN,8,0,http://www.wikidata.org/entity/Q75422958
TI7CDASFASDN,9,0,http://www.wikidata.org/entity/Q17068029
TI7CDASFASDN,10,0,http://www.wikidata.org/entity/Q5070845
TI7CDASFASDN,11,0,http://www.wikidata.org/entity/Q75152644
TI7CDASFASDN,12,0,http://www.wikidata.org/entity/Q4904299
YU2427F8G077,1,0,http://www.wikidata.org/entity/Q69475846
YU2427F8G077,2,0,http://www.wikidata.org/entity/Q66364339
JK36RG55P62Z,1,0,http://www.wikidata.org/entity/Q4649079
JK36RG55P62Z,2,0,http://www.wikidata.org/entity/Q4649072
W9AU54P03EA4,1,0,http://www.wikidata.org/entity/Q201989
W9AU54P03EA4,2,0,http://www.wikidata.org/entity/Q797668
AS3148BBZAT9,1,0,http://www.wikidata.org/entity/Q56243275
AS3148BBZAT9,2,0,http://www.wikidata.org/entity/Q109940939
AS3148BBZAT9,3,0,http://www.wikidata.org/entity/Q109940941
AS3148BBZAT9,4,0,http://www.wikidata.org/entity/Q110096981
AS3148BBZAT9,5,0,http://www.wikidata.org/entity/Q105198672
AS3148BBZAT9,6,0,http://www.wikidata.org/entity/Q110097064
AS3148BBZAT9,7,0,http://www.wikidata.org/entity/Q110097058
AS3148BBZAT9,8,0,http://www.wikidata.org/entity/Q110125774
AS3148BBZAT9,9,0,http://www.wikidata.org/entity/Q110125770
AS3148BBZAT9,10,0,http://www.wikidata.org/entity/Q110126341
AS3148BBZAT9,11,0,http://www.wikidata.org/entity/Q110097969
AS3148BBZAT9,12,0,http://www.wikidata.org/entity/Q62113955
AS3148BBZAT9,13,0,http://www.wikidata.org/entity/Q110097165
AS3148BBZAT9,14,0,http://www.wikidata.org/entity/Q110143427
AS3148BBZAT9,15,0,http://www.wikidata.org/entity/Q22245952
AS3148BBZAT9,16,0,http://www.wikidata.org/entity/Q110097024
AS3148BBZAT9,17,0,http://www.wikidata.org/entity/Q110097018
AS3148BBZAT9,18,0,http://www.wikidata.org/entity/Q109940848
AS3148BBZAT9,19,0,http://www.wikidata.org/entity/Q60522306
AS3148BBZAT9,20,0,http://www.wikidata.org/entity/Q109941130
AS3148BBZAT9,21,0,http://www.wikidata.org/entity/Q20991380
AS3148BBZAT9,22,0,http://www.wikidata.org/entity/Q20991351
AS3148BBZAT9,23,0,http://www.wikidata.org/entity/Q110098253
AS3148BBZAT9,24,0,http://www.wikidata.org/entity/Q110132174
R32URQEW1RR7,1,0,http://www.wikidata.org/entity/Q21093452
R32URQEW1RR7,2,0,http://www.wikidata.org/entity/Q612086
R32URQEW1RR7,3,0,http://www.wikidata.org/entity/Q21896452
R32URQEW1RR7,4,0,http://www.wikidata.org/entity/Q27996725
R32URQEW1RR7,5,0,http://www.wikidata.org/entity/Q20671982
R32URQEW1RR7,6,0,http://www.wikidata.org/entity/Q55754004
R32URQEW1RR7,7,0,http://www.wikidata.org/entity/Q4632712
R32URQEW1RR7,8,0,http://www.wikidata.org/entity/Q29413569
R32URQEW1RR7,9,0,http://www.wikidata.org/entity/Q60774860
R32URQEW1RR7,10,0,http://www.wikidata.org/entity/Q122902866
R32URQEW1RR7,11,0,http://www.wikidata.org/entity/Q21665223
R32URQEW1RR7,12,0,http://www.wikidata.org/entity/Q24054268
R32URQEW1RR7,13,0,http://www.wikidata.org/entity/Q23369024
R32URQEW1RR7,14,0,http://www.wikidata.org/entity/Q42033121
R32URQEW1RR7,15,0,http://www.wikidata.org/entity/Q22679448
R32URQEW1RR7,16,0,http://www.wikidata.org/entity/Q4456273
R32URQEW1RR7,17,0,http://www.wikidata.org/entity/Q25007917
3XCPNNXKPZJH,1,0,http://www.wikidata.org/entity/Q64555128
3XCPNNXKPZJH,2,0,http://www.wikidata.org/entity/Q64516404
3XCPNNXKPZJH,3,0,http://www.wikidata.org/entity/Q64213975
3XCPNNXKPZJH,4,0,http://www.wikidata.org/entity/Q64708588
3XCPNNXKPZJH,5,0,http://www.wikidata.org/entity/Q64358494
3XCPNNXKPZJH,6,0,http://www.wikidata.org/entity/Q25964
3XCPNNXKPZJH,7,0,http://www.wikidata.org/entity/Q64127450
3XCPNNXKPZJH,8,0,http://www.wikidata.org/entity/Q64129576
3XCPNNXKPZJH,9,0,http://www.wikidata.org/entity/Q108570592
3XCPNNXKPZJH,10,0,http://www.wikidata.org/entity/Q64212573
3XCPNNXKPZJH,11,0,http://www.wikidata.org/entity/Q64129580
3TWQLT7L9R68,1,0,http://www.wikidata.org/entity/Q1232851
3TWQLT7L9R68,2,0,http://www.wikidata.org/entity/Q815947
LCHLHQS0B0Y8,1,0,http://www.wikidata.org/entity/Q7278073
LCHLHQS0B0Y8,2,0,http://www.wikidata.org/entity/Q7278030
PA38CRYP6H3M,1,0,http://www.wikidata.org/entity/Q15299648
PA38CRYP6H3M,2,0,http://www.wikidata.org/entity/Q18284015
2U9V3DNGN5BF,1,0,http://www.wikidata.org/entity/Q21039506
2U9V3DNGN5BF,2,0,http://www.wikidata.org/entity/Q821362
2U9V3DNGN5BF,3,0,http://www.wikidata.org/entity/Q51735998
2U9V3DNGN5BF,4,0,http://www.wikidata.org/entity/Q20747035
2U9V3DNGN5BF,5,0,http://www.wikidata.org/entity/Q2155240
2U9V3DNGN5BF,6,0,http://www.wikidata.org/entity/Q91250518
2U9V3DNGN5BF,7,0,http://www.wikidata.org/entity/Q1420470
2U9V3DNGN5BF,8,0,http://www.wikidata.org/entity/Q61916128
2U9V3DNGN5BF,9,0,http://www.wikidata.org/entity/Q7063311
2U9V3DNGN5BF,10,0,http://www.wikidata.org/entity/Q37566769
2U9V3DNGN5BF,11,0,http://www.wikidata.org/entity/Q111625631
2U9V3DNGN5BF,12,0,http://www.wikidata.org/entity/Q688298
2U9V3DNGN5BF,13,0,http://www.wikidata.org/entity/Q26267174
2U9V3DNGN5BF,14,0,http://www.wikidata.org/entity/Q65620245
2U9V3DNGN5BF,15,0,http://www.wikidata.org/entity/Q114390274
2U9V3DNGN5BF,16,0,http://www.wikidata.org/entity/Q2676933
2U9V3DNGN5BF,17,0,http://www.wikidata.org/entity/Q86530316
2U9V3DNGN5BF,18,0,http://www.wikidata.org/entity/Q1366897
2U9V3DNGN5BF,19,0,http://www.wikidata.org/entity/Q65381
2U9V3DNGN5BF,20,0,http://www.wikidata.org/entity/Q97652485
2U9V3DNGN5BF,21,0,http://www.wikidata.org/entity/Q3115720
2U9V3DNGN5BF,22,0,http://www.wikidata.org/entity/Q63183179
2U9V3DNGN5BF,23,0,http://www.wikidata.org/entity/Q27479104
2U9V3DNGN5BF,24,0,http://www.wikidata.org/entity/Q97665774
2U9V3DNGN5BF,25,0,http://www.wikidata.org/entity/Q105123380
10BNDPUF1C1D,1,0,http://www.wikidata.org/entity/Q201104
10BNDPUF1C1D,2,0,http://www.wikidata.org/entity/Q3616196
10BNDPUF1C1D,3,0,http://www.wikidata.org/entity/Q4106165
10BNDPUF1C1D,4,0,http://www.wikidata.org/entity/Q2684209
10BNDPUF1C1D,5,0,http://www.wikidata.org/entity/Q4193146
10BNDPUF1C1D,6,0,http://www.wikidata.org/entity/Q3817150
10BNDPUF1C1D,7,0,http://www.wikidata.org/entity/Q2630115
10BNDPUF1C1D,8,0,http://www.wikidata.org/entity/Q4153831
10BNDPUF1C1D,9,0,http://www.wikidata.org/entity/Q4515802
10BNDPUF1C1D,10,0,http://www.wikidata.org/entity/Q4002997
10BNDPUF1C1D,11,0,http://www.wikidata.org/entity/Q3627750
10BNDPUF1C1D,12,0,http://www.wikidata.org/entity/Q4092732
10BNDPUF1C1D,13,0,http://www.wikidata.org/entity/Q3739708
10BNDPUF1C1D,14,0,http://www.wikidata.org/entity/Q4239542
KN3YAWK3T9QU,1,0,http://www.wikidata.org/entity/Q3889354
KN3YAWK3T9QU,2,0,http://www.wikidata.org/entity/Q967063
ZNFCMH60F70X,1,0,http://www.wikidata.org/entity/Q2617991
ZNFCMH60F70X,2,0,http://www.wikidata.org/entity/Q2617954
ZNFCMH60F70X,3,0,http://www.wikidata.org/entity/Q532999
ZNFCMH60F70X,4,0,http://www.wikidata.org/entity/Q2712250
ZNFCMH60F70X,5,0,http://www.wikidata.org/entity/Q2542501
ZNFCMH60F70X,6,0,http://www.wikidata.org/entity/Q2713331
ZNFCMH60F70X,7,0,http://www.wikidata.org/entity/Q58086458
4Y109WBXGIRC,1,0,http://www.wikidata.org/entity/Q24024602
4Y109WBXGIRC,2,0,http://www.wikidata.org/entity/Q28122279
4Y109WBXGIRC,3,0,http://www.wikidata.org/entity/Q28119939
4Y109WBXGIRC,4,0,http://www.wikidata.org/entity/Q28119337
4Y109WBXGIRC,5,0,http://www.wikidata.org/entity/Q28119823
4Y109WBXGIRC,6,0,http://www.wikidata.org/entity/Q28121007
4Y109WBXGIRC,7,0,http://www.wikidata.org/entity/Q28121794
4Y109WBXGIRC,8,0,http://www.wikidata.org/entity/Q28120092
4Y109WBXGIRC,9,0,http://www.wikidata.org/entity/Q25509510
4Y109WBXGIRC,10,0,http://www.wikidata.org/entity/Q28122200
4Y109WBXGIRC,11,0,http://www.wikidata.org/entity/Q28119618
4Y109WBXGIRC,12,0,http://www.wikidata.org/entity/Q24023091
4Y109WBXGIRC,13,0,http://www.wikidata.org/entity/Q6078571
4Y109WBXGIRC,14,0,http://www.wikidata.org/entity/Q28122244
4Y109WBXGIRC,15,0,http://www.wikidata.org/entity/Q33334286
4Y109WBXGIRC,16,0,http://www.wikidata.org/entity/Q18576054
4Y109WBXGIRC,17,0,http://www.wikidata.org/entity/Q28121762
4Y109WBXGIRC,18,0,http://www.wikidata.org/entity/Q28121902
BGS3EWXKFK0Q,1,0,http://www.wikidata.org/entity/Q12398095
BGS3EWXKFK0Q,2,0,http://www.wikidata.org/entity/Q28121677
BGS3EWXKFK0Q,3,0,http://www.wikidata.org/entity/Q28121938
BGS3EWXKFK0Q,4,0,http://www.wikidata.org/entity/Q28119877
BGS3EWXKFK0Q,5,0,http://www.wikidata.org/entity/Q28119621
BGS3EWXKFK0Q,6,0,http://www.wikidata.org/entity/Q28121436
BGS3EWXKFK0Q,7,0,http://www.wikidata.org/entity/Q28122248
0VJOTJ34ZQ34,1,0,http://www.wikidata.org/entity/Q2791064
0VJOTJ34ZQ34,2,0,http://www.wikidata.org/entity/Q3469044
0VJOTJ34ZQ34,3,0,http://www.wikidata.org/entity/Q513589
0VJOTJ34ZQ34,4,0,http://www.wikidata.org/entity/Q6320234
0VJOTJ34ZQ34,5,0,http://www.wikidata.org/entity/Q6304031
8AEM4MBAJ8MF,1,0,http://www.wikidata.org/entity/Q10718201
8AEM4MBAJ8MF,2,0,http://www.wikidata.org/entity/Q10713072
8AEM4MBAJ8MF,3,0,http://www.wikidata.org/entity/Q10424153
8AEM4MBAJ8MF,4,0,http://www.wikidata.org/entity/Q3742144
Y9MOUU2S6DM7,1,0,http://www.wikidata.org/entity/Q1040713
Y9MOUU2S6DM7,2,0,http://www.wikidata.org/entity/Q968336
Y9MOUU2S6DM7,3,0,http://www.wikidata.org/entity/Q2427833
Y9MOUU2S6DM7,4,0,http://www.wikidata.org/entity/Q82393
Y9MOUU2S6DM7,5,0,http://www.wikidata.org/entity/Q946826
Y9MOUU2S6DM7,6,0,http://www.wikidata.org/entity/Q1864443
Y9MOUU2S6DM7,7,0,http://www.wikidata.org/entity/Q1941831
Y9MOUU2S6DM7,8,0,http://www.wikidata.org/entity/Q706337
Y9MOUU2S6DM7,9,0,http://www.wikidata.org/entity/Q491563
Y9MOUU2S6DM7,10,0,http://www.wikidata.org/entity/Q2066987
Y9MOUU2S6DM7,11,0,http://www.wikidata.org/entity/Q638553
Y9MOUU2S6DM7,12,0,http://www.wikidata.org/entity/Q823559
Y9MOUU2S6DM7,13,0,http://www.wikidata.org/entity/Q657905
OVHML1VI4DZM,1,0,http://www.wikidata.org/entity/Q2059161
OVHML1VI4DZM,2,0,http://www.wikidata.org/entity/Q2057577
OVHML1VI4DZM,3,0,http://www.wikidata.org/entity/Q2056760
OVHML1VI4DZM,4,0,http://www.wikidata.org/entity/Q2056503
OVHML1VI4DZM,5,0,http://www.wikidata.org/entity/Q2054979
OVHML1VI4DZM,6,0,http://www.wikidata.org/entity/Q2049816
OVHML1VI4DZM,7,0,http://www.wikidata.org/entity/Q2042578
OVHML1VI4DZM,8,0,http://www.wikidata.org/entity/Q2033264
OVHML1VI4DZM,9,0,http://www.wikidata.org/entity/Q2030147
OVHML1VI4DZM,10,0,http://www.wikidata.org/entity/Q2027823
OVHML1VI4DZM,11,0,http://www.wikidata.org/entity/Q2027571
OVHML1VI4DZM,12,0,http://www.wikidata.org/entity/Q2025937
OVHML1VI4DZM,13,0,http://www.wikidata.org/entity/Q2020435
OVHML1VI4DZM,14,0,http://www.wikidata.org/entity/Q2018370
OVHML1VI4DZM,15,0,http://www.wikidata.org/entity/Q2016654
OVHML1VI4DZM,16,0,http://www.wikidata.org/entity/Q2008806
OVHML1VI4DZM,17,0,http://www.wikidata.org/entity/Q5244845
OVHML1VI4DZM,18,0,http://www.wikidata.org/entity/Q5244825
OVHML1VI4DZM,19,0,http://www.wikidata.org/entity/Q5244789
OVHML1VI4DZM,20,0,http://www.wikidata.org/entity/Q5172974
YBKEO1MK5MP7,1,0,http://www.wikidata.org/entity/Q7677015
YBKEO1MK5MP7,2,0,http://www.wikidata.org/entity/Q5358681
YBKEO1MK5MP7,3,0,http://www.wikidata.org/entity/Q63365443
YBKEO1MK5MP7,4,0,http://www.wikidata.org/entity/Q4493163
YBKEO1MK5MP7,5,0,http://www.wikidata.org/entity/Q5435879
YBKEO1MK5MP7,6,0,http://www.wikidata.org/entity/Q3356829
YBKEO1MK5MP7,7,0,http://www.wikidata.org/entity/Q7929998
YZWDZYFM0AHO,1,0,http://www.wikidata.org/entity/Q149990
YZWDZYFM0AHO,2,0,http://www.wikidata.org/entity/Q11959672
YZWDZYFM0AHO,3,0,http://www.wikidata.org/entity/Q3551662
YZWDZYFM0AHO,4,0,http://www.wikidata.org/entity/Q7401445
YZWDZYFM0AHO,5,0,http://www.wikidata.org/entity/Q7983892
YZWDZYFM0AHO,6,0,http://www.wikidata.org/entity/Q3551578
C50953QGLH6C,1,0,http://www.wikidata.org/entity/Q4882130
C50953QGLH6C,2,0,http://www.wikidata.org/entity/Q28942217
C50953QGLH6C,3,0,http://www.wikidata.org/entity/Q3817639
C50953QGLH6C,4,0,http://www.wikidata.org/entity/Q5155118
C50953QGLH6C,5,0,http://www.wikidata.org/entity/Q7745263
C50953QGLH6C,6,0,http://www.wikidata.org/entity/Q7680582
C50953QGLH6C,7,0,http://www.wikidata.org/entity/Q4878642
VG7WM6N0FQY1,1,0,http://www.wikidata.org/entity/Q26322782
VG7WM6N0FQY1,2,0,http://www.wikidata.org/entity/Q24176316
VG7WM6N0FQY1,3,0,http://www.wikidata.org/entity/Q111687796
VG7WM6N0FQY1,4,0,http://www.wikidata.org/entity/Q26326572
VG7WM6N0FQY1,5,0,http://www.wikidata.org/entity/Q25893142
VG7WM6N0FQY1,6,0,http://www.wikidata.org/entity/Q53590628
VG7WM6N0FQY1,7,0,http://www.wikidata.org/entity/Q24351724
VG7WM6N0FQY1,8,0,http://www.wikidata.org/entity/Q25891850
VG7WM6N0FQY1,9,0,http://www.wikidata.org/entity/Q26326682
VG7WM6N0FQY1,10,0,http://www.wikidata.org/entity/Q111690290
VG7WM6N0FQY1,11,0,http://www.wikidata.org/entity/Q124351753
VG7WM6N0FQY1,12,0,http://www.wikidata.org/entity/Q26326602
VG7WM6N0FQY1,13,0,http://www.wikidata.org/entity/Q124097742
VG7WM6N0FQY1,14,0,http://www.wikidata.org/entity/Q26329236
VG7WM6N0FQY1,15,0,http://www.wikidata.org/entity/Q25113984
VG7WM6N0FQY1,16,0,http://www.wikidata.org/entity/Q26326874
VG7WM6N0FQY1,17,0,http://www.wikidata.org/entity/Q111689517
VG7WM6N0FQY1,18,0,http://www.wikidata.org/entity/Q23918998
VG7WM6N0FQY1,19,0,http://www.wikidata.org/entity/Q111689818
VG7WM6N0FQY1,20,0,http://www.wikidata.org/entity/Q26329384
VG7WM6N0FQY1,21,0,http://www.wikidata.org/entity/Q57382115
VG7WM6N0FQY1,22,0,http://www.wikidata.org/entity/Q23924608
VG7WM6N0FQY1,23,0,http://www.wikidata.org/entity/Q26253373
VG7WM6N0FQY1,24,0,http://www.wikidata.org/entity/Q107076819
VG7WM6N0FQY1,25,0,http://www.wikidata.org/entity/Q26326678
1YGNWOWUFZZJ,1,0,http://www.wikidata.org/entity/Q28797870
1YGNWOWUFZZJ,2,0,http://www.wikidata.org/entity/Q110210065
1YGNWOWUFZZJ,3,0,http://www.wikidata.org/entity/Q110210311
1YGNWOWUFZZJ,4,0,http://www.wikidata.org/entity/Q112091667
1YGNWOWUFZZJ,5,0,http://www.wikidata.org/entity/Q21151884
1YGNWOWUFZZJ,6,0,http://www.wikidata.org/entity/Q110209768
1YGNWOWUFZZJ,7,0,http://www.wikidata.org/entity/Q110210574
1YGNWOWUFZZJ,8,0,http://www.wikidata.org/entity/Q55164105
1YGNWOWUFZZJ,9,0,http://www.wikidata.org/entity/Q110210216
1YGNWOWUFZZJ,10,0,http://www.wikidata.org/entity/Q110210871
1YGNWOWUFZZJ,11,0,http://www.wikidata.org/entity/Q110210983
1YGNWOWUFZZJ,12,0,http://www.wikidata.org/entity/Q101445599
1YGNWOWUFZZJ,13,0,http://www.wikidata.org/entity/Q110210836
1YGNWOWUFZZJ,14,0,http://www.wikidata.org/entity/Q110209816
1YGNWOWUFZZJ,15,0,http://www.wikidata.org/entity/Q106844480
1YGNWOWUFZZJ,16,0,http://www.wikidata.org/entity/Q110210891
R4QMXYLHWGU7,1,0,http://www.wikidata.org/entity/Q27902672
R4QMXYLHWGU7,2,0,http://www.wikidata.org/entity/Q56275657
R4QMXYLHWGU7,3,0,http://www.wikidata.org/entity/Q618849
A0V2JS39GG8X,1,0,http://www.wikidata.org/entity/Q4067442
A0V2JS39GG8X,2,0,http://www.wikidata.org/entity/Q4067441
A0V2JS39GG8X,3,0,http://www.wikidata.org/entity/Q4067408
A0V2JS39GG8X,4,0,http://www.wikidata.org/entity/Q4067405
A0V2JS39GG8X,5,0,http://www.wikidata.org/entity/Q4067305
A0V2JS39GG8X,6,0,http://www.wikidata.org/entity/Q4066769
A0V2JS39GG8X,7,0,http://www.wikidata.org/entity/Q4066766
A0V2JS39GG8X,8,0,http://www.wikidata.org/entity/Q4066754
A0V2JS39GG8X,9,0,http://www.wikidata.org/entity/Q4066752
A0V2JS39GG8X,10,0,http://www.wikidata.org/entity/Q4066750
A0V2JS39GG8X,11,0,http://www.wikidata.org/entity/Q820129
A0V2JS39GG8X,12,0,http://www.wikidata.org/entity/Q815248
A0V2JS39GG8X,13,0,http://www.wikidata.org/entity/Q800001
A0V2JS39GG8X,14,0,http://www.wikidata.org/entity/Q799996
A0V2JS39GG8X,15,0,http://www.wikidata.org/entity/Q799994
A0V2JS39GG8X,16,0,http://www.wikidata.org/entity/Q799993
A0V2JS39GG8X,17,0,http://www.wikidata.org/entity/Q799991
A0V2JS39GG8X,18,0,http://www.wikidata.org/entity/Q799989
A0V2JS39GG8X,19,0,http://www.wikidata.org/entity/Q799986
A0V2JS39GG8X,20,0,http://www.wikidata.org/entity/Q799985
A0V2JS39GG8X,21,0,http://www.wikidata.org/entity/Q799981
A0V2JS39GG8X,22,0,http://www.wikidata.org/entity/Q799979
A0V2JS39GG8X,23,0,http://www.wikidata.org/entity/Q799978
A0V2JS39GG8X,24,0,http://www.wikidata.org/entity/Q799977
OQ8AGJDOB72H,1,0,http://www.wikidata.org/entity/Q842819
OQ8AGJDOB72H,2,0,http://www.wikidata.org/entity/Q842801
OQ8AGJDOB72H,3,0,http://www.wikidata.org/entity/Q842784
OQ8AGJDOB72H,4,0,http://www.wikidata.org/entity/Q839226
OQ8AGJDOB72H,5,0,http://www.wikidata.org/entity/Q831400
OQ8AGJDOB72H,6,0,http://www.wikidata.org/entity/Q830613
OQ8AGJDOB72H,7,0,http://www.wikidata.org/entity/Q828381
OQ8AGJDOB72H,8,0,http://www.wikidata.org/entity/Q4085492
OQ8AGJDOB72H,9,0,http://www.wikidata.org/entity/Q4085485
OQ8AGJDOB72H,10,0,http://www.wikidata.org/entity/Q4085484
OQ8AGJDOB72H,11,0,http://www.wikidata.org/entity/Q4085483
OQ8AGJDOB72H,12,0,http://www.wikidata.org/entity/Q4085482
OQ8AGJDOB72H,13,0,http://www.wikidata.org/entity/Q4085480
OQ8AGJDOB72H,14,0,http://www.wikidata.org/entity/Q4085461
OQ8AGJDOB72H,15,0,http://www.wikidata.org/entity/Q4085460
OQ8AGJDOB72H,16,0,http://www.wikidata.org/entity/Q4085449
OQ8AGJDOB72H,17,0,http://www.wikidata.org/entity/Q4085447
OQ8AGJDOB72H,18,0,http://www.wikidata.org/entity/Q4085446
OQ8AGJDOB72H,19,0,http://www.wikidata.org/entity/Q4085445
22G5LGFV6KG6,1,0,http://www.wikidata.org/entity/Q104416086
22G5LGFV6KG6,2,0,http://www.wikidata.org/entity/Q56309590
22G5LGFV6KG6,3,0,http://www.wikidata.org/entity/Q115446591
22G5LGFV6KG6,4,0,http://www.wikidata.org/entity/Q7388346
22G5LGFV6KG6,5,0,http://www.wikidata.org/entity/Q7388209
22G5LGFV6KG6,6,0,http://www.wikidata.org/entity/Q107294762
22G5LGFV6KG6,7,0,http://www.wikidata.org/entity/Q108602620
22G5LGFV6KG6,8,0,http://www.wikidata.org/entity/Q7388227
22G5LGFV6KG6,9,0,http://www.wikidata.org/entity/Q63216051
22G5LGFV6KG6,10,0,http://www.wikidata.org/entity/Q67882950
22G5LGFV6KG6,11,0,http://www.wikidata.org/entity/Q108602185
22G5LGFV6KG6,12,0,http://www.wikidata.org/entity/Q110265613
22G5LGFV6KG6,13,0,http://www.wikidata.org/entity/Q112707550
22G5LGFV6KG6,14,0,http://www.wikidata.org/entity/Q115689935
22G5LGFV6KG6,15,0,http://www.wikidata.org/entity/Q7388333
22G5LGFV6KG6,16,0,http://www.wikidata.org/entity/Q7388335
22G5LGFV6KG6,17,0,http://www.wikidata.org/entity/Q18926034
22G5LGFV6KG6,18,0,http://www.wikidata.org/entity/Q63451353
22G5LGFV6KG6,19,0,http://www.wikidata.org/entity/Q67505528
55M04UCDVKVH,1,0,http://www.wikidata.org/entity/Q2283930
55M04UCDVKVH,2,0,http://www.wikidata.org/entity/Q121303237
1FZI0R5G320S,1,0,http://www.wikidata.org/entity/Q3948122
1FZI0R5G320S,2,0,http://www.wikidata.org/entity/Q2739523
LGJYPKYPUSSQ,1,0,http://www.wikidata.org/entity/Q44951456
LGJYPKYPUSSQ,2,0,http://www.wikidata.org/entity/Q1010576
4RB141YKOAP1,1,0,http://www.wikidata.org/entity/Q155009
4RB141YKOAP1,2,0,http://www.wikidata.org/entity/Q17012236
4RB141YKOAP1,3,0,http://www.wikidata.org/entity/Q115210853
4RB141YKOAP1,4,0,http://www.wikidata.org/entity/Q926028
4RB141YKOAP1,5,0,http://www.wikidata.org/entity/Q115207385
4RB141YKOAP1,6,0,http://www.wikidata.org/entity/Q7566716
4RB141YKOAP1,7,0,http://www.wikidata.org/entity/Q468474
4RB141YKOAP1,8,0,http://www.wikidata.org/entity/Q2629054
4RB141YKOAP1,9,0,http://www.wikidata.org/entity/Q5478507
4RB141YKOAP1,10,0,http://www.wikidata.org/entity/Q208730
4RB141YKOAP1,11,0,http://www.wikidata.org/entity/Q21596813
4RB141YKOAP1,12,0,http://www.wikidata.org/entity/Q104817974
4RB141YKOAP1,13,0,http://www.wikidata.org/entity/Q1531048
QD69FAKKDG73,1,0,http://www.wikidata.org/entity/Q42135
QD69FAKKDG73,2,0,http://www.wikidata.org/entity/Q42157
QD69FAKKDG73,3,0,http://www.wikidata.org/entity/Q42102
QD69FAKKDG73,4,0,http://www.wikidata.org/entity/Q50257
QD69FAKKDG73,5,0,http://www.wikidata.org/entity/Q42062
QD69FAKKDG73,6,0,http://www.wikidata.org/entity/Q42128
QD69FAKKDG73,7,0,http://www.wikidata.org/entity/Q42089
QD69FAKKDG73,8,0,http://www.wikidata.org/entity/Q42064
QD69FAKKDG73,9,0,http://www.wikidata.org/entity/Q42148
EJN2CZNETHZR,1,0,http://www.wikidata.org/entity/Q20030127
EJN2CZNETHZR,2,0,http://www.wikidata.org/entity/Q109743523
EJN2CZNETHZR,3,0,http://www.wikidata.org/entity/Q919553
EJN2CZNETHZR,4,0,http://www.wikidata.org/entity/Q24902457
EJN2CZNETHZR,5,0,http://www.wikidata.org/entity/Q1748158
EJN2CZNETHZR,6,0,http://www.wikidata.org/entity/Q1531274
EJN2CZNETHZR,7,0,http://www.wikidata.org/entity/Q1138653
EJN2CZNETHZR,8,0,http://www.wikidata.org/entity/Q3512503
EJN2CZNETHZR,9,0,http://www.wikidata.org/entity/Q19871700
EJN2CZNETHZR,10,0,http://www.wikidata.org/entity/Q242398
EJN2CZNETHZR,11,0,http://www.wikidata.org/entity/Q475494
EJN2CZNETHZR,12,0,http://www.wikidata.org/entity/Q110518568
EJN2CZNETHZR,13,0,http://www.wikidata.org/entity/Q4461344
EJN2CZNETHZR,14,0,http://www.wikidata.org/entity/Q4207507
EJN2CZNETHZR,15,0,http://www.wikidata.org/entity/Q1348033
EJN2CZNETHZR,16,0,http://www.wikidata.org/entity/Q56299637
EJN2CZNETHZR,17,0,http://www.wikidata.org/entity/Q512263
EJN2CZNETHZR,18,0,http://www.wikidata.org/entity/Q923623
EJN2CZNETHZR,19,0,http://www.wikidata.org/entity/Q15905312
EJN2CZNETHZR,20,0,http://www.wikidata.org/entity/Q672117
RV60UGNHU3TK,1,0,http://www.wikidata.org/entity/Q3559631
RV60UGNHU3TK,2,0,http://www.wikidata.org/entity/Q56266879
RV60UGNHU3TK,3,0,http://www.wikidata.org/entity/Q56266876
RV60UGNHU3TK,4,0,http://www.wikidata.org/entity/Q56425794
RV60UGNHU3TK,5,0,http://www.wikidata.org/entity/Q843172
RV60UGNHU3TK,6,0,http://www.wikidata.org/entity/Q56425766
RV60UGNHU3TK,7,0,http://www.wikidata.org/entity/Q5369408
RV60UGNHU3TK,8,0,http://www.wikidata.org/entity/Q12883498
RV60UGNHU3TK,9,0,http://www.wikidata.org/entity/Q7678734
RV60UGNHU3TK,10,0,http://www.wikidata.org/entity/Q56421391
RV60UGNHU3TK,11,0,http://www.wikidata.org/entity/Q56425782
RV60UGNHU3TK,12,0,http://www.wikidata.org/entity/Q7081268
RV60UGNHU3TK,13,0,http://www.wikidata.org/entity/Q56266900
RV60UGNHU3TK,14,0,http://www.wikidata.org/entity/Q16329309
RV60UGNHU3TK,15,0,http://www.wikidata.org/entity/Q56421381
RV60UGNHU3TK,16,0,http://www.wikidata.org/entity/Q56425778
RV60UGNHU3TK,17,0,http://www.wikidata.org/entity/Q5552475
RV60UGNHU3TK,18,0,http://www.wikidata.org/entity/Q56266881
RV60UGNHU3TK,19,0,http://www.wikidata.org/entity/Q56266891
Q6J1QGMI9Q7K,1,0,http://www.wikidata.org/entity/Q16276130
Q6J1QGMI9Q7K,2,0,http://www.wikidata.org/entity/Q17519411
Q6J1QGMI9Q7K,3,0,http://www.wikidata.org/entity/Q1765665
Q6J1QGMI9Q7K,4,0,http://www.wikidata.org/entity/Q3377831
Q6J1QGMI9Q7K,5,0,http://www.wikidata.org/entity/Q16275927
Q6J1QGMI9Q7K,6,0,http://www.wikidata.org/entity/Q16275929
Q6J1QGMI9Q7K,7,0,http://www.wikidata.org/entity/Q10419908
Q6J1QGMI9Q7K,8,0,http://www.wikidata.org/entity/Q3360945
Q6J1QGMI9Q7K,9,0,http://www.wikidata.org/entity/Q3361022
Q6J1QGMI9Q7K,10,0,http://www.wikidata.org/entity/Q4993448
Q6J1QGMI9Q7K,11,0,http://www.wikidata.org/entity/Q4992724
Q6J1QGMI9Q7K,12,0,http://www.wikidata.org/entity/Q16275833
Q6J1QGMI9Q7K,13,0,http://www.wikidata.org/entity/Q17519338
Q6J1QGMI9Q7K,14,0,http://www.wikidata.org/entity/Q10488281
JCU4G5C0LIAX,1,0,http://www.wikidata.org/entity/Q60751596
JCU4G5C0LIAX,2,0,http://www.wikidata.org/entity/Q60753307
JCU4G5C0LIAX,3,0,http://www.wikidata.org/entity/Q60753544
JCU4G5C0LIAX,4,0,http://www.wikidata.org/entity/Q283713
JCU4G5C0LIAX,5,0,http://www.wikidata.org/entity/Q60751474
JCU4G5C0LIAX,6,0,http://www.wikidata.org/entity/Q93069856
JCU4G5C0LIAX,7,0,http://www.wikidata.org/entity/Q10774191
JCU4G5C0LIAX,8,0,http://www.wikidata.org/entity/Q2765761
JCU4G5C0LIAX,9,0,http://www.wikidata.org/entity/Q2350184
JCU4G5C0LIAX,10,0,http://www.wikidata.org/entity/Q2554844
JCU4G5C0LIAX,11,0,http://www.wikidata.org/entity/Q3428276
JCU4G5C0LIAX,12,0,http://www.wikidata.org/entity/Q2766356
JCU4G5C0LIAX,13,0,http://www.wikidata.org/entity/Q60743821
JCU4G5C0LIAX,14,0,http://www.wikidata.org/entity/Q60377310
JCU4G5C0LIAX,15,0,http://www.wikidata.org/entity/Q66457958
JCU4G5C0LIAX,16,0,http://www.wikidata.org/entity/Q60751358
JCU4G5C0LIAX,17,0,http://www.wikidata.org/entity/Q60294477
JCU4G5C0LIAX,18,0,http://www.wikidata.org/entity/Q62099792
JCU4G5C0LIAX,19,0,http://www.wikidata.org/entity/Q60742638
JCU4G5C0LIAX,20,0,http://www.wikidata.org/entity/Q60789183
JCU4G5C0LIAX,21,0,http://www.wikidata.org/entity/Q60745861
JCU4G5C0LIAX,22,0,http://www.wikidata.org/entity/Q62100703
JCU4G5C0LIAX,23,0,http://www.wikidata.org/entity/Q62100279
WE593W3S13S6,1,0,http://www.wikidata.org/entity/Q12582
WE593W3S13S6,2,0,http://www.wikidata.org/entity/Q12034
WE593W3S13S6,3,0,http://www.wikidata.org/entity/Q11968
WE593W3S13S6,4,0,http://www.wikidata.org/entity/Q15521
WE593W3S13S6,5,0,http://www.wikidata.org/entity/Q12335
WE593W3S13S6,6,0,http://www.wikidata.org/entity/Q15623
WE593W3S13S6,7,0,http://www.wikidata.org/entity/Q983580
WE593W3S13S6,8,0,http://www.wikidata.org/entity/Q15429
WE593W3S13S6,9,0,http://www.wikidata.org/entity/Q987434
WE593W3S13S6,10,0,http://www.wikidata.org/entity/Q1229275
WE593W3S13S6,11,0,http://www.wikidata.org/entity/Q12163
WE593W3S13S6,12,0,http://www.wikidata.org/entity/Q15651
WE593W3S13S6,13,0,http://www.wikidata.org/entity/Q18257
WE593W3S13S6,14,0,http://www.wikidata.org/entity/Q15962
WE593W3S13S6,15,0,http://www.wikidata.org/entity/Q15626
WE593W3S13S6,16,0,http://www.wikidata.org/entity/Q13933
IYJ3TQH6IKJI,1,0,http://www.wikidata.org/entity/Q12618
IYJ3TQH6IKJI,2,0,http://www.wikidata.org/entity/Q1917568
IYJ3TQH6IKJI,3,0,http://www.wikidata.org/entity/Q15522
IYJ3TQH6IKJI,4,0,http://www.wikidata.org/entity/Q13607
IYJ3TQH6IKJI,5,0,http://www.wikidata.org/entity/Q12977
IYJ3TQH6IKJI,6,0,http://www.wikidata.org/entity/Q12294
IYJ3TQH6IKJI,7,0,http://www.wikidata.org/entity/Q1769656
IYJ3TQH6IKJI,8,0,http://www.wikidata.org/entity/Q1769563
IYJ3TQH6IKJI,9,0,http://www.wikidata.org/entity/Q1901345
IYJ3TQH6IKJI,10,0,http://www.wikidata.org/entity/Q15952
IYJ3TQH6IKJI,11,0,http://www.wikidata.org/entity/Q1229275
IYJ3TQH6IKJI,12,0,http://www.wikidata.org/entity/Q13782
IYJ3TQH6IKJI,13,0,http://www.wikidata.org/entity/Q1770869
IYJ3TQH6IKJI,14,0,http://www.wikidata.org/entity/Q7079
TSY2FH4AHBL7,1,0,http://www.wikidata.org/entity/Q101069195
TSY2FH4AHBL7,2,0,http://www.wikidata.org/entity/Q9169094
TSY2FH4AHBL7,3,0,http://www.wikidata.org/entity/Q4707648
TSY2FH4AHBL7,4,0,http://www.wikidata.org/entity/Q3510657
TSY2FH4AHBL7,5,0,http://www.wikidata.org/entity/Q2874431
TSY2FH4AHBL7,6,0,http://www.wikidata.org/entity/Q2013767
TSY2FH4AHBL7,7,0,http://www.wikidata.org/entity/Q1760551
TSY2FH4AHBL7,8,0,http://www.wikidata.org/entity/Q821101
TSY2FH4AHBL7,9,0,http://www.wikidata.org/entity/Q821089
TSY2FH4AHBL7,10,0,http://www.wikidata.org/entity/Q795524
TSY2FH4AHBL7,11,0,http://www.wikidata.org/entity/Q703218
TSY2FH4AHBL7,12,0,http://www.wikidata.org/entity/Q702621
TSY2FH4AHBL7,13,0,http://www.wikidata.org/entity/Q702521
TSY2FH4AHBL7,14,0,http://www.wikidata.org/entity/Q702517
TSY2FH4AHBL7,15,0,http://www.wikidata.org/entity/Q700541
TSY2FH4AHBL7,16,0,http://www.wikidata.org/entity/Q700211
TSY2FH4AHBL7,17,0,http://www.wikidata.org/entity/Q700184
TSY2FH4AHBL7,18,0,http://www.wikidata.org/entity/Q700055
TSY2FH4AHBL7,19,0,http://www.wikidata.org/entity/Q699800
J16UQ8C4BU91,1,0,http://www.wikidata.org/entity/Q1975233
J16UQ8C4BU91,2,0,http://www.wikidata.org/entity/Q28151514
J16UQ8C4BU91,3,0,http://www.wikidata.org/entity/Q180717
J16UQ8C4BU91,4,0,http://www.wikidata.org/entity/Q338512
J16UQ8C4BU91,5,0,http://www.wikidata.org/entity/Q852735
J16UQ8C4BU91,6,0,http://www.wikidata.org/entity/Q971090
J16UQ8C4BU91,7,0,http://www.wikidata.org/entity/Q3111959
J16UQ8C4BU91,8,0,http://www.wikidata.org/entity/Q27155
J16UQ8C4BU91,9,0,http://www.wikidata.org/entity/Q3011977
J16UQ8C4BU91,10,0,http://www.wikidata.org/entity/Q1026298
J16UQ8C4BU91,11,0,http://www.wikidata.org/entity/Q986213
J16UQ8C4BU91,12,0,http://www.wikidata.org/entity/Q3572
J16UQ8C4BU91,13,0,http://www.wikidata.org/entity/Q46325
J16UQ8C4BU91,14,0,http://www.wikidata.org/entity/Q2539054
QNQTNQA3LW3X,1,0,http://www.wikidata.org/entity/Q504010
QNQTNQA3LW3X,2,0,http://www.wikidata.org/entity/Q6998
QNQTNQA3LW3X,3,0,http://www.wikidata.org/entity/Q522459
QNQTNQA3LW3X,4,0,http://www.wikidata.org/entity/Q534579
QNQTNQA3LW3X,5,0,http://www.wikidata.org/entity/Q82781
QNQTNQA3LW3X,6,0,http://www.wikidata.org/entity/Q3922
QNQTNQA3LW3X,7,0,http://www.wikidata.org/entity/Q536697
QNQTNQA3LW3X,8,0,http://www.wikidata.org/entity/Q553756
QNQTNQA3LW3X,9,0,http://www.wikidata.org/entity/Q241655
QNQTNQA3LW3X,10,0,http://www.wikidata.org/entity/Q7033
QNQTNQA3LW3X,11,0,http://www.wikidata.org/entity/Q6845
SABOGY4U3WG4,1,0,http://www.wikidata.org/entity/Q81226
SABOGY4U3WG4,2,0,http://www.wikidata.org/entity/Q49518
ZTYYYBBBMJXA,1,0,http://www.wikidata.org/entity/Q79507861
ZTYYYBBBMJXA,2,0,http://www.wikidata.org/entity/Q83628198
ZTYYYBBBMJXA,3,0,http://www.wikidata.org/entity/Q83775071
ZTYYYBBBMJXA,4,0,http://www.wikidata.org/entity/Q83742361
ZTYYYBBBMJXA,5,0,http://www.wikidata.org/entity/Q90990233
ZTYYYBBBMJXA,6,0,http://www.wikidata.org/entity/Q89907194
ZTYYYBBBMJXA,7,0,http://www.wikidata.org/entity/Q85006292
ZTYYYBBBMJXA,8,0,http://www.wikidata.org/entity/Q83759723
ZTYYYBBBMJXA,9,0,http://www.wikidata.org/entity/Q76597053
41RMOKBLKUGG,1,0,http://www.wikidata.org/entity/Q74000016
41RMOKBLKUGG,2,0,http://www.wikidata.org/entity/Q79599207
41RMOKBLKUGG,3,0,http://www.wikidata.org/entity/Q83623077
41RMOKBLKUGG,4,0,http://www.wikidata.org/entity/Q86297526
41RMOKBLKUGG,5,0,http://www.wikidata.org/entity/Q77934136
41RMOKBLKUGG,6,0,http://www.wikidata.org/entity/Q87801167
41RMOKBLKUGG,7,0,http://www.wikidata.org/entity/Q87800935
41RMOKBLKUGG,8,0,http://www.wikidata.org/entity/Q87017456
41RMOKBLKUGG,9,0,http://www.wikidata.org/entity/Q83873308
41RMOKBLKUGG,10,0,http://www.wikidata.org/entity/Q83845231
41RMOKBLKUGG,11,0,http://www.wikidata.org/entity/Q84500483
41RMOKBLKUGG,12,0,http://www.wikidata.org/entity/Q87927358
41RMOKBLKUGG,13,0,http://www.wikidata.org/entity/Q92787067
41RMOKBLKUGG,14,0,http://www.wikidata.org/entity/Q82298361
41RMOKBLKUGG,15,0,http://www.wikidata.org/entity/Q74918179
41RMOKBLKUGG,16,0,http://www.wikidata.org/entity/Q93704721
DYUUWBKO60BB,1,0,http://www.wikidata.org/entity/Q97291466
DYUUWBKO60BB,2,0,http://www.wikidata.org/entity/Q89979339
DYUUWBKO60BB,3,0,http://www.wikidata.org/entity/Q92865261
DYUUWBKO60BB,4,0,http://www.wikidata.org/entity/Q86926822
DYUUWBKO60BB,5,0,http://www.wikidata.org/entity/Q77933228
DYUUWBKO60BB,6,0,http://www.wikidata.org/entity/Q85230441
DYUUWBKO60BB,7,0,http://www.wikidata.org/entity/Q80602879
DYUUWBKO60BB,8,0,http://www.wikidata.org/entity/Q78977292
DYUUWBKO60BB,9,0,http://www.wikidata.org/entity/Q83623184
DYUUWBKO60BB,10,0,http://www.wikidata.org/entity/Q85230568
DYUUWBKO60BB,11,0,http://www.wikidata.org/entity/Q75794142
DYUUWBKO60BB,12,0,http://www.wikidata.org/entity/Q77931901
DYUUWBKO60BB,13,0,http://www.wikidata.org/entity/Q86817588
DYUUWBKO60BB,14,0,http://www.wikidata.org/entity/Q80669865
453JHFKFZ5QT,1,0,http://www.wikidata.org/entity/Q5241877
453JHFKFZ5QT,2,0,http://www.wikidata.org/entity/Q5196318
453JHFKFZ5QT,3,0,http://www.wikidata.org/entity/Q5194092
453JHFKFZ5QT,4,0,http://www.wikidata.org/entity/Q5194090
453JHFKFZ5QT,5,0,http://www.wikidata.org/entity/Q5184624
453JHFKFZ5QT,6,0,http://www.wikidata.org/entity/Q5184026
453JHFKFZ5QT,7,0,http://www.wikidata.org/entity/Q5181538
453JHFKFZ5QT,8,0,http://www.wikidata.org/entity/Q5176221
453JHFKFZ5QT,9,0,http://www.wikidata.org/entity/Q5175846
453JHFKFZ5QT,10,0,http://www.wikidata.org/entity/Q5175843
453JHFKFZ5QT,11,0,http://www.wikidata.org/entity/Q5175596
453JHFKFZ5QT,12,0,http://www.wikidata.org/entity/Q5174280
453JHFKFZ5QT,13,0,http://www.wikidata.org/entity/Q5171627
453JHFKFZ5QT,14,0,http://www.wikidata.org/entity/Q5161243
453JHFKFZ5QT,15,0,http://www.wikidata.org/entity/Q5158878
453JHFKFZ5QT,16,0,http://www.wikidata.org/entity/Q5157706
453JHFKFZ5QT,17,0,http://www.wikidata.org/entity/Q5150152
453JHFKFZ5QT,18,0,http://www.wikidata.org/entity/Q5149868
453JHFKFZ5QT,19,0,http://www.wikidata.org/entity/Q5147410
76C10Y2LD402,1,0,http://www.wikidata.org/entity/Q7921128
76C10Y2LD402,2,0,http://www.wikidata.org/entity/Q7912228
76C10Y2LD402,3,0,http://www.wikidata.org/entity/Q7886297
76C10Y2LD402,4,0,http://www.wikidata.org/entity/Q7886255
76C10Y2LD402,5,0,http://www.wikidata.org/entity/Q7886215
76C10Y2LD402,6,0,http://www.wikidata.org/entity/Q7886187
76C10Y2LD402,7,0,http://www.wikidata.org/entity/Q7880952
76C10Y2LD402,8,0,http://www.wikidata.org/entity/Q7855062
76C10Y2LD402,9,0,http://www.wikidata.org/entity/Q7844562
76C10Y2LD402,10,0,http://www.wikidata.org/entity/Q7804647
76C10Y2LD402,11,0,http://www.wikidata.org/entity/Q7796564
76C10Y2LD402,12,0,http://www.wikidata.org/entity/Q7711556
76C10Y2LD402,13,0,http://www.wikidata.org/entity/Q7650330
76C10Y2LD402,14,0,http://www.wikidata.org/entity/Q7637888
76C10Y2LD402,15,0,http://www.wikidata.org/entity/Q7637886
76C10Y2LD402,16,0,http://www.wikidata.org/entity/Q7627185
76C10Y2LD402,17,0,http://www.wikidata.org/entity/Q7618093
76C10Y2LD402,18,0,http://www.wikidata.org/entity/Q7605662
76C10Y2LD402,19,0,http://www.wikidata.org/entity/Q7600282
76C10Y2LD402,20,0,http://www.wikidata.org/entity/Q7587536
76C10Y2LD402,21,0,http://www.wikidata.org/entity/Q7587307
76C10Y2LD402,22,0,http://www.wikidata.org/entity/Q7580858
76C10Y2LD402,23,0,http://www.wikidata.org/entity/Q7580805
GT6EWYJLJLOM,1,0,http://www.wikidata.org/entity/Q12003620
GT6EWYJLJLOM,2,0,http://www.wikidata.org/entity/Q11985306
GT6EWYJLJLOM,3,0,http://www.wikidata.org/entity/Q12038402
GT6EWYJLJLOM,4,0,http://www.wikidata.org/entity/Q12038279
GT6EWYJLJLOM,5,0,http://www.wikidata.org/entity/Q12037711
GT6EWYJLJLOM,6,0,http://www.wikidata.org/entity/Q12037096
GT6EWYJLJLOM,7,0,http://www.wikidata.org/entity/Q12035933
GT6EWYJLJLOM,8,0,http://www.wikidata.org/entity/Q12035592
GT6EWYJLJLOM,9,0,http://www.wikidata.org/entity/Q12035587
GT6EWYJLJLOM,10,0,http://www.wikidata.org/entity/Q12035271
GT6EWYJLJLOM,11,0,http://www.wikidata.org/entity/Q12042291
GT6EWYJLJLOM,12,0,http://www.wikidata.org/entity/Q12042290
GT6EWYJLJLOM,13,0,http://www.wikidata.org/entity/Q12041955
GT6EWYJLJLOM,14,0,http://www.wikidata.org/entity/Q12041950
GT6EWYJLJLOM,15,0,http://www.wikidata.org/entity/Q12041949
GT6EWYJLJLOM,16,0,http://www.wikidata.org/entity/Q12028709
GT6EWYJLJLOM,17,0,http://www.wikidata.org/entity/Q12028060
GT6EWYJLJLOM,18,0,http://www.wikidata.org/entity/Q12027684
GT6EWYJLJLOM,19,0,http://www.wikidata.org/entity/Q12027679
GT6EWYJLJLOM,20,0,http://www.wikidata.org/entity/Q12024975
GT6EWYJLJLOM,21,0,http://www.wikidata.org/entity/Q12024913
TKQ3I2T5N566,1,0,http://www.wikidata.org/entity/Q115157021
TKQ3I2T5N566,2,0,http://www.wikidata.org/entity/Q5211882
TKQ3I2T5N566,3,0,http://www.wikidata.org/entity/Q6510101
TKQ3I2T5N566,4,0,http://www.wikidata.org/entity/Q5283895
TKQ3I2T5N566,5,0,http://www.wikidata.org/entity/Q16744121
TKQ3I2T5N566,6,0,http://www.wikidata.org/entity/Q94572856
TKQ3I2T5N566,7,0,http://www.wikidata.org/entity/Q2309926
TKQ3I2T5N566,8,0,http://www.wikidata.org/entity/Q5452876
3P1O1G0O6E1I,1,0,http://www.wikidata.org/entity/Q107120781
3P1O1G0O6E1I,2,0,http://www.wikidata.org/entity/Q107120857
3P1O1G0O6E1I,3,0,http://www.wikidata.org/entity/Q108507966
3P1O1G0O6E1I,4,0,http://www.wikidata.org/entity/Q108507986
3P1O1G0O6E1I,5,0,http://www.wikidata.org/entity/Q106715736
3P1O1G0O6E1I,6,0,http://www.wikidata.org/entity/Q107120813
3P1O1G0O6E1I,7,0,http://www.wikidata.org/entity/Q107120912
3P1O1G0O6E1I,8,0,http://www.wikidata.org/entity/Q107120899
3P1O1G0O6E1I,9,0,http://www.wikidata.org/entity/Q111731554
3P1O1G0O6E1I,10,0,http://www.wikidata.org/entity/Q109289747
3P1O1G0O6E1I,11,0,http://www.wikidata.org/entity/Q107120903
DA747JVRGYKF,1,0,http://www.wikidata.org/entity/Q79149526
DA747JVRGYKF,2,0,http://www.wikidata.org/entity/Q87052933
DA747JVRGYKF,3,0,http://www.wikidata.org/entity/Q74682667
DA747JVRGYKF,4,0,http://www.wikidata.org/entity/Q81830860
DA747JVRGYKF,5,0,http://www.wikidata.org/entity/Q85372120
DA747JVRGYKF,6,0,http://www.wikidata.org/entity/Q87052849
DA747JVRGYKF,7,0,http://www.wikidata.org/entity/Q85511237
DA747JVRGYKF,8,0,http://www.wikidata.org/entity/Q82578903
DA747JVRGYKF,9,0,http://www.wikidata.org/entity/Q75832937
DA747JVRGYKF,10,0,http://www.wikidata.org/entity/Q87052800
DA747JVRGYKF,11,0,http://www.wikidata.org/entity/Q89523791
DA747JVRGYKF,12,0,http://www.wikidata.org/entity/Q89379986
DA747JVRGYKF,13,0,http://www.wikidata.org/entity/Q18449579
BJZ22R1RCK2D,1,0,http://www.wikidata.org/entity/Q2768192
BJZ22R1RCK2D,2,0,http://www.wikidata.org/entity/Q3430056
BJZ22R1RCK2D,3,0,http://www.wikidata.org/entity/Q1525269
BJZ22R1RCK2D,4,0,http://www.wikidata.org/entity/Q1017723
BJZ22R1RCK2D,5,0,http://www.wikidata.org/entity/Q1525224
BJZ22R1RCK2D,6,0,http://www.wikidata.org/entity/Q2673715
BJZ22R1RCK2D,7,0,http://www.wikidata.org/entity/Q2235664
CNAQFFRE9X94,1,0,http://www.wikidata.org/entity/Q56543425
CNAQFFRE9X94,1,1,http://www.wikidata.org/entity/Q13052114
CNAQFFRE9X94,2,0,http://www.wikidata.org/entity/Q102175623
CNAQFFRE9X94,2,1,http://www.wikidata.org/entity/Q199500
CNAQFFRE9X94,3,0,http://www.wikidata.org/entity/Q106566514
CNAQFFRE9X94,3,1,http://www.wikidata.org/entity/Q16334463
CNAQFFRE9X94,4,0,http://www.wikidata.org/entity/Q52197936
CNAQFFRE9X94,5,0,http://www.wikidata.org/entity/Q55400920
CNAQFFRE9X94,6,0,http://www.wikidata.org/entity/Q106566515
CNAQFFRE9X94,6,1,http://www.wikidata.org/entity/Q16334463
CNAQFFRE9X94,7,0,http://www.wikidata.org/entity/Q56524537
CNAQFFRE9X94,7,1,http://www.wikidata.org/entity/Q2087788
CNAQFFRE9X94,8,0,http://www.wikidata.org/entity/Q56541669
CNAQFFRE9X94,8,1,http://www.wikidata.org/entity/Q13052114
CNAQFFRE9X94,9,0,http://www.wikidata.org/entity/Q56527148
CNAQFFRE9X94,9,1,http://www.wikidata.org/entity/Q2087788
P9QWSS8S439R,1,0,http://www.wikidata.org/entity/Q2815746
P9QWSS8S439R,2,0,http://www.wikidata.org/entity/Q4031322
P9QWSS8S439R,3,0,http://www.wikidata.org/entity/Q2816763
P9QWSS8S439R,4,0,http://www.wikidata.org/entity/Q209941
P9QWSS8S439R,5,0,http://www.wikidata.org/entity/Q13424639
P9QWSS8S439R,6,0,http://www.wikidata.org/entity/Q4547468
P9QWSS8S439R,7,0,http://www.wikidata.org/entity/Q4031645
P9QWSS8S439R,8,0,http://www.wikidata.org/entity/Q9134912
P9QWSS8S439R,9,0,http://www.wikidata.org/entity/Q4028695
P9QWSS8S439R,10,0,http://www.wikidata.org/entity/Q5552166
P9QWSS8S439R,11,0,http://www.wikidata.org/entity/Q4032254
P9QWSS8S439R,12,0,http://www.wikidata.org/entity/Q2021969
P9QWSS8S439R,13,0,http://www.wikidata.org/entity/Q4646542
P9QWSS8S439R,14,0,http://www.wikidata.org/entity/Q4547845
P9QWSS8S439R,15,0,http://www.wikidata.org/entity/Q4547847
P9QWSS8S439R,16,0,http://www.wikidata.org/entity/Q8177918
M749UWSTFQMU,1,0,http://www.wikidata.org/entity/Q5709011
M749UWSTFQMU,2,0,http://www.wikidata.org/entity/Q6085379
M749UWSTFQMU,3,0,http://www.wikidata.org/entity/Q34942691
M749UWSTFQMU,4,0,http://www.wikidata.org/entity/Q38891
M749UWSTFQMU,4,1,http://www.wikidata.org/entity/Q182796
M749UWSTFQMU,5,0,http://www.wikidata.org/entity/Q6507506
M749UWSTFQMU,6,0,http://www.wikidata.org/entity/Q28720420
M749UWSTFQMU,7,0,http://www.wikidata.org/entity/Q17769289
M749UWSTFQMU,8,0,http://www.wikidata.org/entity/Q3435288
M749UWSTFQMU,9,0,http://www.wikidata.org/entity/Q14704936
M749UWSTFQMU,9,1,http://www.wikidata.org/entity/Q6476851
M749UWSTFQMU,10,0,http://www.wikidata.org/entity/Q2885002
M749UWSTFQMU,10,1,http://www.wikidata.org/entity/Q7335620
M749UWSTFQMU,11,0,http://www.wikidata.org/entity/Q8029823
M749UWSTFQMU,11,1,http://www.wikidata.org/entity/Q6475553
M749UWSTFQMU,12,0,http://www.wikidata.org/entity/Q28720563
M749UWSTFQMU,13,0,http://www.wikidata.org/entity/Q25435120
M749UWSTFQMU,13,1,http://www.wikidata.org/entity/Q19384752
M749UWSTFQMU,14,0,http://www.wikidata.org/entity/Q28720432
M749UWSTFQMU,15,0,http://www.wikidata.org/entity/Q24279304
M749UWSTFQMU,16,0,http://www.wikidata.org/entity/Q2415389
M749UWSTFQMU,16,1,http://www.wikidata.org/entity/Q771189
M749UWSTFQMU,17,0,http://www.wikidata.org/entity/Q930391
M749UWSTFQMU,17,1,http://www.wikidata.org/entity/Q3042661
M749UWSTFQMU,18,0,http://www.wikidata.org/entity/Q6505339
M749UWSTFQMU,19,0,http://www.wikidata.org/entity/Q7406279
M749UWSTFQMU,19,1,http://www.wikidata.org/entity/Q6477034
M749UWSTFQMU,20,0,http://www.wikidata.org/entity/Q34916664
M749UWSTFQMU,21,0,http://www.wikidata.org/entity/Q5675411
M749UWSTFQMU,21,1,http://www.wikidata.org/entity/Q1800945
M749UWSTFQMU,22,0,http://www.wikidata.org/entity/Q7457335
M749UWSTFQMU,23,0,http://www.wikidata.org/entity/Q7795724
6X2AX1MTG06Q,1,0,http://www.wikidata.org/entity/Q34942691
6X2AX1MTG06Q,2,0,http://www.wikidata.org/entity/Q12069824
6X2AX1MTG06Q,3,0,http://www.wikidata.org/entity/Q65204193
6X2AX1MTG06Q,4,0,http://www.wikidata.org/entity/Q2415389
6X2AX1MTG06Q,5,0,http://www.wikidata.org/entity/Q820828
6X2AX1MTG06Q,6,0,http://www.wikidata.org/entity/Q25439987
6X2AX1MTG06Q,7,0,http://www.wikidata.org/entity/Q19377423
6X2AX1MTG06Q,8,0,http://www.wikidata.org/entity/Q20112799
6X2AX1MTG06Q,9,0,http://www.wikidata.org/entity/Q65235545
6X2AX1MTG06Q,10,0,http://www.wikidata.org/entity/Q25439992
6X2AX1MTG06Q,11,0,http://www.wikidata.org/entity/Q4027234
6X2AX1MTG06Q,12,0,http://www.wikidata.org/entity/Q5191176
6X2AX1MTG06Q,13,0,http://www.wikidata.org/entity/Q930391
6X2AX1MTG06Q,14,0,http://www.wikidata.org/entity/Q9346047
6X2AX1MTG06Q,15,0,http://www.wikidata.org/entity/Q2885120
6X2AX1MTG06Q,16,0,http://www.wikidata.org/entity/Q8029823
6X2AX1MTG06Q,17,0,http://www.wikidata.org/entity/Q6693307
6X2AX1MTG06Q,18,0,http://www.wikidata.org/entity/Q84764821
6X2AX1MTG06Q,19,0,http://www.wikidata.org/entity/Q6672823
6X2AX1MTG06Q,20,0,http://www.wikidata.org/entity/Q2372710
BS7FZSSWB0GF,1,0,http://www.wikidata.org/entity/Q172822
BS7FZSSWB0GF,1,1,http://www.wikidata.org/entity/Q624232
BS7FZSSWB0GF,2,0,http://www.wikidata.org/entity/Q892800
BS7FZSSWB0GF,2,1,http://www.wikidata.org/entity/Q1129142
G39JPRUX76QD,1,0,http://www.wikidata.org/entity/Q553862
G39JPRUX76QD,1,1,http://www.wikidata.org/entity/Q554854
G39JPRUX76QD,2,0,http://www.wikidata.org/entity/Q2262087
G39JPRUX76QD,2,1,http://www.wikidata.org/entity/Q1587704
G39JPRUX76QD,3,0,http://www.wikidata.org/entity/Q4875273
G39JPRUX76QD,3,1,http://www.wikidata.org/entity/Q13377784
G39JPRUX76QD,4,0,http://www.wikidata.org/entity/Q2683764
G39JPRUX76QD,4,1,http://www.wikidata.org/entity/Q13377763
G39JPRUX76QD,5,0,http://www.wikidata.org/entity/Q2025387
G39JPRUX76QD,5,1,http://www.wikidata.org/entity/Q3503123
G39JPRUX76QD,6,0,http://www.wikidata.org/entity/Q2198804
G39JPRUX76QD,6,1,http://www.wikidata.org/entity/Q15927
G39JPRUX76QD,7,0,http://www.wikidata.org/entity/Q1828242
G39JPRUX76QD,7,1,http://www.wikidata.org/entity/Q2242799
G39JPRUX76QD,8,0,http://www.wikidata.org/entity/Q2799861
G39JPRUX76QD,8,1,http://www.wikidata.org/entity/Q3441893
G39JPRUX76QD,9,0,http://www.wikidata.org/entity/Q18515923
G39JPRUX76QD,9,1,http://www.wikidata.org/entity/Q778147
G39JPRUX76QD,10,0,http://www.wikidata.org/entity/Q18515925
G39JPRUX76QD,10,1,http://www.wikidata.org/entity/Q2346638
G39JPRUX76QD,11,0,http://www.wikidata.org/entity/Q12786826
G39JPRUX76QD,11,1,http://www.wikidata.org/entity/Q906879
G39JPRUX76QD,12,0,http://www.wikidata.org/entity/Q13537104
G39JPRUX76QD,12,1,http://www.wikidata.org/entity/Q3441842
V0RFJCVSOMIH,1,0,http://www.wikidata.org/entity/Q2231457
V0RFJCVSOMIH,1,1,http://www.wikidata.org/entity/Q15924
V0RFJCVSOMIH,2,0,http://www.wikidata.org/entity/Q2321348
V0RFJCVSOMIH,2,1,http://www.wikidata.org/entity/Q331701
V0RFJCVSOMIH,3,0,http://www.wikidata.org/entity/Q3011386
V0RFJCVSOMIH,3,1,http://www.wikidata.org/entity/Q13377784
V0RFJCVSOMIH,4,0,http://www.wikidata.org/entity/Q2063417
V0RFJCVSOMIH,4,1,http://www.wikidata.org/entity/Q15887
V0RFJCVSOMIH,5,0,http://www.wikidata.org/entity/Q2594501
V0RFJCVSOMIH,5,1,http://www.wikidata.org/entity/Q15924
V0RFJCVSOMIH,6,0,http://www.wikidata.org/entity/Q12800221
V0RFJCVSOMIH,7,0,http://www.wikidata.org/entity/Q2305432
V0RFJCVSOMIH,7,1,http://www.wikidata.org/entity/Q1008048
V0RFJCVSOMIH,8,0,http://www.wikidata.org/entity/Q3326039
V0RFJCVSOMIH,8,1,http://www.wikidata.org/entity/Q15283322
V0RFJCVSOMIH,9,0,http://www.wikidata.org/entity/Q1824142
V0RFJCVSOMIH,9,1,http://www.wikidata.org/entity/Q1005208
V0RFJCVSOMIH,10,0,http://www.wikidata.org/entity/Q2797431
V0RFJCVSOMIH,10,1,http://www.wikidata.org/entity/Q1005364
V0RFJCVSOMIH,11,0,http://www.wikidata.org/entity/Q2900190
V0RFJCVSOMIH,11,1,http://www.wikidata.org/entity/Q13378281
V0RFJCVSOMIH,12,0,http://www.wikidata.org/entity/Q1841276
V0RFJCVSOMIH,12,1,http://www.wikidata.org/entity/Q557216
V0RFJCVSOMIH,13,0,http://www.wikidata.org/entity/Q2278933
V0RFJCVSOMIH,13,1,http://www.wikidata.org/entity/Q658076
NY6XS4QABOUD,1,0,http://www.wikidata.org/entity/Q21843387
NY6XS4QABOUD,1,1,http://www.wikidata.org/entity/Q34266
NY6XS4QABOUD,2,0,http://www.wikidata.org/entity/Q2437225
NY6XS4QABOUD,2,1,http://www.wikidata.org/entity/Q159
NY6XS4QABOUD,3,0,http://www.wikidata.org/entity/Q5813126
NY6XS4QABOUD,3,1,http://www.wikidata.org/entity/Q217
NY6XS4QABOUD,4,0,http://www.wikidata.org/entity/Q9338995
NY6XS4QABOUD,4,1,http://www.wikidata.org/entity/Q212
NY6XS4QABOUD,5,0,http://www.wikidata.org/entity/Q109877623
NY6XS4QABOUD,5,1,http://www.wikidata.org/entity/Q15180
NY6XS4QABOUD,6,0,http://www.wikidata.org/entity/Q2490905
NY6XS4QABOUD,6,1,http://www.wikidata.org/entity/Q159
NY6XS4QABOUD,7,0,http://www.wikidata.org/entity/Q830054
NY6XS4QABOUD,7,1,http://www.wikidata.org/entity/Q212
NY6XS4QABOUD,8,0,http://www.wikidata.org/entity/Q303756
NY6XS4QABOUD,8,1,http://www.wikidata.org/entity/Q34266
NY6XS4QABOUD,9,0,http://www.wikidata.org/entity/Q1635756
NY6XS4QABOUD,9,1,http://www.wikidata.org/entity/Q34266
KUXO8AEJFCXW,1,0,http://www.wikidata.org/entity/Q3845208
KUXO8AEJFCXW,1,1,http://www.wikidata.org/entity/Q83324
KUXO8AEJFCXW,2,0,http://www.wikidata.org/entity/Q18537492
KUXO8AEJFCXW,2,1,http://www.wikidata.org/entity/Q173591
KUXO8AEJFCXW,3,0,http://www.wikidata.org/entity/Q2076681
KUXO8AEJFCXW,3,1,http://www.wikidata.org/entity/Q7968
KUXO8AEJFCXW,4,0,http://www.wikidata.org/entity/Q2599114
KUXO8AEJFCXW,4,1,http://www.wikidata.org/entity/Q3624
KUXO8AEJFCXW,5,0,http://www.wikidata.org/entity/Q4320534
KUXO8AEJFCXW,5,1,http://www.wikidata.org/entity/Q952457
KUXO8AEJFCXW,6,0,http://www.wikidata.org/entity/Q1477289
KUXO8AEJFCXW,6,1,http://www.wikidata.org/entity/Q30805
YX3PAFXTD932,1,0,http://www.wikidata.org/entity/Q578671
YX3PAFXTD932,1,1,http://www.wikidata.org/entity/Q3333484
YX3PAFXTD932,1,2,http://www.wikidata.org/entity/Q124548056
YX3PAFXTD932,2,0,http://www.wikidata.org/entity/Q2600681
YX3PAFXTD932,2,1,http://www.wikidata.org/entity/Q60995
YX3PAFXTD932,2,2,http://www.wikidata.org/entity/Q105835744
4N0I6RUEQDFZ,1,0,http://www.wikidata.org/entity/Q96249876
4N0I6RUEQDFZ,1,1,http://www.wikidata.org/entity/Q7396837
4N0I6RUEQDFZ,2,0,http://www.wikidata.org/entity/Q1723064
4N0I6RUEQDFZ,2,1,http://www.wikidata.org/entity/Q191874
4N0I6RUEQDFZ,3,0,http://www.wikidata.org/entity/Q3002944
4N0I6RUEQDFZ,4,0,http://www.wikidata.org/entity/Q16985679
4N0I6RUEQDFZ,4,1,http://www.wikidata.org/entity/Q191874
4N0I6RUEQDFZ,5,0,http://www.wikidata.org/entity/Q944843
4N0I6RUEQDFZ,6,0,http://www.wikidata.org/entity/Q5461357
4N0I6RUEQDFZ,7,0,http://www.wikidata.org/entity/Q18539629
4N0I6RUEQDFZ,8,0,http://www.wikidata.org/entity/Q7426018
4N0I6RUEQDFZ,9,0,http://www.wikidata.org/entity/Q28454277
4N0I6RUEQDFZ,10,0,http://www.wikidata.org/entity/Q4376935
4N0I6RUEQDFZ,10,1,http://www.wikidata.org/entity/Q910489
4N0I6RUEQDFZ,11,0,http://www.wikidata.org/entity/Q2620100
4N0I6RUEQDFZ,12,0,http://www.wikidata.org/entity/Q7929115
4N0I6RUEQDFZ,13,0,http://www.wikidata.org/entity/Q7681352
PKWOK8GRORUP,1,0,http://www.wikidata.org/entity/Q117747526
PKWOK8GRORUP,1,1,http://www.wikidata.org/entity/Q1321
PKWOK8GRORUP,2,0,http://www.wikidata.org/entity/Q117661708
PKWOK8GRORUP,2,1,http://www.wikidata.org/entity/Q1321
PKWOK8GRORUP,3,0,http://www.wikidata.org/entity/Q117427583
PKWOK8GRORUP,3,1,http://www.wikidata.org/entity/Q1321
PKWOK8GRORUP,4,0,http://www.wikidata.org/entity/Q117394480
PKWOK8GRORUP,4,1,http://www.wikidata.org/entity/Q1321
PKWOK8GRORUP,5,0,http://www.wikidata.org/entity/Q116641371
PKWOK8GRORUP,5,1,http://www.wikidata.org/entity/Q1321
PKWOK8GRORUP,6,0,http://www.wikidata.org/entity/Q116031509
PKWOK8GRORUP,6,1,http://www.wikidata.org/entity/Q1321
PKWOK8GRORUP,7,0,http://www.wikidata.org/entity/Q115689758
PKWOK8GRORUP,7,1,http://www.wikidata.org/entity/Q1321
PKWOK8GRORUP,8,0,http://www.wikidata.org/entity/Q115532784
PKWOK8GRORUP,8,1,http://www.wikidata.org/entity/Q1321
PKWOK8GRORUP,9,0,http://www.wikidata.org/entity/Q115249887
PKWOK8GRORUP,9,1,http://www.wikidata.org/entity/Q1321
PKWOK8GRORUP,10,0,http://www.wikidata.org/entity/Q114374060
PKWOK8GRORUP,10,1,http://www.wikidata.org/entity/Q1321
PKWOK8GRORUP,11,0,http://www.wikidata.org/entity/Q114320896
PKWOK8GRORUP,11,1,http://www.wikidata.org/entity/Q1321
PKWOK8GRORUP,12,0,http://www.wikidata.org/entity/Q121598961
PKWOK8GRORUP,12,1,http://www.wikidata.org/entity/Q809
PKWOK8GRORUP,13,0,http://www.wikidata.org/entity/Q121437340
PKWOK8GRORUP,13,1,http://www.wikidata.org/entity/Q809
PKWOK8GRORUP,14,0,http://www.wikidata.org/entity/Q118055064
PKWOK8GRORUP,14,1,http://www.wikidata.org/entity/Q809
PKWOK8GRORUP,15,0,http://www.wikidata.org/entity/Q117050022
PKWOK8GRORUP,15,1,http://www.wikidata.org/entity/Q652
PKWOK8GRORUP,16,0,http://www.wikidata.org/entity/Q123240976
PKWOK8GRORUP,16,1,http://www.wikidata.org/entity/Q188
PKWOK8GRORUP,17,0,http://www.wikidata.org/entity/Q123017618
PKWOK8GRORUP,17,1,http://www.wikidata.org/entity/Q188
PKWOK8GRORUP,18,0,http://www.wikidata.org/entity/Q120730341
PKWOK8GRORUP,18,1,http://www.wikidata.org/entity/Q188
PKWOK8GRORUP,19,0,http://www.wikidata.org/entity/Q118152142
PKWOK8GRORUP,19,1,http://www.wikidata.org/entity/Q188
PKWOK8GRORUP,20,0,http://www.wikidata.org/entity/Q118151810
PKWOK8GRORUP,20,1,http://www.wikidata.org/entity/Q188
PKWOK8GRORUP,21,0,http://www.wikidata.org/entity/Q118143552
PKWOK8GRORUP,21,1,http://www.wikidata.org/entity/Q188
PKWOK8GRORUP,22,0,http://www.wikidata.org/entity/Q118141503
PKWOK8GRORUP,22,1,http://www.wikidata.org/entity/Q188
PKWOK8GRORUP,23,0,http://www.wikidata.org/entity/Q115819240
PKWOK8GRORUP,23,1,http://www.wikidata.org/entity/Q188
PKWOK8GRORUP,24,0,http://www.wikidata.org/entity/Q115557752
PKWOK8GRORUP,24,1,http://www.wikidata.org/entity/Q188
RX9C7G4TWVA7,1,0,http://www.wikidata.org/entity/Q26897894
RX9C7G4TWVA7,2,0,http://www.wikidata.org/entity/Q112534381
RX9C7G4TWVA7,2,1,http://www.wikidata.org/entity/Q1563326
V37L5RANMXDN,1,0,http://www.wikidata.org/entity/Q101805659
V37L5RANMXDN,1,1,http://www.wikidata.org/entity/Q327429
V37L5RANMXDN,2,0,http://www.wikidata.org/entity/Q84255897
V37L5RANMXDN,2,1,http://www.wikidata.org/entity/Q950580
XADBKLSPR7AH,1,0,http://www.wikidata.org/entity/Q62274007
XADBKLSPR7AH,1,1,http://www.wikidata.org/entity/Q61955640
XADBKLSPR7AH,2,0,http://www.wikidata.org/entity/Q98605446
XADBKLSPR7AH,2,1,http://www.wikidata.org/entity/Q61957938
XADBKLSPR7AH,3,0,http://www.wikidata.org/entity/Q61793930
XADBKLSPR7AH,3,1,http://www.wikidata.org/entity/Q61782136
XADBKLSPR7AH,4,0,http://www.wikidata.org/entity/Q98594547
XADBKLSPR7AH,4,1,http://www.wikidata.org/entity/Q61957191
XADBKLSPR7AH,5,0,http://www.wikidata.org/entity/Q12058115
XADBKLSPR7AH,5,1,http://www.wikidata.org/entity/Q12055852
XADBKLSPR7AH,6,0,http://www.wikidata.org/entity/Q62663268
XADBKLSPR7AH,6,1,http://www.wikidata.org/entity/Q12027559
XADBKLSPR7AH,7,0,http://www.wikidata.org/entity/Q61786621
XADBKLSPR7AH,7,1,http://www.wikidata.org/entity/Q61782137
XADBKLSPR7AH,8,0,http://www.wikidata.org/entity/Q10957641
XADBKLSPR7AH,8,1,http://www.wikidata.org/entity/Q3275016
XADBKLSPR7AH,9,0,http://www.wikidata.org/entity/Q62387875
XADBKLSPR7AH,9,1,http://www.wikidata.org/entity/Q61955639
XADBKLSPR7AH,10,0,http://www.wikidata.org/entity/Q98593929
XADBKLSPR7AH,10,1,http://www.wikidata.org/entity/Q61957188
XADBKLSPR7AH,11,0,http://www.wikidata.org/entity/Q27777570
XADBKLSPR7AH,11,1,http://www.wikidata.org/entity/Q12046002
XADBKLSPR7AH,12,0,http://www.wikidata.org/entity/Q63248851
XADBKLSPR7AH,13,0,http://www.wikidata.org/entity/Q61786612
XADBKLSPR7AH,13,1,http://www.wikidata.org/entity/Q61782137
XADBKLSPR7AH,14,0,http://www.wikidata.org/entity/Q108456694
XADBKLSPR7AH,15,0,http://www.wikidata.org/entity/Q12058106
XADBKLSPR7AH,15,1,http://www.wikidata.org/entity/Q12055852
XADBKLSPR7AH,16,0,http://www.wikidata.org/entity/Q61875880
XADBKLSPR7AH,16,1,http://www.wikidata.org/entity/Q61826955
XADBKLSPR7AH,17,0,http://www.wikidata.org/entity/Q98593679
XADBKLSPR7AH,17,1,http://www.wikidata.org/entity/Q10398807
XADBKLSPR7AH,18,0,http://www.wikidata.org/entity/Q61786626
XADBKLSPR7AH,18,1,http://www.wikidata.org/entity/Q61782137
XADBKLSPR7AH,19,0,http://www.wikidata.org/entity/Q62388172
XADBKLSPR7AH,19,1,http://www.wikidata.org/entity/Q61955639
XADBKLSPR7AH,20,0,http://www.wikidata.org/entity/Q62388176
XADBKLSPR7AH,20,1,http://www.wikidata.org/entity/Q61955639
XADBKLSPR7AH,21,0,http://www.wikidata.org/entity/Q98593895
XADBKLSPR7AH,21,1,http://www.wikidata.org/entity/Q61957188
XADBKLSPR7AH,22,0,http://www.wikidata.org/entity/Q98601586
XADBKLSPR7AH,22,1,http://www.wikidata.org/entity/Q61957936
XADBKLSPR7AH,23,0,http://www.wikidata.org/entity/Q61829977
XADBKLSPR7AH,23,1,http://www.wikidata.org/entity/Q61826951
XADBKLSPR7AH,24,0,http://www.wikidata.org/entity/Q27861616
XADBKLSPR7AH,24,1,http://www.wikidata.org/entity/Q12046000
XADBKLSPR7AH,25,0,http://www.wikidata.org/entity/Q12058102
XADBKLSPR7AH,25,1,http://www.wikidata.org/entity/Q61826949
8H3CTJ582E5W,1,0,http://www.wikidata.org/entity/Q47035167
8H3CTJ582E5W,1,1,http://www.wikidata.org/entity/Q28053587
8H3CTJ582E5W,2,0,http://www.wikidata.org/entity/Q76646226
8H3CTJ582E5W,2,1,http://www.wikidata.org/entity/Q76644699
QH1RMPV2SX88,1,0,http://www.wikidata.org/entity/Q97932906
QH1RMPV2SX88,1,1,http://www.wikidata.org/entity/Q106477402
QH1RMPV2SX88,2,0,http://www.wikidata.org/entity/Q65174032
QH1RMPV2SX88,2,1,http://www.wikidata.org/entity/Q104523398
2NVNEWWOAMVB,1,0,http://www.wikidata.org/entity/Q141937
2NVNEWWOAMVB,1,1,http://www.wikidata.org/entity/Q141804
2NVNEWWOAMVB,1,2,http://www.wikidata.org/entity/Q489090
2NVNEWWOAMVB,2,0,http://www.wikidata.org/entity/Q143227
2NVNEWWOAMVB,2,1,http://www.wikidata.org/entity/Q139422
2NVNEWWOAMVB,2,2,http://www.wikidata.org/entity/Q2944834
1ZRQ00TM5M1S,1,0,http://www.wikidata.org/entity/Q141924
1ZRQ00TM5M1S,2,0,http://www.wikidata.org/entity/Q141769
1ZRQ00TM5M1S,3,0,http://www.wikidata.org/entity/Q141977
1ZRQ00TM5M1S,4,0,http://www.wikidata.org/entity/Q2145
1ZRQ00TM5M1S,5,0,http://www.wikidata.org/entity/Q142107
1ZRQ00TM5M1S,6,0,http://www.wikidata.org/entity/Q141987
TEDGX573WDTL,1,0,http://www.wikidata.org/entity/Q1654701
TEDGX573WDTL,2,0,http://www.wikidata.org/entity/Q584880
TEDGX573WDTL,3,0,http://www.wikidata.org/entity/Q2418703
TEDGX573WDTL,4,0,http://www.wikidata.org/entity/Q1576227
TEDGX573WDTL,5,0,http://www.wikidata.org/entity/Q1043513
TEDGX573WDTL,6,0,http://www.wikidata.org/entity/Q1574806
TEDGX573WDTL,7,0,http://www.wikidata.org/entity/Q1574768
TEDGX573WDTL,8,0,http://www.wikidata.org/entity/Q740349
TEDGX573WDTL,9,0,http://www.wikidata.org/entity/Q1441044
TEDGX573WDTL,10,0,http://www.wikidata.org/entity/Q546011
TEDGX573WDTL,11,0,http://www.wikidata.org/entity/Q1447266
TEDGX573WDTL,12,0,http://www.wikidata.org/entity/Q1655130
TEDGX573WDTL,13,0,http://www.wikidata.org/entity/Q934753
TEDGX573WDTL,14,0,http://www.wikidata.org/entity/Q1577588
TEDGX573WDTL,15,0,http://www.wikidata.org/entity/Q1577095
TEDGX573WDTL,16,0,http://www.wikidata.org/entity/Q1010094
TEDGX573WDTL,17,0,http://www.wikidata.org/entity/Q997796
TEDGX573WDTL,18,0,http://www.wikidata.org/entity/Q1576562
TEDGX573WDTL,19,0,http://www.wikidata.org/entity/Q1441993
TEDGX573WDTL,20,0,http://www.wikidata.org/entity/Q1654706
7J8RKY4KT28W,1,0,http://www.wikidata.org/entity/Q753754
7J8RKY4KT28W,1,1,http://www.wikidata.org/entity/Q77906
7J8RKY4KT28W,2,0,http://www.wikidata.org/entity/Q27895780
8FVZ8LDYQSKP,1,0,http://www.wikidata.org/entity/Q753754
8FVZ8LDYQSKP,2,0,http://www.wikidata.org/entity/Q40901539
X3YDSXA6GE60,1,0,http://www.wikidata.org/entity/Q11081432
X3YDSXA6GE60,2,0,http://www.wikidata.org/entity/Q95730045
X3YDSXA6GE60,2,2,http://www.wikidata.org/entity/Q26587967
X3YDSXA6GE60,3,0,http://www.wikidata.org/entity/Q7592914
X3YDSXA6GE60,3,2,http://www.wikidata.org/entity/Q3055861
X3YDSXA6GE60,4,0,http://www.wikidata.org/entity/Q5069791
X3YDSXA6GE60,5,0,http://www.wikidata.org/entity/Q111040189
X3YDSXA6GE60,5,2,http://www.wikidata.org/entity/Q111150170
X3YDSXA6GE60,6,0,http://www.wikidata.org/entity/Q7750798
X3YDSXA6GE60,7,0,http://www.wikidata.org/entity/Q6552522
X3YDSXA6GE60,8,0,http://www.wikidata.org/entity/Q1826228
X3YDSXA6GE60,8,2,http://www.wikidata.org/entity/Q65044782
X3YDSXA6GE60,9,0,http://www.wikidata.org/entity/Q7435779
X3YDSXA6GE60,9,2,http://www.wikidata.org/entity/Q96831334
X3YDSXA6GE60,10,0,http://www.wikidata.org/entity/Q106103660
X3YDSXA6GE60,10,2,http://www.wikidata.org/entity/Q25660289
X3YDSXA6GE60,11,0,http://www.wikidata.org/entity/Q7588139
X3YDSXA6GE60,11,2,http://www.wikidata.org/entity/Q6927241
X3YDSXA6GE60,12,0,http://www.wikidata.org/entity/Q106238806
X3YDSXA6GE60,12,2,http://www.wikidata.org/entity/Q1015672
X3YDSXA6GE60,13,0,http://www.wikidata.org/entity/Q7400921
X3YDSXA6GE60,14,0,http://www.wikidata.org/entity/Q5776869
X3YDSXA6GE60,15,0,http://www.wikidata.org/entity/Q3388307
X3YDSXA6GE60,16,0,http://www.wikidata.org/entity/Q105336675
X3YDSXA6GE60,16,2,http://www.wikidata.org/entity/Q3787
X3YDSXA6GE60,17,0,http://www.wikidata.org/entity/Q7401293
X3YDSXA6GE60,18,0,http://www.wikidata.org/entity/Q6823837
X3YDSXA6GE60,19,0,http://www.wikidata.org/entity/Q7586845
X3YDSXA6GE60,19,2,http://www.wikidata.org/entity/Q4980947
X3YDSXA6GE60,20,0,http://www.wikidata.org/entity/Q7989203
9ZWEME4O2YRM,1,0,http://www.wikidata.org/entity/Q38799709
9ZWEME4O2YRM,2,0,http://www.wikidata.org/entity/Q86901421
9ZWEME4O2YRM,3,0,http://www.wikidata.org/entity/Q12063194
9ZWEME4O2YRM,4,0,http://www.wikidata.org/entity/Q12062971
9ZWEME4O2YRM,5,0,http://www.wikidata.org/entity/Q4035508
EID1X78MJZMQ,1,0,http://www.wikidata.org/entity/Q9068290
EID1X78MJZMQ,1,1,http://www.wikidata.org/entity/Q14318
EID1X78MJZMQ,2,0,http://www.wikidata.org/entity/Q2918845
EID1X78MJZMQ,2,1,http://www.wikidata.org/entity/Q10313
C526FEGFVVP3,1,0,http://www.wikidata.org/entity/Q34686004
C526FEGFVVP3,2,0,http://www.wikidata.org/entity/Q34685996
C526FEGFVVP3,3,0,http://www.wikidata.org/entity/Q34685988
C526FEGFVVP3,4,0,http://www.wikidata.org/entity/Q34685981
C526FEGFVVP3,5,0,http://www.wikidata.org/entity/Q34685975
C526FEGFVVP3,6,0,http://www.wikidata.org/entity/Q34685962
C526FEGFVVP3,7,0,http://www.wikidata.org/entity/Q34685954
C526FEGFVVP3,8,0,http://www.wikidata.org/entity/Q34685942
C526FEGFVVP3,9,0,http://www.wikidata.org/entity/Q34685935
C526FEGFVVP3,10,0,http://www.wikidata.org/entity/Q34685927
C526FEGFVVP3,11,0,http://www.wikidata.org/entity/Q34685903
C526FEGFVVP3,12,0,http://www.wikidata.org/entity/Q34685895
C526FEGFVVP3,13,0,http://www.wikidata.org/entity/Q34685890
C526FEGFVVP3,14,0,http://www.wikidata.org/entity/Q34685884
YWFMJ6168VOG,1,0,http://www.wikidata.org/entity/Q61930516
YWFMJ6168VOG,1,1,http://www.wikidata.org/entity/Q167037
YWFMJ6168VOG,1,2,http://www.wikidata.org/entity/Q104713255
YWFMJ6168VOG,2,0,http://www.wikidata.org/entity/Q1505649
YWFMJ6168VOG,2,1,http://www.wikidata.org/entity/Q166280
YWFMJ6168VOG,2,2,http://www.wikidata.org/entity/Q107059649
307GENXH0GUR,1,0,http://www.wikidata.org/entity/Q17042614
307GENXH0GUR,1,1,http://www.wikidata.org/entity/Q1044563
307GENXH0GUR,2,0,http://www.wikidata.org/entity/Q13882231
307GENXH0GUR,2,1,http://www.wikidata.org/entity/Q931207
307GENXH0GUR,3,0,http://www.wikidata.org/entity/Q17102059
307GENXH0GUR,3,1,http://www.wikidata.org/entity/Q910368
307GENXH0GUR,4,0,http://www.wikidata.org/entity/Q23672405
307GENXH0GUR,4,1,http://www.wikidata.org/entity/Q533415
307GENXH0GUR,5,0,http://www.wikidata.org/entity/Q23672376
307GENXH0GUR,5,1,http://www.wikidata.org/entity/Q533415
307GENXH0GUR,6,0,http://www.wikidata.org/entity/Q22974368
307GENXH0GUR,6,1,http://www.wikidata.org/entity/Q490142
307GENXH0GUR,7,0,http://www.wikidata.org/entity/Q19310185
307GENXH0GUR,7,1,http://www.wikidata.org/entity/Q315339
307GENXH0GUR,8,0,http://www.wikidata.org/entity/Q15410057
307GENXH0GUR,8,1,http://www.wikidata.org/entity/Q269792
307GENXH0GUR,9,0,http://www.wikidata.org/entity/Q22674548
307GENXH0GUR,9,1,http://www.wikidata.org/entity/Q265228
307GENXH0GUR,10,0,http://www.wikidata.org/entity/Q20083839
307GENXH0GUR,10,1,http://www.wikidata.org/entity/Q226908
307GENXH0GUR,11,0,http://www.wikidata.org/entity/Q15614811
307GENXH0GUR,11,1,http://www.wikidata.org/entity/Q208489
307GENXH0GUR,12,0,http://www.wikidata.org/entity/Q20971370
307GENXH0GUR,12,1,http://www.wikidata.org/entity/Q156077
307GENXH0GUR,13,0,http://www.wikidata.org/entity/Q17102834
307GENXH0GUR,13,1,http://www.wikidata.org/entity/Q83825
307GENXH0GUR,14,0,http://www.wikidata.org/entity/Q21714428
307GENXH0GUR,14,1,http://www.wikidata.org/entity/Q43709
307GENXH0GUR,15,0,http://www.wikidata.org/entity/Q15281614
307GENXH0GUR,15,1,http://www.wikidata.org/entity/Q2283
307GENXH0GUR,16,0,http://www.wikidata.org/entity/Q104884461
307GENXH0GUR,16,1,http://www.wikidata.org/entity/Q111296380
307GENXH0GUR,17,0,http://www.wikidata.org/entity/Q100321984
307GENXH0GUR,17,1,http://www.wikidata.org/entity/Q100322088
307GENXH0GUR,18,0,http://www.wikidata.org/entity/Q96467930
307GENXH0GUR,18,1,http://www.wikidata.org/entity/Q97461329
307GENXH0GUR,19,0,http://www.wikidata.org/entity/Q88807691
307GENXH0GUR,19,1,http://www.wikidata.org/entity/Q88806637
307GENXH0GUR,20,0,http://www.wikidata.org/entity/Q79512417
307GENXH0GUR,20,1,http://www.wikidata.org/entity/Q79510833
307GENXH0GUR,21,0,http://www.wikidata.org/entity/Q79468082
307GENXH0GUR,21,1,http://www.wikidata.org/entity/Q79466757
307GENXH0GUR,22,0,http://www.wikidata.org/entity/Q96754870
307GENXH0GUR,22,1,http://www.wikidata.org/entity/Q60774379
028SDP2GZJ6R,1,0,http://www.wikidata.org/entity/Q56299540
028SDP2GZJ6R,2,0,http://www.wikidata.org/entity/Q11237581
028SDP2GZJ6R,3,0,http://www.wikidata.org/entity/Q1522843
028SDP2GZJ6R,4,0,http://www.wikidata.org/entity/Q12644576
028SDP2GZJ6R,5,0,http://www.wikidata.org/entity/Q66809756
028SDP2GZJ6R,6,0,http://www.wikidata.org/entity/Q60791558
028SDP2GZJ6R,7,0,http://www.wikidata.org/entity/Q10657895
028SDP2GZJ6R,8,0,http://www.wikidata.org/entity/Q3928742
028SDP2GZJ6R,8,1,http://www.wikidata.org/entity/Q42906
028SDP2GZJ6R,9,0,http://www.wikidata.org/entity/Q10872392
028SDP2GZJ6R,10,0,http://www.wikidata.org/entity/Q7824950
028SDP2GZJ6R,10,1,http://www.wikidata.org/entity/Q81033
028SDP2GZJ6R,11,0,http://www.wikidata.org/entity/Q22346059
028SDP2GZJ6R,11,1,http://www.wikidata.org/entity/Q1085
E61L6JRJN9VG,1,0,http://www.wikidata.org/entity/Q1412490
E61L6JRJN9VG,1,1,http://www.wikidata.org/entity/Q1664128
E61L6JRJN9VG,2,0,http://www.wikidata.org/entity/Q1296097
E61L6JRJN9VG,2,1,http://www.wikidata.org/entity/Q1221751
YM4IEJDP49WP,1,0,http://www.wikidata.org/entity/Q24822641
YM4IEJDP49WP,1,1,http://www.wikidata.org/entity/Q309276
YM4IEJDP49WP,1,3,http://www.wikidata.org/entity/Q243125
YM4IEJDP49WP,2,0,http://www.wikidata.org/entity/Q776482
YM4IEJDP49WP,2,1,http://www.wikidata.org/entity/Q303521
YM4IEJDP49WP,2,3,http://www.wikidata.org/entity/Q47545
EC3J2XLJH2U0,1,0,http://www.wikidata.org/entity/Q2656917
EC3J2XLJH2U0,1,1,http://www.wikidata.org/entity/Q384858
EC3J2XLJH2U0,2,0,http://www.wikidata.org/entity/Q3441682
EC3J2XLJH2U0,2,1,http://www.wikidata.org/entity/Q350134
EC3J2XLJH2U0,3,0,http://www.wikidata.org/entity/Q2541605
EC3J2XLJH2U0,3,1,http://www.wikidata.org/entity/Q132868
EC3J2XLJH2U0,4,0,http://www.wikidata.org/entity/Q3272097
EC3J2XLJH2U0,4,1,http://www.wikidata.org/entity/Q131716
EC3J2XLJH2U0,5,0,http://www.wikidata.org/entity/Q3243190
EC3J2XLJH2U0,5,1,http://www.wikidata.org/entity/Q131716
EC3J2XLJH2U0,6,0,http://www.wikidata.org/entity/Q3289949
EC3J2XLJH2U0,6,1,http://www.wikidata.org/entity/Q47545
EC3J2XLJH2U0,7,0,http://www.wikidata.org/entity/Q3441662
EC3J2XLJH2U0,7,1,http://www.wikidata.org/entity/Q788
EC3J2XLJH2U0,8,0,http://www.wikidata.org/entity/Q3441649
EC3J2XLJH2U0,8,1,http://www.wikidata.org/entity/Q788
EC3J2XLJH2U0,9,0,http://www.wikidata.org/entity/Q1529052
EC3J2XLJH2U0,9,1,http://www.wikidata.org/entity/Q1593019
96922W8IB3G2,1,0,http://www.wikidata.org/entity/Q5470
96922W8IB3G2,1,1,http://www.wikidata.org/entity/Q4490367
96922W8IB3G2,2,0,http://www.wikidata.org/entity/Q2790217
96922W8IB3G2,3,0,http://www.wikidata.org/entity/Q4085455
96922W8IB3G2,4,0,http://www.wikidata.org/entity/Q4085439
96922W8IB3G2,5,0,http://www.wikidata.org/entity/Q4084609
96922W8IB3G2,6,0,http://www.wikidata.org/entity/Q1056962
96922W8IB3G2,7,0,http://www.wikidata.org/entity/Q2629730
96922W8IB3G2,8,0,http://www.wikidata.org/entity/Q4053764
96922W8IB3G2,9,0,http://www.wikidata.org/entity/Q918790
96922W8IB3G2,9,1,http://www.wikidata.org/entity/Q4488247
96922W8IB3G2,10,0,http://www.wikidata.org/entity/Q1663366
96922W8IB3G2,10,1,http://www.wikidata.org/entity/Q4487397
96922W8IB3G2,11,0,http://www.wikidata.org/entity/Q4214039
96922W8IB3G2,12,0,http://www.wikidata.org/entity/Q4214036
96922W8IB3G2,13,0,http://www.wikidata.org/entity/Q1056331
96922W8IB3G2,14,0,http://www.wikidata.org/entity/Q104713
96922W8IB3G2,14,1,http://www.wikidata.org/entity/Q4485512
O94KJZY3BIEN,1,0,http://www.wikidata.org/entity/Q62123923
O94KJZY3BIEN,1,2,http://www.wikidata.org/entity/Q62123922
O94KJZY3BIEN,2,0,http://www.wikidata.org/entity/Q62123918
O94KJZY3BIEN,2,2,http://www.wikidata.org/entity/Q62123917
O94KJZY3BIEN,3,0,http://www.wikidata.org/entity/Q2294524
O94KJZY3BIEN,3,2,http://www.wikidata.org/entity/Q62123894
O94KJZY3BIEN,4,0,http://www.wikidata.org/entity/Q62123881
O94KJZY3BIEN,4,2,http://www.wikidata.org/entity/Q62123880
O94KJZY3BIEN,5,0,http://www.wikidata.org/entity/Q62123912
O94KJZY3BIEN,5,2,http://www.wikidata.org/entity/Q62123911
O94KJZY3BIEN,6,0,http://www.wikidata.org/entity/Q56442467
O94KJZY3BIEN,6,1,http://www.wikidata.org/entity/Q20743779
O94KJZY3BIEN,6,2,http://www.wikidata.org/entity/Q39054341
O94KJZY3BIEN,7,0,http://www.wikidata.org/entity/Q2217500
O94KJZY3BIEN,7,2,http://www.wikidata.org/entity/Q2186281
O94KJZY3BIEN,8,0,http://www.wikidata.org/entity/Q62123893
O94KJZY3BIEN,8,2,http://www.wikidata.org/entity/Q62123892
O94KJZY3BIEN,9,0,http://www.wikidata.org/entity/Q62123916
O94KJZY3BIEN,9,2,http://www.wikidata.org/entity/Q62123915
O94KJZY3BIEN,10,0,http://www.wikidata.org/entity/Q62123884
O94KJZY3BIEN,10,2,http://www.wikidata.org/entity/Q62123883
O94KJZY3BIEN,11,0,http://www.wikidata.org/entity/Q62123897
O94KJZY3BIEN,11,2,http://www.wikidata.org/entity/Q62123896
O94KJZY3BIEN,12,0,http://www.wikidata.org/entity/Q2341347
O94KJZY3BIEN,12,2,http://www.wikidata.org/entity/Q62123924
O94KJZY3BIEN,13,0,http://www.wikidata.org/entity/Q62123904
O94KJZY3BIEN,13,2,http://www.wikidata.org/entity/Q62123903
O94KJZY3BIEN,14,0,http://www.wikidata.org/entity/Q62123906
O94KJZY3BIEN,14,2,http://www.wikidata.org/entity/Q62123905
O94KJZY3BIEN,15,0,http://www.wikidata.org/entity/Q62123907
O94KJZY3BIEN,15,2,http://www.wikidata.org/entity/Q62123906
O94KJZY3BIEN,16,0,http://www.wikidata.org/entity/Q56612198
O94KJZY3BIEN,16,2,http://www.wikidata.org/entity/Q56612197
O94KJZY3BIEN,17,0,http://www.wikidata.org/entity/Q124078365
O94KJZY3BIEN,17,2,http://www.wikidata.org/entity/Q120703822
O94KJZY3BIEN,18,0,http://www.wikidata.org/entity/Q120703822
O94KJZY3BIEN,18,2,http://www.wikidata.org/entity/Q113127534
O94KJZY3BIEN,19,0,http://www.wikidata.org/entity/Q2387756
O94KJZY3BIEN,19,2,http://www.wikidata.org/entity/Q1865432
O94KJZY3BIEN,20,0,http://www.wikidata.org/entity/Q2336423
O94KJZY3BIEN,20,2,http://www.wikidata.org/entity/Q2387756
H748WYBBFHWU,1,0,http://www.wikidata.org/entity/Q56612198
H748WYBBFHWU,1,1,http://www.wikidata.org/entity/Q326645
H748WYBBFHWU,2,0,http://www.wikidata.org/entity/Q2341347
H748WYBBFHWU,2,1,http://www.wikidata.org/entity/Q318575
H2SVBHVVMKUT,1,0,http://www.wikidata.org/entity/Q7569946
H2SVBHVVMKUT,2,0,http://www.wikidata.org/entity/Q2159889
H2SVBHVVMKUT,3,0,http://www.wikidata.org/entity/Q858907
H2SVBHVVMKUT,4,0,http://www.wikidata.org/entity/Q5093965
H2SVBHVVMKUT,5,0,http://www.wikidata.org/entity/Q6658476
H2SVBHVVMKUT,6,0,http://www.wikidata.org/entity/Q7313919
H2SVBHVVMKUT,7,0,http://www.wikidata.org/entity/Q6751340
H2SVBHVVMKUT,8,0,http://www.wikidata.org/entity/Q5903152
9UO0YX5Q40FB,1,0,http://www.wikidata.org/entity/Q7595593
9UO0YX5Q40FB,2,0,http://www.wikidata.org/entity/Q7313919
9UO0YX5Q40FB,3,0,http://www.wikidata.org/entity/Q7270184
KITEV01L970K,1,0,http://www.wikidata.org/entity/Q55376757
KITEV01L970K,1,1,http://www.wikidata.org/entity/Q42210
KITEV01L970K,2,0,http://www.wikidata.org/entity/Q170152
KITEV01L970K,2,1,http://www.wikidata.org/entity/Q256012
QDI7WCOABUTM,1,0,http://www.wikidata.org/entity/Q117085747
QDI7WCOABUTM,1,2,http://www.wikidata.org/entity/Q41323
QDI7WCOABUTM,2,0,http://www.wikidata.org/entity/Q4705318
QDI7WCOABUTM,2,2,http://www.wikidata.org/entity/Q41323
0CPFEXRFIZ5H,1,0,http://www.wikidata.org/entity/Q6827440
0CPFEXRFIZ5H,1,2,http://www.wikidata.org/entity/Q41323
0CPFEXRFIZ5H,2,0,http://www.wikidata.org/entity/Q565453
0CPFEXRFIZ5H,2,2,http://www.wikidata.org/entity/Q41323
S8FLD8N4OCZU,1,0,http://www.wikidata.org/entity/Q483463
S8FLD8N4OCZU,1,1,http://www.wikidata.org/entity/Q10882833
S8FLD8N4OCZU,2,0,http://www.wikidata.org/entity/Q1630626
S8FLD8N4OCZU,2,1,http://www.wikidata.org/entity/Q2625464
9G6Q3LO6L6GF,1,0,http://www.wikidata.org/entity/Q1438300
9G6Q3LO6L6GF,1,1,http://www.wikidata.org/entity/Q1724
9G6Q3LO6L6GF,2,0,http://www.wikidata.org/entity/Q49363626
9G6Q3LO6L6GF,2,1,http://www.wikidata.org/entity/Q157200
9G6Q3LO6L6GF,3,0,http://www.wikidata.org/entity/Q123000977
9G6Q3LO6L6GF,3,1,http://www.wikidata.org/entity/Q628981
9G6Q3LO6L6GF,4,0,http://www.wikidata.org/entity/Q31476786
9G6Q3LO6L6GF,4,1,http://www.wikidata.org/entity/Q330598
9G6Q3LO6L6GF,5,0,http://www.wikidata.org/entity/Q31500269
9G6Q3LO6L6GF,5,1,http://www.wikidata.org/entity/Q3509354
9G6Q3LO6L6GF,6,0,http://www.wikidata.org/entity/Q37972424
9G6Q3LO6L6GF,6,1,http://www.wikidata.org/entity/Q251065
9G6Q3LO6L6GF,7,0,http://www.wikidata.org/entity/Q382395
9G6Q3LO6L6GF,7,1,http://www.wikidata.org/entity/Q629503
9G6Q3LO6L6GF,8,0,http://www.wikidata.org/entity/Q12057436
9G6Q3LO6L6GF,8,1,http://www.wikidata.org/entity/Q12057433
9G6Q3LO6L6GF,9,0,http://www.wikidata.org/entity/Q41247884
9G6Q3LO6L6GF,9,1,http://www.wikidata.org/entity/Q508445
9G6Q3LO6L6GF,10,0,http://www.wikidata.org/entity/Q98494329
9G6Q3LO6L6GF,10,1,http://www.wikidata.org/entity/Q503914
BJJJZPZPNE7A,1,0,http://www.wikidata.org/entity/Q63537654
BJJJZPZPNE7A,1,2,http://www.wikidata.org/entity/Q99
BJJJZPZPNE7A,1,3,http://www.wikidata.org/entity/Q219373
BJJJZPZPNE7A,2,0,http://www.wikidata.org/entity/Q60858820
BJJJZPZPNE7A,2,2,http://www.wikidata.org/entity/Q60583617
BJJJZPZPNE7A,2,3,http://www.wikidata.org/entity/Q16332651
FRCXBRGYGU36,1,0,http://www.wikidata.org/entity/Q2530757
FRCXBRGYGU36,1,1,http://www.wikidata.org/entity/Q977682
FRCXBRGYGU36,2,0,http://www.wikidata.org/entity/Q62912643
R2N0DXLQ8C0I,1,0,http://www.wikidata.org/entity/Q9125
R2N0DXLQ8C0I,1,1,http://www.wikidata.org/entity/Q15827865
R2N0DXLQ8C0I,1,2,http://www.wikidata.org/entity/Q6655
R2N0DXLQ8C0I,2,0,http://www.wikidata.org/entity/Q9009
R2N0DXLQ8C0I,2,1,http://www.wikidata.org/entity/Q15827858
R2N0DXLQ8C0I,2,2,http://www.wikidata.org/entity/Q6655
R2N0DXLQ8C0I,3,0,http://www.wikidata.org/entity/Q4191
R2N0DXLQ8C0I,3,1,http://www.wikidata.org/entity/Q15827852
R2N0DXLQ8C0I,3,2,http://www.wikidata.org/entity/Q6655
R2N0DXLQ8C0I,4,0,http://www.wikidata.org/entity/Q64171
R2N0DXLQ8C0I,4,1,http://www.wikidata.org/entity/Q14913966
R2N0DXLQ8C0I,4,2,http://www.wikidata.org/entity/Q6655
R2N0DXLQ8C0I,5,0,http://www.wikidata.org/entity/Q64077
R2N0DXLQ8C0I,5,1,http://www.wikidata.org/entity/Q14913793
R2N0DXLQ8C0I,5,2,http://www.wikidata.org/entity/Q6655
R2N0DXLQ8C0I,6,0,http://www.wikidata.org/entity/Q68258
R2N0DXLQ8C0I,6,1,http://www.wikidata.org/entity/Q14913777
R2N0DXLQ8C0I,6,2,http://www.wikidata.org/entity/Q6655
R2N0DXLQ8C0I,7,0,http://www.wikidata.org/entity/Q25607
R2N0DXLQ8C0I,7,1,http://www.wikidata.org/entity/Q14913708
R2N0DXLQ8C0I,7,2,http://www.wikidata.org/entity/Q6655
R2N0DXLQ8C0I,8,0,http://www.wikidata.org/entity/Q68155
R2N0DXLQ8C0I,8,1,http://www.wikidata.org/entity/Q14913685
R2N0DXLQ8C0I,8,2,http://www.wikidata.org/entity/Q6655
R2N0DXLQ8C0I,9,0,http://www.wikidata.org/entity/Q63964
R2N0DXLQ8C0I,9,1,http://www.wikidata.org/entity/Q14913678
R2N0DXLQ8C0I,9,2,http://www.wikidata.org/entity/Q6655
R2N0DXLQ8C0I,10,0,http://www.wikidata.org/entity/Q68250
R2N0DXLQ8C0I,10,1,http://www.wikidata.org/entity/Q14913661
R2N0DXLQ8C0I,10,2,http://www.wikidata.org/entity/Q6655
R2N0DXLQ8C0I,11,0,http://www.wikidata.org/entity/Q68227
R2N0DXLQ8C0I,11,1,http://www.wikidata.org/entity/Q14913640
R2N0DXLQ8C0I,11,2,http://www.wikidata.org/entity/Q6655
R2N0DXLQ8C0I,12,0,http://www.wikidata.org/entity/Q68129
R2N0DXLQ8C0I,12,1,http://www.wikidata.org/entity/Q14913606
R2N0DXLQ8C0I,12,2,http://www.wikidata.org/entity/Q6655
R2N0DXLQ8C0I,13,0,http://www.wikidata.org/entity/Q68261
R2N0DXLQ8C0I,13,1,http://www.wikidata.org/entity/Q14913513
R2N0DXLQ8C0I,13,2,http://www.wikidata.org/entity/Q6655
R2N0DXLQ8C0I,14,0,http://www.wikidata.org/entity/Q65506
R2N0DXLQ8C0I,14,1,http://www.wikidata.org/entity/Q14913323
R2N0DXLQ8C0I,14,2,http://www.wikidata.org/entity/Q6655
R2N0DXLQ8C0I,15,0,http://www.wikidata.org/entity/Q68950
R2N0DXLQ8C0I,15,1,http://www.wikidata.org/entity/Q14913291
R2N0DXLQ8C0I,15,2,http://www.wikidata.org/entity/Q6655
R2N0DXLQ8C0I,16,0,http://www.wikidata.org/entity/Q68277
R2N0DXLQ8C0I,16,1,http://www.wikidata.org/entity/Q14913248
R2N0DXLQ8C0I,16,2,http://www.wikidata.org/entity/Q6655
R2N0DXLQ8C0I,17,0,http://www.wikidata.org/entity/Q64032
R2N0DXLQ8C0I,17,1,http://www.wikidata.org/entity/Q14549978
R2N0DXLQ8C0I,17,2,http://www.wikidata.org/entity/Q6655
R2N0DXLQ8C0I,18,0,http://www.wikidata.org/entity/Q63912
R2N0DXLQ8C0I,18,1,http://www.wikidata.org/entity/Q14549464
R2N0DXLQ8C0I,18,2,http://www.wikidata.org/entity/Q6655
R2N0DXLQ8C0I,19,0,http://www.wikidata.org/entity/Q78
R2N0DXLQ8C0I,19,1,http://www.wikidata.org/entity/Q14549419
R2N0DXLQ8C0I,19,2,http://www.wikidata.org/entity/Q6655
R2N0DXLQ8C0I,20,0,http://www.wikidata.org/entity/Q68097
R2N0DXLQ8C0I,20,1,http://www.wikidata.org/entity/Q14549345
R2N0DXLQ8C0I,20,2,http://www.wikidata.org/entity/Q6655
R2N0DXLQ8C0I,21,0,http://www.wikidata.org/entity/Q64727
R2N0DXLQ8C0I,21,1,http://www.wikidata.org/entity/Q14547718
R2N0DXLQ8C0I,21,2,http://www.wikidata.org/entity/Q6655
R2N0DXLQ8C0I,22,0,http://www.wikidata.org/entity/Q68150
R2N0DXLQ8C0I,22,1,http://www.wikidata.org/entity/Q14545097
R2N0DXLQ8C0I,22,2,http://www.wikidata.org/entity/Q6655
R2N0DXLQ8C0I,23,0,http://www.wikidata.org/entity/Q63931
R2N0DXLQ8C0I,23,1,http://www.wikidata.org/entity/Q14544683
R2N0DXLQ8C0I,23,2,http://www.wikidata.org/entity/Q6655
R2N0DXLQ8C0I,24,0,http://www.wikidata.org/entity/Q43195
R2N0DXLQ8C0I,24,1,http://www.wikidata.org/entity/Q14544586
R2N0DXLQ8C0I,24,2,http://www.wikidata.org/entity/Q6655
R2N0DXLQ8C0I,25,0,http://www.wikidata.org/entity/Q7024
R2N0DXLQ8C0I,25,1,http://www.wikidata.org/entity/Q14540715
R2N0DXLQ8C0I,25,2,http://www.wikidata.org/entity/Q6655
8PHH0M3BPOCH,1,0,http://www.wikidata.org/entity/Q3146596
8PHH0M3BPOCH,1,1,http://www.wikidata.org/entity/Q149789
8PHH0M3BPOCH,1,2,http://www.wikidata.org/entity/Q16552
8PHH0M3BPOCH,1,3,http://www.wikidata.org/entity/Q6437264
8PHH0M3BPOCH,2,0,http://www.wikidata.org/entity/Q3595277
8PHH0M3BPOCH,2,1,http://www.wikidata.org/entity/Q33685
8PHH0M3BPOCH,2,2,http://www.wikidata.org/entity/Q1156
8PHH0M3BPOCH,2,3,http://www.wikidata.org/entity/Q3518958
6YPSPPIZ9SB8,1,0,http://www.wikidata.org/entity/Q24867819
6YPSPPIZ9SB8,2,0,http://www.wikidata.org/entity/Q7244747
6YPSPPIZ9SB8,3,0,http://www.wikidata.org/entity/Q6579185
6YPSPPIZ9SB8,3,1,http://www.wikidata.org/entity/Q11637692
6YPSPPIZ9SB8,4,0,http://www.wikidata.org/entity/Q1431808
6YPSPPIZ9SB8,5,0,http://www.wikidata.org/entity/Q59186514
6YPSPPIZ9SB8,6,0,http://www.wikidata.org/entity/Q500934
6YPSPPIZ9SB8,7,0,http://www.wikidata.org/entity/Q1047156
6YPSPPIZ9SB8,8,0,http://www.wikidata.org/entity/Q76817408
6YPSPPIZ9SB8,9,0,http://www.wikidata.org/entity/Q11429447
6YPSPPIZ9SB8,9,1,http://www.wikidata.org/entity/Q11536675
6YPSPPIZ9SB8,10,0,http://www.wikidata.org/entity/Q11541437
6YPSPPIZ9SB8,11,0,http://www.wikidata.org/entity/Q2394890
6YPSPPIZ9SB8,12,0,http://www.wikidata.org/entity/Q11289975
6YPSPPIZ9SB8,13,0,http://www.wikidata.org/entity/Q7991726
6YPSPPIZ9SB8,14,0,http://www.wikidata.org/entity/Q11544643
6YPSPPIZ9SB8,15,0,http://www.wikidata.org/entity/Q41525111
6YPSPPIZ9SB8,16,0,http://www.wikidata.org/entity/Q11261534
6YPSPPIZ9SB8,16,1,http://www.wikidata.org/entity/Q11577200
6YPSPPIZ9SB8,17,0,http://www.wikidata.org/entity/Q2270009
KIMB1UXU04ZV,1,0,http://www.wikidata.org/entity/Q15115018
KIMB1UXU04ZV,1,2,http://www.wikidata.org/entity/Q504686
KIMB1UXU04ZV,1,3,http://www.wikidata.org/entity/Q6723
KIMB1UXU04ZV,2,0,http://www.wikidata.org/entity/Q16831239
KIMB1UXU04ZV,2,2,http://www.wikidata.org/entity/Q508149
KIMB1UXU04ZV,2,3,http://www.wikidata.org/entity/Q6723
KIMB1UXU04ZV,3,0,http://www.wikidata.org/entity/Q105015162
KIMB1UXU04ZV,3,1,http://www.wikidata.org/entity/Q183446
KIMB1UXU04ZV,3,2,http://www.wikidata.org/entity/Q552513
KIMB1UXU04ZV,3,3,http://www.wikidata.org/entity/Q207020
KIMB1UXU04ZV,4,0,http://www.wikidata.org/entity/Q2155240
KIMB1UXU04ZV,4,1,http://www.wikidata.org/entity/Q524899
KIMB1UXU04ZV,4,2,http://www.wikidata.org/entity/Q534331
KIMB1UXU04ZV,4,3,http://www.wikidata.org/entity/Q6723
WBPH2PA4CJB9,1,0,http://www.wikidata.org/entity/Q21152950
WBPH2PA4CJB9,1,1,http://www.wikidata.org/entity/Q3609
WBPH2PA4CJB9,2,0,http://www.wikidata.org/entity/Q297347
WBPH2PA4CJB9,2,1,http://www.wikidata.org/entity/Q3609
8W4JWL8750WK,1,0,http://www.wikidata.org/entity/Q866659
8W4JWL8750WK,2,0,http://www.wikidata.org/entity/Q55075131
Y7VWKCQRSQH1,1,0,http://www.wikidata.org/entity/Q5988435
Y7VWKCQRSQH1,2,0,http://www.wikidata.org/entity/Q1375729
Y7VWKCQRSQH1,3,0,http://www.wikidata.org/entity/Q30324679
Y7VWKCQRSQH1,4,0,http://www.wikidata.org/entity/Q6174612
Y7VWKCQRSQH1,5,0,http://www.wikidata.org/entity/Q10534156
Y7VWKCQRSQH1,6,0,http://www.wikidata.org/entity/Q23055152
Y7VWKCQRSQH1,7,0,http://www.wikidata.org/entity/Q104772326
Y7VWKCQRSQH1,8,0,http://www.wikidata.org/entity/Q5641141
Y7VWKCQRSQH1,9,0,http://www.wikidata.org/entity/Q1475385
Y7VWKCQRSQH1,10,0,http://www.wikidata.org/entity/Q569149
Y7VWKCQRSQH1,11,0,http://www.wikidata.org/entity/Q122149484
Y7VWKCQRSQH1,12,0,http://www.wikidata.org/entity/Q12050855
Y7VWKCQRSQH1,13,0,http://www.wikidata.org/entity/Q1568428
Y7VWKCQRSQH1,14,0,http://www.wikidata.org/entity/Q890787
Y7VWKCQRSQH1,15,0,http://www.wikidata.org/entity/Q1124948
Y7VWKCQRSQH1,16,0,http://www.wikidata.org/entity/Q99526970
Y7VWKCQRSQH1,17,0,http://www.wikidata.org/entity/Q930810
Y7VWKCQRSQH1,18,0,http://www.wikidata.org/entity/Q686354
Y7VWKCQRSQH1,19,0,http://www.wikidata.org/entity/Q22032287
Y7VWKCQRSQH1,20,0,http://www.wikidata.org/entity/Q24887884
Y7VWKCQRSQH1,21,0,http://www.wikidata.org/entity/Q768671
Y7VWKCQRSQH1,22,0,http://www.wikidata.org/entity/Q495262
Y7VWKCQRSQH1,23,0,http://www.wikidata.org/entity/Q250781
Y7VWKCQRSQH1,24,0,http://www.wikidata.org/entity/Q16983425
ZN46746IATOT,1,0,http://www.wikidata.org/entity/Q657375
ZN46746IATOT,2,0,http://www.wikidata.org/entity/Q789145
25F58RHSAX6W,1,0,http://www.wikidata.org/entity/Q12002749
25F58RHSAX6W,1,1,http://www.wikidata.org/entity/Q20
25F58RHSAX6W,2,0,http://www.wikidata.org/entity/Q98551020
25F58RHSAX6W,2,1,http://www.wikidata.org/entity/Q484563
D8LZ4Q3WOZZG,1,0,http://www.wikidata.org/entity/Q64811561
D8LZ4Q3WOZZG,2,0,http://www.wikidata.org/entity/Q89277958
D8LZ4Q3WOZZG,3,0,http://www.wikidata.org/entity/Q89277948
D8LZ4Q3WOZZG,4,0,http://www.wikidata.org/entity/Q90404722
D8LZ4Q3WOZZG,5,0,http://www.wikidata.org/entity/Q90409518
D8LZ4Q3WOZZG,6,0,http://www.wikidata.org/entity/Q38136970
D8LZ4Q3WOZZG,7,0,http://www.wikidata.org/entity/Q41368830
D8LZ4Q3WOZZG,8,0,http://www.wikidata.org/entity/Q64716277
D8LZ4Q3WOZZG,9,0,http://www.wikidata.org/entity/Q104086415
D8LZ4Q3WOZZG,10,0,http://www.wikidata.org/entity/Q41297330
D8LZ4Q3WOZZG,11,0,http://www.wikidata.org/entity/Q41317596
D8LZ4Q3WOZZG,12,0,http://www.wikidata.org/entity/Q56190014
D8LZ4Q3WOZZG,13,0,http://www.wikidata.org/entity/Q106247007
D8LZ4Q3WOZZG,14,0,http://www.wikidata.org/entity/Q90404778
D8LZ4Q3WOZZG,15,0,http://www.wikidata.org/entity/Q41297592
80388UE16KFY,1,0,http://www.wikidata.org/entity/Q41399101
80388UE16KFY,2,0,http://www.wikidata.org/entity/Q41399253
80388UE16KFY,3,0,http://www.wikidata.org/entity/Q41393452
80388UE16KFY,4,0,http://www.wikidata.org/entity/Q41400080
80388UE16KFY,5,0,http://www.wikidata.org/entity/Q89277959
80388UE16KFY,6,0,http://www.wikidata.org/entity/Q89277961
80388UE16KFY,7,0,http://www.wikidata.org/entity/Q89899359
80388UE16KFY,8,0,http://www.wikidata.org/entity/Q89899402
80388UE16KFY,9,0,http://www.wikidata.org/entity/Q90880922
80388UE16KFY,10,0,http://www.wikidata.org/entity/Q41400326
80388UE16KFY,11,0,http://www.wikidata.org/entity/Q41400337
80388UE16KFY,12,0,http://www.wikidata.org/entity/Q41400343
80388UE16KFY,13,0,http://www.wikidata.org/entity/Q41237442
80388UE16KFY,14,0,http://www.wikidata.org/entity/Q41237443
80388UE16KFY,15,0,http://www.wikidata.org/entity/Q41237468
80388UE16KFY,16,0,http://www.wikidata.org/entity/Q90902578
80388UE16KFY,17,0,http://www.wikidata.org/entity/Q106255155
80388UE16KFY,18,0,http://www.wikidata.org/entity/Q54459781
80388UE16KFY,19,0,http://www.wikidata.org/entity/Q41389563
80388UE16KFY,20,0,http://www.wikidata.org/entity/Q106258777
232TN1WCFHZ5,1,0,http://www.wikidata.org/entity/Q90404778
232TN1WCFHZ5,2,0,http://www.wikidata.org/entity/Q90404724
232TN1WCFHZ5,3,0,http://www.wikidata.org/entity/Q78785580
232TN1WCFHZ5,4,0,http://www.wikidata.org/entity/Q41402418
232TN1WCFHZ5,4,1,http://www.wikidata.org/entity/Q13085
232TN1WCFHZ5,5,0,http://www.wikidata.org/entity/Q41403031
232TN1WCFHZ5,5,1,http://www.wikidata.org/entity/Q23757
232TN1WCFHZ5,6,0,http://www.wikidata.org/entity/Q41373938
232TN1WCFHZ5,6,1,http://www.wikidata.org/entity/Q13085
232TN1WCFHZ5,7,0,http://www.wikidata.org/entity/Q89899377
232TN1WCFHZ5,7,1,http://www.wikidata.org/entity/Q13085
232TN1WCFHZ5,8,0,http://www.wikidata.org/entity/Q84709958
232TN1WCFHZ5,8,1,http://www.wikidata.org/entity/Q13085
232TN1WCFHZ5,9,0,http://www.wikidata.org/entity/Q41284583
232TN1WCFHZ5,10,0,http://www.wikidata.org/entity/Q64718039
232TN1WCFHZ5,10,1,http://www.wikidata.org/entity/Q13085
232TN1WCFHZ5,11,0,http://www.wikidata.org/entity/Q90812273
232TN1WCFHZ5,12,0,http://www.wikidata.org/entity/Q41411260
232TN1WCFHZ5,13,0,http://www.wikidata.org/entity/Q37427624
232TN1WCFHZ5,14,0,http://www.wikidata.org/entity/Q38143029
232TN1WCFHZ5,15,0,http://www.wikidata.org/entity/Q90680179
232TN1WCFHZ5,16,0,http://www.wikidata.org/entity/Q90902578
232TN1WCFHZ5,17,0,http://www.wikidata.org/entity/Q90880933
232TN1WCFHZ5,18,0,http://www.wikidata.org/entity/Q41370760
232TN1WCFHZ5,18,1,http://www.wikidata.org/entity/Q13085
232TN1WCFHZ5,19,0,http://www.wikidata.org/entity/Q41394989
232TN1WCFHZ5,19,1,http://www.wikidata.org/entity/Q13085
LJL1DBCR3VW8,1,0,http://www.wikidata.org/entity/Q27538420
LJL1DBCR3VW8,1,1,http://www.wikidata.org/entity/Q254811
LJL1DBCR3VW8,2,0,http://www.wikidata.org/entity/Q21856734
LJL1DBCR3VW8,2,1,http://www.wikidata.org/entity/Q76940
LJL1DBCR3VW8,3,0,http://www.wikidata.org/entity/Q21856737
LJL1DBCR3VW8,3,1,http://www.wikidata.org/entity/Q61161
LJL1DBCR3VW8,4,0,http://www.wikidata.org/entity/Q21856738
LJL1DBCR3VW8,4,1,http://www.wikidata.org/entity/Q29184
LJL1DBCR3VW8,5,0,http://www.wikidata.org/entity/Q21856736
LJL1DBCR3VW8,5,1,http://www.wikidata.org/entity/Q29184
LJL1DBCR3VW8,6,0,http://www.wikidata.org/entity/Q21856735
LJL1DBCR3VW8,6,1,http://www.wikidata.org/entity/Q29184
LJL1DBCR3VW8,7,0,http://www.wikidata.org/entity/Q21856733
LJL1DBCR3VW8,7,1,http://www.wikidata.org/entity/Q29184
LJL1DBCR3VW8,8,0,http://www.wikidata.org/entity/Q21856740
LJL1DBCR3VW8,8,1,http://www.wikidata.org/entity/Q6242
LJL1DBCR3VW8,9,0,http://www.wikidata.org/entity/Q21856739
LJL1DBCR3VW8,9,1,http://www.wikidata.org/entity/Q6242
LJL1DBCR3VW8,10,0,http://www.wikidata.org/entity/Q21856730
LJL1DBCR3VW8,10,1,http://www.wikidata.org/entity/Q433663
LJL1DBCR3VW8,11,0,http://www.wikidata.org/entity/Q19832752
LJL1DBCR3VW8,11,1,http://www.wikidata.org/entity/Q235027
LJL1DBCR3VW8,12,0,http://www.wikidata.org/entity/Q21856731
LJL1DBCR3VW8,12,1,http://www.wikidata.org/entity/Q59797
LJL1DBCR3VW8,13,0,http://www.wikidata.org/entity/Q21856732
LJL1DBCR3VW8,13,1,http://www.wikidata.org/entity/Q44125
LJL1DBCR3VW8,14,0,http://www.wikidata.org/entity/Q21856729
LJL1DBCR3VW8,14,1,http://www.wikidata.org/entity/Q6242
LJL1DBCR3VW8,15,0,http://www.wikidata.org/entity/Q21856728
LJL1DBCR3VW8,15,1,http://www.wikidata.org/entity/Q6242
LJL1DBCR3VW8,16,0,http://www.wikidata.org/entity/Q21856727
LJL1DBCR3VW8,16,1,http://www.wikidata.org/entity/Q6242
KPUWXQLIV86O,1,0,http://www.wikidata.org/entity/Q811079
KPUWXQLIV86O,2,0,http://www.wikidata.org/entity/Q31842363
7FBY7UGIQ9XI,1,0,http://www.wikidata.org/entity/Q48879132
7FBY7UGIQ9XI,1,1,http://www.wikidata.org/entity/Q155
7FBY7UGIQ9XI,2,0,http://www.wikidata.org/entity/Q110459454
7FBY7UGIQ9XI,2,1,http://www.wikidata.org/entity/Q36
7FBY7UGIQ9XI,3,0,http://www.wikidata.org/entity/Q3785577
7FBY7UGIQ9XI,3,1,http://www.wikidata.org/entity/Q142
7FBY7UGIQ9XI,4,0,http://www.wikidata.org/entity/Q48878963
7FBY7UGIQ9XI,4,1,http://www.wikidata.org/entity/Q155
7FBY7UGIQ9XI,5,0,http://www.wikidata.org/entity/Q5988779
7FBY7UGIQ9XI,5,1,http://www.wikidata.org/entity/Q1029
7FBY7UGIQ9XI,6,0,http://www.wikidata.org/entity/Q96572878
7FBY7UGIQ9XI,6,1,http://www.wikidata.org/entity/Q223936
7FBY7UGIQ9XI,7,0,http://www.wikidata.org/entity/Q4923090
7FBY7UGIQ9XI,7,1,http://www.wikidata.org/entity/Q145
7FBY7UGIQ9XI,8,0,http://www.wikidata.org/entity/Q48878695
7FBY7UGIQ9XI,8,1,http://www.wikidata.org/entity/Q155
7FBY7UGIQ9XI,9,0,http://www.wikidata.org/entity/Q16248297
7FBY7UGIQ9XI,9,1,http://www.wikidata.org/entity/Q145
7FBY7UGIQ9XI,10,0,http://www.wikidata.org/entity/Q2918277
7FBY7UGIQ9XI,10,1,http://www.wikidata.org/entity/Q145
7FBY7UGIQ9XI,11,0,http://www.wikidata.org/entity/Q6999627
7FBY7UGIQ9XI,11,1,http://www.wikidata.org/entity/Q145
7FBY7UGIQ9XI,12,0,http://www.wikidata.org/entity/Q48878955
7FBY7UGIQ9XI,12,1,http://www.wikidata.org/entity/Q155
7FBY7UGIQ9XI,13,0,http://www.wikidata.org/entity/Q4749000
7FBY7UGIQ9XI,13,1,http://www.wikidata.org/entity/Q33
7FBY7UGIQ9XI,14,0,http://www.wikidata.org/entity/Q1637419
7FBY7UGIQ9XI,14,1,http://www.wikidata.org/entity/Q36
7FBY7UGIQ9XI,15,0,http://www.wikidata.org/entity/Q1403122
7FBY7UGIQ9XI,15,1,http://www.wikidata.org/entity/Q145
7FBY7UGIQ9XI,16,0,http://www.wikidata.org/entity/Q6382441
7FBY7UGIQ9XI,16,1,http://www.wikidata.org/entity/Q334
7FBY7UGIQ9XI,17,0,http://www.wikidata.org/entity/Q2392844
7FBY7UGIQ9XI,17,1,http://www.wikidata.org/entity/Q334
7FBY7UGIQ9XI,18,0,http://www.wikidata.org/entity/Q186115
7FBY7UGIQ9XI,18,1,http://www.wikidata.org/entity/Q142
7FBY7UGIQ9XI,19,0,http://www.wikidata.org/entity/Q428056
7FBY7UGIQ9XI,19,1,http://www.wikidata.org/entity/Q208404
7FBY7UGIQ9XI,20,0,http://www.wikidata.org/entity/Q55364211
7FBY7UGIQ9XI,20,1,http://www.wikidata.org/entity/Q928
7FBY7UGIQ9XI,21,0,http://www.wikidata.org/entity/Q6488453
7FBY7UGIQ9XI,21,1,http://www.wikidata.org/entity/Q928
4923X29P1EDT,1,0,http://www.wikidata.org/entity/Q1017124
4923X29P1EDT,1,1,http://www.wikidata.org/entity/Q83273
4923X29P1EDT,2,0,http://www.wikidata.org/entity/Q1072908
4923X29P1EDT,2,1,http://www.wikidata.org/entity/Q617375
4923X29P1EDT,3,0,http://www.wikidata.org/entity/Q1069254
4923X29P1EDT,3,1,http://www.wikidata.org/entity/Q133879
4923X29P1EDT,4,0,http://www.wikidata.org/entity/Q1073135
4923X29P1EDT,4,1,http://www.wikidata.org/entity/Q80011
4923X29P1EDT,5,0,http://www.wikidata.org/entity/Q727034
4923X29P1EDT,5,1,http://www.wikidata.org/entity/Q131314
4923X29P1EDT,6,0,http://www.wikidata.org/entity/Q3137246
4923X29P1EDT,6,1,http://www.wikidata.org/entity/Q133924
4923X29P1EDT,7,0,http://www.wikidata.org/entity/Q1072783
4923X29P1EDT,7,1,http://www.wikidata.org/entity/Q127264
4923X29P1EDT,8,0,http://www.wikidata.org/entity/Q1072867
4923X29P1EDT,8,1,http://www.wikidata.org/entity/Q133924
4923X29P1EDT,9,0,http://www.wikidata.org/entity/Q1072901
4923X29P1EDT,9,1,http://www.wikidata.org/entity/Q169376
JOD36W131631,1,0,http://www.wikidata.org/entity/Q12364320
JOD36W131631,1,1,http://www.wikidata.org/entity/Q51802452
JOD36W131631,2,0,http://www.wikidata.org/entity/Q12376764
JOD36W131631,2,1,http://www.wikidata.org/entity/Q18626375
JOD36W131631,3,0,http://www.wikidata.org/entity/Q12369799
JOD36W131631,3,1,http://www.wikidata.org/entity/Q16411425
JOD36W131631,4,0,http://www.wikidata.org/entity/Q12366896
JOD36W131631,4,1,http://www.wikidata.org/entity/Q16411108
JPC42EGZXOOF,1,0,http://www.wikidata.org/entity/Q75688577
JPC42EGZXOOF,2,0,http://www.wikidata.org/entity/Q110167802
JPC42EGZXOOF,3,0,http://www.wikidata.org/entity/Q2984429
KWPAULBOKA37,1,0,http://www.wikidata.org/entity/Q124970662
KWPAULBOKA37,2,0,http://www.wikidata.org/entity/Q124970661
KWPAULBOKA37,3,0,http://www.wikidata.org/entity/Q124970511
KWPAULBOKA37,4,0,http://www.wikidata.org/entity/Q124970500
KWPAULBOKA37,5,0,http://www.wikidata.org/entity/Q124970314
KWPAULBOKA37,6,0,http://www.wikidata.org/entity/Q124964359
KWPAULBOKA37,7,0,http://www.wikidata.org/entity/Q124964355
KWPAULBOKA37,8,0,http://www.wikidata.org/entity/Q124964354
KWPAULBOKA37,9,0,http://www.wikidata.org/entity/Q124964222
KWPAULBOKA37,10,0,http://www.wikidata.org/entity/Q124810041
KWPAULBOKA37,11,0,http://www.wikidata.org/entity/Q124661734
KWPAULBOKA37,12,0,http://www.wikidata.org/entity/Q124661590
KWPAULBOKA37,13,0,http://www.wikidata.org/entity/Q124255986
KWPAULBOKA37,14,0,http://www.wikidata.org/entity/Q123749065
KWPAULBOKA37,15,0,http://www.wikidata.org/entity/Q123416589
KWPAULBOKA37,16,0,http://www.wikidata.org/entity/Q123416576
KWPAULBOKA37,17,0,http://www.wikidata.org/entity/Q122732709
KWPAULBOKA37,18,0,http://www.wikidata.org/entity/Q120647826
I1X8835TEMAK,1,0,http://www.wikidata.org/entity/Q120292468
I1X8835TEMAK,1,2,http://www.wikidata.org/entity/Q117455991
I1X8835TEMAK,2,0,http://www.wikidata.org/entity/Q7713495
I1X8835TEMAK,2,2,http://www.wikidata.org/entity/Q4173137
I1X8835TEMAK,3,0,http://www.wikidata.org/entity/Q120548794
I1X8835TEMAK,3,2,http://www.wikidata.org/entity/Q117455991
I1X8835TEMAK,4,0,http://www.wikidata.org/entity/Q120305226
I1X8835TEMAK,4,2,http://www.wikidata.org/entity/Q117455991
I1X8835TEMAK,5,0,http://www.wikidata.org/entity/Q120549780
I1X8835TEMAK,5,2,http://www.wikidata.org/entity/Q117455991
I1X8835TEMAK,6,0,http://www.wikidata.org/entity/Q120351535
I1X8835TEMAK,6,2,http://www.wikidata.org/entity/Q117455991
I1X8835TEMAK,7,0,http://www.wikidata.org/entity/Q120041226
I1X8835TEMAK,7,2,http://www.wikidata.org/entity/Q117455991
I1X8835TEMAK,8,0,http://www.wikidata.org/entity/Q4975522
I1X8835TEMAK,8,1,http://www.wikidata.org/entity/Q1860
I1X8835TEMAK,9,0,http://www.wikidata.org/entity/Q6064309
I1X8835TEMAK,9,1,http://www.wikidata.org/entity/Q1860
I1X8835TEMAK,10,0,http://www.wikidata.org/entity/Q2841026
I1X8835TEMAK,10,1,http://www.wikidata.org/entity/Q20923490
I1X8835TEMAK,11,0,http://www.wikidata.org/entity/Q4198258
I1X8835TEMAK,11,1,http://www.wikidata.org/entity/Q7737
I1X8835TEMAK,12,0,http://www.wikidata.org/entity/Q28378190
I1X8835TEMAK,12,1,http://www.wikidata.org/entity/Q1321
I1X8835TEMAK,12,2,http://www.wikidata.org/entity/Q21322589
I1X8835TEMAK,13,0,http://www.wikidata.org/entity/Q4273208
I1X8835TEMAK,13,1,http://www.wikidata.org/entity/Q22101529
I1X8835TEMAK,14,0,http://www.wikidata.org/entity/Q120282728
I1X8835TEMAK,14,2,http://www.wikidata.org/entity/Q117455991
I1X8835TEMAK,15,0,http://www.wikidata.org/entity/Q120282703
I1X8835TEMAK,15,2,http://www.wikidata.org/entity/Q117455991
V8DBNO7ETU65,1,0,http://www.wikidata.org/entity/Q4224698
V8DBNO7ETU65,2,0,http://www.wikidata.org/entity/Q5123327
V8DBNO7ETU65,2,1,http://www.wikidata.org/entity/Q7957905
V8DBNO7ETU65,3,0,http://www.wikidata.org/entity/Q582714
V8DBNO7ETU65,4,0,http://www.wikidata.org/entity/Q5382084
V8DBNO7ETU65,5,0,http://www.wikidata.org/entity/Q1345880
V8DBNO7ETU65,5,1,http://www.wikidata.org/entity/Q1345971
V8DBNO7ETU65,6,0,http://www.wikidata.org/entity/Q7728727
V8DBNO7ETU65,6,1,http://www.wikidata.org/entity/Q5154827
D4HHU33FIQLN,1,0,http://www.wikidata.org/entity/Q1376883
D4HHU33FIQLN,1,1,http://www.wikidata.org/entity/Q46
D4HHU33FIQLN,2,0,http://www.wikidata.org/entity/Q16843818
D4HHU33FIQLN,2,1,http://www.wikidata.org/entity/Q13780930
D4HHU33FIQLN,3,0,http://www.wikidata.org/entity/Q631082
D4HHU33FIQLN,3,1,http://www.wikidata.org/entity/Q55643
D4HHU33FIQLN,4,0,http://www.wikidata.org/entity/Q164836
D4HHU33FIQLN,4,1,http://www.wikidata.org/entity/Q46
D4HHU33FIQLN,5,0,http://www.wikidata.org/entity/Q4806739
D4HHU33FIQLN,5,1,http://www.wikidata.org/entity/Q48
D4HHU33FIQLN,6,0,http://www.wikidata.org/entity/Q147060
D4HHU33FIQLN,6,1,http://www.wikidata.org/entity/Q48
D4HHU33FIQLN,7,0,http://www.wikidata.org/entity/Q1355085
D4HHU33FIQLN,7,1,http://www.wikidata.org/entity/Q2
D4HHU33FIQLN,8,0,http://www.wikidata.org/entity/Q1184076
D4HHU33FIQLN,8,1,http://www.wikidata.org/entity/Q48
D4HHU33FIQLN,9,0,http://www.wikidata.org/entity/Q25040258
D4HHU33FIQLN,9,1,http://www.wikidata.org/entity/Q13780930
D4HHU33FIQLN,10,0,http://www.wikidata.org/entity/Q913687
D4HHU33FIQLN,10,1,http://www.wikidata.org/entity/Q13780930
D4HHU33FIQLN,11,0,http://www.wikidata.org/entity/Q1666972
D4HHU33FIQLN,11,1,http://www.wikidata.org/entity/Q2
D4HHU33FIQLN,12,0,http://www.wikidata.org/entity/Q55637924
D4HHU33FIQLN,12,1,http://www.wikidata.org/entity/Q13780930
D4HHU33FIQLN,13,0,http://www.wikidata.org/entity/Q783660
D4HHU33FIQLN,13,1,http://www.wikidata.org/entity/Q13780930
D4HHU33FIQLN,14,0,http://www.wikidata.org/entity/Q1053117
D4HHU33FIQLN,14,1,http://www.wikidata.org/entity/Q48
D4HHU33FIQLN,15,0,http://www.wikidata.org/entity/Q1759618
D4HHU33FIQLN,15,1,http://www.wikidata.org/entity/Q2
D4HHU33FIQLN,16,0,http://www.wikidata.org/entity/Q6944492
D4HHU33FIQLN,16,1,http://www.wikidata.org/entity/Q2
D4HHU33FIQLN,17,0,http://www.wikidata.org/entity/Q1125593
D4HHU33FIQLN,17,1,http://www.wikidata.org/entity/Q2
TH0KLUYRDHL1,1,0,http://www.wikidata.org/entity/Q2539788
TH0KLUYRDHL1,1,1,http://www.wikidata.org/entity/Q7464
TH0KLUYRDHL1,2,0,http://www.wikidata.org/entity/Q109354374
TH0KLUYRDHL1,2,1,http://www.wikidata.org/entity/Q27416
TH0KLUYRDHL1,3,0,http://www.wikidata.org/entity/Q54870176
TH0KLUYRDHL1,4,0,http://www.wikidata.org/entity/Q7160186
TH0KLUYRDHL1,5,0,http://www.wikidata.org/entity/Q4971242
TH0KLUYRDHL1,5,1,http://www.wikidata.org/entity/Q920396
TH0KLUYRDHL1,6,0,http://www.wikidata.org/entity/Q4617053
TH0KLUYRDHL1,7,0,http://www.wikidata.org/entity/Q7667520
TH0KLUYRDHL1,8,0,http://www.wikidata.org/entity/Q7901307
TH0KLUYRDHL1,8,1,http://www.wikidata.org/entity/Q1756813
TH0KLUYRDHL1,9,0,http://www.wikidata.org/entity/Q5115965
TH0KLUYRDHL1,10,0,http://www.wikidata.org/entity/Q21188086
TH0KLUYRDHL1,11,0,http://www.wikidata.org/entity/Q16971565
TH0KLUYRDHL1,12,0,http://www.wikidata.org/entity/Q85788539
TH0KLUYRDHL1,13,0,http://www.wikidata.org/entity/Q5120352
TH0KLUYRDHL1,13,1,http://www.wikidata.org/entity/Q43196
TH0KLUYRDHL1,14,0,http://www.wikidata.org/entity/Q112039870
TH0KLUYRDHL1,15,0,http://www.wikidata.org/entity/Q86347874
BQ1YEAWMTHY1,1,0,http://www.wikidata.org/entity/Q65446649
BQ1YEAWMTHY1,2,0,http://www.wikidata.org/entity/Q1779961
TR8NWTBZXTL9,1,0,http://www.wikidata.org/entity/Q85687616
TR8NWTBZXTL9,2,0,http://www.wikidata.org/entity/Q35188835
TR8NWTBZXTL9,3,0,http://www.wikidata.org/entity/Q35186769
TR8NWTBZXTL9,4,0,http://www.wikidata.org/entity/Q101426478
TR8NWTBZXTL9,5,0,http://www.wikidata.org/entity/Q111735445
TR8NWTBZXTL9,6,0,http://www.wikidata.org/entity/Q111735444
TR8NWTBZXTL9,7,0,http://www.wikidata.org/entity/Q35189754
TR8NWTBZXTL9,8,0,http://www.wikidata.org/entity/Q58007600
TR8NWTBZXTL9,9,0,http://www.wikidata.org/entity/Q35187950
TR8NWTBZXTL9,10,0,http://www.wikidata.org/entity/Q63198578
TR8NWTBZXTL9,11,0,http://www.wikidata.org/entity/Q27991324
TR8NWTBZXTL9,12,0,http://www.wikidata.org/entity/Q5043930
TR8NWTBZXTL9,13,0,http://www.wikidata.org/entity/Q50231385
TR8NWTBZXTL9,14,0,http://www.wikidata.org/entity/Q5902841
TR8NWTBZXTL9,15,0,http://www.wikidata.org/entity/Q111735811
TR8NWTBZXTL9,16,0,http://www.wikidata.org/entity/Q105010186
TR8NWTBZXTL9,17,0,http://www.wikidata.org/entity/Q111735328
TR8NWTBZXTL9,18,0,http://www.wikidata.org/entity/Q2371017
TR8NWTBZXTL9,18,1,http://www.wikidata.org/entity/Q73357989
TR8NWTBZXTL9,19,0,http://www.wikidata.org/entity/Q56221155
TR8NWTBZXTL9,20,0,http://www.wikidata.org/entity/Q111735844
TR8NWTBZXTL9,21,0,http://www.wikidata.org/entity/Q84555538
TR8NWTBZXTL9,22,0,http://www.wikidata.org/entity/Q105757630
TR8NWTBZXTL9,23,0,http://www.wikidata.org/entity/Q84558946
824I4B0CS6VQ,1,0,http://www.wikidata.org/entity/Q86345438
824I4B0CS6VQ,2,0,http://www.wikidata.org/entity/Q25212137
824I4B0CS6VQ,2,2,http://www.wikidata.org/entity/Q4810036
824I4B0CS6VQ,3,0,http://www.wikidata.org/entity/Q118267491
824I4B0CS6VQ,4,0,http://www.wikidata.org/entity/Q15921816
824I4B0CS6VQ,4,2,http://www.wikidata.org/entity/Q19861084
824I4B0CS6VQ,5,0,http://www.wikidata.org/entity/Q27991324
824I4B0CS6VQ,5,2,http://www.wikidata.org/entity/Q19861084
824I4B0CS6VQ,6,0,http://www.wikidata.org/entity/Q5902841
WJQGJ447FBDV,1,0,http://www.wikidata.org/entity/Q62050879
WJQGJ447FBDV,1,3,http://www.wikidata.org/entity/Q440649
WJQGJ447FBDV,2,0,http://www.wikidata.org/entity/Q62050813
WJQGJ447FBDV,2,3,http://www.wikidata.org/entity/Q440649
WJQGJ447FBDV,3,0,http://www.wikidata.org/entity/Q62050415
WJQGJ447FBDV,3,3,http://www.wikidata.org/entity/Q440649
WJQGJ447FBDV,4,0,http://www.wikidata.org/entity/Q61983421
WJQGJ447FBDV,4,3,http://www.wikidata.org/entity/Q427280
WJQGJ447FBDV,5,0,http://www.wikidata.org/entity/Q62050497
WJQGJ447FBDV,5,3,http://www.wikidata.org/entity/Q350722
WJQGJ447FBDV,6,0,http://www.wikidata.org/entity/Q61983465
WJQGJ447FBDV,6,3,http://www.wikidata.org/entity/Q350722
WJQGJ447FBDV,7,0,http://www.wikidata.org/entity/Q61983439
WJQGJ447FBDV,7,3,http://www.wikidata.org/entity/Q349685
WJQGJ447FBDV,8,0,http://www.wikidata.org/entity/Q62050453
WJQGJ447FBDV,8,3,http://www.wikidata.org/entity/Q274396
WJQGJ447FBDV,9,0,http://www.wikidata.org/entity/Q61983445
WJQGJ447FBDV,9,3,http://www.wikidata.org/entity/Q241712
WJQGJ447FBDV,10,0,http://www.wikidata.org/entity/Q61983470
WJQGJ447FBDV,10,3,http://www.wikidata.org/entity/Q234577
WJQGJ447FBDV,11,0,http://www.wikidata.org/entity/Q61983441
WJQGJ447FBDV,11,3,http://www.wikidata.org/entity/Q233607
WJQGJ447FBDV,12,0,http://www.wikidata.org/entity/Q62050624
WJQGJ447FBDV,12,3,http://www.wikidata.org/entity/Q198672
WJQGJ447FBDV,13,0,http://www.wikidata.org/entity/Q62026182
WJQGJ447FBDV,13,3,http://www.wikidata.org/entity/Q198672
WJQGJ447FBDV,14,0,http://www.wikidata.org/entity/Q62050667
WJQGJ447FBDV,14,3,http://www.wikidata.org/entity/Q197190
URLZ8E0NNGA3,1,0,http://www.wikidata.org/entity/Q74826283
URLZ8E0NNGA3,1,1,http://www.wikidata.org/entity/Q148
URLZ8E0NNGA3,2,0,http://www.wikidata.org/entity/Q60030496
URLZ8E0NNGA3,2,1,http://www.wikidata.org/entity/Q212
PJ1BZAVFO4KA,1,0,http://www.wikidata.org/entity/Q1010
PJ1BZAVFO4KA,1,1,http://www.wikidata.org/entity/Q46
PJ1BZAVFO4KA,2,0,http://www.wikidata.org/entity/Q2423
PJ1BZAVFO4KA,2,1,http://www.wikidata.org/entity/Q46
PJ1BZAVFO4KA,3,0,http://www.wikidata.org/entity/Q3852743
PJ1BZAVFO4KA,3,1,http://www.wikidata.org/entity/Q48
PJ1BZAVFO4KA,3,3,http://www.wikidata.org/entity/Q1707092
PJ1BZAVFO4KA,4,0,http://www.wikidata.org/entity/Q140087
PJ1BZAVFO4KA,4,1,http://www.wikidata.org/entity/Q46
PJ1BZAVFO4KA,5,0,http://www.wikidata.org/entity/Q1794
PJ1BZAVFO4KA,5,1,http://www.wikidata.org/entity/Q46
PJ1BZAVFO4KA,5,3,http://www.wikidata.org/entity/Q16801822
PJ1BZAVFO4KA,6,0,http://www.wikidata.org/entity/Q46747
PJ1BZAVFO4KA,6,1,http://www.wikidata.org/entity/Q48
PJ1BZAVFO4KA,6,3,http://www.wikidata.org/entity/Q11521076
PJ1BZAVFO4KA,7,0,http://www.wikidata.org/entity/Q585
PJ1BZAVFO4KA,7,1,http://www.wikidata.org/entity/Q46
PJ1BZAVFO4KA,8,0,http://www.wikidata.org/entity/Q1647
PJ1BZAVFO4KA,8,1,http://www.wikidata.org/entity/Q46
PJ1BZAVFO4KA,8,3,http://www.wikidata.org/entity/Q938838
PJ1BZAVFO4KA,9,0,http://www.wikidata.org/entity/Q245023
PJ1BZAVFO4KA,9,1,http://www.wikidata.org/entity/Q48
PJ1BZAVFO4KA,9,3,http://www.wikidata.org/entity/Q6856738
PJ1BZAVFO4KA,10,0,http://www.wikidata.org/entity/Q59218
PJ1BZAVFO4KA,10,1,http://www.wikidata.org/entity/Q48
PJ1BZAVFO4KA,10,3,http://www.wikidata.org/entity/Q1144286
PJ1BZAVFO4KA,11,0,http://www.wikidata.org/entity/Q2214
PJ1BZAVFO4KA,11,3,http://www.wikidata.org/entity/Q2218
PJ1BZAVFO4KA,12,0,http://www.wikidata.org/entity/Q2090
PJ1BZAVFO4KA,12,3,http://www.wikidata.org/entity/Q728664
PJ1BZAVFO4KA,13,0,http://www.wikidata.org/entity/Q472925
PJ1BZAVFO4KA,13,1,http://www.wikidata.org/entity/Q48
PJ1BZAVFO4KA,14,0,http://www.wikidata.org/entity/Q5465
PJ1BZAVFO4KA,14,1,http://www.wikidata.org/entity/Q15
PJ1BZAVFO4KA,14,3,http://www.wikidata.org/entity/Q127167
A22XYVLK1EHZ,1,0,http://www.wikidata.org/entity/Q1020490
A22XYVLK1EHZ,2,0,http://www.wikidata.org/entity/Q386697
A22XYVLK1EHZ,3,0,http://www.wikidata.org/entity/Q104302
A22XYVLK1EHZ,4,0,http://www.wikidata.org/entity/Q427557
A22XYVLK1EHZ,5,0,http://www.wikidata.org/entity/Q360178
A22XYVLK1EHZ,6,0,http://www.wikidata.org/entity/Q2090
A22XYVLK1EHZ,7,0,http://www.wikidata.org/entity/Q44162
A22XYVLK1EHZ,8,0,http://www.wikidata.org/entity/Q128261
A22XYVLK1EHZ,9,0,http://www.wikidata.org/entity/Q25444
A22XYVLK1EHZ,10,0,http://www.wikidata.org/entity/Q24008392
A22XYVLK1EHZ,11,0,http://www.wikidata.org/entity/Q234453
A22XYVLK1EHZ,12,0,http://www.wikidata.org/entity/Q1083
A22XYVLK1EHZ,13,0,http://www.wikidata.org/entity/Q404817
A22XYVLK1EHZ,14,0,http://www.wikidata.org/entity/Q3750
A22XYVLK1EHZ,15,0,http://www.wikidata.org/entity/Q841222
A22XYVLK1EHZ,16,0,http://www.wikidata.org/entity/Q320792
A22XYVLK1EHZ,17,0,http://www.wikidata.org/entity/Q36160
OEQJAQZ9E3N7,1,0,http://www.wikidata.org/entity/Q1001942
OEQJAQZ9E3N7,1,1,http://www.wikidata.org/entity/Q3181656
OEQJAQZ9E3N7,1,2,http://www.wikidata.org/entity/Q1013664
OEQJAQZ9E3N7,2,0,http://www.wikidata.org/entity/Q161491
OEQJAQZ9E3N7,2,1,http://www.wikidata.org/entity/Q3181656
OEQJAQZ9E3N7,2,2,http://www.wikidata.org/entity/Q427811
OEQJAQZ9E3N7,3,0,http://www.wikidata.org/entity/Q34217
OEQJAQZ9E3N7,3,1,http://www.wikidata.org/entity/Q19538713
OEQJAQZ9E3N7,3,2,http://www.wikidata.org/entity/Q43631
OEQJAQZ9E3N7,4,0,http://www.wikidata.org/entity/Q209128
OEQJAQZ9E3N7,4,1,http://www.wikidata.org/entity/Q19219752
OEQJAQZ9E3N7,4,2,http://www.wikidata.org/entity/Q16556
OEQJAQZ9E3N7,5,0,http://www.wikidata.org/entity/Q654216
OEQJAQZ9E3N7,5,1,http://www.wikidata.org/entity/Q63284758
OEQJAQZ9E3N7,5,2,http://www.wikidata.org/entity/Q185075
GNW1ZX0KE13W,1,0,http://www.wikidata.org/entity/Q7135418
GNW1ZX0KE13W,1,1,http://www.wikidata.org/entity/Q3560553
GNW1ZX0KE13W,2,0,http://www.wikidata.org/entity/Q4692671
GNW1ZX0KE13W,2,1,http://www.wikidata.org/entity/Q7534010
GNW1ZX0KE13W,3,0,http://www.wikidata.org/entity/Q4807149
GNW1ZX0KE13W,4,0,http://www.wikidata.org/entity/Q389897
GNW1ZX0KE13W,4,1,http://www.wikidata.org/entity/Q7607571
GNW1ZX0KE13W,5,0,http://www.wikidata.org/entity/Q6521475
GNW1ZX0KE13W,5,1,http://www.wikidata.org/entity/Q6417285
GNW1ZX0KE13W,6,0,http://www.wikidata.org/entity/Q56435768
GNW1ZX0KE13W,7,0,http://www.wikidata.org/entity/Q56425759
GNW1ZX0KE13W,8,0,http://www.wikidata.org/entity/Q56421410
GNW1ZX0KE13W,9,0,http://www.wikidata.org/entity/Q7578281
GNW1ZX0KE13W,9,1,http://www.wikidata.org/entity/Q4782190
GNW1ZX0KE13W,10,0,http://www.wikidata.org/entity/Q56266900
GNW1ZX0KE13W,11,0,http://www.wikidata.org/entity/Q73787
GNW1ZX0KE13W,11,1,http://www.wikidata.org/entity/Q7254097
GNW1ZX0KE13W,12,0,http://www.wikidata.org/entity/Q56421379
GNW1ZX0KE13W,13,0,http://www.wikidata.org/entity/Q582175
GNW1ZX0KE13W,13,1,http://www.wikidata.org/entity/Q7842235
GNW1ZX0KE13W,14,0,http://www.wikidata.org/entity/Q56421348
GNW1ZX0KE13W,14,1,http://www.wikidata.org/entity/Q56423382
GNW1ZX0KE13W,15,0,http://www.wikidata.org/entity/Q56421366
GNW1ZX0KE13W,16,0,http://www.wikidata.org/entity/Q56266909
GNW1ZX0KE13W,17,0,http://www.wikidata.org/entity/Q4831312
GNW1ZX0KE13W,17,1,http://www.wikidata.org/entity/Q7831404
GNW1ZX0KE13W,18,0,http://www.wikidata.org/entity/Q4831311
GNW1ZX0KE13W,18,1,http://www.wikidata.org/entity/Q3557686
GNW1ZX0KE13W,19,0,http://www.wikidata.org/entity/Q56435772
GNW1ZX0KE13W,20,0,http://www.wikidata.org/entity/Q56421394
GNW1ZX0KE13W,21,0,http://www.wikidata.org/entity/Q56421329
GNW1ZX0KE13W,22,0,http://www.wikidata.org/entity/Q7234615
RK8A6A82A420,1,0,http://www.wikidata.org/entity/Q315827
RK8A6A82A420,2,0,http://www.wikidata.org/entity/Q315790
RK8A6A82A420,3,0,http://www.wikidata.org/entity/Q315771
RK8A6A82A420,4,0,http://www.wikidata.org/entity/Q315733
RK8A6A82A420,5,0,http://www.wikidata.org/entity/Q315719
RK8A6A82A420,6,0,http://www.wikidata.org/entity/Q315687
RK8A6A82A420,7,0,http://www.wikidata.org/entity/Q315669
RK8A6A82A420,8,0,http://www.wikidata.org/entity/Q315655
RK8A6A82A420,9,0,http://www.wikidata.org/entity/Q315636
RK8A6A82A420,10,0,http://www.wikidata.org/entity/Q315570
RK8A6A82A420,11,0,http://www.wikidata.org/entity/Q315497
RK8A6A82A420,12,0,http://www.wikidata.org/entity/Q315468
RK8A6A82A420,13,0,http://www.wikidata.org/entity/Q315450
RK8A6A82A420,14,0,http://www.wikidata.org/entity/Q315334
RK8A6A82A420,15,0,http://www.wikidata.org/entity/Q315144
RK8A6A82A420,16,0,http://www.wikidata.org/entity/Q315098
RK8A6A82A420,17,0,http://www.wikidata.org/entity/Q315081
RK8A6A82A420,18,0,http://www.wikidata.org/entity/Q314999
RK8A6A82A420,19,0,http://www.wikidata.org/entity/Q314980
4QVALT7RC4UY,1,0,http://www.wikidata.org/entity/Q383557
4QVALT7RC4UY,2,0,http://www.wikidata.org/entity/Q298585
4QVALT7RC4UY,3,0,http://www.wikidata.org/entity/Q262291
4QVALT7RC4UY,4,0,http://www.wikidata.org/entity/Q201307
4QVALT7RC4UY,5,0,http://www.wikidata.org/entity/Q190783
4QVALT7RC4UY,6,0,http://www.wikidata.org/entity/Q179693
4QVALT7RC4UY,7,0,http://www.wikidata.org/entity/Q167042
4QVALT7RC4UY,8,0,http://www.wikidata.org/entity/Q153824
4QVALT7RC4UY,9,0,http://www.wikidata.org/entity/Q150933
4QVALT7RC4UY,10,0,http://www.wikidata.org/entity/Q125290
4QVALT7RC4UY,11,0,http://www.wikidata.org/entity/Q31969
4QVALT7RC4UY,12,0,http://www.wikidata.org/entity/Q10285
4QVALT7RC4UY,13,0,http://www.wikidata.org/entity/Q1237181
4QVALT7RC4UY,14,0,http://www.wikidata.org/entity/Q1202579
4QVALT7RC4UY,15,0,http://www.wikidata.org/entity/Q1190837
32ET3UDK7MIR,1,0,http://www.wikidata.org/entity/Q21600737
32ET3UDK7MIR,1,1,http://www.wikidata.org/entity/Q12361460
32ET3UDK7MIR,2,0,http://www.wikidata.org/entity/Q105735161
32ET3UDK7MIR,3,0,http://www.wikidata.org/entity/Q2905644
32ET3UDK7MIR,4,0,http://www.wikidata.org/entity/Q114567803
32ET3UDK7MIR,5,0,http://www.wikidata.org/entity/Q3771177
32ET3UDK7MIR,6,0,http://www.wikidata.org/entity/Q1435950
32ET3UDK7MIR,7,0,http://www.wikidata.org/entity/Q706247
32ET3UDK7MIR,7,1,http://www.wikidata.org/entity/Q6569399
32ET3UDK7MIR,8,0,http://www.wikidata.org/entity/Q5465306
32ET3UDK7MIR,9,0,http://www.wikidata.org/entity/Q123369953
32ET3UDK7MIR,10,0,http://www.wikidata.org/entity/Q18015107
32ET3UDK7MIR,11,0,http://www.wikidata.org/entity/Q11963361
32ET3UDK7MIR,12,0,http://www.wikidata.org/entity/Q3302441
32ET3UDK7MIR,12,1,http://www.wikidata.org/entity/Q909856
32ET3UDK7MIR,13,0,http://www.wikidata.org/entity/Q61214694
32ET3UDK7MIR,13,1,http://www.wikidata.org/entity/Q60847522
32ET3UDK7MIR,14,0,http://www.wikidata.org/entity/Q5445707
32ET3UDK7MIR,15,0,http://www.wikidata.org/entity/Q5445709
32ET3UDK7MIR,16,0,http://www.wikidata.org/entity/Q13136961
32ET3UDK7MIR,17,0,http://www.wikidata.org/entity/Q5889497
32ET3UDK7MIR,18,0,http://www.wikidata.org/entity/Q8033995
32ET3UDK7MIR,19,0,http://www.wikidata.org/entity/Q8033996
32ET3UDK7MIR,19,1,http://www.wikidata.org/entity/Q607272
32ET3UDK7MIR,20,0,http://www.wikidata.org/entity/Q12165977
32ET3UDK7MIR,21,0,http://www.wikidata.org/entity/Q7735265
32ET3UDK7MIR,22,0,http://www.wikidata.org/entity/Q153417
32ET3UDK7MIR,23,0,http://www.wikidata.org/entity/Q701755
32ET3UDK7MIR,23,1,http://www.wikidata.org/entity/Q1283187
32ET3UDK7MIR,24,0,http://www.wikidata.org/entity/Q6666533
32ET3UDK7MIR,25,0,http://www.wikidata.org/entity/Q113009729
TASW52GCO8L9,1,0,http://www.wikidata.org/entity/Q552652
TASW52GCO8L9,1,1,http://www.wikidata.org/entity/Q1748
TASW52GCO8L9,2,0,http://www.wikidata.org/entity/Q2607804
TASW52GCO8L9,2,1,http://www.wikidata.org/entity/Q183910
TASW52GCO8L9,3,0,http://www.wikidata.org/entity/Q116586275
TASW52GCO8L9,3,2,http://www.wikidata.org/entity/Q122766671
TASW52GCO8L9,4,0,http://www.wikidata.org/entity/Q682047
TASW52GCO8L9,4,1,http://www.wikidata.org/entity/Q36091
TASW52GCO8L9,4,2,http://www.wikidata.org/entity/Q4968898
TASW52GCO8L9,5,0,http://www.wikidata.org/entity/Q153417
TASW52GCO8L9,5,2,http://www.wikidata.org/entity/Q114757332
TASW52GCO8L9,6,0,http://www.wikidata.org/entity/Q111520108
TASW52GCO8L9,6,1,http://www.wikidata.org/entity/Q14317
TASW52GCO8L9,7,0,http://www.wikidata.org/entity/Q111519246
TASW52GCO8L9,7,1,http://www.wikidata.org/entity/Q1750923
TASW52GCO8L9,8,0,http://www.wikidata.org/entity/Q4835620
TASW52GCO8L9,8,2,http://www.wikidata.org/entity/Q1264366
TASW52GCO8L9,9,0,http://www.wikidata.org/entity/Q925132
TASW52GCO8L9,9,2,http://www.wikidata.org/entity/Q58904673
TASW52GCO8L9,10,0,http://www.wikidata.org/entity/Q7265425
TASW52GCO8L9,10,1,http://www.wikidata.org/entity/Q5083
TASW52GCO8L9,11,0,http://www.wikidata.org/entity/Q3977979
TASW52GCO8L9,11,1,http://www.wikidata.org/entity/Q1891
TASW52GCO8L9,12,0,http://www.wikidata.org/entity/Q2363991
TASW52GCO8L9,12,1,http://www.wikidata.org/entity/Q9005
TASW52GCO8L9,13,0,http://www.wikidata.org/entity/Q297410
TASW52GCO8L9,13,1,http://www.wikidata.org/entity/Q39121
TASW52GCO8L9,13,2,http://www.wikidata.org/entity/Q114826023
TASW52GCO8L9,14,0,http://www.wikidata.org/entity/Q3638281
TASW52GCO8L9,14,1,http://www.wikidata.org/entity/Q1308
TASW52GCO8L9,15,0,http://www.wikidata.org/entity/Q90673926
TASW52GCO8L9,15,2,http://www.wikidata.org/entity/Q96326872
TASW52GCO8L9,16,0,http://www.wikidata.org/entity/Q1653985
TASW52GCO8L9,16,1,http://www.wikidata.org/entity/Q211260
W0M93K7L4RX2,1,0,http://www.wikidata.org/entity/Q105628552
W0M93K7L4RX2,2,0,http://www.wikidata.org/entity/Q151954
K7ZSKKGNF73B,1,0,http://www.wikidata.org/entity/Q14302
K7ZSKKGNF73B,2,0,http://www.wikidata.org/entity/Q1933813
K7ZSKKGNF73B,3,0,http://www.wikidata.org/entity/Q48816856
K7ZSKKGNF73B,4,0,http://www.wikidata.org/entity/Q828379
K7ZSKKGNF73B,5,0,http://www.wikidata.org/entity/Q17581
K7ZSKKGNF73B,6,0,http://www.wikidata.org/entity/Q1031116
K7ZSKKGNF73B,7,0,http://www.wikidata.org/entity/Q1050707
K7ZSKKGNF73B,8,0,http://www.wikidata.org/entity/Q15498
K7ZSKKGNF73B,9,0,http://www.wikidata.org/entity/Q2233103
K7ZSKKGNF73B,10,0,http://www.wikidata.org/entity/Q151121
V16C76TBB0BO,1,0,http://www.wikidata.org/entity/Q28220636
V16C76TBB0BO,1,1,http://www.wikidata.org/entity/Q24333627
V16C76TBB0BO,2,0,http://www.wikidata.org/entity/Q15728575
V16C76TBB0BO,2,1,http://www.wikidata.org/entity/Q1781
JWU7ECYAY6R8,1,0,http://www.wikidata.org/entity/Q2593047
JWU7ECYAY6R8,1,1,http://www.wikidata.org/entity/Q213
JWU7ECYAY6R8,2,0,http://www.wikidata.org/entity/Q587921
JWU7ECYAY6R8,2,1,http://www.wikidata.org/entity/Q30
JWU7ECYAY6R8,3,0,http://www.wikidata.org/entity/Q1253366
JWU7ECYAY6R8,3,1,http://www.wikidata.org/entity/Q30
JWU7ECYAY6R8,4,0,http://www.wikidata.org/entity/Q570271
JWU7ECYAY6R8,4,1,http://www.wikidata.org/entity/Q664
JWU7ECYAY6R8,5,0,http://www.wikidata.org/entity/Q1196110
JWU7ECYAY6R8,5,1,http://www.wikidata.org/entity/Q30
JWU7ECYAY6R8,6,0,http://www.wikidata.org/entity/Q1345920
JWU7ECYAY6R8,6,1,http://www.wikidata.org/entity/Q30
JWU7ECYAY6R8,7,0,http://www.wikidata.org/entity/Q126800
JWU7ECYAY6R8,7,1,http://www.wikidata.org/entity/Q408
JWU7ECYAY6R8,8,0,http://www.wikidata.org/entity/Q105482844
JWU7ECYAY6R8,8,1,http://www.wikidata.org/entity/Q30
JWU7ECYAY6R8,9,0,http://www.wikidata.org/entity/Q7734606
JWU7ECYAY6R8,9,1,http://www.wikidata.org/entity/Q145
JWU7ECYAY6R8,10,0,http://www.wikidata.org/entity/Q966690
JWU7ECYAY6R8,10,1,http://www.wikidata.org/entity/Q30
JWU7ECYAY6R8,11,0,http://www.wikidata.org/entity/Q7111767
JWU7ECYAY6R8,11,1,http://www.wikidata.org/entity/Q30
JWU7ECYAY6R8,12,0,http://www.wikidata.org/entity/Q36530326
JWU7ECYAY6R8,12,1,http://www.wikidata.org/entity/Q33946
ZCLCJ7QXUTAE,1,0,http://www.wikidata.org/entity/Q207659
ZCLCJ7QXUTAE,1,1,http://www.wikidata.org/entity/Q41421
ZCLCJ7QXUTAE,1,2,http://www.wikidata.org/entity/Q13600413
ZCLCJ7QXUTAE,2,0,http://www.wikidata.org/entity/Q1592638
ZCLCJ7QXUTAE,2,1,http://www.wikidata.org/entity/Q46952
ZCLCJ7QXUTAE,2,2,http://www.wikidata.org/entity/Q315441
ZCLCJ7QXUTAE,3,0,http://www.wikidata.org/entity/Q842306
ZCLCJ7QXUTAE,3,1,http://www.wikidata.org/entity/Q49389
ZCLCJ7QXUTAE,3,2,http://www.wikidata.org/entity/Q3157236
ZCLCJ7QXUTAE,4,0,http://www.wikidata.org/entity/Q655133
ZCLCJ7QXUTAE,4,1,http://www.wikidata.org/entity/Q12281707
ZCLCJ7QXUTAE,4,2,http://www.wikidata.org/entity/Q1174863
ZCLCJ7QXUTAE,5,0,http://www.wikidata.org/entity/Q22131901
ZCLCJ7QXUTAE,5,1,http://www.wikidata.org/entity/Q170484
ZCLCJ7QXUTAE,5,2,http://www.wikidata.org/entity/Q105971456
ZCLCJ7QXUTAE,6,0,http://www.wikidata.org/entity/Q126800
ZCLCJ7QXUTAE,6,1,http://www.wikidata.org/entity/Q31862308
ZCLCJ7QXUTAE,6,2,http://www.wikidata.org/entity/Q446960
ZCLCJ7QXUTAE,7,0,http://www.wikidata.org/entity/Q47492499
ZCLCJ7QXUTAE,7,2,http://www.wikidata.org/entity/Q428815
ZCLCJ7QXUTAE,8,0,http://www.wikidata.org/entity/Q3793390
ZCLCJ7QXUTAE,8,2,http://www.wikidata.org/entity/Q3388782
B0BXQF77ZQUO,1,0,http://www.wikidata.org/entity/Q378311
B0BXQF77ZQUO,2,0,http://www.wikidata.org/entity/Q106976840
B0BXQF77ZQUO,3,0,http://www.wikidata.org/entity/Q85413104
B0BXQF77ZQUO,4,0,http://www.wikidata.org/entity/Q379873
B0BXQF77ZQUO,5,0,http://www.wikidata.org/entity/Q454398
B0BXQF77ZQUO,6,0,http://www.wikidata.org/entity/Q387348
B0BXQF77ZQUO,7,0,http://www.wikidata.org/entity/Q12047658
B0BXQF77ZQUO,8,0,http://www.wikidata.org/entity/Q65007302
B0BXQF77ZQUO,9,0,http://www.wikidata.org/entity/Q834165
B0BXQF77ZQUO,10,0,http://www.wikidata.org/entity/Q389466
B0BXQF77ZQUO,11,0,http://www.wikidata.org/entity/Q1660156
B0BXQF77ZQUO,12,0,http://www.wikidata.org/entity/Q64504337
B0BXQF77ZQUO,13,0,http://www.wikidata.org/entity/Q15865201
WZLA2FN2YPNT,1,0,http://www.wikidata.org/entity/Q9020563
WZLA2FN2YPNT,1,2,http://www.wikidata.org/entity/Q2000602
WZLA2FN2YPNT,2,0,http://www.wikidata.org/entity/Q9087587
WZLA2FN2YPNT,2,2,http://www.wikidata.org/entity/Q946344
VLTJBLQ6EX63,1,0,http://www.wikidata.org/entity/Q159384
VLTJBLQ6EX63,1,1,http://www.wikidata.org/entity/Q1768240
VLTJBLQ6EX63,2,0,http://www.wikidata.org/entity/Q14166228
VLTJBLQ6EX63,2,2,http://www.wikidata.org/entity/Q437329
T65R5HFRQMXZ,1,0,http://www.wikidata.org/entity/Q49449684
T65R5HFRQMXZ,2,0,http://www.wikidata.org/entity/Q49442466
T65R5HFRQMXZ,3,0,http://www.wikidata.org/entity/Q49455864
T65R5HFRQMXZ,4,0,http://www.wikidata.org/entity/Q49377233
T65R5HFRQMXZ,5,0,http://www.wikidata.org/entity/Q49439944
T65R5HFRQMXZ,6,0,http://www.wikidata.org/entity/Q49438776
VYSZX0TI794M,1,0,http://www.wikidata.org/entity/Q62221714
VYSZX0TI794M,1,1,http://www.wikidata.org/entity/Q70949
VYSZX0TI794M,2,0,http://www.wikidata.org/entity/Q61993415
VYSZX0TI794M,2,1,http://www.wikidata.org/entity/Q57876
VYSZX0TI794M,3,0,http://www.wikidata.org/entity/Q62530415
VYSZX0TI794M,3,1,http://www.wikidata.org/entity/Q10766
VYSZX0TI794M,4,0,http://www.wikidata.org/entity/Q61949662
VYSZX0TI794M,4,1,http://www.wikidata.org/entity/Q14835
VYSZX0TI794M,5,0,http://www.wikidata.org/entity/Q63447906
VYSZX0TI794M,5,1,http://www.wikidata.org/entity/Q71145
VYSZX0TI794M,6,0,http://www.wikidata.org/entity/Q49440253
VYSZX0TI794M,6,1,http://www.wikidata.org/entity/Q3952
VYSZX0TI794M,7,0,http://www.wikidata.org/entity/Q64769045
VYSZX0TI794M,7,1,http://www.wikidata.org/entity/Q8792
9JZEO0CBWJ3P,1,0,http://www.wikidata.org/entity/Q20100193
9JZEO0CBWJ3P,2,0,http://www.wikidata.org/entity/Q20100220
9JZEO0CBWJ3P,3,0,http://www.wikidata.org/entity/Q11954974
9JZEO0CBWJ3P,4,0,http://www.wikidata.org/entity/Q47008039
9JZEO0CBWJ3P,4,1,http://www.wikidata.org/entity/Q42317185
9JZEO0CBWJ3P,5,0,http://www.wikidata.org/entity/Q11954973
9JZEO0CBWJ3P,6,0,http://www.wikidata.org/entity/Q20100211
9JZEO0CBWJ3P,6,1,http://www.wikidata.org/entity/Q27792248
9JZEO0CBWJ3P,7,0,http://www.wikidata.org/entity/Q20100183
9JZEO0CBWJ3P,8,0,http://www.wikidata.org/entity/Q11954959
FUI2DXLBTP6L,1,0,http://www.wikidata.org/entity/Q182112
FUI2DXLBTP6L,1,1,http://www.wikidata.org/entity/Q509826
FUI2DXLBTP6L,1,3,http://www.wikidata.org/entity/Q1370
FUI2DXLBTP6L,2,0,http://www.wikidata.org/entity/Q340608
FUI2DXLBTP6L,2,1,http://www.wikidata.org/entity/Q502419
FUI2DXLBTP6L,2,3,http://www.wikidata.org/entity/Q1370
FUI2DXLBTP6L,3,0,http://www.wikidata.org/entity/Q495142
FUI2DXLBTP6L,3,1,http://www.wikidata.org/entity/Q115349
FUI2DXLBTP6L,3,3,http://www.wikidata.org/entity/Q1370
FUI2DXLBTP6L,4,0,http://www.wikidata.org/entity/Q502031
FUI2DXLBTP6L,4,1,http://www.wikidata.org/entity/Q500702
FUI2DXLBTP6L,4,3,http://www.wikidata.org/entity/Q1370
FUI2DXLBTP6L,5,0,http://www.wikidata.org/entity/Q513891
FUI2DXLBTP6L,5,1,http://www.wikidata.org/entity/Q217963
FUI2DXLBTP6L,5,3,http://www.wikidata.org/entity/Q1370
FUI2DXLBTP6L,6,0,http://www.wikidata.org/entity/Q510920
FUI2DXLBTP6L,6,3,http://www.wikidata.org/entity/Q1370
FUI2DXLBTP6L,7,0,http://www.wikidata.org/entity/Q515150
FUI2DXLBTP6L,7,1,http://www.wikidata.org/entity/Q594313
FUI2DXLBTP6L,7,3,http://www.wikidata.org/entity/Q1370
FUI2DXLBTP6L,8,0,http://www.wikidata.org/entity/Q513982
FUI2DXLBTP6L,8,1,http://www.wikidata.org/entity/Q111316
FUI2DXLBTP6L,8,3,http://www.wikidata.org/entity/Q1370
FUI2DXLBTP6L,9,0,http://www.wikidata.org/entity/Q505854
FUI2DXLBTP6L,9,1,http://www.wikidata.org/entity/Q11997784
FUI2DXLBTP6L,9,3,http://www.wikidata.org/entity/Q1370
FUI2DXLBTP6L,10,0,http://www.wikidata.org/entity/Q505834
FUI2DXLBTP6L,10,1,http://www.wikidata.org/entity/Q226445
FUI2DXLBTP6L,10,3,http://www.wikidata.org/entity/Q1370
BOYVW51IMG3O,1,0,http://www.wikidata.org/entity/Q29415155
BOYVW51IMG3O,1,1,http://www.wikidata.org/entity/Q3941884
BOYVW51IMG3O,2,0,http://www.wikidata.org/entity/Q3941898
BOYVW51IMG3O,2,1,http://www.wikidata.org/entity/Q2087352
ZSIH5ICLU8UM,1,0,http://www.wikidata.org/entity/Q19876622
ZSIH5ICLU8UM,1,1,http://www.wikidata.org/entity/Q1400291
ZSIH5ICLU8UM,2,0,http://www.wikidata.org/entity/Q6002
ZSIH5ICLU8UM,2,1,http://www.wikidata.org/entity/Q65814399
ZSIH5ICLU8UM,3,0,http://www.wikidata.org/entity/Q937951
ZSIH5ICLU8UM,3,1,http://www.wikidata.org/entity/Q17264515
ZSIH5ICLU8UM,4,0,http://www.wikidata.org/entity/Q855988
ZSIH5ICLU8UM,4,1,http://www.wikidata.org/entity/Q1210183
ZSIH5ICLU8UM,5,0,http://www.wikidata.org/entity/Q866208
ZSIH5ICLU8UM,5,1,http://www.wikidata.org/entity/Q1145557
ZSIH5ICLU8UM,6,0,http://www.wikidata.org/entity/Q120797090
ZSIH5ICLU8UM,6,1,http://www.wikidata.org/entity/Q2038022
ZSIH5ICLU8UM,7,0,http://www.wikidata.org/entity/Q16966388
ZSIH5ICLU8UM,7,1,http://www.wikidata.org/entity/Q1147792
ZSIH5ICLU8UM,8,0,http://www.wikidata.org/entity/Q20022199
ZSIH5ICLU8UM,9,0,http://www.wikidata.org/entity/Q23021345
ZSIH5ICLU8UM,9,1,http://www.wikidata.org/entity/Q1479321
ZSIH5ICLU8UM,10,0,http://www.wikidata.org/entity/Q56377600
ZSIH5ICLU8UM,10,1,http://www.wikidata.org/entity/Q1124869
8JJ33P0T0FPR,1,0,http://www.wikidata.org/entity/Q116310062
8JJ33P0T0FPR,1,1,http://www.wikidata.org/entity/Q67429136
8JJ33P0T0FPR,2,0,http://www.wikidata.org/entity/Q111820243
8JJ33P0T0FPR,3,0,http://www.wikidata.org/entity/Q10367227
8JJ33P0T0FPR,4,0,http://www.wikidata.org/entity/Q7354207
8JJ33P0T0FPR,5,0,http://www.wikidata.org/entity/Q116310077
8JJ33P0T0FPR,5,1,http://www.wikidata.org/entity/Q67429136
8JJ33P0T0FPR,6,0,http://www.wikidata.org/entity/Q65033152
8JJ33P0T0FPR,6,1,http://www.wikidata.org/entity/Q56677470
HXFMDSFH9X9X,1,0,http://www.wikidata.org/entity/Q65033145
HXFMDSFH9X9X,1,1,http://www.wikidata.org/entity/Q59617002
HXFMDSFH9X9X,2,0,http://www.wikidata.org/entity/Q65033146
HXFMDSFH9X9X,2,1,http://www.wikidata.org/entity/Q59617002
HXFMDSFH9X9X,3,0,http://www.wikidata.org/entity/Q65033147
HXFMDSFH9X9X,3,1,http://www.wikidata.org/entity/Q59617002
HXFMDSFH9X9X,4,0,http://www.wikidata.org/entity/Q4002550
HXFMDSFH9X9X,5,0,http://www.wikidata.org/entity/Q2004372
HXFMDSFH9X9X,6,0,http://www.wikidata.org/entity/Q6441326
HXFMDSFH9X9X,7,0,http://www.wikidata.org/entity/Q65033150
HXFMDSFH9X9X,7,1,http://www.wikidata.org/entity/Q56677470
HXFMDSFH9X9X,8,0,http://www.wikidata.org/entity/Q65033151
HXFMDSFH9X9X,8,1,http://www.wikidata.org/entity/Q56677470
HXFMDSFH9X9X,9,0,http://www.wikidata.org/entity/Q65033093
HXFMDSFH9X9X,9,1,http://www.wikidata.org/entity/Q56677470
HXFMDSFH9X9X,10,0,http://www.wikidata.org/entity/Q65033398
HXFMDSFH9X9X,10,1,http://www.wikidata.org/entity/Q56677493
HXFMDSFH9X9X,11,0,http://www.wikidata.org/entity/Q65033073
HXFMDSFH9X9X,11,1,http://www.wikidata.org/entity/Q56677470
2QWN92HYW3KV,1,0,http://www.wikidata.org/entity/Q294520
2QWN92HYW3KV,2,0,http://www.wikidata.org/entity/Q1336409
2QWN92HYW3KV,3,0,http://www.wikidata.org/entity/Q832664
2QWN92HYW3KV,4,0,http://www.wikidata.org/entity/Q1548870
2QWN92HYW3KV,5,0,http://www.wikidata.org/entity/Q576808
2QWN92HYW3KV,6,0,http://www.wikidata.org/entity/Q448391
2QWN92HYW3KV,7,0,http://www.wikidata.org/entity/Q1325334
2QWN92HYW3KV,8,0,http://www.wikidata.org/entity/Q254879
2QWN92HYW3KV,9,0,http://www.wikidata.org/entity/Q527187
2QWN92HYW3KV,10,0,http://www.wikidata.org/entity/Q373032
2QWN92HYW3KV,11,0,http://www.wikidata.org/entity/Q3279032
2QWN92HYW3KV,12,0,http://www.wikidata.org/entity/Q391537
2QWN92HYW3KV,13,0,http://www.wikidata.org/entity/Q981249
2QWN92HYW3KV,14,0,http://www.wikidata.org/entity/Q175005
2QWN92HYW3KV,15,0,http://www.wikidata.org/entity/Q821969
2QWN92HYW3KV,16,0,http://www.wikidata.org/entity/Q446557
2QWN92HYW3KV,17,0,http://www.wikidata.org/entity/Q271805
2QWN92HYW3KV,18,0,http://www.wikidata.org/entity/Q7562252
DXOM7BNJ1YCG,1,0,http://www.wikidata.org/entity/Q1310548
DXOM7BNJ1YCG,1,1,http://www.wikidata.org/entity/Q123625363
DXOM7BNJ1YCG,2,0,http://www.wikidata.org/entity/Q24993998
DXOM7BNJ1YCG,2,1,http://www.wikidata.org/entity/Q99413897
DXOM7BNJ1YCG,3,0,http://www.wikidata.org/entity/Q1938393
DXOM7BNJ1YCG,3,1,http://www.wikidata.org/entity/Q124737630
DXOM7BNJ1YCG,4,0,http://www.wikidata.org/entity/Q2243734
DXOM7BNJ1YCG,4,2,http://www.wikidata.org/entity/Q99349995
DXOM7BNJ1YCG,5,0,http://www.wikidata.org/entity/Q108922560
DXOM7BNJ1YCG,5,2,http://www.wikidata.org/entity/Q99349561
DXOM7BNJ1YCG,6,0,http://www.wikidata.org/entity/Q620456
DXOM7BNJ1YCG,6,1,http://www.wikidata.org/entity/Q19538713
DXOM7BNJ1YCG,7,0,http://www.wikidata.org/entity/Q87668730
DXOM7BNJ1YCG,7,2,http://www.wikidata.org/entity/Q17153751
DXOM7BNJ1YCG,8,0,http://www.wikidata.org/entity/Q108880968
DXOM7BNJ1YCG,8,2,http://www.wikidata.org/entity/Q98893859
DXOM7BNJ1YCG,9,0,http://www.wikidata.org/entity/Q12056889
DXOM7BNJ1YCG,9,1,http://www.wikidata.org/entity/Q99413897
7VWC0X5J49TR,1,0,http://www.wikidata.org/entity/Q873136
7VWC0X5J49TR,2,0,http://www.wikidata.org/entity/Q1486149
7VWC0X5J49TR,3,0,http://www.wikidata.org/entity/Q109042571
7VWC0X5J49TR,3,1,http://www.wikidata.org/entity/Q2975487
7VWC0X5J49TR,4,0,http://www.wikidata.org/entity/Q365515
7VWC0X5J49TR,5,0,http://www.wikidata.org/entity/Q316545
7VWC0X5J49TR,6,0,http://www.wikidata.org/entity/Q2156823
7VWC0X5J49TR,7,0,http://www.wikidata.org/entity/Q2202921
7VWC0X5J49TR,8,0,http://www.wikidata.org/entity/Q837983
7VWC0X5J49TR,9,0,http://www.wikidata.org/entity/Q1303768
7VWC0X5J49TR,10,0,http://www.wikidata.org/entity/Q4863407
7VWC0X5J49TR,10,1,http://www.wikidata.org/entity/Q41871
7VWC0X5J49TR,11,0,http://www.wikidata.org/entity/Q1820380
7VWC0X5J49TR,11,1,http://www.wikidata.org/entity/Q216896
7VWC0X5J49TR,12,0,http://www.wikidata.org/entity/Q419713
7VWC0X5J49TR,13,0,http://www.wikidata.org/entity/Q155707
7VWC0X5J49TR,14,0,http://www.wikidata.org/entity/Q923103
7VWC0X5J49TR,14,1,http://www.wikidata.org/entity/Q1684745
7VWC0X5J49TR,15,0,http://www.wikidata.org/entity/Q323481
7VWC0X5J49TR,16,0,http://www.wikidata.org/entity/Q1558982
7VWC0X5J49TR,17,0,http://www.wikidata.org/entity/Q427218
7VWC0X5J49TR,17,1,http://www.wikidata.org/entity/Q1161288
7VWC0X5J49TR,18,0,http://www.wikidata.org/entity/Q368215
7VWC0X5J49TR,19,0,http://www.wikidata.org/entity/Q1311236
7VWC0X5J49TR,20,0,http://www.wikidata.org/entity/Q364949
7VWC0X5J49TR,21,0,http://www.wikidata.org/entity/Q2148200
7VWC0X5J49TR,22,0,http://www.wikidata.org/entity/Q868017
7VWC0X5J49TR,23,0,http://www.wikidata.org/entity/Q47750
7VWC0X5J49TR,23,1,http://www.wikidata.org/entity/Q47832
7VWC0X5J49TR,24,0,http://www.wikidata.org/entity/Q1376244
1XGV6TFM8YF8,1,0,http://www.wikidata.org/entity/Q5257545
1XGV6TFM8YF8,2,0,http://www.wikidata.org/entity/Q25378986
87FRFKGQARO6,1,0,http://www.wikidata.org/entity/Q10670493
87FRFKGQARO6,1,1,http://www.wikidata.org/entity/Q25287
87FRFKGQARO6,2,0,http://www.wikidata.org/entity/Q58623059
87FRFKGQARO6,2,1,http://www.wikidata.org/entity/Q174262
87FRFKGQARO6,3,0,http://www.wikidata.org/entity/Q10689315
87FRFKGQARO6,3,1,http://www.wikidata.org/entity/Q2215075
87FRFKGQARO6,4,0,http://www.wikidata.org/entity/Q5257545
87FRFKGQARO6,4,1,http://www.wikidata.org/entity/Q37836
AZJMJYXIK8TR,1,0,http://www.wikidata.org/entity/Q80294158
AZJMJYXIK8TR,1,1,http://www.wikidata.org/entity/Q4991371
AZJMJYXIK8TR,2,0,http://www.wikidata.org/entity/Q83612202
AZJMJYXIK8TR,2,1,http://www.wikidata.org/entity/Q2596569
AZJMJYXIK8TR,3,0,http://www.wikidata.org/entity/Q80912852
AZJMJYXIK8TR,3,1,http://www.wikidata.org/entity/Q1251441
AZJMJYXIK8TR,4,0,http://www.wikidata.org/entity/Q99979937
AZJMJYXIK8TR,4,1,http://www.wikidata.org/entity/Q898031
AZJMJYXIK8TR,5,0,http://www.wikidata.org/entity/Q88779916
AZJMJYXIK8TR,5,1,http://www.wikidata.org/entity/Q621613
AZJMJYXIK8TR,6,0,http://www.wikidata.org/entity/Q106530217
AZJMJYXIK8TR,6,1,http://www.wikidata.org/entity/Q220098
AZJMJYXIK8TR,7,0,http://www.wikidata.org/entity/Q83986530
AZJMJYXIK8TR,7,1,http://www.wikidata.org/entity/Q220098
AZJMJYXIK8TR,8,0,http://www.wikidata.org/entity/Q79450233
AZJMJYXIK8TR,8,1,http://www.wikidata.org/entity/Q220098
PDYYZVA55KUN,1,0,http://www.wikidata.org/entity/Q121502268
PDYYZVA55KUN,2,0,http://www.wikidata.org/entity/Q121502239
NHDQBYICSCZU,1,0,http://www.wikidata.org/entity/Q37813951
NHDQBYICSCZU,2,0,http://www.wikidata.org/entity/Q29654694
NHDQBYICSCZU,3,0,http://www.wikidata.org/entity/Q29649973
5JVZHWAX5TJL,1,0,http://www.wikidata.org/entity/Q50813987
5JVZHWAX5TJL,1,1,http://www.wikidata.org/entity/Q636400
5JVZHWAX5TJL,2,0,http://www.wikidata.org/entity/Q50813990
5JVZHWAX5TJL,2,1,http://www.wikidata.org/entity/Q636400
5JVZHWAX5TJL,3,0,http://www.wikidata.org/entity/Q50813994
5JVZHWAX5TJL,3,1,http://www.wikidata.org/entity/Q636400
5JVZHWAX5TJL,4,0,http://www.wikidata.org/entity/Q50814000
5JVZHWAX5TJL,4,1,http://www.wikidata.org/entity/Q636400
5JVZHWAX5TJL,5,0,http://www.wikidata.org/entity/Q602530
5JVZHWAX5TJL,5,1,http://www.wikidata.org/entity/Q1948674
5JVZHWAX5TJL,6,0,http://www.wikidata.org/entity/Q121539405
5JVZHWAX5TJL,6,1,http://www.wikidata.org/entity/Q163804
XB7QLR7YPEPJ,1,0,http://www.wikidata.org/entity/Q11801531
XB7QLR7YPEPJ,1,1,http://www.wikidata.org/entity/Q700959
XB7QLR7YPEPJ,1,2,http://www.wikidata.org/entity/Q488841
XB7QLR7YPEPJ,2,0,http://www.wikidata.org/entity/Q27955581
XB7QLR7YPEPJ,2,1,http://www.wikidata.org/entity/Q942713
XB7QLR7YPEPJ,2,2,http://www.wikidata.org/entity/Q51636
XB7QLR7YPEPJ,3,0,http://www.wikidata.org/entity/Q3999104
XB7QLR7YPEPJ,3,2,http://www.wikidata.org/entity/Q8441
XB7QLR7YPEPJ,4,0,http://www.wikidata.org/entity/Q116273450
XB7QLR7YPEPJ,4,2,http://www.wikidata.org/entity/Q9309699
XB7QLR7YPEPJ,5,0,http://www.wikidata.org/entity/Q50628252
XB7QLR7YPEPJ,5,1,http://www.wikidata.org/entity/Q795228
XB7QLR7YPEPJ,6,0,http://www.wikidata.org/entity/Q47132162
XB7QLR7YPEPJ,6,1,http://www.wikidata.org/entity/Q1535963
XB7QLR7YPEPJ,7,0,http://www.wikidata.org/entity/Q19888894
XB7QLR7YPEPJ,7,1,http://www.wikidata.org/entity/Q188740
1A15H5OHWAZ3,1,0,http://www.wikidata.org/entity/Q11907861
1A15H5OHWAZ3,1,1,http://www.wikidata.org/entity/Q11920047
1A15H5OHWAZ3,1,2,http://www.wikidata.org/entity/Q20970431
1A15H5OHWAZ3,2,0,http://www.wikidata.org/entity/Q11907852
1A15H5OHWAZ3,2,1,http://www.wikidata.org/entity/Q11920019
1A15H5OHWAZ3,2,2,http://www.wikidata.org/entity/Q20970431
3GRB8647R57W,1,0,http://www.wikidata.org/entity/Q52517
3GRB8647R57W,2,0,http://www.wikidata.org/entity/Q4966446
3GRB8647R57W,3,0,http://www.wikidata.org/entity/Q3397409
3GRB8647R57W,4,0,http://www.wikidata.org/entity/Q17567354
3GRB8647R57W,5,0,http://www.wikidata.org/entity/Q870476
3GRB8647R57W,6,0,http://www.wikidata.org/entity/Q107336343
3GRB8647R57W,7,0,http://www.wikidata.org/entity/Q107778411
3GRB8647R57W,8,0,http://www.wikidata.org/entity/Q21549091
3GRB8647R57W,9,0,http://www.wikidata.org/entity/Q1130043
3GRB8647R57W,10,0,http://www.wikidata.org/entity/Q3539290
3GRB8647R57W,11,0,http://www.wikidata.org/entity/Q40307714
6NO42HAY3RKR,1,0,http://www.wikidata.org/entity/Q81143798
6NO42HAY3RKR,2,0,http://www.wikidata.org/entity/Q1152871
4QNDPEJKY34M,1,0,http://www.wikidata.org/entity/Q16179458
4QNDPEJKY34M,1,1,http://www.wikidata.org/entity/Q131814
4QNDPEJKY34M,2,0,http://www.wikidata.org/entity/Q10295037
4QNDPEJKY34M,2,1,http://www.wikidata.org/entity/Q172763
4QNDPEJKY34M,3,0,http://www.wikidata.org/entity/Q18236376
4QNDPEJKY34M,4,0,http://www.wikidata.org/entity/Q25410344
4QNDPEJKY34M,4,1,http://www.wikidata.org/entity/Q212089
4QNDPEJKY34M,5,0,http://www.wikidata.org/entity/Q3618112
4QNDPEJKY34M,5,1,http://www.wikidata.org/entity/Q322265
4QNDPEJKY34M,6,0,http://www.wikidata.org/entity/Q3739167
4QNDPEJKY34M,6,1,http://www.wikidata.org/entity/Q322265
4QNDPEJKY34M,7,0,http://www.wikidata.org/entity/Q10288147
4QNDPEJKY34M,7,1,http://www.wikidata.org/entity/Q484427
4QNDPEJKY34M,8,0,http://www.wikidata.org/entity/Q3835573
4QNDPEJKY34M,8,1,http://www.wikidata.org/entity/Q192353
4QNDPEJKY34M,9,0,http://www.wikidata.org/entity/Q28452581
4QNDPEJKY34M,9,1,http://www.wikidata.org/entity/Q83468
4QNDPEJKY34M,10,0,http://www.wikidata.org/entity/Q4039537
4QNDPEJKY34M,10,1,http://www.wikidata.org/entity/Q1051182
4QNDPEJKY34M,11,0,http://www.wikidata.org/entity/Q4003177
4QNDPEJKY34M,11,1,http://www.wikidata.org/entity/Q3108914
4QNDPEJKY34M,12,0,http://www.wikidata.org/entity/Q3835235
4QNDPEJKY34M,12,1,http://www.wikidata.org/entity/Q10708
4QNDPEJKY34M,13,0,http://www.wikidata.org/entity/Q11876111
4QNDPEJKY34M,13,1,http://www.wikidata.org/entity/Q15920
4QNDPEJKY34M,14,0,http://www.wikidata.org/entity/Q4024270
4QNDPEJKY34M,14,1,http://www.wikidata.org/entity/Q978509
4QNDPEJKY34M,15,0,http://www.wikidata.org/entity/Q25393834
4QNDPEJKY34M,15,1,http://www.wikidata.org/entity/Q157256
4QNDPEJKY34M,16,0,http://www.wikidata.org/entity/Q3706237
4QNDPEJKY34M,16,1,http://www.wikidata.org/entity/Q80304
4QNDPEJKY34M,17,0,http://www.wikidata.org/entity/Q166084
4QNDPEJKY34M,17,1,http://www.wikidata.org/entity/Q47670
4QNDPEJKY34M,18,0,http://www.wikidata.org/entity/Q5601177
4QNDPEJKY34M,18,1,http://www.wikidata.org/entity/Q3100202
4QNDPEJKY34M,19,0,http://www.wikidata.org/entity/Q10291470
4QNDPEJKY34M,19,1,http://www.wikidata.org/entity/Q484427
4QNDPEJKY34M,20,0,http://www.wikidata.org/entity/Q9276143
4QNDPEJKY34M,20,1,http://www.wikidata.org/entity/Q41076
4QNDPEJKY34M,21,0,http://www.wikidata.org/entity/Q3116006
4QNDPEJKY34M,21,1,http://www.wikidata.org/entity/Q484427
4QNDPEJKY34M,22,0,http://www.wikidata.org/entity/Q3706802
4QNDPEJKY34M,22,1,http://www.wikidata.org/entity/Q119422
4QNDPEJKY34M,23,0,http://www.wikidata.org/entity/Q10846953
4QNDPEJKY34M,23,1,http://www.wikidata.org/entity/Q947939
4QNDPEJKY34M,24,0,http://www.wikidata.org/entity/Q594638
4QNDPEJKY34M,24,1,http://www.wikidata.org/entity/Q42482
4QNDPEJKY34M,25,0,http://www.wikidata.org/entity/Q6063470
4QNDPEJKY34M,25,1,http://www.wikidata.org/entity/Q918422
PYKTSJFWZCIC,1,0,http://www.wikidata.org/entity/Q58218722
PYKTSJFWZCIC,2,0,http://www.wikidata.org/entity/Q11102554
WRGY7MR7KQLS,1,0,http://www.wikidata.org/entity/Q108528788
WRGY7MR7KQLS,1,2,http://www.wikidata.org/entity/Q814204
WRGY7MR7KQLS,1,3,http://www.wikidata.org/entity/Q99761704
WRGY7MR7KQLS,2,0,http://www.wikidata.org/entity/Q6063129
WRGY7MR7KQLS,2,2,http://www.wikidata.org/entity/Q2612487
WRGY7MR7KQLS,2,3,http://www.wikidata.org/entity/Q7169038
WRGY7MR7KQLS,3,0,http://www.wikidata.org/entity/Q81854086
WRGY7MR7KQLS,3,2,http://www.wikidata.org/entity/Q645708
WRGY7MR7KQLS,3,3,http://www.wikidata.org/entity/Q818259
WRGY7MR7KQLS,4,0,http://www.wikidata.org/entity/Q21015906
WRGY7MR7KQLS,4,1,http://www.wikidata.org/entity/Q116175358
WRGY7MR7KQLS,4,2,http://www.wikidata.org/entity/Q3884
WRGY7MR7KQLS,4,3,http://www.wikidata.org/entity/Q3334253
WRGY7MR7KQLS,5,0,http://www.wikidata.org/entity/Q198046
WRGY7MR7KQLS,5,2,http://www.wikidata.org/entity/Q4207171
WRGY7MR7KQLS,5,3,http://www.wikidata.org/entity/Q118361
WRGY7MR7KQLS,6,0,http://www.wikidata.org/entity/Q116671767
WRGY7MR7KQLS,6,1,http://www.wikidata.org/entity/Q3307877
WRGY7MR7KQLS,6,3,http://www.wikidata.org/entity/Q5993127
WRGY7MR7KQLS,7,0,http://www.wikidata.org/entity/Q1781884
WRGY7MR7KQLS,7,1,http://www.wikidata.org/entity/Q1292060
WRGY7MR7KQLS,7,2,http://www.wikidata.org/entity/Q49762
WRGY7MR7KQLS,7,3,http://www.wikidata.org/entity/Q1913019
WRGY7MR7KQLS,8,0,http://www.wikidata.org/entity/Q14684154
WRGY7MR7KQLS,8,2,http://www.wikidata.org/entity/Q4844439
WRGY7MR7KQLS,8,3,http://www.wikidata.org/entity/Q309483
WRGY7MR7KQLS,9,0,http://www.wikidata.org/entity/Q111599624
WRGY7MR7KQLS,9,1,http://www.wikidata.org/entity/Q66710479
WRGY7MR7KQLS,9,3,http://www.wikidata.org/entity/Q30904567
WRGY7MR7KQLS,10,0,http://www.wikidata.org/entity/Q3023897
WRGY7MR7KQLS,10,1,http://www.wikidata.org/entity/Q11238789
WRGY7MR7KQLS,10,3,http://www.wikidata.org/entity/Q11261704
WRGY7MR7KQLS,11,0,http://www.wikidata.org/entity/Q7835161
WRGY7MR7KQLS,11,1,http://www.wikidata.org/entity/Q2944877
WRGY7MR7KQLS,11,3,http://www.wikidata.org/entity/Q6218446
TPZHSU11WFAN,1,0,http://www.wikidata.org/entity/Q110818224
TPZHSU11WFAN,1,2,http://www.wikidata.org/entity/Q110235973
TPZHSU11WFAN,2,0,http://www.wikidata.org/entity/Q24189426
TPZHSU11WFAN,2,2,http://www.wikidata.org/entity/Q7981346
TPZHSU11WFAN,3,0,http://www.wikidata.org/entity/Q79311911
TPZHSU11WFAN,3,2,http://www.wikidata.org/entity/Q951606
TPZHSU11WFAN,4,0,http://www.wikidata.org/entity/Q26351250
TPZHSU11WFAN,4,2,http://www.wikidata.org/entity/Q1996918
TPZHSU11WFAN,5,0,http://www.wikidata.org/entity/Q16638569
TPZHSU11WFAN,5,1,http://www.wikidata.org/entity/Q97447513
TPZHSU11WFAN,5,2,http://www.wikidata.org/entity/Q2320851
TPZHSU11WFAN,6,0,http://www.wikidata.org/entity/Q12050823
TPZHSU11WFAN,6,1,http://www.wikidata.org/entity/Q6530778
TPZHSU11WFAN,7,0,http://www.wikidata.org/entity/Q106576347
TPZHSU11WFAN,7,2,http://www.wikidata.org/entity/Q1748087
TPZHSU11WFAN,8,0,http://www.wikidata.org/entity/Q26275871
TPZHSU11WFAN,8,2,http://www.wikidata.org/entity/Q909993
TPZHSU11WFAN,9,0,http://www.wikidata.org/entity/Q26600630
TPZHSU11WFAN,9,2,http://www.wikidata.org/entity/Q838920
TPZHSU11WFAN,10,0,http://www.wikidata.org/entity/Q48605319
TPZHSU11WFAN,10,2,http://www.wikidata.org/entity/Q2407620
TPZHSU11WFAN,11,0,http://www.wikidata.org/entity/Q2436644
TPZHSU11WFAN,11,2,http://www.wikidata.org/entity/Q64586
TPZHSU11WFAN,12,0,http://www.wikidata.org/entity/Q1311000
TPZHSU11WFAN,12,2,http://www.wikidata.org/entity/Q692390
TPZHSU11WFAN,13,0,http://www.wikidata.org/entity/Q42416427
TPZHSU11WFAN,13,2,http://www.wikidata.org/entity/Q18435290
TPZHSU11WFAN,14,0,http://www.wikidata.org/entity/Q63242261
TPZHSU11WFAN,14,2,http://www.wikidata.org/entity/Q12315853
TPZHSU11WFAN,15,0,http://www.wikidata.org/entity/Q29483151
TPZHSU11WFAN,15,2,http://www.wikidata.org/entity/Q634054
Y42X9APV7P2V,1,0,http://www.wikidata.org/entity/Q104872402
Y42X9APV7P2V,2,0,http://www.wikidata.org/entity/Q52513503
Y42X9APV7P2V,3,0,http://www.wikidata.org/entity/Q56281684
Y42X9APV7P2V,4,0,http://www.wikidata.org/entity/Q110074551
Y42X9APV7P2V,5,0,http://www.wikidata.org/entity/Q110071669
Y42X9APV7P2V,6,0,http://www.wikidata.org/entity/Q106834252
Y42X9APV7P2V,7,0,http://www.wikidata.org/entity/Q98207189
Y42X9APV7P2V,8,0,http://www.wikidata.org/entity/Q98211939
Y42X9APV7P2V,9,0,http://www.wikidata.org/entity/Q110075588
Y42X9APV7P2V,10,0,http://www.wikidata.org/entity/Q52514710
Y42X9APV7P2V,11,0,http://www.wikidata.org/entity/Q110074309
Y42X9APV7P2V,12,0,http://www.wikidata.org/entity/Q59647544
Y42X9APV7P2V,13,0,http://www.wikidata.org/entity/Q98134593
Y42X9APV7P2V,14,0,http://www.wikidata.org/entity/Q52512824
Y42X9APV7P2V,15,0,http://www.wikidata.org/entity/Q98208885
7P2IX9T33V8Z,1,0,http://www.wikidata.org/entity/Q59506049
7P2IX9T33V8Z,2,0,http://www.wikidata.org/entity/Q104634924
7P2IX9T33V8Z,3,0,http://www.wikidata.org/entity/Q55373398
7P2IX9T33V8Z,4,0,http://www.wikidata.org/entity/Q55336111
7P2IX9T33V8Z,5,0,http://www.wikidata.org/entity/Q100341051
7P2IX9T33V8Z,6,0,http://www.wikidata.org/entity/Q104633036
7P2IX9T33V8Z,7,0,http://www.wikidata.org/entity/Q100341282
7P2IX9T33V8Z,8,0,http://www.wikidata.org/entity/Q104633208
7P2IX9T33V8Z,9,0,http://www.wikidata.org/entity/Q100342514
164DQ1A1WR74,1,0,http://www.wikidata.org/entity/Q1096095
164DQ1A1WR74,1,2,http://www.wikidata.org/entity/Q168376
164DQ1A1WR74,1,3,http://www.wikidata.org/entity/Q155
164DQ1A1WR74,2,0,http://www.wikidata.org/entity/Q805837
164DQ1A1WR74,2,2,http://www.wikidata.org/entity/Q314999
164DQ1A1WR74,2,3,http://www.wikidata.org/entity/Q928
164DQ1A1WR74,3,0,http://www.wikidata.org/entity/Q444549
164DQ1A1WR74,3,3,http://www.wikidata.org/entity/Q664
164DQ1A1WR74,4,0,http://www.wikidata.org/entity/Q1550157
164DQ1A1WR74,4,2,http://www.wikidata.org/entity/Q4102091
164DQ1A1WR74,4,3,http://www.wikidata.org/entity/Q678
164DQ1A1WR74,5,0,http://www.wikidata.org/entity/Q1672851
164DQ1A1WR74,5,2,http://www.wikidata.org/entity/Q797
164DQ1A1WR74,5,3,http://www.wikidata.org/entity/Q30
164DQ1A1WR74,6,0,http://www.wikidata.org/entity/Q244978
164DQ1A1WR74,6,2,http://www.wikidata.org/entity/Q970
164DQ1A1WR74,6,3,http://www.wikidata.org/entity/Q970
164DQ1A1WR74,7,0,http://www.wikidata.org/entity/Q1592377
164DQ1A1WR74,7,2,http://www.wikidata.org/entity/Q131198
164DQ1A1WR74,7,3,http://www.wikidata.org/entity/Q408
164DQ1A1WR74,8,0,http://www.wikidata.org/entity/Q615578
164DQ1A1WR74,8,2,http://www.wikidata.org/entity/Q1196636
164DQ1A1WR74,8,3,http://www.wikidata.org/entity/Q17
164DQ1A1WR74,9,0,http://www.wikidata.org/entity/Q105967
164DQ1A1WR74,9,2,http://www.wikidata.org/entity/Q99976
164DQ1A1WR74,9,3,http://www.wikidata.org/entity/Q29
164DQ1A1WR74,10,0,http://www.wikidata.org/entity/Q3562734
164DQ1A1WR74,10,2,http://www.wikidata.org/entity/Q13744
164DQ1A1WR74,10,3,http://www.wikidata.org/entity/Q928
164DQ1A1WR74,11,0,http://www.wikidata.org/entity/Q188705
164DQ1A1WR74,11,2,http://www.wikidata.org/entity/Q111409
164DQ1A1WR74,11,3,http://www.wikidata.org/entity/Q30
164DQ1A1WR74,12,0,http://www.wikidata.org/entity/Q231324
164DQ1A1WR74,12,2,http://www.wikidata.org/entity/Q970
164DQ1A1WR74,12,3,http://www.wikidata.org/entity/Q970
JWPC449HIMY7,1,0,http://www.wikidata.org/entity/Q2016654
JWPC449HIMY7,1,1,http://www.wikidata.org/entity/Q4256543
JWPC449HIMY7,1,2,http://www.wikidata.org/entity/Q105835744
JWPC449HIMY7,2,0,http://www.wikidata.org/entity/Q4332504
JWPC449HIMY7,2,2,http://www.wikidata.org/entity/Q105835744
JWPC449HIMY7,3,0,http://www.wikidata.org/entity/Q4500814
JWPC449HIMY7,3,2,http://www.wikidata.org/entity/Q23668083
JWPC449HIMY7,4,0,http://www.wikidata.org/entity/Q4254005
JWPC449HIMY7,4,1,http://www.wikidata.org/entity/Q993300
JWPC449HIMY7,4,2,http://www.wikidata.org/entity/Q105835744
JWPC449HIMY7,5,0,http://www.wikidata.org/entity/Q155453
JWPC449HIMY7,5,2,http://www.wikidata.org/entity/Q34480001
JWPC449HIMY7,6,0,http://www.wikidata.org/entity/Q16656355
JWPC449HIMY7,6,2,http://www.wikidata.org/entity/Q23668083
JWPC449HIMY7,7,0,http://www.wikidata.org/entity/Q12085330
JWPC449HIMY7,7,1,http://www.wikidata.org/entity/Q2566434
JWPC449HIMY7,8,0,http://www.wikidata.org/entity/Q4087725
JWPC449HIMY7,8,2,http://www.wikidata.org/entity/Q23668083
JWPC449HIMY7,9,0,http://www.wikidata.org/entity/Q4504951
JWPC449HIMY7,9,2,http://www.wikidata.org/entity/Q105835744
JWPC449HIMY7,10,0,http://www.wikidata.org/entity/Q4504946
JWPC449HIMY7,10,2,http://www.wikidata.org/entity/Q105835744
JWPC449HIMY7,11,0,http://www.wikidata.org/entity/Q4411372
JWPC449HIMY7,11,2,http://www.wikidata.org/entity/Q8346700
JWPC449HIMY7,12,0,http://www.wikidata.org/entity/Q55091947
JWPC449HIMY7,12,1,http://www.wikidata.org/entity/Q4173877
JWPC449HIMY7,12,2,http://www.wikidata.org/entity/Q23668083
JWPC449HIMY7,13,0,http://www.wikidata.org/entity/Q4492052
JWPC449HIMY7,13,2,http://www.wikidata.org/entity/Q8346700
JWPC449HIMY7,14,0,http://www.wikidata.org/entity/Q1190787
JWPC449HIMY7,14,1,http://www.wikidata.org/entity/Q4451563
JWPC449HIMY7,14,2,http://www.wikidata.org/entity/Q105835774
JWPC449HIMY7,15,0,http://www.wikidata.org/entity/Q2635840
JWPC449HIMY7,15,2,http://www.wikidata.org/entity/Q23668083
JWPC449HIMY7,16,0,http://www.wikidata.org/entity/Q4504640
JWPC449HIMY7,16,2,http://www.wikidata.org/entity/Q105835744
JWPC449HIMY7,17,0,http://www.wikidata.org/entity/Q1627784
JWPC449HIMY7,17,1,http://www.wikidata.org/entity/Q4451563
JWPC449HIMY7,17,2,http://www.wikidata.org/entity/Q105835774
JWPC449HIMY7,18,0,http://www.wikidata.org/entity/Q1200275
JWPC449HIMY7,18,1,http://www.wikidata.org/entity/Q4227376
JWPC449HIMY7,18,2,http://www.wikidata.org/entity/Q105835744
JWPC449HIMY7,19,0,http://www.wikidata.org/entity/Q1147948
JWPC449HIMY7,19,1,http://www.wikidata.org/entity/Q4401246
JWPC449HIMY7,19,2,http://www.wikidata.org/entity/Q105835774
IGJA58NFLVH9,1,0,http://www.wikidata.org/entity/Q590710
IGJA58NFLVH9,2,0,http://www.wikidata.org/entity/Q26236372
IGJA58NFLVH9,3,0,http://www.wikidata.org/entity/Q104772074
IGJA58NFLVH9,4,0,http://www.wikidata.org/entity/Q471765
IGJA58NFLVH9,5,0,http://www.wikidata.org/entity/Q1001696
IGJA58NFLVH9,6,0,http://www.wikidata.org/entity/Q3472796
IGJA58NFLVH9,7,0,http://www.wikidata.org/entity/Q7832264
IGJA58NFLVH9,8,0,http://www.wikidata.org/entity/Q5074155
IGJA58NFLVH9,9,0,http://www.wikidata.org/entity/Q1930
IGJA58NFLVH9,9,1,http://www.wikidata.org/entity/Q6904088
IGJA58NFLVH9,10,0,http://www.wikidata.org/entity/Q5243091
IGJA58NFLVH9,11,0,http://www.wikidata.org/entity/Q12494989
IGJA58NFLVH9,12,0,http://www.wikidata.org/entity/Q7987158
IGJA58NFLVH9,13,0,http://www.wikidata.org/entity/Q96377896
IGJA58NFLVH9,14,0,http://www.wikidata.org/entity/Q3532
IGJA58NFLVH9,14,1,http://www.wikidata.org/entity/Q203889
T9FDDYKV3U62,1,0,http://www.wikidata.org/entity/Q67317108
T9FDDYKV3U62,1,1,http://www.wikidata.org/entity/Q867541
T9FDDYKV3U62,2,0,http://www.wikidata.org/entity/Q17582096
T9FDDYKV3U62,2,1,http://www.wikidata.org/entity/Q867541
T9FDDYKV3U62,3,0,http://www.wikidata.org/entity/Q1140824
T9FDDYKV3U62,3,1,http://www.wikidata.org/entity/Q867541
T9FDDYKV3U62,4,0,http://www.wikidata.org/entity/Q864668
T9FDDYKV3U62,4,1,http://www.wikidata.org/entity/Q867541
T9FDDYKV3U62,5,0,http://www.wikidata.org/entity/Q784746
T9FDDYKV3U62,5,1,http://www.wikidata.org/entity/Q867541
T9FDDYKV3U62,6,0,http://www.wikidata.org/entity/Q550606
T9FDDYKV3U62,6,1,http://www.wikidata.org/entity/Q867541
T9FDDYKV3U62,7,0,http://www.wikidata.org/entity/Q544009
T9FDDYKV3U62,7,1,http://www.wikidata.org/entity/Q867541
T9FDDYKV3U62,8,0,http://www.wikidata.org/entity/Q3290674
T9FDDYKV3U62,8,1,http://www.wikidata.org/entity/Q602358
T9FDDYKV3U62,9,0,http://www.wikidata.org/entity/Q1586842
T9FDDYKV3U62,9,1,http://www.wikidata.org/entity/Q602358
T9FDDYKV3U62,10,0,http://www.wikidata.org/entity/Q1247441
T9FDDYKV3U62,10,1,http://www.wikidata.org/entity/Q602358
T9FDDYKV3U62,11,0,http://www.wikidata.org/entity/Q1247435
T9FDDYKV3U62,11,1,http://www.wikidata.org/entity/Q602358
T9FDDYKV3U62,12,0,http://www.wikidata.org/entity/Q1247417
T9FDDYKV3U62,12,1,http://www.wikidata.org/entity/Q602358
T9FDDYKV3U62,13,0,http://www.wikidata.org/entity/Q1247396
T9FDDYKV3U62,13,1,http://www.wikidata.org/entity/Q602358
T9FDDYKV3U62,14,0,http://www.wikidata.org/entity/Q1247390
T9FDDYKV3U62,14,1,http://www.wikidata.org/entity/Q602358
T9FDDYKV3U62,15,0,http://www.wikidata.org/entity/Q1247384
T9FDDYKV3U62,15,1,http://www.wikidata.org/entity/Q602358
T9FDDYKV3U62,16,0,http://www.wikidata.org/entity/Q1229763
T9FDDYKV3U62,16,1,http://www.wikidata.org/entity/Q602358
T9FDDYKV3U62,17,0,http://www.wikidata.org/entity/Q1061313
T9FDDYKV3U62,17,1,http://www.wikidata.org/entity/Q602358
T9FDDYKV3U62,18,0,http://www.wikidata.org/entity/Q806432
T9FDDYKV3U62,18,1,http://www.wikidata.org/entity/Q602358
T9FDDYKV3U62,19,0,http://www.wikidata.org/entity/Q793283
T9FDDYKV3U62,19,1,http://www.wikidata.org/entity/Q602358
T9FDDYKV3U62,20,0,http://www.wikidata.org/entity/Q786649
T9FDDYKV3U62,20,1,http://www.wikidata.org/entity/Q602358
0SMNGM3NAT69,1,0,http://www.wikidata.org/entity/Q4815782
0SMNGM3NAT69,2,0,http://www.wikidata.org/entity/Q22351413
LNOCNMM7IDVL,1,0,http://www.wikidata.org/entity/Q1757
LNOCNMM7IDVL,1,1,http://www.wikidata.org/entity/Q10704
LNOCNMM7IDVL,2,0,http://www.wikidata.org/entity/Q160320
LNOCNMM7IDVL,3,0,http://www.wikidata.org/entity/Q192155
LNOCNMM7IDVL,3,1,http://www.wikidata.org/entity/Q776965
LNOCNMM7IDVL,4,0,http://www.wikidata.org/entity/Q494631
LNOCNMM7IDVL,4,1,http://www.wikidata.org/entity/Q776965
LNOCNMM7IDVL,5,0,http://www.wikidata.org/entity/Q1417212
LNOCNMM7IDVL,5,1,http://www.wikidata.org/entity/Q1068701
LNOCNMM7IDVL,6,0,http://www.wikidata.org/entity/Q3897
LNOCNMM7IDVL,6,1,http://www.wikidata.org/entity/Q36433
LNOCNMM7IDVL,7,0,http://www.wikidata.org/entity/Q546
LNOCNMM7IDVL,7,1,http://www.wikidata.org/entity/Q641
LNOCNMM7IDVL,8,0,http://www.wikidata.org/entity/Q10717
LNOCNMM7IDVL,8,1,http://www.wikidata.org/entity/Q38022
LNOCNMM7IDVL,9,0,http://www.wikidata.org/entity/Q1960
LNOCNMM7IDVL,9,1,http://www.wikidata.org/entity/Q1055
LNOCNMM7IDVL,10,0,http://www.wikidata.org/entity/Q16520
LNOCNMM7IDVL,10,1,http://www.wikidata.org/entity/Q33986
LNOCNMM7IDVL,11,0,http://www.wikidata.org/entity/Q173270
LNOCNMM7IDVL,11,1,http://www.wikidata.org/entity/Q468557
LNOCNMM7IDVL,12,0,http://www.wikidata.org/entity/Q3718
LNOCNMM7IDVL,12,1,http://www.wikidata.org/entity/Q485172
LNOCNMM7IDVL,13,0,http://www.wikidata.org/entity/Q2028258
M4D0J31IYFGD,1,0,http://www.wikidata.org/entity/Q56135
M4D0J31IYFGD,2,0,http://www.wikidata.org/entity/Q1770
M4D0J31IYFGD,2,1,http://www.wikidata.org/entity/Q19180675
M4D0J31IYFGD,3,0,http://www.wikidata.org/entity/Q685857
M4D0J31IYFGD,3,1,http://www.wikidata.org/entity/Q4114391
M4D0J31IYFGD,4,0,http://www.wikidata.org/entity/Q40269
M4D0J31IYFGD,4,1,http://www.wikidata.org/entity/Q124737636
M4D0J31IYFGD,5,0,http://www.wikidata.org/entity/Q1055
M4D0J31IYFGD,5,1,http://www.wikidata.org/entity/Q20078554
M4D0J31IYFGD,6,0,http://www.wikidata.org/entity/Q3825
M4D0J31IYFGD,6,1,http://www.wikidata.org/entity/Q20078554
R6ZAA5I3F8KX,1,0,http://www.wikidata.org/entity/Q797147
R6ZAA5I3F8KX,1,1,http://www.wikidata.org/entity/Q4927235
R6ZAA5I3F8KX,2,0,http://www.wikidata.org/entity/Q653402
R6ZAA5I3F8KX,2,1,http://www.wikidata.org/entity/Q2500644
L8M8VE6UXQ0V,1,0,http://www.wikidata.org/entity/Q38234
L8M8VE6UXQ0V,1,1,http://www.wikidata.org/entity/Q116937047
L8M8VE6UXQ0V,2,0,http://www.wikidata.org/entity/Q132830
L8M8VE6UXQ0V,3,0,http://www.wikidata.org/entity/Q1055
L8M8VE6UXQ0V,3,1,http://www.wikidata.org/entity/Q971774
L8M8VE6UXQ0V,4,0,http://www.wikidata.org/entity/Q37100
L8M8VE6UXQ0V,4,1,http://www.wikidata.org/entity/Q597909
L8M8VE6UXQ0V,5,0,http://www.wikidata.org/entity/Q7525
L8M8VE6UXQ0V,5,1,http://www.wikidata.org/entity/Q60828711
L8M8VE6UXQ0V,6,0,http://www.wikidata.org/entity/Q385023
L8M8VE6UXQ0V,7,0,http://www.wikidata.org/entity/Q333559
L8M8VE6UXQ0V,7,1,http://www.wikidata.org/entity/Q98252034
L8M8VE6UXQ0V,8,0,http://www.wikidata.org/entity/Q1286686
2ENKRQDD6JC5,1,0,http://www.wikidata.org/entity/Q4836532
2ENKRQDD6JC5,2,0,http://www.wikidata.org/entity/Q18695778
2ENKRQDD6JC5,3,0,http://www.wikidata.org/entity/Q2078711
2ENKRQDD6JC5,4,0,http://www.wikidata.org/entity/Q2121562
2ENKRQDD6JC5,5,0,http://www.wikidata.org/entity/Q1014902
2ENKRQDD6JC5,6,0,http://www.wikidata.org/entity/Q11949819
7C71JTNL2MCB,1,0,http://www.wikidata.org/entity/Q35914
7C71JTNL2MCB,2,0,http://www.wikidata.org/entity/Q1552789
7C71JTNL2MCB,3,0,http://www.wikidata.org/entity/Q2297140
7C71JTNL2MCB,4,0,http://www.wikidata.org/entity/Q784697
7C71JTNL2MCB,5,0,http://www.wikidata.org/entity/Q874604
7C71JTNL2MCB,6,0,http://www.wikidata.org/entity/Q2008642
7C71JTNL2MCB,7,0,http://www.wikidata.org/entity/Q325288
7C71JTNL2MCB,8,0,http://www.wikidata.org/entity/Q1129734
7C71JTNL2MCB,9,0,http://www.wikidata.org/entity/Q7920267
7C71JTNL2MCB,10,0,http://www.wikidata.org/entity/Q796423
7C71JTNL2MCB,11,0,http://www.wikidata.org/entity/Q2325979
7C71JTNL2MCB,12,0,http://www.wikidata.org/entity/Q10528774
CV2F1CKHGIWE,1,0,http://www.wikidata.org/entity/Q27480243
CV2F1CKHGIWE,1,1,http://www.wikidata.org/entity/Q36378
CV2F1CKHGIWE,2,0,http://www.wikidata.org/entity/Q14848222
CV2F1CKHGIWE,2,1,http://www.wikidata.org/entity/Q68136
CV2F1CKHGIWE,3,0,http://www.wikidata.org/entity/Q27479933
CV2F1CKHGIWE,3,1,http://www.wikidata.org/entity/Q64512
CV2F1CKHGIWE,4,0,http://www.wikidata.org/entity/Q452375
CV2F1CKHGIWE,4,1,http://www.wikidata.org/entity/Q70
CV2F1CKHGIWE,5,0,http://www.wikidata.org/entity/Q27488843
CV2F1CKHGIWE,5,1,http://www.wikidata.org/entity/Q68297
CV2F1CKHGIWE,6,0,http://www.wikidata.org/entity/Q27481494
CV2F1CKHGIWE,6,1,http://www.wikidata.org/entity/Q66330
CV2F1CKHGIWE,7,0,http://www.wikidata.org/entity/Q27483987
CV2F1CKHGIWE,7,1,http://www.wikidata.org/entity/Q69714
CV2F1CKHGIWE,8,0,http://www.wikidata.org/entity/Q27488772
CV2F1CKHGIWE,8,1,http://www.wikidata.org/entity/Q9009
HF6RLXG2TKTF,1,0,http://www.wikidata.org/entity/Q27489812
HF6RLXG2TKTF,1,1,http://www.wikidata.org/entity/Q27576
HF6RLXG2TKTF,2,0,http://www.wikidata.org/entity/Q27490192
HF6RLXG2TKTF,2,1,http://www.wikidata.org/entity/Q68144
HF6RLXG2TKTF,3,0,http://www.wikidata.org/entity/Q27490205
HF6RLXG2TKTF,3,1,http://www.wikidata.org/entity/Q445559
HF6RLXG2TKTF,4,0,http://www.wikidata.org/entity/Q29479079
HF6RLXG2TKTF,4,1,http://www.wikidata.org/entity/Q36378
HF6RLXG2TKTF,5,0,http://www.wikidata.org/entity/Q29573990
HF6RLXG2TKTF,5,1,http://www.wikidata.org/entity/Q68290
HF6RLXG2TKTF,6,0,http://www.wikidata.org/entity/Q29786218
HF6RLXG2TKTF,6,1,http://www.wikidata.org/entity/Q63931
HF6RLXG2TKTF,7,0,http://www.wikidata.org/entity/Q63797017
HF6RLXG2TKTF,7,1,http://www.wikidata.org/entity/Q68160
HF6RLXG2TKTF,8,0,http://www.wikidata.org/entity/Q27482247
HF6RLXG2TKTF,8,1,http://www.wikidata.org/entity/Q69476
RC7I5KHFCL91,1,0,http://www.wikidata.org/entity/Q109688740
RC7I5KHFCL91,1,1,http://www.wikidata.org/entity/Q1465560
RC7I5KHFCL91,1,2,http://www.wikidata.org/entity/Q31930761
RC7I5KHFCL91,2,0,http://www.wikidata.org/entity/Q109688739
RC7I5KHFCL91,2,1,http://www.wikidata.org/entity/Q1465560
RC7I5KHFCL91,2,2,http://www.wikidata.org/entity/Q31930761
RC7I5KHFCL91,3,0,http://www.wikidata.org/entity/Q109688738
RC7I5KHFCL91,3,1,http://www.wikidata.org/entity/Q1465560
RC7I5KHFCL91,3,2,http://www.wikidata.org/entity/Q31930761
RC7I5KHFCL91,4,0,http://www.wikidata.org/entity/Q109688735
RC7I5KHFCL91,4,1,http://www.wikidata.org/entity/Q1465560
RC7I5KHFCL91,4,2,http://www.wikidata.org/entity/Q31930761
RC7I5KHFCL91,5,0,http://www.wikidata.org/entity/Q109688733
RC7I5KHFCL91,5,1,http://www.wikidata.org/entity/Q1465560
RC7I5KHFCL91,5,2,http://www.wikidata.org/entity/Q31930761
RC7I5KHFCL91,6,0,http://www.wikidata.org/entity/Q109688731
RC7I5KHFCL91,6,1,http://www.wikidata.org/entity/Q1465560
RC7I5KHFCL91,6,2,http://www.wikidata.org/entity/Q31930761
RC7I5KHFCL91,7,0,http://www.wikidata.org/entity/Q109688730
RC7I5KHFCL91,7,1,http://www.wikidata.org/entity/Q1465560
RC7I5KHFCL91,7,2,http://www.wikidata.org/entity/Q31930761
RC7I5KHFCL91,8,0,http://www.wikidata.org/entity/Q109688729
RC7I5KHFCL91,8,1,http://www.wikidata.org/entity/Q1465560
RC7I5KHFCL91,8,2,http://www.wikidata.org/entity/Q31930761
RC7I5KHFCL91,9,0,http://www.wikidata.org/entity/Q109688726
RC7I5KHFCL91,9,1,http://www.wikidata.org/entity/Q1465560
RC7I5KHFCL91,9,2,http://www.wikidata.org/entity/Q31930761
RC7I5KHFCL91,10,0,http://www.wikidata.org/entity/Q109688725
RC7I5KHFCL91,10,1,http://www.wikidata.org/entity/Q1465560
RC7I5KHFCL91,10,2,http://www.wikidata.org/entity/Q31930761
RC7I5KHFCL91,11,0,http://www.wikidata.org/entity/Q109688723
RC7I5KHFCL91,11,1,http://www.wikidata.org/entity/Q1465560
RC7I5KHFCL91,11,2,http://www.wikidata.org/entity/Q31930761
RC7I5KHFCL91,12,0,http://www.wikidata.org/entity/Q109688722
RC7I5KHFCL91,12,1,http://www.wikidata.org/entity/Q1465560
RC7I5KHFCL91,12,2,http://www.wikidata.org/entity/Q31930761
RC7I5KHFCL91,13,0,http://www.wikidata.org/entity/Q109688721
RC7I5KHFCL91,13,1,http://www.wikidata.org/entity/Q1465560
RC7I5KHFCL91,13,2,http://www.wikidata.org/entity/Q31930761
RC7I5KHFCL91,14,0,http://www.wikidata.org/entity/Q109688720
RC7I5KHFCL91,14,1,http://www.wikidata.org/entity/Q1465560
RC7I5KHFCL91,14,2,http://www.wikidata.org/entity/Q31930761
RC7I5KHFCL91,15,0,http://www.wikidata.org/entity/Q109688719
RC7I5KHFCL91,15,1,http://www.wikidata.org/entity/Q1465560
RC7I5KHFCL91,15,2,http://www.wikidata.org/entity/Q31930761
RC7I5KHFCL91,16,0,http://www.wikidata.org/entity/Q109688718
RC7I5KHFCL91,16,1,http://www.wikidata.org/entity/Q1465560
RC7I5KHFCL91,16,2,http://www.wikidata.org/entity/Q31930761
RC7I5KHFCL91,17,0,http://www.wikidata.org/entity/Q109688717
RC7I5KHFCL91,17,1,http://www.wikidata.org/entity/Q1465560
RC7I5KHFCL91,17,2,http://www.wikidata.org/entity/Q31930761
RC7I5KHFCL91,18,0,http://www.wikidata.org/entity/Q109688715
RC7I5KHFCL91,18,1,http://www.wikidata.org/entity/Q1465560
RC7I5KHFCL91,18,2,http://www.wikidata.org/entity/Q31930761
0BXYNG32NH49,1,0,http://www.wikidata.org/entity/Q896422
0BXYNG32NH49,1,1,http://www.wikidata.org/entity/Q757240
0BXYNG32NH49,2,0,http://www.wikidata.org/entity/Q896409
0BXYNG32NH49,2,1,http://www.wikidata.org/entity/Q757240
0BXYNG32NH49,3,0,http://www.wikidata.org/entity/Q898622
0BXYNG32NH49,3,1,http://www.wikidata.org/entity/Q753120
0BXYNG32NH49,4,0,http://www.wikidata.org/entity/Q894336
0BXYNG32NH49,4,1,http://www.wikidata.org/entity/Q753120
0BXYNG32NH49,5,0,http://www.wikidata.org/entity/Q894107
0BXYNG32NH49,5,1,http://www.wikidata.org/entity/Q753120
0BXYNG32NH49,6,0,http://www.wikidata.org/entity/Q894102
0BXYNG32NH49,6,1,http://www.wikidata.org/entity/Q753120
0BXYNG32NH49,7,0,http://www.wikidata.org/entity/Q893488
0BXYNG32NH49,7,1,http://www.wikidata.org/entity/Q753120
0BXYNG32NH49,8,0,http://www.wikidata.org/entity/Q896989
0BXYNG32NH49,8,1,http://www.wikidata.org/entity/Q663532
0BXYNG32NH49,9,0,http://www.wikidata.org/entity/Q898468
0BXYNG32NH49,9,1,http://www.wikidata.org/entity/Q645376
0BXYNG32NH49,10,0,http://www.wikidata.org/entity/Q896274
0BXYNG32NH49,10,1,http://www.wikidata.org/entity/Q645376
0BXYNG32NH49,11,0,http://www.wikidata.org/entity/Q893486
0BXYNG32NH49,11,1,http://www.wikidata.org/entity/Q645376
0BXYNG32NH49,12,0,http://www.wikidata.org/entity/Q907946
0BXYNG32NH49,12,1,http://www.wikidata.org/entity/Q628280
0BXYNG32NH49,13,0,http://www.wikidata.org/entity/Q894103
0BXYNG32NH49,13,1,http://www.wikidata.org/entity/Q594929
SF58LZNUUEPG,1,0,http://www.wikidata.org/entity/Q48194
SF58LZNUUEPG,1,1,http://www.wikidata.org/entity/Q175781
SF58LZNUUEPG,2,0,http://www.wikidata.org/entity/Q470369
SF58LZNUUEPG,2,1,http://www.wikidata.org/entity/Q847318
SF58LZNUUEPG,3,0,http://www.wikidata.org/entity/Q171018
SF58LZNUUEPG,3,1,http://www.wikidata.org/entity/Q262111
SF58LZNUUEPG,4,0,http://www.wikidata.org/entity/Q158239
SF58LZNUUEPG,4,1,http://www.wikidata.org/entity/Q852532
SF58LZNUUEPG,5,0,http://www.wikidata.org/entity/Q581478
SF58LZNUUEPG,5,1,http://www.wikidata.org/entity/Q582488
SF58LZNUUEPG,6,0,http://www.wikidata.org/entity/Q156974
SF58LZNUUEPG,6,1,http://www.wikidata.org/entity/Q3509008
SF58LZNUUEPG,7,0,http://www.wikidata.org/entity/Q954569
SF58LZNUUEPG,7,1,http://www.wikidata.org/entity/Q570682
SF58LZNUUEPG,8,0,http://www.wikidata.org/entity/Q740863
SF58LZNUUEPG,8,2,http://www.wikidata.org/entity/Q12033634
SF58LZNUUEPG,9,0,http://www.wikidata.org/entity/Q986072
SF58LZNUUEPG,9,1,http://www.wikidata.org/entity/Q643400
SF58LZNUUEPG,10,0,http://www.wikidata.org/entity/Q750224
SF58LZNUUEPG,10,1,http://www.wikidata.org/entity/Q837633
SF58LZNUUEPG,11,0,http://www.wikidata.org/entity/Q8385
SF58LZNUUEPG,11,1,http://www.wikidata.org/entity/Q12039504
SF58LZNUUEPG,12,0,http://www.wikidata.org/entity/Q616877
SF58LZNUUEPG,12,1,http://www.wikidata.org/entity/Q838292
SF58LZNUUEPG,13,0,http://www.wikidata.org/entity/Q1000091
SF58LZNUUEPG,13,1,http://www.wikidata.org/entity/Q240419
SF58LZNUUEPG,14,0,http://www.wikidata.org/entity/Q183111
SF58LZNUUEPG,14,1,http://www.wikidata.org/entity/Q852472
SF58LZNUUEPG,15,0,http://www.wikidata.org/entity/Q651930
SF58LZNUUEPG,15,2,http://www.wikidata.org/entity/Q12032119
SF58LZNUUEPG,16,0,http://www.wikidata.org/entity/Q321778
SF58LZNUUEPG,16,1,http://www.wikidata.org/entity/Q637425
SF58LZNUUEPG,17,0,http://www.wikidata.org/entity/Q146307
SF58LZNUUEPG,17,1,http://www.wikidata.org/entity/Q852525
SF58LZNUUEPG,18,0,http://www.wikidata.org/entity/Q146342
SF58LZNUUEPG,18,1,http://www.wikidata.org/entity/Q852518
SF58LZNUUEPG,19,0,http://www.wikidata.org/entity/Q3584
SF58LZNUUEPG,19,1,http://www.wikidata.org/entity/Q517427
SF58LZNUUEPG,20,0,http://www.wikidata.org/entity/Q161060
SF58LZNUUEPG,20,2,http://www.wikidata.org/entity/Q16963217
SF58LZNUUEPG,21,0,http://www.wikidata.org/entity/Q671138
SF58LZNUUEPG,21,2,http://www.wikidata.org/entity/Q61314179
5Y9UJWIB74XQ,1,0,http://www.wikidata.org/entity/Q2702241
5Y9UJWIB74XQ,1,1,http://www.wikidata.org/entity/Q977614
5Y9UJWIB74XQ,2,0,http://www.wikidata.org/entity/Q2702196
5Y9UJWIB74XQ,2,1,http://www.wikidata.org/entity/Q965789
5Y9UJWIB74XQ,3,0,http://www.wikidata.org/entity/Q2738538
5Y9UJWIB74XQ,3,1,http://www.wikidata.org/entity/Q397167
5Y9UJWIB74XQ,4,0,http://www.wikidata.org/entity/Q2704055
5Y9UJWIB74XQ,4,1,http://www.wikidata.org/entity/Q345058
5Y9UJWIB74XQ,5,0,http://www.wikidata.org/entity/Q2701238
5Y9UJWIB74XQ,5,1,http://www.wikidata.org/entity/Q10856842
5Y9UJWIB74XQ,6,0,http://www.wikidata.org/entity/Q2704024
5Y9UJWIB74XQ,6,1,http://www.wikidata.org/entity/Q2574811
5Y9UJWIB74XQ,7,0,http://www.wikidata.org/entity/Q2405777
5Y9UJWIB74XQ,7,1,http://www.wikidata.org/entity/Q405649
5Y9UJWIB74XQ,8,0,http://www.wikidata.org/entity/Q2696661
5Y9UJWIB74XQ,8,1,http://www.wikidata.org/entity/Q520014
5Y9UJWIB74XQ,9,0,http://www.wikidata.org/entity/Q2361360
5Y9UJWIB74XQ,9,1,http://www.wikidata.org/entity/Q3446432
5Y9UJWIB74XQ,10,0,http://www.wikidata.org/entity/Q2353784
5Y9UJWIB74XQ,10,1,http://www.wikidata.org/entity/Q2031115
5Y9UJWIB74XQ,11,0,http://www.wikidata.org/entity/Q2381704
5Y9UJWIB74XQ,11,1,http://www.wikidata.org/entity/Q1043111
5Y9UJWIB74XQ,12,0,http://www.wikidata.org/entity/Q2383819
5Y9UJWIB74XQ,12,1,http://www.wikidata.org/entity/Q754790
5Y9UJWIB74XQ,13,0,http://www.wikidata.org/entity/Q2524121
5Y9UJWIB74XQ,13,1,http://www.wikidata.org/entity/Q12029254
5Y9UJWIB74XQ,14,0,http://www.wikidata.org/entity/Q2532729
5Y9UJWIB74XQ,14,1,http://www.wikidata.org/entity/Q3357448
5Y9UJWIB74XQ,15,0,http://www.wikidata.org/entity/Q1872871
5Y9UJWIB74XQ,15,1,http://www.wikidata.org/entity/Q3264658
5Y9UJWIB74XQ,16,0,http://www.wikidata.org/entity/Q1887282
5Y9UJWIB74XQ,16,1,http://www.wikidata.org/entity/Q915026
5Y9UJWIB74XQ,17,0,http://www.wikidata.org/entity/Q1932343
5Y9UJWIB74XQ,17,1,http://www.wikidata.org/entity/Q414925
5Y9UJWIB74XQ,18,0,http://www.wikidata.org/entity/Q1933223
5Y9UJWIB74XQ,18,1,http://www.wikidata.org/entity/Q7747
5Y9UJWIB74XQ,19,0,http://www.wikidata.org/entity/Q2346532
5Y9UJWIB74XQ,19,1,http://www.wikidata.org/entity/Q3036858
5Y9UJWIB74XQ,20,0,http://www.wikidata.org/entity/Q2521713
5Y9UJWIB74XQ,20,1,http://www.wikidata.org/entity/Q2197963
5Y9UJWIB74XQ,21,0,http://www.wikidata.org/entity/Q2523826
5Y9UJWIB74XQ,21,1,http://www.wikidata.org/entity/Q390177
5Y9UJWIB74XQ,22,0,http://www.wikidata.org/entity/Q1872711
5Y9UJWIB74XQ,22,1,http://www.wikidata.org/entity/Q2744532
5Y9UJWIB74XQ,23,0,http://www.wikidata.org/entity/Q1895151
5Y9UJWIB74XQ,23,1,http://www.wikidata.org/entity/Q1362517
5Y9UJWIB74XQ,24,0,http://www.wikidata.org/entity/Q1925806
5Y9UJWIB74XQ,24,1,http://www.wikidata.org/entity/Q750427
5Y9UJWIB74XQ,25,0,http://www.wikidata.org/entity/Q1879109
5Y9UJWIB74XQ,25,1,http://www.wikidata.org/entity/Q534076
S27VKSYRKDY6,1,0,http://www.wikidata.org/entity/Q1919597
S27VKSYRKDY6,2,0,http://www.wikidata.org/entity/Q1528911
S27VKSYRKDY6,3,0,http://www.wikidata.org/entity/Q971744
S27VKSYRKDY6,4,0,http://www.wikidata.org/entity/Q1018857
S27VKSYRKDY6,5,0,http://www.wikidata.org/entity/Q992486
S27VKSYRKDY6,6,0,http://www.wikidata.org/entity/Q254754
S27VKSYRKDY6,7,0,http://www.wikidata.org/entity/Q2003344
S27VKSYRKDY6,8,0,http://www.wikidata.org/entity/Q164508
S27VKSYRKDY6,9,0,http://www.wikidata.org/entity/Q339161
S27VKSYRKDY6,10,0,http://www.wikidata.org/entity/Q104587
S27VKSYRKDY6,11,0,http://www.wikidata.org/entity/Q72383
S27VKSYRKDY6,12,0,http://www.wikidata.org/entity/Q1582762
S27VKSYRKDY6,13,0,http://www.wikidata.org/entity/Q144251
S27VKSYRKDY6,14,0,http://www.wikidata.org/entity/Q1533863
2682177JA9K9,1,0,http://www.wikidata.org/entity/Q25381687
2682177JA9K9,1,1,http://www.wikidata.org/entity/Q6755318
2682177JA9K9,1,3,http://www.wikidata.org/entity/Q142
2682177JA9K9,2,0,http://www.wikidata.org/entity/Q112776308
2682177JA9K9,2,2,http://www.wikidata.org/entity/Q4612907
2682177JA9K9,2,3,http://www.wikidata.org/entity/Q183
2682177JA9K9,3,0,http://www.wikidata.org/entity/Q19963901
2682177JA9K9,3,2,http://www.wikidata.org/entity/Q2142654
2682177JA9K9,3,3,http://www.wikidata.org/entity/Q1206012
2682177JA9K9,4,0,http://www.wikidata.org/entity/Q121851110
2682177JA9K9,4,2,http://www.wikidata.org/entity/Q133585
2682177JA9K9,4,3,http://www.wikidata.org/entity/Q145
2682177JA9K9,5,0,http://www.wikidata.org/entity/Q112776332
2682177JA9K9,5,2,http://www.wikidata.org/entity/Q4612907
2682177JA9K9,5,3,http://www.wikidata.org/entity/Q183
2682177JA9K9,6,0,http://www.wikidata.org/entity/Q112776303
2682177JA9K9,6,2,http://www.wikidata.org/entity/Q15580856
2682177JA9K9,6,3,http://www.wikidata.org/entity/Q183
1287MJ45WJRE,1,0,http://www.wikidata.org/entity/Q2181415
1287MJ45WJRE,2,0,http://www.wikidata.org/entity/Q107013861
1287MJ45WJRE,3,0,http://www.wikidata.org/entity/Q11508662
1287MJ45WJRE,4,0,http://www.wikidata.org/entity/Q5533456
1287MJ45WJRE,5,0,http://www.wikidata.org/entity/Q116741360
1287MJ45WJRE,5,1,http://www.wikidata.org/entity/Q42168
1287MJ45WJRE,6,0,http://www.wikidata.org/entity/Q98609674
1287MJ45WJRE,6,1,http://www.wikidata.org/entity/Q1397
1287MJ45WJRE,7,0,http://www.wikidata.org/entity/Q123071819
1287MJ45WJRE,8,0,http://www.wikidata.org/entity/Q1205076
1287MJ45WJRE,9,0,http://www.wikidata.org/entity/Q84767949
1287MJ45WJRE,9,1,http://www.wikidata.org/entity/Q64
1287MJ45WJRE,10,0,http://www.wikidata.org/entity/Q96390738
1287MJ45WJRE,11,0,http://www.wikidata.org/entity/Q8031009
1287MJ45WJRE,12,0,http://www.wikidata.org/entity/Q61357967
1287MJ45WJRE,12,1,http://www.wikidata.org/entity/Q507065
1287MJ45WJRE,13,0,http://www.wikidata.org/entity/Q95000160
1287MJ45WJRE,14,0,http://www.wikidata.org/entity/Q82345010
1287MJ45WJRE,15,0,http://www.wikidata.org/entity/Q92308161
1287MJ45WJRE,16,0,http://www.wikidata.org/entity/Q114273642
1287MJ45WJRE,17,0,http://www.wikidata.org/entity/Q13055027
1287MJ45WJRE,17,1,http://www.wikidata.org/entity/Q994
1287MJ45WJRE,18,0,http://www.wikidata.org/entity/Q54670699
1287MJ45WJRE,18,1,http://www.wikidata.org/entity/Q2311189
1287MJ45WJRE,19,0,http://www.wikidata.org/entity/Q379916
3L62IEWQT8U5,1,0,http://www.wikidata.org/entity/Q112776336
3L62IEWQT8U5,1,1,http://www.wikidata.org/entity/Q1726
3L62IEWQT8U5,2,0,http://www.wikidata.org/entity/Q21008574
3L62IEWQT8U5,3,0,http://www.wikidata.org/entity/Q24930874
3L62IEWQT8U5,4,0,http://www.wikidata.org/entity/Q2514809
3L62IEWQT8U5,5,0,http://www.wikidata.org/entity/Q102402183
3L62IEWQT8U5,5,1,http://www.wikidata.org/entity/Q1711
3L62IEWQT8U5,6,0,http://www.wikidata.org/entity/Q12772304
3L62IEWQT8U5,7,0,http://www.wikidata.org/entity/Q20053378
3L62IEWQT8U5,7,1,http://www.wikidata.org/entity/Q40269
3L62IEWQT8U5,8,0,http://www.wikidata.org/entity/Q7115520
3L62IEWQT8U5,9,0,http://www.wikidata.org/entity/Q107176917
3L62IEWQT8U5,10,0,http://www.wikidata.org/entity/Q107103006
3L62IEWQT8U5,11,0,http://www.wikidata.org/entity/Q112126953
3L62IEWQT8U5,12,0,http://www.wikidata.org/entity/Q73275403
3L62IEWQT8U5,13,0,http://www.wikidata.org/entity/Q72541055
3L62IEWQT8U5,14,0,http://www.wikidata.org/entity/Q117312272
3L62IEWQT8U5,14,1,http://www.wikidata.org/entity/Q50195
3L62IEWQT8U5,15,0,http://www.wikidata.org/entity/Q107558705
3L62IEWQT8U5,16,0,http://www.wikidata.org/entity/Q116263430
3L62IEWQT8U5,16,1,http://www.wikidata.org/entity/Q201076
3L62IEWQT8U5,17,0,http://www.wikidata.org/entity/Q106035739
3L62IEWQT8U5,17,1,http://www.wikidata.org/entity/Q62
3L62IEWQT8U5,18,0,http://www.wikidata.org/entity/Q7771616
3L62IEWQT8U5,18,1,http://www.wikidata.org/entity/Q179351
3L62IEWQT8U5,19,0,http://www.wikidata.org/entity/Q1287953
3L62IEWQT8U5,20,0,http://www.wikidata.org/entity/Q1792682
3L62IEWQT8U5,20,1,http://www.wikidata.org/entity/Q3138
3L62IEWQT8U5,21,0,http://www.wikidata.org/entity/Q61479048
V6PPOS4028Z0,1,0,http://www.wikidata.org/entity/Q161860
V6PPOS4028Z0,1,1,http://www.wikidata.org/entity/Q2437662
V6PPOS4028Z0,2,0,http://www.wikidata.org/entity/Q588758
V6PPOS4028Z0,2,1,http://www.wikidata.org/entity/Q614201
V6PPOS4028Z0,3,0,http://www.wikidata.org/entity/Q549198
V6PPOS4028Z0,3,1,http://www.wikidata.org/entity/Q554919
V6PPOS4028Z0,4,0,http://www.wikidata.org/entity/Q212316
V6PPOS4028Z0,4,1,http://www.wikidata.org/entity/Q615338
V6PPOS4028Z0,5,0,http://www.wikidata.org/entity/Q824607
V6PPOS4028Z0,5,1,http://www.wikidata.org/entity/Q2415005
V6PPOS4028Z0,6,0,http://www.wikidata.org/entity/Q645331
V6PPOS4028Z0,6,1,http://www.wikidata.org/entity/Q553447
V6PPOS4028Z0,7,0,http://www.wikidata.org/entity/Q165492
V6PPOS4028Z0,7,1,http://www.wikidata.org/entity/Q554050
V6PPOS4028Z0,8,0,http://www.wikidata.org/entity/Q147377
V6PPOS4028Z0,8,1,http://www.wikidata.org/entity/Q2458160
V6PPOS4028Z0,9,0,http://www.wikidata.org/entity/Q255995
V6PPOS4028Z0,9,1,http://www.wikidata.org/entity/Q551170
V6PPOS4028Z0,10,0,http://www.wikidata.org/entity/Q497088
V6PPOS4028Z0,10,1,http://www.wikidata.org/entity/Q2355525
V6PPOS4028Z0,11,0,http://www.wikidata.org/entity/Q679431
V6PPOS4028Z0,11,1,http://www.wikidata.org/entity/Q1900156
V6PPOS4028Z0,12,0,http://www.wikidata.org/entity/Q159786
V6PPOS4028Z0,12,1,http://www.wikidata.org/entity/Q2401677
V6PPOS4028Z0,13,0,http://www.wikidata.org/entity/Q129642
V6PPOS4028Z0,13,1,http://www.wikidata.org/entity/Q2027054
YADKBZ6BITWZ,1,0,http://www.wikidata.org/entity/Q5571007
YADKBZ6BITWZ,1,1,http://www.wikidata.org/entity/Q96249787
YADKBZ6BITWZ,2,0,http://www.wikidata.org/entity/Q5571009
YADKBZ6BITWZ,2,1,http://www.wikidata.org/entity/Q179351
YADKBZ6BITWZ,2,3,http://www.wikidata.org/entity/Q7446113
YADKBZ6BITWZ,3,0,http://www.wikidata.org/entity/Q7247509
YADKBZ6BITWZ,3,1,http://www.wikidata.org/entity/Q331380
YADKBZ6BITWZ,4,0,http://www.wikidata.org/entity/Q5464823
YADKBZ6BITWZ,4,1,http://www.wikidata.org/entity/Q179351
YADKBZ6BITWZ,4,3,http://www.wikidata.org/entity/Q3181911
YADKBZ6BITWZ,5,0,http://www.wikidata.org/entity/Q6888890
YADKBZ6BITWZ,5,1,http://www.wikidata.org/entity/Q100
YADKBZ6BITWZ,5,3,http://www.wikidata.org/entity/Q1056123
YADKBZ6BITWZ,6,0,http://www.wikidata.org/entity/Q607212
YADKBZ6BITWZ,6,1,http://www.wikidata.org/entity/Q11299
YADKBZ6BITWZ,6,3,http://www.wikidata.org/entity/Q7371225
YADKBZ6BITWZ,7,0,http://www.wikidata.org/entity/Q3982089
YADKBZ6BITWZ,7,1,http://www.wikidata.org/entity/Q102661
YADKBZ6BITWZ,8,0,http://www.wikidata.org/entity/Q3982298
YADKBZ6BITWZ,8,1,http://www.wikidata.org/entity/Q13674
GBHDGO72HV8J,1,0,http://www.wikidata.org/entity/Q5470517
GBHDGO72HV8J,1,1,http://www.wikidata.org/entity/Q1345
GBHDGO72HV8J,1,3,http://www.wikidata.org/entity/Q2414216
GBHDGO72HV8J,2,0,http://www.wikidata.org/entity/Q3500948
GBHDGO72HV8J,2,1,http://www.wikidata.org/entity/Q582
GBHDGO72HV8J,3,0,http://www.wikidata.org/entity/Q6676155
GBHDGO72HV8J,3,1,http://www.wikidata.org/entity/Q8356
GBHDGO72HV8J,3,3,http://www.wikidata.org/entity/Q8210810
GBHDGO72HV8J,4,0,http://www.wikidata.org/entity/Q2635919
GBHDGO72HV8J,4,1,http://www.wikidata.org/entity/Q8717
D4GFXGVDVBZT,1,0,http://www.wikidata.org/entity/Q17198466
D4GFXGVDVBZT,1,1,http://www.wikidata.org/entity/Q26033904
D4GFXGVDVBZT,2,0,http://www.wikidata.org/entity/Q804498
D4GFXGVDVBZT,2,1,http://www.wikidata.org/entity/Q5622296
D4GFXGVDVBZT,2,2,http://www.wikidata.org/entity/Q54855
D4GFXGVDVBZT,3,0,http://www.wikidata.org/entity/Q20856821
D4GFXGVDVBZT,3,1,http://www.wikidata.org/entity/Q7609965
D4GFXGVDVBZT,4,0,http://www.wikidata.org/entity/Q305250
D4GFXGVDVBZT,4,1,http://www.wikidata.org/entity/Q952428
D4GFXGVDVBZT,4,2,http://www.wikidata.org/entity/Q3663588
D4GFXGVDVBZT,5,0,http://www.wikidata.org/entity/Q1230691
D4GFXGVDVBZT,5,1,http://www.wikidata.org/entity/Q11671133
D4GFXGVDVBZT,5,2,http://www.wikidata.org/entity/Q2462086
D4GFXGVDVBZT,6,0,http://www.wikidata.org/entity/Q170035
D4GFXGVDVBZT,6,1,http://www.wikidata.org/entity/Q155124
D4GFXGVDVBZT,6,2,http://www.wikidata.org/entity/Q681740
D4GFXGVDVBZT,7,0,http://www.wikidata.org/entity/Q1514402
D4GFXGVDVBZT,7,1,http://www.wikidata.org/entity/Q3339651
D4GFXGVDVBZT,8,0,http://www.wikidata.org/entity/Q3808808
D4GFXGVDVBZT,8,2,http://www.wikidata.org/entity/Q3838527
D4GFXGVDVBZT,9,0,http://www.wikidata.org/entity/Q63986099
D4GFXGVDVBZT,9,2,http://www.wikidata.org/entity/Q86901655
D4GFXGVDVBZT,10,0,http://www.wikidata.org/entity/Q1402152
D4GFXGVDVBZT,10,1,http://www.wikidata.org/entity/Q106221
D4GFXGVDVBZT,10,2,http://www.wikidata.org/entity/Q2159160
D4GFXGVDVBZT,11,0,http://www.wikidata.org/entity/Q1164767
D4GFXGVDVBZT,11,1,http://www.wikidata.org/entity/Q545274
D4GFXGVDVBZT,12,0,http://www.wikidata.org/entity/Q5317361
D4GFXGVDVBZT,12,1,http://www.wikidata.org/entity/Q167546
D4GFXGVDVBZT,13,0,http://www.wikidata.org/entity/Q4341553
D4GFXGVDVBZT,13,1,http://www.wikidata.org/entity/Q1367518
D4GFXGVDVBZT,13,2,http://www.wikidata.org/entity/Q8704
D4GFXGVDVBZT,14,0,http://www.wikidata.org/entity/Q4003713
D4GFXGVDVBZT,14,1,http://www.wikidata.org/entity/Q16622417
D4GFXGVDVBZT,14,2,http://www.wikidata.org/entity/Q1527912
D4GFXGVDVBZT,15,0,http://www.wikidata.org/entity/Q179503
D4GFXGVDVBZT,15,1,http://www.wikidata.org/entity/Q313540
D4GFXGVDVBZT,15,2,http://www.wikidata.org/entity/Q47537071
5GSHJ0P4PFG6,1,0,http://www.wikidata.org/entity/Q4447
5GSHJ0P4PFG6,1,2,http://www.wikidata.org/entity/Q2620855
5GSHJ0P4PFG6,2,0,http://www.wikidata.org/entity/Q477965
5GSHJ0P4PFG6,2,2,http://www.wikidata.org/entity/Q777921
5GSHJ0P4PFG6,3,0,http://www.wikidata.org/entity/Q99513834
5GSHJ0P4PFG6,3,1,http://www.wikidata.org/entity/Q100741374
5GSHJ0P4PFG6,3,2,http://www.wikidata.org/entity/Q1377745
5GSHJ0P4PFG6,4,0,http://www.wikidata.org/entity/Q215617
5GSHJ0P4PFG6,4,1,http://www.wikidata.org/entity/Q2852929
5GSHJ0P4PFG6,4,2,http://www.wikidata.org/entity/Q4671338
0BHTCUBHBLTC,1,0,http://www.wikidata.org/entity/Q27866060
0BHTCUBHBLTC,1,1,http://www.wikidata.org/entity/Q1860
0BHTCUBHBLTC,2,0,http://www.wikidata.org/entity/Q27918412
0BHTCUBHBLTC,2,1,http://www.wikidata.org/entity/Q1860
0BHTCUBHBLTC,3,0,http://www.wikidata.org/entity/Q1514402
0BHTCUBHBLTC,3,1,http://www.wikidata.org/entity/Q1860
0BHTCUBHBLTC,4,0,http://www.wikidata.org/entity/Q668718
0BHTCUBHBLTC,4,1,http://www.wikidata.org/entity/Q150
0BHTCUBHBLTC,5,0,http://www.wikidata.org/entity/Q216153
0BHTCUBHBLTC,5,1,http://www.wikidata.org/entity/Q1860
0BHTCUBHBLTC,6,0,http://www.wikidata.org/entity/Q7746835
0BHTCUBHBLTC,6,1,http://www.wikidata.org/entity/Q652
0BHTCUBHBLTC,7,0,http://www.wikidata.org/entity/Q3088282
0BHTCUBHBLTC,7,1,http://www.wikidata.org/entity/Q5287
0BHTCUBHBLTC,8,0,http://www.wikidata.org/entity/Q40895
0BHTCUBHBLTC,8,1,http://www.wikidata.org/entity/Q1860
0BHTCUBHBLTC,9,0,http://www.wikidata.org/entity/Q15055043
0BHTCUBHBLTC,9,1,http://www.wikidata.org/entity/Q1860
0BHTCUBHBLTC,10,0,http://www.wikidata.org/entity/Q19880634
0BHTCUBHBLTC,10,1,http://www.wikidata.org/entity/Q1860
0BHTCUBHBLTC,11,0,http://www.wikidata.org/entity/Q16836138
0BHTCUBHBLTC,11,1,http://www.wikidata.org/entity/Q150
0BHTCUBHBLTC,12,0,http://www.wikidata.org/entity/Q85760113
0BHTCUBHBLTC,12,1,http://www.wikidata.org/entity/Q1860
0BHTCUBHBLTC,13,0,http://www.wikidata.org/entity/Q4353159
0BHTCUBHBLTC,13,1,http://www.wikidata.org/entity/Q9027
0BHTCUBHBLTC,14,0,http://www.wikidata.org/entity/Q392530
0BHTCUBHBLTC,14,1,http://www.wikidata.org/entity/Q1860
0BHTCUBHBLTC,15,0,http://www.wikidata.org/entity/Q62126928
0BHTCUBHBLTC,15,1,http://www.wikidata.org/entity/Q5287
0BHTCUBHBLTC,16,0,http://www.wikidata.org/entity/Q508032
0BHTCUBHBLTC,16,1,http://www.wikidata.org/entity/Q9056
0BHTCUBHBLTC,17,0,http://www.wikidata.org/entity/Q274520
0BHTCUBHBLTC,17,1,http://www.wikidata.org/entity/Q5287
0BHTCUBHBLTC,18,0,http://www.wikidata.org/entity/Q16523604
0BHTCUBHBLTC,18,1,http://www.wikidata.org/entity/Q9067
0BHTCUBHBLTC,19,0,http://www.wikidata.org/entity/Q944102
0BHTCUBHBLTC,19,1,http://www.wikidata.org/entity/Q150
0BHTCUBHBLTC,20,0,http://www.wikidata.org/entity/Q752301
0BHTCUBHBLTC,20,1,http://www.wikidata.org/entity/Q1860
MAM047YLHNQG,1,0,http://www.wikidata.org/entity/Q3677044
MAM047YLHNQG,1,1,http://www.wikidata.org/entity/Q744089
MAM047YLHNQG,2,0,http://www.wikidata.org/entity/Q113278488
MAM047YLHNQG,3,0,http://www.wikidata.org/entity/Q3632818
MAM047YLHNQG,3,1,http://www.wikidata.org/entity/Q744089
MAM047YLHNQG,4,0,http://www.wikidata.org/entity/Q950784
MAM047YLHNQG,4,1,http://www.wikidata.org/entity/Q948442
MAM047YLHNQG,5,0,http://www.wikidata.org/entity/Q66780222
MAM047YLHNQG,6,0,http://www.wikidata.org/entity/Q53866533
MAM047YLHNQG,6,1,http://www.wikidata.org/entity/Q744089
MAM047YLHNQG,7,0,http://www.wikidata.org/entity/Q3633938
MAM047YLHNQG,8,0,http://www.wikidata.org/entity/Q3677054
MAM047YLHNQG,8,1,http://www.wikidata.org/entity/Q948442
MAM047YLHNQG,9,0,http://www.wikidata.org/entity/Q3677051
MAM047YLHNQG,9,1,http://www.wikidata.org/entity/Q744089
MAM047YLHNQG,10,0,http://www.wikidata.org/entity/Q34973277
MAM047YLHNQG,11,0,http://www.wikidata.org/entity/Q3677028
HHZPDZ77JT0M,1,0,http://www.wikidata.org/entity/Q795427
HHZPDZ77JT0M,1,1,http://www.wikidata.org/entity/Q161885
HHZPDZ77JT0M,2,0,http://www.wikidata.org/entity/Q2340665
HHZPDZ77JT0M,2,1,http://www.wikidata.org/entity/Q8680
HHZPDZ77JT0M,3,0,http://www.wikidata.org/entity/Q1780114
HHZPDZ77JT0M,3,1,http://www.wikidata.org/entity/Q174193
HHZPDZ77JT0M,4,0,http://www.wikidata.org/entity/Q376178
HHZPDZ77JT0M,4,1,http://www.wikidata.org/entity/Q8680
HHZPDZ77JT0M,5,0,http://www.wikidata.org/entity/Q98931415
HHZPDZ77JT0M,5,1,http://www.wikidata.org/entity/Q8680
HHZPDZ77JT0M,6,0,http://www.wikidata.org/entity/Q918861
4ITM8YIDKLZ8,1,0,http://www.wikidata.org/entity/Q9167806
4ITM8YIDKLZ8,1,1,http://www.wikidata.org/entity/Q1841
4ITM8YIDKLZ8,2,0,http://www.wikidata.org/entity/Q9167688
4ITM8YIDKLZ8,2,1,http://www.wikidata.org/entity/Q1841
4ITM8YIDKLZ8,3,0,http://www.wikidata.org/entity/Q4845403
4ITM8YIDKLZ8,3,1,http://www.wikidata.org/entity/Q4850935
4ITM8YIDKLZ8,4,0,http://www.wikidata.org/entity/Q4507644
4ITM8YIDKLZ8,4,1,http://www.wikidata.org/entity/Q3333484
4ITM8YIDKLZ8,5,0,http://www.wikidata.org/entity/Q4504723
4ITM8YIDKLZ8,5,1,http://www.wikidata.org/entity/Q3333484
4ITM8YIDKLZ8,6,0,http://www.wikidata.org/entity/Q4207773
4ITM8YIDKLZ8,6,1,http://www.wikidata.org/entity/Q3333484
4ITM8YIDKLZ8,7,0,http://www.wikidata.org/entity/Q4301480
4ITM8YIDKLZ8,7,1,http://www.wikidata.org/entity/Q1841
4ITM8YIDKLZ8,8,0,http://www.wikidata.org/entity/Q14912692
4ITM8YIDKLZ8,8,1,http://www.wikidata.org/entity/Q6423963
4ITM8YIDKLZ8,9,0,http://www.wikidata.org/entity/Q16653700
4ITM8YIDKLZ8,9,1,http://www.wikidata.org/entity/Q3333484
4ITM8YIDKLZ8,10,0,http://www.wikidata.org/entity/Q13668662
4ITM8YIDKLZ8,10,1,http://www.wikidata.org/entity/Q3333484
4ITM8YIDKLZ8,11,0,http://www.wikidata.org/entity/Q13668700
4ITM8YIDKLZ8,11,1,http://www.wikidata.org/entity/Q9268
4ITM8YIDKLZ8,12,0,http://www.wikidata.org/entity/Q11739786
4ITM8YIDKLZ8,12,1,http://www.wikidata.org/entity/Q1841
4ITM8YIDKLZ8,13,0,http://www.wikidata.org/entity/Q11733906
4ITM8YIDKLZ8,13,1,http://www.wikidata.org/entity/Q1841
4ITM8YIDKLZ8,14,0,http://www.wikidata.org/entity/Q966643
4ITM8YIDKLZ8,14,1,http://www.wikidata.org/entity/Q3333484
4ITM8YIDKLZ8,15,0,http://www.wikidata.org/entity/Q946428
4ITM8YIDKLZ8,15,1,http://www.wikidata.org/entity/Q3333484
4ITM8YIDKLZ8,16,0,http://www.wikidata.org/entity/Q917830
4ITM8YIDKLZ8,16,1,http://www.wikidata.org/entity/Q3333484
4ITM8YIDKLZ8,17,0,http://www.wikidata.org/entity/Q830054
4ITM8YIDKLZ8,17,1,http://www.wikidata.org/entity/Q3333484
4ITM8YIDKLZ8,18,0,http://www.wikidata.org/entity/Q756189
4ITM8YIDKLZ8,18,1,http://www.wikidata.org/entity/Q3333484
4ITM8YIDKLZ8,19,0,http://www.wikidata.org/entity/Q810684
4ITM8YIDKLZ8,19,1,http://www.wikidata.org/entity/Q597526
4ITM8YIDKLZ8,20,0,http://www.wikidata.org/entity/Q1045876
4ITM8YIDKLZ8,20,1,http://www.wikidata.org/entity/Q132265
4ITM8YIDKLZ8,21,0,http://www.wikidata.org/entity/Q850042
4ITM8YIDKLZ8,21,1,http://www.wikidata.org/entity/Q75809
4ITM8YIDKLZ8,22,0,http://www.wikidata.org/entity/Q931577
4ITM8YIDKLZ8,22,1,http://www.wikidata.org/entity/Q1841
4ITM8YIDKLZ8,23,0,http://www.wikidata.org/entity/Q860739
4ITM8YIDKLZ8,23,1,http://www.wikidata.org/entity/Q1841
4ITM8YIDKLZ8,24,0,http://www.wikidata.org/entity/Q860536
4ITM8YIDKLZ8,24,1,http://www.wikidata.org/entity/Q1841
GHG412IIXVN5,1,0,http://www.wikidata.org/entity/Q26603178
GHG412IIXVN5,1,1,http://www.wikidata.org/entity/Q22047643
GHG412IIXVN5,2,0,http://www.wikidata.org/entity/Q26641534
GHG412IIXVN5,2,1,http://www.wikidata.org/entity/Q1241544
OCQF6FA69MC9,1,0,http://www.wikidata.org/entity/Q3321904
OCQF6FA69MC9,1,2,http://www.wikidata.org/entity/Q1132024
OCQF6FA69MC9,2,0,http://www.wikidata.org/entity/Q2549314
OCQF6FA69MC9,2,1,http://www.wikidata.org/entity/Q29021289
GWQ8JTVADJZA,1,0,http://www.wikidata.org/entity/Q19296984
GWQ8JTVADJZA,2,0,http://www.wikidata.org/entity/Q19279357
GWQ8JTVADJZA,3,0,http://www.wikidata.org/entity/Q18415063
GWQ8JTVADJZA,4,0,http://www.wikidata.org/entity/Q18415062
GWQ8JTVADJZA,5,0,http://www.wikidata.org/entity/Q18169640
GWQ8JTVADJZA,6,0,http://www.wikidata.org/entity/Q17805869
GWQ8JTVADJZA,7,0,http://www.wikidata.org/entity/Q17173414
GWQ8JTVADJZA,8,0,http://www.wikidata.org/entity/Q17170926
GWQ8JTVADJZA,9,0,http://www.wikidata.org/entity/Q16926723
GWQ8JTVADJZA,10,0,http://www.wikidata.org/entity/Q16665277
GWQ8JTVADJZA,11,0,http://www.wikidata.org/entity/Q16665150
GWQ8JTVADJZA,12,0,http://www.wikidata.org/entity/Q16662168
GWQ8JTVADJZA,13,0,http://www.wikidata.org/entity/Q16653094
GWQ8JTVADJZA,14,0,http://www.wikidata.org/entity/Q15733327
GWQ8JTVADJZA,15,0,http://www.wikidata.org/entity/Q15277853
GWQ8JTVADJZA,16,0,http://www.wikidata.org/entity/Q15115079
GWQ8JTVADJZA,17,0,http://www.wikidata.org/entity/Q13667738
GWQ8JTVADJZA,18,0,http://www.wikidata.org/entity/Q13425731
GWQ8JTVADJZA,19,0,http://www.wikidata.org/entity/Q13425225
GWQ8JTVADJZA,20,0,http://www.wikidata.org/entity/Q13388092
GWQ8JTVADJZA,21,0,http://www.wikidata.org/entity/Q12779170
GWQ8JTVADJZA,22,0,http://www.wikidata.org/entity/Q12777936
GWQ8JTVADJZA,23,0,http://www.wikidata.org/entity/Q12773636
D8X1SAM6TP1G,1,0,http://www.wikidata.org/entity/Q520588
D8X1SAM6TP1G,2,0,http://www.wikidata.org/entity/Q444199
D8X1SAM6TP1G,3,0,http://www.wikidata.org/entity/Q405500
D8X1SAM6TP1G,4,0,http://www.wikidata.org/entity/Q289042
D8X1SAM6TP1G,5,0,http://www.wikidata.org/entity/Q267144
D8X1SAM6TP1G,6,0,http://www.wikidata.org/entity/Q260619
D8X1SAM6TP1G,7,0,http://www.wikidata.org/entity/Q142624
D8X1SAM6TP1G,8,0,http://www.wikidata.org/entity/Q82230
D8X1SAM6TP1G,9,0,http://www.wikidata.org/entity/Q3470469
D8X1SAM6TP1G,10,0,http://www.wikidata.org/entity/Q2001652
D8X1SAM6TP1G,11,0,http://www.wikidata.org/entity/Q1570633
D8X1SAM6TP1G,12,0,http://www.wikidata.org/entity/Q1570610
D8X1SAM6TP1G,13,0,http://www.wikidata.org/entity/Q1570564
D8X1SAM6TP1G,14,0,http://www.wikidata.org/entity/Q1570511
D8X1SAM6TP1G,15,0,http://www.wikidata.org/entity/Q1570504
D8X1SAM6TP1G,16,0,http://www.wikidata.org/entity/Q1570484
D8X1SAM6TP1G,17,0,http://www.wikidata.org/entity/Q1570473
D8X1SAM6TP1G,18,0,http://www.wikidata.org/entity/Q1570402
D8X1SAM6TP1G,19,0,http://www.wikidata.org/entity/Q1570396
D8X1SAM6TP1G,20,0,http://www.wikidata.org/entity/Q1570388
WMVX0XFFMPEN,1,0,http://www.wikidata.org/entity/Q64457
WMVX0XFFMPEN,2,0,http://www.wikidata.org/entity/Q66692
WMVX0XFFMPEN,3,0,http://www.wikidata.org/entity/Q28035756
WMVX0XFFMPEN,4,0,http://www.wikidata.org/entity/Q65477
WMVX0XFFMPEN,5,0,http://www.wikidata.org/entity/Q70359
WMVX0XFFMPEN,6,0,http://www.wikidata.org/entity/Q65886
WMVX0XFFMPEN,7,0,http://www.wikidata.org/entity/Q66635
WMVX0XFFMPEN,8,0,http://www.wikidata.org/entity/Q68471
WMVX0XFFMPEN,8,1,http://www.wikidata.org/entity/Q6655
WMVX0XFFMPEN,9,0,http://www.wikidata.org/entity/Q4191
WMVX0XFFMPEN,9,1,http://www.wikidata.org/entity/Q6655
WMVX0XFFMPEN,10,0,http://www.wikidata.org/entity/Q70673
WMVX0XFFMPEN,11,0,http://www.wikidata.org/entity/Q67904
A0TU0VHX3BGJ,1,0,http://www.wikidata.org/entity/Q19845330
A0TU0VHX3BGJ,1,1,http://www.wikidata.org/entity/Q17005906
A0TU0VHX3BGJ,2,0,http://www.wikidata.org/entity/Q19904300
A0TU0VHX3BGJ,2,1,http://www.wikidata.org/entity/Q16331915
A0TU0VHX3BGJ,3,0,http://www.wikidata.org/entity/Q19901419
A0TU0VHX3BGJ,3,1,http://www.wikidata.org/entity/Q5015583
A0TU0VHX3BGJ,4,0,http://www.wikidata.org/entity/Q19901415
A0TU0VHX3BGJ,4,1,http://www.wikidata.org/entity/Q5015491
A0TU0VHX3BGJ,5,0,http://www.wikidata.org/entity/Q19901426
A0TU0VHX3BGJ,5,1,http://www.wikidata.org/entity/Q1567190
A0TU0VHX3BGJ,6,0,http://www.wikidata.org/entity/Q11812510
A0TU0VHX3BGJ,6,1,http://www.wikidata.org/entity/Q47092681
A0TU0VHX3BGJ,7,0,http://www.wikidata.org/entity/Q12490460
A0TU0VHX3BGJ,7,1,http://www.wikidata.org/entity/Q23929770
A0TU0VHX3BGJ,8,0,http://www.wikidata.org/entity/Q11393870
A0TU0VHX3BGJ,8,1,http://www.wikidata.org/entity/Q5015558
A0TU0VHX3BGJ,9,0,http://www.wikidata.org/entity/Q12479878
A0TU0VHX3BGJ,9,1,http://www.wikidata.org/entity/Q2993836
A0TU0VHX3BGJ,10,0,http://www.wikidata.org/entity/Q11895091
A0TU0VHX3BGJ,10,1,http://www.wikidata.org/entity/Q2366737
A0TU0VHX3BGJ,11,0,http://www.wikidata.org/entity/Q11796986
A0TU0VHX3BGJ,11,1,http://www.wikidata.org/entity/Q2028178
A0TU0VHX3BGJ,12,0,http://www.wikidata.org/entity/Q11796981
A0TU0VHX3BGJ,12,1,http://www.wikidata.org/entity/Q2028178
A0TU0VHX3BGJ,13,0,http://www.wikidata.org/entity/Q11796967
A0TU0VHX3BGJ,13,1,http://www.wikidata.org/entity/Q2028178
A0TU0VHX3BGJ,14,0,http://www.wikidata.org/entity/Q11992117
A0TU0VHX3BGJ,14,1,http://www.wikidata.org/entity/Q1770849
KNZ8WPJREGVQ,1,0,http://www.wikidata.org/entity/Q1050309
KNZ8WPJREGVQ,2,0,http://www.wikidata.org/entity/Q1638646
DG8VIRPEZNNN,1,0,http://www.wikidata.org/entity/Q40178187
DG8VIRPEZNNN,1,1,http://www.wikidata.org/entity/Q97
DG8VIRPEZNNN,1,3,http://www.wikidata.org/entity/Q28055652
DG8VIRPEZNNN,2,0,http://www.wikidata.org/entity/Q64706726
DG8VIRPEZNNN,2,1,http://www.wikidata.org/entity/Q63860551
DG8VIRPEZNNN,2,3,http://www.wikidata.org/entity/Q44133617
DG8VIRPEZNNN,3,0,http://www.wikidata.org/entity/Q118289190
DG8VIRPEZNNN,3,3,http://www.wikidata.org/entity/Q115809288
DG8VIRPEZNNN,4,0,http://www.wikidata.org/entity/Q1139080
DG8VIRPEZNNN,4,1,http://www.wikidata.org/entity/Q97
DG8VIRPEZNNN,4,3,http://www.wikidata.org/entity/Q2036654
DG8VIRPEZNNN,5,0,http://www.wikidata.org/entity/Q1050309
DG8VIRPEZNNN,5,1,http://www.wikidata.org/entity/Q97
DG8VIRPEZNNN,5,3,http://www.wikidata.org/entity/Q170613
DG8VIRPEZNNN,6,0,http://www.wikidata.org/entity/Q8463701
DG8VIRPEZNNN,6,1,http://www.wikidata.org/entity/Q63860551
DG8VIRPEZNNN,6,3,http://www.wikidata.org/entity/Q913995
DG8VIRPEZNNN,7,0,http://www.wikidata.org/entity/Q56210962
DG8VIRPEZNNN,7,1,http://www.wikidata.org/entity/Q63860551
DG8VIRPEZNNN,7,3,http://www.wikidata.org/entity/Q44133617
DG8VIRPEZNNN,8,0,http://www.wikidata.org/entity/Q1638615
DG8VIRPEZNNN,8,1,http://www.wikidata.org/entity/Q97
DG8VIRPEZNNN,8,3,http://www.wikidata.org/entity/Q2641791
Q1NH1ON9RBQL,1,0,http://www.wikidata.org/entity/Q1051718
Q1NH1ON9RBQL,2,0,http://www.wikidata.org/entity/Q936954
Q1NH1ON9RBQL,2,1,http://www.wikidata.org/entity/Q27792202
35ZH0R0LBUSJ,1,0,http://www.wikidata.org/entity/Q105086401
35ZH0R0LBUSJ,1,1,http://www.wikidata.org/entity/Q5805441
35ZH0R0LBUSJ,2,0,http://www.wikidata.org/entity/Q95597336
63H3EUGKR1VD,1,0,http://www.wikidata.org/entity/Q26541663
63H3EUGKR1VD,1,1,http://www.wikidata.org/entity/Q1077003
63H3EUGKR1VD,1,2,http://www.wikidata.org/entity/Q40089
63H3EUGKR1VD,2,0,http://www.wikidata.org/entity/Q26483823
63H3EUGKR1VD,2,1,http://www.wikidata.org/entity/Q210531
63H3EUGKR1VD,2,2,http://www.wikidata.org/entity/Q40089
63H3EUGKR1VD,3,0,http://www.wikidata.org/entity/Q26459067
63H3EUGKR1VD,3,1,http://www.wikidata.org/entity/Q2388026
63H3EUGKR1VD,3,2,http://www.wikidata.org/entity/Q60793701
63H3EUGKR1VD,4,0,http://www.wikidata.org/entity/Q26457442
63H3EUGKR1VD,4,1,http://www.wikidata.org/entity/Q2376413
63H3EUGKR1VD,4,2,http://www.wikidata.org/entity/Q1225329
63H3EUGKR1VD,5,0,http://www.wikidata.org/entity/Q26397909
63H3EUGKR1VD,5,1,http://www.wikidata.org/entity/Q21886091
63H3EUGKR1VD,5,2,http://www.wikidata.org/entity/Q60793701
TNIJJ7DFJNQ6,1,0,http://www.wikidata.org/entity/Q19911519
TNIJJ7DFJNQ6,1,1,http://www.wikidata.org/entity/Q15700834
TNIJJ7DFJNQ6,2,0,http://www.wikidata.org/entity/Q729177
TNIJJ7DFJNQ6,2,1,http://www.wikidata.org/entity/Q15700818
OR6O2T8Y7B0R,1,0,http://www.wikidata.org/entity/Q55210605
OR6O2T8Y7B0R,1,1,http://www.wikidata.org/entity/Q56677470
OR6O2T8Y7B0R,2,0,http://www.wikidata.org/entity/Q55210411
OR6O2T8Y7B0R,2,1,http://www.wikidata.org/entity/Q56677470
Z65J5N32KFPJ,1,0,http://www.wikidata.org/entity/Q4743707
Z65J5N32KFPJ,2,0,http://www.wikidata.org/entity/Q5415690
Z65J5N32KFPJ,3,0,http://www.wikidata.org/entity/Q9592
Z65J5N32KFPJ,4,0,http://www.wikidata.org/entity/Q5911215
Z65J5N32KFPJ,4,1,http://www.wikidata.org/entity/Q10400
Z65J5N32KFPJ,5,0,http://www.wikidata.org/entity/Q5415693
Z65J5N32KFPJ,6,0,http://www.wikidata.org/entity/Q7539344
Z65J5N32KFPJ,7,0,http://www.wikidata.org/entity/Q7813834
Z65J5N32KFPJ,7,1,http://www.wikidata.org/entity/Q193638
Z65J5N32KFPJ,8,0,http://www.wikidata.org/entity/Q64831672
Z65J5N32KFPJ,8,1,http://www.wikidata.org/entity/Q485716
Z65J5N32KFPJ,9,0,http://www.wikidata.org/entity/Q10890281
Z65J5N32KFPJ,9,1,http://www.wikidata.org/entity/Q16572
Z65J5N32KFPJ,10,0,http://www.wikidata.org/entity/Q3550222
Z65J5N32KFPJ,11,0,http://www.wikidata.org/entity/Q5909110
Z65J5N32KFPJ,11,1,http://www.wikidata.org/entity/Q48278
M47SNAJO10Z0,1,0,http://www.wikidata.org/entity/Q428466
M47SNAJO10Z0,1,1,http://www.wikidata.org/entity/Q141595
M47SNAJO10Z0,2,0,http://www.wikidata.org/entity/Q516388
M47SNAJO10Z0,2,1,http://www.wikidata.org/entity/Q141403
M47SNAJO10Z0,3,0,http://www.wikidata.org/entity/Q641713
M47SNAJO10Z0,3,1,http://www.wikidata.org/entity/Q139231
M47SNAJO10Z0,4,0,http://www.wikidata.org/entity/Q259690
M47SNAJO10Z0,4,1,http://www.wikidata.org/entity/Q139229
M47SNAJO10Z0,5,0,http://www.wikidata.org/entity/Q692300
M47SNAJO10Z0,5,1,http://www.wikidata.org/entity/Q139208
78AWWPL0AHMB,1,0,http://www.wikidata.org/entity/Q1865132
78AWWPL0AHMB,2,0,http://www.wikidata.org/entity/Q96204511
78AWWPL0AHMB,3,0,http://www.wikidata.org/entity/Q30899490
78AWWPL0AHMB,4,0,http://www.wikidata.org/entity/Q56271582
78AWWPL0AHMB,5,0,http://www.wikidata.org/entity/Q468814
78AWWPL0AHMB,6,0,http://www.wikidata.org/entity/Q2017684
78AWWPL0AHMB,7,0,http://www.wikidata.org/entity/Q1147441
78AWWPL0AHMB,8,0,http://www.wikidata.org/entity/Q457242
78AWWPL0AHMB,9,0,http://www.wikidata.org/entity/Q662653
78AWWPL0AHMB,10,0,http://www.wikidata.org/entity/Q3951019
78AWWPL0AHMB,11,0,http://www.wikidata.org/entity/Q146720
78AWWPL0AHMB,12,0,http://www.wikidata.org/entity/Q1448131
78AWWPL0AHMB,13,0,http://www.wikidata.org/entity/Q56282586
78AWWPL0AHMB,14,0,http://www.wikidata.org/entity/Q13410267
78AWWPL0AHMB,15,0,http://www.wikidata.org/entity/Q1063498
78AWWPL0AHMB,16,0,http://www.wikidata.org/entity/Q1077630
78AWWPL0AHMB,17,0,http://www.wikidata.org/entity/Q5919137
78AWWPL0AHMB,18,0,http://www.wikidata.org/entity/Q876185
78AWWPL0AHMB,19,0,http://www.wikidata.org/entity/Q3028514
78AWWPL0AHMB,20,0,http://www.wikidata.org/entity/Q10825475
78AWWPL0AHMB,21,0,http://www.wikidata.org/entity/Q7891201
78AWWPL0AHMB,22,0,http://www.wikidata.org/entity/Q3497642
78AWWPL0AHMB,23,0,http://www.wikidata.org/entity/Q1471373
78AWWPL0AHMB,24,0,http://www.wikidata.org/entity/Q112062660
EFXU12UQFX8M,1,0,http://www.wikidata.org/entity/Q1537172
EFXU12UQFX8M,1,1,http://www.wikidata.org/entity/Q785084
EFXU12UQFX8M,2,0,http://www.wikidata.org/entity/Q602045
EFXU12UQFX8M,3,0,http://www.wikidata.org/entity/Q552454
EFXU12UQFX8M,4,0,http://www.wikidata.org/entity/Q785094
EFXU12UQFX8M,5,0,http://www.wikidata.org/entity/Q785055
EFXU12UQFX8M,6,0,http://www.wikidata.org/entity/Q785149
EFXU12UQFX8M,6,1,http://www.wikidata.org/entity/Q606055
EFXU12UQFX8M,7,0,http://www.wikidata.org/entity/Q2142663
EFXU12UQFX8M,8,0,http://www.wikidata.org/entity/Q205017
EFXU12UQFX8M,8,1,http://www.wikidata.org/entity/Q785180
EFXU12UQFX8M,9,0,http://www.wikidata.org/entity/Q2593641
EFXU12UQFX8M,9,1,http://www.wikidata.org/entity/Q1318650
EFXU12UQFX8M,10,0,http://www.wikidata.org/entity/Q278069
EFXU12UQFX8M,11,0,http://www.wikidata.org/entity/Q785146
EFXU12UQFX8M,12,0,http://www.wikidata.org/entity/Q2227181
EFXU12UQFX8M,13,0,http://www.wikidata.org/entity/Q785121
TH3DZ0OZON8K,1,0,http://www.wikidata.org/entity/Q5315101
TH3DZ0OZON8K,2,0,http://www.wikidata.org/entity/Q4850625
TH3DZ0OZON8K,3,0,http://www.wikidata.org/entity/Q832548
TH3DZ0OZON8K,4,0,http://www.wikidata.org/entity/Q20913546
S1BQG7WJPH6K,1,0,http://www.wikidata.org/entity/Q2889082
S1BQG7WJPH6K,2,0,http://www.wikidata.org/entity/Q2888807
S1BQG7WJPH6K,3,0,http://www.wikidata.org/entity/Q2909935
S1BQG7WJPH6K,4,0,http://www.wikidata.org/entity/Q2777883
S1BQG7WJPH6K,5,0,http://www.wikidata.org/entity/Q2889781
S1BQG7WJPH6K,6,0,http://www.wikidata.org/entity/Q2920082
S1BQG7WJPH6K,7,0,http://www.wikidata.org/entity/Q2777712
S1BQG7WJPH6K,8,0,http://www.wikidata.org/entity/Q2777026
S1BQG7WJPH6K,9,0,http://www.wikidata.org/entity/Q2888855
TRQJZ1EBK54U,1,0,http://www.wikidata.org/entity/Q1051236
TRQJZ1EBK54U,1,1,http://www.wikidata.org/entity/Q190795
TRQJZ1EBK54U,1,3,http://www.wikidata.org/entity/Q721397
TRQJZ1EBK54U,2,0,http://www.wikidata.org/entity/Q738200
TRQJZ1EBK54U,2,1,http://www.wikidata.org/entity/Q849730
TRQJZ1EBK54U,2,3,http://www.wikidata.org/entity/Q708452
TRQJZ1EBK54U,3,0,http://www.wikidata.org/entity/Q700126
TRQJZ1EBK54U,3,1,http://www.wikidata.org/entity/Q190795
TRQJZ1EBK54U,3,3,http://www.wikidata.org/entity/Q317792
TRQJZ1EBK54U,4,0,http://www.wikidata.org/entity/Q238773
TRQJZ1EBK54U,4,1,http://www.wikidata.org/entity/Q849730
TRQJZ1EBK54U,4,3,http://www.wikidata.org/entity/Q467732
TRQJZ1EBK54U,5,0,http://www.wikidata.org/entity/Q904285
TRQJZ1EBK54U,5,1,http://www.wikidata.org/entity/Q849730
TRQJZ1EBK54U,5,3,http://www.wikidata.org/entity/Q488008
TRQJZ1EBK54U,6,0,http://www.wikidata.org/entity/Q677519
TRQJZ1EBK54U,6,1,http://www.wikidata.org/entity/Q849730
TRQJZ1EBK54U,6,3,http://www.wikidata.org/entity/Q468258
TRQJZ1EBK54U,7,0,http://www.wikidata.org/entity/Q921112
TRQJZ1EBK54U,7,1,http://www.wikidata.org/entity/Q190795
TRQJZ1EBK54U,7,3,http://www.wikidata.org/entity/Q539358
TRQJZ1EBK54U,8,0,http://www.wikidata.org/entity/Q1540622
TRQJZ1EBK54U,8,1,http://www.wikidata.org/entity/Q190795
TRQJZ1EBK54U,8,3,http://www.wikidata.org/entity/Q1339046
TRQJZ1EBK54U,9,0,http://www.wikidata.org/entity/Q1753031
TRQJZ1EBK54U,9,1,http://www.wikidata.org/entity/Q190795
TRQJZ1EBK54U,9,3,http://www.wikidata.org/entity/Q466075
TRQJZ1EBK54U,10,0,http://www.wikidata.org/entity/Q577280
TRQJZ1EBK54U,10,1,http://www.wikidata.org/entity/Q849730
TRQJZ1EBK54U,10,3,http://www.wikidata.org/entity/Q471486
TRQJZ1EBK54U,11,0,http://www.wikidata.org/entity/Q643774
TRQJZ1EBK54U,11,1,http://www.wikidata.org/entity/Q190795
TRQJZ1EBK54U,11,3,http://www.wikidata.org/entity/Q641389
TRQJZ1EBK54U,12,0,http://www.wikidata.org/entity/Q767583
TRQJZ1EBK54U,12,1,http://www.wikidata.org/entity/Q849730
TRQJZ1EBK54U,12,3,http://www.wikidata.org/entity/Q446233
TRQJZ1EBK54U,13,0,http://www.wikidata.org/entity/Q748738
TRQJZ1EBK54U,13,1,http://www.wikidata.org/entity/Q190795
TRQJZ1EBK54U,13,3,http://www.wikidata.org/entity/Q708489
TRQJZ1EBK54U,14,0,http://www.wikidata.org/entity/Q533568
TRQJZ1EBK54U,14,1,http://www.wikidata.org/entity/Q190795
TRQJZ1EBK54U,14,3,http://www.wikidata.org/entity/Q709634
TRQJZ1EBK54U,15,0,http://www.wikidata.org/entity/Q1072785
TRQJZ1EBK54U,15,1,http://www.wikidata.org/entity/Q190795
TRQJZ1EBK54U,15,3,http://www.wikidata.org/entity/Q520760
TRQJZ1EBK54U,16,0,http://www.wikidata.org/entity/Q1540599
TRQJZ1EBK54U,16,1,http://www.wikidata.org/entity/Q190795
TRQJZ1EBK54U,16,3,http://www.wikidata.org/entity/Q956160
TRQJZ1EBK54U,17,0,http://www.wikidata.org/entity/Q261401
TRQJZ1EBK54U,17,1,http://www.wikidata.org/entity/Q849730
TRQJZ1EBK54U,17,3,http://www.wikidata.org/entity/Q449577
CFW8GHQ1E9K5,1,0,http://www.wikidata.org/entity/Q19868260
CFW8GHQ1E9K5,2,0,http://www.wikidata.org/entity/Q11129404
CFW8GHQ1E9K5,2,1,http://www.wikidata.org/entity/Q11632876
CFW8GHQ1E9K5,3,0,http://www.wikidata.org/entity/Q11083319
CFW8GHQ1E9K5,3,1,http://www.wikidata.org/entity/Q23621323
CFW8GHQ1E9K5,4,0,http://www.wikidata.org/entity/Q11649468
CFW8GHQ1E9K5,4,1,http://www.wikidata.org/entity/Q11181986
CFW8GHQ1E9K5,5,0,http://www.wikidata.org/entity/Q11059623
CFW8GHQ1E9K5,5,1,http://www.wikidata.org/entity/Q11425809
CFW8GHQ1E9K5,6,0,http://www.wikidata.org/entity/Q11662154
CFW8GHQ1E9K5,7,0,http://www.wikidata.org/entity/Q85881736
CFW8GHQ1E9K5,8,0,http://www.wikidata.org/entity/Q11174898
CFW8GHQ1E9K5,8,1,http://www.wikidata.org/entity/Q11104486
J8X949XB99ZE,1,0,http://www.wikidata.org/entity/Q554838
J8X949XB99ZE,1,1,http://www.wikidata.org/entity/Q31550
J8X949XB99ZE,1,2,http://www.wikidata.org/entity/Q156649
J8X949XB99ZE,2,0,http://www.wikidata.org/entity/Q5632172
J8X949XB99ZE,2,1,http://www.wikidata.org/entity/Q2587107
J8X949XB99ZE,2,2,http://www.wikidata.org/entity/Q172771
J8X949XB99ZE,3,0,http://www.wikidata.org/entity/Q1584709
J8X949XB99ZE,3,2,http://www.wikidata.org/entity/Q208711
J8X949XB99ZE,4,0,http://www.wikidata.org/entity/Q473482
J8X949XB99ZE,4,1,http://www.wikidata.org/entity/Q13415411
J8X949XB99ZE,4,2,http://www.wikidata.org/entity/Q172771
J8X949XB99ZE,5,0,http://www.wikidata.org/entity/Q932555
J8X949XB99ZE,5,1,http://www.wikidata.org/entity/Q2063298
J8X949XB99ZE,5,2,http://www.wikidata.org/entity/Q217406
J8X949XB99ZE,6,0,http://www.wikidata.org/entity/Q1564684
J8X949XB99ZE,6,1,http://www.wikidata.org/entity/Q138894
J8X949XB99ZE,6,2,http://www.wikidata.org/entity/Q172771
J8X949XB99ZE,7,0,http://www.wikidata.org/entity/Q5634308
J8X949XB99ZE,7,1,http://www.wikidata.org/entity/Q2983759
J8X949XB99ZE,7,2,http://www.wikidata.org/entity/Q172771
J8X949XB99ZE,8,0,http://www.wikidata.org/entity/Q732620
J8X949XB99ZE,8,2,http://www.wikidata.org/entity/Q172771
J8X949XB99ZE,9,0,http://www.wikidata.org/entity/Q4993776
J8X949XB99ZE,9,1,http://www.wikidata.org/entity/Q2504762
J8X949XB99ZE,9,2,http://www.wikidata.org/entity/Q172771
J8X949XB99ZE,10,0,http://www.wikidata.org/entity/Q627855
J8X949XB99ZE,10,1,http://www.wikidata.org/entity/Q2587107
J8X949XB99ZE,10,2,http://www.wikidata.org/entity/Q172771
J8X949XB99ZE,11,0,http://www.wikidata.org/entity/Q5229890
J8X949XB99ZE,11,1,http://www.wikidata.org/entity/Q2257543
J8X949XB99ZE,11,2,http://www.wikidata.org/entity/Q11220
J8X949XB99ZE,12,0,http://www.wikidata.org/entity/Q2704491
J8X949XB99ZE,12,1,http://www.wikidata.org/entity/Q138894
J8X949XB99ZE,12,2,http://www.wikidata.org/entity/Q172771
MOPQ4B1RZ5M9,1,0,http://www.wikidata.org/entity/Q24027353
MOPQ4B1RZ5M9,1,2,http://www.wikidata.org/entity/Q23927955
MOPQ4B1RZ5M9,2,0,http://www.wikidata.org/entity/Q24027171
MOPQ4B1RZ5M9,2,2,http://www.wikidata.org/entity/Q23927955
MOPQ4B1RZ5M9,3,0,http://www.wikidata.org/entity/Q24027347
MOPQ4B1RZ5M9,3,2,http://www.wikidata.org/entity/Q23927955
MOPQ4B1RZ5M9,4,0,http://www.wikidata.org/entity/Q24026955
MOPQ4B1RZ5M9,4,2,http://www.wikidata.org/entity/Q23927955
MOPQ4B1RZ5M9,5,0,http://www.wikidata.org/entity/Q27868065
MOPQ4B1RZ5M9,5,2,http://www.wikidata.org/entity/Q27867974
MOPQ4B1RZ5M9,6,0,http://www.wikidata.org/entity/Q24026933
MOPQ4B1RZ5M9,6,2,http://www.wikidata.org/entity/Q23927955
MOPQ4B1RZ5M9,7,0,http://www.wikidata.org/entity/Q24027187
MOPQ4B1RZ5M9,7,2,http://www.wikidata.org/entity/Q23927955
MOPQ4B1RZ5M9,8,0,http://www.wikidata.org/entity/Q27868037
MOPQ4B1RZ5M9,8,2,http://www.wikidata.org/entity/Q27867974
434A7BT0CWQP,1,0,http://www.wikidata.org/entity/Q1980481
434A7BT0CWQP,1,1,http://www.wikidata.org/entity/Q602358
434A7BT0CWQP,2,0,http://www.wikidata.org/entity/Q1459393
434A7BT0CWQP,2,1,http://www.wikidata.org/entity/Q602358
434A7BT0CWQP,3,0,http://www.wikidata.org/entity/Q29587
434A7BT0CWQP,3,1,http://www.wikidata.org/entity/Q124737633
434A7BT0CWQP,4,0,http://www.wikidata.org/entity/Q414078
434A7BT0CWQP,4,1,http://www.wikidata.org/entity/Q115816203
434A7BT0CWQP,5,0,http://www.wikidata.org/entity/Q468405
434A7BT0CWQP,5,1,http://www.wikidata.org/entity/Q19219752
434A7BT0CWQP,6,0,http://www.wikidata.org/entity/Q593540
434A7BT0CWQP,6,1,http://www.wikidata.org/entity/Q2041543
WJ804IVE2WNV,1,0,http://www.wikidata.org/entity/Q64
WJ804IVE2WNV,1,1,http://www.wikidata.org/entity/Q562206
WJ804IVE2WNV,1,2,http://www.wikidata.org/entity/Q95417
WJ804IVE2WNV,2,0,http://www.wikidata.org/entity/Q9536
WJ804IVE2WNV,2,1,http://www.wikidata.org/entity/Q317006
WJ804IVE2WNV,2,2,http://www.wikidata.org/entity/Q28053964
DJV0GE9AYROW,1,0,http://www.wikidata.org/entity/Q64424810
DJV0GE9AYROW,1,1,http://www.wikidata.org/entity/Q3224
DJV0GE9AYROW,1,2,http://www.wikidata.org/entity/Q3960
DJV0GE9AYROW,2,0,http://www.wikidata.org/entity/Q64424613
DJV0GE9AYROW,2,1,http://www.wikidata.org/entity/Q3206
DJV0GE9AYROW,2,2,http://www.wikidata.org/entity/Q3960
DJV0GE9AYROW,3,0,http://www.wikidata.org/entity/Q64424398
DJV0GE9AYROW,3,1,http://www.wikidata.org/entity/Q3206
DJV0GE9AYROW,3,2,http://www.wikidata.org/entity/Q3960
DJV0GE9AYROW,4,0,http://www.wikidata.org/entity/Q64423808
DJV0GE9AYROW,4,1,http://www.wikidata.org/entity/Q36687
DJV0GE9AYROW,4,2,http://www.wikidata.org/entity/Q3960
DJV0GE9AYROW,5,0,http://www.wikidata.org/entity/Q64423793
DJV0GE9AYROW,5,1,http://www.wikidata.org/entity/Q34366
DJV0GE9AYROW,5,2,http://www.wikidata.org/entity/Q3960
DJV0GE9AYROW,6,0,http://www.wikidata.org/entity/Q64423649
DJV0GE9AYROW,6,1,http://www.wikidata.org/entity/Q34366
DJV0GE9AYROW,6,2,http://www.wikidata.org/entity/Q3960
DJV0GE9AYROW,7,0,http://www.wikidata.org/entity/Q64424156
DJV0GE9AYROW,7,1,http://www.wikidata.org/entity/Q3206
DJV0GE9AYROW,7,2,http://www.wikidata.org/entity/Q3960
DJV0GE9AYROW,8,0,http://www.wikidata.org/entity/Q64422119
DJV0GE9AYROW,8,1,http://www.wikidata.org/entity/Q21590062
DJV0GE9AYROW,8,2,http://www.wikidata.org/entity/Q51
DJV0GE9AYROW,9,0,http://www.wikidata.org/entity/Q64421065
DJV0GE9AYROW,9,1,http://www.wikidata.org/entity/Q3224
DJV0GE9AYROW,9,2,http://www.wikidata.org/entity/Q3960
DJV0GE9AYROW,10,0,http://www.wikidata.org/entity/Q64421244
DJV0GE9AYROW,10,1,http://www.wikidata.org/entity/Q3206
DJV0GE9AYROW,10,2,http://www.wikidata.org/entity/Q3960
DJV0GE9AYROW,11,0,http://www.wikidata.org/entity/Q64421122
DJV0GE9AYROW,11,1,http://www.wikidata.org/entity/Q21590062
DJV0GE9AYROW,11,2,http://www.wikidata.org/entity/Q51
DJV0GE9AYROW,12,0,http://www.wikidata.org/entity/Q64419693
DJV0GE9AYROW,12,1,http://www.wikidata.org/entity/Q3224
DJV0GE9AYROW,12,2,http://www.wikidata.org/entity/Q3960
VOV8479PPSI3,1,0,http://www.wikidata.org/entity/Q84260798
VOV8479PPSI3,2,0,http://www.wikidata.org/entity/Q83493483
Z3QIVF2NLRBJ,1,0,http://www.wikidata.org/entity/Q117010028
Z3QIVF2NLRBJ,2,0,http://www.wikidata.org/entity/Q117071085
Z3QIVF2NLRBJ,3,0,http://www.wikidata.org/entity/Q117020778
Z3QIVF2NLRBJ,4,0,http://www.wikidata.org/entity/Q83632068
Z3QIVF2NLRBJ,5,0,http://www.wikidata.org/entity/Q117079954
Z3QIVF2NLRBJ,6,0,http://www.wikidata.org/entity/Q52380925
Z3QIVF2NLRBJ,7,0,http://www.wikidata.org/entity/Q83489947
Z3QIVF2NLRBJ,8,0,http://www.wikidata.org/entity/Q117020708
Z3QIVF2NLRBJ,9,0,http://www.wikidata.org/entity/Q117022942
Z3QIVF2NLRBJ,10,0,http://www.wikidata.org/entity/Q117023129
Z3QIVF2NLRBJ,11,0,http://www.wikidata.org/entity/Q52374997
Z3QIVF2NLRBJ,12,0,http://www.wikidata.org/entity/Q117083107
Z3QIVF2NLRBJ,13,0,http://www.wikidata.org/entity/Q115573793
Z3QIVF2NLRBJ,14,0,http://www.wikidata.org/entity/Q105768378
Z3QIVF2NLRBJ,15,0,http://www.wikidata.org/entity/Q117067301
Z3QIVF2NLRBJ,16,0,http://www.wikidata.org/entity/Q117081995
Z3QIVF2NLRBJ,17,0,http://www.wikidata.org/entity/Q83487766
Z3QIVF2NLRBJ,18,0,http://www.wikidata.org/entity/Q83597372
Z3QIVF2NLRBJ,19,0,http://www.wikidata.org/entity/Q117082427
WDNJJC7ZUN3F,1,0,http://www.wikidata.org/entity/Q117065166
WDNJJC7ZUN3F,2,0,http://www.wikidata.org/entity/Q52379178
WDNJJC7ZUN3F,3,0,http://www.wikidata.org/entity/Q83650083
WDNJJC7ZUN3F,4,0,http://www.wikidata.org/entity/Q83490128
WDNJJC7ZUN3F,5,0,http://www.wikidata.org/entity/Q10573218
1SWWDRTUAM6O,1,0,http://www.wikidata.org/entity/Q83490563
1SWWDRTUAM6O,2,0,http://www.wikidata.org/entity/Q104380146
KETD0S3Q898Z,1,0,http://www.wikidata.org/entity/Q13516702
KETD0S3Q898Z,2,0,http://www.wikidata.org/entity/Q15276838
KETD0S3Q898Z,3,0,http://www.wikidata.org/entity/Q59133010
KETD0S3Q898Z,4,0,http://www.wikidata.org/entity/Q7698550
KETD0S3Q898Z,4,1,http://www.wikidata.org/entity/Q1400086
KETD0S3Q898Z,5,0,http://www.wikidata.org/entity/Q5751203
KETD0S3Q898Z,6,0,http://www.wikidata.org/entity/Q7596627
KETD0S3Q898Z,7,0,http://www.wikidata.org/entity/Q6842034
KETD0S3Q898Z,8,0,http://www.wikidata.org/entity/Q7969015
KETD0S3Q898Z,8,1,http://www.wikidata.org/entity/Q1513688
KETD0S3Q898Z,9,0,http://www.wikidata.org/entity/Q1757548
KETD0S3Q898Z,10,0,http://www.wikidata.org/entity/Q59115739
082H1RJB5HXA,1,0,http://www.wikidata.org/entity/Q13433027
082H1RJB5HXA,1,1,http://www.wikidata.org/entity/Q35548
082H1RJB5HXA,2,0,http://www.wikidata.org/entity/Q12797191
082H1RJB5HXA,2,1,http://www.wikidata.org/entity/Q7836
082H1RJB5HXA,3,0,http://www.wikidata.org/entity/Q7773042
082H1RJB5HXA,3,1,http://www.wikidata.org/entity/Q7836
UC57MF3GTYUG,1,0,http://www.wikidata.org/entity/Q2245193
UC57MF3GTYUG,1,1,http://www.wikidata.org/entity/Q46943
UC57MF3GTYUG,2,0,http://www.wikidata.org/entity/Q2693211
UC57MF3GTYUG,2,1,http://www.wikidata.org/entity/Q46934
G3SPNXK80Q1O,1,0,http://www.wikidata.org/entity/Q2296691
G3SPNXK80Q1O,2,0,http://www.wikidata.org/entity/Q5529394
Z5N9O9SY4LSD,1,0,http://www.wikidata.org/entity/Q15616621
Z5N9O9SY4LSD,1,1,http://www.wikidata.org/entity/Q660015
Z5N9O9SY4LSD,1,2,http://www.wikidata.org/entity/Q744373
Z5N9O9SY4LSD,2,0,http://www.wikidata.org/entity/Q55593956
Z5N9O9SY4LSD,2,1,http://www.wikidata.org/entity/Q6244
Z5N9O9SY4LSD,2,2,http://www.wikidata.org/entity/Q744373
Z5N9O9SY4LSD,3,0,http://www.wikidata.org/entity/Q87818890
Z5N9O9SY4LSD,3,1,http://www.wikidata.org/entity/Q490
Z5N9O9SY4LSD,3,2,http://www.wikidata.org/entity/Q744373
Z5N9O9SY4LSD,4,0,http://www.wikidata.org/entity/Q436080
Z5N9O9SY4LSD,4,1,http://www.wikidata.org/entity/Q700631
Z5N9O9SY4LSD,4,2,http://www.wikidata.org/entity/Q840829
Z5N9O9SY4LSD,5,0,http://www.wikidata.org/entity/Q819903
Z5N9O9SY4LSD,5,1,http://www.wikidata.org/entity/Q662304
Z5N9O9SY4LSD,5,2,http://www.wikidata.org/entity/Q840829
V0ZD5EK3291F,1,0,http://www.wikidata.org/entity/Q183
V0ZD5EK3291F,1,1,http://www.wikidata.org/entity/Q1209
V0ZD5EK3291F,2,0,http://www.wikidata.org/entity/Q215
V0ZD5EK3291F,2,1,http://www.wikidata.org/entity/Q557216
V0ZD5EK3291F,3,0,http://www.wikidata.org/entity/Q1049
V0ZD5EK3291F,3,1,http://www.wikidata.org/entity/Q309469
V0ZD5EK3291F,4,0,http://www.wikidata.org/entity/Q20
V0ZD5EK3291F,4,1,http://www.wikidata.org/entity/Q56407177
V0ZD5EK3291F,5,0,http://www.wikidata.org/entity/Q1006
V0ZD5EK3291F,5,1,http://www.wikidata.org/entity/Q3733
V0ZD5EK3291F,6,0,http://www.wikidata.org/entity/Q142
V0ZD5EK3291F,6,1,http://www.wikidata.org/entity/Q3769
V0ZD5EK3291F,7,0,http://www.wikidata.org/entity/Q217
V0ZD5EK3291F,7,1,http://www.wikidata.org/entity/Q2129061
V0ZD5EK3291F,8,0,http://www.wikidata.org/entity/Q191
V0ZD5EK3291F,8,1,http://www.wikidata.org/entity/Q1466462
V0ZD5EK3291F,9,0,http://www.wikidata.org/entity/Q822
V0ZD5EK3291F,9,1,http://www.wikidata.org/entity/Q216945
V0ZD5EK3291F,10,0,http://www.wikidata.org/entity/Q237
V0ZD5EK3291F,11,0,http://www.wikidata.org/entity/Q878
V0ZD5EK3291F,11,1,http://www.wikidata.org/entity/Q188810
V0ZD5EK3291F,12,0,http://www.wikidata.org/entity/Q37
V0ZD5EK3291F,12,1,http://www.wikidata.org/entity/Q853948
V0ZD5EK3291F,13,0,http://www.wikidata.org/entity/Q145
V0ZD5EK3291F,13,1,http://www.wikidata.org/entity/Q21
V0ZD5EK3291F,14,0,http://www.wikidata.org/entity/Q574
V0ZD5EK3291F,14,1,http://www.wikidata.org/entity/Q860913
V0ZD5EK3291F,15,0,http://www.wikidata.org/entity/Q833
V0ZD5EK3291F,15,1,http://www.wikidata.org/entity/Q1865
V0ZD5EK3291F,16,0,http://www.wikidata.org/entity/Q218
V0ZD5EK3291F,16,1,http://www.wikidata.org/entity/Q186838
V0ZD5EK3291F,17,0,http://www.wikidata.org/entity/Q184
V0ZD5EK3291F,17,1,http://www.wikidata.org/entity/Q2280
V0ZD5EK3291F,18,0,http://www.wikidata.org/entity/Q148
V0ZD5EK3291F,18,1,http://www.wikidata.org/entity/Q956
V0ZD5EK3291F,19,0,http://www.wikidata.org/entity/Q419
V0ZD5EK3291F,19,1,http://www.wikidata.org/entity/Q2634400
V0ZD5EK3291F,20,0,http://www.wikidata.org/entity/Q38
V0ZD5EK3291F,20,1,http://www.wikidata.org/entity/Q1263
V0ZD5EK3291F,21,0,http://www.wikidata.org/entity/Q717
V0ZD5EK3291F,21,1,http://www.wikidata.org/entity/Q41144
V0ZD5EK3291F,22,0,http://www.wikidata.org/entity/Q810
V0ZD5EK3291F,22,1,http://www.wikidata.org/entity/Q854871
V0ZD5EK3291F,23,0,http://www.wikidata.org/entity/Q12355069
V0ZD5EK3291F,24,0,http://www.wikidata.org/entity/Q924
V0ZD5EK3291F,24,1,http://www.wikidata.org/entity/Q1960
V0ZD5EK3291F,25,0,http://www.wikidata.org/entity/Q241
V0ZD5EK3291F,25,1,http://www.wikidata.org/entity/Q12588
NM4LPWN482YX,1,0,http://www.wikidata.org/entity/Q236
NM4LPWN482YX,2,0,http://www.wikidata.org/entity/Q1011
NM4LPWN482YX,3,0,http://www.wikidata.org/entity/Q424
NM4LPWN482YX,4,0,http://www.wikidata.org/entity/Q977
NM4LPWN482YX,5,0,http://www.wikidata.org/entity/Q983
NM4LPWN482YX,6,0,http://www.wikidata.org/entity/Q792
NM4LPWN482YX,7,0,http://www.wikidata.org/entity/Q664
NM4LPWN482YX,8,0,http://www.wikidata.org/entity/Q1042
NM4LPWN482YX,9,0,http://www.wikidata.org/entity/Q954
NM4LPWN482YX,10,0,http://www.wikidata.org/entity/Q242
3WNDNY7V00YN,1,0,http://www.wikidata.org/entity/Q668
3WNDNY7V00YN,1,1,http://www.wikidata.org/entity/Q2767140
3WNDNY7V00YN,2,0,http://www.wikidata.org/entity/Q230
3WNDNY7V00YN,2,1,http://www.wikidata.org/entity/Q2613132
3WNDNY7V00YN,3,0,http://www.wikidata.org/entity/Q218
3WNDNY7V00YN,3,1,http://www.wikidata.org/entity/Q2528718
3WNDNY7V00YN,4,0,http://www.wikidata.org/entity/Q211
3WNDNY7V00YN,4,1,http://www.wikidata.org/entity/Q2502537
3WNDNY7V00YN,5,0,http://www.wikidata.org/entity/Q191
3WNDNY7V00YN,5,1,http://www.wikidata.org/entity/Q2421589
3WNDNY7V00YN,6,0,http://www.wikidata.org/entity/Q219
3WNDNY7V00YN,6,1,http://www.wikidata.org/entity/Q2396053
3WNDNY7V00YN,7,0,http://www.wikidata.org/entity/Q33
3WNDNY7V00YN,7,1,http://www.wikidata.org/entity/Q2366737
3WNDNY7V00YN,8,0,http://www.wikidata.org/entity/Q347
3WNDNY7V00YN,8,1,http://www.wikidata.org/entity/Q2137649
3WNDNY7V00YN,9,0,http://www.wikidata.org/entity/Q574
3WNDNY7V00YN,9,1,http://www.wikidata.org/entity/Q2137629
3WNDNY7V00YN,10,0,http://www.wikidata.org/entity/Q20
3WNDNY7V00YN,10,1,http://www.wikidata.org/entity/Q1770849
3WNDNY7V00YN,11,0,http://www.wikidata.org/entity/Q697
3WNDNY7V00YN,11,1,http://www.wikidata.org/entity/Q1637805
3WNDNY7V00YN,12,0,http://www.wikidata.org/entity/Q142
3WNDNY7V00YN,12,1,http://www.wikidata.org/entity/Q1450662
3WNDNY7V00YN,13,0,http://www.wikidata.org/entity/Q36
3WNDNY7V00YN,13,1,http://www.wikidata.org/entity/Q1338983
3WNDNY7V00YN,14,0,http://www.wikidata.org/entity/Q403
3WNDNY7V00YN,14,1,http://www.wikidata.org/entity/Q1285499
3WNDNY7V00YN,15,0,http://www.wikidata.org/entity/Q224
3WNDNY7V00YN,15,1,http://www.wikidata.org/entity/Q1278383
3WNDNY7V00YN,16,0,http://www.wikidata.org/entity/Q215
3WNDNY7V00YN,16,1,http://www.wikidata.org/entity/Q1264458
3WNDNY7V00YN,17,0,http://www.wikidata.org/entity/Q29
3WNDNY7V00YN,17,1,http://www.wikidata.org/entity/Q1194749
H6GPQ01OBD5J,1,0,http://www.wikidata.org/entity/Q18979568
H6GPQ01OBD5J,1,1,http://www.wikidata.org/entity/Q854597
H6GPQ01OBD5J,2,0,http://www.wikidata.org/entity/Q19258657
H6GPQ01OBD5J,2,1,http://www.wikidata.org/entity/Q841296
H6GPQ01OBD5J,3,0,http://www.wikidata.org/entity/Q17467285
H6GPQ01OBD5J,3,1,http://www.wikidata.org/entity/Q757240
H6GPQ01OBD5J,4,0,http://www.wikidata.org/entity/Q18229377
H6GPQ01OBD5J,4,1,http://www.wikidata.org/entity/Q701014
H6GPQ01OBD5J,5,0,http://www.wikidata.org/entity/Q18981822
H6GPQ01OBD5J,5,1,http://www.wikidata.org/entity/Q632133
H6GPQ01OBD5J,6,0,http://www.wikidata.org/entity/Q20170999
H6GPQ01OBD5J,6,1,http://www.wikidata.org/entity/Q562147
H6GPQ01OBD5J,7,0,http://www.wikidata.org/entity/Q29015229
H6GPQ01OBD5J,7,1,http://www.wikidata.org/entity/Q22433
H6GPQ01OBD5J,8,0,http://www.wikidata.org/entity/Q27863549
H6GPQ01OBD5J,8,1,http://www.wikidata.org/entity/Q22395
H6GPQ01OBD5J,9,0,http://www.wikidata.org/entity/Q27863833
H6GPQ01OBD5J,9,1,http://www.wikidata.org/entity/Q22353
6EBA8ATM8S4Y,1,0,http://www.wikidata.org/entity/Q16038710
6EBA8ATM8S4Y,2,0,http://www.wikidata.org/entity/Q121513002
6EBA8ATM8S4Y,3,0,http://www.wikidata.org/entity/Q96619660
6EBA8ATM8S4Y,4,0,http://www.wikidata.org/entity/Q92413238
6EBA8ATM8S4Y,4,1,http://www.wikidata.org/entity/Q642231
6EBA8ATM8S4Y,5,0,http://www.wikidata.org/entity/Q9213727
6EBA8ATM8S4Y,5,1,http://www.wikidata.org/entity/Q106857709
6EBA8ATM8S4Y,6,0,http://www.wikidata.org/entity/Q1813497
6EBA8ATM8S4Y,6,1,http://www.wikidata.org/entity/Q106857709
6EBA8ATM8S4Y,7,0,http://www.wikidata.org/entity/Q2401792
6EBA8ATM8S4Y,7,1,http://www.wikidata.org/entity/Q106857709
6EBA8ATM8S4Y,8,0,http://www.wikidata.org/entity/Q110307088
6EBA8ATM8S4Y,8,1,http://www.wikidata.org/entity/Q12321255
6EBA8ATM8S4Y,9,0,http://www.wikidata.org/entity/Q18424337
6EBA8ATM8S4Y,9,1,http://www.wikidata.org/entity/Q106857709
OL4THT9A7BZI,1,0,http://www.wikidata.org/entity/Q116273397
OL4THT9A7BZI,2,0,http://www.wikidata.org/entity/Q26958010
OL4THT9A7BZI,3,0,http://www.wikidata.org/entity/Q42941289
OL4THT9A7BZI,3,1,http://www.wikidata.org/entity/Q608632
OL4THT9A7BZI,4,0,http://www.wikidata.org/entity/Q59311522
OL4THT9A7BZI,5,0,http://www.wikidata.org/entity/Q9213727
OL4THT9A7BZI,5,1,http://www.wikidata.org/entity/Q942467
OL4THT9A7BZI,6,0,http://www.wikidata.org/entity/Q101516793
OL4THT9A7BZI,7,0,http://www.wikidata.org/entity/Q63532645
OL4THT9A7BZI,8,0,http://www.wikidata.org/entity/Q2284243
OL4THT9A7BZI,8,1,http://www.wikidata.org/entity/Q5532837
OL4THT9A7BZI,9,0,http://www.wikidata.org/entity/Q43295565
OL4THT9A7BZI,10,0,http://www.wikidata.org/entity/Q116275794
OL4THT9A7BZI,10,1,http://www.wikidata.org/entity/Q3235597
OL4THT9A7BZI,11,0,http://www.wikidata.org/entity/Q116236487
OL4THT9A7BZI,11,1,http://www.wikidata.org/entity/Q51633
OL4THT9A7BZI,12,0,http://www.wikidata.org/entity/Q116236482
OL4THT9A7BZI,12,1,http://www.wikidata.org/entity/Q81018
OL4THT9A7BZI,13,0,http://www.wikidata.org/entity/Q108006602
OL4THT9A7BZI,13,1,http://www.wikidata.org/entity/Q38720
OL4THT9A7BZI,14,0,http://www.wikidata.org/entity/Q4780108
OL4THT9A7BZI,14,1,http://www.wikidata.org/entity/Q179226
OL4THT9A7BZI,15,0,http://www.wikidata.org/entity/Q29478006
OL4THT9A7BZI,16,0,http://www.wikidata.org/entity/Q110307088
OL4THT9A7BZI,17,0,http://www.wikidata.org/entity/Q121509078
OL4THT9A7BZI,18,0,http://www.wikidata.org/entity/Q2516599
OL4THT9A7BZI,18,1,http://www.wikidata.org/entity/Q467
OL4THT9A7BZI,19,0,http://www.wikidata.org/entity/Q27680212
OL4THT9A7BZI,19,1,http://www.wikidata.org/entity/Q1196075
OL4THT9A7BZI,20,0,http://www.wikidata.org/entity/Q1813497
OL4THT9A7BZI,20,1,http://www.wikidata.org/entity/Q942467
OL4THT9A7BZI,21,0,http://www.wikidata.org/entity/Q50813751
OL4THT9A7BZI,22,0,http://www.wikidata.org/entity/Q50813753
6QUUOC8SCNEI,1,0,http://www.wikidata.org/entity/Q41429
6QUUOC8SCNEI,1,1,http://www.wikidata.org/entity/Q249306
6QUUOC8SCNEI,1,2,http://www.wikidata.org/entity/Q128986
6QUUOC8SCNEI,2,0,http://www.wikidata.org/entity/Q4917
6QUUOC8SCNEI,2,1,http://www.wikidata.org/entity/Q11110
6QUUOC8SCNEI,2,2,http://www.wikidata.org/entity/Q53536
44W97I1I6OHD,1,0,http://www.wikidata.org/entity/Q5370937
44W97I1I6OHD,1,2,http://www.wikidata.org/entity/Q496086
44W97I1I6OHD,2,0,http://www.wikidata.org/entity/Q5410908
44W97I1I6OHD,2,2,http://www.wikidata.org/entity/Q502569
44W97I1I6OHD,3,0,http://www.wikidata.org/entity/Q7912228
44W97I1I6OHD,3,2,http://www.wikidata.org/entity/Q484488
44W97I1I6OHD,4,0,http://www.wikidata.org/entity/Q5502765
44W97I1I6OHD,4,2,http://www.wikidata.org/entity/Q492310
44W97I1I6OHD,5,0,http://www.wikidata.org/entity/Q7103276
44W97I1I6OHD,5,2,http://www.wikidata.org/entity/Q496086
44W97I1I6OHD,6,0,http://www.wikidata.org/entity/Q5132275
44W97I1I6OHD,6,2,http://www.wikidata.org/entity/Q484470
44W97I1I6OHD,7,0,http://www.wikidata.org/entity/Q5132276
44W97I1I6OHD,7,2,http://www.wikidata.org/entity/Q496139
44W97I1I6OHD,8,0,http://www.wikidata.org/entity/Q5132280
44W97I1I6OHD,8,2,http://www.wikidata.org/entity/Q502569
44W97I1I6OHD,9,0,http://www.wikidata.org/entity/Q7330691
44W97I1I6OHD,9,2,http://www.wikidata.org/entity/Q495834
44W97I1I6OHD,10,0,http://www.wikidata.org/entity/Q7423392
44W97I1I6OHD,10,2,http://www.wikidata.org/entity/Q496139
SJDHSUSRTBZ6,1,0,http://www.wikidata.org/entity/Q525724
SJDHSUSRTBZ6,1,1,http://www.wikidata.org/entity/Q28292
SJDHSUSRTBZ6,2,0,http://www.wikidata.org/entity/Q4677696
SJDHSUSRTBZ6,2,1,http://www.wikidata.org/entity/Q28286
SJDHSUSRTBZ6,3,0,http://www.wikidata.org/entity/Q2917468
SJDHSUSRTBZ6,3,1,http://www.wikidata.org/entity/Q28286
SJDHSUSRTBZ6,4,0,http://www.wikidata.org/entity/Q2835981
SJDHSUSRTBZ6,4,1,http://www.wikidata.org/entity/Q28286
SJDHSUSRTBZ6,5,0,http://www.wikidata.org/entity/Q4681290
SJDHSUSRTBZ6,5,1,http://www.wikidata.org/entity/Q28285
SJDHSUSRTBZ6,6,0,http://www.wikidata.org/entity/Q2841477
SJDHSUSRTBZ6,6,1,http://www.wikidata.org/entity/Q28285
SJDHSUSRTBZ6,7,0,http://www.wikidata.org/entity/Q4681803
SJDHSUSRTBZ6,7,1,http://www.wikidata.org/entity/Q28274
SJDHSUSRTBZ6,8,0,http://www.wikidata.org/entity/Q5685781
SJDHSUSRTBZ6,8,1,http://www.wikidata.org/entity/Q1207
SJDHSUSRTBZ6,9,0,http://www.wikidata.org/entity/Q5450591
SJDHSUSRTBZ6,9,1,http://www.wikidata.org/entity/Q1207
SJDHSUSRTBZ6,10,0,http://www.wikidata.org/entity/Q5398590
SJDHSUSRTBZ6,10,1,http://www.wikidata.org/entity/Q1207
SJDHSUSRTBZ6,11,0,http://www.wikidata.org/entity/Q5354068
SJDHSUSRTBZ6,11,1,http://www.wikidata.org/entity/Q1207
SJDHSUSRTBZ6,12,0,http://www.wikidata.org/entity/Q5284975
SJDHSUSRTBZ6,12,1,http://www.wikidata.org/entity/Q1207
SJDHSUSRTBZ6,13,0,http://www.wikidata.org/entity/Q5210054
SJDHSUSRTBZ6,13,1,http://www.wikidata.org/entity/Q1207
SJDHSUSRTBZ6,14,0,http://www.wikidata.org/entity/Q5036500
SJDHSUSRTBZ6,14,1,http://www.wikidata.org/entity/Q1207
SJDHSUSRTBZ6,15,0,http://www.wikidata.org/entity/Q5002824
SJDHSUSRTBZ6,15,1,http://www.wikidata.org/entity/Q1207
SJDHSUSRTBZ6,16,0,http://www.wikidata.org/entity/Q4982593
SJDHSUSRTBZ6,16,1,http://www.wikidata.org/entity/Q1207
SJDHSUSRTBZ6,17,0,http://www.wikidata.org/entity/Q4980620
SJDHSUSRTBZ6,17,1,http://www.wikidata.org/entity/Q1207
SJDHSUSRTBZ6,18,0,http://www.wikidata.org/entity/Q4973214
SJDHSUSRTBZ6,18,1,http://www.wikidata.org/entity/Q1207
SJDHSUSRTBZ6,19,0,http://www.wikidata.org/entity/Q4878181
SJDHSUSRTBZ6,19,1,http://www.wikidata.org/entity/Q1207
SJDHSUSRTBZ6,20,0,http://www.wikidata.org/entity/Q4711351
SJDHSUSRTBZ6,20,1,http://www.wikidata.org/entity/Q1207
SJDHSUSRTBZ6,21,0,http://www.wikidata.org/entity/Q4680458
SJDHSUSRTBZ6,21,1,http://www.wikidata.org/entity/Q1207
SJDHSUSRTBZ6,22,0,http://www.wikidata.org/entity/Q9044161
SJDHSUSRTBZ6,22,1,http://www.wikidata.org/entity/Q511524
SJDHSUSRTBZ6,23,0,http://www.wikidata.org/entity/Q9041184
SJDHSUSRTBZ6,23,1,http://www.wikidata.org/entity/Q511510
SJDHSUSRTBZ6,24,0,http://www.wikidata.org/entity/Q9042109
SJDHSUSRTBZ6,24,1,http://www.wikidata.org/entity/Q500598
SJDHSUSRTBZ6,25,0,http://www.wikidata.org/entity/Q9046578
SJDHSUSRTBZ6,25,1,http://www.wikidata.org/entity/Q280844
1VCS8U25L6UK,1,0,http://www.wikidata.org/entity/Q24566
1VCS8U25L6UK,2,0,http://www.wikidata.org/entity/Q24388
1VCS8U25L6UK,3,0,http://www.wikidata.org/entity/Q24597
1VCS8U25L6UK,4,0,http://www.wikidata.org/entity/Q3820973
1VCS8U25L6UK,5,0,http://www.wikidata.org/entity/Q24650
1VCS8U25L6UK,6,0,http://www.wikidata.org/entity/Q386802
1VCS8U25L6UK,7,0,http://www.wikidata.org/entity/Q24415
1VCS8U25L6UK,8,0,http://www.wikidata.org/entity/Q24495
1VCS8U25L6UK,9,0,http://www.wikidata.org/entity/Q24411
1VCS8U25L6UK,10,0,http://www.wikidata.org/entity/Q24499
1VCS8U25L6UK,11,0,http://www.wikidata.org/entity/Q24486
1VCS8U25L6UK,12,0,http://www.wikidata.org/entity/Q24459
1VCS8U25L6UK,13,0,http://www.wikidata.org/entity/Q24390
1VCS8U25L6UK,14,0,http://www.wikidata.org/entity/Q24556
1VCS8U25L6UK,15,0,http://www.wikidata.org/entity/Q24475
9SG8HM42JBS1,1,0,http://www.wikidata.org/entity/Q1192147
9SG8HM42JBS1,2,0,http://www.wikidata.org/entity/Q1170014
9SG8HM42JBS1,3,0,http://www.wikidata.org/entity/Q3499893
25JNPBNGT84E,1,0,http://www.wikidata.org/entity/Q26521
25JNPBNGT84E,2,0,http://www.wikidata.org/entity/Q586179
25JNPBNGT84E,3,0,http://www.wikidata.org/entity/Q2306663
25JNPBNGT84E,4,0,http://www.wikidata.org/entity/Q1019544
25JNPBNGT84E,4,2,http://www.wikidata.org/entity/Q33111381
25JNPBNGT84E,5,0,http://www.wikidata.org/entity/Q26345
25JNPBNGT84E,6,0,http://www.wikidata.org/entity/Q731441
25JNPBNGT84E,7,0,http://www.wikidata.org/entity/Q2628051
25JNPBNGT84E,8,0,http://www.wikidata.org/entity/Q893554
25JNPBNGT84E,9,0,http://www.wikidata.org/entity/Q857052
25JNPBNGT84E,10,0,http://www.wikidata.org/entity/Q654308
25JNPBNGT84E,11,0,http://www.wikidata.org/entity/Q3063764
25JNPBNGT84E,12,0,http://www.wikidata.org/entity/Q2328025
25JNPBNGT84E,13,0,http://www.wikidata.org/entity/Q891347
25JNPBNGT84E,14,0,http://www.wikidata.org/entity/Q25457
ARFESIM5VNLG,1,0,http://www.wikidata.org/entity/Q112327970
ARFESIM5VNLG,1,1,http://www.wikidata.org/entity/Q50065466
ARFESIM5VNLG,1,2,http://www.wikidata.org/entity/Q210720
ARFESIM5VNLG,2,0,http://www.wikidata.org/entity/Q112327977
ARFESIM5VNLG,2,1,http://www.wikidata.org/entity/Q50065888
ARFESIM5VNLG,2,2,http://www.wikidata.org/entity/Q210720
ARFESIM5VNLG,3,0,http://www.wikidata.org/entity/Q112328406
ARFESIM5VNLG,3,1,http://www.wikidata.org/entity/Q50065436
ARFESIM5VNLG,3,2,http://www.wikidata.org/entity/Q210720
ARFESIM5VNLG,4,0,http://www.wikidata.org/entity/Q112340778
ARFESIM5VNLG,4,1,http://www.wikidata.org/entity/Q50065649
ARFESIM5VNLG,4,2,http://www.wikidata.org/entity/Q210720
ARFESIM5VNLG,5,0,http://www.wikidata.org/entity/Q112317202
ARFESIM5VNLG,5,1,http://www.wikidata.org/entity/Q50065483
ARFESIM5VNLG,5,2,http://www.wikidata.org/entity/Q210720
ARFESIM5VNLG,6,0,http://www.wikidata.org/entity/Q112321150
ARFESIM5VNLG,6,1,http://www.wikidata.org/entity/Q50065478
ARFESIM5VNLG,6,2,http://www.wikidata.org/entity/Q210720
ARFESIM5VNLG,7,0,http://www.wikidata.org/entity/Q112326573
ARFESIM5VNLG,7,1,http://www.wikidata.org/entity/Q50065864
ARFESIM5VNLG,7,2,http://www.wikidata.org/entity/Q210720
ARFESIM5VNLG,8,0,http://www.wikidata.org/entity/Q112331668
ARFESIM5VNLG,8,1,http://www.wikidata.org/entity/Q50065453
ARFESIM5VNLG,8,2,http://www.wikidata.org/entity/Q210720
ARFESIM5VNLG,9,0,http://www.wikidata.org/entity/Q112335500
ARFESIM5VNLG,9,1,http://www.wikidata.org/entity/Q50065492
ARFESIM5VNLG,9,2,http://www.wikidata.org/entity/Q210720
ARFESIM5VNLG,10,0,http://www.wikidata.org/entity/Q112317078
ARFESIM5VNLG,10,1,http://www.wikidata.org/entity/Q50065443
ARFESIM5VNLG,10,2,http://www.wikidata.org/entity/Q210720
ARFESIM5VNLG,11,0,http://www.wikidata.org/entity/Q112332708
ARFESIM5VNLG,11,1,http://www.wikidata.org/entity/Q50066540
ARFESIM5VNLG,11,2,http://www.wikidata.org/entity/Q210720
ARFESIM5VNLG,12,0,http://www.wikidata.org/entity/Q112317717
ARFESIM5VNLG,12,1,http://www.wikidata.org/entity/Q50065652
ARFESIM5VNLG,12,2,http://www.wikidata.org/entity/Q210720
ARFESIM5VNLG,13,0,http://www.wikidata.org/entity/Q112317721
ARFESIM5VNLG,13,1,http://www.wikidata.org/entity/Q50065659
ARFESIM5VNLG,13,2,http://www.wikidata.org/entity/Q210720
ARFESIM5VNLG,14,0,http://www.wikidata.org/entity/Q112320337
ARFESIM5VNLG,14,1,http://www.wikidata.org/entity/Q50066487
ARFESIM5VNLG,14,2,http://www.wikidata.org/entity/Q210720
ARFESIM5VNLG,15,0,http://www.wikidata.org/entity/Q112320135
ARFESIM5VNLG,15,1,http://www.wikidata.org/entity/Q50065490
ARFESIM5VNLG,15,2,http://www.wikidata.org/entity/Q210720
ARFESIM5VNLG,16,0,http://www.wikidata.org/entity/Q112332422
ARFESIM5VNLG,16,1,http://www.wikidata.org/entity/Q50066179
ARFESIM5VNLG,16,2,http://www.wikidata.org/entity/Q210720
ARFESIM5VNLG,17,0,http://www.wikidata.org/entity/Q112332414
ARFESIM5VNLG,17,1,http://www.wikidata.org/entity/Q50065843
ARFESIM5VNLG,17,2,http://www.wikidata.org/entity/Q210720
ARFESIM5VNLG,18,0,http://www.wikidata.org/entity/Q112337399
ARFESIM5VNLG,18,1,http://www.wikidata.org/entity/Q50066170
ARFESIM5VNLG,18,2,http://www.wikidata.org/entity/Q210720
ARFESIM5VNLG,19,0,http://www.wikidata.org/entity/Q112357315
ARFESIM5VNLG,19,1,http://www.wikidata.org/entity/Q50064713
ARFESIM5VNLG,19,2,http://www.wikidata.org/entity/Q210720
W2J74V2Y8L07,1,0,http://www.wikidata.org/entity/Q99528986
W2J74V2Y8L07,1,1,http://www.wikidata.org/entity/Q30
W2J74V2Y8L07,2,0,http://www.wikidata.org/entity/Q37196555
W2J74V2Y8L07,2,1,http://www.wikidata.org/entity/Q25
W2J74V2Y8L07,3,0,http://www.wikidata.org/entity/Q109050088
RWTH8RRSN9LK,1,0,http://www.wikidata.org/entity/Q90320391
RWTH8RRSN9LK,1,1,http://www.wikidata.org/entity/Q12884140
RWTH8RRSN9LK,1,2,http://www.wikidata.org/entity/Q90321339
RWTH8RRSN9LK,2,0,http://www.wikidata.org/entity/Q81650767
RWTH8RRSN9LK,2,1,http://www.wikidata.org/entity/Q12884140
RWTH8RRSN9LK,2,2,http://www.wikidata.org/entity/Q81650776
RWTH8RRSN9LK,3,0,http://www.wikidata.org/entity/Q88885743
RWTH8RRSN9LK,3,1,http://www.wikidata.org/entity/Q21114808
RWTH8RRSN9LK,3,2,http://www.wikidata.org/entity/Q73686858
RWTH8RRSN9LK,4,0,http://www.wikidata.org/entity/Q88069979
RWTH8RRSN9LK,4,1,http://www.wikidata.org/entity/Q12875345
RWTH8RRSN9LK,4,2,http://www.wikidata.org/entity/Q64158995
RWTH8RRSN9LK,5,0,http://www.wikidata.org/entity/Q84602390
RWTH8RRSN9LK,5,1,http://www.wikidata.org/entity/Q12875345
RWTH8RRSN9LK,5,2,http://www.wikidata.org/entity/Q64158995
RWTH8RRSN9LK,6,0,http://www.wikidata.org/entity/Q62120394
RWTH8RRSN9LK,6,1,http://www.wikidata.org/entity/Q29020880
RWTH8RRSN9LK,6,2,http://www.wikidata.org/entity/Q62122028
RWTH8RRSN9LK,7,0,http://www.wikidata.org/entity/Q84821380
RWTH8RRSN9LK,7,1,http://www.wikidata.org/entity/Q12884718
RWTH8RRSN9LK,7,2,http://www.wikidata.org/entity/Q61650955
RWTH8RRSN9LK,8,0,http://www.wikidata.org/entity/Q76882236
RWTH8RRSN9LK,8,1,http://www.wikidata.org/entity/Q12884718
RWTH8RRSN9LK,8,2,http://www.wikidata.org/entity/Q61650955
RWTH8RRSN9LK,9,0,http://www.wikidata.org/entity/Q64596820
RWTH8RRSN9LK,9,1,http://www.wikidata.org/entity/Q12884718
RWTH8RRSN9LK,9,2,http://www.wikidata.org/entity/Q61650955
RWTH8RRSN9LK,10,0,http://www.wikidata.org/entity/Q64374253
RWTH8RRSN9LK,10,1,http://www.wikidata.org/entity/Q12884718
RWTH8RRSN9LK,10,2,http://www.wikidata.org/entity/Q61650955
RWTH8RRSN9LK,11,0,http://www.wikidata.org/entity/Q61467358
RWTH8RRSN9LK,11,1,http://www.wikidata.org/entity/Q12884718
RWTH8RRSN9LK,11,2,http://www.wikidata.org/entity/Q61467374
RWTH8RRSN9LK,12,0,http://www.wikidata.org/entity/Q67450741
RWTH8RRSN9LK,12,1,http://www.wikidata.org/entity/Q12886189
RWTH8RRSN9LK,12,2,http://www.wikidata.org/entity/Q61041486
RWTH8RRSN9LK,13,0,http://www.wikidata.org/entity/Q73519258
RWTH8RRSN9LK,13,1,http://www.wikidata.org/entity/Q12884140
RWTH8RRSN9LK,13,2,http://www.wikidata.org/entity/Q60858820
8UT7MFRC6EZ4,1,0,http://www.wikidata.org/entity/Q109611664
8UT7MFRC6EZ4,2,0,http://www.wikidata.org/entity/Q113336528
8UT7MFRC6EZ4,2,2,http://www.wikidata.org/entity/Q98970020
8UT7MFRC6EZ4,3,0,http://www.wikidata.org/entity/Q107331611
8UT7MFRC6EZ4,3,2,http://www.wikidata.org/entity/Q5349383
8UT7MFRC6EZ4,4,0,http://www.wikidata.org/entity/Q10278767
8UT7MFRC6EZ4,5,0,http://www.wikidata.org/entity/Q28136465
8UT7MFRC6EZ4,6,0,http://www.wikidata.org/entity/Q4006974
8UT7MFRC6EZ4,7,0,http://www.wikidata.org/entity/Q124749777
8UT7MFRC6EZ4,7,2,http://www.wikidata.org/entity/Q124749820
8UT7MFRC6EZ4,8,0,http://www.wikidata.org/entity/Q111244116
8UT7MFRC6EZ4,8,2,http://www.wikidata.org/entity/Q111238972
8UT7MFRC6EZ4,9,0,http://www.wikidata.org/entity/Q119857101
8UT7MFRC6EZ4,9,2,http://www.wikidata.org/entity/Q15873869
8UT7MFRC6EZ4,10,0,http://www.wikidata.org/entity/Q118043409
8UT7MFRC6EZ4,11,0,http://www.wikidata.org/entity/Q122777552
8UT7MFRC6EZ4,11,2,http://www.wikidata.org/entity/Q111972727
8UT7MFRC6EZ4,12,0,http://www.wikidata.org/entity/Q31187901
8UT7MFRC6EZ4,12,2,http://www.wikidata.org/entity/Q57575090
8UT7MFRC6EZ4,13,0,http://www.wikidata.org/entity/Q60776654
8UT7MFRC6EZ4,14,0,http://www.wikidata.org/entity/Q23808343
8UT7MFRC6EZ4,15,0,http://www.wikidata.org/entity/Q114731176
8UT7MFRC6EZ4,15,2,http://www.wikidata.org/entity/Q114731180
8UT7MFRC6EZ4,16,0,http://www.wikidata.org/entity/Q12405814
8UT7MFRC6EZ4,16,2,http://www.wikidata.org/entity/Q1530268
8UT7MFRC6EZ4,17,0,http://www.wikidata.org/entity/Q111842791
8UT7MFRC6EZ4,17,2,http://www.wikidata.org/entity/Q111842932
8UT7MFRC6EZ4,18,0,http://www.wikidata.org/entity/Q56229813
8UT7MFRC6EZ4,19,0,http://www.wikidata.org/entity/Q124659362
8UT7MFRC6EZ4,20,0,http://www.wikidata.org/entity/Q28563715
BT0OTC1R9X0W,1,0,http://www.wikidata.org/entity/Q383377
BT0OTC1R9X0W,2,0,http://www.wikidata.org/entity/Q1610182
BT0OTC1R9X0W,3,0,http://www.wikidata.org/entity/Q2324009
BT0OTC1R9X0W,3,1,http://www.wikidata.org/entity/Q2305538
BT0OTC1R9X0W,4,0,http://www.wikidata.org/entity/Q654551
BT0OTC1R9X0W,4,1,http://www.wikidata.org/entity/Q717588
BT0OTC1R9X0W,5,0,http://www.wikidata.org/entity/Q59999
BT0OTC1R9X0W,5,1,http://www.wikidata.org/entity/Q7077079
BT0OTC1R9X0W,6,0,http://www.wikidata.org/entity/Q7077079
BT0OTC1R9X0W,6,1,http://www.wikidata.org/entity/Q59999
NCFMALWQ7KAJ,1,0,http://www.wikidata.org/entity/Q1264776
NCFMALWQ7KAJ,1,1,http://www.wikidata.org/entity/Q1029706
NCFMALWQ7KAJ,2,0,http://www.wikidata.org/entity/Q1402637
NCFMALWQ7KAJ,2,1,http://www.wikidata.org/entity/Q678259
NCFMALWQ7KAJ,3,0,http://www.wikidata.org/entity/Q2959036
NCFMALWQ7KAJ,3,1,http://www.wikidata.org/entity/Q111784345
NCFMALWQ7KAJ,4,0,http://www.wikidata.org/entity/Q2962999
NCFMALWQ7KAJ,4,1,http://www.wikidata.org/entity/Q602358
NCFMALWQ7KAJ,5,0,http://www.wikidata.org/entity/Q1687808
NCFMALWQ7KAJ,5,1,http://www.wikidata.org/entity/Q99413897
NCFMALWQ7KAJ,6,0,http://www.wikidata.org/entity/Q1655364
NCFMALWQ7KAJ,6,1,http://www.wikidata.org/entity/Q3181656
NCFMALWQ7KAJ,7,0,http://www.wikidata.org/entity/Q1650633
NCFMALWQ7KAJ,7,1,http://www.wikidata.org/entity/Q3181656
NCFMALWQ7KAJ,8,0,http://www.wikidata.org/entity/Q1676032
NCFMALWQ7KAJ,8,1,http://www.wikidata.org/entity/Q602358
NCFMALWQ7KAJ,9,0,http://www.wikidata.org/entity/Q1642566
NCFMALWQ7KAJ,9,1,http://www.wikidata.org/entity/Q490820
NCFMALWQ7KAJ,10,0,http://www.wikidata.org/entity/Q1156620
NCFMALWQ7KAJ,10,1,http://www.wikidata.org/entity/Q16082057
NCFMALWQ7KAJ,11,0,http://www.wikidata.org/entity/Q1163427
NCFMALWQ7KAJ,11,1,http://www.wikidata.org/entity/Q3181656
NCFMALWQ7KAJ,12,0,http://www.wikidata.org/entity/Q1130807
NCFMALWQ7KAJ,12,1,http://www.wikidata.org/entity/Q28763
NCFMALWQ7KAJ,13,0,http://www.wikidata.org/entity/Q1233109
NCFMALWQ7KAJ,13,1,http://www.wikidata.org/entity/Q602358
NCFMALWQ7KAJ,14,0,http://www.wikidata.org/entity/Q1076932
NCFMALWQ7KAJ,14,1,http://www.wikidata.org/entity/Q116876043
NCFMALWQ7KAJ,15,0,http://www.wikidata.org/entity/Q122980
NCFMALWQ7KAJ,15,1,http://www.wikidata.org/entity/Q602358
NCFMALWQ7KAJ,16,0,http://www.wikidata.org/entity/Q122634
NCFMALWQ7KAJ,16,1,http://www.wikidata.org/entity/Q602358
NCFMALWQ7KAJ,17,0,http://www.wikidata.org/entity/Q82732
NCFMALWQ7KAJ,17,1,http://www.wikidata.org/entity/Q602358
NCFMALWQ7KAJ,18,0,http://www.wikidata.org/entity/Q545694
NCFMALWQ7KAJ,18,1,http://www.wikidata.org/entity/Q121889692
3YGLTZ5K4ZW9,1,0,http://www.wikidata.org/entity/Q2191850
3YGLTZ5K4ZW9,2,0,http://www.wikidata.org/entity/Q742971
3YGLTZ5K4ZW9,3,0,http://www.wikidata.org/entity/Q1650633
3YGLTZ5K4ZW9,4,0,http://www.wikidata.org/entity/Q627820
3YGLTZ5K4ZW9,5,0,http://www.wikidata.org/entity/Q581353
3YGLTZ5K4ZW9,6,0,http://www.wikidata.org/entity/Q894176
3YGLTZ5K4ZW9,7,0,http://www.wikidata.org/entity/Q2695156
3YGLTZ5K4ZW9,7,1,http://www.wikidata.org/entity/Q631630
3YGLTZ5K4ZW9,8,0,http://www.wikidata.org/entity/Q3636199
3YGLTZ5K4ZW9,8,1,http://www.wikidata.org/entity/Q631630
3YGLTZ5K4ZW9,9,0,http://www.wikidata.org/entity/Q4869384
3YGLTZ5K4ZW9,9,1,http://www.wikidata.org/entity/Q631630
3YGLTZ5K4ZW9,10,0,http://www.wikidata.org/entity/Q25442668
3YGLTZ5K4ZW9,10,1,http://www.wikidata.org/entity/Q631630
3YGLTZ5K4ZW9,11,0,http://www.wikidata.org/entity/Q57394119
3YGLTZ5K4ZW9,11,1,http://www.wikidata.org/entity/Q631630
3YGLTZ5K4ZW9,12,0,http://www.wikidata.org/entity/Q64658410
3YGLTZ5K4ZW9,12,1,http://www.wikidata.org/entity/Q631630
3YGLTZ5K4ZW9,13,0,http://www.wikidata.org/entity/Q100254976
3YGLTZ5K4ZW9,13,1,http://www.wikidata.org/entity/Q124072
DCDDHL1XFRHB,1,0,http://www.wikidata.org/entity/Q91336419
DCDDHL1XFRHB,1,1,http://www.wikidata.org/entity/Q19866576
DCDDHL1XFRHB,2,0,http://www.wikidata.org/entity/Q106991516
DCDDHL1XFRHB,2,1,http://www.wikidata.org/entity/Q106929822
DCDDHL1XFRHB,2,2,http://www.wikidata.org/entity/Q106921010
DCDDHL1XFRHB,3,0,http://www.wikidata.org/entity/Q3338502
DCDDHL1XFRHB,3,2,http://www.wikidata.org/entity/Q17486229
DCDDHL1XFRHB,4,0,http://www.wikidata.org/entity/Q6666461
DCDDHL1XFRHB,4,1,http://www.wikidata.org/entity/Q2570349
DCDDHL1XFRHB,5,0,http://www.wikidata.org/entity/Q30251052
DCDDHL1XFRHB,5,1,http://www.wikidata.org/entity/Q30250689
DCDDHL1XFRHB,6,0,http://www.wikidata.org/entity/Q2266023
DCDDHL1XFRHB,6,2,http://www.wikidata.org/entity/Q64352650
DCDDHL1XFRHB,7,0,http://www.wikidata.org/entity/Q826055
DCDDHL1XFRHB,7,2,http://www.wikidata.org/entity/Q17486229
DCDDHL1XFRHB,8,0,http://www.wikidata.org/entity/Q1060360
DCDDHL1XFRHB,8,2,http://www.wikidata.org/entity/Q3551295
DCDDHL1XFRHB,9,0,http://www.wikidata.org/entity/Q388796
DCDDHL1XFRHB,9,2,http://www.wikidata.org/entity/Q64352650
DCDDHL1XFRHB,10,0,http://www.wikidata.org/entity/Q2982398
DCDDHL1XFRHB,10,2,http://www.wikidata.org/entity/Q931597
J1J0N99WMMU1,1,0,http://www.wikidata.org/entity/Q97479035
J1J0N99WMMU1,1,1,http://www.wikidata.org/entity/Q698591
J1J0N99WMMU1,2,0,http://www.wikidata.org/entity/Q12124367
J1J0N99WMMU1,2,1,http://www.wikidata.org/entity/Q103796930
J1J0N99WMMU1,3,0,http://www.wikidata.org/entity/Q29350326
J1J0N99WMMU1,3,1,http://www.wikidata.org/entity/Q5462
J1J0N99WMMU1,4,0,http://www.wikidata.org/entity/Q106112797
J1J0N99WMMU1,4,1,http://www.wikidata.org/entity/Q390284
J1J0N99WMMU1,5,0,http://www.wikidata.org/entity/Q21861928
J1J0N99WMMU1,5,1,http://www.wikidata.org/entity/Q524727
J1J0N99WMMU1,6,0,http://www.wikidata.org/entity/Q21880580
J1J0N99WMMU1,6,1,http://www.wikidata.org/entity/Q679897
J1J0N99WMMU1,6,2,http://www.wikidata.org/entity/Q203151
J1J0N99WMMU1,7,0,http://www.wikidata.org/entity/Q21875626
J1J0N99WMMU1,7,1,http://www.wikidata.org/entity/Q624352
J1J0N99WMMU1,8,0,http://www.wikidata.org/entity/Q21861341
J1J0N99WMMU1,8,1,http://www.wikidata.org/entity/Q612212
J1J0N99WMMU1,8,2,http://www.wikidata.org/entity/Q261664
J1J0N99WMMU1,9,0,http://www.wikidata.org/entity/Q21881538
J1J0N99WMMU1,9,1,http://www.wikidata.org/entity/Q267980
J1J0N99WMMU1,10,0,http://www.wikidata.org/entity/Q21875173
J1J0N99WMMU1,10,1,http://www.wikidata.org/entity/Q666556
J1J0N99WMMU1,11,0,http://www.wikidata.org/entity/Q105929873
J1J0N99WMMU1,11,1,http://www.wikidata.org/entity/Q1653013
J1J0N99WMMU1,12,0,http://www.wikidata.org/entity/Q21878355
J1J0N99WMMU1,12,1,http://www.wikidata.org/entity/Q700910
J1J0N99WMMU1,12,2,http://www.wikidata.org/entity/Q122641
J1J0N99WMMU1,13,0,http://www.wikidata.org/entity/Q119853874
J1J0N99WMMU1,13,1,http://www.wikidata.org/entity/Q6998
J1J0N99WMMU1,14,0,http://www.wikidata.org/entity/Q21865510
J1J0N99WMMU1,14,1,http://www.wikidata.org/entity/Q238488
J1J0N99WMMU1,14,2,http://www.wikidata.org/entity/Q557440
J1J0N99WMMU1,15,0,http://www.wikidata.org/entity/Q119853857
J1J0N99WMMU1,15,1,http://www.wikidata.org/entity/Q6998
J1J0N99WMMU1,16,0,http://www.wikidata.org/entity/Q21868715
J1J0N99WMMU1,16,1,http://www.wikidata.org/entity/Q389363
J1J0N99WMMU1,17,0,http://www.wikidata.org/entity/Q21879196
J1J0N99WMMU1,17,1,http://www.wikidata.org/entity/Q200916
5VY3YDJPMOGQ,1,0,http://www.wikidata.org/entity/Q25975516
5VY3YDJPMOGQ,1,1,http://www.wikidata.org/entity/Q27652500
5VY3YDJPMOGQ,2,0,http://www.wikidata.org/entity/Q21859041
5VY3YDJPMOGQ,2,1,http://www.wikidata.org/entity/Q697575
5VY3YDJPMOGQ,3,0,http://www.wikidata.org/entity/Q21879339
5VY3YDJPMOGQ,3,1,http://www.wikidata.org/entity/Q281568
5VY3YDJPMOGQ,3,2,http://www.wikidata.org/entity/Q668584
5VY3YDJPMOGQ,4,0,http://www.wikidata.org/entity/Q21878828
5VY3YDJPMOGQ,4,1,http://www.wikidata.org/entity/Q664330
5VY3YDJPMOGQ,4,2,http://www.wikidata.org/entity/Q667237
5VY3YDJPMOGQ,5,0,http://www.wikidata.org/entity/Q21859053
5VY3YDJPMOGQ,5,1,http://www.wikidata.org/entity/Q875812
5VY3YDJPMOGQ,5,2,http://www.wikidata.org/entity/Q454919
5VY3YDJPMOGQ,6,0,http://www.wikidata.org/entity/Q9332919
5VY3YDJPMOGQ,6,1,http://www.wikidata.org/entity/Q103821058
5VY3YDJPMOGQ,7,0,http://www.wikidata.org/entity/Q5953930
5VY3YDJPMOGQ,7,1,http://www.wikidata.org/entity/Q1009146
5VY3YDJPMOGQ,8,0,http://www.wikidata.org/entity/Q21859126
5VY3YDJPMOGQ,8,1,http://www.wikidata.org/entity/Q694084
5VY3YDJPMOGQ,9,0,http://www.wikidata.org/entity/Q21861906
5VY3YDJPMOGQ,9,1,http://www.wikidata.org/entity/Q661578
5VY3YDJPMOGQ,10,0,http://www.wikidata.org/entity/Q27567289
5VY3YDJPMOGQ,10,2,http://www.wikidata.org/entity/Q2721690
5VY3YDJPMOGQ,11,0,http://www.wikidata.org/entity/Q21859107
5VY3YDJPMOGQ,11,1,http://www.wikidata.org/entity/Q697575
5VY3YDJPMOGQ,11,2,http://www.wikidata.org/entity/Q454919
5VY3YDJPMOGQ,12,0,http://www.wikidata.org/entity/Q27567323
5VY3YDJPMOGQ,12,2,http://www.wikidata.org/entity/Q2721690
5VY3YDJPMOGQ,13,0,http://www.wikidata.org/entity/Q21859123
5VY3YDJPMOGQ,13,1,http://www.wikidata.org/entity/Q694084
5VY3YDJPMOGQ,13,2,http://www.wikidata.org/entity/Q454919
5VY3YDJPMOGQ,14,0,http://www.wikidata.org/entity/Q30671306
5VY3YDJPMOGQ,14,1,http://www.wikidata.org/entity/Q1205
5VY3YDJPMOGQ,15,0,http://www.wikidata.org/entity/Q31312090
5VY3YDJPMOGQ,15,1,http://www.wikidata.org/entity/Q1205
5VY3YDJPMOGQ,16,0,http://www.wikidata.org/entity/Q110776152
5VY3YDJPMOGQ,16,1,http://www.wikidata.org/entity/Q892548
5VY3YDJPMOGQ,17,0,http://www.wikidata.org/entity/Q9708
5VY3YDJPMOGQ,17,1,http://www.wikidata.org/entity/Q1636191
6K6A2ZR1GIGW,1,0,http://www.wikidata.org/entity/Q1110590
6K6A2ZR1GIGW,1,1,http://www.wikidata.org/entity/Q1641042
6K6A2ZR1GIGW,2,0,http://www.wikidata.org/entity/Q3411230
6K6A2ZR1GIGW,2,1,http://www.wikidata.org/entity/Q7162042
B0QNT6K91OP7,1,0,http://www.wikidata.org/entity/Q21008824
B0QNT6K91OP7,1,2,http://www.wikidata.org/entity/Q133769
B0QNT6K91OP7,2,0,http://www.wikidata.org/entity/Q6411021
B0QNT6K91OP7,2,2,http://www.wikidata.org/entity/Q547166
B0QNT6K91OP7,3,0,http://www.wikidata.org/entity/Q13653352
B0QNT6K91OP7,3,1,http://www.wikidata.org/entity/Q19242426
B0QNT6K91OP7,3,2,http://www.wikidata.org/entity/Q9796
B0QNT6K91OP7,4,0,http://www.wikidata.org/entity/Q18654823
B0QNT6K91OP7,4,2,http://www.wikidata.org/entity/Q499609
B0QNT6K91OP7,5,0,http://www.wikidata.org/entity/Q21088441
B0QNT6K91OP7,5,2,http://www.wikidata.org/entity/Q101918
B0QNT6K91OP7,6,0,http://www.wikidata.org/entity/Q1859951
B0QNT6K91OP7,6,1,http://www.wikidata.org/entity/Q19344422
B0QNT6K91OP7,6,2,http://www.wikidata.org/entity/Q9766
B0QNT6K91OP7,7,0,http://www.wikidata.org/entity/Q14516295
B0QNT6K91OP7,7,2,http://www.wikidata.org/entity/Q110989
B0QNT6K91OP7,8,0,http://www.wikidata.org/entity/Q21045580
B0QNT6K91OP7,8,1,http://www.wikidata.org/entity/Q122944773
B0QNT6K91OP7,8,2,http://www.wikidata.org/entity/Q118958
B0QNT6K91OP7,9,0,http://www.wikidata.org/entity/Q17613257
B0QNT6K91OP7,9,1,http://www.wikidata.org/entity/Q19422179
B0QNT6K91OP7,9,2,http://www.wikidata.org/entity/Q992
B0QNT6K91OP7,10,0,http://www.wikidata.org/entity/Q15883546
B0QNT6K91OP7,10,2,http://www.wikidata.org/entity/Q819152
QB2DPEFOUOY7,1,0,http://www.wikidata.org/entity/Q2296808
QB2DPEFOUOY7,1,1,http://www.wikidata.org/entity/Q19401904
QB2DPEFOUOY7,1,2,http://www.wikidata.org/entity/Q9769
QB2DPEFOUOY7,2,0,http://www.wikidata.org/entity/Q2495990
QB2DPEFOUOY7,2,1,http://www.wikidata.org/entity/Q19516346
QB2DPEFOUOY7,2,2,http://www.wikidata.org/entity/Q9771
QB2DPEFOUOY7,3,0,http://www.wikidata.org/entity/Q18434539
QB2DPEFOUOY7,3,2,http://www.wikidata.org/entity/Q119331
QB2DPEFOUOY7,4,0,http://www.wikidata.org/entity/Q16903226
QB2DPEFOUOY7,4,2,http://www.wikidata.org/entity/Q510915
QB2DPEFOUOY7,5,0,http://www.wikidata.org/entity/Q2161448
QB2DPEFOUOY7,5,1,http://www.wikidata.org/entity/Q19476786
QB2DPEFOUOY7,5,2,http://www.wikidata.org/entity/Q29957432
QB2DPEFOUOY7,6,0,http://www.wikidata.org/entity/Q63063787
QB2DPEFOUOY7,6,2,http://www.wikidata.org/entity/Q93270
QB2DPEFOUOY7,7,0,http://www.wikidata.org/entity/Q17548258
QB2DPEFOUOY7,7,2,http://www.wikidata.org/entity/Q1970796
QB2DPEFOUOY7,8,0,http://www.wikidata.org/entity/Q26641971
QB2DPEFOUOY7,8,2,http://www.wikidata.org/entity/Q7796207
QB2DPEFOUOY7,9,0,http://www.wikidata.org/entity/Q26573573
QB2DPEFOUOY7,9,2,http://www.wikidata.org/entity/Q3385780
QB2DPEFOUOY7,10,0,http://www.wikidata.org/entity/Q26519843
QB2DPEFOUOY7,10,2,http://www.wikidata.org/entity/Q2508832
QB2DPEFOUOY7,11,0,http://www.wikidata.org/entity/Q15881465
QB2DPEFOUOY7,11,2,http://www.wikidata.org/entity/Q651826
QB2DPEFOUOY7,12,0,http://www.wikidata.org/entity/Q4989330
QB2DPEFOUOY7,12,2,http://www.wikidata.org/entity/Q275863
QB2DPEFOUOY7,13,0,http://www.wikidata.org/entity/Q19257112
QB2DPEFOUOY7,13,2,http://www.wikidata.org/entity/Q13435
QB2DPEFOUOY7,14,0,http://www.wikidata.org/entity/Q26616728
QB2DPEFOUOY7,14,2,http://www.wikidata.org/entity/Q21713103
QB2DPEFOUOY7,15,0,http://www.wikidata.org/entity/Q2856070
QB2DPEFOUOY7,15,2,http://www.wikidata.org/entity/Q42878311
QB2DPEFOUOY7,16,0,http://www.wikidata.org/entity/Q4478734
QB2DPEFOUOY7,16,2,http://www.wikidata.org/entity/Q9767
QB2DPEFOUOY7,17,0,http://www.wikidata.org/entity/Q1985277
QB2DPEFOUOY7,17,1,http://www.wikidata.org/entity/Q19015018
QB2DPEFOUOY7,17,2,http://www.wikidata.org/entity/Q9767
QB2DPEFOUOY7,18,0,http://www.wikidata.org/entity/Q1837939
QB2DPEFOUOY7,18,1,http://www.wikidata.org/entity/Q19205548
QB2DPEFOUOY7,18,2,http://www.wikidata.org/entity/Q9774
QB2DPEFOUOY7,19,0,http://www.wikidata.org/entity/Q6673634
QB2DPEFOUOY7,19,2,http://www.wikidata.org/entity/Q2258424
QB2DPEFOUOY7,20,0,http://www.wikidata.org/entity/Q23038894
QB2DPEFOUOY7,20,1,http://www.wikidata.org/entity/Q19545205
QB2DPEFOUOY7,20,2,http://www.wikidata.org/entity/Q9775
QB2DPEFOUOY7,21,0,http://www.wikidata.org/entity/Q47472505
QB2DPEFOUOY7,21,2,http://www.wikidata.org/entity/Q681109
QB2DPEFOUOY7,22,0,http://www.wikidata.org/entity/Q2427775
QB2DPEFOUOY7,22,2,http://www.wikidata.org/entity/Q18655255
QB2DPEFOUOY7,23,0,http://www.wikidata.org/entity/Q13442059
QB2DPEFOUOY7,23,2,http://www.wikidata.org/entity/Q819133
8KYUW6PWNXU6,1,0,http://www.wikidata.org/entity/Q1867622
8KYUW6PWNXU6,2,0,http://www.wikidata.org/entity/Q21698651
8KYUW6PWNXU6,3,0,http://www.wikidata.org/entity/Q1435251
8KYUW6PWNXU6,4,0,http://www.wikidata.org/entity/Q1104398
8KYUW6PWNXU6,5,0,http://www.wikidata.org/entity/Q662123
8KYUW6PWNXU6,6,0,http://www.wikidata.org/entity/Q6503
8KYUW6PWNXU6,7,0,http://www.wikidata.org/entity/Q791469
8KYUW6PWNXU6,8,0,http://www.wikidata.org/entity/Q54933258
8KYUW6PWNXU6,9,0,http://www.wikidata.org/entity/Q8142879
8KYUW6PWNXU6,10,0,http://www.wikidata.org/entity/Q5458410
8KYUW6PWNXU6,11,0,http://www.wikidata.org/entity/Q106401553
8KYUW6PWNXU6,12,0,http://www.wikidata.org/entity/Q653603
8KYUW6PWNXU6,13,0,http://www.wikidata.org/entity/Q1330180
8KYUW6PWNXU6,14,0,http://www.wikidata.org/entity/Q831463
8KYUW6PWNXU6,15,0,http://www.wikidata.org/entity/Q203622
8KYUW6PWNXU6,16,0,http://www.wikidata.org/entity/Q175092
8KYUW6PWNXU6,17,0,http://www.wikidata.org/entity/Q194251
8KYUW6PWNXU6,18,0,http://www.wikidata.org/entity/Q17446624
8KYUW6PWNXU6,19,0,http://www.wikidata.org/entity/Q17816698
8KYUW6PWNXU6,20,0,http://www.wikidata.org/entity/Q420438
HQMAGM0Z6J9Y,1,0,http://www.wikidata.org/entity/Q2905537
HQMAGM0Z6J9Y,2,0,http://www.wikidata.org/entity/Q1069327
HQMAGM0Z6J9Y,3,0,http://www.wikidata.org/entity/Q90319172
HQMAGM0Z6J9Y,4,0,http://www.wikidata.org/entity/Q1867857
HQMAGM0Z6J9Y,5,0,http://www.wikidata.org/entity/Q21697671
HQMAGM0Z6J9Y,5,1,http://www.wikidata.org/entity/Q21684983
AZG4DSZ6KSUX,1,0,http://www.wikidata.org/entity/Q749986
AZG4DSZ6KSUX,1,2,http://www.wikidata.org/entity/Q29042798
AZG4DSZ6KSUX,2,0,http://www.wikidata.org/entity/Q7513896
AZG4DSZ6KSUX,2,1,http://www.wikidata.org/entity/Q212446
AZG4DSZ6KSUX,3,0,http://www.wikidata.org/entity/Q527994
AZG4DSZ6KSUX,3,2,http://www.wikidata.org/entity/Q15054642
AZG4DSZ6KSUX,4,0,http://www.wikidata.org/entity/Q615180
AZG4DSZ6KSUX,4,1,http://www.wikidata.org/entity/Q1724088
PPNYRU5FSHIC,1,0,http://www.wikidata.org/entity/Q3364869
PPNYRU5FSHIC,2,0,http://www.wikidata.org/entity/Q1627145
PPNYRU5FSHIC,3,0,http://www.wikidata.org/entity/Q19829125
PPNYRU5FSHIC,3,1,http://www.wikidata.org/entity/Q3877969
PPNYRU5FSHIC,4,0,http://www.wikidata.org/entity/Q5281657
PPNYRU5FSHIC,5,0,http://www.wikidata.org/entity/Q12888920
PPNYRU5FSHIC,5,1,http://www.wikidata.org/entity/Q1331926
PPNYRU5FSHIC,6,0,http://www.wikidata.org/entity/Q3847033
PPNYRU5FSHIC,6,1,http://www.wikidata.org/entity/Q29485
PPNYRU5FSHIC,7,0,http://www.wikidata.org/entity/Q105702434
PPNYRU5FSHIC,8,0,http://www.wikidata.org/entity/Q3438873
PPNYRU5FSHIC,9,0,http://www.wikidata.org/entity/Q1048935
PPNYRU5FSHIC,10,0,http://www.wikidata.org/entity/Q3878446
PPNYRU5FSHIC,11,0,http://www.wikidata.org/entity/Q3251291
PPNYRU5FSHIC,12,0,http://www.wikidata.org/entity/Q12781191
PPNYRU5FSHIC,13,0,http://www.wikidata.org/entity/Q12032053
PPNYRU5FSHIC,13,1,http://www.wikidata.org/entity/Q381913
80HGMBC65XX9,1,0,http://www.wikidata.org/entity/Q29497729
80HGMBC65XX9,2,0,http://www.wikidata.org/entity/Q29494422
BLB7E9LNN5AG,1,0,http://www.wikidata.org/entity/Q10384775
BLB7E9LNN5AG,1,1,http://www.wikidata.org/entity/Q240087
BLB7E9LNN5AG,2,0,http://www.wikidata.org/entity/Q16147786
BLB7E9LNN5AG,3,0,http://www.wikidata.org/entity/Q7913013
BLB7E9LNN5AG,3,1,http://www.wikidata.org/entity/Q5944792
Y1ZE49HLT907,1,0,http://www.wikidata.org/entity/Q27691887
Y1ZE49HLT907,1,1,http://www.wikidata.org/entity/Q912
Y1ZE49HLT907,2,0,http://www.wikidata.org/entity/Q27693073
Y1ZE49HLT907,2,1,http://www.wikidata.org/entity/Q912
Y1ZE49HLT907,2,2,http://www.wikidata.org/entity/Q339462
Y1ZE49HLT907,3,0,http://www.wikidata.org/entity/Q27732934
Y1ZE49HLT907,3,1,http://www.wikidata.org/entity/Q1025
Y1ZE49HLT907,3,2,http://www.wikidata.org/entity/Q738546
Y1ZE49HLT907,4,0,http://www.wikidata.org/entity/Q27692333
Y1ZE49HLT907,4,1,http://www.wikidata.org/entity/Q912
Y1ZE49HLT907,5,0,http://www.wikidata.org/entity/Q25203443
Y1ZE49HLT907,5,1,http://www.wikidata.org/entity/Q1030
Y1ZE49HLT907,6,0,http://www.wikidata.org/entity/Q20014627
Y1ZE49HLT907,6,1,http://www.wikidata.org/entity/Q93366
Y1ZE49HLT907,6,2,http://www.wikidata.org/entity/Q763669
Y1ZE49HLT907,7,0,http://www.wikidata.org/entity/Q21774850
Y1ZE49HLT907,7,1,http://www.wikidata.org/entity/Q889
Y1ZE49HLT907,7,2,http://www.wikidata.org/entity/Q173821
Y1ZE49HLT907,8,0,http://www.wikidata.org/entity/Q32146934
Y1ZE49HLT907,8,1,http://www.wikidata.org/entity/Q851
Y1ZE49HLT907,9,0,http://www.wikidata.org/entity/Q32225603
Y1ZE49HLT907,9,1,http://www.wikidata.org/entity/Q851
Y1ZE49HLT907,9,2,http://www.wikidata.org/entity/Q1249255
Y1ZE49HLT907,10,0,http://www.wikidata.org/entity/Q27733530
Y1ZE49HLT907,10,1,http://www.wikidata.org/entity/Q1025
Y1ZE49HLT907,10,2,http://www.wikidata.org/entity/Q843903
Y1ZE49HLT907,11,0,http://www.wikidata.org/entity/Q21765110
Y1ZE49HLT907,11,1,http://www.wikidata.org/entity/Q889
Y1ZE49HLT907,11,2,http://www.wikidata.org/entity/Q173821
Y1ZE49HLT907,12,0,http://www.wikidata.org/entity/Q32220505
Y1ZE49HLT907,12,1,http://www.wikidata.org/entity/Q851
Y1ZE49HLT907,12,2,http://www.wikidata.org/entity/Q1249255
Y1ZE49HLT907,13,0,http://www.wikidata.org/entity/Q31882744
Y1ZE49HLT907,13,1,http://www.wikidata.org/entity/Q258
Y1ZE49HLT907,13,2,http://www.wikidata.org/entity/Q132418
Y1ZE49HLT907,14,0,http://www.wikidata.org/entity/Q27693781
Y1ZE49HLT907,14,1,http://www.wikidata.org/entity/Q912
Y1ZE49HLT907,14,2,http://www.wikidata.org/entity/Q339462
Y1ZE49HLT907,15,0,http://www.wikidata.org/entity/Q27743690
Y1ZE49HLT907,15,1,http://www.wikidata.org/entity/Q1025
Y1ZE49HLT907,15,2,http://www.wikidata.org/entity/Q12621
KC2W3ATRYS5P,1,0,http://www.wikidata.org/entity/Q951816
KC2W3ATRYS5P,2,0,http://www.wikidata.org/entity/Q951287
KC2W3ATRYS5P,3,0,http://www.wikidata.org/entity/Q946269
FK59PJY5JMS3,1,0,http://www.wikidata.org/entity/Q4083977
FK59PJY5JMS3,1,1,http://www.wikidata.org/entity/Q19965966
FK59PJY5JMS3,2,0,http://www.wikidata.org/entity/Q25555309
FK59PJY5JMS3,2,1,http://www.wikidata.org/entity/Q13207344
FK59PJY5JMS3,3,0,http://www.wikidata.org/entity/Q12170712
FK59PJY5JMS3,3,1,http://www.wikidata.org/entity/Q889618
FK59PJY5JMS3,4,0,http://www.wikidata.org/entity/Q106410555
FK59PJY5JMS3,4,1,http://www.wikidata.org/entity/Q4222309
FK59PJY5JMS3,5,0,http://www.wikidata.org/entity/Q117459952
FK59PJY5JMS3,5,1,http://www.wikidata.org/entity/Q3917948
FK59PJY5JMS3,6,0,http://www.wikidata.org/entity/Q12130878
FK59PJY5JMS3,6,1,http://www.wikidata.org/entity/Q4308350
FK59PJY5JMS3,7,0,http://www.wikidata.org/entity/Q12173265
FK59PJY5JMS3,7,1,http://www.wikidata.org/entity/Q4535832
FK59PJY5JMS3,8,0,http://www.wikidata.org/entity/Q12158668
FK59PJY5JMS3,8,1,http://www.wikidata.org/entity/Q156752
FK59PJY5JMS3,9,0,http://www.wikidata.org/entity/Q12116083
FK59PJY5JMS3,9,1,http://www.wikidata.org/entity/Q4361004
FK59PJY5JMS3,10,0,http://www.wikidata.org/entity/Q111820882
FK59PJY5JMS3,11,0,http://www.wikidata.org/entity/Q12159805
FK59PJY5JMS3,11,1,http://www.wikidata.org/entity/Q4397568
1ALGCA7IJD41,1,0,http://www.wikidata.org/entity/Q4174972
1ALGCA7IJD41,1,1,http://www.wikidata.org/entity/Q4097557
1ALGCA7IJD41,2,0,http://www.wikidata.org/entity/Q12101031
1ALGCA7IJD41,2,1,http://www.wikidata.org/entity/Q12141928
1ALGCA7IJD41,3,0,http://www.wikidata.org/entity/Q16707341
1ALGCA7IJD41,3,1,http://www.wikidata.org/entity/Q11825812
1ALGCA7IJD41,4,0,http://www.wikidata.org/entity/Q27832357
1ALGCA7IJD41,4,1,http://www.wikidata.org/entity/Q149223
1ALGCA7IJD41,5,0,http://www.wikidata.org/entity/Q12134189
1ALGCA7IJD41,5,1,http://www.wikidata.org/entity/Q4060994
1ALGCA7IJD41,6,0,http://www.wikidata.org/entity/Q28666386
1ALGCA7IJD41,6,1,http://www.wikidata.org/entity/Q4361460
1ALGCA7IJD41,7,0,http://www.wikidata.org/entity/Q107999590
1ALGCA7IJD41,7,1,http://www.wikidata.org/entity/Q4080721
1ALGCA7IJD41,8,0,http://www.wikidata.org/entity/Q28378784
1ALGCA7IJD41,8,1,http://www.wikidata.org/entity/Q11825800
1ALGCA7IJD41,9,0,http://www.wikidata.org/entity/Q28666533
1ALGCA7IJD41,9,1,http://www.wikidata.org/entity/Q4265250
UKYAFB9ZCHZL,1,0,http://www.wikidata.org/entity/Q11482795
UKYAFB9ZCHZL,2,0,http://www.wikidata.org/entity/Q11453467
UKYAFB9ZCHZL,3,0,http://www.wikidata.org/entity/Q11105350
UKYAFB9ZCHZL,4,0,http://www.wikidata.org/entity/Q10915978
UKYAFB9ZCHZL,5,0,http://www.wikidata.org/entity/Q10915976
UKYAFB9ZCHZL,6,0,http://www.wikidata.org/entity/Q10385405
UKYAFB9ZCHZL,7,0,http://www.wikidata.org/entity/Q9294027
UKYAFB9ZCHZL,8,0,http://www.wikidata.org/entity/Q9292953
UKYAFB9ZCHZL,9,0,http://www.wikidata.org/entity/Q8722802
UKYAFB9ZCHZL,10,0,http://www.wikidata.org/entity/Q8680293
UKYAFB9ZCHZL,11,0,http://www.wikidata.org/entity/Q8679633
UKYAFB9ZCHZL,12,0,http://www.wikidata.org/entity/Q8191652
UKYAFB9ZCHZL,13,0,http://www.wikidata.org/entity/Q7861351
UKYAFB9ZCHZL,14,0,http://www.wikidata.org/entity/Q7861347
UKYAFB9ZCHZL,15,0,http://www.wikidata.org/entity/Q7861336
UKYAFB9ZCHZL,16,0,http://www.wikidata.org/entity/Q7861319
UKYAFB9ZCHZL,17,0,http://www.wikidata.org/entity/Q7861309
UKYAFB9ZCHZL,18,0,http://www.wikidata.org/entity/Q7861300
UKYAFB9ZCHZL,19,0,http://www.wikidata.org/entity/Q7861287
UKYAFB9ZCHZL,20,0,http://www.wikidata.org/entity/Q7861279
UKYAFB9ZCHZL,21,0,http://www.wikidata.org/entity/Q7861265
UKYAFB9ZCHZL,22,0,http://www.wikidata.org/entity/Q7861260
UKYAFB9ZCHZL,23,0,http://www.wikidata.org/entity/Q7861237
UKYAFB9ZCHZL,24,0,http://www.wikidata.org/entity/Q7861231
JK73XTTBQJ63,1,0,http://www.wikidata.org/entity/Q5667496
JK73XTTBQJ63,1,1,http://www.wikidata.org/entity/Q347711
JK73XTTBQJ63,2,0,http://www.wikidata.org/entity/Q38939360
JK73XTTBQJ63,2,1,http://www.wikidata.org/entity/Q6963590
JK73XTTBQJ63,3,0,http://www.wikidata.org/entity/Q7834
JK73XTTBQJ63,3,2,http://www.wikidata.org/entity/Q4990628
JK73XTTBQJ63,4,0,http://www.wikidata.org/entity/Q2223341
JK73XTTBQJ63,4,2,http://www.wikidata.org/entity/Q19816987
JK73XTTBQJ63,5,0,http://www.wikidata.org/entity/Q10870658
JK73XTTBQJ63,5,1,http://www.wikidata.org/entity/Q114273584
JK73XTTBQJ63,6,0,http://www.wikidata.org/entity/Q2825046
JK73XTTBQJ63,6,2,http://www.wikidata.org/entity/Q3372653
JK73XTTBQJ63,7,0,http://www.wikidata.org/entity/Q110551555
JK73XTTBQJ63,7,2,http://www.wikidata.org/entity/Q6758256
JK73XTTBQJ63,8,0,http://www.wikidata.org/entity/Q2142
JK73XTTBQJ63,8,2,http://www.wikidata.org/entity/Q2345156
JK73XTTBQJ63,9,0,http://www.wikidata.org/entity/Q24304130
JK73XTTBQJ63,9,2,http://www.wikidata.org/entity/Q24303977
JK73XTTBQJ63,10,0,http://www.wikidata.org/entity/Q848673
JK73XTTBQJ63,10,2,http://www.wikidata.org/entity/Q112131722
JK73XTTBQJ63,11,0,http://www.wikidata.org/entity/Q89598756
JK73XTTBQJ63,11,2,http://www.wikidata.org/entity/Q89781209
JK73XTTBQJ63,12,0,http://www.wikidata.org/entity/Q38940023
JK73XTTBQJ63,12,1,http://www.wikidata.org/entity/Q6963590
JK73XTTBQJ63,13,0,http://www.wikidata.org/entity/Q113119646
JK73XTTBQJ63,13,2,http://www.wikidata.org/entity/Q113141233
JK73XTTBQJ63,14,0,http://www.wikidata.org/entity/Q1614785
JK73XTTBQJ63,14,2,http://www.wikidata.org/entity/Q113133067
JK73XTTBQJ63,15,0,http://www.wikidata.org/entity/Q507241
JK73XTTBQJ63,15,2,http://www.wikidata.org/entity/Q2827065
JK73XTTBQJ63,16,0,http://www.wikidata.org/entity/Q901323
JK73XTTBQJ63,16,2,http://www.wikidata.org/entity/Q120435533
JK73XTTBQJ63,17,0,http://www.wikidata.org/entity/Q5954188
JK73XTTBQJ63,17,2,http://www.wikidata.org/entity/Q6071381
JK73XTTBQJ63,18,0,http://www.wikidata.org/entity/Q113127055
JK73XTTBQJ63,18,2,http://www.wikidata.org/entity/Q113127020
JK73XTTBQJ63,19,0,http://www.wikidata.org/entity/Q64573570
JK73XTTBQJ63,19,2,http://www.wikidata.org/entity/Q64573147
JK73XTTBQJ63,20,0,http://www.wikidata.org/entity/Q16499677
JK73XTTBQJ63,20,2,http://www.wikidata.org/entity/Q15291049
JK73XTTBQJ63,21,0,http://www.wikidata.org/entity/Q857921
JK73XTTBQJ63,21,2,http://www.wikidata.org/entity/Q2568977
JK73XTTBQJ63,22,0,http://www.wikidata.org/entity/Q38939726
JK73XTTBQJ63,22,1,http://www.wikidata.org/entity/Q6963590
JK73XTTBQJ63,23,0,http://www.wikidata.org/entity/Q2606284
JK73XTTBQJ63,23,2,http://www.wikidata.org/entity/Q3773227
VF5L97ZICWO3,1,0,http://www.wikidata.org/entity/Q56399575
VF5L97ZICWO3,1,2,http://www.wikidata.org/entity/Q193157
VF5L97ZICWO3,2,0,http://www.wikidata.org/entity/Q108660546
VF5L97ZICWO3,2,2,http://www.wikidata.org/entity/Q7424473
VF5L97ZICWO3,3,0,http://www.wikidata.org/entity/Q1061792
VF5L97ZICWO3,3,1,http://www.wikidata.org/entity/Q2882720
VF5L97ZICWO3,4,0,http://www.wikidata.org/entity/Q109031919
VF5L97ZICWO3,4,2,http://www.wikidata.org/entity/Q301816
VF5L97ZICWO3,5,0,http://www.wikidata.org/entity/Q11428966
VF5L97ZICWO3,5,1,http://www.wikidata.org/entity/Q1204959
VF5L97ZICWO3,6,0,http://www.wikidata.org/entity/Q27469182
VF5L97ZICWO3,6,1,http://www.wikidata.org/entity/Q27468496
3SMIMIPM5A6K,1,0,http://www.wikidata.org/entity/Q21235319
3SMIMIPM5A6K,1,1,http://www.wikidata.org/entity/Q20890418
3SMIMIPM5A6K,1,2,http://www.wikidata.org/entity/Q652
3SMIMIPM5A6K,2,0,http://www.wikidata.org/entity/Q85861016
3SMIMIPM5A6K,2,1,http://www.wikidata.org/entity/Q888555
3SMIMIPM5A6K,2,2,http://www.wikidata.org/entity/Q397
3SMIMIPM5A6K,3,0,http://www.wikidata.org/entity/Q107737894
3SMIMIPM5A6K,3,2,http://www.wikidata.org/entity/Q13955
3SMIMIPM5A6K,4,0,http://www.wikidata.org/entity/Q80935
3SMIMIPM5A6K,4,1,http://www.wikidata.org/entity/Q1276696
3SMIMIPM5A6K,4,2,http://www.wikidata.org/entity/Q42365
3SMIMIPM5A6K,5,0,http://www.wikidata.org/entity/Q123575261
3SMIMIPM5A6K,5,1,http://www.wikidata.org/entity/Q2915617
3SMIMIPM5A6K,5,2,http://www.wikidata.org/entity/Q13955
3SMIMIPM5A6K,6,0,http://www.wikidata.org/entity/Q109828325
3SMIMIPM5A6K,6,1,http://www.wikidata.org/entity/Q110233592
3SMIMIPM5A6K,6,2,http://www.wikidata.org/entity/Q13955
3SMIMIPM5A6K,7,0,http://www.wikidata.org/entity/Q108711574
3SMIMIPM5A6K,7,1,http://www.wikidata.org/entity/Q5897557
3SMIMIPM5A6K,7,2,http://www.wikidata.org/entity/Q13955
3SMIMIPM5A6K,8,0,http://www.wikidata.org/entity/Q55831099
3SMIMIPM5A6K,8,2,http://www.wikidata.org/entity/Q652
3SMIMIPM5A6K,9,0,http://www.wikidata.org/entity/Q110189681
3SMIMIPM5A6K,9,1,http://www.wikidata.org/entity/Q110189622
3SMIMIPM5A6K,9,2,http://www.wikidata.org/entity/Q13955
3SMIMIPM5A6K,10,0,http://www.wikidata.org/entity/Q108761159
3SMIMIPM5A6K,10,1,http://www.wikidata.org/entity/Q108760963
3SMIMIPM5A6K,10,2,http://www.wikidata.org/entity/Q13955
3SMIMIPM5A6K,11,0,http://www.wikidata.org/entity/Q108441346
3SMIMIPM5A6K,11,1,http://www.wikidata.org/entity/Q108441418
3SMIMIPM5A6K,12,0,http://www.wikidata.org/entity/Q30889650
3SMIMIPM5A6K,12,1,http://www.wikidata.org/entity/Q3459812
3SMIMIPM5A6K,12,2,http://www.wikidata.org/entity/Q652
3SMIMIPM5A6K,13,0,http://www.wikidata.org/entity/Q109329702
3SMIMIPM5A6K,13,2,http://www.wikidata.org/entity/Q9168
P08P0ECFVRVN,1,0,http://www.wikidata.org/entity/Q218868
P08P0ECFVRVN,1,1,http://www.wikidata.org/entity/Q75029290
P08P0ECFVRVN,2,0,http://www.wikidata.org/entity/Q1153595
P08P0ECFVRVN,2,1,http://www.wikidata.org/entity/Q484265
KU0GX37U00HB,1,0,http://www.wikidata.org/entity/Q6858873
KU0GX37U00HB,2,0,http://www.wikidata.org/entity/Q7782463
KU0GX37U00HB,3,0,http://www.wikidata.org/entity/Q263016
KU0GX37U00HB,4,0,http://www.wikidata.org/entity/Q84957500
KU0GX37U00HB,5,0,http://www.wikidata.org/entity/Q7119951
KU0GX37U00HB,6,0,http://www.wikidata.org/entity/Q1665155
KU0GX37U00HB,7,0,http://www.wikidata.org/entity/Q12806557
KU0GX37U00HB,8,0,http://www.wikidata.org/entity/Q5853261
KU0GX37U00HB,9,0,http://www.wikidata.org/entity/Q61741191
KU0GX37U00HB,9,1,http://www.wikidata.org/entity/Q2290873
KU0GX37U00HB,10,0,http://www.wikidata.org/entity/Q1206709
KU0GX37U00HB,11,0,http://www.wikidata.org/entity/Q1191051
KU0GX37U00HB,12,0,http://www.wikidata.org/entity/Q4504053
KU0GX37U00HB,13,0,http://www.wikidata.org/entity/Q16412918
0JAU827YRZ15,1,0,http://www.wikidata.org/entity/Q326957
0JAU827YRZ15,1,3,http://www.wikidata.org/entity/Q57967
0JAU827YRZ15,2,0,http://www.wikidata.org/entity/Q537594
0JAU827YRZ15,2,3,http://www.wikidata.org/entity/Q58159
0JAU827YRZ15,3,0,http://www.wikidata.org/entity/Q654948
0JAU827YRZ15,3,3,http://www.wikidata.org/entity/Q58026
0JAU827YRZ15,4,0,http://www.wikidata.org/entity/Q943811
0JAU827YRZ15,4,3,http://www.wikidata.org/entity/Q58146
0JAU827YRZ15,5,0,http://www.wikidata.org/entity/Q851785
0JAU827YRZ15,5,3,http://www.wikidata.org/entity/Q57967
0JAU827YRZ15,6,0,http://www.wikidata.org/entity/Q1277225
0JAU827YRZ15,6,3,http://www.wikidata.org/entity/Q58225
0JAU827YRZ15,7,0,http://www.wikidata.org/entity/Q1086683
0JAU827YRZ15,7,3,http://www.wikidata.org/entity/Q27038
0JAU827YRZ15,8,0,http://www.wikidata.org/entity/Q390277
0JAU827YRZ15,8,3,http://www.wikidata.org/entity/Q57071
0JAU827YRZ15,9,0,http://www.wikidata.org/entity/Q582946
0JAU827YRZ15,9,3,http://www.wikidata.org/entity/Q58253
0JAU827YRZ15,10,0,http://www.wikidata.org/entity/Q1014822
0JAU827YRZ15,10,3,http://www.wikidata.org/entity/Q58026
0JAU827YRZ15,11,0,http://www.wikidata.org/entity/Q1275429
0JAU827YRZ15,11,3,http://www.wikidata.org/entity/Q58289
0JAU827YRZ15,12,0,http://www.wikidata.org/entity/Q941734
0JAU827YRZ15,12,3,http://www.wikidata.org/entity/Q58253
0JAU827YRZ15,13,0,http://www.wikidata.org/entity/Q1285708
0JAU827YRZ15,13,3,http://www.wikidata.org/entity/Q58146
0JAU827YRZ15,14,0,http://www.wikidata.org/entity/Q1284418
0JAU827YRZ15,14,3,http://www.wikidata.org/entity/Q58129
0JAU827YRZ15,15,0,http://www.wikidata.org/entity/Q1270360
0JAU827YRZ15,15,3,http://www.wikidata.org/entity/Q58129
0JAU827YRZ15,16,0,http://www.wikidata.org/entity/Q746303
0JAU827YRZ15,16,3,http://www.wikidata.org/entity/Q58330
0JAU827YRZ15,17,0,http://www.wikidata.org/entity/Q911309
0JAU827YRZ15,17,3,http://www.wikidata.org/entity/Q58253
0JAU827YRZ15,18,0,http://www.wikidata.org/entity/Q1151485
0JAU827YRZ15,18,3,http://www.wikidata.org/entity/Q58194
0JAU827YRZ15,19,0,http://www.wikidata.org/entity/Q774000
0JAU827YRZ15,19,3,http://www.wikidata.org/entity/Q58330
0JAU827YRZ15,20,0,http://www.wikidata.org/entity/Q1008121
0JAU827YRZ15,20,3,http://www.wikidata.org/entity/Q58081
0JAU827YRZ15,21,0,http://www.wikidata.org/entity/Q761752
0JAU827YRZ15,21,3,http://www.wikidata.org/entity/Q58330
GMCXXBPRDCVB,1,0,http://www.wikidata.org/entity/Q601788
GMCXXBPRDCVB,1,3,http://www.wikidata.org/entity/Q58026
GMCXXBPRDCVB,2,0,http://www.wikidata.org/entity/Q1173323
GMCXXBPRDCVB,2,3,http://www.wikidata.org/entity/Q57071
GMCXXBPRDCVB,3,0,http://www.wikidata.org/entity/Q912592
GMCXXBPRDCVB,3,3,http://www.wikidata.org/entity/Q58159
IPVHNRAC31RN,1,0,http://www.wikidata.org/entity/Q837474
IPVHNRAC31RN,1,3,http://www.wikidata.org/entity/Q58194
IPVHNRAC31RN,2,0,http://www.wikidata.org/entity/Q155230
IPVHNRAC31RN,2,3,http://www.wikidata.org/entity/Q58159
IPVHNRAC31RN,3,0,http://www.wikidata.org/entity/Q379488
IPVHNRAC31RN,3,3,http://www.wikidata.org/entity/Q58159
IPVHNRAC31RN,4,0,http://www.wikidata.org/entity/Q587990
IPVHNRAC31RN,4,3,http://www.wikidata.org/entity/Q57056
IPVHNRAC31RN,5,0,http://www.wikidata.org/entity/Q1270346
IPVHNRAC31RN,5,3,http://www.wikidata.org/entity/Q58092
IPVHNRAC31RN,6,0,http://www.wikidata.org/entity/Q963229
IPVHNRAC31RN,6,3,http://www.wikidata.org/entity/Q58071
IPVHNRAC31RN,7,0,http://www.wikidata.org/entity/Q1077824
IPVHNRAC31RN,7,3,http://www.wikidata.org/entity/Q58268
IPVHNRAC31RN,8,0,http://www.wikidata.org/entity/Q1277429
IPVHNRAC31RN,8,3,http://www.wikidata.org/entity/Q58268
IPVHNRAC31RN,9,0,http://www.wikidata.org/entity/Q609468
IPVHNRAC31RN,9,3,http://www.wikidata.org/entity/Q58289
IPVHNRAC31RN,10,0,http://www.wikidata.org/entity/Q1018664
IPVHNRAC31RN,10,3,http://www.wikidata.org/entity/Q58268
IPVHNRAC31RN,11,0,http://www.wikidata.org/entity/Q1071650
IPVHNRAC31RN,11,3,http://www.wikidata.org/entity/Q58060
IPVHNRAC31RN,12,0,http://www.wikidata.org/entity/Q1277256
IPVHNRAC31RN,12,3,http://www.wikidata.org/entity/Q58268
IPVHNRAC31RN,13,0,http://www.wikidata.org/entity/Q776771
IPVHNRAC31RN,13,3,http://www.wikidata.org/entity/Q57967
IPVHNRAC31RN,14,0,http://www.wikidata.org/entity/Q807316
IPVHNRAC31RN,14,3,http://www.wikidata.org/entity/Q58268
IPVHNRAC31RN,15,0,http://www.wikidata.org/entity/Q512717
IPVHNRAC31RN,15,3,http://www.wikidata.org/entity/Q58225
IPVHNRAC31RN,16,0,http://www.wikidata.org/entity/Q930516
IPVHNRAC31RN,16,3,http://www.wikidata.org/entity/Q58194
IPVHNRAC31RN,17,0,http://www.wikidata.org/entity/Q1194715
IPVHNRAC31RN,17,3,http://www.wikidata.org/entity/Q57056
IPVHNRAC31RN,18,0,http://www.wikidata.org/entity/Q1269873
IPVHNRAC31RN,18,3,http://www.wikidata.org/entity/Q58146
IPVHNRAC31RN,19,0,http://www.wikidata.org/entity/Q20107555
IPVHNRAC31RN,19,3,http://www.wikidata.org/entity/Q58289
IPVHNRAC31RN,20,0,http://www.wikidata.org/entity/Q981300
IPVHNRAC31RN,20,3,http://www.wikidata.org/entity/Q58253
IPVHNRAC31RN,21,0,http://www.wikidata.org/entity/Q589758
IPVHNRAC31RN,21,3,http://www.wikidata.org/entity/Q58060
IPVHNRAC31RN,22,0,http://www.wikidata.org/entity/Q1982685
IPVHNRAC31RN,22,3,http://www.wikidata.org/entity/Q58159
IPVHNRAC31RN,23,0,http://www.wikidata.org/entity/Q791827
IPVHNRAC31RN,23,3,http://www.wikidata.org/entity/Q57056
8KK3P5L1SL8H,1,0,http://www.wikidata.org/entity/Q65205872
8KK3P5L1SL8H,1,1,http://www.wikidata.org/entity/Q930314
8KK3P5L1SL8H,2,0,http://www.wikidata.org/entity/Q96692637
8KK3P5L1SL8H,2,1,http://www.wikidata.org/entity/Q930314
FAOHF00D94YC,1,0,http://www.wikidata.org/entity/Q48817869
FAOHF00D94YC,2,0,http://www.wikidata.org/entity/Q4589417
FAOHF00D94YC,3,0,http://www.wikidata.org/entity/Q86680167
FAOHF00D94YC,4,0,http://www.wikidata.org/entity/Q115703073
FAOHF00D94YC,5,0,http://www.wikidata.org/entity/Q845127
FAOHF00D94YC,6,0,http://www.wikidata.org/entity/Q15943580
FAOHF00D94YC,7,0,http://www.wikidata.org/entity/Q4582993
FAOHF00D94YC,8,0,http://www.wikidata.org/entity/Q96370922
FAOHF00D94YC,9,0,http://www.wikidata.org/entity/Q3910706
FAOHF00D94YC,10,0,http://www.wikidata.org/entity/Q924231
FAOHF00D94YC,11,0,http://www.wikidata.org/entity/Q86680163
FAOHF00D94YC,12,0,http://www.wikidata.org/entity/Q18987124
FAOHF00D94YC,13,0,http://www.wikidata.org/entity/Q20730966
FAOHF00D94YC,14,0,http://www.wikidata.org/entity/Q61464030
FAOHF00D94YC,15,0,http://www.wikidata.org/entity/Q115535367
FAOHF00D94YC,16,0,http://www.wikidata.org/entity/Q86680144
FNDZX9WJKR50,1,0,http://www.wikidata.org/entity/Q11683985
FNDZX9WJKR50,2,0,http://www.wikidata.org/entity/Q3312613
FNDZX9WJKR50,2,1,http://www.wikidata.org/entity/Q994159
FNDZX9WJKR50,3,0,http://www.wikidata.org/entity/Q118383658
FNDZX9WJKR50,3,1,http://www.wikidata.org/entity/Q6924525
FNDZX9WJKR50,4,0,http://www.wikidata.org/entity/Q117747075
FNDZX9WJKR50,5,0,http://www.wikidata.org/entity/Q4914136
FNDZX9WJKR50,5,1,http://www.wikidata.org/entity/Q7084153
FNDZX9WJKR50,6,0,http://www.wikidata.org/entity/Q12305047
FNDZX9WJKR50,7,0,http://www.wikidata.org/entity/Q17026928
FNDZX9WJKR50,8,0,http://www.wikidata.org/entity/Q108366557
FNDZX9WJKR50,9,0,http://www.wikidata.org/entity/Q20103935
FNDZX9WJKR50,9,1,http://www.wikidata.org/entity/Q15420
FNDZX9WJKR50,10,0,http://www.wikidata.org/entity/Q108410592
FNDZX9WJKR50,11,0,http://www.wikidata.org/entity/Q117706656
JWO453FJQ81Q,1,0,http://www.wikidata.org/entity/Q5118051
JWO453FJQ81Q,2,0,http://www.wikidata.org/entity/Q5453610
JWO453FJQ81Q,2,1,http://www.wikidata.org/entity/Q1841
JWO453FJQ81Q,3,0,http://www.wikidata.org/entity/Q5118028
JWO453FJQ81Q,3,1,http://www.wikidata.org/entity/Q682443
JWO453FJQ81Q,4,0,http://www.wikidata.org/entity/Q31274868
JWO453FJQ81Q,4,1,http://www.wikidata.org/entity/Q35032
GCVP07T3XWIF,1,0,http://www.wikidata.org/entity/Q6776960
GCVP07T3XWIF,1,1,http://www.wikidata.org/entity/Q172
GCVP07T3XWIF,2,0,http://www.wikidata.org/entity/Q7722744
GCVP07T3XWIF,2,1,http://www.wikidata.org/entity/Q99
GCVP07T3XWIF,3,0,http://www.wikidata.org/entity/Q7559555
GCVP07T3XWIF,3,1,http://www.wikidata.org/entity/Q99
GCVP07T3XWIF,4,0,http://www.wikidata.org/entity/Q5760220
GCVP07T3XWIF,4,1,http://www.wikidata.org/entity/Q99
GCVP07T3XWIF,5,0,http://www.wikidata.org/entity/Q7090994
GCVP07T3XWIF,5,1,http://www.wikidata.org/entity/Q65
GCVP07T3XWIF,6,0,http://www.wikidata.org/entity/Q7752029
GCVP07T3XWIF,6,1,http://www.wikidata.org/entity/Q62
GCVP07T3XWIF,7,0,http://www.wikidata.org/entity/Q7182429
GCVP07T3XWIF,7,1,http://www.wikidata.org/entity/Q60
GCVP07T3XWIF,8,0,http://www.wikidata.org/entity/Q6996574
GCVP07T3XWIF,8,1,http://www.wikidata.org/entity/Q60
GCVP07T3XWIF,9,0,http://www.wikidata.org/entity/Q6058003
GCVP07T3XWIF,9,1,http://www.wikidata.org/entity/Q60
GCVP07T3XWIF,10,0,http://www.wikidata.org/entity/Q7229186
GCVP07T3XWIF,10,1,http://www.wikidata.org/entity/Q40
GCVP07T3XWIF,11,0,http://www.wikidata.org/entity/Q4906834
GCVP07T3XWIF,11,1,http://www.wikidata.org/entity/Q1191413
GCVP07T3XWIF,12,0,http://www.wikidata.org/entity/Q5468251
GCVP07T3XWIF,12,1,http://www.wikidata.org/entity/Q661896
GCVP07T3XWIF,13,0,http://www.wikidata.org/entity/Q4967016
GCVP07T3XWIF,13,1,http://www.wikidata.org/entity/Q661896
GCVP07T3XWIF,14,0,http://www.wikidata.org/entity/Q5195636
GCVP07T3XWIF,14,1,http://www.wikidata.org/entity/Q36687
GCVP07T3XWIF,15,0,http://www.wikidata.org/entity/Q5501922
GCVP07T3XWIF,15,1,http://www.wikidata.org/entity/Q34404
GCVP07T3XWIF,16,0,http://www.wikidata.org/entity/Q5431275
GCVP07T3XWIF,16,1,http://www.wikidata.org/entity/Q34404
GCVP07T3XWIF,17,0,http://www.wikidata.org/entity/Q5097880
GCVP07T3XWIF,17,1,http://www.wikidata.org/entity/Q34404
GCVP07T3XWIF,18,0,http://www.wikidata.org/entity/Q4659863
GCVP07T3XWIF,18,1,http://www.wikidata.org/entity/Q34404
GCVP07T3XWIF,19,0,http://www.wikidata.org/entity/Q4659858
GCVP07T3XWIF,19,1,http://www.wikidata.org/entity/Q34404
GCVP07T3XWIF,20,0,http://www.wikidata.org/entity/Q4354146
GCVP07T3XWIF,20,1,http://www.wikidata.org/entity/Q34404
GCVP07T3XWIF,21,0,http://www.wikidata.org/entity/Q5676967
GCVP07T3XWIF,21,1,http://www.wikidata.org/entity/Q24639
GCVP07T3XWIF,22,0,http://www.wikidata.org/entity/Q5245503
GCVP07T3XWIF,22,1,http://www.wikidata.org/entity/Q24639
GCVP07T3XWIF,23,0,http://www.wikidata.org/entity/Q4923202
GCVP07T3XWIF,23,1,http://www.wikidata.org/entity/Q24639
GCVP07T3XWIF,24,0,http://www.wikidata.org/entity/Q5575549
GCVP07T3XWIF,24,1,http://www.wikidata.org/entity/Q1973
76KGVJ04CCFW,1,0,http://www.wikidata.org/entity/Q3208019
76KGVJ04CCFW,1,1,http://www.wikidata.org/entity/Q391101
76KGVJ04CCFW,1,2,http://www.wikidata.org/entity/Q2979430
76KGVJ04CCFW,2,0,http://www.wikidata.org/entity/Q1502764
76KGVJ04CCFW,2,1,http://www.wikidata.org/entity/Q110896434
76KGVJ04CCFW,2,2,http://www.wikidata.org/entity/Q1731570
76KGVJ04CCFW,3,0,http://www.wikidata.org/entity/Q1198370
76KGVJ04CCFW,3,1,http://www.wikidata.org/entity/Q391101
76KGVJ04CCFW,3,2,http://www.wikidata.org/entity/Q3121516
76KGVJ04CCFW,4,0,http://www.wikidata.org/entity/Q7616478
76KGVJ04CCFW,4,1,http://www.wikidata.org/entity/Q4656988
76KGVJ04CCFW,4,2,http://www.wikidata.org/entity/Q2979430
76KGVJ04CCFW,5,0,http://www.wikidata.org/entity/Q244023
76KGVJ04CCFW,5,1,http://www.wikidata.org/entity/Q1957405
76KGVJ04CCFW,5,2,http://www.wikidata.org/entity/Q23059527
76KGVJ04CCFW,6,0,http://www.wikidata.org/entity/Q7382576
76KGVJ04CCFW,6,1,http://www.wikidata.org/entity/Q24997573
76KGVJ04CCFW,6,2,http://www.wikidata.org/entity/Q6263123
76KGVJ04CCFW,7,0,http://www.wikidata.org/entity/Q2125545
76KGVJ04CCFW,7,1,http://www.wikidata.org/entity/Q1247468
76KGVJ04CCFW,7,2,http://www.wikidata.org/entity/Q1277190
76KGVJ04CCFW,8,0,http://www.wikidata.org/entity/Q2101899
76KGVJ04CCFW,8,1,http://www.wikidata.org/entity/Q698522
76KGVJ04CCFW,8,2,http://www.wikidata.org/entity/Q566588
76KGVJ04CCFW,9,0,http://www.wikidata.org/entity/Q1659531
76KGVJ04CCFW,9,2,http://www.wikidata.org/entity/Q1173876
76KGVJ04CCFW,9,3,http://www.wikidata.org/entity/Q21571488
76KGVJ04CCFW,10,0,http://www.wikidata.org/entity/Q509805
76KGVJ04CCFW,10,2,http://www.wikidata.org/entity/Q61347
76KGVJ04CCFW,10,3,http://www.wikidata.org/entity/Q21571489
76KGVJ04CCFW,11,0,http://www.wikidata.org/entity/Q15614967
76KGVJ04CCFW,11,1,http://www.wikidata.org/entity/Q370296
76KGVJ04CCFW,11,2,http://www.wikidata.org/entity/Q20655561
76KGVJ04CCFW,12,0,http://www.wikidata.org/entity/Q471304
76KGVJ04CCFW,12,2,http://www.wikidata.org/entity/Q5342201
76KGVJ04CCFW,12,3,http://www.wikidata.org/entity/Q21571488
76KGVJ04CCFW,13,0,http://www.wikidata.org/entity/Q17507253
76KGVJ04CCFW,13,1,http://www.wikidata.org/entity/Q7774096
76KGVJ04CCFW,13,2,http://www.wikidata.org/entity/Q5237515
76KGVJ04CCFW,14,0,http://www.wikidata.org/entity/Q1939391
76KGVJ04CCFW,14,1,http://www.wikidata.org/entity/Q391101
76KGVJ04CCFW,14,2,http://www.wikidata.org/entity/Q1780331
76KGVJ04CCFW,15,0,http://www.wikidata.org/entity/Q20817088
76KGVJ04CCFW,15,1,http://www.wikidata.org/entity/Q689438
76KGVJ04CCFW,15,2,http://www.wikidata.org/entity/Q94892258
76KGVJ04CCFW,16,0,http://www.wikidata.org/entity/Q15171700
76KGVJ04CCFW,16,1,http://www.wikidata.org/entity/Q689438
76KGVJ04CCFW,16,2,http://www.wikidata.org/entity/Q1806295
76KGVJ04CCFW,17,0,http://www.wikidata.org/entity/Q16670534
76KGVJ04CCFW,17,1,http://www.wikidata.org/entity/Q391101
76KGVJ04CCFW,17,3,http://www.wikidata.org/entity/Q21571488
76KGVJ04CCFW,18,0,http://www.wikidata.org/entity/Q217250
76KGVJ04CCFW,18,1,http://www.wikidata.org/entity/Q12478211
76KGVJ04CCFW,18,2,http://www.wikidata.org/entity/Q22235645
76KGVJ04CCFW,19,0,http://www.wikidata.org/entity/Q2396013
76KGVJ04CCFW,19,1,http://www.wikidata.org/entity/Q110892151
76KGVJ04CCFW,19,2,http://www.wikidata.org/entity/Q123819
76KGVJ04CCFW,20,0,http://www.wikidata.org/entity/Q2026040
76KGVJ04CCFW,20,1,http://www.wikidata.org/entity/Q105456335
76KGVJ04CCFW,20,2,http://www.wikidata.org/entity/Q1164677
76KGVJ04CCFW,21,0,http://www.wikidata.org/entity/Q15171346
76KGVJ04CCFW,21,1,http://www.wikidata.org/entity/Q689438
76KGVJ04CCFW,21,2,http://www.wikidata.org/entity/Q113909
76KGVJ04CCFW,22,0,http://www.wikidata.org/entity/Q140918
76KGVJ04CCFW,22,1,http://www.wikidata.org/entity/Q110892151
76KGVJ04CCFW,22,2,http://www.wikidata.org/entity/Q22268628
5DZEET17YRTC,1,0,http://www.wikidata.org/entity/Q842076
5DZEET17YRTC,2,0,http://www.wikidata.org/entity/Q189717
5DZEET17YRTC,3,0,http://www.wikidata.org/entity/Q24279014
5DZEET17YRTC,3,1,http://www.wikidata.org/entity/Q24279105
5DZEET17YRTC,4,0,http://www.wikidata.org/entity/Q17479047
5DZEET17YRTC,4,1,http://www.wikidata.org/entity/Q51566
5DZEET17YRTC,5,0,http://www.wikidata.org/entity/Q174938
5DZEET17YRTC,6,0,http://www.wikidata.org/entity/Q1171663
5DZEET17YRTC,7,0,http://www.wikidata.org/entity/Q2583769
5DZEET17YRTC,8,0,http://www.wikidata.org/entity/Q639176
5DZEET17YRTC,9,0,http://www.wikidata.org/entity/Q495706
5DZEET17YRTC,10,0,http://www.wikidata.org/entity/Q378748
5DZEET17YRTC,11,0,http://www.wikidata.org/entity/Q267096
5DZEET17YRTC,12,0,http://www.wikidata.org/entity/Q381992
5DZEET17YRTC,13,0,http://www.wikidata.org/entity/Q964520
5DZEET17YRTC,14,0,http://www.wikidata.org/entity/Q3061964
5DZEET17YRTC,15,0,http://www.wikidata.org/entity/Q3278691
5DZEET17YRTC,16,0,http://www.wikidata.org/entity/Q529353
WIRAKIJR9J1X,1,0,http://www.wikidata.org/entity/Q27436682
WIRAKIJR9J1X,1,3,http://www.wikidata.org/entity/Q171009
WIRAKIJR9J1X,2,0,http://www.wikidata.org/entity/Q1705512
WIRAKIJR9J1X,3,0,http://www.wikidata.org/entity/Q14437876
WIRAKIJR9J1X,3,3,http://www.wikidata.org/entity/Q214535
WIRAKIJR9J1X,4,0,http://www.wikidata.org/entity/Q111534331
G5S9KUXSLSNW,1,0,http://www.wikidata.org/entity/Q18881826
G5S9KUXSLSNW,1,1,http://www.wikidata.org/entity/Q18881824
G5S9KUXSLSNW,1,2,http://www.wikidata.org/entity/Q1385
G5S9KUXSLSNW,2,0,http://www.wikidata.org/entity/Q18881832
G5S9KUXSLSNW,2,1,http://www.wikidata.org/entity/Q18881830
G5S9KUXSLSNW,2,2,http://www.wikidata.org/entity/Q1385
G5S9KUXSLSNW,3,0,http://www.wikidata.org/entity/Q18881842
G5S9KUXSLSNW,3,1,http://www.wikidata.org/entity/Q1983958
G5S9KUXSLSNW,3,2,http://www.wikidata.org/entity/Q1385
G5S9KUXSLSNW,4,0,http://www.wikidata.org/entity/Q2310267
G5S9KUXSLSNW,4,1,http://www.wikidata.org/entity/Q2424900
G5S9KUXSLSNW,4,2,http://www.wikidata.org/entity/Q1385
G5S9KUXSLSNW,5,0,http://www.wikidata.org/entity/Q18881814
G5S9KUXSLSNW,5,1,http://www.wikidata.org/entity/Q18881767
G5S9KUXSLSNW,5,2,http://www.wikidata.org/entity/Q1385
G5S9KUXSLSNW,6,0,http://www.wikidata.org/entity/Q2639061
G5S9KUXSLSNW,6,1,http://www.wikidata.org/entity/Q2409784
G5S9KUXSLSNW,6,2,http://www.wikidata.org/entity/Q1385
G5S9KUXSLSNW,7,0,http://www.wikidata.org/entity/Q18881812
G5S9KUXSLSNW,7,1,http://www.wikidata.org/entity/Q18881763
G5S9KUXSLSNW,7,2,http://www.wikidata.org/entity/Q1385
G5S9KUXSLSNW,8,0,http://www.wikidata.org/entity/Q18881852
G5S9KUXSLSNW,8,1,http://www.wikidata.org/entity/Q18881899
G5S9KUXSLSNW,8,2,http://www.wikidata.org/entity/Q1385
G5S9KUXSLSNW,9,0,http://www.wikidata.org/entity/Q18881813
G5S9KUXSLSNW,9,1,http://www.wikidata.org/entity/Q18881765
G5S9KUXSLSNW,9,2,http://www.wikidata.org/entity/Q1385
G5S9KUXSLSNW,10,0,http://www.wikidata.org/entity/Q18881843
G5S9KUXSLSNW,10,1,http://www.wikidata.org/entity/Q2503314
G5S9KUXSLSNW,10,2,http://www.wikidata.org/entity/Q1385
G5S9KUXSLSNW,11,0,http://www.wikidata.org/entity/Q4591114
G5S9KUXSLSNW,11,1,http://www.wikidata.org/entity/Q3193312
G5S9KUXSLSNW,11,2,http://www.wikidata.org/entity/Q1385
G5S9KUXSLSNW,12,0,http://www.wikidata.org/entity/Q2402433
G5S9KUXSLSNW,12,1,http://www.wikidata.org/entity/Q2365252
G5S9KUXSLSNW,12,2,http://www.wikidata.org/entity/Q1385
G5S9KUXSLSNW,13,0,http://www.wikidata.org/entity/Q18881811
G5S9KUXSLSNW,13,1,http://www.wikidata.org/entity/Q18881761
G5S9KUXSLSNW,13,2,http://www.wikidata.org/entity/Q1385
G5S9KUXSLSNW,14,0,http://www.wikidata.org/entity/Q18881830
G5S9KUXSLSNW,14,1,http://www.wikidata.org/entity/Q2853239
G5S9KUXSLSNW,14,2,http://www.wikidata.org/entity/Q1385
G5S9KUXSLSNW,15,0,http://www.wikidata.org/entity/Q47456937
G5S9KUXSLSNW,15,2,http://www.wikidata.org/entity/Q1385
G5S9KUXSLSNW,16,0,http://www.wikidata.org/entity/Q18881821
G5S9KUXSLSNW,16,1,http://www.wikidata.org/entity/Q18881777
G5S9KUXSLSNW,16,2,http://www.wikidata.org/entity/Q1385
G5S9KUXSLSNW,17,0,http://www.wikidata.org/entity/Q18881804
G5S9KUXSLSNW,17,1,http://www.wikidata.org/entity/Q18881754
G5S9KUXSLSNW,17,2,http://www.wikidata.org/entity/Q1385
G5S9KUXSLSNW,18,0,http://www.wikidata.org/entity/Q18881834
G5S9KUXSLSNW,18,1,http://www.wikidata.org/entity/Q2854706
G5S9KUXSLSNW,18,2,http://www.wikidata.org/entity/Q1385
G5S9KUXSLSNW,19,0,http://www.wikidata.org/entity/Q18881824
G5S9KUXSLSNW,19,1,http://www.wikidata.org/entity/Q18881779
G5S9KUXSLSNW,19,2,http://www.wikidata.org/entity/Q1385
G5S9KUXSLSNW,20,0,http://www.wikidata.org/entity/Q18881805
G5S9KUXSLSNW,20,1,http://www.wikidata.org/entity/Q18881755
G5S9KUXSLSNW,20,2,http://www.wikidata.org/entity/Q1385
G5S9KUXSLSNW,21,0,http://www.wikidata.org/entity/Q18881847
G5S9KUXSLSNW,21,1,http://www.wikidata.org/entity/Q2171298
G5S9KUXSLSNW,21,2,http://www.wikidata.org/entity/Q1385
G5S9KUXSLSNW,22,0,http://www.wikidata.org/entity/Q18881848
G5S9KUXSLSNW,22,1,http://www.wikidata.org/entity/Q18881895
G5S9KUXSLSNW,22,2,http://www.wikidata.org/entity/Q1385
SDZ8P30QSJ0F,1,0,http://www.wikidata.org/entity/Q18881844
SDZ8P30QSJ0F,2,0,http://www.wikidata.org/entity/Q18881816
XW2AB3D2TDLR,1,0,http://www.wikidata.org/entity/Q60519370
XW2AB3D2TDLR,2,0,http://www.wikidata.org/entity/Q104901628
24NRI7AGNCVO,1,0,http://www.wikidata.org/entity/Q9347
24NRI7AGNCVO,2,0,http://www.wikidata.org/entity/Q9310
24NRI7AGNCVO,3,0,http://www.wikidata.org/entity/Q9279
24NRI7AGNCVO,4,0,http://www.wikidata.org/entity/Q9248
24NRI7AGNCVO,5,0,http://www.wikidata.org/entity/Q8684
24NRI7AGNCVO,6,0,http://www.wikidata.org/entity/Q8678
24NRI7AGNCVO,7,0,http://www.wikidata.org/entity/Q5465
24NRI7AGNCVO,8,0,http://www.wikidata.org/entity/Q5426
24NRI7AGNCVO,9,0,http://www.wikidata.org/entity/Q4361
24NRI7AGNCVO,10,0,http://www.wikidata.org/entity/Q3940
24NRI7AGNCVO,11,0,http://www.wikidata.org/entity/Q3935
24NRI7AGNCVO,12,0,http://www.wikidata.org/entity/Q3932
24NRI7AGNCVO,13,0,http://www.wikidata.org/entity/Q3929
24NRI7AGNCVO,14,0,http://www.wikidata.org/entity/Q3926
24NRI7AGNCVO,15,0,http://www.wikidata.org/entity/Q3921
24NRI7AGNCVO,16,0,http://www.wikidata.org/entity/Q3919
24NRI7AGNCVO,17,0,http://www.wikidata.org/entity/Q3915
24NRI7AGNCVO,18,0,http://www.wikidata.org/entity/Q3909
CHT2NJYW5SQC,1,0,http://www.wikidata.org/entity/Q1850
CHT2NJYW5SQC,2,0,http://www.wikidata.org/entity/Q10054424
CHT2NJYW5SQC,3,0,http://www.wikidata.org/entity/Q132754
CHT2NJYW5SQC,4,0,http://www.wikidata.org/entity/Q8678
CHT2NJYW5SQC,5,0,http://www.wikidata.org/entity/Q132997
CHT2NJYW5SQC,6,0,http://www.wikidata.org/entity/Q3642
CHT2NJYW5SQC,7,0,http://www.wikidata.org/entity/Q1815305
CHT2NJYW5SQC,8,0,http://www.wikidata.org/entity/Q2887
CHT2NJYW5SQC,9,0,http://www.wikidata.org/entity/Q9310
CHT2NJYW5SQC,10,0,http://www.wikidata.org/entity/Q1515
CHT2NJYW5SQC,11,0,http://www.wikidata.org/entity/Q1947
CHT2NJYW5SQC,12,0,http://www.wikidata.org/entity/Q5865090
CHT2NJYW5SQC,13,0,http://www.wikidata.org/entity/Q3604
CHT2NJYW5SQC,14,0,http://www.wikidata.org/entity/Q1781
CHT2NJYW5SQC,15,0,http://www.wikidata.org/entity/Q9365
CHT2NJYW5SQC,16,0,http://www.wikidata.org/entity/Q42751
IIURF2A8EPAK,1,0,http://www.wikidata.org/entity/Q643586
IIURF2A8EPAK,2,0,http://www.wikidata.org/entity/Q776585
IIURF2A8EPAK,3,0,http://www.wikidata.org/entity/Q53814
IIURF2A8EPAK,4,0,http://www.wikidata.org/entity/Q4513054
IIURF2A8EPAK,5,0,http://www.wikidata.org/entity/Q1061730
IIURF2A8EPAK,6,0,http://www.wikidata.org/entity/Q1051468
IIURF2A8EPAK,7,0,http://www.wikidata.org/entity/Q1064261
IIURF2A8EPAK,8,0,http://www.wikidata.org/entity/Q1057165
IIURF2A8EPAK,9,0,http://www.wikidata.org/entity/Q1070188
IIURF2A8EPAK,10,0,http://www.wikidata.org/entity/Q1068684
IIURF2A8EPAK,11,0,http://www.wikidata.org/entity/Q1049219
IIURF2A8EPAK,12,0,http://www.wikidata.org/entity/Q1063752
IIURF2A8EPAK,13,0,http://www.wikidata.org/entity/Q1066190
IIURF2A8EPAK,14,0,http://www.wikidata.org/entity/Q16021797
IIURF2A8EPAK,15,0,http://www.wikidata.org/entity/Q4272821
IIURF2A8EPAK,16,0,http://www.wikidata.org/entity/Q4272825
IIURF2A8EPAK,17,0,http://www.wikidata.org/entity/Q13635907
IIURF2A8EPAK,18,0,http://www.wikidata.org/entity/Q20180451
IIURF2A8EPAK,19,0,http://www.wikidata.org/entity/Q1825609
S6IM2C22ENB2,1,0,http://www.wikidata.org/entity/Q1687837
S6IM2C22ENB2,2,0,http://www.wikidata.org/entity/Q13211375
S6IM2C22ENB2,3,0,http://www.wikidata.org/entity/Q2469633
77XEX9VM782H,1,0,http://www.wikidata.org/entity/Q236904
77XEX9VM782H,2,0,http://www.wikidata.org/entity/Q487303
77XEX9VM782H,3,0,http://www.wikidata.org/entity/Q85631
77XEX9VM782H,4,0,http://www.wikidata.org/entity/Q770560
77XEX9VM782H,5,0,http://www.wikidata.org/entity/Q389788
77XEX9VM782H,6,0,http://www.wikidata.org/entity/Q429782
77XEX9VM782H,7,0,http://www.wikidata.org/entity/Q3341194
77XEX9VM782H,8,0,http://www.wikidata.org/entity/Q144214
77XEX9VM782H,9,0,http://www.wikidata.org/entity/Q484358
77XEX9VM782H,10,0,http://www.wikidata.org/entity/Q777263
77XEX9VM782H,11,0,http://www.wikidata.org/entity/Q26837329
T1LRJWCWXIZS,1,0,http://www.wikidata.org/entity/Q1095333
T1LRJWCWXIZS,2,0,http://www.wikidata.org/entity/Q1092456
T1LRJWCWXIZS,3,0,http://www.wikidata.org/entity/Q1084852
T1LRJWCWXIZS,4,0,http://www.wikidata.org/entity/Q1084765
T1LRJWCWXIZS,5,0,http://www.wikidata.org/entity/Q1084429
T1LRJWCWXIZS,6,0,http://www.wikidata.org/entity/Q1084223
T1LRJWCWXIZS,7,0,http://www.wikidata.org/entity/Q1083387
T1LRJWCWXIZS,8,0,http://www.wikidata.org/entity/Q1082602
T1LRJWCWXIZS,9,0,http://www.wikidata.org/entity/Q1076595
T1LRJWCWXIZS,10,0,http://www.wikidata.org/entity/Q1074968
T1LRJWCWXIZS,11,0,http://www.wikidata.org/entity/Q1073108
T1LRJWCWXIZS,12,0,http://www.wikidata.org/entity/Q1073089
T1LRJWCWXIZS,13,0,http://www.wikidata.org/entity/Q1072966
T1LRJWCWXIZS,14,0,http://www.wikidata.org/entity/Q1068595
T1LRJWCWXIZS,15,0,http://www.wikidata.org/entity/Q1068137
T1LRJWCWXIZS,16,0,http://www.wikidata.org/entity/Q1067172
T1LRJWCWXIZS,17,0,http://www.wikidata.org/entity/Q1066722
T1LRJWCWXIZS,18,0,http://www.wikidata.org/entity/Q1055823
U563SLOXHACZ,1,0,http://www.wikidata.org/entity/Q745391
U563SLOXHACZ,2,0,http://www.wikidata.org/entity/Q2473859
U563SLOXHACZ,3,0,http://www.wikidata.org/entity/Q1343386
U563SLOXHACZ,4,0,http://www.wikidata.org/entity/Q2503809
U563SLOXHACZ,5,0,http://www.wikidata.org/entity/Q6823850
U563SLOXHACZ,6,0,http://www.wikidata.org/entity/Q714891
U563SLOXHACZ,7,0,http://www.wikidata.org/entity/Q2496110
U563SLOXHACZ,8,0,http://www.wikidata.org/entity/Q6550556
U563SLOXHACZ,9,0,http://www.wikidata.org/entity/Q6728390
U563SLOXHACZ,10,0,http://www.wikidata.org/entity/Q1805243
U563SLOXHACZ,11,0,http://www.wikidata.org/entity/Q4207837
U563SLOXHACZ,12,0,http://www.wikidata.org/entity/Q1165599
U563SLOXHACZ,13,0,http://www.wikidata.org/entity/Q1141728
U563SLOXHACZ,14,0,http://www.wikidata.org/entity/Q1187271
KGIMWYLCQG5H,1,0,http://www.wikidata.org/entity/Q238996
KGIMWYLCQG5H,2,0,http://www.wikidata.org/entity/Q168418
KGIMWYLCQG5H,3,0,http://www.wikidata.org/entity/Q156599
KGIMWYLCQG5H,4,0,http://www.wikidata.org/entity/Q154071
KGIMWYLCQG5H,5,0,http://www.wikidata.org/entity/Q137883
KGIMWYLCQG5H,6,0,http://www.wikidata.org/entity/Q124565
KGIMWYLCQG5H,7,0,http://www.wikidata.org/entity/Q15187711
KGIMWYLCQG5H,8,0,http://www.wikidata.org/entity/Q15175521
E1CJDVWR5V53,1,0,http://www.wikidata.org/entity/Q675468
E1CJDVWR5V53,2,0,http://www.wikidata.org/entity/Q609091
E1CJDVWR5V53,3,0,http://www.wikidata.org/entity/Q570004
E1CJDVWR5V53,4,0,http://www.wikidata.org/entity/Q558795
E1CJDVWR5V53,5,0,http://www.wikidata.org/entity/Q504157
E1CJDVWR5V53,6,0,http://www.wikidata.org/entity/Q494410
E1CJDVWR5V53,7,0,http://www.wikidata.org/entity/Q488655
E1CJDVWR5V53,8,0,http://www.wikidata.org/entity/Q470916
E1CJDVWR5V53,9,0,http://www.wikidata.org/entity/Q337078
E1CJDVWR5V53,10,0,http://www.wikidata.org/entity/Q323827
E1CJDVWR5V53,11,0,http://www.wikidata.org/entity/Q320423
RGWOCQ89SXEK,1,0,http://www.wikidata.org/entity/Q96739739
RGWOCQ89SXEK,2,0,http://www.wikidata.org/entity/Q96657956
RGWOCQ89SXEK,3,0,http://www.wikidata.org/entity/Q96484324
RGWOCQ89SXEK,4,0,http://www.wikidata.org/entity/Q52326602
RGWOCQ89SXEK,5,0,http://www.wikidata.org/entity/Q17763072
RGWOCQ89SXEK,6,0,http://www.wikidata.org/entity/Q106679244
RGWOCQ89SXEK,7,0,http://www.wikidata.org/entity/Q106615064
SQ45NW35556S,1,0,http://www.wikidata.org/entity/Q10854939
SQ45NW35556S,2,0,http://www.wikidata.org/entity/Q3544839
SQ45NW35556S,3,0,http://www.wikidata.org/entity/Q3547846
SQ45NW35556S,4,0,http://www.wikidata.org/entity/Q97064627
SQ45NW35556S,5,0,http://www.wikidata.org/entity/Q64438131
SQ45NW35556S,6,0,http://www.wikidata.org/entity/Q97064670
SQ45NW35556S,7,0,http://www.wikidata.org/entity/Q97064731
SQ45NW35556S,8,0,http://www.wikidata.org/entity/Q1621215
SQ45NW35556S,9,0,http://www.wikidata.org/entity/Q4834926
SQ45NW35556S,10,0,http://www.wikidata.org/entity/Q2537349
SQ45NW35556S,11,0,http://www.wikidata.org/entity/Q3928756
SQ45NW35556S,12,0,http://www.wikidata.org/entity/Q2931613
SQ45NW35556S,13,0,http://www.wikidata.org/entity/Q97063884
SQ45NW35556S,14,0,http://www.wikidata.org/entity/Q5303553
SQ45NW35556S,15,0,http://www.wikidata.org/entity/Q2537614
SQ45NW35556S,16,0,http://www.wikidata.org/entity/Q3929503
SQ45NW35556S,17,0,http://www.wikidata.org/entity/Q69372853
QC5021V4QOUB,1,0,http://www.wikidata.org/entity/Q117080888
QC5021V4QOUB,2,0,http://www.wikidata.org/entity/Q4740146
QC5021V4QOUB,3,0,http://www.wikidata.org/entity/Q52084281
QC5021V4QOUB,4,0,http://www.wikidata.org/entity/Q117070599
QC5021V4QOUB,5,0,http://www.wikidata.org/entity/Q52379052
QC5021V4QOUB,6,0,http://www.wikidata.org/entity/Q56191630
QC5021V4QOUB,7,0,http://www.wikidata.org/entity/Q83647865
QC5021V4QOUB,8,0,http://www.wikidata.org/entity/Q117102092
QC5021V4QOUB,9,0,http://www.wikidata.org/entity/Q117103363
QC5021V4QOUB,10,0,http://www.wikidata.org/entity/Q117023551
QC5021V4QOUB,11,0,http://www.wikidata.org/entity/Q83632387
QC5021V4QOUB,12,0,http://www.wikidata.org/entity/Q117024131
QC5021V4QOUB,13,0,http://www.wikidata.org/entity/Q117081826
QC5021V4QOUB,14,0,http://www.wikidata.org/entity/Q83632467
QC5021V4QOUB,15,0,http://www.wikidata.org/entity/Q117103305
QC5021V4QOUB,16,0,http://www.wikidata.org/entity/Q3751415
KCNOQJG93F3U,1,0,http://www.wikidata.org/entity/Q117082825
KCNOQJG93F3U,2,0,http://www.wikidata.org/entity/Q117103325
KCNOQJG93F3U,3,0,http://www.wikidata.org/entity/Q117024627
KCNOQJG93F3U,4,0,http://www.wikidata.org/entity/Q117082998
KCNOQJG93F3U,5,0,http://www.wikidata.org/entity/Q117071006
KCNOQJG93F3U,6,0,http://www.wikidata.org/entity/Q117070892
17BHNP8JIA1N,1,0,http://www.wikidata.org/entity/Q106677420
17BHNP8JIA1N,2,0,http://www.wikidata.org/entity/Q107067596
17BHNP8JIA1N,3,0,http://www.wikidata.org/entity/Q384398
17BHNP8JIA1N,4,0,http://www.wikidata.org/entity/Q117073612
17BHNP8JIA1N,5,0,http://www.wikidata.org/entity/Q83639280
17BHNP8JIA1N,6,0,http://www.wikidata.org/entity/Q83568281
17BHNP8JIA1N,7,0,http://www.wikidata.org/entity/Q117022766
17BHNP8JIA1N,8,0,http://www.wikidata.org/entity/Q117070782
17BHNP8JIA1N,9,0,http://www.wikidata.org/entity/Q117009613
17BHNP8JIA1N,10,0,http://www.wikidata.org/entity/Q117082338
AKFE59A925IZ,1,0,http://www.wikidata.org/entity/Q44057
AKFE59A925IZ,2,0,http://www.wikidata.org/entity/Q6770753
KSBTO454TGNS,1,0,http://www.wikidata.org/entity/Q20102482
KSBTO454TGNS,2,0,http://www.wikidata.org/entity/Q5364010
FN6GKHK0R8T0,1,0,http://www.wikidata.org/entity/Q55210403
FN6GKHK0R8T0,2,0,http://www.wikidata.org/entity/Q55763866
FN6GKHK0R8T0,3,0,http://www.wikidata.org/entity/Q55763867
FN6GKHK0R8T0,4,0,http://www.wikidata.org/entity/Q55763868
NEBFNJSU36ML,1,0,http://www.wikidata.org/entity/Q21925491
NEBFNJSU36ML,2,0,http://www.wikidata.org/entity/Q21925490
NEBFNJSU36ML,3,0,http://www.wikidata.org/entity/Q21929013
NEBFNJSU36ML,4,0,http://www.wikidata.org/entity/Q6927247
NEBFNJSU36ML,5,0,http://www.wikidata.org/entity/Q2532125
NEBFNJSU36ML,6,0,http://www.wikidata.org/entity/Q1845531
3YZO6LIU7PME,1,0,http://www.wikidata.org/entity/Q510173
3YZO6LIU7PME,2,0,http://www.wikidata.org/entity/Q517721
PUMRF7JG5ZVL,1,0,http://www.wikidata.org/entity/Q4082419
PUMRF7JG5ZVL,2,0,http://www.wikidata.org/entity/Q133473
PUMRF7JG5ZVL,3,0,http://www.wikidata.org/entity/Q3329341
PUMRF7JG5ZVL,4,0,http://www.wikidata.org/entity/Q4142543
PUMRF7JG5ZVL,5,0,http://www.wikidata.org/entity/Q4142539
PUMRF7JG5ZVL,6,0,http://www.wikidata.org/entity/Q596083
PUMRF7JG5ZVL,7,0,http://www.wikidata.org/entity/Q2351689
0WZERN1CGKEZ,1,0,http://www.wikidata.org/entity/Q97038486
0WZERN1CGKEZ,2,0,http://www.wikidata.org/entity/Q112654976
0WZERN1CGKEZ,3,0,http://www.wikidata.org/entity/Q31398556
0WZERN1CGKEZ,4,0,http://www.wikidata.org/entity/Q10269900
0WZERN1CGKEZ,5,0,http://www.wikidata.org/entity/Q59247571
0WZERN1CGKEZ,6,0,http://www.wikidata.org/entity/Q10332136
0WZERN1CGKEZ,7,0,http://www.wikidata.org/entity/Q62104549
0WZERN1CGKEZ,8,0,http://www.wikidata.org/entity/Q112654969
0WZERN1CGKEZ,9,0,http://www.wikidata.org/entity/Q86968390
0WZERN1CGKEZ,10,0,http://www.wikidata.org/entity/Q37926852
0WZERN1CGKEZ,11,0,http://www.wikidata.org/entity/Q86918575
NISKTNG5I4FA,1,0,http://www.wikidata.org/entity/Q314129
NISKTNG5I4FA,2,0,http://www.wikidata.org/entity/Q314096
NISKTNG5I4FA,3,0,http://www.wikidata.org/entity/Q314070
W4Q8EABFUJMW,1,0,http://www.wikidata.org/entity/Q7875423
W4Q8EABFUJMW,2,0,http://www.wikidata.org/entity/Q7872009
W4Q8EABFUJMW,3,0,http://www.wikidata.org/entity/Q117082198
W4Q8EABFUJMW,4,0,http://www.wikidata.org/entity/Q72551738
W4Q8EABFUJMW,5,0,http://www.wikidata.org/entity/Q117076759
W4Q8EABFUJMW,6,0,http://www.wikidata.org/entity/Q117018307
W4Q8EABFUJMW,7,0,http://www.wikidata.org/entity/Q117076755
W4Q8EABFUJMW,8,0,http://www.wikidata.org/entity/Q117070271
W4Q8EABFUJMW,9,0,http://www.wikidata.org/entity/Q117079742
W4Q8EABFUJMW,10,0,http://www.wikidata.org/entity/Q56584052
W4Q8EABFUJMW,11,0,http://www.wikidata.org/entity/Q117187922
W4Q8EABFUJMW,12,0,http://www.wikidata.org/entity/Q117065137
W4Q8EABFUJMW,13,0,http://www.wikidata.org/entity/Q117076673
W4Q8EABFUJMW,14,0,http://www.wikidata.org/entity/Q117076548
W4Q8EABFUJMW,15,0,http://www.wikidata.org/entity/Q7866528
W4Q8EABFUJMW,16,0,http://www.wikidata.org/entity/Q117009344
W4Q8EABFUJMW,17,0,http://www.wikidata.org/entity/Q117082243
W4Q8EABFUJMW,18,0,http://www.wikidata.org/entity/Q83556980
W4Q8EABFUJMW,19,0,http://www.wikidata.org/entity/Q7872004
W4Q8EABFUJMW,20,0,http://www.wikidata.org/entity/Q117076522
W4Q8EABFUJMW,21,0,http://www.wikidata.org/entity/Q4972176
W4Q8EABFUJMW,22,0,http://www.wikidata.org/entity/Q117077788
BVQEHOEWD4KN,1,0,http://www.wikidata.org/entity/Q223
BVQEHOEWD4KN,2,0,http://www.wikidata.org/entity/Q189
23SK0BWI5E3S,1,0,http://www.wikidata.org/entity/Q4874801
23SK0BWI5E3S,2,0,http://www.wikidata.org/entity/Q599301
23SK0BWI5E3S,3,0,http://www.wikidata.org/entity/Q70186
23SK0BWI5E3S,4,0,http://www.wikidata.org/entity/Q1670175
23SK0BWI5E3S,5,0,http://www.wikidata.org/entity/Q1567646
23SK0BWI5E3S,6,0,http://www.wikidata.org/entity/Q3183085
23SK0BWI5E3S,7,0,http://www.wikidata.org/entity/Q992294
23SK0BWI5E3S,8,0,http://www.wikidata.org/entity/Q3320857
23SK0BWI5E3S,9,0,http://www.wikidata.org/entity/Q718800
23SK0BWI5E3S,10,0,http://www.wikidata.org/entity/Q1794666
23SK0BWI5E3S,11,0,http://www.wikidata.org/entity/Q2170450
23SK0BWI5E3S,12,0,http://www.wikidata.org/entity/Q1800164
C1L2WXORT6RK,1,0,http://www.wikidata.org/entity/Q53105069
C1L2WXORT6RK,2,0,http://www.wikidata.org/entity/Q92547317
C1L2WXORT6RK,3,0,http://www.wikidata.org/entity/Q92547319
C1L2WXORT6RK,4,0,http://www.wikidata.org/entity/Q92555508
C1L2WXORT6RK,5,0,http://www.wikidata.org/entity/Q53136178
C1L2WXORT6RK,6,0,http://www.wikidata.org/entity/Q64074869
C1L2WXORT6RK,7,0,http://www.wikidata.org/entity/Q64037532
C1L2WXORT6RK,8,0,http://www.wikidata.org/entity/Q64037533
K76DSM4QCLBM,1,0,http://www.wikidata.org/entity/Q88419819
K76DSM4QCLBM,2,0,http://www.wikidata.org/entity/Q75785160
K76DSM4QCLBM,3,0,http://www.wikidata.org/entity/Q83609252
K76DSM4QCLBM,4,0,http://www.wikidata.org/entity/Q75079437
K76DSM4QCLBM,5,0,http://www.wikidata.org/entity/Q88419701
K76DSM4QCLBM,6,0,http://www.wikidata.org/entity/Q81912358
K76DSM4QCLBM,7,0,http://www.wikidata.org/entity/Q77829302
K76DSM4QCLBM,8,0,http://www.wikidata.org/entity/Q88419798
K76DSM4QCLBM,9,0,http://www.wikidata.org/entity/Q88419691
LG7NGT2Y0DOE,1,0,http://www.wikidata.org/entity/Q56071779
LG7NGT2Y0DOE,2,0,http://www.wikidata.org/entity/Q30334358
LG7NGT2Y0DOE,3,0,http://www.wikidata.org/entity/Q25562959
LG7NGT2Y0DOE,4,0,http://www.wikidata.org/entity/Q17523697
LG7NGT2Y0DOE,5,0,http://www.wikidata.org/entity/Q4507276
LG7NGT2Y0DOE,6,0,http://www.wikidata.org/entity/Q3775265
LG7NGT2Y0DOE,7,0,http://www.wikidata.org/entity/Q2984540
LG7NGT2Y0DOE,8,0,http://www.wikidata.org/entity/Q612220
LG7NGT2Y0DOE,9,0,http://www.wikidata.org/entity/Q34075
LG7NGT2Y0DOE,10,0,http://www.wikidata.org/entity/Q34017
DIZ0DZSKG0Q5,1,0,http://www.wikidata.org/entity/Q10963262
DIZ0DZSKG0Q5,2,0,http://www.wikidata.org/entity/Q10408315
CYCUIK2N03PD,1,0,http://www.wikidata.org/entity/Q3867980
CYCUIK2N03PD,2,0,http://www.wikidata.org/entity/Q1050293
CYCUIK2N03PD,3,0,http://www.wikidata.org/entity/Q55360653
CYCUIK2N03PD,4,0,http://www.wikidata.org/entity/Q625590
CYCUIK2N03PD,5,0,http://www.wikidata.org/entity/Q1777246
CYCUIK2N03PD,6,0,http://www.wikidata.org/entity/Q3078613
CYCUIK2N03PD,7,0,http://www.wikidata.org/entity/Q1122060
CYCUIK2N03PD,8,0,http://www.wikidata.org/entity/Q1238556
CYCUIK2N03PD,9,0,http://www.wikidata.org/entity/Q2412294
CYCUIK2N03PD,10,0,http://www.wikidata.org/entity/Q328452
CYCUIK2N03PD,11,0,http://www.wikidata.org/entity/Q1273793
CYCUIK2N03PD,12,0,http://www.wikidata.org/entity/Q3329211
CYCUIK2N03PD,13,0,http://www.wikidata.org/entity/Q1161930
CYCUIK2N03PD,14,0,http://www.wikidata.org/entity/Q2933521
CYCUIK2N03PD,15,0,http://www.wikidata.org/entity/Q11081375
YAA99R21M76Z,1,0,http://www.wikidata.org/entity/Q15265873
YAA99R21M76Z,2,0,http://www.wikidata.org/entity/Q3868186
YAA99R21M76Z,3,0,http://www.wikidata.org/entity/Q286549
YAA99R21M76Z,4,0,http://www.wikidata.org/entity/Q11084250
YAA99R21M76Z,5,0,http://www.wikidata.org/entity/Q25834941
YAA99R21M76Z,6,0,http://www.wikidata.org/entity/Q55376083
YAA99R21M76Z,7,0,http://www.wikidata.org/entity/Q4932840
YAA99R21M76Z,8,0,http://www.wikidata.org/entity/Q61043094
YAA99R21M76Z,9,0,http://www.wikidata.org/entity/Q13453137
YAA99R21M76Z,10,0,http://www.wikidata.org/entity/Q3867800
YAA99R21M76Z,11,0,http://www.wikidata.org/entity/Q15978608
YAA99R21M76Z,12,0,http://www.wikidata.org/entity/Q3868400
YAA99R21M76Z,13,0,http://www.wikidata.org/entity/Q14579154
YAA99R21M76Z,14,0,http://www.wikidata.org/entity/Q94291369
YAA99R21M76Z,15,0,http://www.wikidata.org/entity/Q12043640
YAA99R21M76Z,16,0,http://www.wikidata.org/entity/Q21716072
YAA99R21M76Z,17,0,http://www.wikidata.org/entity/Q55388525
YAA99R21M76Z,18,0,http://www.wikidata.org/entity/Q8535868
YAA99R21M76Z,19,0,http://www.wikidata.org/entity/Q2060988
YAA99R21M76Z,20,0,http://www.wikidata.org/entity/Q3867720
YMDDPLL74YLB,1,0,http://www.wikidata.org/entity/Q20882755
YMDDPLL74YLB,2,0,http://www.wikidata.org/entity/Q383095
YMDDPLL74YLB,3,0,http://www.wikidata.org/entity/Q899065
YMDDPLL74YLB,4,0,http://www.wikidata.org/entity/Q339299
YMDDPLL74YLB,5,0,http://www.wikidata.org/entity/Q510946
YMDDPLL74YLB,6,0,http://www.wikidata.org/entity/Q1051059
YMDDPLL74YLB,7,0,http://www.wikidata.org/entity/Q1051718
YMDDPLL74YLB,8,0,http://www.wikidata.org/entity/Q959912
YMDDPLL74YLB,9,0,http://www.wikidata.org/entity/Q943036
YMDDPLL74YLB,10,0,http://www.wikidata.org/entity/Q1071113
YMDDPLL74YLB,11,0,http://www.wikidata.org/entity/Q1051068
YMDDPLL74YLB,12,0,http://www.wikidata.org/entity/Q26878348
YMDDPLL74YLB,13,0,http://www.wikidata.org/entity/Q47295669
YMDDPLL74YLB,14,0,http://www.wikidata.org/entity/Q837649
QQ3D0DEKF6C3,1,0,http://www.wikidata.org/entity/Q3450578
QQ3D0DEKF6C3,2,0,http://www.wikidata.org/entity/Q3143384
QQ3D0DEKF6C3,3,0,http://www.wikidata.org/entity/Q33622
QQ3D0DEKF6C3,4,0,http://www.wikidata.org/entity/Q33170
QQ3D0DEKF6C3,5,0,http://www.wikidata.org/entity/Q3569569
QQ3D0DEKF6C3,6,0,http://www.wikidata.org/entity/Q33537
QQ3D0DEKF6C3,7,0,http://www.wikidata.org/entity/Q952133
QQ3D0DEKF6C3,8,0,http://www.wikidata.org/entity/Q9091
QQ3D0DEKF6C3,9,0,http://www.wikidata.org/entity/Q205979
QQ3D0DEKF6C3,10,0,http://www.wikidata.org/entity/Q2567934
QQ3D0DEKF6C3,11,0,http://www.wikidata.org/entity/Q2857892
QQ3D0DEKF6C3,12,0,http://www.wikidata.org/entity/Q133678
QQ3D0DEKF6C3,13,0,http://www.wikidata.org/entity/Q3319387
QQ3D0DEKF6C3,14,0,http://www.wikidata.org/entity/Q9043
QQ3D0DEKF6C3,15,0,http://www.wikidata.org/entity/Q3214296
QQ3D0DEKF6C3,16,0,http://www.wikidata.org/entity/Q4121160
QQ3D0DEKF6C3,17,0,http://www.wikidata.org/entity/Q3915854
QQ3D0DEKF6C3,18,0,http://www.wikidata.org/entity/Q33973
QQ3D0DEKF6C3,19,0,http://www.wikidata.org/entity/Q2879238
QQ3D0DEKF6C3,20,0,http://www.wikidata.org/entity/Q36202
QQ3D0DEKF6C3,21,0,http://www.wikidata.org/entity/Q3440381
QQ3D0DEKF6C3,22,0,http://www.wikidata.org/entity/Q6746004
3H4HU65RGWNJ,1,0,http://www.wikidata.org/entity/Q12757264
3H4HU65RGWNJ,2,0,http://www.wikidata.org/entity/Q21826735
3H4HU65RGWNJ,3,0,http://www.wikidata.org/entity/Q60038713
3H4HU65RGWNJ,4,0,http://www.wikidata.org/entity/Q18696114
O1T4Y8ZBAR3V,1,0,http://www.wikidata.org/entity/Q60038534
O1T4Y8ZBAR3V,2,0,http://www.wikidata.org/entity/Q60038165
O1T4Y8ZBAR3V,3,0,http://www.wikidata.org/entity/Q61788936
O1T4Y8ZBAR3V,4,0,http://www.wikidata.org/entity/Q61869105
O1T4Y8ZBAR3V,5,0,http://www.wikidata.org/entity/Q60039948
O1T4Y8ZBAR3V,6,0,http://www.wikidata.org/entity/Q9294485
O1T4Y8ZBAR3V,7,0,http://www.wikidata.org/entity/Q60040174
O1T4Y8ZBAR3V,8,0,http://www.wikidata.org/entity/Q60083119
O1T4Y8ZBAR3V,9,0,http://www.wikidata.org/entity/Q13015337
O1T4Y8ZBAR3V,10,0,http://www.wikidata.org/entity/Q16305476
O1T4Y8ZBAR3V,11,0,http://www.wikidata.org/entity/Q21862231
O1T4Y8ZBAR3V,12,0,http://www.wikidata.org/entity/Q61788902
O1T4Y8ZBAR3V,13,0,http://www.wikidata.org/entity/Q59214778
O1T4Y8ZBAR3V,14,0,http://www.wikidata.org/entity/Q6678626
O1T4Y8ZBAR3V,15,0,http://www.wikidata.org/entity/Q23792542
O1T4Y8ZBAR3V,16,0,http://www.wikidata.org/entity/Q61869043
O1T4Y8ZBAR3V,17,0,http://www.wikidata.org/entity/Q60038542
7FQFHSGT9JYZ,1,0,http://www.wikidata.org/entity/Q23644161
7FQFHSGT9JYZ,2,0,http://www.wikidata.org/entity/Q23644140
7FQFHSGT9JYZ,3,0,http://www.wikidata.org/entity/Q23644135
7FQFHSGT9JYZ,4,0,http://www.wikidata.org/entity/Q23644132
7FQFHSGT9JYZ,5,0,http://www.wikidata.org/entity/Q23643906
7FQFHSGT9JYZ,6,0,http://www.wikidata.org/entity/Q23643863
7FQFHSGT9JYZ,7,0,http://www.wikidata.org/entity/Q23643781
7FQFHSGT9JYZ,8,0,http://www.wikidata.org/entity/Q23643740
7FQFHSGT9JYZ,9,0,http://www.wikidata.org/entity/Q23643704
7FQFHSGT9JYZ,10,0,http://www.wikidata.org/entity/Q23643650
7FQFHSGT9JYZ,11,0,http://www.wikidata.org/entity/Q23643646
7FQFHSGT9JYZ,12,0,http://www.wikidata.org/entity/Q23643600
7FQFHSGT9JYZ,13,0,http://www.wikidata.org/entity/Q23643599
BD9QX48JCOKL,1,0,http://www.wikidata.org/entity/Q81152
BD9QX48JCOKL,2,0,http://www.wikidata.org/entity/Q1637525
BD9QX48JCOKL,3,0,http://www.wikidata.org/entity/Q70517
BD9QX48JCOKL,4,0,http://www.wikidata.org/entity/Q579349
BD9QX48JCOKL,5,0,http://www.wikidata.org/entity/Q743033
BD9QX48JCOKL,6,0,http://www.wikidata.org/entity/Q180179
BD9QX48JCOKL,7,0,http://www.wikidata.org/entity/Q616227
BD9QX48JCOKL,8,0,http://www.wikidata.org/entity/Q2921689
BD9QX48JCOKL,9,0,http://www.wikidata.org/entity/Q171152
BD9QX48JCOKL,10,0,http://www.wikidata.org/entity/Q68408
BD9QX48JCOKL,11,0,http://www.wikidata.org/entity/Q3071570
BD9QX48JCOKL,12,0,http://www.wikidata.org/entity/Q2852305
BD9QX48JCOKL,13,0,http://www.wikidata.org/entity/Q890640
BD9QX48JCOKL,14,0,http://www.wikidata.org/entity/Q327300
BD9QX48JCOKL,15,0,http://www.wikidata.org/entity/Q212077
BD9QX48JCOKL,16,0,http://www.wikidata.org/entity/Q81306
BD9QX48JCOKL,17,0,http://www.wikidata.org/entity/Q325376
CBC5334WOXMQ,1,0,http://www.wikidata.org/entity/Q52101
CBC5334WOXMQ,2,0,http://www.wikidata.org/entity/Q51878
X6LDM88C9VPD,1,0,http://www.wikidata.org/entity/Q2015615
X6LDM88C9VPD,2,0,http://www.wikidata.org/entity/Q1996968
X6LDM88C9VPD,3,0,http://www.wikidata.org/entity/Q1988686
X6LDM88C9VPD,4,0,http://www.wikidata.org/entity/Q1982869
X6LDM88C9VPD,5,0,http://www.wikidata.org/entity/Q928137
X6LDM88C9VPD,6,0,http://www.wikidata.org/entity/Q923781
X6LDM88C9VPD,7,0,http://www.wikidata.org/entity/Q919825
X6LDM88C9VPD,8,0,http://www.wikidata.org/entity/Q919720
VZWO9D90W3U6,1,0,http://www.wikidata.org/entity/Q244657
VZWO9D90W3U6,2,0,http://www.wikidata.org/entity/Q5281303
VZWO9D90W3U6,3,0,http://www.wikidata.org/entity/Q577482
VZWO9D90W3U6,4,0,http://www.wikidata.org/entity/Q8525835
VZWO9D90W3U6,5,0,http://www.wikidata.org/entity/Q681435
VZWO9D90W3U6,6,0,http://www.wikidata.org/entity/Q3044652
VZWO9D90W3U6,7,0,http://www.wikidata.org/entity/Q862933
VZWO9D90W3U6,8,0,http://www.wikidata.org/entity/Q913331
VZWO9D90W3U6,9,0,http://www.wikidata.org/entity/Q944906
VZWO9D90W3U6,10,0,http://www.wikidata.org/entity/Q896692
VZWO9D90W3U6,11,0,http://www.wikidata.org/entity/Q49053429
VZWO9D90W3U6,12,0,http://www.wikidata.org/entity/Q502645
VZWO9D90W3U6,13,0,http://www.wikidata.org/entity/Q993602
VZWO9D90W3U6,14,0,http://www.wikidata.org/entity/Q1620367
GO0WG8D1QFR0,1,0,http://www.wikidata.org/entity/Q1771083
GO0WG8D1QFR0,2,0,http://www.wikidata.org/entity/Q3322170
GO0WG8D1QFR0,3,0,http://www.wikidata.org/entity/Q498967
GO0WG8D1QFR0,4,0,http://www.wikidata.org/entity/Q1888667
GO0WG8D1QFR0,5,0,http://www.wikidata.org/entity/Q912579
GO0WG8D1QFR0,6,0,http://www.wikidata.org/entity/Q999791
GO0WG8D1QFR0,7,0,http://www.wikidata.org/entity/Q1789113
GO0WG8D1QFR0,8,0,http://www.wikidata.org/entity/Q378943
GO0WG8D1QFR0,9,0,http://www.wikidata.org/entity/Q12287480
GO0WG8D1QFR0,10,0,http://www.wikidata.org/entity/Q101086127
GO0WG8D1QFR0,11,0,http://www.wikidata.org/entity/Q732115
GO0WG8D1QFR0,12,0,http://www.wikidata.org/entity/Q2669374
GO0WG8D1QFR0,13,0,http://www.wikidata.org/entity/Q3562540
GO0WG8D1QFR0,14,0,http://www.wikidata.org/entity/Q1496690
GO0WG8D1QFR0,15,0,http://www.wikidata.org/entity/Q717742
GO0WG8D1QFR0,16,0,http://www.wikidata.org/entity/Q1140980
GO0WG8D1QFR0,17,0,http://www.wikidata.org/entity/Q20752967
GO0WG8D1QFR0,18,0,http://www.wikidata.org/entity/Q1520405
GO0WG8D1QFR0,19,0,http://www.wikidata.org/entity/Q708609
GO0WG8D1QFR0,20,0,http://www.wikidata.org/entity/Q501152
AHPVG6418PE4,1,0,http://www.wikidata.org/entity/Q23820585
AHPVG6418PE4,2,0,http://www.wikidata.org/entity/Q23827087
AHPVG6418PE4,3,0,http://www.wikidata.org/entity/Q23827086
AHPVG6418PE4,4,0,http://www.wikidata.org/entity/Q21735674
AHPVG6418PE4,5,0,http://www.wikidata.org/entity/Q2303867
AHPVG6418PE4,6,0,http://www.wikidata.org/entity/Q23780103
AHPVG6418PE4,7,0,http://www.wikidata.org/entity/Q6583
AHPVG6418PE4,8,0,http://www.wikidata.org/entity/Q23810565
AHPVG6418PE4,9,0,http://www.wikidata.org/entity/Q2118278
AHPVG6418PE4,10,0,http://www.wikidata.org/entity/Q23799786
AHPVG6418PE4,11,0,http://www.wikidata.org/entity/Q23799787
AHPVG6418PE4,12,0,http://www.wikidata.org/entity/Q23799835
AHPVG6418PE4,13,0,http://www.wikidata.org/entity/Q21735628
AHPVG6418PE4,14,0,http://www.wikidata.org/entity/Q21735288
AHPVG6418PE4,15,0,http://www.wikidata.org/entity/Q23798197
KC2DQGOA6U01,1,0,http://www.wikidata.org/entity/Q132956
KC2DQGOA6U01,2,0,http://www.wikidata.org/entity/Q118388
1F0HOK5G8FW4,1,0,http://www.wikidata.org/entity/Q171606
1F0HOK5G8FW4,2,0,http://www.wikidata.org/entity/Q423920
0GLQGDCQO7W9,1,0,http://www.wikidata.org/entity/Q55665642
0GLQGDCQO7W9,2,0,http://www.wikidata.org/entity/Q19373911
ZTNXJCJW1IOZ,1,0,http://www.wikidata.org/entity/Q75116644
ZTNXJCJW1IOZ,2,0,http://www.wikidata.org/entity/Q75116642
ZTNXJCJW1IOZ,3,0,http://www.wikidata.org/entity/Q75116640
ZTNXJCJW1IOZ,4,0,http://www.wikidata.org/entity/Q75116638
ZTNXJCJW1IOZ,5,0,http://www.wikidata.org/entity/Q75116636
ZTNXJCJW1IOZ,6,0,http://www.wikidata.org/entity/Q75116634
ZTNXJCJW1IOZ,7,0,http://www.wikidata.org/entity/Q75116631
ZTNXJCJW1IOZ,8,0,http://www.wikidata.org/entity/Q75116629
ZTNXJCJW1IOZ,9,0,http://www.wikidata.org/entity/Q75116627
ZTNXJCJW1IOZ,10,0,http://www.wikidata.org/entity/Q75116625
ZTNXJCJW1IOZ,11,0,http://www.wikidata.org/entity/Q75116623
ZTNXJCJW1IOZ,12,0,http://www.wikidata.org/entity/Q75116620
ZTNXJCJW1IOZ,13,0,http://www.wikidata.org/entity/Q75116618
ZTNXJCJW1IOZ,14,0,http://www.wikidata.org/entity/Q75116615
ZTNXJCJW1IOZ,15,0,http://www.wikidata.org/entity/Q75116613
ZTNXJCJW1IOZ,16,0,http://www.wikidata.org/entity/Q75116612
LO8TOMYWSWXO,1,0,http://www.wikidata.org/entity/Q11945374
LO8TOMYWSWXO,2,0,http://www.wikidata.org/entity/Q11945371
LO8TOMYWSWXO,3,0,http://www.wikidata.org/entity/Q11945368
LO8TOMYWSWXO,4,0,http://www.wikidata.org/entity/Q11945363
3BWCBWEVS4C2,1,0,http://www.wikidata.org/entity/Q15701
3BWCBWEVS4C2,2,0,http://www.wikidata.org/entity/Q1490
Y5KWL28AYN4A,1,0,http://www.wikidata.org/entity/Q22712736
Y5KWL28AYN4A,2,0,http://www.wikidata.org/entity/Q1263292
Y5KWL28AYN4A,3,0,http://www.wikidata.org/entity/Q21850936
Y5KWL28AYN4A,4,0,http://www.wikidata.org/entity/Q15299302
Y5KWL28AYN4A,5,0,http://www.wikidata.org/entity/Q642352
Y5KWL28AYN4A,6,0,http://www.wikidata.org/entity/Q1249037
Y5KWL28AYN4A,7,0,http://www.wikidata.org/entity/Q1348601
Y5KWL28AYN4A,8,0,http://www.wikidata.org/entity/Q15299839
Y5KWL28AYN4A,9,0,http://www.wikidata.org/entity/Q1886730
7ZQQ2F996HZC,1,0,http://www.wikidata.org/entity/Q813745
7ZQQ2F996HZC,2,0,http://www.wikidata.org/entity/Q127187
7ZQQ2F996HZC,3,0,http://www.wikidata.org/entity/Q987133
7ZQQ2F996HZC,4,0,http://www.wikidata.org/entity/Q130069
7ZQQ2F996HZC,5,0,http://www.wikidata.org/entity/Q936780
7ZQQ2F996HZC,6,0,http://www.wikidata.org/entity/Q2474066
7ZQQ2F996HZC,7,0,http://www.wikidata.org/entity/Q943775
7ZQQ2F996HZC,8,0,http://www.wikidata.org/entity/Q970527
7ZQQ2F996HZC,9,0,http://www.wikidata.org/entity/Q113602
7ZQQ2F996HZC,10,0,http://www.wikidata.org/entity/Q1530820
7ZQQ2F996HZC,11,0,http://www.wikidata.org/entity/Q631415
7ZQQ2F996HZC,12,0,http://www.wikidata.org/entity/Q2251757
7ZQQ2F996HZC,13,0,http://www.wikidata.org/entity/Q990898
7ZQQ2F996HZC,14,0,http://www.wikidata.org/entity/Q1010521
7ZQQ2F996HZC,15,0,http://www.wikidata.org/entity/Q1023488
7ZQQ2F996HZC,16,0,http://www.wikidata.org/entity/Q603389
7ZQQ2F996HZC,17,0,http://www.wikidata.org/entity/Q755587
7ZQQ2F996HZC,18,0,http://www.wikidata.org/entity/Q877247
7ZQQ2F996HZC,19,0,http://www.wikidata.org/entity/Q68041
058B0MTHMCCB,1,0,http://www.wikidata.org/entity/Q39071271
058B0MTHMCCB,2,0,http://www.wikidata.org/entity/Q16958246
058B0MTHMCCB,3,0,http://www.wikidata.org/entity/Q20644076
058B0MTHMCCB,4,0,http://www.wikidata.org/entity/Q704517
058B0MTHMCCB,5,0,http://www.wikidata.org/entity/Q26707080
058B0MTHMCCB,6,0,http://www.wikidata.org/entity/Q7846122
OQLEWK0BQ7TA,1,0,http://www.wikidata.org/entity/Q665570
OQLEWK0BQ7TA,2,0,http://www.wikidata.org/entity/Q640052
54D9E5LFKVGT,1,0,http://www.wikidata.org/entity/Q63639176
54D9E5LFKVGT,2,0,http://www.wikidata.org/entity/Q63639134
43ZIV93WLD97,1,0,http://www.wikidata.org/entity/Q19858902
43ZIV93WLD97,2,0,http://www.wikidata.org/entity/Q64593927
43ZIV93WLD97,3,0,http://www.wikidata.org/entity/Q64562097
43ZIV93WLD97,4,0,http://www.wikidata.org/entity/Q64608639
R5MF1DZPI6L0,1,0,http://www.wikidata.org/entity/Q880374
R5MF1DZPI6L0,2,0,http://www.wikidata.org/entity/Q1546531
R5MF1DZPI6L0,3,0,http://www.wikidata.org/entity/Q6391810
R5MF1DZPI6L0,4,0,http://www.wikidata.org/entity/Q4705968
NR22C4SN0YGD,1,0,http://www.wikidata.org/entity/Q66023446
NR22C4SN0YGD,2,0,http://www.wikidata.org/entity/Q110746574
NR22C4SN0YGD,3,0,http://www.wikidata.org/entity/Q110441673
NR22C4SN0YGD,4,0,http://www.wikidata.org/entity/Q60024222
NR22C4SN0YGD,5,0,http://www.wikidata.org/entity/Q66023375
NR22C4SN0YGD,6,0,http://www.wikidata.org/entity/Q54366946
NR22C4SN0YGD,7,0,http://www.wikidata.org/entity/Q66023411
NR22C4SN0YGD,8,0,http://www.wikidata.org/entity/Q66023443
NR22C4SN0YGD,9,0,http://www.wikidata.org/entity/Q66023404
NR22C4SN0YGD,10,0,http://www.wikidata.org/entity/Q66023361
NR22C4SN0YGD,11,0,http://www.wikidata.org/entity/Q65088097
NR22C4SN0YGD,12,0,http://www.wikidata.org/entity/Q66023474
NR22C4SN0YGD,13,0,http://www.wikidata.org/entity/Q115914643
NR22C4SN0YGD,14,0,http://www.wikidata.org/entity/Q106604856
NR22C4SN0YGD,15,0,http://www.wikidata.org/entity/Q100375096
NR22C4SN0YGD,16,0,http://www.wikidata.org/entity/Q66023453
NR22C4SN0YGD,17,0,http://www.wikidata.org/entity/Q66023414
NR22C4SN0YGD,18,0,http://www.wikidata.org/entity/Q66023455
NR22C4SN0YGD,19,0,http://www.wikidata.org/entity/Q66023479
FDITIOH887U3,1,0,http://www.wikidata.org/entity/Q1155286
FDITIOH887U3,2,0,http://www.wikidata.org/entity/Q11407543
FDITIOH887U3,3,0,http://www.wikidata.org/entity/Q490526
FDITIOH887U3,4,0,http://www.wikidata.org/entity/Q1202820
FDITIOH887U3,5,0,http://www.wikidata.org/entity/Q73729
FDITIOH887U3,6,0,http://www.wikidata.org/entity/Q275123
FDITIOH887U3,7,0,http://www.wikidata.org/entity/Q711716
FDITIOH887U3,8,0,http://www.wikidata.org/entity/Q877003
FDITIOH887U3,9,0,http://www.wikidata.org/entity/Q1042499
FDITIOH887U3,10,0,http://www.wikidata.org/entity/Q1131075
FDITIOH887U3,11,0,http://www.wikidata.org/entity/Q1132402
FDITIOH887U3,12,0,http://www.wikidata.org/entity/Q1135640
FDITIOH887U3,13,0,http://www.wikidata.org/entity/Q1154552
FDITIOH887U3,14,0,http://www.wikidata.org/entity/Q1203393
FDITIOH887U3,15,0,http://www.wikidata.org/entity/Q1207973
FDITIOH887U3,16,0,http://www.wikidata.org/entity/Q73724
FDITIOH887U3,17,0,http://www.wikidata.org/entity/Q578824
FDITIOH887U3,18,0,http://www.wikidata.org/entity/Q711707
FDITIOH887U3,19,0,http://www.wikidata.org/entity/Q855491
FDITIOH887U3,20,0,http://www.wikidata.org/entity/Q875464
FDITIOH887U3,21,0,http://www.wikidata.org/entity/Q1042014
2WVTMYQFCQDD,1,0,http://www.wikidata.org/entity/Q104733467
2WVTMYQFCQDD,2,0,http://www.wikidata.org/entity/Q15928521
M5RMDCQ0FNLS,1,0,http://www.wikidata.org/entity/Q121605243
M5RMDCQ0FNLS,2,0,http://www.wikidata.org/entity/Q94610006
M5RMDCQ0FNLS,3,0,http://www.wikidata.org/entity/Q2349092
M5RMDCQ0FNLS,4,0,http://www.wikidata.org/entity/Q6039719
M5RMDCQ0FNLS,5,0,http://www.wikidata.org/entity/Q17748247
M5RMDCQ0FNLS,6,0,http://www.wikidata.org/entity/Q2945614
QSD4L66MML13,1,0,http://www.wikidata.org/entity/Q18159755
QSD4L66MML13,2,0,http://www.wikidata.org/entity/Q17509453
QSD4L66MML13,3,0,http://www.wikidata.org/entity/Q16997744
QSD4L66MML13,4,0,http://www.wikidata.org/entity/Q16886848
QSD4L66MML13,5,0,http://www.wikidata.org/entity/Q16850876
QSD4L66MML13,6,0,http://www.wikidata.org/entity/Q15819209
QSD4L66MML13,7,0,http://www.wikidata.org/entity/Q15806294
QSD4L66MML13,8,0,http://www.wikidata.org/entity/Q22059029
QSD4L66MML13,9,0,http://www.wikidata.org/entity/Q19647912
QSD4L66MML13,10,0,http://www.wikidata.org/entity/Q18632554
QSD4L66MML13,11,0,http://www.wikidata.org/entity/Q30297437
QSD4L66MML13,12,0,http://www.wikidata.org/entity/Q27973170
QSD4L66MML13,13,0,http://www.wikidata.org/entity/Q27812362
QSD4L66MML13,14,0,http://www.wikidata.org/entity/Q24896639
QSD4L66MML13,15,0,http://www.wikidata.org/entity/Q23785299
QSD4L66MML13,16,0,http://www.wikidata.org/entity/Q12300092
QSD4L66MML13,17,0,http://www.wikidata.org/entity/Q1206118
QSD4L66MML13,18,0,http://www.wikidata.org/entity/Q1204503
QSD4L66MML13,19,0,http://www.wikidata.org/entity/Q1204257
D61KM1YBCWNK,1,0,http://www.wikidata.org/entity/Q26389846
D61KM1YBCWNK,2,0,http://www.wikidata.org/entity/Q17127523
D61KM1YBCWNK,3,0,http://www.wikidata.org/entity/Q15125046
D61KM1YBCWNK,4,0,http://www.wikidata.org/entity/Q1868889
D61KM1YBCWNK,5,0,http://www.wikidata.org/entity/Q1758497
D61KM1YBCWNK,6,0,http://www.wikidata.org/entity/Q1742157
D61KM1YBCWNK,7,0,http://www.wikidata.org/entity/Q1547559
D61KM1YBCWNK,8,0,http://www.wikidata.org/entity/Q1529328
D61KM1YBCWNK,9,0,http://www.wikidata.org/entity/Q695095
D61KM1YBCWNK,10,0,http://www.wikidata.org/entity/Q667674
88IFE4OCFSNR,1,0,http://www.wikidata.org/entity/Q186395
88IFE4OCFSNR,2,0,http://www.wikidata.org/entity/Q182493
88IFE4OCFSNR,3,0,http://www.wikidata.org/entity/Q182844
88IFE4OCFSNR,4,0,http://www.wikidata.org/entity/Q139126
88IFE4OCFSNR,5,0,http://www.wikidata.org/entity/Q186392
88IFE4OCFSNR,6,0,http://www.wikidata.org/entity/Q188157
88IFE4OCFSNR,7,0,http://www.wikidata.org/entity/Q121104
88IFE4OCFSNR,8,0,http://www.wikidata.org/entity/Q173816
88IFE4OCFSNR,9,0,http://www.wikidata.org/entity/Q185575
88IFE4OCFSNR,10,0,http://www.wikidata.org/entity/Q185442
88IFE4OCFSNR,11,0,http://www.wikidata.org/entity/Q181220
88IFE4OCFSNR,12,0,http://www.wikidata.org/entity/Q186418
88IFE4OCFSNR,13,0,http://www.wikidata.org/entity/Q188933
88IFE4OCFSNR,14,0,http://www.wikidata.org/entity/Q183015
5ZDKUW08CML7,1,0,http://www.wikidata.org/entity/Q2146269
5ZDKUW08CML7,2,0,http://www.wikidata.org/entity/Q55635276
5ZDKUW08CML7,3,0,http://www.wikidata.org/entity/Q7988334
5ZDKUW08CML7,4,0,http://www.wikidata.org/entity/Q7752462
5ZDKUW08CML7,5,0,http://www.wikidata.org/entity/Q5367076
5ZDKUW08CML7,6,0,http://www.wikidata.org/entity/Q7587352
5ZDKUW08CML7,7,0,http://www.wikidata.org/entity/Q1798440
5ZDKUW08CML7,8,0,http://www.wikidata.org/entity/Q430159
5ZDKUW08CML7,9,0,http://www.wikidata.org/entity/Q2866638
5ZDKUW08CML7,10,0,http://www.wikidata.org/entity/Q1965473
5ZDKUW08CML7,11,0,http://www.wikidata.org/entity/Q87866890
5ZDKUW08CML7,12,0,http://www.wikidata.org/entity/Q88253439
5ZDKUW08CML7,13,0,http://www.wikidata.org/entity/Q7245500
5ZDKUW08CML7,14,0,http://www.wikidata.org/entity/Q20876609
5ZDKUW08CML7,15,0,http://www.wikidata.org/entity/Q98455903
5ZDKUW08CML7,16,0,http://www.wikidata.org/entity/Q98650687
5ZDKUW08CML7,17,0,http://www.wikidata.org/entity/Q5061848
YZDXE9R28ZL9,1,0,http://www.wikidata.org/entity/Q88599908
YZDXE9R28ZL9,2,0,http://www.wikidata.org/entity/Q85178187
YZDXE9R28ZL9,3,0,http://www.wikidata.org/entity/Q75785128
YZDXE9R28ZL9,4,0,http://www.wikidata.org/entity/Q85224287
YZDXE9R28ZL9,5,0,http://www.wikidata.org/entity/Q698547
YZDXE9R28ZL9,6,0,http://www.wikidata.org/entity/Q88175511
YZDXE9R28ZL9,7,0,http://www.wikidata.org/entity/Q83739179
YZDXE9R28ZL9,8,0,http://www.wikidata.org/entity/Q85224308
YZDXE9R28ZL9,9,0,http://www.wikidata.org/entity/Q84849527
YZDXE9R28ZL9,10,0,http://www.wikidata.org/entity/Q90413367
YZDXE9R28ZL9,11,0,http://www.wikidata.org/entity/Q76934363
YZDXE9R28ZL9,12,0,http://www.wikidata.org/entity/Q84852766
YZDXE9R28ZL9,13,0,http://www.wikidata.org/entity/Q60239604
YZDXE9R28ZL9,14,0,http://www.wikidata.org/entity/Q1122782
YZDXE9R28ZL9,15,0,http://www.wikidata.org/entity/Q90413373
YZDXE9R28ZL9,16,0,http://www.wikidata.org/entity/Q93809562
YZDXE9R28ZL9,17,0,http://www.wikidata.org/entity/Q1659853
YZDXE9R28ZL9,18,0,http://www.wikidata.org/entity/Q79515351
YZDXE9R28ZL9,19,0,http://www.wikidata.org/entity/Q81508286
YZDXE9R28ZL9,20,0,http://www.wikidata.org/entity/Q1108639
YZDXE9R28ZL9,21,0,http://www.wikidata.org/entity/Q92043346
YZDXE9R28ZL9,22,0,http://www.wikidata.org/entity/Q74147727
YZDXE9R28ZL9,23,0,http://www.wikidata.org/entity/Q1121652
YZDXE9R28ZL9,24,0,http://www.wikidata.org/entity/Q3712727
WKIY0Z6MCDXV,1,0,http://www.wikidata.org/entity/Q487255
WKIY0Z6MCDXV,2,0,http://www.wikidata.org/entity/Q78263917
W756RNPCIYYT,1,0,http://www.wikidata.org/entity/Q21754410
W756RNPCIYYT,2,0,http://www.wikidata.org/entity/Q21754407
W756RNPCIYYT,3,0,http://www.wikidata.org/entity/Q21754406
W756RNPCIYYT,4,0,http://www.wikidata.org/entity/Q21754404
W756RNPCIYYT,5,0,http://www.wikidata.org/entity/Q21754403
W756RNPCIYYT,6,0,http://www.wikidata.org/entity/Q21754402
W756RNPCIYYT,7,0,http://www.wikidata.org/entity/Q21754400
W756RNPCIYYT,8,0,http://www.wikidata.org/entity/Q21754399
W756RNPCIYYT,9,0,http://www.wikidata.org/entity/Q21754398
W756RNPCIYYT,10,0,http://www.wikidata.org/entity/Q21754397
W756RNPCIYYT,11,0,http://www.wikidata.org/entity/Q21754396
W756RNPCIYYT,12,0,http://www.wikidata.org/entity/Q21754395
W756RNPCIYYT,13,0,http://www.wikidata.org/entity/Q21754394
W756RNPCIYYT,14,0,http://www.wikidata.org/entity/Q21754393
W756RNPCIYYT,15,0,http://www.wikidata.org/entity/Q21754388
W756RNPCIYYT,16,0,http://www.wikidata.org/entity/Q21754387
W756RNPCIYYT,17,0,http://www.wikidata.org/entity/Q21754386
W756RNPCIYYT,18,0,http://www.wikidata.org/entity/Q21754385
W756RNPCIYYT,19,0,http://www.wikidata.org/entity/Q21754382
W756RNPCIYYT,20,0,http://www.wikidata.org/entity/Q21754381
UANW7KQKECMA,1,0,http://www.wikidata.org/entity/Q52692615
UANW7KQKECMA,2,0,http://www.wikidata.org/entity/Q55188751
1OS0HH40LWSC,1,0,http://www.wikidata.org/entity/Q1120580
1OS0HH40LWSC,2,0,http://www.wikidata.org/entity/Q60225387
1OS0HH40LWSC,3,0,http://www.wikidata.org/entity/Q1123899
BML7PGZGDWP8,1,0,http://www.wikidata.org/entity/Q1041899
BML7PGZGDWP8,2,0,http://www.wikidata.org/entity/Q1114659
BML7PGZGDWP8,3,0,http://www.wikidata.org/entity/Q3687177
BML7PGZGDWP8,4,0,http://www.wikidata.org/entity/Q60225931
BML7PGZGDWP8,5,0,http://www.wikidata.org/entity/Q568599
BML7PGZGDWP8,6,0,http://www.wikidata.org/entity/Q60247393
BML7PGZGDWP8,7,0,http://www.wikidata.org/entity/Q60245825
BML7PGZGDWP8,8,0,http://www.wikidata.org/entity/Q1046187
BML7PGZGDWP8,9,0,http://www.wikidata.org/entity/Q60223611
BML7PGZGDWP8,10,0,http://www.wikidata.org/entity/Q1105685
BML7PGZGDWP8,11,0,http://www.wikidata.org/entity/Q3392854
BML7PGZGDWP8,12,0,http://www.wikidata.org/entity/Q1123822
BML7PGZGDWP8,13,0,http://www.wikidata.org/entity/Q60226112
BML7PGZGDWP8,14,0,http://www.wikidata.org/entity/Q1103284
BML7PGZGDWP8,15,0,http://www.wikidata.org/entity/Q3686873
BML7PGZGDWP8,16,0,http://www.wikidata.org/entity/Q1110112
BML7PGZGDWP8,17,0,http://www.wikidata.org/entity/Q1110476
BML7PGZGDWP8,18,0,http://www.wikidata.org/entity/Q1035699
N8GRB5P7O4NW,1,0,http://www.wikidata.org/entity/Q83626691
N8GRB5P7O4NW,2,0,http://www.wikidata.org/entity/Q83626286
N8GRB5P7O4NW,3,0,http://www.wikidata.org/entity/Q83582677
N8GRB5P7O4NW,4,0,http://www.wikidata.org/entity/Q83580590
N8GRB5P7O4NW,5,0,http://www.wikidata.org/entity/Q83571554
N8GRB5P7O4NW,6,0,http://www.wikidata.org/entity/Q83569188
N8GRB5P7O4NW,7,0,http://www.wikidata.org/entity/Q80109577
N8GRB5P7O4NW,8,0,http://www.wikidata.org/entity/Q117071556
N8GRB5P7O4NW,9,0,http://www.wikidata.org/entity/Q117071207
NUKNDSX3UVES,1,0,http://www.wikidata.org/entity/Q117066965
NUKNDSX3UVES,2,0,http://www.wikidata.org/entity/Q7871249
NUKNDSX3UVES,3,0,http://www.wikidata.org/entity/Q109279356
NUKNDSX3UVES,4,0,http://www.wikidata.org/entity/Q101792766
V95PXF76B0HV,1,0,http://www.wikidata.org/entity/Q280992
V95PXF76B0HV,2,0,http://www.wikidata.org/entity/Q169979
U9T49B58H7OW,1,0,http://www.wikidata.org/entity/Q87197326
U9T49B58H7OW,2,0,http://www.wikidata.org/entity/Q90349529
U9T49B58H7OW,3,0,http://www.wikidata.org/entity/Q92643671
U9T49B58H7OW,4,0,http://www.wikidata.org/entity/Q77474044
U9T49B58H7OW,5,0,http://www.wikidata.org/entity/Q93976094
U9T49B58H7OW,6,0,http://www.wikidata.org/entity/Q87800090
U9T49B58H7OW,7,0,http://www.wikidata.org/entity/Q93290777
U9T49B58H7OW,8,0,http://www.wikidata.org/entity/Q84301391
U9T49B58H7OW,9,0,http://www.wikidata.org/entity/Q94027943
U9T49B58H7OW,10,0,http://www.wikidata.org/entity/Q93467669
U9T49B58H7OW,11,0,http://www.wikidata.org/entity/Q85411569
U9T49B58H7OW,12,0,http://www.wikidata.org/entity/Q81856300
U9T49B58H7OW,13,0,http://www.wikidata.org/entity/Q92875541
U9T49B58H7OW,14,0,http://www.wikidata.org/entity/Q90364137
U9T49B58H7OW,15,0,http://www.wikidata.org/entity/Q93739816
U9T49B58H7OW,16,0,http://www.wikidata.org/entity/Q89129669
U9T49B58H7OW,17,0,http://www.wikidata.org/entity/Q83479424
U9T49B58H7OW,18,0,http://www.wikidata.org/entity/Q80981279
U9T49B58H7OW,19,0,http://www.wikidata.org/entity/Q81974814
U9T49B58H7OW,20,0,http://www.wikidata.org/entity/Q79210088
U9T49B58H7OW,21,0,http://www.wikidata.org/entity/Q87031250
SDW3UDWCGEN2,1,0,http://www.wikidata.org/entity/Q91117352
SDW3UDWCGEN2,2,0,http://www.wikidata.org/entity/Q89177938
SDW3UDWCGEN2,3,0,http://www.wikidata.org/entity/Q92875646
P0ZCQ30XMJSB,1,0,http://www.wikidata.org/entity/Q81498790
P0ZCQ30XMJSB,2,0,http://www.wikidata.org/entity/Q89745189
P0ZCQ30XMJSB,3,0,http://www.wikidata.org/entity/Q87510209
P0ZCQ30XMJSB,4,0,http://www.wikidata.org/entity/Q91932433
P0ZCQ30XMJSB,5,0,http://www.wikidata.org/entity/Q91727718
P0ZCQ30XMJSB,6,0,http://www.wikidata.org/entity/Q84551776
P0ZCQ30XMJSB,7,0,http://www.wikidata.org/entity/Q95640728
P0ZCQ30XMJSB,8,0,http://www.wikidata.org/entity/Q81656241
P0ZCQ30XMJSB,9,0,http://www.wikidata.org/entity/Q87823139
P0ZCQ30XMJSB,10,0,http://www.wikidata.org/entity/Q84799436
P0ZCQ30XMJSB,11,0,http://www.wikidata.org/entity/Q81107936
P0ZCQ30XMJSB,12,0,http://www.wikidata.org/entity/Q80673937
P1YGCGH7GM1U,1,0,http://www.wikidata.org/entity/Q91232379
P1YGCGH7GM1U,2,0,http://www.wikidata.org/entity/Q86870272
P1YGCGH7GM1U,3,0,http://www.wikidata.org/entity/Q84459466
P1YGCGH7GM1U,4,0,http://www.wikidata.org/entity/Q88059733
RE9UJRK0WRTZ,1,0,http://www.wikidata.org/entity/Q16620476
RE9UJRK0WRTZ,2,0,http://www.wikidata.org/entity/Q16620473
I17S27S3G2U4,1,0,http://www.wikidata.org/entity/Q67634972
I17S27S3G2U4,2,0,http://www.wikidata.org/entity/Q78724464
I17S27S3G2U4,3,0,http://www.wikidata.org/entity/Q75411913
3HRSSK2CYCIR,1,0,http://www.wikidata.org/entity/Q24027128
3HRSSK2CYCIR,2,0,http://www.wikidata.org/entity/Q24027341
3HRSSK2CYCIR,3,0,http://www.wikidata.org/entity/Q24027455
3HRSSK2CYCIR,4,0,http://www.wikidata.org/entity/Q5850503
3HRSSK2CYCIR,5,0,http://www.wikidata.org/entity/Q77987323
3HRSSK2CYCIR,6,0,http://www.wikidata.org/entity/Q90975739
3HRSSK2CYCIR,7,0,http://www.wikidata.org/entity/Q24026939
3HRSSK2CYCIR,8,0,http://www.wikidata.org/entity/Q27868063
3HRSSK2CYCIR,9,0,http://www.wikidata.org/entity/Q24026929
3HRSSK2CYCIR,10,0,http://www.wikidata.org/entity/Q24027040
3HRSSK2CYCIR,11,0,http://www.wikidata.org/entity/Q5633523
3HRSSK2CYCIR,12,0,http://www.wikidata.org/entity/Q3519441
3HRSSK2CYCIR,13,0,http://www.wikidata.org/entity/Q112683603
3HRSSK2CYCIR,14,0,http://www.wikidata.org/entity/Q24027294
LZZDA4U0TEX8,1,0,http://www.wikidata.org/entity/Q981122
LZZDA4U0TEX8,2,0,http://www.wikidata.org/entity/Q1517350
LZZDA4U0TEX8,3,0,http://www.wikidata.org/entity/Q972230
LZZDA4U0TEX8,4,0,http://www.wikidata.org/entity/Q344444
LZZDA4U0TEX8,5,0,http://www.wikidata.org/entity/Q321513
LZZDA4U0TEX8,6,0,http://www.wikidata.org/entity/Q1517997
LZZDA4U0TEX8,7,0,http://www.wikidata.org/entity/Q178178
LZZDA4U0TEX8,8,0,http://www.wikidata.org/entity/Q815883
LZZDA4U0TEX8,9,0,http://www.wikidata.org/entity/Q201141
LZZDA4U0TEX8,10,0,http://www.wikidata.org/entity/Q252901
LZZDA4U0TEX8,11,0,http://www.wikidata.org/entity/Q321503
LZZDA4U0TEX8,12,0,http://www.wikidata.org/entity/Q1517966
LZZDA4U0TEX8,13,0,http://www.wikidata.org/entity/Q1517934
LZZDA4U0TEX8,14,0,http://www.wikidata.org/entity/Q3081167
LZZDA4U0TEX8,15,0,http://www.wikidata.org/entity/Q1517938
LZZDA4U0TEX8,16,0,http://www.wikidata.org/entity/Q645211
LZZDA4U0TEX8,17,0,http://www.wikidata.org/entity/Q707993
LZZDA4U0TEX8,18,0,http://www.wikidata.org/entity/Q1444781
LZZDA4U0TEX8,19,0,http://www.wikidata.org/entity/Q1206594
C89JLP0G2QF4,1,0,http://www.wikidata.org/entity/Q30650
C89JLP0G2QF4,2,0,http://www.wikidata.org/entity/Q31065
KG66F08HXO7K,1,0,http://www.wikidata.org/entity/Q52351148
KG66F08HXO7K,2,0,http://www.wikidata.org/entity/Q83627535
KG66F08HXO7K,3,0,http://www.wikidata.org/entity/Q83601069
KG66F08HXO7K,4,0,http://www.wikidata.org/entity/Q83641342
KG66F08HXO7K,5,0,http://www.wikidata.org/entity/Q11880213
KG66F08HXO7K,6,0,http://www.wikidata.org/entity/Q83638048
KG66F08HXO7K,7,0,http://www.wikidata.org/entity/Q83628435
KG66F08HXO7K,8,0,http://www.wikidata.org/entity/Q52346972
KG66F08HXO7K,9,0,http://www.wikidata.org/entity/Q52352910
KG66F08HXO7K,10,0,http://www.wikidata.org/entity/Q52353891
JOB960CV56HC,1,0,http://www.wikidata.org/entity/Q52346494
JOB960CV56HC,2,0,http://www.wikidata.org/entity/Q52346475
JOB960CV56HC,3,0,http://www.wikidata.org/entity/Q52346278
JOB960CV56HC,4,0,http://www.wikidata.org/entity/Q52346115
TSEENP8CI88K,1,0,http://www.wikidata.org/entity/Q11358872
TSEENP8CI88K,2,0,http://www.wikidata.org/entity/Q1066103
TSEENP8CI88K,3,0,http://www.wikidata.org/entity/Q7862637
TSEENP8CI88K,4,0,http://www.wikidata.org/entity/Q802758
TSEENP8CI88K,5,0,http://www.wikidata.org/entity/Q11650745
TSEENP8CI88K,6,0,http://www.wikidata.org/entity/Q803221
TSEENP8CI88K,7,0,http://www.wikidata.org/entity/Q803574
TSEENP8CI88K,8,0,http://www.wikidata.org/entity/Q11561849
TSEENP8CI88K,9,0,http://www.wikidata.org/entity/Q802364
TSEENP8CI88K,10,0,http://www.wikidata.org/entity/Q30588087
TSEENP8CI88K,11,0,http://www.wikidata.org/entity/Q11528612
TSEENP8CI88K,12,0,http://www.wikidata.org/entity/Q7862643
TSEENP8CI88K,13,0,http://www.wikidata.org/entity/Q29106584
TSEENP8CI88K,14,0,http://www.wikidata.org/entity/Q1867653
TSEENP8CI88K,15,0,http://www.wikidata.org/entity/Q28759062
TSEENP8CI88K,16,0,http://www.wikidata.org/entity/Q802028
TSEENP8CI88K,17,0,http://www.wikidata.org/entity/Q2245770
TSEENP8CI88K,18,0,http://www.wikidata.org/entity/Q111907153
TSEENP8CI88K,19,0,http://www.wikidata.org/entity/Q10931046
TSEENP8CI88K,20,0,http://www.wikidata.org/entity/Q802104
TSEENP8CI88K,21,0,http://www.wikidata.org/entity/Q3743325
TSEENP8CI88K,22,0,http://www.wikidata.org/entity/Q63257215
TSEENP8CI88K,23,0,http://www.wikidata.org/entity/Q11400456
E0E7K5S0X6FF,1,0,http://www.wikidata.org/entity/Q56887221
E0E7K5S0X6FF,2,0,http://www.wikidata.org/entity/Q59267422
E0E7K5S0X6FF,3,0,http://www.wikidata.org/entity/Q59286772
E0E7K5S0X6FF,4,0,http://www.wikidata.org/entity/Q87744175
E0E7K5S0X6FF,5,0,http://www.wikidata.org/entity/Q319104
E0E7K5S0X6FF,6,0,http://www.wikidata.org/entity/Q59215057
E0E7K5S0X6FF,7,0,http://www.wikidata.org/entity/Q57540352
E0E7K5S0X6FF,8,0,http://www.wikidata.org/entity/Q87744116
E0E7K5S0X6FF,9,0,http://www.wikidata.org/entity/Q1404843
E0E7K5S0X6FF,10,0,http://www.wikidata.org/entity/Q59267531
E0E7K5S0X6FF,11,0,http://www.wikidata.org/entity/Q999466
PM66WF163BXK,1,0,http://www.wikidata.org/entity/Q59244758
PM66WF163BXK,2,0,http://www.wikidata.org/entity/Q59244757
PM66WF163BXK,3,0,http://www.wikidata.org/entity/Q59244753
PM66WF163BXK,4,0,http://www.wikidata.org/entity/Q59244752
PM66WF163BXK,5,0,http://www.wikidata.org/entity/Q59244750
PM66WF163BXK,6,0,http://www.wikidata.org/entity/Q59244749
PM66WF163BXK,7,0,http://www.wikidata.org/entity/Q59244748
PM66WF163BXK,8,0,http://www.wikidata.org/entity/Q59244747
PM66WF163BXK,9,0,http://www.wikidata.org/entity/Q59244745
PM66WF163BXK,10,0,http://www.wikidata.org/entity/Q59244744
PM66WF163BXK,11,0,http://www.wikidata.org/entity/Q59244743
PM66WF163BXK,12,0,http://www.wikidata.org/entity/Q59244741
PM66WF163BXK,13,0,http://www.wikidata.org/entity/Q59244740
PM66WF163BXK,14,0,http://www.wikidata.org/entity/Q59244739
PM66WF163BXK,15,0,http://www.wikidata.org/entity/Q59244738
PM66WF163BXK,16,0,http://www.wikidata.org/entity/Q59244735
PM66WF163BXK,17,0,http://www.wikidata.org/entity/Q59244734
PM66WF163BXK,18,0,http://www.wikidata.org/entity/Q59244733
PM66WF163BXK,19,0,http://www.wikidata.org/entity/Q59244732
PM66WF163BXK,20,0,http://www.wikidata.org/entity/Q59244731
PM66WF163BXK,21,0,http://www.wikidata.org/entity/Q59244729
PM66WF163BXK,22,0,http://www.wikidata.org/entity/Q59244728
PM66WF163BXK,23,0,http://www.wikidata.org/entity/Q59244727
PM66WF163BXK,24,0,http://www.wikidata.org/entity/Q59244726
LKKT0OKINXBP,1,0,http://www.wikidata.org/entity/Q2450925
LKKT0OKINXBP,2,0,http://www.wikidata.org/entity/Q576689
8XBB8HQ0KMT0,1,0,http://www.wikidata.org/entity/Q351427
8XBB8HQ0KMT0,2,0,http://www.wikidata.org/entity/Q1109846
E48J29EU367E,1,0,http://www.wikidata.org/entity/Q615905
E48J29EU367E,2,0,http://www.wikidata.org/entity/Q461252
E48J29EU367E,3,0,http://www.wikidata.org/entity/Q947574
E48J29EU367E,4,0,http://www.wikidata.org/entity/Q610857
E48J29EU367E,5,0,http://www.wikidata.org/entity/Q740897
E48J29EU367E,6,0,http://www.wikidata.org/entity/Q609424
E48J29EU367E,7,0,http://www.wikidata.org/entity/Q1134112
TN690VY1ZHKP,1,0,http://www.wikidata.org/entity/Q7603238
TN690VY1ZHKP,2,0,http://www.wikidata.org/entity/Q6952035
TN690VY1ZHKP,3,0,http://www.wikidata.org/entity/Q6952021
OBBTWFZ45UB4,1,0,http://www.wikidata.org/entity/Q28937448
OBBTWFZ45UB4,2,0,http://www.wikidata.org/entity/Q92990132
OBBTWFZ45UB4,3,0,http://www.wikidata.org/entity/Q867592
OBBTWFZ45UB4,4,0,http://www.wikidata.org/entity/Q12199865
OBBTWFZ45UB4,5,0,http://www.wikidata.org/entity/Q522601
OBBTWFZ45UB4,6,0,http://www.wikidata.org/entity/Q97233773
OBBTWFZ45UB4,7,0,http://www.wikidata.org/entity/Q14211730
OBBTWFZ45UB4,8,0,http://www.wikidata.org/entity/Q5316840
OBBTWFZ45UB4,9,0,http://www.wikidata.org/entity/Q4218715
OBBTWFZ45UB4,10,0,http://www.wikidata.org/entity/Q201516
OBBTWFZ45UB4,11,0,http://www.wikidata.org/entity/Q14211728
OBBTWFZ45UB4,12,0,http://www.wikidata.org/entity/Q1521754
OBBTWFZ45UB4,13,0,http://www.wikidata.org/entity/Q125996
OBBTWFZ45UB4,14,0,http://www.wikidata.org/entity/Q9285742
OBBTWFZ45UB4,15,0,http://www.wikidata.org/entity/Q14221956
OBBTWFZ45UB4,16,0,http://www.wikidata.org/entity/Q2575801
OBBTWFZ45UB4,17,0,http://www.wikidata.org/entity/Q14215969
OBBTWFZ45UB4,18,0,http://www.wikidata.org/entity/Q939243
OBBTWFZ45UB4,19,0,http://www.wikidata.org/entity/Q488314
OBBTWFZ45UB4,20,0,http://www.wikidata.org/entity/Q653244
OBBTWFZ45UB4,21,0,http://www.wikidata.org/entity/Q1011488
G4MKH31QYRA2,1,0,http://www.wikidata.org/entity/Q11337782
G4MKH31QYRA2,2,0,http://www.wikidata.org/entity/Q1188422
G4MKH31QYRA2,3,0,http://www.wikidata.org/entity/Q11385238
G4MKH31QYRA2,4,0,http://www.wikidata.org/entity/Q11310136
G4MKH31QYRA2,5,0,http://www.wikidata.org/entity/Q1187383
G4MKH31QYRA2,6,0,http://www.wikidata.org/entity/Q717890
G4MKH31QYRA2,7,0,http://www.wikidata.org/entity/Q11320135
G4MKH31QYRA2,8,0,http://www.wikidata.org/entity/Q15908149
G4MKH31QYRA2,9,0,http://www.wikidata.org/entity/Q20044420
G4MKH31QYRA2,10,0,http://www.wikidata.org/entity/Q11317830
G4MKH31QYRA2,11,0,http://www.wikidata.org/entity/Q3315600
G4MKH31QYRA2,12,0,http://www.wikidata.org/entity/Q8013724
G4MKH31QYRA2,13,0,http://www.wikidata.org/entity/Q11373958
G4MKH31QYRA2,14,0,http://www.wikidata.org/entity/Q3827391
BQ7CFYXHF8YY,1,0,http://www.wikidata.org/entity/Q121300834
BQ7CFYXHF8YY,2,0,http://www.wikidata.org/entity/Q103301645
S9630TNHO40Q,1,0,http://www.wikidata.org/entity/Q52353463
S9630TNHO40Q,2,0,http://www.wikidata.org/entity/Q112753
S9630TNHO40Q,3,0,http://www.wikidata.org/entity/Q6718145
S9630TNHO40Q,4,0,http://www.wikidata.org/entity/Q52379605
S9630TNHO40Q,5,0,http://www.wikidata.org/entity/Q117110445
S9630TNHO40Q,6,0,http://www.wikidata.org/entity/Q117082901
S9630TNHO40Q,7,0,http://www.wikidata.org/entity/Q28721266
S9630TNHO40Q,8,0,http://www.wikidata.org/entity/Q63433650
S9630TNHO40Q,9,0,http://www.wikidata.org/entity/Q31080251
S9630TNHO40Q,10,0,http://www.wikidata.org/entity/Q117070924
S9630TNHO40Q,11,0,http://www.wikidata.org/entity/Q117042944
S9630TNHO40Q,12,0,http://www.wikidata.org/entity/Q117028871
S9630TNHO40Q,13,0,http://www.wikidata.org/entity/Q18762841
S9630TNHO40Q,14,0,http://www.wikidata.org/entity/Q83645186
S9630TNHO40Q,15,0,http://www.wikidata.org/entity/Q63919309
VFC4RKKPKRD5,1,0,http://www.wikidata.org/entity/Q459261
VFC4RKKPKRD5,2,0,http://www.wikidata.org/entity/Q479501
VFC4RKKPKRD5,3,0,http://www.wikidata.org/entity/Q479365
VFC4RKKPKRD5,4,0,http://www.wikidata.org/entity/Q479418
VFC4RKKPKRD5,5,0,http://www.wikidata.org/entity/Q479648
VFC4RKKPKRD5,6,0,http://www.wikidata.org/entity/Q479722
VFC4RKKPKRD5,7,0,http://www.wikidata.org/entity/Q459317
VFC4RKKPKRD5,8,0,http://www.wikidata.org/entity/Q15602293
VFC4RKKPKRD5,9,0,http://www.wikidata.org/entity/Q479928
VFC4RKKPKRD5,10,0,http://www.wikidata.org/entity/Q479939
HN8YN1C57LYF,1,0,http://www.wikidata.org/entity/Q1009493
HN8YN1C57LYF,2,0,http://www.wikidata.org/entity/Q1025406
HN8YN1C57LYF,3,0,http://www.wikidata.org/entity/Q4135023
HN8YN1C57LYF,4,0,http://www.wikidata.org/entity/Q5188422
HN8YN1C57LYF,5,0,http://www.wikidata.org/entity/Q25445362
HN8YN1C57LYF,6,0,http://www.wikidata.org/entity/Q5645089
HN8YN1C57LYF,7,0,http://www.wikidata.org/entity/Q3967863
HN8YN1C57LYF,8,0,http://www.wikidata.org/entity/Q3655413
HN8YN1C57LYF,9,0,http://www.wikidata.org/entity/Q1052807
HN8YN1C57LYF,10,0,http://www.wikidata.org/entity/Q2021522
HN8YN1C57LYF,11,0,http://www.wikidata.org/entity/Q2343636
HN8YN1C57LYF,12,0,http://www.wikidata.org/entity/Q7927552
HN8YN1C57LYF,13,0,http://www.wikidata.org/entity/Q1771479
T1KYO7B5O4OP,1,0,http://www.wikidata.org/entity/Q945223
T1KYO7B5O4OP,2,0,http://www.wikidata.org/entity/Q16848982
T1KYO7B5O4OP,3,0,http://www.wikidata.org/entity/Q639975
T1KYO7B5O4OP,4,0,http://www.wikidata.org/entity/Q65074082
T1KYO7B5O4OP,5,0,http://www.wikidata.org/entity/Q2390739
T1KYO7B5O4OP,6,0,http://www.wikidata.org/entity/Q25203918
T1KYO7B5O4OP,7,0,http://www.wikidata.org/entity/Q5325084
T1KYO7B5O4OP,8,0,http://www.wikidata.org/entity/Q7369326
8U9MB7O51Y9Z,1,0,http://www.wikidata.org/entity/Q100267958
8U9MB7O51Y9Z,2,0,http://www.wikidata.org/entity/Q52636833
8U9MB7O51Y9Z,3,0,http://www.wikidata.org/entity/Q111550272
8U9MB7O51Y9Z,4,0,http://www.wikidata.org/entity/Q66707374
8U9MB7O51Y9Z,5,0,http://www.wikidata.org/entity/Q240426
8U9MB7O51Y9Z,6,0,http://www.wikidata.org/entity/Q61770174
8U9MB7O51Y9Z,7,0,http://www.wikidata.org/entity/Q20546492
8U9MB7O51Y9Z,8,0,http://www.wikidata.org/entity/Q29491539
8U9MB7O51Y9Z,9,0,http://www.wikidata.org/entity/Q56162987
8U9MB7O51Y9Z,10,0,http://www.wikidata.org/entity/Q111008687
8U9MB7O51Y9Z,11,0,http://www.wikidata.org/entity/Q113459141
8U9MB7O51Y9Z,12,0,http://www.wikidata.org/entity/Q29483364
8U9MB7O51Y9Z,13,0,http://www.wikidata.org/entity/Q113495827
8U9MB7O51Y9Z,14,0,http://www.wikidata.org/entity/Q65969978
8U9MB7O51Y9Z,15,0,http://www.wikidata.org/entity/Q110961716
8U9MB7O51Y9Z,16,0,http://www.wikidata.org/entity/Q55978944
8U9MB7O51Y9Z,17,0,http://www.wikidata.org/entity/Q113659351
8U9MB7O51Y9Z,18,0,http://www.wikidata.org/entity/Q65207907
8U9MB7O51Y9Z,19,0,http://www.wikidata.org/entity/Q29493661
8U9MB7O51Y9Z,20,0,http://www.wikidata.org/entity/Q109440332
8U9MB7O51Y9Z,21,0,http://www.wikidata.org/entity/Q65205713
8U9MB7O51Y9Z,22,0,http://www.wikidata.org/entity/Q71699564
8U9MB7O51Y9Z,23,0,http://www.wikidata.org/entity/Q56037467
8U9MB7O51Y9Z,24,0,http://www.wikidata.org/entity/Q65205718
1V1KLMFRDO68,1,0,http://www.wikidata.org/entity/Q55485102
1V1KLMFRDO68,2,0,http://www.wikidata.org/entity/Q3911365
1V1KLMFRDO68,3,0,http://www.wikidata.org/entity/Q64815816
1V1KLMFRDO68,4,0,http://www.wikidata.org/entity/Q65205750
1V1KLMFRDO68,5,0,http://www.wikidata.org/entity/Q106524617
1V1KLMFRDO68,6,0,http://www.wikidata.org/entity/Q56686262
Z9UVEHNU4AYB,1,0,http://www.wikidata.org/entity/Q65205107
Z9UVEHNU4AYB,2,0,http://www.wikidata.org/entity/Q25063971
Z9UVEHNU4AYB,3,0,http://www.wikidata.org/entity/Q2558284
Z9UVEHNU4AYB,4,0,http://www.wikidata.org/entity/Q54819883
Z9UVEHNU4AYB,5,0,http://www.wikidata.org/entity/Q29495632
Z9UVEHNU4AYB,6,0,http://www.wikidata.org/entity/Q29487586
Z9UVEHNU4AYB,7,0,http://www.wikidata.org/entity/Q111008209
Z9UVEHNU4AYB,8,0,http://www.wikidata.org/entity/Q113496030
Z9UVEHNU4AYB,9,0,http://www.wikidata.org/entity/Q106660400
Z9UVEHNU4AYB,10,0,http://www.wikidata.org/entity/Q645374
Z9UVEHNU4AYB,11,0,http://www.wikidata.org/entity/Q29492902
Z9UVEHNU4AYB,12,0,http://www.wikidata.org/entity/Q55686910
Z9UVEHNU4AYB,13,0,http://www.wikidata.org/entity/Q112943175
Z9UVEHNU4AYB,14,0,http://www.wikidata.org/entity/Q113519479
JNRZ1JNOMP1W,1,0,http://www.wikidata.org/entity/Q314922
JNRZ1JNOMP1W,2,0,http://www.wikidata.org/entity/Q244959
JNRZ1JNOMP1W,3,0,http://www.wikidata.org/entity/Q822771
JNRZ1JNOMP1W,4,0,http://www.wikidata.org/entity/Q12910
JNRZ1JNOMP1W,5,0,http://www.wikidata.org/entity/Q329633
JNRZ1JNOMP1W,6,0,http://www.wikidata.org/entity/Q134121
T68614XZR14C,1,0,http://www.wikidata.org/entity/Q78184295
T68614XZR14C,2,0,http://www.wikidata.org/entity/Q74095848
T68614XZR14C,3,0,http://www.wikidata.org/entity/Q88142702
T68614XZR14C,4,0,http://www.wikidata.org/entity/Q78241719
T68614XZR14C,5,0,http://www.wikidata.org/entity/Q89762559
T68614XZR14C,6,0,http://www.wikidata.org/entity/Q92357700
T68614XZR14C,7,0,http://www.wikidata.org/entity/Q85393013
BB0UZF90QI40,1,0,http://www.wikidata.org/entity/Q1132458
BB0UZF90QI40,2,0,http://www.wikidata.org/entity/Q1376815
BB0UZF90QI40,3,0,http://www.wikidata.org/entity/Q682616
BB0UZF90QI40,4,0,http://www.wikidata.org/entity/Q1087154
BB0UZF90QI40,5,0,http://www.wikidata.org/entity/Q118270251
BB0UZF90QI40,6,0,http://www.wikidata.org/entity/Q661228
BB0UZF90QI40,7,0,http://www.wikidata.org/entity/Q390000
BB0UZF90QI40,8,0,http://www.wikidata.org/entity/Q680911
BB0UZF90QI40,9,0,http://www.wikidata.org/entity/Q7231679
BB0UZF90QI40,10,0,http://www.wikidata.org/entity/Q109058145
BB0UZF90QI40,11,0,http://www.wikidata.org/entity/Q104586088
BB0UZF90QI40,12,0,http://www.wikidata.org/entity/Q124157983
BB0UZF90QI40,13,0,http://www.wikidata.org/entity/Q754390
BB0UZF90QI40,14,0,http://www.wikidata.org/entity/Q615442
RCDYFV8B0O6M,1,0,http://www.wikidata.org/entity/Q1181578
RCDYFV8B0O6M,2,0,http://www.wikidata.org/entity/Q1132331
RCDYFV8B0O6M,3,0,http://www.wikidata.org/entity/Q1182247
RCDYFV8B0O6M,4,0,http://www.wikidata.org/entity/Q1438565
RCDYFV8B0O6M,5,0,http://www.wikidata.org/entity/Q4243419
KSCD9QIYKO9N,1,0,http://www.wikidata.org/entity/Q204876
KSCD9QIYKO9N,2,0,http://www.wikidata.org/entity/Q201121
211ZDEE6103A,1,0,http://www.wikidata.org/entity/Q49750431
211ZDEE6103A,2,0,http://www.wikidata.org/entity/Q61723674
211ZDEE6103A,3,0,http://www.wikidata.org/entity/Q61671817
211ZDEE6103A,4,0,http://www.wikidata.org/entity/Q61723679
211ZDEE6103A,5,0,http://www.wikidata.org/entity/Q97701703
211ZDEE6103A,6,0,http://www.wikidata.org/entity/Q61675535
211ZDEE6103A,7,0,http://www.wikidata.org/entity/Q61667838
211ZDEE6103A,8,0,http://www.wikidata.org/entity/Q61668616
211ZDEE6103A,9,0,http://www.wikidata.org/entity/Q61675233
211ZDEE6103A,10,0,http://www.wikidata.org/entity/Q97702223
211ZDEE6103A,11,0,http://www.wikidata.org/entity/Q61711869
211ZDEE6103A,12,0,http://www.wikidata.org/entity/Q61672448
211ZDEE6103A,13,0,http://www.wikidata.org/entity/Q61711881
211ZDEE6103A,14,0,http://www.wikidata.org/entity/Q61721194
211ZDEE6103A,15,0,http://www.wikidata.org/entity/Q35269379
211ZDEE6103A,16,0,http://www.wikidata.org/entity/Q61667102
211ZDEE6103A,17,0,http://www.wikidata.org/entity/Q58820421
SSA5C96LIDY8,1,0,http://www.wikidata.org/entity/Q61667748
SSA5C96LIDY8,2,0,http://www.wikidata.org/entity/Q61666984
SSA5C96LIDY8,3,0,http://www.wikidata.org/entity/Q61667220
MUKAANLQYSWV,1,0,http://www.wikidata.org/entity/Q2523467
MUKAANLQYSWV,2,0,http://www.wikidata.org/entity/Q19896389
ZTB39GUU7MU2,1,0,http://www.wikidata.org/entity/Q117462848
ZTB39GUU7MU2,2,0,http://www.wikidata.org/entity/Q107199909
ZTB39GUU7MU2,3,0,http://www.wikidata.org/entity/Q120248566
ZTB39GUU7MU2,4,0,http://www.wikidata.org/entity/Q7249664
ZTB39GUU7MU2,5,0,http://www.wikidata.org/entity/Q47481339
ZTB39GUU7MU2,6,0,http://www.wikidata.org/entity/Q579563
ZTB39GUU7MU2,7,0,http://www.wikidata.org/entity/Q106992543
ZTB39GUU7MU2,8,0,http://www.wikidata.org/entity/Q56278987
ZTB39GUU7MU2,9,0,http://www.wikidata.org/entity/Q48803157
ZTB39GUU7MU2,10,0,http://www.wikidata.org/entity/Q66314365
ZTB39GUU7MU2,11,0,http://www.wikidata.org/entity/Q28321392
ZTB39GUU7MU2,12,0,http://www.wikidata.org/entity/Q56316323
ZTB39GUU7MU2,13,0,http://www.wikidata.org/entity/Q104814863
ZTB39GUU7MU2,14,0,http://www.wikidata.org/entity/Q19945360
ZTB39GUU7MU2,15,0,http://www.wikidata.org/entity/Q62529425
ZTB39GUU7MU2,16,0,http://www.wikidata.org/entity/Q473204
T7UJJGAC0IOC,1,0,http://www.wikidata.org/entity/Q7923634
T7UJJGAC0IOC,2,0,http://www.wikidata.org/entity/Q179481
T7UJJGAC0IOC,3,0,http://www.wikidata.org/entity/Q2550421
T7UJJGAC0IOC,4,0,http://www.wikidata.org/entity/Q7501733
T7UJJGAC0IOC,5,0,http://www.wikidata.org/entity/Q5430151
T7UJJGAC0IOC,6,0,http://www.wikidata.org/entity/Q5545426
T7UJJGAC0IOC,7,0,http://www.wikidata.org/entity/Q4966420
T7UJJGAC0IOC,8,0,http://www.wikidata.org/entity/Q1972207
T7UJJGAC0IOC,9,0,http://www.wikidata.org/entity/Q18215296
T7UJJGAC0IOC,10,0,http://www.wikidata.org/entity/Q17529715
T7UJJGAC0IOC,11,0,http://www.wikidata.org/entity/Q918066
T7UJJGAC0IOC,12,0,http://www.wikidata.org/entity/Q667674
T7UJJGAC0IOC,13,0,http://www.wikidata.org/entity/Q2564402
T7UJJGAC0IOC,14,0,http://www.wikidata.org/entity/Q11371453
T7UJJGAC0IOC,15,0,http://www.wikidata.org/entity/Q315499
T7UJJGAC0IOC,16,0,http://www.wikidata.org/entity/Q7975472
1BI52XPY4BT7,1,0,http://www.wikidata.org/entity/Q734387
1BI52XPY4BT7,2,0,http://www.wikidata.org/entity/Q5237720
1BI52XPY4BT7,3,0,http://www.wikidata.org/entity/Q2337652
1BI52XPY4BT7,4,0,http://www.wikidata.org/entity/Q2494538
1BI52XPY4BT7,5,0,http://www.wikidata.org/entity/Q1414113
1BI52XPY4BT7,6,0,http://www.wikidata.org/entity/Q2103660
1BI52XPY4BT7,7,0,http://www.wikidata.org/entity/Q5427500
1BI52XPY4BT7,8,0,http://www.wikidata.org/entity/Q5365622
1BI52XPY4BT7,9,0,http://www.wikidata.org/entity/Q118752
1BI52XPY4BT7,10,0,http://www.wikidata.org/entity/Q7443570
1BI52XPY4BT7,11,0,http://www.wikidata.org/entity/Q2018531
1BI52XPY4BT7,12,0,http://www.wikidata.org/entity/Q5281876
BVUQZOJIPYA6,1,0,http://www.wikidata.org/entity/Q2462936
BVUQZOJIPYA6,2,0,http://www.wikidata.org/entity/Q2462995
BVUQZOJIPYA6,3,0,http://www.wikidata.org/entity/Q1274959
BVUQZOJIPYA6,4,0,http://www.wikidata.org/entity/Q121409184
BVUQZOJIPYA6,5,0,http://www.wikidata.org/entity/Q16488857
BVUQZOJIPYA6,6,0,http://www.wikidata.org/entity/Q1346396
BVUQZOJIPYA6,7,0,http://www.wikidata.org/entity/Q20827433
BVUQZOJIPYA6,8,0,http://www.wikidata.org/entity/Q1210639
BVUQZOJIPYA6,9,0,http://www.wikidata.org/entity/Q210458
BVUQZOJIPYA6,10,0,http://www.wikidata.org/entity/Q15836981
BVUQZOJIPYA6,11,0,http://www.wikidata.org/entity/Q2462960
BVUQZOJIPYA6,12,0,http://www.wikidata.org/entity/Q2252817
BVUQZOJIPYA6,13,0,http://www.wikidata.org/entity/Q1440536
BVUQZOJIPYA6,14,0,http://www.wikidata.org/entity/Q2205625
BVUQZOJIPYA6,15,0,http://www.wikidata.org/entity/Q2558231
BVUQZOJIPYA6,16,0,http://www.wikidata.org/entity/Q47472661
BVUQZOJIPYA6,17,0,http://www.wikidata.org/entity/Q1734868
BVUQZOJIPYA6,18,0,http://www.wikidata.org/entity/Q1022280
BVUQZOJIPYA6,19,0,http://www.wikidata.org/entity/Q1774242
BVUQZOJIPYA6,20,0,http://www.wikidata.org/entity/Q1285148
2AMJC7W6DIG9,1,0,http://www.wikidata.org/entity/Q878679
2AMJC7W6DIG9,2,0,http://www.wikidata.org/entity/Q1007248
2AMJC7W6DIG9,3,0,http://www.wikidata.org/entity/Q1007041
2AMJC7W6DIG9,4,0,http://www.wikidata.org/entity/Q1006952
2AMJC7W6DIG9,5,0,http://www.wikidata.org/entity/Q52738
2AMJC7W6DIG9,6,0,http://www.wikidata.org/entity/Q1007034
2AMJC7W6DIG9,7,0,http://www.wikidata.org/entity/Q895554
2AMJC7W6DIG9,8,0,http://www.wikidata.org/entity/Q880865
2AMJC7W6DIG9,9,0,http://www.wikidata.org/entity/Q1007005
2AMJC7W6DIG9,10,0,http://www.wikidata.org/entity/Q1007231
2AMJC7W6DIG9,11,0,http://www.wikidata.org/entity/Q1006975
2AMJC7W6DIG9,12,0,http://www.wikidata.org/entity/Q52741
2AMJC7W6DIG9,13,0,http://www.wikidata.org/entity/Q1006909
2AMJC7W6DIG9,14,0,http://www.wikidata.org/entity/Q1007085
2AMJC7W6DIG9,15,0,http://www.wikidata.org/entity/Q34488
2AMJC7W6DIG9,16,0,http://www.wikidata.org/entity/Q34450
2AMJC7W6DIG9,17,0,http://www.wikidata.org/entity/Q1006922
2AMJC7W6DIG9,18,0,http://www.wikidata.org/entity/Q1006969
79F4XMIU6HIK,1,0,http://www.wikidata.org/entity/Q35342
79F4XMIU6HIK,2,0,http://www.wikidata.org/entity/Q16520
79F4XMIU6HIK,3,0,http://www.wikidata.org/entity/Q41805883
79F4XMIU6HIK,4,0,http://www.wikidata.org/entity/Q274120
79F4XMIU6HIK,5,0,http://www.wikidata.org/entity/Q34221
79F4XMIU6HIK,6,0,http://www.wikidata.org/entity/Q130514
79F4XMIU6HIK,7,0,http://www.wikidata.org/entity/Q41225
79F4XMIU6HIK,8,0,http://www.wikidata.org/entity/Q104674
79F4XMIU6HIK,9,0,http://www.wikidata.org/entity/Q5788
79F4XMIU6HIK,10,0,http://www.wikidata.org/entity/Q39231
SQSGVJQLHZ34,1,0,http://www.wikidata.org/entity/Q32303834
SQSGVJQLHZ34,2,0,http://www.wikidata.org/entity/Q32303509
PL946XW3FQLR,1,0,http://www.wikidata.org/entity/Q3345108
PL946XW3FQLR,2,0,http://www.wikidata.org/entity/Q16939878
PL946XW3FQLR,3,0,http://www.wikidata.org/entity/Q7342161
PL946XW3FQLR,4,0,http://www.wikidata.org/entity/Q3348378
PL946XW3FQLR,5,0,http://www.wikidata.org/entity/Q3346158
PL946XW3FQLR,6,0,http://www.wikidata.org/entity/Q3347458
PL946XW3FQLR,7,0,http://www.wikidata.org/entity/Q3348614
PL946XW3FQLR,8,0,http://www.wikidata.org/entity/Q3349148
PL946XW3FQLR,9,0,http://www.wikidata.org/entity/Q3346245
PL946XW3FQLR,10,0,http://www.wikidata.org/entity/Q3349024
PL946XW3FQLR,11,0,http://www.wikidata.org/entity/Q19459368
PL946XW3FQLR,12,0,http://www.wikidata.org/entity/Q13419437
PL946XW3FQLR,13,0,http://www.wikidata.org/entity/Q6792479
PL946XW3FQLR,14,0,http://www.wikidata.org/entity/Q3347497
PL946XW3FQLR,15,0,http://www.wikidata.org/entity/Q3345751
PL946XW3FQLR,16,0,http://www.wikidata.org/entity/Q3346646
PL946XW3FQLR,17,0,http://www.wikidata.org/entity/Q4342499
PL946XW3FQLR,18,0,http://www.wikidata.org/entity/Q3345822
PL946XW3FQLR,19,0,http://www.wikidata.org/entity/Q3346279
PL946XW3FQLR,20,0,http://www.wikidata.org/entity/Q3345155
PL946XW3FQLR,21,0,http://www.wikidata.org/entity/Q3345260
PL946XW3FQLR,22,0,http://www.wikidata.org/entity/Q6479771
740LADF9T33R,1,0,http://www.wikidata.org/entity/Q2880573
740LADF9T33R,2,0,http://www.wikidata.org/entity/Q86077296
2H2OE7YPNWVJ,1,0,http://www.wikidata.org/entity/Q953810
2H2OE7YPNWVJ,2,0,http://www.wikidata.org/entity/Q679245
U53TK3NWIMLA,1,0,http://www.wikidata.org/entity/Q2596971
U53TK3NWIMLA,2,0,http://www.wikidata.org/entity/Q2313621
U53TK3NWIMLA,3,0,http://www.wikidata.org/entity/Q2597456
U53TK3NWIMLA,4,0,http://www.wikidata.org/entity/Q2290468
U53TK3NWIMLA,5,0,http://www.wikidata.org/entity/Q2522636
U53TK3NWIMLA,6,0,http://www.wikidata.org/entity/Q427934
U53TK3NWIMLA,7,0,http://www.wikidata.org/entity/Q2719651
U53TK3NWIMLA,8,0,http://www.wikidata.org/entity/Q2466191
U53TK3NWIMLA,9,0,http://www.wikidata.org/entity/Q973653
U53TK3NWIMLA,10,0,http://www.wikidata.org/entity/Q2596732
U53TK3NWIMLA,11,0,http://www.wikidata.org/entity/Q2597804
U53TK3NWIMLA,12,0,http://www.wikidata.org/entity/Q2439531
U53TK3NWIMLA,13,0,http://www.wikidata.org/entity/Q285681
U53TK3NWIMLA,14,0,http://www.wikidata.org/entity/Q2316052
U53TK3NWIMLA,15,0,http://www.wikidata.org/entity/Q2402998
U53TK3NWIMLA,16,0,http://www.wikidata.org/entity/Q1248775
U53TK3NWIMLA,17,0,http://www.wikidata.org/entity/Q2462949
U53TK3NWIMLA,18,0,http://www.wikidata.org/entity/Q1825452
U53TK3NWIMLA,19,0,http://www.wikidata.org/entity/Q2540695
U53TK3NWIMLA,20,0,http://www.wikidata.org/entity/Q2466013
PX6MV9FK35EC,1,0,http://www.wikidata.org/entity/Q2712352
PX6MV9FK35EC,2,0,http://www.wikidata.org/entity/Q1237965
PX6MV9FK35EC,3,0,http://www.wikidata.org/entity/Q333906
PX6MV9FK35EC,4,0,http://www.wikidata.org/entity/Q55360043
PX6MV9FK35EC,5,0,http://www.wikidata.org/entity/Q3995146
PX6MV9FK35EC,6,0,http://www.wikidata.org/entity/Q46497620
JY91JRLPOBF3,1,0,http://www.wikidata.org/entity/Q78768237
JY91JRLPOBF3,2,0,http://www.wikidata.org/entity/Q74661459
JY91JRLPOBF3,3,0,http://www.wikidata.org/entity/Q74675480
JY91JRLPOBF3,4,0,http://www.wikidata.org/entity/Q74662103
JY91JRLPOBF3,5,0,http://www.wikidata.org/entity/Q78818436
JY91JRLPOBF3,6,0,http://www.wikidata.org/entity/Q76933948
JY91JRLPOBF3,7,0,http://www.wikidata.org/entity/Q75201035
JY91JRLPOBF3,8,0,http://www.wikidata.org/entity/Q81855740
JY91JRLPOBF3,9,0,http://www.wikidata.org/entity/Q80495771
J8XGI0DOLK7O,1,0,http://www.wikidata.org/entity/Q90099691
J8XGI0DOLK7O,2,0,http://www.wikidata.org/entity/Q90099628
J8XGI0DOLK7O,3,0,http://www.wikidata.org/entity/Q89688778
J8XGI0DOLK7O,4,0,http://www.wikidata.org/entity/Q89518252
J8XGI0DOLK7O,5,0,http://www.wikidata.org/entity/Q89272585
J8XGI0DOLK7O,6,0,http://www.wikidata.org/entity/Q88850305
J8XGI0DOLK7O,7,0,http://www.wikidata.org/entity/Q88832511
J8XGI0DOLK7O,8,0,http://www.wikidata.org/entity/Q88829161
J8XGI0DOLK7O,9,0,http://www.wikidata.org/entity/Q88829150
J8XGI0DOLK7O,10,0,http://www.wikidata.org/entity/Q88829143
J8XGI0DOLK7O,11,0,http://www.wikidata.org/entity/Q88829133
J8XGI0DOLK7O,12,0,http://www.wikidata.org/entity/Q88829089
J8XGI0DOLK7O,13,0,http://www.wikidata.org/entity/Q88829040
J8XGI0DOLK7O,14,0,http://www.wikidata.org/entity/Q88829019
J8XGI0DOLK7O,15,0,http://www.wikidata.org/entity/Q88557611
J8XGI0DOLK7O,16,0,http://www.wikidata.org/entity/Q88547425
J8XGI0DOLK7O,17,0,http://www.wikidata.org/entity/Q88547407
J8XGI0DOLK7O,18,0,http://www.wikidata.org/entity/Q88547226
J8XGI0DOLK7O,19,0,http://www.wikidata.org/entity/Q88547167
J8XGI0DOLK7O,20,0,http://www.wikidata.org/entity/Q88547132
DE7I7E8FOQTQ,1,0,http://www.wikidata.org/entity/Q86570712
DE7I7E8FOQTQ,2,0,http://www.wikidata.org/entity/Q86570710
DE7I7E8FOQTQ,3,0,http://www.wikidata.org/entity/Q86570708
DE7I7E8FOQTQ,4,0,http://www.wikidata.org/entity/Q86570683
DE7I7E8FOQTQ,5,0,http://www.wikidata.org/entity/Q86570680
DE7I7E8FOQTQ,6,0,http://www.wikidata.org/entity/Q86570678
DE7I7E8FOQTQ,7,0,http://www.wikidata.org/entity/Q86570675
DE7I7E8FOQTQ,8,0,http://www.wikidata.org/entity/Q86570674
DE7I7E8FOQTQ,9,0,http://www.wikidata.org/entity/Q86570671
DE7I7E8FOQTQ,10,0,http://www.wikidata.org/entity/Q86570664
DE7I7E8FOQTQ,11,0,http://www.wikidata.org/entity/Q86570662
DE7I7E8FOQTQ,12,0,http://www.wikidata.org/entity/Q86570659
DE7I7E8FOQTQ,13,0,http://www.wikidata.org/entity/Q86570658
DE7I7E8FOQTQ,14,0,http://www.wikidata.org/entity/Q86561245
DE7I7E8FOQTQ,15,0,http://www.wikidata.org/entity/Q86491261
DE7I7E8FOQTQ,16,0,http://www.wikidata.org/entity/Q86439172
DE7I7E8FOQTQ,17,0,http://www.wikidata.org/entity/Q86439066
DE7I7E8FOQTQ,18,0,http://www.wikidata.org/entity/Q86240697
DE7I7E8FOQTQ,19,0,http://www.wikidata.org/entity/Q86151391
DE7I7E8FOQTQ,20,0,http://www.wikidata.org/entity/Q85936718
DE7I7E8FOQTQ,21,0,http://www.wikidata.org/entity/Q85839681
DE7I7E8FOQTQ,22,0,http://www.wikidata.org/entity/Q85820478
N1VUHD2ZST5Z,1,0,http://www.wikidata.org/entity/Q2103496
N1VUHD2ZST5Z,2,0,http://www.wikidata.org/entity/Q18845091
N1VUHD2ZST5Z,3,0,http://www.wikidata.org/entity/Q18845099
N1VUHD2ZST5Z,4,0,http://www.wikidata.org/entity/Q18845089
N1VUHD2ZST5Z,5,0,http://www.wikidata.org/entity/Q18845107
N1VUHD2ZST5Z,6,0,http://www.wikidata.org/entity/Q18880175
N1VUHD2ZST5Z,7,0,http://www.wikidata.org/entity/Q18845105
N1VUHD2ZST5Z,8,0,http://www.wikidata.org/entity/Q3339818
N1VUHD2ZST5Z,9,0,http://www.wikidata.org/entity/Q2144274
N1VUHD2ZST5Z,10,0,http://www.wikidata.org/entity/Q47456797
N1VUHD2ZST5Z,11,0,http://www.wikidata.org/entity/Q18845088
N1VUHD2ZST5Z,12,0,http://www.wikidata.org/entity/Q18880161
N1VUHD2ZST5Z,13,0,http://www.wikidata.org/entity/Q5459468
N1VUHD2ZST5Z,14,0,http://www.wikidata.org/entity/Q2468639
N1VUHD2ZST5Z,15,0,http://www.wikidata.org/entity/Q18845090
N1VUHD2ZST5Z,16,0,http://www.wikidata.org/entity/Q2424204
N1VUHD2ZST5Z,17,0,http://www.wikidata.org/entity/Q18845103
N1VUHD2ZST5Z,18,0,http://www.wikidata.org/entity/Q3339820
N1VUHD2ZST5Z,19,0,http://www.wikidata.org/entity/Q18880151
N1VUHD2ZST5Z,20,0,http://www.wikidata.org/entity/Q18880172
N1VUHD2ZST5Z,21,0,http://www.wikidata.org/entity/Q18845098
3ZNIERYK1VXJ,1,0,http://www.wikidata.org/entity/Q14286032
3ZNIERYK1VXJ,2,0,http://www.wikidata.org/entity/Q10870268
3ZNIERYK1VXJ,3,0,http://www.wikidata.org/entity/Q10908635
3ZNIERYK1VXJ,4,0,http://www.wikidata.org/entity/Q10907822
3ZNIERYK1VXJ,5,0,http://www.wikidata.org/entity/Q7141406
3ZNIERYK1VXJ,6,0,http://www.wikidata.org/entity/Q10900753
3ZNIERYK1VXJ,7,0,http://www.wikidata.org/entity/Q470521
3ZNIERYK1VXJ,8,0,http://www.wikidata.org/entity/Q6753665
3ZNIERYK1VXJ,9,0,http://www.wikidata.org/entity/Q8044359
3ZNIERYK1VXJ,10,0,http://www.wikidata.org/entity/Q7494259
3ZNIERYK1VXJ,11,0,http://www.wikidata.org/entity/Q10877767
3ZNIERYK1VXJ,12,0,http://www.wikidata.org/entity/Q10906534
3ZNIERYK1VXJ,13,0,http://www.wikidata.org/entity/Q14589783
3ZNIERYK1VXJ,14,0,http://www.wikidata.org/entity/Q3565580
3ZNIERYK1VXJ,15,0,http://www.wikidata.org/entity/Q1711012
3ZNIERYK1VXJ,16,0,http://www.wikidata.org/entity/Q11095192
3ZNIERYK1VXJ,17,0,http://www.wikidata.org/entity/Q10901796
3ZNIERYK1VXJ,18,0,http://www.wikidata.org/entity/Q8982637
E0W7GDTFLQMJ,1,0,http://www.wikidata.org/entity/Q10884236
E0W7GDTFLQMJ,2,0,http://www.wikidata.org/entity/Q10884800
E0W7GDTFLQMJ,3,0,http://www.wikidata.org/entity/Q2274407
E0W7GDTFLQMJ,4,0,http://www.wikidata.org/entity/Q10870243
E0W7GDTFLQMJ,5,0,http://www.wikidata.org/entity/Q10868729
E0W7GDTFLQMJ,6,0,http://www.wikidata.org/entity/Q10932622
E0W7GDTFLQMJ,7,0,http://www.wikidata.org/entity/Q11089001
E0W7GDTFLQMJ,8,0,http://www.wikidata.org/entity/Q11139748
E0W7GDTFLQMJ,9,0,http://www.wikidata.org/entity/Q10881785
E0W7GDTFLQMJ,10,0,http://www.wikidata.org/entity/Q10885920
E0W7GDTFLQMJ,11,0,http://www.wikidata.org/entity/Q2164155
E0W7GDTFLQMJ,12,0,http://www.wikidata.org/entity/Q2164997
E0W7GDTFLQMJ,13,0,http://www.wikidata.org/entity/Q2164048
E0W7GDTFLQMJ,14,0,http://www.wikidata.org/entity/Q2165472
E0W7GDTFLQMJ,15,0,http://www.wikidata.org/entity/Q3896519
E0W7GDTFLQMJ,16,0,http://www.wikidata.org/entity/Q2165587
E0W7GDTFLQMJ,17,0,http://www.wikidata.org/entity/Q2165735
E0W7GDTFLQMJ,18,0,http://www.wikidata.org/entity/Q3896560
E0W7GDTFLQMJ,19,0,http://www.wikidata.org/entity/Q1070022
E0W7GDTFLQMJ,20,0,http://www.wikidata.org/entity/Q10929687
43YERJTW0TBC,1,0,http://www.wikidata.org/entity/Q50769368
43YERJTW0TBC,2,0,http://www.wikidata.org/entity/Q71430491
43YERJTW0TBC,3,0,http://www.wikidata.org/entity/Q15749777
43YERJTW0TBC,4,0,http://www.wikidata.org/entity/Q18392457
43YERJTW0TBC,5,0,http://www.wikidata.org/entity/Q15757736
43YERJTW0TBC,6,0,http://www.wikidata.org/entity/Q15761865
2SFNDXEATGQ4,1,0,http://www.wikidata.org/entity/Q3256566
2SFNDXEATGQ4,2,0,http://www.wikidata.org/entity/Q110452470
2SFNDXEATGQ4,3,0,http://www.wikidata.org/entity/Q50521678
2SFNDXEATGQ4,4,0,http://www.wikidata.org/entity/Q72466
2SFNDXEATGQ4,5,0,http://www.wikidata.org/entity/Q180445
2SFNDXEATGQ4,6,0,http://www.wikidata.org/entity/Q15751012
2SFNDXEATGQ4,7,0,http://www.wikidata.org/entity/Q7307444
2SFNDXEATGQ4,8,0,http://www.wikidata.org/entity/Q5333399
2SFNDXEATGQ4,9,0,http://www.wikidata.org/entity/Q2995704
2SFNDXEATGQ4,10,0,http://www.wikidata.org/entity/Q578091
2SFNDXEATGQ4,11,0,http://www.wikidata.org/entity/Q3186894
2SFNDXEATGQ4,12,0,http://www.wikidata.org/entity/Q80674
2SFNDXEATGQ4,13,0,http://www.wikidata.org/entity/Q2904149
2SFNDXEATGQ4,14,0,http://www.wikidata.org/entity/Q16857550
2SFNDXEATGQ4,15,0,http://www.wikidata.org/entity/Q5418319
2SFNDXEATGQ4,16,0,http://www.wikidata.org/entity/Q15761612
2SFNDXEATGQ4,17,0,http://www.wikidata.org/entity/Q98640359
2SFNDXEATGQ4,18,0,http://www.wikidata.org/entity/Q3666497
2SFNDXEATGQ4,19,0,http://www.wikidata.org/entity/Q7318491
2SFNDXEATGQ4,20,0,http://www.wikidata.org/entity/Q1823269
2SFNDXEATGQ4,21,0,http://www.wikidata.org/entity/Q50815149
Q4GDW3HQHLY4,1,0,http://www.wikidata.org/entity/Q111524038
Q4GDW3HQHLY4,2,0,http://www.wikidata.org/entity/Q111313251
Q4GDW3HQHLY4,3,0,http://www.wikidata.org/entity/Q16983329
Q4GDW3HQHLY4,4,0,http://www.wikidata.org/entity/Q16974298
Q4GDW3HQHLY4,5,0,http://www.wikidata.org/entity/Q3119385
Q4GDW3HQHLY4,6,0,http://www.wikidata.org/entity/Q2822713
Q4GDW3HQHLY4,7,0,http://www.wikidata.org/entity/Q2360975
Q4GDW3HQHLY4,8,0,http://www.wikidata.org/entity/Q2003519
Q4GDW3HQHLY4,9,0,http://www.wikidata.org/entity/Q1467946
Q4GDW3HQHLY4,10,0,http://www.wikidata.org/entity/Q384845
Q4GDW3HQHLY4,11,0,http://www.wikidata.org/entity/Q381183
Q4GDW3HQHLY4,12,0,http://www.wikidata.org/entity/Q223288
GU748I9JERA8,1,0,http://www.wikidata.org/entity/Q13661
GU748I9JERA8,2,0,http://www.wikidata.org/entity/Q20116
GU748I9JERA8,3,0,http://www.wikidata.org/entity/Q39674
GU748I9JERA8,4,0,http://www.wikidata.org/entity/Q40919
GU748I9JERA8,5,0,http://www.wikidata.org/entity/Q34596
GU748I9JERA8,6,0,http://www.wikidata.org/entity/Q39471
GU748I9JERA8,7,0,http://www.wikidata.org/entity/Q10342
GU748I9JERA8,8,0,http://www.wikidata.org/entity/Q17820
GU748I9JERA8,9,0,http://www.wikidata.org/entity/Q16934
GU748I9JERA8,10,0,http://www.wikidata.org/entity/Q17344
GU748I9JERA8,11,0,http://www.wikidata.org/entity/Q17873
GU748I9JERA8,12,0,http://www.wikidata.org/entity/Q34564
GU748I9JERA8,13,0,http://www.wikidata.org/entity/Q46320
GU748I9JERA8,14,0,http://www.wikidata.org/entity/Q47125
GU748I9JERA8,15,0,http://www.wikidata.org/entity/Q13649
GU748I9JERA8,16,0,http://www.wikidata.org/entity/Q17813
GU748I9JERA8,17,0,http://www.wikidata.org/entity/Q53399
GU748I9JERA8,18,0,http://www.wikidata.org/entity/Q10355
GU748I9JERA8,19,0,http://www.wikidata.org/entity/Q46754
GU748I9JERA8,20,0,http://www.wikidata.org/entity/Q46542
PCGPDUQUFO5K,1,0,http://www.wikidata.org/entity/Q1193965
PCGPDUQUFO5K,2,0,http://www.wikidata.org/entity/Q653680
PCGPDUQUFO5K,3,0,http://www.wikidata.org/entity/Q2475740
PCGPDUQUFO5K,4,0,http://www.wikidata.org/entity/Q3452921
PCGPDUQUFO5K,5,0,http://www.wikidata.org/entity/Q3459772
PCGPDUQUFO5K,6,0,http://www.wikidata.org/entity/Q3319680
PCGPDUQUFO5K,7,0,http://www.wikidata.org/entity/Q3452608
PCGPDUQUFO5K,8,0,http://www.wikidata.org/entity/Q3453106
PCGPDUQUFO5K,9,0,http://www.wikidata.org/entity/Q1892836
PCGPDUQUFO5K,10,0,http://www.wikidata.org/entity/Q528199
PCGPDUQUFO5K,11,0,http://www.wikidata.org/entity/Q923264
PCGPDUQUFO5K,12,0,http://www.wikidata.org/entity/Q1425659
89A4GD1DI20Q,1,0,http://www.wikidata.org/entity/Q3460687
89A4GD1DI20Q,2,0,http://www.wikidata.org/entity/Q1844405
89A4GD1DI20Q,3,0,http://www.wikidata.org/entity/Q1912586
89A4GD1DI20Q,4,0,http://www.wikidata.org/entity/Q1095710
89A4GD1DI20Q,5,0,http://www.wikidata.org/entity/Q904338
89A4GD1DI20Q,6,0,http://www.wikidata.org/entity/Q7017756
HVT3RIFP92N2,1,0,http://www.wikidata.org/entity/Q3452755
HVT3RIFP92N2,2,0,http://www.wikidata.org/entity/Q3452732
HVT3RIFP92N2,3,0,http://www.wikidata.org/entity/Q3452721
HVT3RIFP92N2,4,0,http://www.wikidata.org/entity/Q3452708
HVT3RIFP92N2,5,0,http://www.wikidata.org/entity/Q3452698
HVT3RIFP92N2,6,0,http://www.wikidata.org/entity/Q3452689
HVT3RIFP92N2,7,0,http://www.wikidata.org/entity/Q3452672
HVT3RIFP92N2,8,0,http://www.wikidata.org/entity/Q3452662
HVT3RIFP92N2,9,0,http://www.wikidata.org/entity/Q3452641
HVT3RIFP92N2,10,0,http://www.wikidata.org/entity/Q3452617
HVT3RIFP92N2,11,0,http://www.wikidata.org/entity/Q3452608
HVT3RIFP92N2,12,0,http://www.wikidata.org/entity/Q3452597
HVT3RIFP92N2,13,0,http://www.wikidata.org/entity/Q3452578
HVT3RIFP92N2,14,0,http://www.wikidata.org/entity/Q3452553
HVT3RIFP92N2,15,0,http://www.wikidata.org/entity/Q3452543
HVT3RIFP92N2,16,0,http://www.wikidata.org/entity/Q3452524
HVT3RIFP92N2,17,0,http://www.wikidata.org/entity/Q3452503
HVT3RIFP92N2,18,0,http://www.wikidata.org/entity/Q3452493
RBFI41X1XJYX,1,0,http://www.wikidata.org/entity/Q43653
RBFI41X1XJYX,2,0,http://www.wikidata.org/entity/Q262753
9IKTPJTJ7887,1,0,http://www.wikidata.org/entity/Q1112235
9IKTPJTJ7887,2,0,http://www.wikidata.org/entity/Q905066
9IKTPJTJ7887,3,0,http://www.wikidata.org/entity/Q23837941
9IKTPJTJ7887,4,0,http://www.wikidata.org/entity/Q1349026
9IKTPJTJ7887,5,0,http://www.wikidata.org/entity/Q992091
9IKTPJTJ7887,6,0,http://www.wikidata.org/entity/Q1623811
9IKTPJTJ7887,7,0,http://www.wikidata.org/entity/Q19964280
9IKTPJTJ7887,8,0,http://www.wikidata.org/entity/Q9336079
9IKTPJTJ7887,9,0,http://www.wikidata.org/entity/Q891208
9IKTPJTJ7887,10,0,http://www.wikidata.org/entity/Q2340908
9IKTPJTJ7887,11,0,http://www.wikidata.org/entity/Q1240877
9IKTPJTJ7887,12,0,http://www.wikidata.org/entity/Q1624790
9IKTPJTJ7887,13,0,http://www.wikidata.org/entity/Q1419835
9IKTPJTJ7887,14,0,http://www.wikidata.org/entity/Q1448745
9IKTPJTJ7887,15,0,http://www.wikidata.org/entity/Q1427772
9IKTPJTJ7887,16,0,http://www.wikidata.org/entity/Q1258887
9IKTPJTJ7887,17,0,http://www.wikidata.org/entity/Q15824493
CNVVZHPK4I5Q,1,0,http://www.wikidata.org/entity/Q87235455
CNVVZHPK4I5Q,2,0,http://www.wikidata.org/entity/Q83686819
CNVVZHPK4I5Q,3,0,http://www.wikidata.org/entity/Q88224123
CNVVZHPK4I5Q,4,0,http://www.wikidata.org/entity/Q79103165
CNVVZHPK4I5Q,5,0,http://www.wikidata.org/entity/Q87976094
CNVVZHPK4I5Q,6,0,http://www.wikidata.org/entity/Q84496927
CNVVZHPK4I5Q,7,0,http://www.wikidata.org/entity/Q87279944
CNVVZHPK4I5Q,8,0,http://www.wikidata.org/entity/Q88206770
CNVVZHPK4I5Q,9,0,http://www.wikidata.org/entity/Q89106081
CNVVZHPK4I5Q,10,0,http://www.wikidata.org/entity/Q10936711
CNVVZHPK4I5Q,11,0,http://www.wikidata.org/entity/Q83409324
CNVVZHPK4I5Q,12,0,http://www.wikidata.org/entity/Q28406991
CNVVZHPK4I5Q,13,0,http://www.wikidata.org/entity/Q5174751
CNVVZHPK4I5Q,14,0,http://www.wikidata.org/entity/Q75831287
CNVVZHPK4I5Q,15,0,http://www.wikidata.org/entity/Q89225166
CNVVZHPK4I5Q,16,0,http://www.wikidata.org/entity/Q83411732
CNVVZHPK4I5Q,17,0,http://www.wikidata.org/entity/Q87199128
KYYCL2GP7LS9,1,0,http://www.wikidata.org/entity/Q1182647
KYYCL2GP7LS9,2,0,http://www.wikidata.org/entity/Q130581
KYYCL2GP7LS9,3,0,http://www.wikidata.org/entity/Q1182014
KYYCL2GP7LS9,4,0,http://www.wikidata.org/entity/Q658863
KYYCL2GP7LS9,5,0,http://www.wikidata.org/entity/Q1131957
KYYCL2GP7LS9,6,0,http://www.wikidata.org/entity/Q630401
KYYCL2GP7LS9,7,0,http://www.wikidata.org/entity/Q1180216
KYYCL2GP7LS9,8,0,http://www.wikidata.org/entity/Q941857
KYYCL2GP7LS9,9,0,http://www.wikidata.org/entity/Q942389
KYYCL2GP7LS9,10,0,http://www.wikidata.org/entity/Q1183025
KYYCL2GP7LS9,11,0,http://www.wikidata.org/entity/Q1184126
KYYCL2GP7LS9,12,0,http://www.wikidata.org/entity/Q6747156
KYYCL2GP7LS9,13,0,http://www.wikidata.org/entity/Q1130655
KYYCL2GP7LS9,14,0,http://www.wikidata.org/entity/Q1133964
KYYCL2GP7LS9,15,0,http://www.wikidata.org/entity/Q1183276
KYYCL2GP7LS9,16,0,http://www.wikidata.org/entity/Q1187065
KYYCL2GP7LS9,17,0,http://www.wikidata.org/entity/Q1133591
WSWBUOWQUQXK,1,0,http://www.wikidata.org/entity/Q1132997
WSWBUOWQUQXK,2,0,http://www.wikidata.org/entity/Q1182414
WSWBUOWQUQXK,3,0,http://www.wikidata.org/entity/Q1184170
WSWBUOWQUQXK,4,0,http://www.wikidata.org/entity/Q1182975
WSWBUOWQUQXK,5,0,http://www.wikidata.org/entity/Q1183035
WSWBUOWQUQXK,6,0,http://www.wikidata.org/entity/Q1181611
WSWBUOWQUQXK,7,0,http://www.wikidata.org/entity/Q16992202
ZQAC1XYGI6XV,1,0,http://www.wikidata.org/entity/Q645517
ZQAC1XYGI6XV,2,0,http://www.wikidata.org/entity/Q6717415
ZQAC1XYGI6XV,3,0,http://www.wikidata.org/entity/Q6383777
ZQAC1XYGI6XV,4,0,http://www.wikidata.org/entity/Q7274949
ZQAC1XYGI6XV,5,0,http://www.wikidata.org/entity/Q11374343
ZQAC1XYGI6XV,6,0,http://www.wikidata.org/entity/Q6383833
ZQAC1XYGI6XV,7,0,http://www.wikidata.org/entity/Q7274392
ZQAC1XYGI6XV,8,0,http://www.wikidata.org/entity/Q6670939
ZQAC1XYGI6XV,9,0,http://www.wikidata.org/entity/Q7814059
THPH65W3LJLX,1,0,http://www.wikidata.org/entity/Q60749353
THPH65W3LJLX,2,0,http://www.wikidata.org/entity/Q983870
THPH65W3LJLX,3,0,http://www.wikidata.org/entity/Q496785
THPH65W3LJLX,4,0,http://www.wikidata.org/entity/Q1631374
THPH65W3LJLX,5,0,http://www.wikidata.org/entity/Q1638213
THPH65W3LJLX,6,0,http://www.wikidata.org/entity/Q1535023
THPH65W3LJLX,7,0,http://www.wikidata.org/entity/Q323742
THPH65W3LJLX,8,0,http://www.wikidata.org/entity/Q1319509
THPH65W3LJLX,9,0,http://www.wikidata.org/entity/Q27084567
THPH65W3LJLX,10,0,http://www.wikidata.org/entity/Q2147687
THPH65W3LJLX,11,0,http://www.wikidata.org/entity/Q1264624
THPH65W3LJLX,12,0,http://www.wikidata.org/entity/Q1240985
THPH65W3LJLX,13,0,http://www.wikidata.org/entity/Q773124
THPH65W3LJLX,14,0,http://www.wikidata.org/entity/Q15991896
THPH65W3LJLX,15,0,http://www.wikidata.org/entity/Q565494
1NOX9PCO6SIP,1,0,http://www.wikidata.org/entity/Q249707
1NOX9PCO6SIP,2,0,http://www.wikidata.org/entity/Q3784754
1NOX9PCO6SIP,3,0,http://www.wikidata.org/entity/Q1411575
1NOX9PCO6SIP,4,0,http://www.wikidata.org/entity/Q2143048
1NOX9PCO6SIP,5,0,http://www.wikidata.org/entity/Q10285
1NOX9PCO6SIP,6,0,http://www.wikidata.org/entity/Q5884534
1NOX9PCO6SIP,7,0,http://www.wikidata.org/entity/Q3005966
1NOX9PCO6SIP,8,0,http://www.wikidata.org/entity/Q622438
1NOX9PCO6SIP,9,0,http://www.wikidata.org/entity/Q677175
1NOX9PCO6SIP,10,0,http://www.wikidata.org/entity/Q1236511
1NOX9PCO6SIP,11,0,http://www.wikidata.org/entity/Q2860778
1NOX9PCO6SIP,12,0,http://www.wikidata.org/entity/Q188395
1NOX9PCO6SIP,13,0,http://www.wikidata.org/entity/Q1947692
1NOX9PCO6SIP,14,0,http://www.wikidata.org/entity/Q2319979
1NOX9PCO6SIP,15,0,http://www.wikidata.org/entity/Q859383
1NOX9PCO6SIP,16,0,http://www.wikidata.org/entity/Q75459
1NOX9PCO6SIP,17,0,http://www.wikidata.org/entity/Q2106396
1NOX9PCO6SIP,18,0,http://www.wikidata.org/entity/Q1567576
1NOX9PCO6SIP,19,0,http://www.wikidata.org/entity/Q3678243
1NOX9PCO6SIP,20,0,http://www.wikidata.org/entity/Q2052044
1NOX9PCO6SIP,21,0,http://www.wikidata.org/entity/Q1123019
1NOX9PCO6SIP,22,0,http://www.wikidata.org/entity/Q1233293
1NOX9PCO6SIP,23,0,http://www.wikidata.org/entity/Q1292498
6HVU41LZVGNF,1,0,http://www.wikidata.org/entity/Q9364128
6HVU41LZVGNF,2,0,http://www.wikidata.org/entity/Q3268068
AM6PJD7Z3AWA,1,0,http://www.wikidata.org/entity/Q1061214
AM6PJD7Z3AWA,2,0,http://www.wikidata.org/entity/Q206019
DF6Q5C6O00RD,1,0,http://www.wikidata.org/entity/Q23649
DF6Q5C6O00RD,2,0,http://www.wikidata.org/entity/Q17397
77M70WL0AF5Y,1,0,http://www.wikidata.org/entity/Q2631516
77M70WL0AF5Y,2,0,http://www.wikidata.org/entity/Q2529025
N8Z3CSIN8G3A,1,0,http://www.wikidata.org/entity/Q113330559
N8Z3CSIN8G3A,2,0,http://www.wikidata.org/entity/Q7424349
N8Z3CSIN8G3A,3,0,http://www.wikidata.org/entity/Q1601474
N8Z3CSIN8G3A,4,0,http://www.wikidata.org/entity/Q17994541
HU4UDMEXG601,1,0,http://www.wikidata.org/entity/Q220145
HU4UDMEXG601,2,0,http://www.wikidata.org/entity/Q1501410
HU4UDMEXG601,3,0,http://www.wikidata.org/entity/Q393
HU4UDMEXG601,4,0,http://www.wikidata.org/entity/Q1844
HU4UDMEXG601,5,0,http://www.wikidata.org/entity/Q2315241
HU4UDMEXG601,6,0,http://www.wikidata.org/entity/Q520440
HU4UDMEXG601,7,0,http://www.wikidata.org/entity/Q68230
HU4UDMEXG601,8,0,http://www.wikidata.org/entity/Q682544
HU4UDMEXG601,9,0,http://www.wikidata.org/entity/Q753034
HU4UDMEXG601,10,0,http://www.wikidata.org/entity/Q1017194
HU4UDMEXG601,11,0,http://www.wikidata.org/entity/Q1756956
HU4UDMEXG601,12,0,http://www.wikidata.org/entity/Q192235
HU4UDMEXG601,13,0,http://www.wikidata.org/entity/Q4986882
HU4UDMEXG601,14,0,http://www.wikidata.org/entity/Q15868
HU4UDMEXG601,15,0,http://www.wikidata.org/entity/Q1110585
HU4UDMEXG601,16,0,http://www.wikidata.org/entity/Q172512
HU4UDMEXG601,17,0,http://www.wikidata.org/entity/Q608335
HU4UDMEXG601,18,0,http://www.wikidata.org/entity/Q278949
U37T77X84FZV,1,0,http://www.wikidata.org/entity/Q541905
U37T77X84FZV,2,0,http://www.wikidata.org/entity/Q106042484
U37T77X84FZV,3,0,http://www.wikidata.org/entity/Q293494
U37T77X84FZV,4,0,http://www.wikidata.org/entity/Q2031924
U37T77X84FZV,5,0,http://www.wikidata.org/entity/Q22101974
U37T77X84FZV,6,0,http://www.wikidata.org/entity/Q370337
U37T77X84FZV,7,0,http://www.wikidata.org/entity/Q3056837
U37T77X84FZV,8,0,http://www.wikidata.org/entity/Q2089637
U37T77X84FZV,9,0,http://www.wikidata.org/entity/Q355427
U37T77X84FZV,10,0,http://www.wikidata.org/entity/Q5430074
U37T77X84FZV,11,0,http://www.wikidata.org/entity/Q11207295
U37T77X84FZV,12,0,http://www.wikidata.org/entity/Q66
U37T77X84FZV,13,0,http://www.wikidata.org/entity/Q43300799
U37T77X84FZV,14,0,http://www.wikidata.org/entity/Q104849207
U37T77X84FZV,15,0,http://www.wikidata.org/entity/Q6119725
U37T77X84FZV,16,0,http://www.wikidata.org/entity/Q2761690
U37T77X84FZV,17,0,http://www.wikidata.org/entity/Q185996
U37T77X84FZV,18,0,http://www.wikidata.org/entity/Q463261
U37T77X84FZV,19,0,http://www.wikidata.org/entity/Q20798148
L8O68GIMG0AB,1,0,http://www.wikidata.org/entity/Q117753087
L8O68GIMG0AB,2,0,http://www.wikidata.org/entity/Q49277117
L8O68GIMG0AB,3,0,http://www.wikidata.org/entity/Q114022652
L8O68GIMG0AB,4,0,http://www.wikidata.org/entity/Q32110070
L8O68GIMG0AB,5,0,http://www.wikidata.org/entity/Q32288478
L8O68GIMG0AB,6,0,http://www.wikidata.org/entity/Q33940194
L8O68GIMG0AB,7,0,http://www.wikidata.org/entity/Q31984426
L8O68GIMG0AB,8,0,http://www.wikidata.org/entity/Q32058551
L8O68GIMG0AB,9,0,http://www.wikidata.org/entity/Q33512826
L8O68GIMG0AB,10,0,http://www.wikidata.org/entity/Q31897149
L8O68GIMG0AB,11,0,http://www.wikidata.org/entity/Q32291810
L8O68GIMG0AB,12,0,http://www.wikidata.org/entity/Q3317546
L8O68GIMG0AB,13,0,http://www.wikidata.org/entity/Q117771610
L8O68GIMG0AB,14,0,http://www.wikidata.org/entity/Q31879971
L8O68GIMG0AB,15,0,http://www.wikidata.org/entity/Q32177202
L8O68GIMG0AB,16,0,http://www.wikidata.org/entity/Q113999671
L8O68GIMG0AB,17,0,http://www.wikidata.org/entity/Q32004207
L8O68GIMG0AB,18,0,http://www.wikidata.org/entity/Q3419055
L8O68GIMG0AB,19,0,http://www.wikidata.org/entity/Q32290942
L8O68GIMG0AB,20,0,http://www.wikidata.org/entity/Q117751597
L8O68GIMG0AB,21,0,http://www.wikidata.org/entity/Q33949469
L8O68GIMG0AB,22,0,http://www.wikidata.org/entity/Q15724921
V7JOO6DJ3JDE,1,0,http://www.wikidata.org/entity/Q1551050
V7JOO6DJ3JDE,2,0,http://www.wikidata.org/entity/Q1379084
V7JOO6DJ3JDE,3,0,http://www.wikidata.org/entity/Q303410
V7JOO6DJ3JDE,4,0,http://www.wikidata.org/entity/Q98821922
V7JOO6DJ3JDE,5,0,http://www.wikidata.org/entity/Q918373
V7JOO6DJ3JDE,6,0,http://www.wikidata.org/entity/Q122921314
V7JOO6DJ3JDE,7,0,http://www.wikidata.org/entity/Q6295310
V7JOO6DJ3JDE,8,0,http://www.wikidata.org/entity/Q6184795
V7JOO6DJ3JDE,9,0,http://www.wikidata.org/entity/Q6164012
0HXDCGT7T5T3,1,0,http://www.wikidata.org/entity/Q142820
0HXDCGT7T5T3,2,0,http://www.wikidata.org/entity/Q7775915
B7EK1OUANCIX,1,0,http://www.wikidata.org/entity/Q56524537
B7EK1OUANCIX,2,0,http://www.wikidata.org/entity/Q56527148
B8IJ0HSHP2D4,1,0,http://www.wikidata.org/entity/Q161994
B8IJ0HSHP2D4,2,0,http://www.wikidata.org/entity/Q36823
B8IJ0HSHP2D4,3,0,http://www.wikidata.org/entity/Q5815
B8IJ0HSHP2D4,4,0,http://www.wikidata.org/entity/Q14708404
B8IJ0HSHP2D4,5,0,http://www.wikidata.org/entity/Q19188
PTR4ZRMF9YCE,1,0,http://www.wikidata.org/entity/Q4721947
PTR4ZRMF9YCE,2,0,http://www.wikidata.org/entity/Q4721948
0NKRTHLRTMY5,1,0,http://www.wikidata.org/entity/Q500377
0NKRTHLRTMY5,2,0,http://www.wikidata.org/entity/Q14688467
YCCFY31M6CPW,1,0,http://www.wikidata.org/entity/Q1345287
YCCFY31M6CPW,2,0,http://www.wikidata.org/entity/Q1203565
YCCFY31M6CPW,3,0,http://www.wikidata.org/entity/Q1203799
YCCFY31M6CPW,4,0,http://www.wikidata.org/entity/Q1203828
YCCFY31M6CPW,5,0,http://www.wikidata.org/entity/Q629384
YCCFY31M6CPW,6,0,http://www.wikidata.org/entity/Q1354276
YCCFY31M6CPW,7,0,http://www.wikidata.org/entity/Q1350060
YCCFY31M6CPW,8,0,http://www.wikidata.org/entity/Q1354396
YCCFY31M6CPW,9,0,http://www.wikidata.org/entity/Q784698
YCCFY31M6CPW,10,0,http://www.wikidata.org/entity/Q1208030
YCCFY31M6CPW,11,0,http://www.wikidata.org/entity/Q1206753
YCCFY31M6CPW,12,0,http://www.wikidata.org/entity/Q385023
7DZZZTH7167W,1,0,http://www.wikidata.org/entity/Q955703
7DZZZTH7167W,2,0,http://www.wikidata.org/entity/Q1521087
7DZZZTH7167W,3,0,http://www.wikidata.org/entity/Q1486932
7DZZZTH7167W,4,0,http://www.wikidata.org/entity/Q491527
7DZZZTH7167W,5,0,http://www.wikidata.org/entity/Q647838
7DZZZTH7167W,6,0,http://www.wikidata.org/entity/Q371664
7DZZZTH7167W,7,0,http://www.wikidata.org/entity/Q1521093
7DZZZTH7167W,8,0,http://www.wikidata.org/entity/Q520394
7DZZZTH7167W,9,0,http://www.wikidata.org/entity/Q1535941
7DZZZTH7167W,10,0,http://www.wikidata.org/entity/Q1819965
7DZZZTH7167W,11,0,http://www.wikidata.org/entity/Q1026256
7DZZZTH7167W,12,0,http://www.wikidata.org/entity/Q224511
7DZZZTH7167W,13,0,http://www.wikidata.org/entity/Q1819415
7DZZZTH7167W,14,0,http://www.wikidata.org/entity/Q1521128
7DZZZTH7167W,15,0,http://www.wikidata.org/entity/Q174806
7DZZZTH7167W,16,0,http://www.wikidata.org/entity/Q917595
5KOKAXGDMWBB,1,0,http://www.wikidata.org/entity/Q103301313
5KOKAXGDMWBB,2,0,http://www.wikidata.org/entity/Q103299779
5KOKAXGDMWBB,3,0,http://www.wikidata.org/entity/Q20012264
5KOKAXGDMWBB,4,0,http://www.wikidata.org/entity/Q19405388
5KOKAXGDMWBB,5,0,http://www.wikidata.org/entity/Q19280188
5KOKAXGDMWBB,6,0,http://www.wikidata.org/entity/Q19204452
5KOKAXGDMWBB,7,0,http://www.wikidata.org/entity/Q17008494
5L10X2B3FMOF,1,0,http://www.wikidata.org/entity/Q17279470
5L10X2B3FMOF,2,0,http://www.wikidata.org/entity/Q16743542
5L10X2B3FMOF,3,0,http://www.wikidata.org/entity/Q7034896
VC2JH3AXMGZ9,1,0,http://www.wikidata.org/entity/Q255750
VC2JH3AXMGZ9,2,0,http://www.wikidata.org/entity/Q1827316
VC2JH3AXMGZ9,3,0,http://www.wikidata.org/entity/Q2223863
VC2JH3AXMGZ9,4,0,http://www.wikidata.org/entity/Q2930202
VC2JH3AXMGZ9,5,0,http://www.wikidata.org/entity/Q5175341
VC2JH3AXMGZ9,6,0,http://www.wikidata.org/entity/Q1544390
VC2JH3AXMGZ9,7,0,http://www.wikidata.org/entity/Q578750
VC2JH3AXMGZ9,8,0,http://www.wikidata.org/entity/Q1926186
VC2JH3AXMGZ9,9,0,http://www.wikidata.org/entity/Q246884
VC2JH3AXMGZ9,10,0,http://www.wikidata.org/entity/Q761259
VC2JH3AXMGZ9,11,0,http://www.wikidata.org/entity/Q1235872
VC2JH3AXMGZ9,12,0,http://www.wikidata.org/entity/Q2290320
VC2JH3AXMGZ9,13,0,http://www.wikidata.org/entity/Q4917427
VC2JH3AXMGZ9,14,0,http://www.wikidata.org/entity/Q2227727
VC2JH3AXMGZ9,15,0,http://www.wikidata.org/entity/Q1816620
VC2JH3AXMGZ9,16,0,http://www.wikidata.org/entity/Q743535
VC2JH3AXMGZ9,17,0,http://www.wikidata.org/entity/Q950810
VC2JH3AXMGZ9,18,0,http://www.wikidata.org/entity/Q2230440
VC2JH3AXMGZ9,19,0,http://www.wikidata.org/entity/Q1926981
VC2JH3AXMGZ9,20,0,http://www.wikidata.org/entity/Q122953
AQXYVXMOKZAY,1,0,http://www.wikidata.org/entity/Q953645
AQXYVXMOKZAY,2,0,http://www.wikidata.org/entity/Q5355915
AQXYVXMOKZAY,3,0,http://www.wikidata.org/entity/Q724182
AQXYVXMOKZAY,4,0,http://www.wikidata.org/entity/Q2569095
AQXYVXMOKZAY,5,0,http://www.wikidata.org/entity/Q1779225
AQXYVXMOKZAY,6,0,http://www.wikidata.org/entity/Q146671
AQXYVXMOKZAY,7,0,http://www.wikidata.org/entity/Q2335225
AQXYVXMOKZAY,8,0,http://www.wikidata.org/entity/Q3264414
AQXYVXMOKZAY,9,0,http://www.wikidata.org/entity/Q2486909
AQXYVXMOKZAY,10,0,http://www.wikidata.org/entity/Q1009298
AQXYVXMOKZAY,11,0,http://www.wikidata.org/entity/Q2054137
AQXYVXMOKZAY,12,0,http://www.wikidata.org/entity/Q785238
WW1KB4N06147,1,0,http://www.wikidata.org/entity/Q679548
WW1KB4N06147,2,0,http://www.wikidata.org/entity/Q664959
APZNQMWSCGQA,1,0,http://www.wikidata.org/entity/Q67393503
APZNQMWSCGQA,2,0,http://www.wikidata.org/entity/Q67387552
D57HD92Z9XUA,1,0,http://www.wikidata.org/entity/Q107078369
D57HD92Z9XUA,2,0,http://www.wikidata.org/entity/Q104536319
D57HD92Z9XUA,3,0,http://www.wikidata.org/entity/Q107077801
D57HD92Z9XUA,4,0,http://www.wikidata.org/entity/Q1544205
D57HD92Z9XUA,5,0,http://www.wikidata.org/entity/Q5598675
D57HD92Z9XUA,6,0,http://www.wikidata.org/entity/Q955207
J4XM7RBCVO3S,1,0,http://www.wikidata.org/entity/Q1757518
J4XM7RBCVO3S,2,0,http://www.wikidata.org/entity/Q2278878
J4XM7RBCVO3S,3,0,http://www.wikidata.org/entity/Q5610850
J4XM7RBCVO3S,4,0,http://www.wikidata.org/entity/Q30093584
J4XM7RBCVO3S,5,0,http://www.wikidata.org/entity/Q521994
J4XM7RBCVO3S,6,0,http://www.wikidata.org/entity/Q1044698
J4XM7RBCVO3S,7,0,http://www.wikidata.org/entity/Q26267980
J4XM7RBCVO3S,8,0,http://www.wikidata.org/entity/Q26268034
J4XM7RBCVO3S,9,0,http://www.wikidata.org/entity/Q1931844
WH0EVHTAHAWV,1,0,http://www.wikidata.org/entity/Q18888184
WH0EVHTAHAWV,2,0,http://www.wikidata.org/entity/Q18888183
WH0EVHTAHAWV,3,0,http://www.wikidata.org/entity/Q18888179
WH0EVHTAHAWV,4,0,http://www.wikidata.org/entity/Q18888173
WH0EVHTAHAWV,5,0,http://www.wikidata.org/entity/Q18888168
WH0EVHTAHAWV,6,0,http://www.wikidata.org/entity/Q18888162
WH0EVHTAHAWV,7,0,http://www.wikidata.org/entity/Q18888157
WH0EVHTAHAWV,8,0,http://www.wikidata.org/entity/Q18888151
WH0EVHTAHAWV,9,0,http://www.wikidata.org/entity/Q18888146
WH0EVHTAHAWV,10,0,http://www.wikidata.org/entity/Q18888136
WH0EVHTAHAWV,11,0,http://www.wikidata.org/entity/Q18888130
WH0EVHTAHAWV,12,0,http://www.wikidata.org/entity/Q18888125
WH0EVHTAHAWV,13,0,http://www.wikidata.org/entity/Q18888119
WH0EVHTAHAWV,14,0,http://www.wikidata.org/entity/Q18888113
WH0EVHTAHAWV,15,0,http://www.wikidata.org/entity/Q18888104
WH0EVHTAHAWV,16,0,http://www.wikidata.org/entity/Q18888099
WH0EVHTAHAWV,17,0,http://www.wikidata.org/entity/Q18888094
WH0EVHTAHAWV,18,0,http://www.wikidata.org/entity/Q18888089
WH0EVHTAHAWV,19,0,http://www.wikidata.org/entity/Q18888085
WH0EVHTAHAWV,20,0,http://www.wikidata.org/entity/Q18888081
8UJ687AVO35U,1,0,http://www.wikidata.org/entity/Q89329090
8UJ687AVO35U,2,0,http://www.wikidata.org/entity/Q86970766
8UJ687AVO35U,3,0,http://www.wikidata.org/entity/Q80126257
8UJ687AVO35U,4,0,http://www.wikidata.org/entity/Q66631032
8UJ687AVO35U,5,0,http://www.wikidata.org/entity/Q90863522
8UJ687AVO35U,6,0,http://www.wikidata.org/entity/Q80467669
8UJ687AVO35U,7,0,http://www.wikidata.org/entity/Q92382662
8UJ687AVO35U,8,0,http://www.wikidata.org/entity/Q80459335
8UJ687AVO35U,9,0,http://www.wikidata.org/entity/Q86123442
8UJ687AVO35U,10,0,http://www.wikidata.org/entity/Q94804595
8UJ687AVO35U,11,0,http://www.wikidata.org/entity/Q66531917
8UJ687AVO35U,12,0,http://www.wikidata.org/entity/Q88075066
8UJ687AVO35U,13,0,http://www.wikidata.org/entity/Q81976247
8UJ687AVO35U,14,0,http://www.wikidata.org/entity/Q80611656
8UJ687AVO35U,15,0,http://www.wikidata.org/entity/Q76077674
8UJ687AVO35U,16,0,http://www.wikidata.org/entity/Q81972422
8UJ687AVO35U,17,0,http://www.wikidata.org/entity/Q76098543
8UJ687AVO35U,18,0,http://www.wikidata.org/entity/Q86704929
8UJ687AVO35U,19,0,http://www.wikidata.org/entity/Q80466678
8UJ687AVO35U,20,0,http://www.wikidata.org/entity/Q80463853
8UJ687AVO35U,21,0,http://www.wikidata.org/entity/Q83614399
8UJ687AVO35U,22,0,http://www.wikidata.org/entity/Q3597404
8UJ687AVO35U,23,0,http://www.wikidata.org/entity/Q80462396
NJKKOND6BQZ9,1,0,http://www.wikidata.org/entity/Q12070004
NJKKOND6BQZ9,2,0,http://www.wikidata.org/entity/Q6753675
NJKKOND6BQZ9,3,0,http://www.wikidata.org/entity/Q4641676
NJKKOND6BQZ9,4,0,http://www.wikidata.org/entity/Q3781466
KKL1D27YTKAP,1,0,http://www.wikidata.org/entity/Q15432
KKL1D27YTKAP,2,0,http://www.wikidata.org/entity/Q2299164
KKL1D27YTKAP,3,0,http://www.wikidata.org/entity/Q6007135
KKL1D27YTKAP,4,0,http://www.wikidata.org/entity/Q2125592
KKL1D27YTKAP,5,0,http://www.wikidata.org/entity/Q1356112
OJK69DR7Z5XB,1,0,http://www.wikidata.org/entity/Q4042868
OJK69DR7Z5XB,2,0,http://www.wikidata.org/entity/Q269300
OJK69DR7Z5XB,3,0,http://www.wikidata.org/entity/Q1970600
OJK69DR7Z5XB,4,0,http://www.wikidata.org/entity/Q188413
OJK69DR7Z5XB,5,0,http://www.wikidata.org/entity/Q121505421
OJK69DR7Z5XB,6,0,http://www.wikidata.org/entity/Q6259258
OJK69DR7Z5XB,7,0,http://www.wikidata.org/entity/Q108839367
OJK69DR7Z5XB,8,0,http://www.wikidata.org/entity/Q31072188
OJK69DR7Z5XB,9,0,http://www.wikidata.org/entity/Q100376453
OJK69DR7Z5XB,10,0,http://www.wikidata.org/entity/Q4453395
OJK69DR7Z5XB,11,0,http://www.wikidata.org/entity/Q96726415
OJK69DR7Z5XB,12,0,http://www.wikidata.org/entity/Q5351658
OJK69DR7Z5XB,13,0,http://www.wikidata.org/entity/Q16639816
OJK69DR7Z5XB,14,0,http://www.wikidata.org/entity/Q24633343
F17VB7NSR9OA,1,0,http://www.wikidata.org/entity/Q350001
F17VB7NSR9OA,2,0,http://www.wikidata.org/entity/Q342803
F17VB7NSR9OA,3,0,http://www.wikidata.org/entity/Q342428
F17VB7NSR9OA,4,0,http://www.wikidata.org/entity/Q342043
F17VB7NSR9OA,5,0,http://www.wikidata.org/entity/Q335017
9YN7NSQOZCEE,1,0,http://www.wikidata.org/entity/Q103821050
9YN7NSQOZCEE,2,0,http://www.wikidata.org/entity/Q2653017
9YN7NSQOZCEE,3,0,http://www.wikidata.org/entity/Q2631924
9YN7NSQOZCEE,4,0,http://www.wikidata.org/entity/Q102428285
9YN7NSQOZCEE,5,0,http://www.wikidata.org/entity/Q103859410
9YN7NSQOZCEE,6,0,http://www.wikidata.org/entity/Q2634134
9YN7NSQOZCEE,7,0,http://www.wikidata.org/entity/Q103861036
9YN7NSQOZCEE,8,0,http://www.wikidata.org/entity/Q2220735
9YN7NSQOZCEE,9,0,http://www.wikidata.org/entity/Q103824042
VHBED2FMJUTY,1,0,http://www.wikidata.org/entity/Q78361034
VHBED2FMJUTY,2,0,http://www.wikidata.org/entity/Q80617414
VHBED2FMJUTY,3,0,http://www.wikidata.org/entity/Q80614763
VHBED2FMJUTY,4,0,http://www.wikidata.org/entity/Q80616802
VHBED2FMJUTY,5,0,http://www.wikidata.org/entity/Q80619419
VHBED2FMJUTY,6,0,http://www.wikidata.org/entity/Q80617495
VHBED2FMJUTY,7,0,http://www.wikidata.org/entity/Q80614911
VHBED2FMJUTY,8,0,http://www.wikidata.org/entity/Q80615126
VHBED2FMJUTY,9,0,http://www.wikidata.org/entity/Q80614949
VHBED2FMJUTY,10,0,http://www.wikidata.org/entity/Q80617534
VHBED2FMJUTY,11,0,http://www.wikidata.org/entity/Q80616619
VHBED2FMJUTY,12,0,http://www.wikidata.org/entity/Q80619364
VHBED2FMJUTY,13,0,http://www.wikidata.org/entity/Q78753924
VHBED2FMJUTY,14,0,http://www.wikidata.org/entity/Q80400452
VHBED2FMJUTY,15,0,http://www.wikidata.org/entity/Q80615157
VHBED2FMJUTY,16,0,http://www.wikidata.org/entity/Q80615102
VHBED2FMJUTY,17,0,http://www.wikidata.org/entity/Q78366574
VHBED2FMJUTY,18,0,http://www.wikidata.org/entity/Q80617523
VHBED2FMJUTY,19,0,http://www.wikidata.org/entity/Q80616932
VHBED2FMJUTY,20,0,http://www.wikidata.org/entity/Q80616792
VHBED2FMJUTY,21,0,http://www.wikidata.org/entity/Q80616742
VHBED2FMJUTY,22,0,http://www.wikidata.org/entity/Q80616778
2P4D9QN81GK8,1,0,http://www.wikidata.org/entity/Q20063807
2P4D9QN81GK8,2,0,http://www.wikidata.org/entity/Q3792815
2P4D9QN81GK8,3,0,http://www.wikidata.org/entity/Q10852481
2P4D9QN81GK8,4,0,http://www.wikidata.org/entity/Q1194312
2P4D9QN81GK8,5,0,http://www.wikidata.org/entity/Q1462910
2P4D9QN81GK8,6,0,http://www.wikidata.org/entity/Q3679558
2P4D9QN81GK8,7,0,http://www.wikidata.org/entity/Q2062612
2P4D9QN81GK8,8,0,http://www.wikidata.org/entity/Q611047
2P4D9QN81GK8,9,0,http://www.wikidata.org/entity/Q6023822
2P4D9QN81GK8,10,0,http://www.wikidata.org/entity/Q643854
2P4D9QN81GK8,11,0,http://www.wikidata.org/entity/Q5551294
2P4D9QN81GK8,12,0,http://www.wikidata.org/entity/Q2366375
2P4D9QN81GK8,13,0,http://www.wikidata.org/entity/Q310512
2P4D9QN81GK8,14,0,http://www.wikidata.org/entity/Q2993149
2P4D9QN81GK8,15,0,http://www.wikidata.org/entity/Q2976023
2P4D9QN81GK8,16,0,http://www.wikidata.org/entity/Q2149669
2P4D9QN81GK8,17,0,http://www.wikidata.org/entity/Q2257275
2P4D9QN81GK8,18,0,http://www.wikidata.org/entity/Q18469341
2P4D9QN81GK8,19,0,http://www.wikidata.org/entity/Q2994502
IDJFN1LWK9PJ,1,0,http://www.wikidata.org/entity/Q89867036
IDJFN1LWK9PJ,2,0,http://www.wikidata.org/entity/Q89861069
IDJFN1LWK9PJ,3,0,http://www.wikidata.org/entity/Q89861030
IDJFN1LWK9PJ,4,0,http://www.wikidata.org/entity/Q89860841
IDJFN1LWK9PJ,5,0,http://www.wikidata.org/entity/Q89860819
IDJFN1LWK9PJ,6,0,http://www.wikidata.org/entity/Q89860772
IDJFN1LWK9PJ,7,0,http://www.wikidata.org/entity/Q89860682
IDJFN1LWK9PJ,8,0,http://www.wikidata.org/entity/Q89860657
IDJFN1LWK9PJ,9,0,http://www.wikidata.org/entity/Q89860615
IDJFN1LWK9PJ,10,0,http://www.wikidata.org/entity/Q89860601
IDJFN1LWK9PJ,11,0,http://www.wikidata.org/entity/Q89860587
IDJFN1LWK9PJ,12,0,http://www.wikidata.org/entity/Q89821417
IDJFN1LWK9PJ,13,0,http://www.wikidata.org/entity/Q89821178
IDJFN1LWK9PJ,14,0,http://www.wikidata.org/entity/Q89747200
IDJFN1LWK9PJ,15,0,http://www.wikidata.org/entity/Q89720305
IDJFN1LWK9PJ,16,0,http://www.wikidata.org/entity/Q89719416
IDJFN1LWK9PJ,17,0,http://www.wikidata.org/entity/Q89704674
IDJFN1LWK9PJ,18,0,http://www.wikidata.org/entity/Q89694200
IDJFN1LWK9PJ,19,0,http://www.wikidata.org/entity/Q89668468
IDJFN1LWK9PJ,20,0,http://www.wikidata.org/entity/Q89658796
IDJFN1LWK9PJ,21,0,http://www.wikidata.org/entity/Q89654433
IDJFN1LWK9PJ,22,0,http://www.wikidata.org/entity/Q89642675
IDJFN1LWK9PJ,23,0,http://www.wikidata.org/entity/Q89638637
IDJFN1LWK9PJ,24,0,http://www.wikidata.org/entity/Q89627131
CC5WXY7TMGFS,1,0,http://www.wikidata.org/entity/Q66531935
CC5WXY7TMGFS,2,0,http://www.wikidata.org/entity/Q74757700
7EYANYTGLR2C,1,0,http://www.wikidata.org/entity/Q94543371
7EYANYTGLR2C,2,0,http://www.wikidata.org/entity/Q87737757
5IDS0U7OZLRE,1,0,http://www.wikidata.org/entity/Q2139177
5IDS0U7OZLRE,2,0,http://www.wikidata.org/entity/Q56761271
5IDS0U7OZLRE,3,0,http://www.wikidata.org/entity/Q1698790
5IDS0U7OZLRE,4,0,http://www.wikidata.org/entity/Q2586142
5IDS0U7OZLRE,5,0,http://www.wikidata.org/entity/Q51735998
5IDS0U7OZLRE,6,0,http://www.wikidata.org/entity/Q1733753
5IDS0U7OZLRE,7,0,http://www.wikidata.org/entity/Q1987865
5IDS0U7OZLRE,8,0,http://www.wikidata.org/entity/Q21614427
5IDS0U7OZLRE,9,0,http://www.wikidata.org/entity/Q2031100
5IDS0U7OZLRE,10,0,http://www.wikidata.org/entity/Q32147729
5IDS0U7OZLRE,11,0,http://www.wikidata.org/entity/Q17124969
5IDS0U7OZLRE,12,0,http://www.wikidata.org/entity/Q61178082
5IDS0U7OZLRE,13,0,http://www.wikidata.org/entity/Q2583545
5IDS0U7OZLRE,14,0,http://www.wikidata.org/entity/Q1679548
5IDS0U7OZLRE,15,0,http://www.wikidata.org/entity/Q1515892
5IDS0U7OZLRE,16,0,http://www.wikidata.org/entity/Q13139338
5IDS0U7OZLRE,17,0,http://www.wikidata.org/entity/Q316754
5IDS0U7OZLRE,18,0,http://www.wikidata.org/entity/Q2403591
5IDS0U7OZLRE,19,0,http://www.wikidata.org/entity/Q1166735
5IDS0U7OZLRE,20,0,http://www.wikidata.org/entity/Q2349166
5IDS0U7OZLRE,21,0,http://www.wikidata.org/entity/Q32016026
5IDS0U7OZLRE,22,0,http://www.wikidata.org/entity/Q2585080
5IDS0U7OZLRE,23,0,http://www.wikidata.org/entity/Q1519405
5IDS0U7OZLRE,24,0,http://www.wikidata.org/entity/Q20586606
7QJAUTA5RZ77,1,0,http://www.wikidata.org/entity/Q1318702
7QJAUTA5RZ77,2,0,http://www.wikidata.org/entity/Q1018882
O9AGSDUU6PKO,1,0,http://www.wikidata.org/entity/Q7003
O9AGSDUU6PKO,2,0,http://www.wikidata.org/entity/Q6730
O9AGSDUU6PKO,3,0,http://www.wikidata.org/entity/Q6602
O9AGSDUU6PKO,4,0,http://www.wikidata.org/entity/Q6537
O9AGSDUU6PKO,5,0,http://www.wikidata.org/entity/Q6441
O9AGSDUU6PKO,6,0,http://www.wikidata.org/entity/Q5088
O9AGSDUU6PKO,7,0,http://www.wikidata.org/entity/Q15470
O9AGSDUU6PKO,8,0,http://www.wikidata.org/entity/Q15468
O9AGSDUU6PKO,9,0,http://www.wikidata.org/entity/Q14773
O9AGSDUU6PKO,10,0,http://www.wikidata.org/entity/Q12258
O9AGSDUU6PKO,11,0,http://www.wikidata.org/entity/Q12193
4ZQVBVQ6FO9J,1,0,http://www.wikidata.org/entity/Q241037
4ZQVBVQ6FO9J,2,0,http://www.wikidata.org/entity/Q18383
4ZQVBVQ6FO9J,3,0,http://www.wikidata.org/entity/Q1555
4ZQVBVQ6FO9J,4,0,http://www.wikidata.org/entity/Q72536
4ZQVBVQ6FO9J,5,0,http://www.wikidata.org/entity/Q985579
4ZQVBVQ6FO9J,6,0,http://www.wikidata.org/entity/Q1922275
4ZQVBVQ6FO9J,7,0,http://www.wikidata.org/entity/Q271333
4ZQVBVQ6FO9J,8,0,http://www.wikidata.org/entity/Q170287
4ZQVBVQ6FO9J,9,0,http://www.wikidata.org/entity/Q44211
4ZQVBVQ6FO9J,10,0,http://www.wikidata.org/entity/Q200054
4ZQVBVQ6FO9J,11,0,http://www.wikidata.org/entity/Q64
4ZQVBVQ6FO9J,12,0,http://www.wikidata.org/entity/Q200028
4ZQVBVQ6FO9J,13,0,http://www.wikidata.org/entity/Q133116
4ZQVBVQ6FO9J,14,0,http://www.wikidata.org/entity/Q1708439
4ZQVBVQ6FO9J,15,0,http://www.wikidata.org/entity/Q23443
4ZQVBVQ6FO9J,16,0,http://www.wikidata.org/entity/Q52535
4ZQVBVQ6FO9J,17,0,http://www.wikidata.org/entity/Q743601
3CG8NVKGIDZZ,1,0,http://www.wikidata.org/entity/Q63040001
3CG8NVKGIDZZ,2,0,http://www.wikidata.org/entity/Q58317097
3CG8NVKGIDZZ,3,0,http://www.wikidata.org/entity/Q124839192
3CG8NVKGIDZZ,4,0,http://www.wikidata.org/entity/Q124833811
3CG8NVKGIDZZ,5,0,http://www.wikidata.org/entity/Q123587393
3CG8NVKGIDZZ,6,0,http://www.wikidata.org/entity/Q123568756
3CG8NVKGIDZZ,7,0,http://www.wikidata.org/entity/Q123542939
3CG8NVKGIDZZ,8,0,http://www.wikidata.org/entity/Q123410299
3CG8NVKGIDZZ,9,0,http://www.wikidata.org/entity/Q121561094
3CG8NVKGIDZZ,10,0,http://www.wikidata.org/entity/Q115663366
3CG8NVKGIDZZ,11,0,http://www.wikidata.org/entity/Q115663327
3CG8NVKGIDZZ,12,0,http://www.wikidata.org/entity/Q115489768
3CG8NVKGIDZZ,13,0,http://www.wikidata.org/entity/Q115489764
3CG8NVKGIDZZ,14,0,http://www.wikidata.org/entity/Q115489759
3CG8NVKGIDZZ,15,0,http://www.wikidata.org/entity/Q115486520
3CG8NVKGIDZZ,16,0,http://www.wikidata.org/entity/Q63228403
3CG8NVKGIDZZ,17,0,http://www.wikidata.org/entity/Q62747395
3CG8NVKGIDZZ,18,0,http://www.wikidata.org/entity/Q62707823
3CG8NVKGIDZZ,19,0,http://www.wikidata.org/entity/Q61750188
3CG8NVKGIDZZ,20,0,http://www.wikidata.org/entity/Q56012236
3CG8NVKGIDZZ,21,0,http://www.wikidata.org/entity/Q25204271
3CG8NVKGIDZZ,22,0,http://www.wikidata.org/entity/Q5961087
LW2CE426CE81,1,0,http://www.wikidata.org/entity/Q80053
LW2CE426CE81,2,0,http://www.wikidata.org/entity/Q1963
LW2CE426CE81,3,0,http://www.wikidata.org/entity/Q171617
LW2CE426CE81,4,0,http://www.wikidata.org/entity/Q9248
LW2CE426CE81,5,0,http://www.wikidata.org/entity/Q58210
LW2CE426CE81,6,0,http://www.wikidata.org/entity/Q23438
LW2CE426CE81,7,0,http://www.wikidata.org/entity/Q360584
LW2CE426CE81,8,0,http://www.wikidata.org/entity/Q3838
LW2CE426CE81,9,0,http://www.wikidata.org/entity/Q1538
HD6O3C5KQ4C6,1,0,http://www.wikidata.org/entity/Q5210142
HD6O3C5KQ4C6,2,0,http://www.wikidata.org/entity/Q5097501
HD6O3C5KQ4C6,3,0,http://www.wikidata.org/entity/Q5095348
HD6O3C5KQ4C6,4,0,http://www.wikidata.org/entity/Q5073921
HD6O3C5KQ4C6,5,0,http://www.wikidata.org/entity/Q5070843
XD9B1OG1XICT,1,0,http://www.wikidata.org/entity/Q2466495
XD9B1OG1XICT,2,0,http://www.wikidata.org/entity/Q2448802
XD9B1OG1XICT,3,0,http://www.wikidata.org/entity/Q1990386
XD9B1OG1XICT,4,0,http://www.wikidata.org/entity/Q1990533
46JCOXE09W73,1,0,http://www.wikidata.org/entity/Q4443558
46JCOXE09W73,2,0,http://www.wikidata.org/entity/Q501796
46JCOXE09W73,3,0,http://www.wikidata.org/entity/Q18409688
46JCOXE09W73,4,0,http://www.wikidata.org/entity/Q18801707
46JCOXE09W73,5,0,http://www.wikidata.org/entity/Q648810
46JCOXE09W73,6,0,http://www.wikidata.org/entity/Q4374552
46JCOXE09W73,7,0,http://www.wikidata.org/entity/Q7057
46JCOXE09W73,8,0,http://www.wikidata.org/entity/Q2023902
46JCOXE09W73,9,0,http://www.wikidata.org/entity/Q19690934
46JCOXE09W73,10,0,http://www.wikidata.org/entity/Q18794256
46JCOXE09W73,11,0,http://www.wikidata.org/entity/Q16022624
46JCOXE09W73,12,0,http://www.wikidata.org/entity/Q7942378
46JCOXE09W73,13,0,http://www.wikidata.org/entity/Q2578541
46JCOXE09W73,14,0,http://www.wikidata.org/entity/Q4169559
46JCOXE09W73,15,0,http://www.wikidata.org/entity/Q20177529
46JCOXE09W73,16,0,http://www.wikidata.org/entity/Q558530
46JCOXE09W73,17,0,http://www.wikidata.org/entity/Q4374555
46JCOXE09W73,18,0,http://www.wikidata.org/entity/Q18772469
46JCOXE09W73,19,0,http://www.wikidata.org/entity/Q990422
46JCOXE09W73,20,0,http://www.wikidata.org/entity/Q18405096
46JCOXE09W73,21,0,http://www.wikidata.org/entity/Q21334739
LGM16BGTNIYQ,1,0,http://www.wikidata.org/entity/Q332730
LGM16BGTNIYQ,2,0,http://www.wikidata.org/entity/Q322986
3711RN6C4DXX,1,0,http://www.wikidata.org/entity/Q2839370
3711RN6C4DXX,2,0,http://www.wikidata.org/entity/Q3889983
3711RN6C4DXX,3,0,http://www.wikidata.org/entity/Q6957299
3711RN6C4DXX,4,0,http://www.wikidata.org/entity/Q3845905
JZAL9PCCI2ZM,1,0,http://www.wikidata.org/entity/Q10394922
JZAL9PCCI2ZM,2,0,http://www.wikidata.org/entity/Q2606327
JZAL9PCCI2ZM,3,0,http://www.wikidata.org/entity/Q3893888
JZAL9PCCI2ZM,4,0,http://www.wikidata.org/entity/Q1952939
JZAL9PCCI2ZM,5,0,http://www.wikidata.org/entity/Q796311
JZAL9PCCI2ZM,6,0,http://www.wikidata.org/entity/Q776539
JZAL9PCCI2ZM,7,0,http://www.wikidata.org/entity/Q1430907
JZAL9PCCI2ZM,8,0,http://www.wikidata.org/entity/Q1575011
JZAL9PCCI2ZM,9,0,http://www.wikidata.org/entity/Q3844567
JZAL9PCCI2ZM,10,0,http://www.wikidata.org/entity/Q3844502
JZAL9PCCI2ZM,11,0,http://www.wikidata.org/entity/Q15715203
JZAL9PCCI2ZM,12,0,http://www.wikidata.org/entity/Q2651928
JZAL9PCCI2ZM,13,0,http://www.wikidata.org/entity/Q1962816
JZAL9PCCI2ZM,14,0,http://www.wikidata.org/entity/Q3845537
JZAL9PCCI2ZM,15,0,http://www.wikidata.org/entity/Q2475111
JZAL9PCCI2ZM,16,0,http://www.wikidata.org/entity/Q27798313
JZAL9PCCI2ZM,17,0,http://www.wikidata.org/entity/Q3888656
JZAL9PCCI2ZM,18,0,http://www.wikidata.org/entity/Q3845599
JZAL9PCCI2ZM,19,0,http://www.wikidata.org/entity/Q3174453
JZAL9PCCI2ZM,20,0,http://www.wikidata.org/entity/Q3311798
0UCWOWZH36GK,1,0,http://www.wikidata.org/entity/Q1132165
0UCWOWZH36GK,2,0,http://www.wikidata.org/entity/Q4099883
0UCWOWZH36GK,3,0,http://www.wikidata.org/entity/Q2465188
0UCWOWZH36GK,4,0,http://www.wikidata.org/entity/Q248496
0UCWOWZH36GK,5,0,http://www.wikidata.org/entity/Q4073408
0UCWOWZH36GK,6,0,http://www.wikidata.org/entity/Q4171611
0UCWOWZH36GK,7,0,http://www.wikidata.org/entity/Q4211921
0UCWOWZH36GK,8,0,http://www.wikidata.org/entity/Q1092884
0UCWOWZH36GK,9,0,http://www.wikidata.org/entity/Q4513270
0UCWOWZH36GK,10,0,http://www.wikidata.org/entity/Q1530753
0UCWOWZH36GK,11,0,http://www.wikidata.org/entity/Q2580606
0UCWOWZH36GK,12,0,http://www.wikidata.org/entity/Q4328140
0UCWOWZH36GK,13,0,http://www.wikidata.org/entity/Q2619479
0UCWOWZH36GK,14,0,http://www.wikidata.org/entity/Q1499030
0UCWOWZH36GK,15,0,http://www.wikidata.org/entity/Q85366
0UCWOWZH36GK,16,0,http://www.wikidata.org/entity/Q4080866
4D3BROY4DAL8,1,0,http://www.wikidata.org/entity/Q104834918
4D3BROY4DAL8,2,0,http://www.wikidata.org/entity/Q97327188
Z4WL8DVQD5EY,1,0,http://www.wikidata.org/entity/Q9821
Z4WL8DVQD5EY,2,0,http://www.wikidata.org/entity/Q2224161
Z4WL8DVQD5EY,3,0,http://www.wikidata.org/entity/Q106328084
NWYYODNT0FU1,1,0,http://www.wikidata.org/entity/Q25939398
NWYYODNT0FU1,2,0,http://www.wikidata.org/entity/Q117078074
NWYYODNT0FU1,3,0,http://www.wikidata.org/entity/Q117009095
NWYYODNT0FU1,4,0,http://www.wikidata.org/entity/Q117011748
LCMD12QRZS05,1,0,http://www.wikidata.org/entity/Q111274472
LCMD12QRZS05,2,0,http://www.wikidata.org/entity/Q111274473
LCMD12QRZS05,3,0,http://www.wikidata.org/entity/Q111274474
LCMD12QRZS05,4,0,http://www.wikidata.org/entity/Q111274475
LCMD12QRZS05,5,0,http://www.wikidata.org/entity/Q111274480
LCMD12QRZS05,6,0,http://www.wikidata.org/entity/Q111274576
LCMD12QRZS05,7,0,http://www.wikidata.org/entity/Q111274577
LCMD12QRZS05,8,0,http://www.wikidata.org/entity/Q111274579
LCMD12QRZS05,9,0,http://www.wikidata.org/entity/Q111273570
LCMD12QRZS05,10,0,http://www.wikidata.org/entity/Q111273571
QY37J1ZL466O,1,0,http://www.wikidata.org/entity/Q4597650
QY37J1ZL466O,2,0,http://www.wikidata.org/entity/Q751252
QY37J1ZL466O,3,0,http://www.wikidata.org/entity/Q13720
QY37J1ZL466O,4,0,http://www.wikidata.org/entity/Q1168908
QY37J1ZL466O,5,0,http://www.wikidata.org/entity/Q506178
QY37J1ZL466O,6,0,http://www.wikidata.org/entity/Q14914799
QY37J1ZL466O,7,0,http://www.wikidata.org/entity/Q4272618
QY37J1ZL466O,8,0,http://www.wikidata.org/entity/Q2091184
QY37J1ZL466O,9,0,http://www.wikidata.org/entity/Q749234
QY37J1ZL466O,10,0,http://www.wikidata.org/entity/Q66100123
OMZIAUXA40VW,1,0,http://www.wikidata.org/entity/Q21031622
OMZIAUXA40VW,2,0,http://www.wikidata.org/entity/Q24066621
OMZIAUXA40VW,3,0,http://www.wikidata.org/entity/Q24066655
OMZIAUXA40VW,4,0,http://www.wikidata.org/entity/Q24066658
OMZIAUXA40VW,5,0,http://www.wikidata.org/entity/Q25909249
OMZIAUXA40VW,6,0,http://www.wikidata.org/entity/Q1107469
OMZIAUXA40VW,7,0,http://www.wikidata.org/entity/Q24066656
OMZIAUXA40VW,8,0,http://www.wikidata.org/entity/Q21039320
OMZIAUXA40VW,9,0,http://www.wikidata.org/entity/Q21039275
7K5BZ0ZA813G,1,0,http://www.wikidata.org/entity/Q61668467
7K5BZ0ZA813G,2,0,http://www.wikidata.org/entity/Q2265970
7K5BZ0ZA813G,3,0,http://www.wikidata.org/entity/Q61668776
FCDZR4ZT8Y3N,1,0,http://www.wikidata.org/entity/Q904130
FCDZR4ZT8Y3N,2,0,http://www.wikidata.org/entity/Q1353997
FCDZR4ZT8Y3N,3,0,http://www.wikidata.org/entity/Q1631352
FCDZR4ZT8Y3N,4,0,http://www.wikidata.org/entity/Q917876
FCDZR4ZT8Y3N,5,0,http://www.wikidata.org/entity/Q1645000
FCDZR4ZT8Y3N,6,0,http://www.wikidata.org/entity/Q636874
FCDZR4ZT8Y3N,7,0,http://www.wikidata.org/entity/Q1113450
FCDZR4ZT8Y3N,8,0,http://www.wikidata.org/entity/Q1607634
FCDZR4ZT8Y3N,9,0,http://www.wikidata.org/entity/Q1627616
FCDZR4ZT8Y3N,10,0,http://www.wikidata.org/entity/Q1453218
FCDZR4ZT8Y3N,11,0,http://www.wikidata.org/entity/Q917185
FCDZR4ZT8Y3N,12,0,http://www.wikidata.org/entity/Q1631280
FCDZR4ZT8Y3N,13,0,http://www.wikidata.org/entity/Q12411
FCDZR4ZT8Y3N,14,0,http://www.wikidata.org/entity/Q431456
FCDZR4ZT8Y3N,15,0,http://www.wikidata.org/entity/Q1619456
FCDZR4ZT8Y3N,16,0,http://www.wikidata.org/entity/Q835911
FCDZR4ZT8Y3N,17,0,http://www.wikidata.org/entity/Q1627591
FCDZR4ZT8Y3N,18,0,http://www.wikidata.org/entity/Q748867
FCDZR4ZT8Y3N,19,0,http://www.wikidata.org/entity/Q1627583
FCDZR4ZT8Y3N,20,0,http://www.wikidata.org/entity/Q1643617
FCDZR4ZT8Y3N,21,0,http://www.wikidata.org/entity/Q8745
FCDZR4ZT8Y3N,22,0,http://www.wikidata.org/entity/Q1633465
FCDZR4ZT8Y3N,23,0,http://www.wikidata.org/entity/Q1628188
FCDZR4ZT8Y3N,24,0,http://www.wikidata.org/entity/Q1644565
FCDZR4ZT8Y3N,25,0,http://www.wikidata.org/entity/Q1628179
Y6K5BIEXJPZR,1,0,http://www.wikidata.org/entity/Q40680
Y6K5BIEXJPZR,2,0,http://www.wikidata.org/entity/Q31828
D546L5TIUF6O,1,0,http://www.wikidata.org/entity/Q18844983
D546L5TIUF6O,2,0,http://www.wikidata.org/entity/Q18880271
D546L5TIUF6O,3,0,http://www.wikidata.org/entity/Q2793808
D546L5TIUF6O,4,0,http://www.wikidata.org/entity/Q18844990
4QK31HP0IJRI,1,0,http://www.wikidata.org/entity/Q61677760
4QK31HP0IJRI,2,0,http://www.wikidata.org/entity/Q3949481
4QK31HP0IJRI,3,0,http://www.wikidata.org/entity/Q17335406
4QK31HP0IJRI,4,0,http://www.wikidata.org/entity/Q3749237
4QK31HP0IJRI,5,0,http://www.wikidata.org/entity/Q3665222
4QK31HP0IJRI,6,0,http://www.wikidata.org/entity/Q1751701
4QK31HP0IJRI,7,0,http://www.wikidata.org/entity/Q98593056
4QK31HP0IJRI,8,0,http://www.wikidata.org/entity/Q111784083
4QK31HP0IJRI,9,0,http://www.wikidata.org/entity/Q1757718
8AOO6DSHC5XC,1,0,http://www.wikidata.org/entity/Q18888560
8AOO6DSHC5XC,2,0,http://www.wikidata.org/entity/Q18888564
8AOO6DSHC5XC,3,0,http://www.wikidata.org/entity/Q3280563
8AOO6DSHC5XC,4,0,http://www.wikidata.org/entity/Q47457462
8AOO6DSHC5XC,5,0,http://www.wikidata.org/entity/Q18888499
8AOO6DSHC5XC,6,0,http://www.wikidata.org/entity/Q18888583
8AOO6DSHC5XC,7,0,http://www.wikidata.org/entity/Q18888530
0JI02JVRQV3Y,1,0,http://www.wikidata.org/entity/Q18888506
0JI02JVRQV3Y,2,0,http://www.wikidata.org/entity/Q18888585
303AAIMDKXA1,1,0,http://www.wikidata.org/entity/Q47457464
303AAIMDKXA1,2,0,http://www.wikidata.org/entity/Q18888625
303AAIMDKXA1,3,0,http://www.wikidata.org/entity/Q18888706
303AAIMDKXA1,4,0,http://www.wikidata.org/entity/Q18888697
303AAIMDKXA1,5,0,http://www.wikidata.org/entity/Q18888696
303AAIMDKXA1,6,0,http://www.wikidata.org/entity/Q18888651
303AAIMDKXA1,7,0,http://www.wikidata.org/entity/Q18888678
303AAIMDKXA1,8,0,http://www.wikidata.org/entity/Q18888685
303AAIMDKXA1,9,0,http://www.wikidata.org/entity/Q18888700
303AAIMDKXA1,10,0,http://www.wikidata.org/entity/Q18888644
303AAIMDKXA1,11,0,http://www.wikidata.org/entity/Q18888674
303AAIMDKXA1,12,0,http://www.wikidata.org/entity/Q18888643
303AAIMDKXA1,13,0,http://www.wikidata.org/entity/Q18888621
303AAIMDKXA1,14,0,http://www.wikidata.org/entity/Q18888708
303AAIMDKXA1,15,0,http://www.wikidata.org/entity/Q18888616
303AAIMDKXA1,16,0,http://www.wikidata.org/entity/Q18888656
303AAIMDKXA1,17,0,http://www.wikidata.org/entity/Q18888707
303AAIMDKXA1,18,0,http://www.wikidata.org/entity/Q18888604
X7CC44K70N2N,1,0,http://www.wikidata.org/entity/Q440067
X7CC44K70N2N,2,0,http://www.wikidata.org/entity/Q374916
U5PK1YQ1JSV1,1,0,http://www.wikidata.org/entity/Q36725
U5PK1YQ1JSV1,2,0,http://www.wikidata.org/entity/Q36592
2EGZHKIRT9TS,1,0,http://www.wikidata.org/entity/Q752121
2EGZHKIRT9TS,2,0,http://www.wikidata.org/entity/Q86592249
Q5E01H7LY2VW,1,0,http://www.wikidata.org/entity/Q986400
Q5E01H7LY2VW,2,0,http://www.wikidata.org/entity/Q1133688
Q5E01H7LY2VW,3,0,http://www.wikidata.org/entity/Q734284
Q5E01H7LY2VW,4,0,http://www.wikidata.org/entity/Q1401990
Q5E01H7LY2VW,5,0,http://www.wikidata.org/entity/Q985390
Q5E01H7LY2VW,6,0,http://www.wikidata.org/entity/Q939598
Q5E01H7LY2VW,7,0,http://www.wikidata.org/entity/Q985382
Q5E01H7LY2VW,8,0,http://www.wikidata.org/entity/Q776642
Q5E01H7LY2VW,9,0,http://www.wikidata.org/entity/Q16012
Q5E01H7LY2VW,10,0,http://www.wikidata.org/entity/Q2691679
Q5E01H7LY2VW,11,0,http://www.wikidata.org/entity/Q1017400
Q5E01H7LY2VW,12,0,http://www.wikidata.org/entity/Q24454
Q5E01H7LY2VW,13,0,http://www.wikidata.org/entity/Q669155
2W2DLNB5CHM9,1,0,http://www.wikidata.org/entity/Q18882744
2W2DLNB5CHM9,2,0,http://www.wikidata.org/entity/Q18882769
I6I0W694A9MU,1,0,http://www.wikidata.org/entity/Q18881717
I6I0W694A9MU,2,0,http://www.wikidata.org/entity/Q18881704
FA1YGVD10S4C,1,0,http://www.wikidata.org/entity/Q18881719
FA1YGVD10S4C,2,0,http://www.wikidata.org/entity/Q18881711
DNHSDG6RFDLW,1,0,http://www.wikidata.org/entity/Q2215403
DNHSDG6RFDLW,2,0,http://www.wikidata.org/entity/Q1525273
DNHSDG6RFDLW,3,0,http://www.wikidata.org/entity/Q1577001
DNHSDG6RFDLW,4,0,http://www.wikidata.org/entity/Q1526276
DNHSDG6RFDLW,5,0,http://www.wikidata.org/entity/Q932870
DNHSDG6RFDLW,6,0,http://www.wikidata.org/entity/Q1525875
DNHSDG6RFDLW,7,0,http://www.wikidata.org/entity/Q941906
DNHSDG6RFDLW,8,0,http://www.wikidata.org/entity/Q1526212
DNHSDG6RFDLW,9,0,http://www.wikidata.org/entity/Q1654986
DNHSDG6RFDLW,10,0,http://www.wikidata.org/entity/Q1525416
DNHSDG6RFDLW,11,0,http://www.wikidata.org/entity/Q2297415
DNHSDG6RFDLW,12,0,http://www.wikidata.org/entity/Q389099
DNHSDG6RFDLW,13,0,http://www.wikidata.org/entity/Q1525790
DNHSDG6RFDLW,14,0,http://www.wikidata.org/entity/Q1526281
DNHSDG6RFDLW,15,0,http://www.wikidata.org/entity/Q258673
DNHSDG6RFDLW,16,0,http://www.wikidata.org/entity/Q547081
DNHSDG6RFDLW,17,0,http://www.wikidata.org/entity/Q1525506
DNHSDG6RFDLW,18,0,http://www.wikidata.org/entity/Q1574943
DNHSDG6RFDLW,19,0,http://www.wikidata.org/entity/Q927087
DNHSDG6RFDLW,20,0,http://www.wikidata.org/entity/Q515182
DNHSDG6RFDLW,21,0,http://www.wikidata.org/entity/Q1654682
DNHSDG6RFDLW,22,0,http://www.wikidata.org/entity/Q1525820
DNHSDG6RFDLW,23,0,http://www.wikidata.org/entity/Q1655819
DNHSDG6RFDLW,24,0,http://www.wikidata.org/entity/Q1578727
Q3L3FX0M3BCD,1,0,http://www.wikidata.org/entity/Q1108385
Q3L3FX0M3BCD,2,0,http://www.wikidata.org/entity/Q1049787
Q3L3FX0M3BCD,3,0,http://www.wikidata.org/entity/Q1108878
Q3L3FX0M3BCD,4,0,http://www.wikidata.org/entity/Q1111309
Q3L3FX0M3BCD,5,0,http://www.wikidata.org/entity/Q1105449
Q3L3FX0M3BCD,6,0,http://www.wikidata.org/entity/Q3688266
Q3L3FX0M3BCD,7,0,http://www.wikidata.org/entity/Q3711154
Q3L3FX0M3BCD,8,0,http://www.wikidata.org/entity/Q1103945
Q3L3FX0M3BCD,9,0,http://www.wikidata.org/entity/Q1113839
Q3L3FX0M3BCD,10,0,http://www.wikidata.org/entity/Q1114716
Q3L3FX0M3BCD,11,0,http://www.wikidata.org/entity/Q532956
Q3L3FX0M3BCD,12,0,http://www.wikidata.org/entity/Q1124204
Q3L3FX0M3BCD,13,0,http://www.wikidata.org/entity/Q3682529
Q3L3FX0M3BCD,14,0,http://www.wikidata.org/entity/Q1110494
Q3L3FX0M3BCD,15,0,http://www.wikidata.org/entity/Q3712438
Q3L3FX0M3BCD,16,0,http://www.wikidata.org/entity/Q3690147
Q3L3FX0M3BCD,17,0,http://www.wikidata.org/entity/Q1041833
Q3L3FX0M3BCD,18,0,http://www.wikidata.org/entity/Q1050060
Q3L3FX0M3BCD,19,0,http://www.wikidata.org/entity/Q3688756
Q3L3FX0M3BCD,20,0,http://www.wikidata.org/entity/Q1109405
Q3L3FX0M3BCD,21,0,http://www.wikidata.org/entity/Q60236712
Q3L3FX0M3BCD,22,0,http://www.wikidata.org/entity/Q1049709
Q3L3FX0M3BCD,23,0,http://www.wikidata.org/entity/Q3710960
EF1YQ9O4BVD0,1,0,http://www.wikidata.org/entity/Q544415
EF1YQ9O4BVD0,2,0,http://www.wikidata.org/entity/Q1644014
EF1YQ9O4BVD0,3,0,http://www.wikidata.org/entity/Q597403
EF1YQ9O4BVD0,4,0,http://www.wikidata.org/entity/Q2392037
EF1YQ9O4BVD0,5,0,http://www.wikidata.org/entity/Q2393454
EF1YQ9O4BVD0,6,0,http://www.wikidata.org/entity/Q2360971
EF1YQ9O4BVD0,7,0,http://www.wikidata.org/entity/Q274584
EF1YQ9O4BVD0,8,0,http://www.wikidata.org/entity/Q1647003
EF1YQ9O4BVD0,9,0,http://www.wikidata.org/entity/Q992173
EF1YQ9O4BVD0,10,0,http://www.wikidata.org/entity/Q2344760
EF1YQ9O4BVD0,11,0,http://www.wikidata.org/entity/Q2394043
EF1YQ9O4BVD0,12,0,http://www.wikidata.org/entity/Q2201661
EF1YQ9O4BVD0,13,0,http://www.wikidata.org/entity/Q2001506
EF1YQ9O4BVD0,14,0,http://www.wikidata.org/entity/Q2392225
EF1YQ9O4BVD0,15,0,http://www.wikidata.org/entity/Q2392519
EF1YQ9O4BVD0,16,0,http://www.wikidata.org/entity/Q1896807
EF1YQ9O4BVD0,17,0,http://www.wikidata.org/entity/Q568891
TS58QNMEWTZP,1,0,http://www.wikidata.org/entity/Q105060
TS58QNMEWTZP,2,0,http://www.wikidata.org/entity/Q104407
TS58QNMEWTZP,3,0,http://www.wikidata.org/entity/Q51432
TS58QNMEWTZP,4,0,http://www.wikidata.org/entity/Q924132
TS58QNMEWTZP,5,0,http://www.wikidata.org/entity/Q850714
TS58QNMEWTZP,6,0,http://www.wikidata.org/entity/Q809585
TS58QNMEWTZP,7,0,http://www.wikidata.org/entity/Q751094
TS58QNMEWTZP,8,0,http://www.wikidata.org/entity/Q745059
TS58QNMEWTZP,9,0,http://www.wikidata.org/entity/Q740241
TS58QNMEWTZP,10,0,http://www.wikidata.org/entity/Q730944
TS58QNMEWTZP,11,0,http://www.wikidata.org/entity/Q682046
TS58QNMEWTZP,12,0,http://www.wikidata.org/entity/Q658861
TS58QNMEWTZP,13,0,http://www.wikidata.org/entity/Q606126
TS58QNMEWTZP,14,0,http://www.wikidata.org/entity/Q474697
T489VCCXSWCP,1,0,http://www.wikidata.org/entity/Q809585
T489VCCXSWCP,2,0,http://www.wikidata.org/entity/Q231593
PQF4D7K1HBY4,1,0,http://www.wikidata.org/entity/Q13128654
PQF4D7K1HBY4,2,0,http://www.wikidata.org/entity/Q13127117
PQF4D7K1HBY4,3,0,http://www.wikidata.org/entity/Q13126454
PQF4D7K1HBY4,4,0,http://www.wikidata.org/entity/Q12834837
PQF4D7K1HBY4,5,0,http://www.wikidata.org/entity/Q12061339
PQF4D7K1HBY4,6,0,http://www.wikidata.org/entity/Q10989811
PQF4D7K1HBY4,7,0,http://www.wikidata.org/entity/Q10989318
PQF4D7K1HBY4,8,0,http://www.wikidata.org/entity/Q10989171
PQF4D7K1HBY4,9,0,http://www.wikidata.org/entity/Q8059804
PQF4D7K1HBY4,10,0,http://www.wikidata.org/entity/Q8059797
1T84IMQQOUEP,1,0,http://www.wikidata.org/entity/Q23055249
1T84IMQQOUEP,2,0,http://www.wikidata.org/entity/Q2973739
1T84IMQQOUEP,3,0,http://www.wikidata.org/entity/Q2973802
1T84IMQQOUEP,4,0,http://www.wikidata.org/entity/Q2973648
1T84IMQQOUEP,5,0,http://www.wikidata.org/entity/Q1074129
1T84IMQQOUEP,6,0,http://www.wikidata.org/entity/Q2973464
1T84IMQQOUEP,7,0,http://www.wikidata.org/entity/Q2973417
1T84IMQQOUEP,8,0,http://www.wikidata.org/entity/Q2973574
1T84IMQQOUEP,9,0,http://www.wikidata.org/entity/Q2973788
1T84IMQQOUEP,10,0,http://www.wikidata.org/entity/Q5284492
1T84IMQQOUEP,11,0,http://www.wikidata.org/entity/Q2973625
1T84IMQQOUEP,12,0,http://www.wikidata.org/entity/Q5284508
1T84IMQQOUEP,13,0,http://www.wikidata.org/entity/Q5284510
1T84IMQQOUEP,14,0,http://www.wikidata.org/entity/Q5284523
GV0BDX2I8B1P,1,0,http://www.wikidata.org/entity/Q5420083
GV0BDX2I8B1P,2,0,http://www.wikidata.org/entity/Q6939645
GV0BDX2I8B1P,3,0,http://www.wikidata.org/entity/Q4952007
GV0BDX2I8B1P,4,0,http://www.wikidata.org/entity/Q20617258
GV0BDX2I8B1P,5,0,http://www.wikidata.org/entity/Q4997679
GV0BDX2I8B1P,6,0,http://www.wikidata.org/entity/Q5133150
GV0BDX2I8B1P,7,0,http://www.wikidata.org/entity/Q7818910
GV0BDX2I8B1P,8,0,http://www.wikidata.org/entity/Q5358200
GV0BDX2I8B1P,9,0,http://www.wikidata.org/entity/Q6127792
GV0BDX2I8B1P,10,0,http://www.wikidata.org/entity/Q1767437
GV0BDX2I8B1P,11,0,http://www.wikidata.org/entity/Q872105
GV0BDX2I8B1P,12,0,http://www.wikidata.org/entity/Q6800675
GV0BDX2I8B1P,13,0,http://www.wikidata.org/entity/Q24189752
YZC1FOP15MJA,1,0,http://www.wikidata.org/entity/Q1660407
YZC1FOP15MJA,2,0,http://www.wikidata.org/entity/Q3197132
YZC1FOP15MJA,3,0,http://www.wikidata.org/entity/Q1660794
0HEOQFXMTVQL,1,0,http://www.wikidata.org/entity/Q783027
0HEOQFXMTVQL,2,0,http://www.wikidata.org/entity/Q540941
K96DG87E5HGX,1,0,http://www.wikidata.org/entity/Q7508659
K96DG87E5HGX,2,0,http://www.wikidata.org/entity/Q2368948
K96DG87E5HGX,3,0,http://www.wikidata.org/entity/Q553133
K96DG87E5HGX,4,0,http://www.wikidata.org/entity/Q2858000
K96DG87E5HGX,5,0,http://www.wikidata.org/entity/Q4733854
K96DG87E5HGX,6,0,http://www.wikidata.org/entity/Q17009600
K96DG87E5HGX,7,0,http://www.wikidata.org/entity/Q12236738
K96DG87E5HGX,8,0,http://www.wikidata.org/entity/Q4770423
K96DG87E5HGX,9,0,http://www.wikidata.org/entity/Q3358330
K96DG87E5HGX,10,0,http://www.wikidata.org/entity/Q3483237
K96DG87E5HGX,11,0,http://www.wikidata.org/entity/Q7682365
K96DG87E5HGX,12,0,http://www.wikidata.org/entity/Q2413049
K96DG87E5HGX,13,0,http://www.wikidata.org/entity/Q12181223
K96DG87E5HGX,14,0,http://www.wikidata.org/entity/Q2540367
K96DG87E5HGX,15,0,http://www.wikidata.org/entity/Q4748877
K96DG87E5HGX,16,0,http://www.wikidata.org/entity/Q2368779
K96DG87E5HGX,17,0,http://www.wikidata.org/entity/Q1582100
K96DG87E5HGX,18,0,http://www.wikidata.org/entity/Q6918953
K96DG87E5HGX,19,0,http://www.wikidata.org/entity/Q7110424
K96DG87E5HGX,20,0,http://www.wikidata.org/entity/Q2925553
K96DG87E5HGX,21,0,http://www.wikidata.org/entity/Q20424708
K96DG87E5HGX,22,0,http://www.wikidata.org/entity/Q4699275
K96DG87E5HGX,23,0,http://www.wikidata.org/entity/Q12209102
K96DG87E5HGX,24,0,http://www.wikidata.org/entity/Q25454428
G6NNUOX1640B,1,0,http://www.wikidata.org/entity/Q2304503
G6NNUOX1640B,2,0,http://www.wikidata.org/entity/Q1020159
VA13IUOXPHFA,1,0,http://www.wikidata.org/entity/Q66778622
VA13IUOXPHFA,2,0,http://www.wikidata.org/entity/Q66778617
VA13IUOXPHFA,3,0,http://www.wikidata.org/entity/Q66778603
VA13IUOXPHFA,4,0,http://www.wikidata.org/entity/Q66778602
VA13IUOXPHFA,5,0,http://www.wikidata.org/entity/Q66778590
VA13IUOXPHFA,6,0,http://www.wikidata.org/entity/Q66778589
VA13IUOXPHFA,7,0,http://www.wikidata.org/entity/Q66778588
VA13IUOXPHFA,8,0,http://www.wikidata.org/entity/Q66778555
VA13IUOXPHFA,9,0,http://www.wikidata.org/entity/Q66778554
VA13IUOXPHFA,10,0,http://www.wikidata.org/entity/Q66778553
ZNBGX471H84P,1,0,http://www.wikidata.org/entity/Q1750187
ZNBGX471H84P,2,0,http://www.wikidata.org/entity/Q172512
ZNBGX471H84P,3,0,http://www.wikidata.org/entity/Q170578
ZNBGX471H84P,4,0,http://www.wikidata.org/entity/Q1001470
ZNBGX471H84P,5,0,http://www.wikidata.org/entity/Q1648299
ZNBGX471H84P,6,0,http://www.wikidata.org/entity/Q1112312
ZNBGX471H84P,7,0,http://www.wikidata.org/entity/Q1756064
ZNBGX471H84P,8,0,http://www.wikidata.org/entity/Q1759769
ZNBGX471H84P,9,0,http://www.wikidata.org/entity/Q1792154
ZNBGX471H84P,10,0,http://www.wikidata.org/entity/Q1750448
ZNBGX471H84P,11,0,http://www.wikidata.org/entity/Q650514
ZNBGX471H84P,12,0,http://www.wikidata.org/entity/Q1750038
ZNBGX471H84P,13,0,http://www.wikidata.org/entity/Q1794359
ZNBGX471H84P,14,0,http://www.wikidata.org/entity/Q1792962
ZNBGX471H84P,15,0,http://www.wikidata.org/entity/Q1750100
ZNBGX471H84P,16,0,http://www.wikidata.org/entity/Q1799361
ZNBGX471H84P,17,0,http://www.wikidata.org/entity/Q1759350
ZNBGX471H84P,18,0,http://www.wikidata.org/entity/Q1749871
ZNBGX471H84P,19,0,http://www.wikidata.org/entity/Q716874
9AQDM6W7ES40,1,0,http://www.wikidata.org/entity/Q113193040
9AQDM6W7ES40,2,0,http://www.wikidata.org/entity/Q61745184
9AQDM6W7ES40,3,0,http://www.wikidata.org/entity/Q58929713
9AQDM6W7ES40,4,0,http://www.wikidata.org/entity/Q32660126
9AQDM6W7ES40,5,0,http://www.wikidata.org/entity/Q31822770
9AQDM6W7ES40,6,0,http://www.wikidata.org/entity/Q31816708
9AQDM6W7ES40,7,0,http://www.wikidata.org/entity/Q31816269
PMISZXR3YUW5,1,0,http://www.wikidata.org/entity/Q5139430
PMISZXR3YUW5,2,0,http://www.wikidata.org/entity/Q11627800
PMISZXR3YUW5,3,0,http://www.wikidata.org/entity/Q5709011
PMISZXR3YUW5,4,0,http://www.wikidata.org/entity/Q7981641
PMISZXR3YUW5,5,0,http://www.wikidata.org/entity/Q65208526
ZXUAGUY4B6QN,1,0,http://www.wikidata.org/entity/Q76000645
ZXUAGUY4B6QN,2,0,http://www.wikidata.org/entity/Q47588
ZXUAGUY4B6QN,3,0,http://www.wikidata.org/entity/Q41470
ZXUAGUY4B6QN,4,0,http://www.wikidata.org/entity/Q1183
ZXUAGUY4B6QN,5,0,http://www.wikidata.org/entity/Q28219825
ZXUAGUY4B6QN,6,0,http://www.wikidata.org/entity/Q27275
ZXUAGUY4B6QN,7,0,http://www.wikidata.org/entity/Q4152849
ZXUAGUY4B6QN,8,0,http://www.wikidata.org/entity/Q24949058
ZXUAGUY4B6QN,9,0,http://www.wikidata.org/entity/Q27433
ZXUAGUY4B6QN,10,0,http://www.wikidata.org/entity/Q37394
ZXUAGUY4B6QN,11,0,http://www.wikidata.org/entity/Q1460
WNSLMKUBJED2,1,0,http://www.wikidata.org/entity/Q3681838
WNSLMKUBJED2,2,0,http://www.wikidata.org/entity/Q1154924
NTLN3W9MXGPY,1,0,http://www.wikidata.org/entity/Q776415
NTLN3W9MXGPY,2,0,http://www.wikidata.org/entity/Q3821108
NTLN3W9MXGPY,3,0,http://www.wikidata.org/entity/Q2758103
NTLN3W9MXGPY,4,0,http://www.wikidata.org/entity/Q937292
NTLN3W9MXGPY,5,0,http://www.wikidata.org/entity/Q3879292
NTLN3W9MXGPY,6,0,http://www.wikidata.org/entity/Q3681838
NTLN3W9MXGPY,7,0,http://www.wikidata.org/entity/Q741434
NTLN3W9MXGPY,8,0,http://www.wikidata.org/entity/Q1154679
NTLN3W9MXGPY,9,0,http://www.wikidata.org/entity/Q3947358
NTLN3W9MXGPY,10,0,http://www.wikidata.org/entity/Q3946736
NTLN3W9MXGPY,11,0,http://www.wikidata.org/entity/Q3853441
NTLN3W9MXGPY,12,0,http://www.wikidata.org/entity/Q1154075
NTLN3W9MXGPY,13,0,http://www.wikidata.org/entity/Q3947370
NTLN3W9MXGPY,14,0,http://www.wikidata.org/entity/Q3693570
NTLN3W9MXGPY,15,0,http://www.wikidata.org/entity/Q1154188
NTLN3W9MXGPY,16,0,http://www.wikidata.org/entity/Q3949233
NTLN3W9MXGPY,17,0,http://www.wikidata.org/entity/Q3881323
NTLN3W9MXGPY,18,0,http://www.wikidata.org/entity/Q723792
NTLN3W9MXGPY,19,0,http://www.wikidata.org/entity/Q723246
NTLN3W9MXGPY,20,0,http://www.wikidata.org/entity/Q288117
NTLN3W9MXGPY,21,0,http://www.wikidata.org/entity/Q2289165
NTLN3W9MXGPY,22,0,http://www.wikidata.org/entity/Q617890
JHY1RPFS52HF,1,0,http://www.wikidata.org/entity/Q304459
JHY1RPFS52HF,2,0,http://www.wikidata.org/entity/Q2098894
JHY1RPFS52HF,3,0,http://www.wikidata.org/entity/Q4978174
JHY1RPFS52HF,4,0,http://www.wikidata.org/entity/Q281769
JHY1RPFS52HF,5,0,http://www.wikidata.org/entity/Q188325
JHY1RPFS52HF,6,0,http://www.wikidata.org/entity/Q195510
JHY1RPFS52HF,7,0,http://www.wikidata.org/entity/Q578825
JHY1RPFS52HF,8,0,http://www.wikidata.org/entity/Q598788
JHY1RPFS52HF,9,0,http://www.wikidata.org/entity/Q672235
JHY1RPFS52HF,10,0,http://www.wikidata.org/entity/Q579277
JHY1RPFS52HF,11,0,http://www.wikidata.org/entity/Q477659
JHY1RPFS52HF,12,0,http://www.wikidata.org/entity/Q338014
JHY1RPFS52HF,13,0,http://www.wikidata.org/entity/Q150019
JHY1RPFS52HF,14,0,http://www.wikidata.org/entity/Q579096
JHY1RPFS52HF,15,0,http://www.wikidata.org/entity/Q117613
JHY1RPFS52HF,16,0,http://www.wikidata.org/entity/Q5191858
JHY1RPFS52HF,17,0,http://www.wikidata.org/entity/Q429073
JHY1RPFS52HF,18,0,http://www.wikidata.org/entity/Q2523112
JHY1RPFS52HF,19,0,http://www.wikidata.org/entity/Q549128
JHY1RPFS52HF,20,0,http://www.wikidata.org/entity/Q458083
JHY1RPFS52HF,21,0,http://www.wikidata.org/entity/Q4904489
JHY1RPFS52HF,22,0,http://www.wikidata.org/entity/Q321677
JHY1RPFS52HF,23,0,http://www.wikidata.org/entity/Q248595
JHY1RPFS52HF,24,0,http://www.wikidata.org/entity/Q4900374
X94IFU52IW3G,1,0,http://www.wikidata.org/entity/Q291661
X94IFU52IW3G,2,0,http://www.wikidata.org/entity/Q72301454
X94IFU52IW3G,3,0,http://www.wikidata.org/entity/Q244267
X94IFU52IW3G,4,0,http://www.wikidata.org/entity/Q4920
X94IFU52IW3G,5,0,http://www.wikidata.org/entity/Q28669785
X94IFU52IW3G,6,0,http://www.wikidata.org/entity/Q207553
X94IFU52IW3G,7,0,http://www.wikidata.org/entity/Q41046
X94IFU52IW3G,8,0,http://www.wikidata.org/entity/Q16530791
X94IFU52IW3G,9,0,http://www.wikidata.org/entity/Q270185
X94IFU52IW3G,10,0,http://www.wikidata.org/entity/Q3944912
X94IFU52IW3G,11,0,http://www.wikidata.org/entity/Q1707034
X94IFU52IW3G,12,0,http://www.wikidata.org/entity/Q207641
X94IFU52IW3G,13,0,http://www.wikidata.org/entity/Q46206
X94IFU52IW3G,14,0,http://www.wikidata.org/entity/Q39697
X94IFU52IW3G,15,0,http://www.wikidata.org/entity/Q19894
X94IFU52IW3G,16,0,http://www.wikidata.org/entity/Q3868673
X94IFU52IW3G,17,0,http://www.wikidata.org/entity/Q13416091
X94IFU52IW3G,18,0,http://www.wikidata.org/entity/Q53932
1SLV8M4X8R6E,1,0,http://www.wikidata.org/entity/Q12474180
1SLV8M4X8R6E,2,0,http://www.wikidata.org/entity/Q12471804
1SLV8M4X8R6E,3,0,http://www.wikidata.org/entity/Q9644909
LFQRBVYALOEB,1,0,http://www.wikidata.org/entity/Q13152723
LFQRBVYALOEB,2,0,http://www.wikidata.org/entity/Q13151544
DKU3FAYHI79A,1,0,http://www.wikidata.org/entity/Q4677696
DKU3FAYHI79A,2,0,http://www.wikidata.org/entity/Q6820236
5ZD6W9SWMYK9,1,0,http://www.wikidata.org/entity/Q4956267
5ZD6W9SWMYK9,2,0,http://www.wikidata.org/entity/Q944045
4X36AUAH675O,1,0,http://www.wikidata.org/entity/Q4561885
4X36AUAH675O,2,0,http://www.wikidata.org/entity/Q4561716
4X36AUAH675O,3,0,http://www.wikidata.org/entity/Q4561532
4X36AUAH675O,4,0,http://www.wikidata.org/entity/Q4561185
4X36AUAH675O,5,0,http://www.wikidata.org/entity/Q4560837
4X36AUAH675O,6,0,http://www.wikidata.org/entity/Q4559484
4X36AUAH675O,7,0,http://www.wikidata.org/entity/Q4559327
4X36AUAH675O,8,0,http://www.wikidata.org/entity/Q4559167
4X36AUAH675O,9,0,http://www.wikidata.org/entity/Q4558845
J7C7AOU5IB6S,1,0,http://www.wikidata.org/entity/Q2665418
J7C7AOU5IB6S,2,0,http://www.wikidata.org/entity/Q2661161
J7C7AOU5IB6S,3,0,http://www.wikidata.org/entity/Q2634414
J7C7AOU5IB6S,4,0,http://www.wikidata.org/entity/Q2616571
J7C7AOU5IB6S,5,0,http://www.wikidata.org/entity/Q2584412
J7C7AOU5IB6S,6,0,http://www.wikidata.org/entity/Q2584385
J7C7AOU5IB6S,7,0,http://www.wikidata.org/entity/Q2574490
J7C7AOU5IB6S,8,0,http://www.wikidata.org/entity/Q2349402
J7C7AOU5IB6S,9,0,http://www.wikidata.org/entity/Q2151884
J7C7AOU5IB6S,10,0,http://www.wikidata.org/entity/Q2062071
J7C7AOU5IB6S,11,0,http://www.wikidata.org/entity/Q2045615
J7C7AOU5IB6S,12,0,http://www.wikidata.org/entity/Q1415502
CMC79JR1KGDR,1,0,http://www.wikidata.org/entity/Q931207
CMC79JR1KGDR,2,0,http://www.wikidata.org/entity/Q28605885
CMC79JR1KGDR,3,0,http://www.wikidata.org/entity/Q259013
CMC79JR1KGDR,4,0,http://www.wikidata.org/entity/Q637440
CMC79JR1KGDR,5,0,http://www.wikidata.org/entity/Q744149
CMC79JR1KGDR,6,0,http://www.wikidata.org/entity/Q1576610
CMC79JR1KGDR,7,0,http://www.wikidata.org/entity/Q1633902
CMC79JR1KGDR,8,0,http://www.wikidata.org/entity/Q731938
CMC79JR1KGDR,9,0,http://www.wikidata.org/entity/Q890779
CMC79JR1KGDR,10,0,http://www.wikidata.org/entity/Q58218696
CMC79JR1KGDR,11,0,http://www.wikidata.org/entity/Q708240
CMC79JR1KGDR,12,0,http://www.wikidata.org/entity/Q1036056
CMC79JR1KGDR,13,0,http://www.wikidata.org/entity/Q1529803
CMC79JR1KGDR,14,0,http://www.wikidata.org/entity/Q564376
CMC79JR1KGDR,15,0,http://www.wikidata.org/entity/Q54973786
CMC79JR1KGDR,16,0,http://www.wikidata.org/entity/Q491748
CMC79JR1KGDR,17,0,http://www.wikidata.org/entity/Q320200
CMC79JR1KGDR,18,0,http://www.wikidata.org/entity/Q1630598
CMC79JR1KGDR,19,0,http://www.wikidata.org/entity/Q409230
CMC79JR1KGDR,20,0,http://www.wikidata.org/entity/Q661845
XREEDO0816X3,1,0,http://www.wikidata.org/entity/Q34849591
XREEDO0816X3,2,0,http://www.wikidata.org/entity/Q4921647
XREEDO0816X3,3,0,http://www.wikidata.org/entity/Q49572777
XREEDO0816X3,4,0,http://www.wikidata.org/entity/Q5611533
XREEDO0816X3,5,0,http://www.wikidata.org/entity/Q49480876
2OKFVIVXKNK4,1,0,http://www.wikidata.org/entity/Q11174804
2OKFVIVXKNK4,2,0,http://www.wikidata.org/entity/Q11475241
2OKFVIVXKNK4,3,0,http://www.wikidata.org/entity/Q11451944
2OKFVIVXKNK4,4,0,http://www.wikidata.org/entity/Q587371
2OKFVIVXKNK4,5,0,http://www.wikidata.org/entity/Q10270272
2OKFVIVXKNK4,6,0,http://www.wikidata.org/entity/Q11544260
2OKFVIVXKNK4,7,0,http://www.wikidata.org/entity/Q5358314
2OKFVIVXKNK4,8,0,http://www.wikidata.org/entity/Q11510487
2OKFVIVXKNK4,9,0,http://www.wikidata.org/entity/Q1060966
2OKFVIVXKNK4,10,0,http://www.wikidata.org/entity/Q11455736
2OKFVIVXKNK4,11,0,http://www.wikidata.org/entity/Q11543460
2OKFVIVXKNK4,12,0,http://www.wikidata.org/entity/Q10424178
2OKFVIVXKNK4,13,0,http://www.wikidata.org/entity/Q11582863
2OKFVIVXKNK4,14,0,http://www.wikidata.org/entity/Q11385985
2OKFVIVXKNK4,15,0,http://www.wikidata.org/entity/Q3517479
JTEI3E1F8IAT,1,0,http://www.wikidata.org/entity/Q24940201
JTEI3E1F8IAT,2,0,http://www.wikidata.org/entity/Q17071753
JTEI3E1F8IAT,3,0,http://www.wikidata.org/entity/Q29025597
JTEI3E1F8IAT,4,0,http://www.wikidata.org/entity/Q7286279
JTEI3E1F8IAT,5,0,http://www.wikidata.org/entity/Q39054034
JTEI3E1F8IAT,6,0,http://www.wikidata.org/entity/Q58942504
JTEI3E1F8IAT,7,0,http://www.wikidata.org/entity/Q58942662
JTEI3E1F8IAT,8,0,http://www.wikidata.org/entity/Q111181388
JTEI3E1F8IAT,9,0,http://www.wikidata.org/entity/Q15277787
JTEI3E1F8IAT,10,0,http://www.wikidata.org/entity/Q39054617
JTEI3E1F8IAT,11,0,http://www.wikidata.org/entity/Q58942501
JTEI3E1F8IAT,12,0,http://www.wikidata.org/entity/Q330643
JTEI3E1F8IAT,13,0,http://www.wikidata.org/entity/Q6742984
JTEI3E1F8IAT,14,0,http://www.wikidata.org/entity/Q58942705
JTEI3E1F8IAT,15,0,http://www.wikidata.org/entity/Q5621998
JTEI3E1F8IAT,16,0,http://www.wikidata.org/entity/Q7194723
QERUPUDGR0NL,1,0,http://www.wikidata.org/entity/Q122811369
QERUPUDGR0NL,2,0,http://www.wikidata.org/entity/Q117843255
XEMJEIP2DY86,1,0,http://www.wikidata.org/entity/Q109690
XEMJEIP2DY86,2,0,http://www.wikidata.org/entity/Q109686
XEMJEIP2DY86,3,0,http://www.wikidata.org/entity/Q109656
XEMJEIP2DY86,4,0,http://www.wikidata.org/entity/Q156177
XEMJEIP2DY86,5,0,http://www.wikidata.org/entity/Q109670
XEMJEIP2DY86,6,0,http://www.wikidata.org/entity/Q108503
XEMJEIP2DY86,7,0,http://www.wikidata.org/entity/Q108111
XEMJEIP2DY86,8,0,http://www.wikidata.org/entity/Q156340
XEMJEIP2DY86,9,0,http://www.wikidata.org/entity/Q109695
XEMJEIP2DY86,10,0,http://www.wikidata.org/entity/Q108058
XEMJEIP2DY86,11,0,http://www.wikidata.org/entity/Q156191
XEMJEIP2DY86,12,0,http://www.wikidata.org/entity/Q271609
XEMJEIP2DY86,13,0,http://www.wikidata.org/entity/Q108053
XEMJEIP2DY86,14,0,http://www.wikidata.org/entity/Q156188
XEMJEIP2DY86,15,0,http://www.wikidata.org/entity/Q108093
7Q95LW9T3EH0,1,0,http://www.wikidata.org/entity/Q7596533
7Q95LW9T3EH0,2,0,http://www.wikidata.org/entity/Q5478905
QCZ9MEZCEIU6,1,0,http://www.wikidata.org/entity/Q821619
QCZ9MEZCEIU6,2,0,http://www.wikidata.org/entity/Q1304628
QCZ9MEZCEIU6,3,0,http://www.wikidata.org/entity/Q819961
QCZ9MEZCEIU6,4,0,http://www.wikidata.org/entity/Q206984
QCZ9MEZCEIU6,5,0,http://www.wikidata.org/entity/Q1630626
QCZ9MEZCEIU6,6,0,http://www.wikidata.org/entity/Q557830
QCZ9MEZCEIU6,7,0,http://www.wikidata.org/entity/Q3699618
QCZ9MEZCEIU6,8,0,http://www.wikidata.org/entity/Q5578701
QCZ9MEZCEIU6,9,0,http://www.wikidata.org/entity/Q3000082
QCZ9MEZCEIU6,10,0,http://www.wikidata.org/entity/Q2720239
QCZ9MEZCEIU6,11,0,http://www.wikidata.org/entity/Q6979863
QCZ9MEZCEIU6,12,0,http://www.wikidata.org/entity/Q1046509
4J27J8L70Z7C,1,0,http://www.wikidata.org/entity/Q111250
4J27J8L70Z7C,2,0,http://www.wikidata.org/entity/Q487725
CT0SISYFVX8Z,1,0,http://www.wikidata.org/entity/Q312742
CT0SISYFVX8Z,2,0,http://www.wikidata.org/entity/Q128080
CT0SISYFVX8Z,3,0,http://www.wikidata.org/entity/Q127979
CT0SISYFVX8Z,4,0,http://www.wikidata.org/entity/Q153251
CT0SISYFVX8Z,5,0,http://www.wikidata.org/entity/Q311904
CT0SISYFVX8Z,6,0,http://www.wikidata.org/entity/Q492044
CT0SISYFVX8Z,7,0,http://www.wikidata.org/entity/Q115551
CT0SISYFVX8Z,8,0,http://www.wikidata.org/entity/Q370710
CT0SISYFVX8Z,9,0,http://www.wikidata.org/entity/Q115556
CT0SISYFVX8Z,10,0,http://www.wikidata.org/entity/Q127970
CT0SISYFVX8Z,11,0,http://www.wikidata.org/entity/Q312201
CT0SISYFVX8Z,12,0,http://www.wikidata.org/entity/Q128096
CT0SISYFVX8Z,13,0,http://www.wikidata.org/entity/Q115583
CT0SISYFVX8Z,14,0,http://www.wikidata.org/entity/Q312497
2QYIZ4UIEFO5,1,0,http://www.wikidata.org/entity/Q491285
2QYIZ4UIEFO5,2,0,http://www.wikidata.org/entity/Q485426
D4H9W5QG4HT3,1,0,http://www.wikidata.org/entity/Q27477665
D4H9W5QG4HT3,2,0,http://www.wikidata.org/entity/Q1394087
D4H9W5QG4HT3,3,0,http://www.wikidata.org/entity/Q3964154
D4H9W5QG4HT3,4,0,http://www.wikidata.org/entity/Q15190244
D4H9W5QG4HT3,5,0,http://www.wikidata.org/entity/Q17266378
D4H9W5QG4HT3,6,0,http://www.wikidata.org/entity/Q904512
D4H9W5QG4HT3,7,0,http://www.wikidata.org/entity/Q16638676
D4H9W5QG4HT3,8,0,http://www.wikidata.org/entity/Q21634683
3BLP15H2NF9T,1,0,http://www.wikidata.org/entity/Q2688414
3BLP15H2NF9T,2,0,http://www.wikidata.org/entity/Q870476
3BLP15H2NF9T,3,0,http://www.wikidata.org/entity/Q1460090
3BLP15H2NF9T,4,0,http://www.wikidata.org/entity/Q1907223
3BLP15H2NF9T,5,0,http://www.wikidata.org/entity/Q2451540
3BLP15H2NF9T,6,0,http://www.wikidata.org/entity/Q2333664
3BLP15H2NF9T,7,0,http://www.wikidata.org/entity/Q48840198
3BLP15H2NF9T,8,0,http://www.wikidata.org/entity/Q846250
3BLP15H2NF9T,9,0,http://www.wikidata.org/entity/Q222261
3BLP15H2NF9T,10,0,http://www.wikidata.org/entity/Q5464804
3BLP15H2NF9T,11,0,http://www.wikidata.org/entity/Q7355758
3BLP15H2NF9T,12,0,http://www.wikidata.org/entity/Q6902278
3BLP15H2NF9T,13,0,http://www.wikidata.org/entity/Q540546
3BLP15H2NF9T,14,0,http://www.wikidata.org/entity/Q1140475
3BLP15H2NF9T,15,0,http://www.wikidata.org/entity/Q567512
3BLP15H2NF9T,16,0,http://www.wikidata.org/entity/Q2417203
3BLP15H2NF9T,17,0,http://www.wikidata.org/entity/Q5148962
3BLP15H2NF9T,18,0,http://www.wikidata.org/entity/Q60143343
3BLP15H2NF9T,19,0,http://www.wikidata.org/entity/Q97015540
3BLP15H2NF9T,20,0,http://www.wikidata.org/entity/Q2160784
WXPYO7SMQEXJ,1,0,http://www.wikidata.org/entity/Q5754953
WXPYO7SMQEXJ,2,0,http://www.wikidata.org/entity/Q742145
WXPYO7SMQEXJ,3,0,http://www.wikidata.org/entity/Q1053846
WXPYO7SMQEXJ,4,0,http://www.wikidata.org/entity/Q2421342
WXPYO7SMQEXJ,5,0,http://www.wikidata.org/entity/Q1079373
WXPYO7SMQEXJ,6,0,http://www.wikidata.org/entity/Q1481888
ZYR2FQXWPCJI,1,0,http://www.wikidata.org/entity/Q7995266
ZYR2FQXWPCJI,2,0,http://www.wikidata.org/entity/Q368855
TAJCF9VL3S3Y,1,0,http://www.wikidata.org/entity/Q7452199
TAJCF9VL3S3Y,2,0,http://www.wikidata.org/entity/Q6796378
TAJCF9VL3S3Y,3,0,http://www.wikidata.org/entity/Q2417
TAJCF9VL3S3Y,4,0,http://www.wikidata.org/entity/Q9023327
TAJCF9VL3S3Y,5,0,http://www.wikidata.org/entity/Q6312175
TAJCF9VL3S3Y,6,0,http://www.wikidata.org/entity/Q4781971
TAJCF9VL3S3Y,7,0,http://www.wikidata.org/entity/Q4820491
TAJCF9VL3S3Y,8,0,http://www.wikidata.org/entity/Q2363
TAJCF9VL3S3Y,9,0,http://www.wikidata.org/entity/Q5248912
TAJCF9VL3S3Y,10,0,http://www.wikidata.org/entity/Q2228
TAJCF9VL3S3Y,11,0,http://www.wikidata.org/entity/Q6155873
TAJCF9VL3S3Y,12,0,http://www.wikidata.org/entity/Q4781853
TAJCF9VL3S3Y,13,0,http://www.wikidata.org/entity/Q2303
TAJCF9VL3S3Y,14,0,http://www.wikidata.org/entity/Q5249041
TAJCF9VL3S3Y,15,0,http://www.wikidata.org/entity/Q6311962
TAJCF9VL3S3Y,16,0,http://www.wikidata.org/entity/Q2298
TAJCF9VL3S3Y,17,0,http://www.wikidata.org/entity/Q5249038
TAJCF9VL3S3Y,18,0,http://www.wikidata.org/entity/Q4820615
TAJCF9VL3S3Y,19,0,http://www.wikidata.org/entity/Q2460
TAJCF9VL3S3Y,20,0,http://www.wikidata.org/entity/Q6756823
TAJCF9VL3S3Y,21,0,http://www.wikidata.org/entity/Q2323
TAJCF9VL3S3Y,22,0,http://www.wikidata.org/entity/Q5439857
TAJCF9VL3S3Y,23,0,http://www.wikidata.org/entity/Q13218307
TAJCF9VL3S3Y,24,0,http://www.wikidata.org/entity/Q13640116
7SFPBWEWQ1N7,1,0,http://www.wikidata.org/entity/Q58483047
7SFPBWEWQ1N7,2,0,http://www.wikidata.org/entity/Q30251536
MJWA85YVD89V,1,0,http://www.wikidata.org/entity/Q56649719
MJWA85YVD89V,2,0,http://www.wikidata.org/entity/Q56762076
MJWA85YVD89V,3,0,http://www.wikidata.org/entity/Q478482
MJWA85YVD89V,4,0,http://www.wikidata.org/entity/Q647757
MJWA85YVD89V,5,0,http://www.wikidata.org/entity/Q16970390
MJWA85YVD89V,6,0,http://www.wikidata.org/entity/Q43151524
MJWA85YVD89V,7,0,http://www.wikidata.org/entity/Q374096
MJWA85YVD89V,8,0,http://www.wikidata.org/entity/Q2284047
MJWA85YVD89V,9,0,http://www.wikidata.org/entity/Q555011
MJWA85YVD89V,10,0,http://www.wikidata.org/entity/Q16159066
MJWA85YVD89V,11,0,http://www.wikidata.org/entity/Q43152346
MJWA85YVD89V,12,0,http://www.wikidata.org/entity/Q56824964
MJWA85YVD89V,13,0,http://www.wikidata.org/entity/Q463159
MJWA85YVD89V,14,0,http://www.wikidata.org/entity/Q56649898
9POD1VDSW9ZU,1,0,http://www.wikidata.org/entity/Q9047155
9POD1VDSW9ZU,2,0,http://www.wikidata.org/entity/Q1647895
FU6NV8ZY30UQ,1,0,http://www.wikidata.org/entity/Q19864388
FU6NV8ZY30UQ,2,0,http://www.wikidata.org/entity/Q110449453
FU6NV8ZY30UQ,3,0,http://www.wikidata.org/entity/Q115314823
FU6NV8ZY30UQ,4,0,http://www.wikidata.org/entity/Q30668235
FU6NV8ZY30UQ,5,0,http://www.wikidata.org/entity/Q64221136
FU6NV8ZY30UQ,6,0,http://www.wikidata.org/entity/Q65658783
FU6NV8ZY30UQ,7,0,http://www.wikidata.org/entity/Q2611800
FU6NV8ZY30UQ,8,0,http://www.wikidata.org/entity/Q2495674
FU6NV8ZY30UQ,9,0,http://www.wikidata.org/entity/Q2575434
FU6NV8ZY30UQ,10,0,http://www.wikidata.org/entity/Q256872
FU6NV8ZY30UQ,11,0,http://www.wikidata.org/entity/Q30901203
FU6NV8ZY30UQ,12,0,http://www.wikidata.org/entity/Q2981273
FU6NV8ZY30UQ,13,0,http://www.wikidata.org/entity/Q43259950
FU6NV8ZY30UQ,14,0,http://www.wikidata.org/entity/Q5898973
FU6NV8ZY30UQ,15,0,http://www.wikidata.org/entity/Q6691704
FU6NV8ZY30UQ,16,0,http://www.wikidata.org/entity/Q112700391
FU6NV8ZY30UQ,17,0,http://www.wikidata.org/entity/Q6383121
FU6NV8ZY30UQ,18,0,http://www.wikidata.org/entity/Q96392693
FU6NV8ZY30UQ,19,0,http://www.wikidata.org/entity/Q111811862
FU6NV8ZY30UQ,20,0,http://www.wikidata.org/entity/Q5439580
FU6NV8ZY30UQ,21,0,http://www.wikidata.org/entity/Q3500471
1VAQNKXV1YW4,1,0,http://www.wikidata.org/entity/Q112565
1VAQNKXV1YW4,2,0,http://www.wikidata.org/entity/Q111766
1VAQNKXV1YW4,3,0,http://www.wikidata.org/entity/Q110262
1VAQNKXV1YW4,4,0,http://www.wikidata.org/entity/Q156380
1VAQNKXV1YW4,5,0,http://www.wikidata.org/entity/Q110978
1VAQNKXV1YW4,6,0,http://www.wikidata.org/entity/Q107977
1VAQNKXV1YW4,7,0,http://www.wikidata.org/entity/Q111168
1VAQNKXV1YW4,8,0,http://www.wikidata.org/entity/Q108391
1VAQNKXV1YW4,9,0,http://www.wikidata.org/entity/Q26699
1VAQNKXV1YW4,10,0,http://www.wikidata.org/entity/Q111622
1VAQNKXV1YW4,11,0,http://www.wikidata.org/entity/Q26756
1VAQNKXV1YW4,12,0,http://www.wikidata.org/entity/Q156388
1VAQNKXV1YW4,13,0,http://www.wikidata.org/entity/Q109289
1VAQNKXV1YW4,14,0,http://www.wikidata.org/entity/Q114529
1VAQNKXV1YW4,15,0,http://www.wikidata.org/entity/Q112652
1VAQNKXV1YW4,16,0,http://www.wikidata.org/entity/Q156464
1VAQNKXV1YW4,17,0,http://www.wikidata.org/entity/Q109631
1VAQNKXV1YW4,18,0,http://www.wikidata.org/entity/Q109457
1VAQNKXV1YW4,19,0,http://www.wikidata.org/entity/Q490287
1VAQNKXV1YW4,20,0,http://www.wikidata.org/entity/Q26519
1VAQNKXV1YW4,21,0,http://www.wikidata.org/entity/Q112686
1VAQNKXV1YW4,22,0,http://www.wikidata.org/entity/Q110570
5KTUH7VTJO85,1,0,http://www.wikidata.org/entity/Q111859
5KTUH7VTJO85,2,0,http://www.wikidata.org/entity/Q111530
FN0Y7UNE8JF0,1,0,http://www.wikidata.org/entity/Q28731158
FN0Y7UNE8JF0,2,0,http://www.wikidata.org/entity/Q98210093
FN0Y7UNE8JF0,3,0,http://www.wikidata.org/entity/Q98208930
FN0Y7UNE8JF0,4,0,http://www.wikidata.org/entity/Q110070676
FN0Y7UNE8JF0,5,0,http://www.wikidata.org/entity/Q110070683
FN0Y7UNE8JF0,6,0,http://www.wikidata.org/entity/Q110070952
FN0Y7UNE8JF0,7,0,http://www.wikidata.org/entity/Q98208501
FN0Y7UNE8JF0,8,0,http://www.wikidata.org/entity/Q110070916
FN0Y7UNE8JF0,9,0,http://www.wikidata.org/entity/Q98207620
FN0Y7UNE8JF0,10,0,http://www.wikidata.org/entity/Q98207617
FN0Y7UNE8JF0,11,0,http://www.wikidata.org/entity/Q98209112
FN0Y7UNE8JF0,12,0,http://www.wikidata.org/entity/Q98209114
FN0Y7UNE8JF0,13,0,http://www.wikidata.org/entity/Q98209151
FN0Y7UNE8JF0,14,0,http://www.wikidata.org/entity/Q98206962
FN0Y7UNE8JF0,15,0,http://www.wikidata.org/entity/Q98211914
FN0Y7UNE8JF0,16,0,http://www.wikidata.org/entity/Q106830474
FN0Y7UNE8JF0,17,0,http://www.wikidata.org/entity/Q106830467
FN0Y7UNE8JF0,18,0,http://www.wikidata.org/entity/Q110094305
FN0Y7UNE8JF0,19,0,http://www.wikidata.org/entity/Q106832665
FN0Y7UNE8JF0,20,0,http://www.wikidata.org/entity/Q98210106
9PAQYSQZJUHH,1,0,http://www.wikidata.org/entity/Q1898591
9PAQYSQZJUHH,2,0,http://www.wikidata.org/entity/Q2221696
PW6HHVNZBAAA,1,0,http://www.wikidata.org/entity/Q2045449
PW6HHVNZBAAA,2,0,http://www.wikidata.org/entity/Q821951
PW6HHVNZBAAA,3,0,http://www.wikidata.org/entity/Q3019228
PW6HHVNZBAAA,4,0,http://www.wikidata.org/entity/Q2374909
PW6HHVNZBAAA,5,0,http://www.wikidata.org/entity/Q4420192
PW6HHVNZBAAA,6,0,http://www.wikidata.org/entity/Q4081989
PW6HHVNZBAAA,7,0,http://www.wikidata.org/entity/Q4389723
PW6HHVNZBAAA,8,0,http://www.wikidata.org/entity/Q4367392
PW6HHVNZBAAA,9,0,http://www.wikidata.org/entity/Q4197720
PW6HHVNZBAAA,10,0,http://www.wikidata.org/entity/Q1014331
PW6HHVNZBAAA,11,0,http://www.wikidata.org/entity/Q4300879
PW6HHVNZBAAA,12,0,http://www.wikidata.org/entity/Q4063887
PW6HHVNZBAAA,13,0,http://www.wikidata.org/entity/Q3890332
PW6HHVNZBAAA,14,0,http://www.wikidata.org/entity/Q4129290
PW6HHVNZBAAA,15,0,http://www.wikidata.org/entity/Q3892437
PW6HHVNZBAAA,16,0,http://www.wikidata.org/entity/Q13640888
RT54J5DZ9N5J,1,0,http://www.wikidata.org/entity/Q104713902
RT54J5DZ9N5J,2,0,http://www.wikidata.org/entity/Q104671296
AOMOP5KU0XJZ,1,0,http://www.wikidata.org/entity/Q28732145
AOMOP5KU0XJZ,2,0,http://www.wikidata.org/entity/Q28732122
AOMOP5KU0XJZ,3,0,http://www.wikidata.org/entity/Q28732045
AOMOP5KU0XJZ,4,0,http://www.wikidata.org/entity/Q28732029
AOMOP5KU0XJZ,5,0,http://www.wikidata.org/entity/Q28731999
AOMOP5KU0XJZ,6,0,http://www.wikidata.org/entity/Q28731273
AOMOP5KU0XJZ,7,0,http://www.wikidata.org/entity/Q28731267
AOMOP5KU0XJZ,8,0,http://www.wikidata.org/entity/Q28731245
AOMOP5KU0XJZ,9,0,http://www.wikidata.org/entity/Q28731238
AOMOP5KU0XJZ,10,0,http://www.wikidata.org/entity/Q28731220
AOMOP5KU0XJZ,11,0,http://www.wikidata.org/entity/Q15688410
AOMOP5KU0XJZ,12,0,http://www.wikidata.org/entity/Q15688358
AOMOP5KU0XJZ,13,0,http://www.wikidata.org/entity/Q15629844
AOMOP5KU0XJZ,14,0,http://www.wikidata.org/entity/Q15629842
AOMOP5KU0XJZ,15,0,http://www.wikidata.org/entity/Q15629589
7HTQQVS2488Z,1,0,http://www.wikidata.org/entity/Q1272295
7HTQQVS2488Z,2,0,http://www.wikidata.org/entity/Q1067251
7HTQQVS2488Z,3,0,http://www.wikidata.org/entity/Q875199
7HTQQVS2488Z,4,0,http://www.wikidata.org/entity/Q872840
R4934HF3ST5X,1,0,http://www.wikidata.org/entity/Q29379726
R4934HF3ST5X,2,0,http://www.wikidata.org/entity/Q29379665
R4934HF3ST5X,3,0,http://www.wikidata.org/entity/Q29379748
R4934HF3ST5X,4,0,http://www.wikidata.org/entity/Q29379885
R4934HF3ST5X,5,0,http://www.wikidata.org/entity/Q29379916
R4934HF3ST5X,6,0,http://www.wikidata.org/entity/Q29379633
R4934HF3ST5X,7,0,http://www.wikidata.org/entity/Q29379655
R4934HF3ST5X,8,0,http://www.wikidata.org/entity/Q29379727
R4934HF3ST5X,9,0,http://www.wikidata.org/entity/Q29380060
K6E9XH3JSO27,1,0,http://www.wikidata.org/entity/Q3089341
K6E9XH3JSO27,2,0,http://www.wikidata.org/entity/Q1521274
K6E9XH3JSO27,3,0,http://www.wikidata.org/entity/Q200166
K6E9XH3JSO27,4,0,http://www.wikidata.org/entity/Q2981843
K6E9XH3JSO27,5,0,http://www.wikidata.org/entity/Q448308
K6E9XH3JSO27,6,0,http://www.wikidata.org/entity/Q424984
K6E9XH3JSO27,7,0,http://www.wikidata.org/entity/Q3029963
K6E9XH3JSO27,8,0,http://www.wikidata.org/entity/Q274120
K6E9XH3JSO27,9,0,http://www.wikidata.org/entity/Q424659
K6E9XH3JSO27,10,0,http://www.wikidata.org/entity/Q44016
K6E9XH3JSO27,11,0,http://www.wikidata.org/entity/Q570807
C1A142XN7KF1,1,0,http://www.wikidata.org/entity/Q4438
C1A142XN7KF1,2,0,http://www.wikidata.org/entity/Q34106
C1A142XN7KF1,3,0,http://www.wikidata.org/entity/Q937901
C1A142XN7KF1,4,0,http://www.wikidata.org/entity/Q425057
C1A142XN7KF1,5,0,http://www.wikidata.org/entity/Q896553
JVWDX6R9EYHN,1,0,http://www.wikidata.org/entity/Q5935783
JVWDX6R9EYHN,2,0,http://www.wikidata.org/entity/Q993353
JVWDX6R9EYHN,3,0,http://www.wikidata.org/entity/Q1887350
JVWDX6R9EYHN,4,0,http://www.wikidata.org/entity/Q924786
JVWDX6R9EYHN,5,0,http://www.wikidata.org/entity/Q1887267
JVWDX6R9EYHN,6,0,http://www.wikidata.org/entity/Q1659633
JVWDX6R9EYHN,7,0,http://www.wikidata.org/entity/Q1657636
JVWDX6R9EYHN,8,0,http://www.wikidata.org/entity/Q577275
JVWDX6R9EYHN,9,0,http://www.wikidata.org/entity/Q576780
JVWDX6R9EYHN,10,0,http://www.wikidata.org/entity/Q1658843
JVWDX6R9EYHN,11,0,http://www.wikidata.org/entity/Q1659031
JVWDX6R9EYHN,12,0,http://www.wikidata.org/entity/Q1659697
JVWDX6R9EYHN,13,0,http://www.wikidata.org/entity/Q7205173
JVWDX6R9EYHN,14,0,http://www.wikidata.org/entity/Q9061147
JVWDX6R9EYHN,15,0,http://www.wikidata.org/entity/Q942524
JVWDX6R9EYHN,16,0,http://www.wikidata.org/entity/Q1659408
JVWDX6R9EYHN,17,0,http://www.wikidata.org/entity/Q1886535
JVWDX6R9EYHN,18,0,http://www.wikidata.org/entity/Q4822456
JVWDX6R9EYHN,19,0,http://www.wikidata.org/entity/Q4822459
JVWDX6R9EYHN,20,0,http://www.wikidata.org/entity/Q4822446
JVWDX6R9EYHN,21,0,http://www.wikidata.org/entity/Q1887249
4UFXLUL4M4N5,1,0,http://www.wikidata.org/entity/Q5252238
4UFXLUL4M4N5,2,0,http://www.wikidata.org/entity/Q4699163
4UFXLUL4M4N5,3,0,http://www.wikidata.org/entity/Q3118919
4UFXLUL4M4N5,4,0,http://www.wikidata.org/entity/Q2260996
4UFXLUL4M4N5,5,0,http://www.wikidata.org/entity/Q2093778
6NZBKWW2BESC,1,0,http://www.wikidata.org/entity/Q2020433
6NZBKWW2BESC,2,0,http://www.wikidata.org/entity/Q2020423
6NZBKWW2BESC,3,0,http://www.wikidata.org/entity/Q2020411
6NZBKWW2BESC,4,0,http://www.wikidata.org/entity/Q2020399
6NZBKWW2BESC,5,0,http://www.wikidata.org/entity/Q2020389
6NZBKWW2BESC,6,0,http://www.wikidata.org/entity/Q2020378
6NZBKWW2BESC,7,0,http://www.wikidata.org/entity/Q2020369
6NZBKWW2BESC,8,0,http://www.wikidata.org/entity/Q2020363
6NZBKWW2BESC,9,0,http://www.wikidata.org/entity/Q2020352
6NZBKWW2BESC,10,0,http://www.wikidata.org/entity/Q2020343
6NZBKWW2BESC,11,0,http://www.wikidata.org/entity/Q2020332
6NZBKWW2BESC,12,0,http://www.wikidata.org/entity/Q2020323
6NZBKWW2BESC,13,0,http://www.wikidata.org/entity/Q2020311
KJ9SBNA89H90,1,0,http://www.wikidata.org/entity/Q1012095
KJ9SBNA89H90,2,0,http://www.wikidata.org/entity/Q210548
KJ9SBNA89H90,3,0,http://www.wikidata.org/entity/Q112989480
KJ9SBNA89H90,4,0,http://www.wikidata.org/entity/Q851352
KJ9SBNA89H90,5,0,http://www.wikidata.org/entity/Q608408
KJ9SBNA89H90,6,0,http://www.wikidata.org/entity/Q601836
KJ9SBNA89H90,7,0,http://www.wikidata.org/entity/Q614762
KJ9SBNA89H90,8,0,http://www.wikidata.org/entity/Q112899160
KJ9SBNA89H90,9,0,http://www.wikidata.org/entity/Q718662
KJ9SBNA89H90,10,0,http://www.wikidata.org/entity/Q1357552
KJ9SBNA89H90,11,0,http://www.wikidata.org/entity/Q957033
KJ9SBNA89H90,12,0,http://www.wikidata.org/entity/Q1066694
KJ9SBNA89H90,13,0,http://www.wikidata.org/entity/Q586753
KJ9SBNA89H90,14,0,http://www.wikidata.org/entity/Q112857518
KJ9SBNA89H90,15,0,http://www.wikidata.org/entity/Q1134501
KJ9SBNA89H90,16,0,http://www.wikidata.org/entity/Q692395
KJ9SBNA89H90,17,0,http://www.wikidata.org/entity/Q1042390
KJ9SBNA89H90,18,0,http://www.wikidata.org/entity/Q68766960
HAAFAHZHSPBR,1,0,http://www.wikidata.org/entity/Q6989380
HAAFAHZHSPBR,2,0,http://www.wikidata.org/entity/Q5475466
HAAFAHZHSPBR,3,0,http://www.wikidata.org/entity/Q4780413
HAAFAHZHSPBR,4,0,http://www.wikidata.org/entity/Q4476932
HAAFAHZHSPBR,5,0,http://www.wikidata.org/entity/Q3555926
HAAFAHZHSPBR,6,0,http://www.wikidata.org/entity/Q3040241
HAAFAHZHSPBR,7,0,http://www.wikidata.org/entity/Q3008796
HAAFAHZHSPBR,8,0,http://www.wikidata.org/entity/Q2727469
HAAFAHZHSPBR,9,0,http://www.wikidata.org/entity/Q2284484
HAAFAHZHSPBR,10,0,http://www.wikidata.org/entity/Q48781592
HAAFAHZHSPBR,11,0,http://www.wikidata.org/entity/Q23977571
HAAFAHZHSPBR,12,0,http://www.wikidata.org/entity/Q23952057
HAAFAHZHSPBR,13,0,http://www.wikidata.org/entity/Q23846130
HAAFAHZHSPBR,14,0,http://www.wikidata.org/entity/Q22986866
HAAFAHZHSPBR,15,0,http://www.wikidata.org/entity/Q21501214
NW29WPQM456Z,1,0,http://www.wikidata.org/entity/Q17622760
NW29WPQM456Z,2,0,http://www.wikidata.org/entity/Q1369292
NW29WPQM456Z,3,0,http://www.wikidata.org/entity/Q106466225
NW29WPQM456Z,4,0,http://www.wikidata.org/entity/Q7828
NW29WPQM456Z,5,0,http://www.wikidata.org/entity/Q112159570
NW29WPQM456Z,6,0,http://www.wikidata.org/entity/Q59613283
NW29WPQM456Z,7,0,http://www.wikidata.org/entity/Q16303130
NW29WPQM456Z,8,0,http://www.wikidata.org/entity/Q58317097
NW29WPQM456Z,9,0,http://www.wikidata.org/entity/Q105081394
NW29WPQM456Z,10,0,http://www.wikidata.org/entity/Q268464
M51J4B5UVLXJ,1,0,http://www.wikidata.org/entity/Q21952427
M51J4B5UVLXJ,2,0,http://www.wikidata.org/entity/Q21952415
M51J4B5UVLXJ,3,0,http://www.wikidata.org/entity/Q21952371
M51J4B5UVLXJ,4,0,http://www.wikidata.org/entity/Q21952354
M51J4B5UVLXJ,5,0,http://www.wikidata.org/entity/Q21952353
M51J4B5UVLXJ,6,0,http://www.wikidata.org/entity/Q21952330
M51J4B5UVLXJ,7,0,http://www.wikidata.org/entity/Q21952328
M51J4B5UVLXJ,8,0,http://www.wikidata.org/entity/Q21952327
M51J4B5UVLXJ,9,0,http://www.wikidata.org/entity/Q21952324
M51J4B5UVLXJ,10,0,http://www.wikidata.org/entity/Q21952323
M51J4B5UVLXJ,11,0,http://www.wikidata.org/entity/Q21952321
M51J4B5UVLXJ,12,0,http://www.wikidata.org/entity/Q21952318
M51J4B5UVLXJ,13,0,http://www.wikidata.org/entity/Q21952316
M51J4B5UVLXJ,14,0,http://www.wikidata.org/entity/Q21952314
M51J4B5UVLXJ,15,0,http://www.wikidata.org/entity/Q21952308
M51J4B5UVLXJ,16,0,http://www.wikidata.org/entity/Q21952305
M51J4B5UVLXJ,17,0,http://www.wikidata.org/entity/Q21952303
M51J4B5UVLXJ,18,0,http://www.wikidata.org/entity/Q21952299
M51J4B5UVLXJ,19,0,http://www.wikidata.org/entity/Q21952296
M51J4B5UVLXJ,20,0,http://www.wikidata.org/entity/Q21952294
M51J4B5UVLXJ,21,0,http://www.wikidata.org/entity/Q21952288
M51J4B5UVLXJ,22,0,http://www.wikidata.org/entity/Q21952282
M51J4B5UVLXJ,23,0,http://www.wikidata.org/entity/Q21952259
M51J4B5UVLXJ,24,0,http://www.wikidata.org/entity/Q21952254
M51J4B5UVLXJ,25,0,http://www.wikidata.org/entity/Q21952253
BEPCLTOQRTKY,1,0,http://www.wikidata.org/entity/Q21952137
BEPCLTOQRTKY,2,0,http://www.wikidata.org/entity/Q21952118
BEPCLTOQRTKY,3,0,http://www.wikidata.org/entity/Q21952082
BEPCLTOQRTKY,4,0,http://www.wikidata.org/entity/Q21952067
BEPCLTOQRTKY,5,0,http://www.wikidata.org/entity/Q21952057
BEPCLTOQRTKY,6,0,http://www.wikidata.org/entity/Q21952014
BEPCLTOQRTKY,7,0,http://www.wikidata.org/entity/Q21951998
BEPCLTOQRTKY,8,0,http://www.wikidata.org/entity/Q21951989
BEPCLTOQRTKY,9,0,http://www.wikidata.org/entity/Q21951911
BEPCLTOQRTKY,10,0,http://www.wikidata.org/entity/Q21951908
BEPCLTOQRTKY,11,0,http://www.wikidata.org/entity/Q21951899
BEPCLTOQRTKY,12,0,http://www.wikidata.org/entity/Q21951884
BEPCLTOQRTKY,13,0,http://www.wikidata.org/entity/Q21951876
BEPCLTOQRTKY,14,0,http://www.wikidata.org/entity/Q21951729
BEPCLTOQRTKY,15,0,http://www.wikidata.org/entity/Q21951698
BEPCLTOQRTKY,16,0,http://www.wikidata.org/entity/Q21951670
0D5NXOO6ZR3N,1,0,http://www.wikidata.org/entity/Q6268451
0D5NXOO6ZR3N,2,0,http://www.wikidata.org/entity/Q6268456
0D5NXOO6ZR3N,3,0,http://www.wikidata.org/entity/Q6268461
0D5NXOO6ZR3N,4,0,http://www.wikidata.org/entity/Q6268465
0D5NXOO6ZR3N,5,0,http://www.wikidata.org/entity/Q6268469
0D5NXOO6ZR3N,6,0,http://www.wikidata.org/entity/Q6268472
0D5NXOO6ZR3N,7,0,http://www.wikidata.org/entity/Q10835921
0D5NXOO6ZR3N,8,0,http://www.wikidata.org/entity/Q4754204
0D5NXOO6ZR3N,9,0,http://www.wikidata.org/entity/Q4754205
0D5NXOO6ZR3N,10,0,http://www.wikidata.org/entity/Q4754208
0D5NXOO6ZR3N,11,0,http://www.wikidata.org/entity/Q4754210
0D5NXOO6ZR3N,12,0,http://www.wikidata.org/entity/Q7193336
0D5NXOO6ZR3N,13,0,http://www.wikidata.org/entity/Q7193339
0D5NXOO6ZR3N,14,0,http://www.wikidata.org/entity/Q5002656
0D5NXOO6ZR3N,15,0,http://www.wikidata.org/entity/Q5002657
0D5NXOO6ZR3N,16,0,http://www.wikidata.org/entity/Q5002661
0D5NXOO6ZR3N,17,0,http://www.wikidata.org/entity/Q7305626
0D5NXOO6ZR3N,18,0,http://www.wikidata.org/entity/Q5858248
0D5NXOO6ZR3N,19,0,http://www.wikidata.org/entity/Q2917031
0D5NXOO6ZR3N,20,0,http://www.wikidata.org/entity/Q7994672
JVAHUV39YSZ7,1,0,http://www.wikidata.org/entity/Q10787063
JVAHUV39YSZ7,2,0,http://www.wikidata.org/entity/Q965317
JVAHUV39YSZ7,3,0,http://www.wikidata.org/entity/Q9046238
JVAHUV39YSZ7,4,0,http://www.wikidata.org/entity/Q10738374
JVAHUV39YSZ7,5,0,http://www.wikidata.org/entity/Q9043578
JVAHUV39YSZ7,6,0,http://www.wikidata.org/entity/Q9043591
JVAHUV39YSZ7,7,0,http://www.wikidata.org/entity/Q2220581
JVAHUV39YSZ7,8,0,http://www.wikidata.org/entity/Q1893239
JVAHUV39YSZ7,9,0,http://www.wikidata.org/entity/Q961896
2EXQA5CI8BQN,1,0,http://www.wikidata.org/entity/Q7998982
2EXQA5CI8BQN,2,0,http://www.wikidata.org/entity/Q7998973
2EXQA5CI8BQN,3,0,http://www.wikidata.org/entity/Q7998961
2EXQA5CI8BQN,4,0,http://www.wikidata.org/entity/Q7998950
2EXQA5CI8BQN,5,0,http://www.wikidata.org/entity/Q7998942
2EXQA5CI8BQN,6,0,http://www.wikidata.org/entity/Q7998936
2EXQA5CI8BQN,7,0,http://www.wikidata.org/entity/Q7998924
2EXQA5CI8BQN,8,0,http://www.wikidata.org/entity/Q7998915
2EXQA5CI8BQN,9,0,http://www.wikidata.org/entity/Q7998909
2EXQA5CI8BQN,10,0,http://www.wikidata.org/entity/Q7998902
2EXQA5CI8BQN,11,0,http://www.wikidata.org/entity/Q7998893
2EXQA5CI8BQN,12,0,http://www.wikidata.org/entity/Q7998886
2EXQA5CI8BQN,13,0,http://www.wikidata.org/entity/Q7998875
2EXQA5CI8BQN,14,0,http://www.wikidata.org/entity/Q7998862
2EXQA5CI8BQN,15,0,http://www.wikidata.org/entity/Q7998853
2EXQA5CI8BQN,16,0,http://www.wikidata.org/entity/Q7998841
B9MOZ70KEZXH,1,0,http://www.wikidata.org/entity/Q6933849
B9MOZ70KEZXH,2,0,http://www.wikidata.org/entity/Q6933839
B9MOZ70KEZXH,3,0,http://www.wikidata.org/entity/Q6922970
B9MOZ70KEZXH,4,0,http://www.wikidata.org/entity/Q6912481
B9MOZ70KEZXH,5,0,http://www.wikidata.org/entity/Q6908247
B9MOZ70KEZXH,6,0,http://www.wikidata.org/entity/Q6878783
B9MOZ70KEZXH,7,0,http://www.wikidata.org/entity/Q6864790
B9MOZ70KEZXH,8,0,http://www.wikidata.org/entity/Q6864339
B9MOZ70KEZXH,9,0,http://www.wikidata.org/entity/Q6861489
B9MOZ70KEZXH,10,0,http://www.wikidata.org/entity/Q6858636
B9MOZ70KEZXH,11,0,http://www.wikidata.org/entity/Q6858298
B9MOZ70KEZXH,12,0,http://www.wikidata.org/entity/Q6851767
B9MOZ70KEZXH,13,0,http://www.wikidata.org/entity/Q6818996
B9MOZ70KEZXH,14,0,http://www.wikidata.org/entity/Q6786731
B9MOZ70KEZXH,15,0,http://www.wikidata.org/entity/Q6772122
GV05ZASROHAZ,1,0,http://www.wikidata.org/entity/Q3460378
GV05ZASROHAZ,2,0,http://www.wikidata.org/entity/Q7137164
GV05ZASROHAZ,3,0,http://www.wikidata.org/entity/Q7137172
GV05ZASROHAZ,4,0,http://www.wikidata.org/entity/Q5058682
GV05ZASROHAZ,5,0,http://www.wikidata.org/entity/Q5864138
GV05ZASROHAZ,6,0,http://www.wikidata.org/entity/Q6041447
GV05ZASROHAZ,7,0,http://www.wikidata.org/entity/Q4767948
GV05ZASROHAZ,8,0,http://www.wikidata.org/entity/Q1015021
GV05ZASROHAZ,9,0,http://www.wikidata.org/entity/Q3316569
GV05ZASROHAZ,10,0,http://www.wikidata.org/entity/Q1375920
GV05ZASROHAZ,11,0,http://www.wikidata.org/entity/Q38249845
GV05ZASROHAZ,12,0,http://www.wikidata.org/entity/Q1184306
GV05ZASROHAZ,13,0,http://www.wikidata.org/entity/Q1274884
GV05ZASROHAZ,14,0,http://www.wikidata.org/entity/Q6922510
GV05ZASROHAZ,15,0,http://www.wikidata.org/entity/Q14711098
GV05ZASROHAZ,16,0,http://www.wikidata.org/entity/Q7563463
GV05ZASROHAZ,17,0,http://www.wikidata.org/entity/Q5046378
GV05ZASROHAZ,18,0,http://www.wikidata.org/entity/Q648142
GV05ZASROHAZ,19,0,http://www.wikidata.org/entity/Q7985741
GV05ZASROHAZ,20,0,http://www.wikidata.org/entity/Q3316682
BOQC4NFXB86U,1,0,http://www.wikidata.org/entity/Q9259406
BOQC4NFXB86U,2,0,http://www.wikidata.org/entity/Q1408399
BOQC4NFXB86U,3,0,http://www.wikidata.org/entity/Q875514
BOQC4NFXB86U,4,0,http://www.wikidata.org/entity/Q1786000
BOQC4NFXB86U,5,0,http://www.wikidata.org/entity/Q20026598
BOQC4NFXB86U,6,0,http://www.wikidata.org/entity/Q11756926
BOQC4NFXB86U,7,0,http://www.wikidata.org/entity/Q1090964
BOQC4NFXB86U,8,0,http://www.wikidata.org/entity/Q17283081
BOQC4NFXB86U,9,0,http://www.wikidata.org/entity/Q1437455
BOQC4NFXB86U,10,0,http://www.wikidata.org/entity/Q1614341
MW5J9BRIHW2C,1,0,http://www.wikidata.org/entity/Q213361
MW5J9BRIHW2C,2,0,http://www.wikidata.org/entity/Q643919
PU2H41RRSVNX,1,0,http://www.wikidata.org/entity/Q2744357
PU2H41RRSVNX,2,0,http://www.wikidata.org/entity/Q620774
PU2H41RRSVNX,3,0,http://www.wikidata.org/entity/Q3229241
PU2H41RRSVNX,4,0,http://www.wikidata.org/entity/Q611067
PU2H41RRSVNX,5,0,http://www.wikidata.org/entity/Q2744594
PU2H41RRSVNX,6,0,http://www.wikidata.org/entity/Q3110787
PU2H41RRSVNX,7,0,http://www.wikidata.org/entity/Q3469649
PU2H41RRSVNX,8,0,http://www.wikidata.org/entity/Q2743014
PU2H41RRSVNX,9,0,http://www.wikidata.org/entity/Q24004396
PU2H41RRSVNX,10,0,http://www.wikidata.org/entity/Q2843151
PU2H41RRSVNX,11,0,http://www.wikidata.org/entity/Q3558948
PU2H41RRSVNX,12,0,http://www.wikidata.org/entity/Q627178
PU2H41RRSVNX,13,0,http://www.wikidata.org/entity/Q3478520
PU2H41RRSVNX,14,0,http://www.wikidata.org/entity/Q3049200
PU2H41RRSVNX,15,0,http://www.wikidata.org/entity/Q3156491
PU2H41RRSVNX,16,0,http://www.wikidata.org/entity/Q3099743
PU2H41RRSVNX,17,0,http://www.wikidata.org/entity/Q3574629
PU2H41RRSVNX,18,0,http://www.wikidata.org/entity/Q604277
PU2H41RRSVNX,19,0,http://www.wikidata.org/entity/Q2991507
PU2H41RRSVNX,20,0,http://www.wikidata.org/entity/Q3552137
PU2H41RRSVNX,21,0,http://www.wikidata.org/entity/Q2832238
PU2H41RRSVNX,22,0,http://www.wikidata.org/entity/Q627163
8BOWORLKGH7Z,1,0,http://www.wikidata.org/entity/Q18718850
8BOWORLKGH7Z,2,0,http://www.wikidata.org/entity/Q962369
8BOWORLKGH7Z,3,0,http://www.wikidata.org/entity/Q1015458
8BOWORLKGH7Z,4,0,http://www.wikidata.org/entity/Q14397181
8BOWORLKGH7Z,5,0,http://www.wikidata.org/entity/Q1015470
8BOWORLKGH7Z,6,0,http://www.wikidata.org/entity/Q12041429
8BOWORLKGH7Z,7,0,http://www.wikidata.org/entity/Q12042921
8BOWORLKGH7Z,8,0,http://www.wikidata.org/entity/Q2068994
8BOWORLKGH7Z,9,0,http://www.wikidata.org/entity/Q1015219
8BOWORLKGH7Z,10,0,http://www.wikidata.org/entity/Q2175230
8BOWORLKGH7Z,11,0,http://www.wikidata.org/entity/Q122916607
8BOWORLKGH7Z,12,0,http://www.wikidata.org/entity/Q1012709
8BOWORLKGH7Z,13,0,http://www.wikidata.org/entity/Q98279620
8BOWORLKGH7Z,14,0,http://www.wikidata.org/entity/Q21587605
8BOWORLKGH7Z,15,0,http://www.wikidata.org/entity/Q1013659
8BOWORLKGH7Z,16,0,http://www.wikidata.org/entity/Q2175517
8BOWORLKGH7Z,17,0,http://www.wikidata.org/entity/Q1012539
XF9N0I14S9SN,1,0,http://www.wikidata.org/entity/Q1550797
XF9N0I14S9SN,2,0,http://www.wikidata.org/entity/Q4479128
XF9N0I14S9SN,3,0,http://www.wikidata.org/entity/Q7845195
XF9N0I14S9SN,4,0,http://www.wikidata.org/entity/Q2024758
XF9N0I14S9SN,5,0,http://www.wikidata.org/entity/Q2010177
XF9N0I14S9SN,6,0,http://www.wikidata.org/entity/Q2010129
XF9N0I14S9SN,7,0,http://www.wikidata.org/entity/Q440062
XF9N0I14S9SN,8,0,http://www.wikidata.org/entity/Q4494362
XF9N0I14S9SN,9,0,http://www.wikidata.org/entity/Q7845215
XF9N0I14S9SN,10,0,http://www.wikidata.org/entity/Q9361798
XF9N0I14S9SN,11,0,http://www.wikidata.org/entity/Q9361765
XF9N0I14S9SN,12,0,http://www.wikidata.org/entity/Q12795008
XF9N0I14S9SN,13,0,http://www.wikidata.org/entity/Q2453526
XF9N0I14S9SN,14,0,http://www.wikidata.org/entity/Q662755
XF9N0I14S9SN,15,0,http://www.wikidata.org/entity/Q7845220
XF9N0I14S9SN,16,0,http://www.wikidata.org/entity/Q4082937
XF9N0I14S9SN,17,0,http://www.wikidata.org/entity/Q4423097
XF9N0I14S9SN,18,0,http://www.wikidata.org/entity/Q1749272
XF9N0I14S9SN,19,0,http://www.wikidata.org/entity/Q3933662
OT8D9JLAU2FH,1,0,http://www.wikidata.org/entity/Q9361762
OT8D9JLAU2FH,2,0,http://www.wikidata.org/entity/Q4239280
OT8D9JLAU2FH,3,0,http://www.wikidata.org/entity/Q7845254
OT8D9JLAU2FH,4,0,http://www.wikidata.org/entity/Q7845245
OT8D9JLAU2FH,5,0,http://www.wikidata.org/entity/Q4497364
OT8D9JLAU2FH,6,0,http://www.wikidata.org/entity/Q609749
5JF40OWZOGG9,1,0,http://www.wikidata.org/entity/Q2656824
5JF40OWZOGG9,2,0,http://www.wikidata.org/entity/Q7635191
5JF40OWZOGG9,3,0,http://www.wikidata.org/entity/Q1618590
5JF40OWZOGG9,4,0,http://www.wikidata.org/entity/Q2681798
5JF40OWZOGG9,5,0,http://www.wikidata.org/entity/Q672161
5JF40OWZOGG9,6,0,http://www.wikidata.org/entity/Q554174
5JF40OWZOGG9,7,0,http://www.wikidata.org/entity/Q7824994
5JF40OWZOGG9,8,0,http://www.wikidata.org/entity/Q15860
5JF40OWZOGG9,9,0,http://www.wikidata.org/entity/Q2582747
5JF40OWZOGG9,10,0,http://www.wikidata.org/entity/Q554162
5JF40OWZOGG9,11,0,http://www.wikidata.org/entity/Q556683
5JF40OWZOGG9,12,0,http://www.wikidata.org/entity/Q6962629
5JF40OWZOGG9,13,0,http://www.wikidata.org/entity/Q567478
5JF40OWZOGG9,14,0,http://www.wikidata.org/entity/Q2028866
5JF40OWZOGG9,15,0,http://www.wikidata.org/entity/Q762132
5JF40OWZOGG9,16,0,http://www.wikidata.org/entity/Q2278933
5JF40OWZOGG9,17,0,http://www.wikidata.org/entity/Q2611075
5JF40OWZOGG9,18,0,http://www.wikidata.org/entity/Q1887668
3WB855RZP9HD,1,0,http://www.wikidata.org/entity/Q500198
3WB855RZP9HD,2,0,http://www.wikidata.org/entity/Q1771311
9JR46W6JE00G,1,0,http://www.wikidata.org/entity/Q2978954
9JR46W6JE00G,2,0,http://www.wikidata.org/entity/Q2979590
QWV6A4BAM17G,1,0,http://www.wikidata.org/entity/Q3464313
QWV6A4BAM17G,2,0,http://www.wikidata.org/entity/Q3202686
QWV6A4BAM17G,3,0,http://www.wikidata.org/entity/Q3231806
QWV6A4BAM17G,4,0,http://www.wikidata.org/entity/Q3462165
QWV6A4BAM17G,5,0,http://www.wikidata.org/entity/Q3229005
QWV6A4BAM17G,6,0,http://www.wikidata.org/entity/Q3335789
QWV6A4BAM17G,7,0,http://www.wikidata.org/entity/Q3461900
QWV6A4BAM17G,8,0,http://www.wikidata.org/entity/Q3481704
QWV6A4BAM17G,9,0,http://www.wikidata.org/entity/Q3356519
QWV6A4BAM17G,10,0,http://www.wikidata.org/entity/Q3464417
QWV6A4BAM17G,11,0,http://www.wikidata.org/entity/Q3462483
QWV6A4BAM17G,12,0,http://www.wikidata.org/entity/Q3041482
QWV6A4BAM17G,13,0,http://www.wikidata.org/entity/Q3128316
QWV6A4BAM17G,14,0,http://www.wikidata.org/entity/Q3214587
QWV6A4BAM17G,15,0,http://www.wikidata.org/entity/Q3344613
QWV6A4BAM17G,16,0,http://www.wikidata.org/entity/Q3269804
QWV6A4BAM17G,17,0,http://www.wikidata.org/entity/Q3462051
QWV6A4BAM17G,18,0,http://www.wikidata.org/entity/Q3067082
QWV6A4BAM17G,19,0,http://www.wikidata.org/entity/Q3382642
QWV6A4BAM17G,20,0,http://www.wikidata.org/entity/Q2870679
QWV6A4BAM17G,21,0,http://www.wikidata.org/entity/Q3462013
QWV6A4BAM17G,22,0,http://www.wikidata.org/entity/Q2975590
QWV6A4BAM17G,23,0,http://www.wikidata.org/entity/Q3140365
QWV6A4BAM17G,24,0,http://www.wikidata.org/entity/Q516388
9ED34AFIKDFO,1,0,http://www.wikidata.org/entity/Q7875273
9ED34AFIKDFO,2,0,http://www.wikidata.org/entity/Q7874814
MSJ4WJPAGMV7,1,0,http://www.wikidata.org/entity/Q7868713
MSJ4WJPAGMV7,2,0,http://www.wikidata.org/entity/Q7867343
XWQ07QBH91RV,1,0,http://www.wikidata.org/entity/Q18549782
XWQ07QBH91RV,2,0,http://www.wikidata.org/entity/Q28725846
XWQ07QBH91RV,3,0,http://www.wikidata.org/entity/Q22075480
XWQ07QBH91RV,4,0,http://www.wikidata.org/entity/Q15299648
XWQ07QBH91RV,5,0,http://www.wikidata.org/entity/Q621427
XWQ07QBH91RV,6,0,http://www.wikidata.org/entity/Q50215807
XWQ07QBH91RV,7,0,http://www.wikidata.org/entity/Q17162456
XWQ07QBH91RV,8,0,http://www.wikidata.org/entity/Q4977466
XWQ07QBH91RV,9,0,http://www.wikidata.org/entity/Q22909025
XWQ07QBH91RV,10,0,http://www.wikidata.org/entity/Q54959073
XWQ07QBH91RV,11,0,http://www.wikidata.org/entity/Q702930
XWQ07QBH91RV,12,0,http://www.wikidata.org/entity/Q708297
XWQ07QBH91RV,13,0,http://www.wikidata.org/entity/Q22909022
XWQ07QBH91RV,14,0,http://www.wikidata.org/entity/Q28150977
XWQ07QBH91RV,15,0,http://www.wikidata.org/entity/Q64361981
XWQ07QBH91RV,16,0,http://www.wikidata.org/entity/Q63859786
XWQ07QBH91RV,17,0,http://www.wikidata.org/entity/Q85789364
XWQ07QBH91RV,18,0,http://www.wikidata.org/entity/Q264059
XWQ07QBH91RV,19,0,http://www.wikidata.org/entity/Q71267608
XWQ07QBH91RV,20,0,http://www.wikidata.org/entity/Q498360
XWQ07QBH91RV,21,0,http://www.wikidata.org/entity/Q18382857
FX1V82LK0309,1,0,http://www.wikidata.org/entity/Q264059
FX1V82LK0309,2,0,http://www.wikidata.org/entity/Q4977466
4864THBV3P0Z,1,0,http://www.wikidata.org/entity/Q112184785
4864THBV3P0Z,2,0,http://www.wikidata.org/entity/Q113513551
4864THBV3P0Z,3,0,http://www.wikidata.org/entity/Q114678888
4864THBV3P0Z,4,0,http://www.wikidata.org/entity/Q114658161
4864THBV3P0Z,5,0,http://www.wikidata.org/entity/Q113513529
4864THBV3P0Z,6,0,http://www.wikidata.org/entity/Q112164664
4864THBV3P0Z,7,0,http://www.wikidata.org/entity/Q5888162
4864THBV3P0Z,8,0,http://www.wikidata.org/entity/Q113513630
4864THBV3P0Z,9,0,http://www.wikidata.org/entity/Q12401729
4864THBV3P0Z,10,0,http://www.wikidata.org/entity/Q112669665
4864THBV3P0Z,11,0,http://www.wikidata.org/entity/Q113513502
4864THBV3P0Z,12,0,http://www.wikidata.org/entity/Q113513605
4864THBV3P0Z,13,0,http://www.wikidata.org/entity/Q20541840
4864THBV3P0Z,14,0,http://www.wikidata.org/entity/Q6063659
4864THBV3P0Z,15,0,http://www.wikidata.org/entity/Q112184790
YZNUSUOQYZJN,1,0,http://www.wikidata.org/entity/Q11766965
YZNUSUOQYZJN,2,0,http://www.wikidata.org/entity/Q804668
YZNUSUOQYZJN,3,0,http://www.wikidata.org/entity/Q1128535
YZNUSUOQYZJN,4,0,http://www.wikidata.org/entity/Q267176
YZNUSUOQYZJN,5,0,http://www.wikidata.org/entity/Q15615397
YZNUSUOQYZJN,6,0,http://www.wikidata.org/entity/Q1141772
YZNUSUOQYZJN,7,0,http://www.wikidata.org/entity/Q113137801
YZNUSUOQYZJN,8,0,http://www.wikidata.org/entity/Q979022
YZNUSUOQYZJN,9,0,http://www.wikidata.org/entity/Q464761
YZNUSUOQYZJN,10,0,http://www.wikidata.org/entity/Q1518017
YZNUSUOQYZJN,11,0,http://www.wikidata.org/entity/Q166385
YZNUSUOQYZJN,12,0,http://www.wikidata.org/entity/Q124655353
YZNUSUOQYZJN,13,0,http://www.wikidata.org/entity/Q110400589
YZNUSUOQYZJN,14,0,http://www.wikidata.org/entity/Q124512441
YZNUSUOQYZJN,15,0,http://www.wikidata.org/entity/Q23044453
YZNUSUOQYZJN,16,0,http://www.wikidata.org/entity/Q123574429
YZNUSUOQYZJN,17,0,http://www.wikidata.org/entity/Q123575230
KTC35UUB9R1O,1,0,http://www.wikidata.org/entity/Q7139189
KTC35UUB9R1O,2,0,http://www.wikidata.org/entity/Q7332842
KTC35UUB9R1O,3,0,http://www.wikidata.org/entity/Q6032707
KTC35UUB9R1O,4,0,http://www.wikidata.org/entity/Q6485146
KTC35UUB9R1O,5,0,http://www.wikidata.org/entity/Q5135941
KTC35UUB9R1O,6,0,http://www.wikidata.org/entity/Q4895742
KTC35UUB9R1O,7,0,http://www.wikidata.org/entity/Q5584124
KTC35UUB9R1O,8,0,http://www.wikidata.org/entity/Q7567315
KTC35UUB9R1O,9,0,http://www.wikidata.org/entity/Q7937577
KTC35UUB9R1O,10,0,http://www.wikidata.org/entity/Q5026693
KTC35UUB9R1O,11,0,http://www.wikidata.org/entity/Q4903728
KTC35UUB9R1O,12,0,http://www.wikidata.org/entity/Q14935850
KTC35UUB9R1O,13,0,http://www.wikidata.org/entity/Q705385
KTC35UUB9R1O,14,0,http://www.wikidata.org/entity/Q7406081
KTC35UUB9R1O,15,0,http://www.wikidata.org/entity/Q6160942
KTC35UUB9R1O,16,0,http://www.wikidata.org/entity/Q8022944
LV628MXKGOZ3,1,0,http://www.wikidata.org/entity/Q63243069
LV628MXKGOZ3,2,0,http://www.wikidata.org/entity/Q63243060
LV628MXKGOZ3,3,0,http://www.wikidata.org/entity/Q63244342
LV628MXKGOZ3,4,0,http://www.wikidata.org/entity/Q63244440
LV628MXKGOZ3,5,0,http://www.wikidata.org/entity/Q25395180
LV628MXKGOZ3,6,0,http://www.wikidata.org/entity/Q63242529
LV628MXKGOZ3,7,0,http://www.wikidata.org/entity/Q63243586
LV628MXKGOZ3,8,0,http://www.wikidata.org/entity/Q63244340
LV628MXKGOZ3,9,0,http://www.wikidata.org/entity/Q63244600
LV628MXKGOZ3,10,0,http://www.wikidata.org/entity/Q63243811
LV628MXKGOZ3,11,0,http://www.wikidata.org/entity/Q113378725
LV628MXKGOZ3,12,0,http://www.wikidata.org/entity/Q63244565
LV628MXKGOZ3,13,0,http://www.wikidata.org/entity/Q63242731
LV628MXKGOZ3,14,0,http://www.wikidata.org/entity/Q63242540
LV628MXKGOZ3,15,0,http://www.wikidata.org/entity/Q63244267
LV628MXKGOZ3,16,0,http://www.wikidata.org/entity/Q2975656
BKM379MA9NKT,1,0,http://www.wikidata.org/entity/Q6168626
BKM379MA9NKT,2,0,http://www.wikidata.org/entity/Q12198249
BKM379MA9NKT,3,0,http://www.wikidata.org/entity/Q12206808
BKM379MA9NKT,4,0,http://www.wikidata.org/entity/Q2828132
BKM379MA9NKT,5,0,http://www.wikidata.org/entity/Q12216229
BKM379MA9NKT,6,0,http://www.wikidata.org/entity/Q12191866
BKM379MA9NKT,7,0,http://www.wikidata.org/entity/Q3274524
BKM379MA9NKT,8,0,http://www.wikidata.org/entity/Q12214846
BKM379MA9NKT,9,0,http://www.wikidata.org/entity/Q12197883
BKM379MA9NKT,10,0,http://www.wikidata.org/entity/Q16644553
BKM379MA9NKT,11,0,http://www.wikidata.org/entity/Q12247908
BKM379MA9NKT,12,0,http://www.wikidata.org/entity/Q12195613
BKM379MA9NKT,13,0,http://www.wikidata.org/entity/Q4661530
BKM379MA9NKT,14,0,http://www.wikidata.org/entity/Q1018292
BKM379MA9NKT,15,0,http://www.wikidata.org/entity/Q5637645
BKM379MA9NKT,16,0,http://www.wikidata.org/entity/Q12244094
ZZIEOICTVMIW,1,0,http://www.wikidata.org/entity/Q30035355
ZZIEOICTVMIW,2,0,http://www.wikidata.org/entity/Q30032944
ZZIEOICTVMIW,3,0,http://www.wikidata.org/entity/Q29581935
ZZIEOICTVMIW,4,0,http://www.wikidata.org/entity/Q28913226
ZZIEOICTVMIW,5,0,http://www.wikidata.org/entity/Q28873776
ZZIEOICTVMIW,6,0,http://www.wikidata.org/entity/Q28828017
ZZIEOICTVMIW,7,0,http://www.wikidata.org/entity/Q28821670
ZZIEOICTVMIW,8,0,http://www.wikidata.org/entity/Q28598822
ZZIEOICTVMIW,9,0,http://www.wikidata.org/entity/Q28379829
ZZIEOICTVMIW,10,0,http://www.wikidata.org/entity/Q28183374
ZZIEOICTVMIW,11,0,http://www.wikidata.org/entity/Q28038517
ZZIEOICTVMIW,12,0,http://www.wikidata.org/entity/Q27946747
ZZIEOICTVMIW,13,0,http://www.wikidata.org/entity/Q27058850
ZZIEOICTVMIW,14,0,http://www.wikidata.org/entity/Q23015782
ZZIEOICTVMIW,15,0,http://www.wikidata.org/entity/Q19915178
ZZIEOICTVMIW,16,0,http://www.wikidata.org/entity/Q4920323
ZZIEOICTVMIW,17,0,http://www.wikidata.org/entity/Q3076670
ZZIEOICTVMIW,18,0,http://www.wikidata.org/entity/Q55590343
ZZIEOICTVMIW,19,0,http://www.wikidata.org/entity/Q55390412
ZZIEOICTVMIW,20,0,http://www.wikidata.org/entity/Q55094461
ZZIEOICTVMIW,21,0,http://www.wikidata.org/entity/Q54165959
ZZIEOICTVMIW,22,0,http://www.wikidata.org/entity/Q52772392
ZZIEOICTVMIW,23,0,http://www.wikidata.org/entity/Q51712328
ZZIEOICTVMIW,24,0,http://www.wikidata.org/entity/Q47621425
ZZIEOICTVMIW,25,0,http://www.wikidata.org/entity/Q47528030
S2E34AW27Y41,1,0,http://www.wikidata.org/entity/Q10921722
S2E34AW27Y41,2,0,http://www.wikidata.org/entity/Q102267478
S2E34AW27Y41,3,0,http://www.wikidata.org/entity/Q1321785
S2E34AW27Y41,4,0,http://www.wikidata.org/entity/Q3227874
S2E34AW27Y41,5,0,http://www.wikidata.org/entity/Q11277321
S2E34AW27Y41,6,0,http://www.wikidata.org/entity/Q3681225
S2E34AW27Y41,7,0,http://www.wikidata.org/entity/Q1075674
S2E34AW27Y41,8,0,http://www.wikidata.org/entity/Q3546527
S2E34AW27Y41,9,0,http://www.wikidata.org/entity/Q729970
S2E34AW27Y41,10,0,http://www.wikidata.org/entity/Q849368
S2E34AW27Y41,11,0,http://www.wikidata.org/entity/Q11315965
S2E34AW27Y41,12,0,http://www.wikidata.org/entity/Q700320
8I4EF0QE5OSI,1,0,http://www.wikidata.org/entity/Q2298504
8I4EF0QE5OSI,2,0,http://www.wikidata.org/entity/Q65966131
8I4EF0QE5OSI,3,0,http://www.wikidata.org/entity/Q112246920
8I4EF0QE5OSI,4,0,http://www.wikidata.org/entity/Q112619421
8I4EF0QE5OSI,5,0,http://www.wikidata.org/entity/Q67440275
8I4EF0QE5OSI,6,0,http://www.wikidata.org/entity/Q116218118
8I4EF0QE5OSI,7,0,http://www.wikidata.org/entity/Q60751540
8I4EF0QE5OSI,8,0,http://www.wikidata.org/entity/Q104512235
8I4EF0QE5OSI,9,0,http://www.wikidata.org/entity/Q118150030
8I4EF0QE5OSI,10,0,http://www.wikidata.org/entity/Q27859574
8I4EF0QE5OSI,11,0,http://www.wikidata.org/entity/Q1703835
8I4EF0QE5OSI,12,0,http://www.wikidata.org/entity/Q30035999
AF1ODQ0ZOZKF,1,0,http://www.wikidata.org/entity/Q12956644
AF1ODQ0ZOZKF,2,0,http://www.wikidata.org/entity/Q20986481
VJAKLXGUNMJA,1,0,http://www.wikidata.org/entity/Q7368965
VJAKLXGUNMJA,2,0,http://www.wikidata.org/entity/Q25302434
VJAKLXGUNMJA,3,0,http://www.wikidata.org/entity/Q2622235
VJAKLXGUNMJA,4,0,http://www.wikidata.org/entity/Q109607011
VJAKLXGUNMJA,5,0,http://www.wikidata.org/entity/Q1453986
VJAKLXGUNMJA,6,0,http://www.wikidata.org/entity/Q7871099
VJAKLXGUNMJA,7,0,http://www.wikidata.org/entity/Q7871296
VJAKLXGUNMJA,8,0,http://www.wikidata.org/entity/Q4745956
VJAKLXGUNMJA,9,0,http://www.wikidata.org/entity/Q18888446
VJAKLXGUNMJA,10,0,http://www.wikidata.org/entity/Q6720187
VJAKLXGUNMJA,11,0,http://www.wikidata.org/entity/Q18356897
VJAKLXGUNMJA,12,0,http://www.wikidata.org/entity/Q2036118
VJAKLXGUNMJA,13,0,http://www.wikidata.org/entity/Q16039354
VJAKLXGUNMJA,14,0,http://www.wikidata.org/entity/Q26861430
VJAKLXGUNMJA,15,0,http://www.wikidata.org/entity/Q10565664
VJAKLXGUNMJA,16,0,http://www.wikidata.org/entity/Q108537044
VJAKLXGUNMJA,17,0,http://www.wikidata.org/entity/Q11711650
4K4P3GFDP6TE,1,0,http://www.wikidata.org/entity/Q125054302
4K4P3GFDP6TE,2,0,http://www.wikidata.org/entity/Q106567056
4K4P3GFDP6TE,3,0,http://www.wikidata.org/entity/Q23012051
4K4P3GFDP6TE,4,0,http://www.wikidata.org/entity/Q125054240
4K4P3GFDP6TE,5,0,http://www.wikidata.org/entity/Q19887473
4K4P3GFDP6TE,6,0,http://www.wikidata.org/entity/Q125054057
4K4P3GFDP6TE,7,0,http://www.wikidata.org/entity/Q125053680
4K4P3GFDP6TE,8,0,http://www.wikidata.org/entity/Q108658148
4K4P3GFDP6TE,9,0,http://www.wikidata.org/entity/Q125053857
4K4P3GFDP6TE,10,0,http://www.wikidata.org/entity/Q92391057
4K4P3GFDP6TE,11,0,http://www.wikidata.org/entity/Q125053873
4K4P3GFDP6TE,12,0,http://www.wikidata.org/entity/Q125053738
4K4P3GFDP6TE,13,0,http://www.wikidata.org/entity/Q125053849
4K4P3GFDP6TE,14,0,http://www.wikidata.org/entity/Q106566797
OYQQXB5DCMT9,1,0,http://www.wikidata.org/entity/Q2251292
OYQQXB5DCMT9,2,0,http://www.wikidata.org/entity/Q2295660
T7IHT3KT8VAE,1,0,http://www.wikidata.org/entity/Q2017561
T7IHT3KT8VAE,2,0,http://www.wikidata.org/entity/Q2488577
T7IHT3KT8VAE,3,0,http://www.wikidata.org/entity/Q2251235
T7IHT3KT8VAE,4,0,http://www.wikidata.org/entity/Q2346474
T7IHT3KT8VAE,5,0,http://www.wikidata.org/entity/Q26820618
T7IHT3KT8VAE,6,0,http://www.wikidata.org/entity/Q2014761
AJMPBNMD9PXM,1,0,http://www.wikidata.org/entity/Q2704980
AJMPBNMD9PXM,2,0,http://www.wikidata.org/entity/Q2705207
AJMPBNMD9PXM,3,0,http://www.wikidata.org/entity/Q41796518
AJMPBNMD9PXM,4,0,http://www.wikidata.org/entity/Q66312046
AJMPBNMD9PXM,5,0,http://www.wikidata.org/entity/Q2739523
SSLCRLUV7YRI,1,0,http://www.wikidata.org/entity/Q10504179
SSLCRLUV7YRI,2,0,http://www.wikidata.org/entity/Q145250
SSLCRLUV7YRI,3,0,http://www.wikidata.org/entity/Q19969351
SSLCRLUV7YRI,4,0,http://www.wikidata.org/entity/Q142919
SSLCRLUV7YRI,5,0,http://www.wikidata.org/entity/Q140070
SSLCRLUV7YRI,6,0,http://www.wikidata.org/entity/Q141879
SSLCRLUV7YRI,7,0,http://www.wikidata.org/entity/Q10858741
SSLCRLUV7YRI,8,0,http://www.wikidata.org/entity/Q833082
SSLCRLUV7YRI,9,0,http://www.wikidata.org/entity/Q13416143
SSLCRLUV7YRI,10,0,http://www.wikidata.org/entity/Q863837
SSLCRLUV7YRI,11,0,http://www.wikidata.org/entity/Q1031718
SSLCRLUV7YRI,12,0,http://www.wikidata.org/entity/Q146482
SSLCRLUV7YRI,13,0,http://www.wikidata.org/entity/Q578759
SSLCRLUV7YRI,14,0,http://www.wikidata.org/entity/Q140302
SSLCRLUV7YRI,15,0,http://www.wikidata.org/entity/Q140875
SSLCRLUV7YRI,16,0,http://www.wikidata.org/entity/Q2212930
R4VQA9GNM3HX,1,0,http://www.wikidata.org/entity/Q78807019
R4VQA9GNM3HX,2,0,http://www.wikidata.org/entity/Q94609183
R4VQA9GNM3HX,3,0,http://www.wikidata.org/entity/Q78809159
R4VQA9GNM3HX,4,0,http://www.wikidata.org/entity/Q78805627
R4VQA9GNM3HX,5,0,http://www.wikidata.org/entity/Q78805742
R4VQA9GNM3HX,6,0,http://www.wikidata.org/entity/Q78809035
R4VQA9GNM3HX,7,0,http://www.wikidata.org/entity/Q86360015
R4VQA9GNM3HX,8,0,http://www.wikidata.org/entity/Q78813296
R4VQA9GNM3HX,9,0,http://www.wikidata.org/entity/Q78814631
R4VQA9GNM3HX,10,0,http://www.wikidata.org/entity/Q77392379
R4VQA9GNM3HX,11,0,http://www.wikidata.org/entity/Q78805702
R4VQA9GNM3HX,12,0,http://www.wikidata.org/entity/Q77402311
R4VQA9GNM3HX,13,0,http://www.wikidata.org/entity/Q95504887
E3SSZ3RPHK2I,1,0,http://www.wikidata.org/entity/Q56266880
E3SSZ3RPHK2I,2,0,http://www.wikidata.org/entity/Q582175
E3SSZ3RPHK2I,3,0,http://www.wikidata.org/entity/Q56266872
E3SSZ3RPHK2I,4,0,http://www.wikidata.org/entity/Q56421340
E3SSZ3RPHK2I,5,0,http://www.wikidata.org/entity/Q56421343
E3SSZ3RPHK2I,6,0,http://www.wikidata.org/entity/Q4692671
E3SSZ3RPHK2I,7,0,http://www.wikidata.org/entity/Q56425795
E3SSZ3RPHK2I,8,0,http://www.wikidata.org/entity/Q56266901
E3SSZ3RPHK2I,9,0,http://www.wikidata.org/entity/Q56421401
E3SSZ3RPHK2I,10,0,http://www.wikidata.org/entity/Q56425781
E3SSZ3RPHK2I,11,0,http://www.wikidata.org/entity/Q73787
E3SSZ3RPHK2I,12,0,http://www.wikidata.org/entity/Q56266882
E3SSZ3RPHK2I,13,0,http://www.wikidata.org/entity/Q11781220
E3SSZ3RPHK2I,14,0,http://www.wikidata.org/entity/Q56421386
98OKTDAZARHE,1,0,http://www.wikidata.org/entity/Q217430
98OKTDAZARHE,2,0,http://www.wikidata.org/entity/Q2291254
98OKTDAZARHE,3,0,http://www.wikidata.org/entity/Q4992724
98OKTDAZARHE,4,0,http://www.wikidata.org/entity/Q16505415
98OKTDAZARHE,5,0,http://www.wikidata.org/entity/Q17644846
98OKTDAZARHE,6,0,http://www.wikidata.org/entity/Q16963361
98OKTDAZARHE,7,0,http://www.wikidata.org/entity/Q16276130
98OKTDAZARHE,8,0,http://www.wikidata.org/entity/Q10602983
98OKTDAZARHE,9,0,http://www.wikidata.org/entity/Q1765665
98OKTDAZARHE,10,0,http://www.wikidata.org/entity/Q18134082
98OKTDAZARHE,11,0,http://www.wikidata.org/entity/Q2618547
NC82ULW9ODW0,1,0,http://www.wikidata.org/entity/Q56759860
NC82ULW9ODW0,2,0,http://www.wikidata.org/entity/Q56753858
OD9MGDO9ABIZ,1,0,http://www.wikidata.org/entity/Q114895167
OD9MGDO9ABIZ,2,0,http://www.wikidata.org/entity/Q11662276
OD9MGDO9ABIZ,3,0,http://www.wikidata.org/entity/Q11662268
OD9MGDO9ABIZ,4,0,http://www.wikidata.org/entity/Q11662260
OD9MGDO9ABIZ,5,0,http://www.wikidata.org/entity/Q11662253
OD9MGDO9ABIZ,6,0,http://www.wikidata.org/entity/Q11662229
OD9MGDO9ABIZ,7,0,http://www.wikidata.org/entity/Q11662224
OD9MGDO9ABIZ,8,0,http://www.wikidata.org/entity/Q11662222
OD9MGDO9ABIZ,9,0,http://www.wikidata.org/entity/Q11662218
OD9MGDO9ABIZ,10,0,http://www.wikidata.org/entity/Q11662207
OD9MGDO9ABIZ,11,0,http://www.wikidata.org/entity/Q11617486
OD9MGDO9ABIZ,12,0,http://www.wikidata.org/entity/Q11617457
OD9MGDO9ABIZ,13,0,http://www.wikidata.org/entity/Q11617456
YMWF8VL9Z9TL,1,0,http://www.wikidata.org/entity/Q7036902
YMWF8VL9Z9TL,2,0,http://www.wikidata.org/entity/Q6191068
YMWF8VL9Z9TL,3,0,http://www.wikidata.org/entity/Q6167955
YMWF8VL9Z9TL,4,0,http://www.wikidata.org/entity/Q6156197
YMWF8VL9Z9TL,5,0,http://www.wikidata.org/entity/Q6148270
YMWF8VL9Z9TL,6,0,http://www.wikidata.org/entity/Q6126779
YMWF8VL9Z9TL,7,0,http://www.wikidata.org/entity/Q6122057
YMWF8VL9Z9TL,8,0,http://www.wikidata.org/entity/Q5744940
YMWF8VL9Z9TL,9,0,http://www.wikidata.org/entity/Q5712411
YMWF8VL9Z9TL,10,0,http://www.wikidata.org/entity/Q5695372
YMWF8VL9Z9TL,11,0,http://www.wikidata.org/entity/Q5657953
YMWF8VL9Z9TL,12,0,http://www.wikidata.org/entity/Q6965536
YMWF8VL9Z9TL,13,0,http://www.wikidata.org/entity/Q6963471
YMWF8VL9Z9TL,14,0,http://www.wikidata.org/entity/Q6960994
YMWF8VL9Z9TL,15,0,http://www.wikidata.org/entity/Q6960934
YMWF8VL9Z9TL,16,0,http://www.wikidata.org/entity/Q6959081
YMWF8VL9Z9TL,17,0,http://www.wikidata.org/entity/Q6958531
YMWF8VL9Z9TL,18,0,http://www.wikidata.org/entity/Q6958403
YMWF8VL9Z9TL,19,0,http://www.wikidata.org/entity/Q6956718
YMWF8VL9Z9TL,20,0,http://www.wikidata.org/entity/Q6947639
LASFKIH9TGQQ,1,0,http://www.wikidata.org/entity/Q6437514
LASFKIH9TGQQ,2,0,http://www.wikidata.org/entity/Q6434909
LASFKIH9TGQQ,3,0,http://www.wikidata.org/entity/Q6434369
G55HOUUI5322,1,0,http://www.wikidata.org/entity/Q24417
G55HOUUI5322,2,0,http://www.wikidata.org/entity/Q24415
G55HOUUI5322,3,0,http://www.wikidata.org/entity/Q24411
T09FW82HU0D3,1,0,http://www.wikidata.org/entity/Q99669502
T09FW82HU0D3,2,0,http://www.wikidata.org/entity/Q99669306
LPPO75PL6IQW,1,0,http://www.wikidata.org/entity/Q506887
LPPO75PL6IQW,2,0,http://www.wikidata.org/entity/Q7042
P7PB84KMHEM1,1,0,http://www.wikidata.org/entity/Q97286622
P7PB84KMHEM1,2,0,http://www.wikidata.org/entity/Q73062112
P7PB84KMHEM1,3,0,http://www.wikidata.org/entity/Q78068955
P7PB84KMHEM1,4,0,http://www.wikidata.org/entity/Q97014213
P7PB84KMHEM1,5,0,http://www.wikidata.org/entity/Q96962680
P7PB84KMHEM1,6,0,http://www.wikidata.org/entity/Q96242676
P7PB84KMHEM1,7,0,http://www.wikidata.org/entity/Q96250366
P7PB84KMHEM1,8,0,http://www.wikidata.org/entity/Q90832964
P7PB84KMHEM1,9,0,http://www.wikidata.org/entity/Q109314345
P7PB84KMHEM1,10,0,http://www.wikidata.org/entity/Q97153845
P7PB84KMHEM1,11,0,http://www.wikidata.org/entity/Q91228421
P7PB84KMHEM1,12,0,http://www.wikidata.org/entity/Q105336146
P7PB84KMHEM1,13,0,http://www.wikidata.org/entity/Q105437549
P7PB84KMHEM1,14,0,http://www.wikidata.org/entity/Q109490027
P7PB84KMHEM1,15,0,http://www.wikidata.org/entity/Q109348742
P7PB84KMHEM1,16,0,http://www.wikidata.org/entity/Q90805092
5C08KDM1LR8S,1,0,http://www.wikidata.org/entity/Q20569787
5C08KDM1LR8S,2,0,http://www.wikidata.org/entity/Q700479
5C08KDM1LR8S,3,0,http://www.wikidata.org/entity/Q2332966
5C08KDM1LR8S,4,0,http://www.wikidata.org/entity/Q20598904
5C08KDM1LR8S,5,0,http://www.wikidata.org/entity/Q2471376
5GMWANZHCRCB,1,0,http://www.wikidata.org/entity/Q27350663
5GMWANZHCRCB,2,0,http://www.wikidata.org/entity/Q465816
5GMWANZHCRCB,3,0,http://www.wikidata.org/entity/Q7546154
5GMWANZHCRCB,4,0,http://www.wikidata.org/entity/Q5446224
5GMWANZHCRCB,5,0,http://www.wikidata.org/entity/Q21837119
5GMWANZHCRCB,6,0,http://www.wikidata.org/entity/Q27729532
5GMWANZHCRCB,7,0,http://www.wikidata.org/entity/Q23723862
5GMWANZHCRCB,8,0,http://www.wikidata.org/entity/Q23999692
5GMWANZHCRCB,9,0,http://www.wikidata.org/entity/Q56339662
5GMWANZHCRCB,10,0,http://www.wikidata.org/entity/Q1595132
5GMWANZHCRCB,11,0,http://www.wikidata.org/entity/Q107338778
5GMWANZHCRCB,12,0,http://www.wikidata.org/entity/Q24651706
5GMWANZHCRCB,13,0,http://www.wikidata.org/entity/Q1309969
5GMWANZHCRCB,14,0,http://www.wikidata.org/entity/Q286993
5GMWANZHCRCB,15,0,http://www.wikidata.org/entity/Q23733241
O83FF29QFON0,1,0,http://www.wikidata.org/entity/Q13652783
O83FF29QFON0,2,0,http://www.wikidata.org/entity/Q16715221
O83FF29QFON0,3,0,http://www.wikidata.org/entity/Q21648392
O83FF29QFON0,4,0,http://www.wikidata.org/entity/Q21633780
O83FF29QFON0,5,0,http://www.wikidata.org/entity/Q6513171
O83FF29QFON0,6,0,http://www.wikidata.org/entity/Q6513150
O83FF29QFON0,7,0,http://www.wikidata.org/entity/Q6483326
O83FF29QFON0,8,0,http://www.wikidata.org/entity/Q89288189
O83FF29QFON0,9,0,http://www.wikidata.org/entity/Q42302919
O83FF29QFON0,10,0,http://www.wikidata.org/entity/Q4168509
O83FF29QFON0,11,0,http://www.wikidata.org/entity/Q13133301
O83FF29QFON0,12,0,http://www.wikidata.org/entity/Q16699379
O83FF29QFON0,13,0,http://www.wikidata.org/entity/Q21650705
O83FF29QFON0,14,0,http://www.wikidata.org/entity/Q21631839
O83FF29QFON0,15,0,http://www.wikidata.org/entity/Q6502437
O83FF29QFON0,16,0,http://www.wikidata.org/entity/Q21627581
O83FF29QFON0,17,0,http://www.wikidata.org/entity/Q16703981
S13I0WYENH8H,1,0,http://www.wikidata.org/entity/Q2734064
S13I0WYENH8H,2,0,http://www.wikidata.org/entity/Q25562337
UVL7TB3R14NW,1,0,http://www.wikidata.org/entity/Q1108705
UVL7TB3R14NW,2,0,http://www.wikidata.org/entity/Q229318
W0X4KTK2H196,1,0,http://www.wikidata.org/entity/Q86368612
W0X4KTK2H196,2,0,http://www.wikidata.org/entity/Q80896648
W0X4KTK2H196,3,0,http://www.wikidata.org/entity/Q84145148
W0X4KTK2H196,4,0,http://www.wikidata.org/entity/Q80297032
W0X4KTK2H196,5,0,http://www.wikidata.org/entity/Q80460528
W0X4KTK2H196,6,0,http://www.wikidata.org/entity/Q76077863
W0X4KTK2H196,7,0,http://www.wikidata.org/entity/Q74025977
W0X4KTK2H196,8,0,http://www.wikidata.org/entity/Q88006583
W0X4KTK2H196,9,0,http://www.wikidata.org/entity/Q97059200
W0X4KTK2H196,10,0,http://www.wikidata.org/entity/Q85288236
W0X4KTK2H196,11,0,http://www.wikidata.org/entity/Q88889644
W0X4KTK2H196,12,0,http://www.wikidata.org/entity/Q78756790
W0X4KTK2H196,13,0,http://www.wikidata.org/entity/Q78942181
W0X4KTK2H196,14,0,http://www.wikidata.org/entity/Q78756478
VRQ0D2WBCHG8,1,0,http://www.wikidata.org/entity/Q87797525
VRQ0D2WBCHG8,2,0,http://www.wikidata.org/entity/Q94590704
VRQ0D2WBCHG8,3,0,http://www.wikidata.org/entity/Q86513292
VRQ0D2WBCHG8,4,0,http://www.wikidata.org/entity/Q90976992
7TYAPWR9OLYA,1,0,http://www.wikidata.org/entity/Q74720679
7TYAPWR9OLYA,2,0,http://www.wikidata.org/entity/Q78157931
7TYAPWR9OLYA,3,0,http://www.wikidata.org/entity/Q74707055
7TYAPWR9OLYA,4,0,http://www.wikidata.org/entity/Q74707490
7TYAPWR9OLYA,5,0,http://www.wikidata.org/entity/Q74661294
7TYAPWR9OLYA,6,0,http://www.wikidata.org/entity/Q78158944
7TYAPWR9OLYA,7,0,http://www.wikidata.org/entity/Q78167134
7TYAPWR9OLYA,8,0,http://www.wikidata.org/entity/Q74660832
7TYAPWR9OLYA,9,0,http://www.wikidata.org/entity/Q81359524
7TYAPWR9OLYA,10,0,http://www.wikidata.org/entity/Q81225368
LLZF5UXEN9UC,1,0,http://www.wikidata.org/entity/Q81213450
LLZF5UXEN9UC,2,0,http://www.wikidata.org/entity/Q78166673
LLZF5UXEN9UC,3,0,http://www.wikidata.org/entity/Q74721450
HHNVAYPEC7GI,1,0,http://www.wikidata.org/entity/Q2607822
HHNVAYPEC7GI,2,0,http://www.wikidata.org/entity/Q2600988
HHNVAYPEC7GI,3,0,http://www.wikidata.org/entity/Q2600941
HHNVAYPEC7GI,4,0,http://www.wikidata.org/entity/Q2600411
HHNVAYPEC7GI,5,0,http://www.wikidata.org/entity/Q2598606
HHNVAYPEC7GI,6,0,http://www.wikidata.org/entity/Q2590667
HHNVAYPEC7GI,7,0,http://www.wikidata.org/entity/Q2586215
HHNVAYPEC7GI,8,0,http://www.wikidata.org/entity/Q2585697
HHNVAYPEC7GI,9,0,http://www.wikidata.org/entity/Q2583088
HHNVAYPEC7GI,10,0,http://www.wikidata.org/entity/Q2581974
HHNVAYPEC7GI,11,0,http://www.wikidata.org/entity/Q2581787
HHNVAYPEC7GI,12,0,http://www.wikidata.org/entity/Q2580441
HHNVAYPEC7GI,13,0,http://www.wikidata.org/entity/Q2571619
HHNVAYPEC7GI,14,0,http://www.wikidata.org/entity/Q2567888
HHNVAYPEC7GI,15,0,http://www.wikidata.org/entity/Q2558498
05RHZ5HXNETU,1,0,http://www.wikidata.org/entity/Q10401
05RHZ5HXNETU,2,0,http://www.wikidata.org/entity/Q1803449
05RHZ5HXNETU,3,0,http://www.wikidata.org/entity/Q10523
05RHZ5HXNETU,4,0,http://www.wikidata.org/entity/Q1803244
05RHZ5HXNETU,5,0,http://www.wikidata.org/entity/Q10434
05RHZ5HXNETU,6,0,http://www.wikidata.org/entity/Q1756892
05RHZ5HXNETU,7,0,http://www.wikidata.org/entity/Q1527996
05RHZ5HXNETU,8,0,http://www.wikidata.org/entity/Q1803069
05RHZ5HXNETU,9,0,http://www.wikidata.org/entity/Q1803488
05RHZ5HXNETU,10,0,http://www.wikidata.org/entity/Q10489
05RHZ5HXNETU,11,0,http://www.wikidata.org/entity/Q1664009
05RHZ5HXNETU,12,0,http://www.wikidata.org/entity/Q1790442
05RHZ5HXNETU,13,0,http://www.wikidata.org/entity/Q10469
05RHZ5HXNETU,14,0,http://www.wikidata.org/entity/Q1449780
05RHZ5HXNETU,15,0,http://www.wikidata.org/entity/Q10423
05RHZ5HXNETU,16,0,http://www.wikidata.org/entity/Q1803378
05RHZ5HXNETU,17,0,http://www.wikidata.org/entity/Q1803381
05RHZ5HXNETU,18,0,http://www.wikidata.org/entity/Q1281905
05RHZ5HXNETU,19,0,http://www.wikidata.org/entity/Q1260692
05RHZ5HXNETU,20,0,http://www.wikidata.org/entity/Q10429
EQKM4WMLW7QV,1,0,http://www.wikidata.org/entity/Q15179528
EQKM4WMLW7QV,2,0,http://www.wikidata.org/entity/Q11993770
EQKM4WMLW7QV,3,0,http://www.wikidata.org/entity/Q19399171
EQKM4WMLW7QV,4,0,http://www.wikidata.org/entity/Q17382021
EQKM4WMLW7QV,5,0,http://www.wikidata.org/entity/Q11979996
EQKM4WMLW7QV,6,0,http://www.wikidata.org/entity/Q56368897
EQKM4WMLW7QV,7,0,http://www.wikidata.org/entity/Q19398871
EQKM4WMLW7QV,8,0,http://www.wikidata.org/entity/Q1518263
EQKM4WMLW7QV,9,0,http://www.wikidata.org/entity/Q26256500
EQKM4WMLW7QV,10,0,http://www.wikidata.org/entity/Q21051530
EQKM4WMLW7QV,11,0,http://www.wikidata.org/entity/Q56406227
EQKM4WMLW7QV,12,0,http://www.wikidata.org/entity/Q7080628
EQKM4WMLW7QV,13,0,http://www.wikidata.org/entity/Q17760886
EQKM4WMLW7QV,14,0,http://www.wikidata.org/entity/Q1806556
EQKM4WMLW7QV,15,0,http://www.wikidata.org/entity/Q11960702
EQKM4WMLW7QV,16,0,http://www.wikidata.org/entity/Q19399289
ZI1AEW10S6WU,1,0,http://www.wikidata.org/entity/Q275904
ZI1AEW10S6WU,2,0,http://www.wikidata.org/entity/Q775799
ZI1AEW10S6WU,3,0,http://www.wikidata.org/entity/Q756598
ZI1AEW10S6WU,4,0,http://www.wikidata.org/entity/Q593157
ZI1AEW10S6WU,5,0,http://www.wikidata.org/entity/Q668701
ZI1AEW10S6WU,6,0,http://www.wikidata.org/entity/Q275642
ZI1AEW10S6WU,7,0,http://www.wikidata.org/entity/Q751352
ZI1AEW10S6WU,8,0,http://www.wikidata.org/entity/Q906711
ZI1AEW10S6WU,9,0,http://www.wikidata.org/entity/Q253872
ZI1AEW10S6WU,10,0,http://www.wikidata.org/entity/Q736276
ZI1AEW10S6WU,11,0,http://www.wikidata.org/entity/Q584531
ZI1AEW10S6WU,12,0,http://www.wikidata.org/entity/Q186719
ZI1AEW10S6WU,13,0,http://www.wikidata.org/entity/Q935834
ZI1AEW10S6WU,14,0,http://www.wikidata.org/entity/Q899461
ZI1AEW10S6WU,15,0,http://www.wikidata.org/entity/Q276117
ZI1AEW10S6WU,16,0,http://www.wikidata.org/entity/Q548502
ZI1AEW10S6WU,17,0,http://www.wikidata.org/entity/Q292769
ZI1AEW10S6WU,18,0,http://www.wikidata.org/entity/Q507846
ZI1AEW10S6WU,19,0,http://www.wikidata.org/entity/Q248959
ZI1AEW10S6WU,20,0,http://www.wikidata.org/entity/Q837152
ZI1AEW10S6WU,21,0,http://www.wikidata.org/entity/Q899551
ZI1AEW10S6WU,22,0,http://www.wikidata.org/entity/Q837968
ZI1AEW10S6WU,23,0,http://www.wikidata.org/entity/Q748068
ZI1AEW10S6WU,24,0,http://www.wikidata.org/entity/Q899467
52LT3S65FWRC,1,0,http://www.wikidata.org/entity/Q1829889
52LT3S65FWRC,1,1,http://www.wikidata.org/entity/Q18519893
52LT3S65FWRC,2,0,http://www.wikidata.org/entity/Q3436913
52LT3S65FWRC,2,1,http://www.wikidata.org/entity/Q18519893
52LT3S65FWRC,3,0,http://www.wikidata.org/entity/Q2318474
52LT3S65FWRC,3,1,http://www.wikidata.org/entity/Q18519893
52LT3S65FWRC,4,0,http://www.wikidata.org/entity/Q2257988
52LT3S65FWRC,4,1,http://www.wikidata.org/entity/Q18519893
52LT3S65FWRC,5,0,http://www.wikidata.org/entity/Q3300993
52LT3S65FWRC,5,1,http://www.wikidata.org/entity/Q18519893
52LT3S65FWRC,6,0,http://www.wikidata.org/entity/Q2299248
52LT3S65FWRC,6,1,http://www.wikidata.org/entity/Q18519893
52LT3S65FWRC,7,0,http://www.wikidata.org/entity/Q3440615
52LT3S65FWRC,7,1,http://www.wikidata.org/entity/Q18519893
52LT3S65FWRC,8,0,http://www.wikidata.org/entity/Q2554996
52LT3S65FWRC,8,1,http://www.wikidata.org/entity/Q18519893
52LT3S65FWRC,9,0,http://www.wikidata.org/entity/Q1852665
52LT3S65FWRC,9,1,http://www.wikidata.org/entity/Q18519893
52LT3S65FWRC,10,0,http://www.wikidata.org/entity/Q554257
52LT3S65FWRC,10,1,http://www.wikidata.org/entity/Q18519893
52LT3S65FWRC,11,0,http://www.wikidata.org/entity/Q12790229
52LT3S65FWRC,11,1,http://www.wikidata.org/entity/Q18519893
52LT3S65FWRC,12,0,http://www.wikidata.org/entity/Q2354989
52LT3S65FWRC,12,1,http://www.wikidata.org/entity/Q18519893
52LT3S65FWRC,13,0,http://www.wikidata.org/entity/Q12786830
52LT3S65FWRC,13,1,http://www.wikidata.org/entity/Q18363639
52LT3S65FWRC,14,0,http://www.wikidata.org/entity/Q2198805
52LT3S65FWRC,14,1,http://www.wikidata.org/entity/Q18519893
52LT3S65FWRC,15,0,http://www.wikidata.org/entity/Q948090
52LT3S65FWRC,15,1,http://www.wikidata.org/entity/Q18519893
52LT3S65FWRC,16,0,http://www.wikidata.org/entity/Q2618313
52LT3S65FWRC,16,1,http://www.wikidata.org/entity/Q18519893
52LT3S65FWRC,17,0,http://www.wikidata.org/entity/Q6959700
52LT3S65FWRC,17,1,http://www.wikidata.org/entity/Q18519893
52LT3S65FWRC,18,0,http://www.wikidata.org/entity/Q554024
52LT3S65FWRC,18,1,http://www.wikidata.org/entity/Q18519893
52LT3S65FWRC,19,0,http://www.wikidata.org/entity/Q2436257
52LT3S65FWRC,19,1,http://www.wikidata.org/entity/Q18519893
52LT3S65FWRC,20,0,http://www.wikidata.org/entity/Q1981147
52LT3S65FWRC,20,1,http://www.wikidata.org/entity/Q18519893
52LT3S65FWRC,21,0,http://www.wikidata.org/entity/Q1844089
52LT3S65FWRC,21,1,http://www.wikidata.org/entity/Q18519893
CH1VS4UEN41Z,1,0,http://www.wikidata.org/entity/Q104319
CH1VS4UEN41Z,1,1,http://www.wikidata.org/entity/Q108514333
CH1VS4UEN41Z,2,0,http://www.wikidata.org/entity/Q159318
CH1VS4UEN41Z,2,1,http://www.wikidata.org/entity/Q15730603
GCMJQJ8J7CRB,1,0,http://www.wikidata.org/entity/Q113155500
GCMJQJ8J7CRB,2,0,http://www.wikidata.org/entity/Q5359637
GCMJQJ8J7CRB,3,0,http://www.wikidata.org/entity/Q800389
GCMJQJ8J7CRB,4,0,http://www.wikidata.org/entity/Q774385
GCMJQJ8J7CRB,5,0,http://www.wikidata.org/entity/Q20717475
GCMJQJ8J7CRB,6,0,http://www.wikidata.org/entity/Q906124
GCMJQJ8J7CRB,7,0,http://www.wikidata.org/entity/Q5359990
GCMJQJ8J7CRB,8,0,http://www.wikidata.org/entity/Q3661674
JJ8B0XGDPSC3,1,0,http://www.wikidata.org/entity/Q123199695
JJ8B0XGDPSC3,1,1,http://www.wikidata.org/entity/Q4705242
JJ8B0XGDPSC3,2,0,http://www.wikidata.org/entity/Q114050601
JJ8B0XGDPSC3,2,1,http://www.wikidata.org/entity/Q4082979
JJ8B0XGDPSC3,3,0,http://www.wikidata.org/entity/Q121503600
JJ8B0XGDPSC3,3,1,http://www.wikidata.org/entity/Q4037881
JJ8B0XGDPSC3,4,0,http://www.wikidata.org/entity/Q116854197
JJ8B0XGDPSC3,4,1,http://www.wikidata.org/entity/Q3328480
JJ8B0XGDPSC3,5,0,http://www.wikidata.org/entity/Q113234266
JJ8B0XGDPSC3,5,1,http://www.wikidata.org/entity/Q3243165
JJ8B0XGDPSC3,6,0,http://www.wikidata.org/entity/Q116742214
JJ8B0XGDPSC3,6,1,http://www.wikidata.org/entity/Q2303536
JJ8B0XGDPSC3,7,0,http://www.wikidata.org/entity/Q122304664
JJ8B0XGDPSC3,7,1,http://www.wikidata.org/entity/Q2044808
JJ8B0XGDPSC3,8,0,http://www.wikidata.org/entity/Q116022116
JJ8B0XGDPSC3,8,1,http://www.wikidata.org/entity/Q1778417
JJ8B0XGDPSC3,9,0,http://www.wikidata.org/entity/Q116251858
JJ8B0XGDPSC3,9,1,http://www.wikidata.org/entity/Q1755255
JJ8B0XGDPSC3,10,0,http://www.wikidata.org/entity/Q115731275
JJ8B0XGDPSC3,10,1,http://www.wikidata.org/entity/Q1755255
JJ8B0XGDPSC3,11,0,http://www.wikidata.org/entity/Q121863183
JJ8B0XGDPSC3,11,1,http://www.wikidata.org/entity/Q1662481
JJ8B0XGDPSC3,12,0,http://www.wikidata.org/entity/Q116571531
JJ8B0XGDPSC3,12,1,http://www.wikidata.org/entity/Q1537811
JJ8B0XGDPSC3,13,0,http://www.wikidata.org/entity/Q122210180
JJ8B0XGDPSC3,13,1,http://www.wikidata.org/entity/Q1344736
UVOX9LLSB8TR,1,0,http://www.wikidata.org/entity/Q123208352
UVOX9LLSB8TR,1,1,http://www.wikidata.org/entity/Q1023249
UVOX9LLSB8TR,2,0,http://www.wikidata.org/entity/Q123302257
UVOX9LLSB8TR,2,1,http://www.wikidata.org/entity/Q967620
UVOX9LLSB8TR,3,0,http://www.wikidata.org/entity/Q115955049
UVOX9LLSB8TR,3,1,http://www.wikidata.org/entity/Q842797
UVOX9LLSB8TR,4,0,http://www.wikidata.org/entity/Q122119504
UVOX9LLSB8TR,4,1,http://www.wikidata.org/entity/Q820970
UVOX9LLSB8TR,5,0,http://www.wikidata.org/entity/Q123004895
UVOX9LLSB8TR,5,1,http://www.wikidata.org/entity/Q676222
UVOX9LLSB8TR,6,0,http://www.wikidata.org/entity/Q112700221
UVOX9LLSB8TR,6,1,http://www.wikidata.org/entity/Q568743
UVOX9LLSB8TR,7,0,http://www.wikidata.org/entity/Q113847253
UVOX9LLSB8TR,7,1,http://www.wikidata.org/entity/Q503415
UVOX9LLSB8TR,8,0,http://www.wikidata.org/entity/Q114528762
UVOX9LLSB8TR,8,1,http://www.wikidata.org/entity/Q502125
UVOX9LLSB8TR,9,0,http://www.wikidata.org/entity/Q123198302
UVOX9LLSB8TR,9,1,http://www.wikidata.org/entity/Q498526
UVOX9LLSB8TR,10,0,http://www.wikidata.org/entity/Q117467553
UVOX9LLSB8TR,10,1,http://www.wikidata.org/entity/Q470179
UVOX9LLSB8TR,11,0,http://www.wikidata.org/entity/Q123053843
UVOX9LLSB8TR,11,1,http://www.wikidata.org/entity/Q469482
UVOX9LLSB8TR,12,0,http://www.wikidata.org/entity/Q122171519
UVOX9LLSB8TR,12,1,http://www.wikidata.org/entity/Q463465
UVOX9LLSB8TR,13,0,http://www.wikidata.org/entity/Q122171466
UVOX9LLSB8TR,13,1,http://www.wikidata.org/entity/Q463465
UVOX9LLSB8TR,14,0,http://www.wikidata.org/entity/Q116450336
UVOX9LLSB8TR,14,1,http://www.wikidata.org/entity/Q371924
UVOX9LLSB8TR,15,0,http://www.wikidata.org/entity/Q119847088
UVOX9LLSB8TR,15,1,http://www.wikidata.org/entity/Q219555
UVOX9LLSB8TR,16,0,http://www.wikidata.org/entity/Q119847031
UVOX9LLSB8TR,16,1,http://www.wikidata.org/entity/Q219555
4H1RKIFL88KD,1,0,http://www.wikidata.org/entity/Q125053905
4H1RKIFL88KD,1,1,http://www.wikidata.org/entity/Q694774
4H1RKIFL88KD,1,2,http://www.wikidata.org/entity/Q1192305
4H1RKIFL88KD,2,0,http://www.wikidata.org/entity/Q27925665
4H1RKIFL88KD,2,1,http://www.wikidata.org/entity/Q165275
4H1RKIFL88KD,2,2,http://www.wikidata.org/entity/Q188740
4H1RKIFL88KD,3,0,http://www.wikidata.org/entity/Q106567055
4H1RKIFL88KD,3,1,http://www.wikidata.org/entity/Q16632836
4H1RKIFL88KD,3,2,http://www.wikidata.org/entity/Q16334463
Y5LMW34X68CR,1,0,http://www.wikidata.org/entity/Q5214632
Y5LMW34X68CR,1,1,http://www.wikidata.org/entity/Q37142485
Y5LMW34X68CR,2,0,http://www.wikidata.org/entity/Q5214881
Y5LMW34X68CR,2,1,http://www.wikidata.org/entity/Q28835674
Y5LMW34X68CR,3,0,http://www.wikidata.org/entity/Q4960794
Y5LMW34X68CR,3,1,http://www.wikidata.org/entity/Q28835668
Y5LMW34X68CR,4,0,http://www.wikidata.org/entity/Q4821336
Y5LMW34X68CR,4,1,http://www.wikidata.org/entity/Q28835661
Y5LMW34X68CR,5,0,http://www.wikidata.org/entity/Q4895789
Y5LMW34X68CR,5,1,http://www.wikidata.org/entity/Q25938080
Y5LMW34X68CR,6,0,http://www.wikidata.org/entity/Q4895420
Y5LMW34X68CR,6,1,http://www.wikidata.org/entity/Q22116994
Y5LMW34X68CR,7,0,http://www.wikidata.org/entity/Q4803183
Y5LMW34X68CR,7,1,http://www.wikidata.org/entity/Q18921120
Y5LMW34X68CR,8,0,http://www.wikidata.org/entity/Q4831432
Y5LMW34X68CR,8,1,http://www.wikidata.org/entity/Q18730012
Y5LMW34X68CR,9,0,http://www.wikidata.org/entity/Q4911489
Y5LMW34X68CR,9,1,http://www.wikidata.org/entity/Q18246991
Y5LMW34X68CR,10,0,http://www.wikidata.org/entity/Q5275246
Y5LMW34X68CR,10,1,http://www.wikidata.org/entity/Q17449526
Y5LMW34X68CR,11,0,http://www.wikidata.org/entity/Q4936572
Y5LMW34X68CR,11,1,http://www.wikidata.org/entity/Q16964897
Y5LMW34X68CR,12,0,http://www.wikidata.org/entity/Q4864929
Y5LMW34X68CR,12,1,http://www.wikidata.org/entity/Q16750456
Y5LMW34X68CR,13,0,http://www.wikidata.org/entity/Q4911492
Y5LMW34X68CR,13,1,http://www.wikidata.org/entity/Q4909957
Y5LMW34X68CR,14,0,http://www.wikidata.org/entity/Q4829452
Y5LMW34X68CR,14,1,http://www.wikidata.org/entity/Q1961682
Y5LMW34X68CR,15,0,http://www.wikidata.org/entity/Q4755249
Y5LMW34X68CR,15,1,http://www.wikidata.org/entity/Q494939
Y5LMW34X68CR,16,0,http://www.wikidata.org/entity/Q5000099
Y5LMW34X68CR,16,1,http://www.wikidata.org/entity/Q255786
Y5LMW34X68CR,17,0,http://www.wikidata.org/entity/Q12754294
Y5LMW34X68CR,17,1,http://www.wikidata.org/entity/Q116026018
Y5LMW34X68CR,18,0,http://www.wikidata.org/entity/Q15293324
Y5LMW34X68CR,18,1,http://www.wikidata.org/entity/Q109539446
Y5LMW34X68CR,19,0,http://www.wikidata.org/entity/Q15784916
Y5LMW34X68CR,19,1,http://www.wikidata.org/entity/Q100989423
Y5LMW34X68CR,20,0,http://www.wikidata.org/entity/Q15875149
Y5LMW34X68CR,20,1,http://www.wikidata.org/entity/Q56473824
Y5LMW34X68CR,21,0,http://www.wikidata.org/entity/Q16202036
Y5LMW34X68CR,21,1,http://www.wikidata.org/entity/Q40749406
EJUNDYT2455M,1,0,http://www.wikidata.org/entity/Q22455333
EJUNDYT2455M,1,1,http://www.wikidata.org/entity/Q1904
EJUNDYT2455M,2,0,http://www.wikidata.org/entity/Q22455323
EJUNDYT2455M,2,1,http://www.wikidata.org/entity/Q1904
EJUNDYT2455M,3,0,http://www.wikidata.org/entity/Q34640108
EJUNDYT2455M,3,1,http://www.wikidata.org/entity/Q326254
EJUNDYT2455M,4,0,http://www.wikidata.org/entity/Q34759834
EJUNDYT2455M,5,0,http://www.wikidata.org/entity/Q37964918
EJUNDYT2455M,6,0,http://www.wikidata.org/entity/Q25199418
EJUNDYT2455M,7,0,http://www.wikidata.org/entity/Q34643940
EJUNDYT2455M,8,0,http://www.wikidata.org/entity/Q37969546
EJUNDYT2455M,9,0,http://www.wikidata.org/entity/Q34749093
EJUNDYT2455M,9,1,http://www.wikidata.org/entity/Q54065
EJUNDYT2455M,10,0,http://www.wikidata.org/entity/Q37969251
EJUNDYT2455M,11,0,http://www.wikidata.org/entity/Q24570545
EJUNDYT2455M,12,0,http://www.wikidata.org/entity/Q27196521
EJUNDYT2455M,13,0,http://www.wikidata.org/entity/Q22403843
EJUNDYT2455M,13,1,http://www.wikidata.org/entity/Q1904
EJUNDYT2455M,14,0,http://www.wikidata.org/entity/Q37963672
EJUNDYT2455M,15,0,http://www.wikidata.org/entity/Q33329924
EJUNDYT2455M,15,1,http://www.wikidata.org/entity/Q50626
EJUNDYT2455M,16,0,http://www.wikidata.org/entity/Q5607508
EJUNDYT2455M,16,1,http://www.wikidata.org/entity/Q1973
EJUNDYT2455M,17,0,http://www.wikidata.org/entity/Q659608
EJUNDYT2455M,18,0,http://www.wikidata.org/entity/Q33329774
EJUNDYT2455M,18,1,http://www.wikidata.org/entity/Q1029
EJUNDYT2455M,19,0,http://www.wikidata.org/entity/Q33329779
EJUNDYT2455M,19,1,http://www.wikidata.org/entity/Q1029
EX0B99LH2XGT,1,0,http://www.wikidata.org/entity/Q12062004
EX0B99LH2XGT,1,1,http://www.wikidata.org/entity/Q30
EX0B99LH2XGT,2,0,http://www.wikidata.org/entity/Q34748511
EX0B99LH2XGT,2,1,http://www.wikidata.org/entity/Q30
EX0B99LH2XGT,3,0,http://www.wikidata.org/entity/Q12719503
EX0B99LH2XGT,3,1,http://www.wikidata.org/entity/Q145
EX0B99LH2XGT,4,0,http://www.wikidata.org/entity/Q34638527
EX0B99LH2XGT,4,1,http://www.wikidata.org/entity/Q159
EX0B99LH2XGT,5,0,http://www.wikidata.org/entity/Q21831320
EX0B99LH2XGT,5,1,http://www.wikidata.org/entity/Q414
EX0B99LH2XGT,6,0,http://www.wikidata.org/entity/Q22597948
EX0B99LH2XGT,6,1,http://www.wikidata.org/entity/Q16
EX0B99LH2XGT,7,0,http://www.wikidata.org/entity/Q909406
EX0B99LH2XGT,7,1,http://www.wikidata.org/entity/Q142
EX0B99LH2XGT,8,0,http://www.wikidata.org/entity/Q34636787
EX0B99LH2XGT,8,1,http://www.wikidata.org/entity/Q30
EX0B99LH2XGT,9,0,http://www.wikidata.org/entity/Q22495976
EX0B99LH2XGT,9,1,http://www.wikidata.org/entity/Q16
EX0B99LH2XGT,10,0,http://www.wikidata.org/entity/Q33129760
EX0B99LH2XGT,10,1,http://www.wikidata.org/entity/Q796
EX0B99LH2XGT,11,0,http://www.wikidata.org/entity/Q1943422
EX0B99LH2XGT,11,1,http://www.wikidata.org/entity/Q55
EX0B99LH2XGT,12,0,http://www.wikidata.org/entity/Q28804712
EX0B99LH2XGT,12,1,http://www.wikidata.org/entity/Q148
2YPFM695PG7L,1,0,http://www.wikidata.org/entity/Q3790238
2YPFM695PG7L,2,0,http://www.wikidata.org/entity/Q20713121
2YPFM695PG7L,3,0,http://www.wikidata.org/entity/Q28068083
2YPFM695PG7L,4,0,http://www.wikidata.org/entity/Q64450
2YPFM695PG7L,4,1,http://www.wikidata.org/entity/Q1755878
2YPFM695PG7L,5,0,http://www.wikidata.org/entity/Q22130572
2YPFM695PG7L,6,0,http://www.wikidata.org/entity/Q16678301
2YPFM695PG7L,6,1,http://www.wikidata.org/entity/Q21544607
2YPFM695PG7L,7,0,http://www.wikidata.org/entity/Q5275061
2YPFM695PG7L,8,0,http://www.wikidata.org/entity/Q7607031
2YPFM695PG7L,9,0,http://www.wikidata.org/entity/Q99980270
2YPFM695PG7L,10,0,http://www.wikidata.org/entity/Q14159540
2YPFM695PG7L,11,0,http://www.wikidata.org/entity/Q28068528
2YPFM695PG7L,12,0,http://www.wikidata.org/entity/Q97932906
2YPFM695PG7L,13,0,http://www.wikidata.org/entity/Q11249452
2YPFM695PG7L,14,0,http://www.wikidata.org/entity/Q64962192
2YPFM695PG7L,15,0,http://www.wikidata.org/entity/Q16953808
SO9R2SI6YLS2,1,0,http://www.wikidata.org/entity/Q41320364
SO9R2SI6YLS2,2,0,http://www.wikidata.org/entity/Q41378940
SO9R2SI6YLS2,3,0,http://www.wikidata.org/entity/Q41319007
SO9R2SI6YLS2,4,0,http://www.wikidata.org/entity/Q41318791
SO9R2SI6YLS2,5,0,http://www.wikidata.org/entity/Q41318069
SO9R2SI6YLS2,6,0,http://www.wikidata.org/entity/Q41291577
SO9R2SI6YLS2,7,0,http://www.wikidata.org/entity/Q41291130
SO9R2SI6YLS2,8,0,http://www.wikidata.org/entity/Q41235506
SO9R2SI6YLS2,9,0,http://www.wikidata.org/entity/Q41240007
SO9R2SI6YLS2,10,0,http://www.wikidata.org/entity/Q41248617
SO9R2SI6YLS2,11,0,http://www.wikidata.org/entity/Q41290406
SO9R2SI6YLS2,12,0,http://www.wikidata.org/entity/Q41290515
SO9R2SI6YLS2,13,0,http://www.wikidata.org/entity/Q49405179
SO9R2SI6YLS2,14,0,http://www.wikidata.org/entity/Q17675416
SO9R2SI6YLS2,15,0,http://www.wikidata.org/entity/Q38048019
SO9R2SI6YLS2,16,0,http://www.wikidata.org/entity/Q17647284
SO9R2SI6YLS2,17,0,http://www.wikidata.org/entity/Q17542612
SO9R2SI6YLS2,18,0,http://www.wikidata.org/entity/Q17648936
SO9R2SI6YLS2,19,0,http://www.wikidata.org/entity/Q3003257
SO9R2SI6YLS2,20,0,http://www.wikidata.org/entity/Q15944880
SO9R2SI6YLS2,21,0,http://www.wikidata.org/entity/Q123291933
SO9R2SI6YLS2,22,0,http://www.wikidata.org/entity/Q10261936
SO9R2SI6YLS2,23,0,http://www.wikidata.org/entity/Q20901160
S1YQ0TPYOZFO,1,0,http://www.wikidata.org/entity/Q44072460
S1YQ0TPYOZFO,2,0,http://www.wikidata.org/entity/Q17599930
S1YQ0TPYOZFO,3,0,http://www.wikidata.org/entity/Q66107077
S1YQ0TPYOZFO,3,2,http://www.wikidata.org/entity/Q43402294
S1YQ0TPYOZFO,4,0,http://www.wikidata.org/entity/Q96216650
S1YQ0TPYOZFO,5,0,http://www.wikidata.org/entity/Q96483748
S1YQ0TPYOZFO,5,2,http://www.wikidata.org/entity/Q111250312
S1YQ0TPYOZFO,6,0,http://www.wikidata.org/entity/Q97448885
S1YQ0TPYOZFO,6,2,http://www.wikidata.org/entity/Q108816290
S1YQ0TPYOZFO,7,0,http://www.wikidata.org/entity/Q66382925
S1YQ0TPYOZFO,8,0,http://www.wikidata.org/entity/Q103893842
S1YQ0TPYOZFO,8,2,http://www.wikidata.org/entity/Q43486589
S1YQ0TPYOZFO,9,0,http://www.wikidata.org/entity/Q103903254
S1YQ0TPYOZFO,9,2,http://www.wikidata.org/entity/Q30541538
S1YQ0TPYOZFO,10,0,http://www.wikidata.org/entity/Q113638154
S1YQ0TPYOZFO,11,0,http://www.wikidata.org/entity/Q38231807
S1YQ0TPYOZFO,11,2,http://www.wikidata.org/entity/Q44271118
S1YQ0TPYOZFO,12,0,http://www.wikidata.org/entity/Q37422927
S1YQ0TPYOZFO,13,0,http://www.wikidata.org/entity/Q67653334
S1YQ0TPYOZFO,14,0,http://www.wikidata.org/entity/Q103903469
S1YQ0TPYOZFO,14,2,http://www.wikidata.org/entity/Q30541538
S1YQ0TPYOZFO,15,0,http://www.wikidata.org/entity/Q116484535
S1YQ0TPYOZFO,16,0,http://www.wikidata.org/entity/Q84360549
S1YQ0TPYOZFO,17,0,http://www.wikidata.org/entity/Q106078401
Y4M834ZXTLJE,1,0,http://www.wikidata.org/entity/Q6373554
Y4M834ZXTLJE,1,1,http://www.wikidata.org/entity/Q4807550
Y4M834ZXTLJE,2,0,http://www.wikidata.org/entity/Q475279
Y4M834ZXTLJE,2,1,http://www.wikidata.org/entity/Q642123
Y4M834ZXTLJE,3,0,http://www.wikidata.org/entity/Q19283767
Y4M834ZXTLJE,4,0,http://www.wikidata.org/entity/Q111723794
Y4M834ZXTLJE,5,0,http://www.wikidata.org/entity/Q16973767
Y4M834ZXTLJE,5,1,http://www.wikidata.org/entity/Q17023302
Y4M834ZXTLJE,6,0,http://www.wikidata.org/entity/Q41884
Y4M834ZXTLJE,6,1,http://www.wikidata.org/entity/Q46454
Y4M834ZXTLJE,7,0,http://www.wikidata.org/entity/Q117051064
Y4M834ZXTLJE,7,1,http://www.wikidata.org/entity/Q117051063
Y4M834ZXTLJE,8,0,http://www.wikidata.org/entity/Q46454
Y4M834ZXTLJE,8,1,http://www.wikidata.org/entity/Q46980
Y4M834ZXTLJE,9,0,http://www.wikidata.org/entity/Q117051054
Y4M834ZXTLJE,9,1,http://www.wikidata.org/entity/Q117051066
MRQ8RTO37I9A,1,0,http://www.wikidata.org/entity/Q65074126
MRQ8RTO37I9A,2,0,http://www.wikidata.org/entity/Q65072493
MRQ8RTO37I9A,3,0,http://www.wikidata.org/entity/Q65064303
MRQ8RTO37I9A,4,0,http://www.wikidata.org/entity/Q64767783
MRQ8RTO37I9A,5,0,http://www.wikidata.org/entity/Q64173360
MRQ8RTO37I9A,6,0,http://www.wikidata.org/entity/Q63515597
MRQ8RTO37I9A,7,0,http://www.wikidata.org/entity/Q63107467
MRQ8RTO37I9A,8,0,http://www.wikidata.org/entity/Q62863785
MRQ8RTO37I9A,9,0,http://www.wikidata.org/entity/Q62654549
MRQ8RTO37I9A,10,0,http://www.wikidata.org/entity/Q62654494
MRQ8RTO37I9A,11,0,http://www.wikidata.org/entity/Q62645279
MRQ8RTO37I9A,12,0,http://www.wikidata.org/entity/Q62615490
MRQ8RTO37I9A,13,0,http://www.wikidata.org/entity/Q62611889
CO4OGDER1BBN,1,0,http://www.wikidata.org/entity/Q10843842
CO4OGDER1BBN,1,1,http://www.wikidata.org/entity/Q865
CO4OGDER1BBN,2,0,http://www.wikidata.org/entity/Q20987591
CO4OGDER1BBN,2,1,http://www.wikidata.org/entity/Q244165
CO4OGDER1BBN,3,0,http://www.wikidata.org/entity/Q83974547
CO4OGDER1BBN,3,1,http://www.wikidata.org/entity/Q1037
CO4OGDER1BBN,4,0,http://www.wikidata.org/entity/Q42317678
CO4OGDER1BBN,4,1,http://www.wikidata.org/entity/Q236
CO4OGDER1BBN,5,0,http://www.wikidata.org/entity/Q18353155
CO4OGDER1BBN,5,1,http://www.wikidata.org/entity/Q224
CO4OGDER1BBN,6,0,http://www.wikidata.org/entity/Q7813222
CO4OGDER1BBN,6,1,http://www.wikidata.org/entity/Q945
CO4OGDER1BBN,7,0,http://www.wikidata.org/entity/Q59250156
CO4OGDER1BBN,7,1,http://www.wikidata.org/entity/Q945
CO4OGDER1BBN,8,0,http://www.wikidata.org/entity/Q5384279
CO4OGDER1BBN,8,1,http://www.wikidata.org/entity/Q983
CO4OGDER1BBN,9,0,http://www.wikidata.org/entity/Q2115151
CO4OGDER1BBN,9,1,http://www.wikidata.org/entity/Q79
CO4OGDER1BBN,10,0,http://www.wikidata.org/entity/Q28407782
CO4OGDER1BBN,10,1,http://www.wikidata.org/entity/Q1008
CO4OGDER1BBN,11,0,http://www.wikidata.org/entity/Q1326020
CO4OGDER1BBN,11,1,http://www.wikidata.org/entity/Q1039
CO4OGDER1BBN,12,0,http://www.wikidata.org/entity/Q16492522
CO4OGDER1BBN,12,1,http://www.wikidata.org/entity/Q800
CO4OGDER1BBN,13,0,http://www.wikidata.org/entity/Q83973489
CO4OGDER1BBN,13,1,http://www.wikidata.org/entity/Q1019
CO4OGDER1BBN,14,0,http://www.wikidata.org/entity/Q7134724
CO4OGDER1BBN,14,1,http://www.wikidata.org/entity/Q733
CO4OGDER1BBN,15,0,http://www.wikidata.org/entity/Q106511936
CO4OGDER1BBN,15,1,http://www.wikidata.org/entity/Q219060
QM7CLE3R25WR,1,0,http://www.wikidata.org/entity/Q124407456
QM7CLE3R25WR,1,1,http://www.wikidata.org/entity/Q134649
QM7CLE3R25WR,1,2,http://www.wikidata.org/entity/Q62615679
QM7CLE3R25WR,2,0,http://www.wikidata.org/entity/Q112616469
QM7CLE3R25WR,2,1,http://www.wikidata.org/entity/Q313
QM7CLE3R25WR,2,2,http://www.wikidata.org/entity/Q112613757
8SWEZNYYRZVZ,1,0,http://www.wikidata.org/entity/Q13140684
8SWEZNYYRZVZ,2,0,http://www.wikidata.org/entity/Q18145259
8SWEZNYYRZVZ,3,0,http://www.wikidata.org/entity/Q110639484
8SWEZNYYRZVZ,4,0,http://www.wikidata.org/entity/Q110474660
8SWEZNYYRZVZ,5,0,http://www.wikidata.org/entity/Q19156370
8SWEZNYYRZVZ,6,0,http://www.wikidata.org/entity/Q110629942
8SWEZNYYRZVZ,7,0,http://www.wikidata.org/entity/Q110654010
8SWEZNYYRZVZ,8,0,http://www.wikidata.org/entity/Q110655818
8SWEZNYYRZVZ,9,0,http://www.wikidata.org/entity/Q110522474
8SWEZNYYRZVZ,10,0,http://www.wikidata.org/entity/Q104538788
8SWEZNYYRZVZ,11,0,http://www.wikidata.org/entity/Q110488685
8SWEZNYYRZVZ,12,0,http://www.wikidata.org/entity/Q15214355
8SWEZNYYRZVZ,13,0,http://www.wikidata.org/entity/Q104156294
8SWEZNYYRZVZ,14,0,http://www.wikidata.org/entity/Q104349894
8SWEZNYYRZVZ,15,0,http://www.wikidata.org/entity/Q17356981
8SWEZNYYRZVZ,16,0,http://www.wikidata.org/entity/Q19132390
424PUS6KWZYW,1,0,http://www.wikidata.org/entity/Q20620287
424PUS6KWZYW,1,1,http://www.wikidata.org/entity/Q3710547
424PUS6KWZYW,2,0,http://www.wikidata.org/entity/Q63381232
424PUS6KWZYW,2,1,http://www.wikidata.org/entity/Q6785741
424PUS6KWZYW,3,0,http://www.wikidata.org/entity/Q31753490
424PUS6KWZYW,3,1,http://www.wikidata.org/entity/Q46949730
ZWWN7Q1G1LNZ,1,0,http://www.wikidata.org/entity/Q15142826
ZWWN7Q1G1LNZ,2,0,http://www.wikidata.org/entity/Q28772807
ZWWN7Q1G1LNZ,2,1,http://www.wikidata.org/entity/Q19265079
ZWWN7Q1G1LNZ,3,0,http://www.wikidata.org/entity/Q106138638
ZWWN7Q1G1LNZ,3,1,http://www.wikidata.org/entity/Q16911177
ZWWN7Q1G1LNZ,4,0,http://www.wikidata.org/entity/Q110755369
ZWWN7Q1G1LNZ,4,1,http://www.wikidata.org/entity/Q16739146
ZWWN7Q1G1LNZ,5,0,http://www.wikidata.org/entity/Q75951218
ZWWN7Q1G1LNZ,5,1,http://www.wikidata.org/entity/Q15979202
ZWWN7Q1G1LNZ,6,0,http://www.wikidata.org/entity/Q58446340
ZWWN7Q1G1LNZ,6,1,http://www.wikidata.org/entity/Q18641062
ZWWN7Q1G1LNZ,7,0,http://www.wikidata.org/entity/Q15272704
ZWWN7Q1G1LNZ,7,1,http://www.wikidata.org/entity/Q13015029
ZWWN7Q1G1LNZ,8,0,http://www.wikidata.org/entity/Q15738373
ZWWN7Q1G1LNZ,8,1,http://www.wikidata.org/entity/Q15736059
ZWWN7Q1G1LNZ,9,0,http://www.wikidata.org/entity/Q99004760
ZWWN7Q1G1LNZ,9,1,http://www.wikidata.org/entity/Q15839107
ZWWN7Q1G1LNZ,10,0,http://www.wikidata.org/entity/Q110768832
ZWWN7Q1G1LNZ,10,1,http://www.wikidata.org/entity/Q16390159
ZWWN7Q1G1LNZ,11,0,http://www.wikidata.org/entity/Q19858159
ZWWN7Q1G1LNZ,11,1,http://www.wikidata.org/entity/Q19858154
ZWWN7Q1G1LNZ,12,0,http://www.wikidata.org/entity/Q43078856
ZWWN7Q1G1LNZ,12,1,http://www.wikidata.org/entity/Q17254129
ZWWN7Q1G1LNZ,13,0,http://www.wikidata.org/entity/Q106962737
ZWWN7Q1G1LNZ,13,1,http://www.wikidata.org/entity/Q15985121
ZWWN7Q1G1LNZ,14,0,http://www.wikidata.org/entity/Q110517680
ZWWN7Q1G1LNZ,14,1,http://www.wikidata.org/entity/Q16354638
ZWWN7Q1G1LNZ,15,0,http://www.wikidata.org/entity/Q110517692
ZWWN7Q1G1LNZ,15,1,http://www.wikidata.org/entity/Q16344301
34OKP3V7M6HQ,1,0,http://www.wikidata.org/entity/Q99285884
34OKP3V7M6HQ,1,1,http://www.wikidata.org/entity/Q1013520
34OKP3V7M6HQ,2,0,http://www.wikidata.org/entity/Q99285260
34OKP3V7M6HQ,2,1,http://www.wikidata.org/entity/Q179406
34OKP3V7M6HQ,3,0,http://www.wikidata.org/entity/Q10441278
34OKP3V7M6HQ,3,1,http://www.wikidata.org/entity/Q25411
34OKP3V7M6HQ,4,0,http://www.wikidata.org/entity/Q100993418
34OKP3V7M6HQ,5,0,http://www.wikidata.org/entity/Q7382823
34OKP3V7M6HQ,6,0,http://www.wikidata.org/entity/Q99285910
34OKP3V7M6HQ,6,1,http://www.wikidata.org/entity/Q23337
34OKP3V7M6HQ,7,0,http://www.wikidata.org/entity/Q107322308
34OKP3V7M6HQ,8,0,http://www.wikidata.org/entity/Q100993047
34OKP3V7M6HQ,9,0,http://www.wikidata.org/entity/Q100994072
34OKP3V7M6HQ,10,0,http://www.wikidata.org/entity/Q99284804
34OKP3V7M6HQ,10,1,http://www.wikidata.org/entity/Q606294
34OKP3V7M6HQ,11,0,http://www.wikidata.org/entity/Q20711043
34OKP3V7M6HQ,12,0,http://www.wikidata.org/entity/Q100943854
PD8CNHD8GIE5,1,0,http://www.wikidata.org/entity/Q1532373
PD8CNHD8GIE5,2,0,http://www.wikidata.org/entity/Q4082
PD8CNHD8GIE5,3,0,http://www.wikidata.org/entity/Q5628
PD8CNHD8GIE5,4,0,http://www.wikidata.org/entity/Q3949
PD8CNHD8GIE5,5,0,http://www.wikidata.org/entity/Q549971
PD8CNHD8GIE5,6,0,http://www.wikidata.org/entity/Q2103
PD8CNHD8GIE5,7,0,http://www.wikidata.org/entity/Q486985
PD8CNHD8GIE5,8,0,http://www.wikidata.org/entity/Q3050
PD8CNHD8GIE5,9,0,http://www.wikidata.org/entity/Q14925
PD8CNHD8GIE5,10,0,http://www.wikidata.org/entity/Q1729
Z3I08LCPR6T2,1,0,http://www.wikidata.org/entity/Q81047884
Z3I08LCPR6T2,1,1,http://www.wikidata.org/entity/Q246632
Z3I08LCPR6T2,2,0,http://www.wikidata.org/entity/Q81047859
Z3I08LCPR6T2,2,1,http://www.wikidata.org/entity/Q7005379
75F47FDK45TF,1,0,http://www.wikidata.org/entity/Q97924205
75F47FDK45TF,2,0,http://www.wikidata.org/entity/Q17743093
U3AST1WGPY55,1,0,http://www.wikidata.org/entity/Q17406722
U3AST1WGPY55,1,1,http://www.wikidata.org/entity/Q840641
U3AST1WGPY55,2,0,http://www.wikidata.org/entity/Q3535264
U3AST1WGPY55,2,1,http://www.wikidata.org/entity/Q606343
U3AST1WGPY55,3,0,http://www.wikidata.org/entity/Q17606613
U3AST1WGPY55,3,1,http://www.wikidata.org/entity/Q1309
U3AST1WGPY55,4,0,http://www.wikidata.org/entity/Q17373378
U3AST1WGPY55,4,1,http://www.wikidata.org/entity/Q683658
U3AST1WGPY55,5,0,http://www.wikidata.org/entity/Q17457548
U3AST1WGPY55,5,1,http://www.wikidata.org/entity/Q10043
U3AST1WGPY55,6,0,http://www.wikidata.org/entity/Q104979326
U3AST1WGPY55,6,1,http://www.wikidata.org/entity/Q1731
U3AST1WGPY55,7,0,http://www.wikidata.org/entity/Q17457165
U3AST1WGPY55,7,1,http://www.wikidata.org/entity/Q9799
U3AST1WGPY55,8,0,http://www.wikidata.org/entity/Q17460423
U3AST1WGPY55,8,1,http://www.wikidata.org/entity/Q9771
U3AST1WGPY55,9,0,http://www.wikidata.org/entity/Q98485189
U3AST1WGPY55,9,1,http://www.wikidata.org/entity/Q269447
U3AST1WGPY55,10,0,http://www.wikidata.org/entity/Q17609655
U3AST1WGPY55,10,1,http://www.wikidata.org/entity/Q1309
U3AST1WGPY55,11,0,http://www.wikidata.org/entity/Q17604675
U3AST1WGPY55,11,1,http://www.wikidata.org/entity/Q26430
U3AST1WGPY55,12,0,http://www.wikidata.org/entity/Q2470197
U3AST1WGPY55,12,1,http://www.wikidata.org/entity/Q204709
U3AST1WGPY55,13,0,http://www.wikidata.org/entity/Q17460441
U3AST1WGPY55,13,1,http://www.wikidata.org/entity/Q9766
U3AST1WGPY55,14,0,http://www.wikidata.org/entity/Q55597450
U3AST1WGPY55,14,1,http://www.wikidata.org/entity/Q1010550
U3AST1WGPY55,15,0,http://www.wikidata.org/entity/Q123859777
U3AST1WGPY55,15,1,http://www.wikidata.org/entity/Q7095
6I4KWNIA78G6,1,0,http://www.wikidata.org/entity/Q89391320
6I4KWNIA78G6,2,0,http://www.wikidata.org/entity/Q117009319
6I4KWNIA78G6,3,0,http://www.wikidata.org/entity/Q117022999
6I4KWNIA78G6,4,0,http://www.wikidata.org/entity/Q1748983
6I4KWNIA78G6,5,0,http://www.wikidata.org/entity/Q122783354
6I4KWNIA78G6,6,0,http://www.wikidata.org/entity/Q83638165
6I4KWNIA78G6,7,0,http://www.wikidata.org/entity/Q117067198
6I4KWNIA78G6,8,0,http://www.wikidata.org/entity/Q117109034
6I4KWNIA78G6,9,0,http://www.wikidata.org/entity/Q56246200
6I4KWNIA78G6,10,0,http://www.wikidata.org/entity/Q117082200
6I4KWNIA78G6,11,0,http://www.wikidata.org/entity/Q83597739
6I4KWNIA78G6,12,0,http://www.wikidata.org/entity/Q117081919
6I4KWNIA78G6,13,0,http://www.wikidata.org/entity/Q117082001
6I4KWNIA78G6,14,0,http://www.wikidata.org/entity/Q117011754
6I4KWNIA78G6,15,0,http://www.wikidata.org/entity/Q115573691
W8RRNCBC45CO,1,0,http://www.wikidata.org/entity/Q83646522
W8RRNCBC45CO,2,0,http://www.wikidata.org/entity/Q117080842
W8RRNCBC45CO,3,0,http://www.wikidata.org/entity/Q117103860
W8RRNCBC45CO,4,0,http://www.wikidata.org/entity/Q117009307
W8RRNCBC45CO,5,0,http://www.wikidata.org/entity/Q117080694
W8RRNCBC45CO,6,0,http://www.wikidata.org/entity/Q117067990
W8RRNCBC45CO,7,0,http://www.wikidata.org/entity/Q117080284
W8RRNCBC45CO,8,0,http://www.wikidata.org/entity/Q115572401
W8RRNCBC45CO,9,0,http://www.wikidata.org/entity/Q117009308
W8RRNCBC45CO,10,0,http://www.wikidata.org/entity/Q117042951
W8RRNCBC45CO,11,0,http://www.wikidata.org/entity/Q83608108
W8RRNCBC45CO,12,0,http://www.wikidata.org/entity/Q117026200
W8RRNCBC45CO,13,0,http://www.wikidata.org/entity/Q84255855
W8RRNCBC45CO,14,0,http://www.wikidata.org/entity/Q84972717
W8RRNCBC45CO,15,0,http://www.wikidata.org/entity/Q117102884
W0MAATDOTAC2,1,0,http://www.wikidata.org/entity/Q60616641
W0MAATDOTAC2,2,0,http://www.wikidata.org/entity/Q61628251
W0MAATDOTAC2,3,0,http://www.wikidata.org/entity/Q60032426
W0MAATDOTAC2,3,1,http://www.wikidata.org/entity/Q109940
W0MAATDOTAC2,4,0,http://www.wikidata.org/entity/Q56479330
W0MAATDOTAC2,4,1,http://www.wikidata.org/entity/Q56123235
W0MAATDOTAC2,5,0,http://www.wikidata.org/entity/Q54072389
W0MAATDOTAC2,5,1,http://www.wikidata.org/entity/Q15975575
W0MAATDOTAC2,6,0,http://www.wikidata.org/entity/Q22981635
W0MAATDOTAC2,6,1,http://www.wikidata.org/entity/Q15975575
W0MAATDOTAC2,7,0,http://www.wikidata.org/entity/Q55999544
W0MAATDOTAC2,8,0,http://www.wikidata.org/entity/Q58839280
QNNNFZ1Y3C7Y,1,0,http://www.wikidata.org/entity/Q106256545
QNNNFZ1Y3C7Y,2,0,http://www.wikidata.org/entity/Q106256544
QNNNFZ1Y3C7Y,3,0,http://www.wikidata.org/entity/Q106256543
QNNNFZ1Y3C7Y,4,0,http://www.wikidata.org/entity/Q106256542
K1DHWH8O8E1D,1,0,http://www.wikidata.org/entity/Q124360203
K1DHWH8O8E1D,1,1,http://www.wikidata.org/entity/Q7655483
K1DHWH8O8E1D,2,0,http://www.wikidata.org/entity/Q60430733
K1DHWH8O8E1D,3,0,http://www.wikidata.org/entity/Q60430609
K1DHWH8O8E1D,4,0,http://www.wikidata.org/entity/Q96212914
K1DHWH8O8E1D,4,1,http://www.wikidata.org/entity/Q4818623
K1DHWH8O8E1D,5,0,http://www.wikidata.org/entity/Q58740953
K1DHWH8O8E1D,6,0,http://www.wikidata.org/entity/Q67410140
K1DHWH8O8E1D,7,0,http://www.wikidata.org/entity/Q56043062
K1DHWH8O8E1D,8,0,http://www.wikidata.org/entity/Q66456270
K1DHWH8O8E1D,9,0,http://www.wikidata.org/entity/Q56649681
K1DHWH8O8E1D,10,0,http://www.wikidata.org/entity/Q56648961
K1DHWH8O8E1D,11,0,http://www.wikidata.org/entity/Q62428516
K1DHWH8O8E1D,11,1,http://www.wikidata.org/entity/Q4762283
K1DHWH8O8E1D,12,0,http://www.wikidata.org/entity/Q58885066
K1DHWH8O8E1D,12,1,http://www.wikidata.org/entity/Q209651
K1DHWH8O8E1D,13,0,http://www.wikidata.org/entity/Q67401932
CWKL2U0ZJSNB,1,0,http://www.wikidata.org/entity/Q106330108
CWKL2U0ZJSNB,2,0,http://www.wikidata.org/entity/Q60694342
CWKL2U0ZJSNB,2,1,http://www.wikidata.org/entity/Q61295007
CWKL2U0ZJSNB,3,0,http://www.wikidata.org/entity/Q56196245
CWKL2U0ZJSNB,3,1,http://www.wikidata.org/entity/Q3521056
CWKL2U0ZJSNB,4,0,http://www.wikidata.org/entity/Q1161725
CWKL2U0ZJSNB,4,1,http://www.wikidata.org/entity/Q1074378
CWKL2U0ZJSNB,5,0,http://www.wikidata.org/entity/Q56166193
CWKL2U0ZJSNB,5,1,http://www.wikidata.org/entity/Q4807770
CWKL2U0ZJSNB,6,0,http://www.wikidata.org/entity/Q105358974
CWKL2U0ZJSNB,7,0,http://www.wikidata.org/entity/Q112626157
CWKL2U0ZJSNB,8,0,http://www.wikidata.org/entity/Q112625980
CWKL2U0ZJSNB,9,0,http://www.wikidata.org/entity/Q112625232
5T5X8IWTTHE8,1,0,http://www.wikidata.org/entity/Q2706440
5T5X8IWTTHE8,1,1,http://www.wikidata.org/entity/Q60
5T5X8IWTTHE8,2,0,http://www.wikidata.org/entity/Q16294755
AOXMY2NZPG6N,1,0,http://www.wikidata.org/entity/Q10670507
AOXMY2NZPG6N,1,1,http://www.wikidata.org/entity/Q104891
AOXMY2NZPG6N,1,2,http://www.wikidata.org/entity/Q10413845
AOXMY2NZPG6N,2,0,http://www.wikidata.org/entity/Q10678042
AOXMY2NZPG6N,2,1,http://www.wikidata.org/entity/Q104940
AOXMY2NZPG6N,2,2,http://www.wikidata.org/entity/Q515680
M02WGUBYS8L2,1,0,http://www.wikidata.org/entity/Q10728275
M02WGUBYS8L2,2,0,http://www.wikidata.org/entity/Q10728182
M02WGUBYS8L2,3,0,http://www.wikidata.org/entity/Q10728141
M02WGUBYS8L2,4,0,http://www.wikidata.org/entity/Q10728062
M02WGUBYS8L2,5,0,http://www.wikidata.org/entity/Q10728034
M02WGUBYS8L2,6,0,http://www.wikidata.org/entity/Q10727822
M02WGUBYS8L2,7,0,http://www.wikidata.org/entity/Q10727741
C1HQGQZI9HPE,1,0,http://www.wikidata.org/entity/Q2949180
C1HQGQZI9HPE,2,0,http://www.wikidata.org/entity/Q60926489
C1HQGQZI9HPE,2,1,http://www.wikidata.org/entity/Q18191321
C1HQGQZI9HPE,3,0,http://www.wikidata.org/entity/Q3979335
C1HQGQZI9HPE,4,0,http://www.wikidata.org/entity/Q35084326
C1HQGQZI9HPE,4,1,http://www.wikidata.org/entity/Q12292
C1HQGQZI9HPE,5,0,http://www.wikidata.org/entity/Q7443245
C1HQGQZI9HPE,6,0,http://www.wikidata.org/entity/Q7361038
C1HQGQZI9HPE,7,0,http://www.wikidata.org/entity/Q17165816
C1HQGQZI9HPE,7,1,http://www.wikidata.org/entity/Q3470457
9VJ1FDDH5FFH,1,0,http://www.wikidata.org/entity/Q109935363
9VJ1FDDH5FFH,2,0,http://www.wikidata.org/entity/Q109858486
9VJ1FDDH5FFH,3,0,http://www.wikidata.org/entity/Q109559080
9VJ1FDDH5FFH,4,0,http://www.wikidata.org/entity/Q109453785
9VJ1FDDH5FFH,5,0,http://www.wikidata.org/entity/Q109452453
9VJ1FDDH5FFH,6,0,http://www.wikidata.org/entity/Q109443754
9VJ1FDDH5FFH,7,0,http://www.wikidata.org/entity/Q109377563
9VJ1FDDH5FFH,8,0,http://www.wikidata.org/entity/Q109375629
9VJ1FDDH5FFH,9,0,http://www.wikidata.org/entity/Q109361859
9VJ1FDDH5FFH,10,0,http://www.wikidata.org/entity/Q109359404
9VJ1FDDH5FFH,11,0,http://www.wikidata.org/entity/Q109352718
9VJ1FDDH5FFH,12,0,http://www.wikidata.org/entity/Q109316206
9VJ1FDDH5FFH,13,0,http://www.wikidata.org/entity/Q109312325
9VJ1FDDH5FFH,14,0,http://www.wikidata.org/entity/Q109305067
9VJ1FDDH5FFH,15,0,http://www.wikidata.org/entity/Q109279121
9VJ1FDDH5FFH,16,0,http://www.wikidata.org/entity/Q109271622
9VJ1FDDH5FFH,17,0,http://www.wikidata.org/entity/Q109264618
9VJ1FDDH5FFH,18,0,http://www.wikidata.org/entity/Q108864102
9VJ1FDDH5FFH,19,0,http://www.wikidata.org/entity/Q108857031
188A52F0KDFN,1,0,http://www.wikidata.org/entity/Q113512552
188A52F0KDFN,2,0,http://www.wikidata.org/entity/Q113495654
188A52F0KDFN,3,0,http://www.wikidata.org/entity/Q113495468
188A52F0KDFN,4,0,http://www.wikidata.org/entity/Q113483325
188A52F0KDFN,5,0,http://www.wikidata.org/entity/Q113465660
40TPO5SUCKXW,1,0,http://www.wikidata.org/entity/Q2728111
40TPO5SUCKXW,1,1,http://www.wikidata.org/entity/Q5372
40TPO5SUCKXW,2,0,http://www.wikidata.org/entity/Q4001327
40TPO5SUCKXW,2,1,http://www.wikidata.org/entity/Q5372
40TPO5SUCKXW,3,0,http://www.wikidata.org/entity/Q2714473
40TPO5SUCKXW,3,1,http://www.wikidata.org/entity/Q5367
40TPO5SUCKXW,4,0,http://www.wikidata.org/entity/Q2704602
40TPO5SUCKXW,4,1,http://www.wikidata.org/entity/Q5367
40TPO5SUCKXW,5,0,http://www.wikidata.org/entity/Q2654809
40TPO5SUCKXW,5,1,http://www.wikidata.org/entity/Q5367
40TPO5SUCKXW,6,0,http://www.wikidata.org/entity/Q3999494
40TPO5SUCKXW,6,1,http://www.wikidata.org/entity/Q3609
40TPO5SUCKXW,7,0,http://www.wikidata.org/entity/Q3996081
40TPO5SUCKXW,7,1,http://www.wikidata.org/entity/Q3609
40TPO5SUCKXW,8,0,http://www.wikidata.org/entity/Q2891410
40TPO5SUCKXW,8,1,http://www.wikidata.org/entity/Q3609
40TPO5SUCKXW,9,0,http://www.wikidata.org/entity/Q2737373
40TPO5SUCKXW,9,1,http://www.wikidata.org/entity/Q2736
40TPO5SUCKXW,10,0,http://www.wikidata.org/entity/Q2713438
40TPO5SUCKXW,10,1,http://www.wikidata.org/entity/Q2736
40TPO5SUCKXW,11,0,http://www.wikidata.org/entity/Q2668623
40TPO5SUCKXW,11,1,http://www.wikidata.org/entity/Q2736
40TPO5SUCKXW,12,0,http://www.wikidata.org/entity/Q4001872
40TPO5SUCKXW,12,1,http://www.wikidata.org/entity/Q2736
40TPO5SUCKXW,13,0,http://www.wikidata.org/entity/Q4001801
40TPO5SUCKXW,13,1,http://www.wikidata.org/entity/Q2736
40TPO5SUCKXW,14,0,http://www.wikidata.org/entity/Q4001764
40TPO5SUCKXW,14,1,http://www.wikidata.org/entity/Q2736
40TPO5SUCKXW,15,0,http://www.wikidata.org/entity/Q3999460
40TPO5SUCKXW,15,1,http://www.wikidata.org/entity/Q2736
40TPO5SUCKXW,16,0,http://www.wikidata.org/entity/Q3999459
40TPO5SUCKXW,16,1,http://www.wikidata.org/entity/Q2736
40TPO5SUCKXW,17,0,http://www.wikidata.org/entity/Q3999280
40TPO5SUCKXW,17,1,http://www.wikidata.org/entity/Q2736
40TPO5SUCKXW,18,0,http://www.wikidata.org/entity/Q3999246
40TPO5SUCKXW,18,1,http://www.wikidata.org/entity/Q2736
40TPO5SUCKXW,19,0,http://www.wikidata.org/entity/Q3994738
40TPO5SUCKXW,19,1,http://www.wikidata.org/entity/Q2736
40TPO5SUCKXW,20,0,http://www.wikidata.org/entity/Q3994647
40TPO5SUCKXW,20,1,http://www.wikidata.org/entity/Q2736
40TPO5SUCKXW,21,0,http://www.wikidata.org/entity/Q3994638
40TPO5SUCKXW,21,1,http://www.wikidata.org/entity/Q2736
0NF3O9ZYU177,1,0,http://www.wikidata.org/entity/Q2640088
0NF3O9ZYU177,1,1,http://www.wikidata.org/entity/Q5372
0NF3O9ZYU177,2,0,http://www.wikidata.org/entity/Q2625903
0NF3O9ZYU177,2,1,http://www.wikidata.org/entity/Q5372
0NF3O9ZYU177,3,0,http://www.wikidata.org/entity/Q2623961
0NF3O9ZYU177,3,1,http://www.wikidata.org/entity/Q5372
0NF3O9ZYU177,4,0,http://www.wikidata.org/entity/Q2601636
0NF3O9ZYU177,4,1,http://www.wikidata.org/entity/Q5372
0NF3O9ZYU177,5,0,http://www.wikidata.org/entity/Q2414445
0NF3O9ZYU177,5,1,http://www.wikidata.org/entity/Q5372
0NF3O9ZYU177,6,0,http://www.wikidata.org/entity/Q2381031
0NF3O9ZYU177,6,1,http://www.wikidata.org/entity/Q5372
0NF3O9ZYU177,7,0,http://www.wikidata.org/entity/Q2359010
0NF3O9ZYU177,7,1,http://www.wikidata.org/entity/Q5372
0NF3O9ZYU177,8,0,http://www.wikidata.org/entity/Q2352567
0NF3O9ZYU177,8,1,http://www.wikidata.org/entity/Q5372
0NF3O9ZYU177,9,0,http://www.wikidata.org/entity/Q2348714
0NF3O9ZYU177,9,1,http://www.wikidata.org/entity/Q5372
0NF3O9ZYU177,10,0,http://www.wikidata.org/entity/Q2329440
0NF3O9ZYU177,10,1,http://www.wikidata.org/entity/Q5372
0NF3O9ZYU177,11,0,http://www.wikidata.org/entity/Q2320004
0NF3O9ZYU177,11,1,http://www.wikidata.org/entity/Q5372
0NF3O9ZYU177,12,0,http://www.wikidata.org/entity/Q2651664
0NF3O9ZYU177,12,1,http://www.wikidata.org/entity/Q5367
0NF3O9ZYU177,13,0,http://www.wikidata.org/entity/Q2419473
0NF3O9ZYU177,13,1,http://www.wikidata.org/entity/Q5367
0NF3O9ZYU177,14,0,http://www.wikidata.org/entity/Q2359615
0NF3O9ZYU177,14,1,http://www.wikidata.org/entity/Q3609
0NF3O9ZYU177,15,0,http://www.wikidata.org/entity/Q2619659
0NF3O9ZYU177,15,1,http://www.wikidata.org/entity/Q2736
0NF3O9ZYU177,16,0,http://www.wikidata.org/entity/Q2614681
0NF3O9ZYU177,16,1,http://www.wikidata.org/entity/Q2736
0NF3O9ZYU177,17,0,http://www.wikidata.org/entity/Q2601322
0NF3O9ZYU177,17,1,http://www.wikidata.org/entity/Q2736
0NF3O9ZYU177,18,0,http://www.wikidata.org/entity/Q2576642
0NF3O9ZYU177,18,1,http://www.wikidata.org/entity/Q2736
0NF3O9ZYU177,19,0,http://www.wikidata.org/entity/Q2396896
0NF3O9ZYU177,19,1,http://www.wikidata.org/entity/Q2736
5CMX86J6OXAD,1,0,http://www.wikidata.org/entity/Q1023340
5CMX86J6OXAD,1,1,http://www.wikidata.org/entity/Q6736355
5CMX86J6OXAD,2,0,http://www.wikidata.org/entity/Q1347888
5CMX86J6OXAD,2,1,http://www.wikidata.org/entity/Q6663998
5CMX86J6OXAD,3,0,http://www.wikidata.org/entity/Q1133355
5CMX86J6OXAD,3,1,http://www.wikidata.org/entity/Q6617619
5CMX86J6OXAD,4,0,http://www.wikidata.org/entity/Q1812995
5CMX86J6OXAD,4,1,http://www.wikidata.org/entity/Q25744871
5CMX86J6OXAD,5,0,http://www.wikidata.org/entity/Q1756509
5CMX86J6OXAD,5,1,http://www.wikidata.org/entity/Q22821180
5CMX86J6OXAD,6,0,http://www.wikidata.org/entity/Q1758585
5CMX86J6OXAD,6,1,http://www.wikidata.org/entity/Q19359277
5CMX86J6OXAD,7,0,http://www.wikidata.org/entity/Q1829126
5CMX86J6OXAD,7,1,http://www.wikidata.org/entity/Q18041587
5CMX86J6OXAD,8,0,http://www.wikidata.org/entity/Q1730187
5CMX86J6OXAD,8,1,http://www.wikidata.org/entity/Q14167088
5CMX86J6OXAD,9,0,http://www.wikidata.org/entity/Q1772876
5CMX86J6OXAD,9,1,http://www.wikidata.org/entity/Q10633280
OH0GTKPRL3M7,1,0,http://www.wikidata.org/entity/Q62986273
OH0GTKPRL3M7,1,2,http://www.wikidata.org/entity/Q8543
OH0GTKPRL3M7,2,0,http://www.wikidata.org/entity/Q62986257
OH0GTKPRL3M7,2,2,http://www.wikidata.org/entity/Q8551
OH0GTKPRL3M7,3,0,http://www.wikidata.org/entity/Q62989312
OH0GTKPRL3M7,3,1,http://www.wikidata.org/entity/Q30714103
OH0GTKPRL3M7,3,2,http://www.wikidata.org/entity/Q7884
OH0GTKPRL3M7,4,0,http://www.wikidata.org/entity/Q62530660
OH0GTKPRL3M7,4,2,http://www.wikidata.org/entity/Q10530
OH0GTKPRL3M7,5,0,http://www.wikidata.org/entity/Q62604293
OH0GTKPRL3M7,5,2,http://www.wikidata.org/entity/Q8195
OH0GTKPRL3M7,6,0,http://www.wikidata.org/entity/Q62989326
OH0GTKPRL3M7,6,1,http://www.wikidata.org/entity/Q32066201
OH0GTKPRL3M7,6,2,http://www.wikidata.org/entity/Q7871
OH0GTKPRL3M7,7,0,http://www.wikidata.org/entity/Q62833068
OH0GTKPRL3M7,7,2,http://www.wikidata.org/entity/Q5970
OH0GTKPRL3M7,8,0,http://www.wikidata.org/entity/Q62984937
OH0GTKPRL3M7,8,2,http://www.wikidata.org/entity/Q6163
FSLQ5ZAVWQEF,1,0,http://www.wikidata.org/entity/Q1111309
FSLQ5ZAVWQEF,1,1,http://www.wikidata.org/entity/Q9285
FSLQ5ZAVWQEF,2,0,http://www.wikidata.org/entity/Q1111143
FSLQ5ZAVWQEF,2,1,http://www.wikidata.org/entity/Q9285
FSLQ5ZAVWQEF,3,0,http://www.wikidata.org/entity/Q1111038
FSLQ5ZAVWQEF,3,1,http://www.wikidata.org/entity/Q9285
FSLQ5ZAVWQEF,4,0,http://www.wikidata.org/entity/Q1110940
FSLQ5ZAVWQEF,4,1,http://www.wikidata.org/entity/Q9285
FSLQ5ZAVWQEF,5,0,http://www.wikidata.org/entity/Q1110623
FSLQ5ZAVWQEF,5,1,http://www.wikidata.org/entity/Q9285
FSLQ5ZAVWQEF,6,0,http://www.wikidata.org/entity/Q1110549
FSLQ5ZAVWQEF,6,1,http://www.wikidata.org/entity/Q9285
FSLQ5ZAVWQEF,7,0,http://www.wikidata.org/entity/Q1110526
FSLQ5ZAVWQEF,7,1,http://www.wikidata.org/entity/Q9285
FSLQ5ZAVWQEF,8,0,http://www.wikidata.org/entity/Q1110341
FSLQ5ZAVWQEF,8,1,http://www.wikidata.org/entity/Q9285
IAM3S4ELANWF,1,0,http://www.wikidata.org/entity/Q123560808
IAM3S4ELANWF,1,2,http://www.wikidata.org/entity/Q56611639
IAM3S4ELANWF,2,0,http://www.wikidata.org/entity/Q128124
IAM3S4ELANWF,2,1,http://www.wikidata.org/entity/Q6884071
IAM3S4ELANWF,3,0,http://www.wikidata.org/entity/Q84959105
IAM3S4ELANWF,3,2,http://www.wikidata.org/entity/Q2518196
IAM3S4ELANWF,4,0,http://www.wikidata.org/entity/Q176637
IAM3S4ELANWF,4,1,http://www.wikidata.org/entity/Q88023009
IAM3S4ELANWF,5,0,http://www.wikidata.org/entity/Q123511574
IAM3S4ELANWF,5,2,http://www.wikidata.org/entity/Q7163
IAM3S4ELANWF,6,0,http://www.wikidata.org/entity/Q111630868
IAM3S4ELANWF,6,2,http://www.wikidata.org/entity/Q56604188
IAM3S4ELANWF,7,0,http://www.wikidata.org/entity/Q685433
IAM3S4ELANWF,7,1,http://www.wikidata.org/entity/Q124728671
IAM3S4ELANWF,8,0,http://www.wikidata.org/entity/Q4182927
IAM3S4ELANWF,8,2,http://www.wikidata.org/entity/Q96472438
IAM3S4ELANWF,9,0,http://www.wikidata.org/entity/Q124545535
IAM3S4ELANWF,9,2,http://www.wikidata.org/entity/Q86478515
IAM3S4ELANWF,10,0,http://www.wikidata.org/entity/Q1161855
IAM3S4ELANWF,10,1,http://www.wikidata.org/entity/Q104050270
IAM3S4ELANWF,11,0,http://www.wikidata.org/entity/Q104661599
IAM3S4ELANWF,11,2,http://www.wikidata.org/entity/Q2285982
OJ244MWDVW4H,1,0,http://www.wikidata.org/entity/Q29205121
OJ244MWDVW4H,1,1,http://www.wikidata.org/entity/Q171800
OJ244MWDVW4H,1,2,http://www.wikidata.org/entity/Q843382
OJ244MWDVW4H,2,0,http://www.wikidata.org/entity/Q29298160
OJ244MWDVW4H,2,1,http://www.wikidata.org/entity/Q82185
OJ244MWDVW4H,2,3,http://www.wikidata.org/entity/Q3329549
OJ244MWDVW4H,3,0,http://www.wikidata.org/entity/Q29213983
OJ244MWDVW4H,3,1,http://www.wikidata.org/entity/Q270230
OJ244MWDVW4H,3,3,http://www.wikidata.org/entity/Q2059518
OJ244MWDVW4H,4,0,http://www.wikidata.org/entity/Q29279642
OJ244MWDVW4H,4,1,http://www.wikidata.org/entity/Q38380
OJ244MWDVW4H,4,3,http://www.wikidata.org/entity/Q1048155
OJ244MWDVW4H,5,0,http://www.wikidata.org/entity/Q29214779
OJ244MWDVW4H,5,1,http://www.wikidata.org/entity/Q259463
OJ244MWDVW4H,5,3,http://www.wikidata.org/entity/Q3146306
OJ244MWDVW4H,6,0,http://www.wikidata.org/entity/Q29183671
OJ244MWDVW4H,6,1,http://www.wikidata.org/entity/Q41876
OJ244MWDVW4H,6,2,http://www.wikidata.org/entity/Q367208
OJ244MWDVW4H,6,3,http://www.wikidata.org/entity/Q23596705
OJ244MWDVW4H,7,0,http://www.wikidata.org/entity/Q86373186
OJ244MWDVW4H,7,2,http://www.wikidata.org/entity/Q2253
OJ244MWDVW4H,7,3,http://www.wikidata.org/entity/Q205367
OJ244MWDVW4H,8,0,http://www.wikidata.org/entity/Q29213298
OJ244MWDVW4H,8,1,http://www.wikidata.org/entity/Q238723
OJ244MWDVW4H,8,2,http://www.wikidata.org/entity/Q623306
OJ244MWDVW4H,8,3,http://www.wikidata.org/entity/Q574970
OJ244MWDVW4H,9,0,http://www.wikidata.org/entity/Q29261952
OJ244MWDVW4H,9,1,http://www.wikidata.org/entity/Q21619422
OJ244MWDVW4H,9,3,http://www.wikidata.org/entity/Q670092
OJ244MWDVW4H,10,0,http://www.wikidata.org/entity/Q88897645
OJ244MWDVW4H,10,1,http://www.wikidata.org/entity/Q31487
OJ244MWDVW4H,10,2,http://www.wikidata.org/entity/Q81422
OJ244MWDVW4H,10,3,http://www.wikidata.org/entity/Q18820
OJ244MWDVW4H,11,0,http://www.wikidata.org/entity/Q29172886
OJ244MWDVW4H,11,1,http://www.wikidata.org/entity/Q635143
OJ244MWDVW4H,11,3,http://www.wikidata.org/entity/Q522779
OJ244MWDVW4H,12,0,http://www.wikidata.org/entity/Q29160527
OJ244MWDVW4H,12,1,http://www.wikidata.org/entity/Q181886
OJ244MWDVW4H,12,2,http://www.wikidata.org/entity/Q241156
OJ244MWDVW4H,12,3,http://www.wikidata.org/entity/Q1815544
OJ244MWDVW4H,13,0,http://www.wikidata.org/entity/Q29210016
OJ244MWDVW4H,13,1,http://www.wikidata.org/entity/Q30974
OJ244MWDVW4H,13,3,http://www.wikidata.org/entity/Q1815544
OJ244MWDVW4H,14,0,http://www.wikidata.org/entity/Q29282679
OJ244MWDVW4H,14,1,http://www.wikidata.org/entity/Q1476
OJ244MWDVW4H,14,2,http://www.wikidata.org/entity/Q732413
OJ244MWDVW4H,14,3,http://www.wikidata.org/entity/Q3580738
OJ244MWDVW4H,15,0,http://www.wikidata.org/entity/Q29282711
OJ244MWDVW4H,15,1,http://www.wikidata.org/entity/Q1476
OJ244MWDVW4H,15,2,http://www.wikidata.org/entity/Q732413
OJ244MWDVW4H,15,3,http://www.wikidata.org/entity/Q1563071
KQ40XQ2L0VEW,1,0,http://www.wikidata.org/entity/Q106582625
KQ40XQ2L0VEW,2,0,http://www.wikidata.org/entity/Q106582626
KQ40XQ2L0VEW,3,0,http://www.wikidata.org/entity/Q116282585
KQ40XQ2L0VEW,3,1,http://www.wikidata.org/entity/Q1367
KQ40XQ2L0VEW,4,0,http://www.wikidata.org/entity/Q33421694
KQ40XQ2L0VEW,4,1,http://www.wikidata.org/entity/Q1367
KQ40XQ2L0VEW,5,0,http://www.wikidata.org/entity/Q34753480
KQ40XQ2L0VEW,5,1,http://www.wikidata.org/entity/Q1367
KQ40XQ2L0VEW,6,0,http://www.wikidata.org/entity/Q106582637
KQ40XQ2L0VEW,7,0,http://www.wikidata.org/entity/Q106582638
KQ40XQ2L0VEW,8,0,http://www.wikidata.org/entity/Q106582639
KQ40XQ2L0VEW,9,0,http://www.wikidata.org/entity/Q106582640
KQ40XQ2L0VEW,10,0,http://www.wikidata.org/entity/Q106582641
KQ40XQ2L0VEW,11,0,http://www.wikidata.org/entity/Q106582642
QKCAT5I512WH,1,0,http://www.wikidata.org/entity/Q116420053
QKCAT5I512WH,1,1,http://www.wikidata.org/entity/Q67429133
QKCAT5I512WH,2,0,http://www.wikidata.org/entity/Q116420054
QKCAT5I512WH,2,1,http://www.wikidata.org/entity/Q67429133
QKCAT5I512WH,3,0,http://www.wikidata.org/entity/Q116420104
QKCAT5I512WH,3,1,http://www.wikidata.org/entity/Q67429133
QKCAT5I512WH,4,0,http://www.wikidata.org/entity/Q116438095
QKCAT5I512WH,4,1,http://www.wikidata.org/entity/Q67429133
QKCAT5I512WH,5,0,http://www.wikidata.org/entity/Q116443869
QKCAT5I512WH,5,1,http://www.wikidata.org/entity/Q67429133
V4SGKCD01U1T,1,0,http://www.wikidata.org/entity/Q1805104
V4SGKCD01U1T,2,0,http://www.wikidata.org/entity/Q1738537
V4SGKCD01U1T,2,1,http://www.wikidata.org/entity/Q6723
4KEC45TGYMWR,1,0,http://www.wikidata.org/entity/Q1987978
4KEC45TGYMWR,2,0,http://www.wikidata.org/entity/Q107383088
4KEC45TGYMWR,3,0,http://www.wikidata.org/entity/Q32736372
4KEC45TGYMWR,4,0,http://www.wikidata.org/entity/Q1940618
4KEC45TGYMWR,5,0,http://www.wikidata.org/entity/Q1269823
4KEC45TGYMWR,6,0,http://www.wikidata.org/entity/Q15058718
4KEC45TGYMWR,6,1,http://www.wikidata.org/entity/Q6723
4KEC45TGYMWR,7,0,http://www.wikidata.org/entity/Q19963160
4KEC45TGYMWR,7,1,http://www.wikidata.org/entity/Q6723
4KEC45TGYMWR,8,0,http://www.wikidata.org/entity/Q906611
4KEC45TGYMWR,9,0,http://www.wikidata.org/entity/Q1493234
XKOG4EICQYPQ,1,0,http://www.wikidata.org/entity/Q111695063
XKOG4EICQYPQ,1,2,http://www.wikidata.org/entity/Q20102985
XKOG4EICQYPQ,1,3,http://www.wikidata.org/entity/Q328716
XKOG4EICQYPQ,2,0,http://www.wikidata.org/entity/Q11901935
XKOG4EICQYPQ,2,2,http://www.wikidata.org/entity/Q474947
XKOG4EICQYPQ,2,3,http://www.wikidata.org/entity/Q2736
XKOG4EICQYPQ,3,0,http://www.wikidata.org/entity/Q166177
XKOG4EICQYPQ,3,1,http://www.wikidata.org/entity/Q529207
XKOG4EICQYPQ,3,2,http://www.wikidata.org/entity/Q308705
XKOG4EICQYPQ,3,3,http://www.wikidata.org/entity/Q2736
XKOG4EICQYPQ,4,0,http://www.wikidata.org/entity/Q1996160
XKOG4EICQYPQ,4,2,http://www.wikidata.org/entity/Q253414
XKOG4EICQYPQ,4,3,http://www.wikidata.org/entity/Q2736
XKOG4EICQYPQ,5,0,http://www.wikidata.org/entity/Q930810
XKOG4EICQYPQ,5,2,http://www.wikidata.org/entity/Q744180
XKOG4EICQYPQ,5,3,http://www.wikidata.org/entity/Q2736
XKOG4EICQYPQ,6,0,http://www.wikidata.org/entity/Q98969578
XKOG4EICQYPQ,6,2,http://www.wikidata.org/entity/Q474947
XKOG4EICQYPQ,6,3,http://www.wikidata.org/entity/Q2736
XKOG4EICQYPQ,7,0,http://www.wikidata.org/entity/Q2529857
XKOG4EICQYPQ,7,2,http://www.wikidata.org/entity/Q291171
XKOG4EICQYPQ,7,3,http://www.wikidata.org/entity/Q17165362
XKOG4EICQYPQ,8,0,http://www.wikidata.org/entity/Q6197497
XKOG4EICQYPQ,8,2,http://www.wikidata.org/entity/Q5146912
XKOG4EICQYPQ,8,3,http://www.wikidata.org/entity/Q5372
XKOG4EICQYPQ,9,0,http://www.wikidata.org/entity/Q66765172
XKOG4EICQYPQ,9,2,http://www.wikidata.org/entity/Q112898644
XKOG4EICQYPQ,9,3,http://www.wikidata.org/entity/Q7291
XKOG4EICQYPQ,10,0,http://www.wikidata.org/entity/Q118760129
XKOG4EICQYPQ,10,2,http://www.wikidata.org/entity/Q1854702
XKOG4EICQYPQ,10,3,http://www.wikidata.org/entity/Q41466
XKOG4EICQYPQ,11,0,http://www.wikidata.org/entity/Q78996850
XKOG4EICQYPQ,11,2,http://www.wikidata.org/entity/Q1854702
XKOG4EICQYPQ,11,3,http://www.wikidata.org/entity/Q41466
XKOG4EICQYPQ,12,0,http://www.wikidata.org/entity/Q118945361
XKOG4EICQYPQ,12,2,http://www.wikidata.org/entity/Q9616
XKOG4EICQYPQ,12,3,http://www.wikidata.org/entity/Q2736
XKOG4EICQYPQ,13,0,http://www.wikidata.org/entity/Q103843004
XKOG4EICQYPQ,13,2,http://www.wikidata.org/entity/Q18691072
XKOG4EICQYPQ,13,3,http://www.wikidata.org/entity/Q2736
XKOG4EICQYPQ,14,0,http://www.wikidata.org/entity/Q1124948
XKOG4EICQYPQ,14,2,http://www.wikidata.org/entity/Q917580
XKOG4EICQYPQ,14,3,http://www.wikidata.org/entity/Q2736
XKOG4EICQYPQ,15,0,http://www.wikidata.org/entity/Q62566529
XKOG4EICQYPQ,15,2,http://www.wikidata.org/entity/Q1543732
XKOG4EICQYPQ,15,3,http://www.wikidata.org/entity/Q41466
XKOG4EICQYPQ,16,0,http://www.wikidata.org/entity/Q112797473
XKOG4EICQYPQ,16,2,http://www.wikidata.org/entity/Q430371
XKOG4EICQYPQ,16,3,http://www.wikidata.org/entity/Q328716
XKOG4EICQYPQ,17,0,http://www.wikidata.org/entity/Q11854915
XKOG4EICQYPQ,17,2,http://www.wikidata.org/entity/Q474947
XKOG4EICQYPQ,17,3,http://www.wikidata.org/entity/Q2736
XKOG4EICQYPQ,18,0,http://www.wikidata.org/entity/Q752000
XKOG4EICQYPQ,18,2,http://www.wikidata.org/entity/Q56375134
XKOG4EICQYPQ,18,3,http://www.wikidata.org/entity/Q718
XKOG4EICQYPQ,19,0,http://www.wikidata.org/entity/Q31839435
XKOG4EICQYPQ,19,2,http://www.wikidata.org/entity/Q19865669
XKOG4EICQYPQ,19,3,http://www.wikidata.org/entity/Q41466
XKOG4EICQYPQ,20,0,http://www.wikidata.org/entity/Q107418185
XKOG4EICQYPQ,20,2,http://www.wikidata.org/entity/Q1329777
XKOG4EICQYPQ,20,3,http://www.wikidata.org/entity/Q5146908
OKQG961QO1AI,1,0,http://www.wikidata.org/entity/Q30074932
OKQG961QO1AI,1,1,http://www.wikidata.org/entity/Q131314
OKQG961QO1AI,2,0,http://www.wikidata.org/entity/Q28796108
OKQG961QO1AI,2,1,http://www.wikidata.org/entity/Q2028
Q4YMRBNI9PIP,1,0,http://www.wikidata.org/entity/Q76908436
Q4YMRBNI9PIP,1,2,http://www.wikidata.org/entity/Q664
Q4YMRBNI9PIP,1,3,http://www.wikidata.org/entity/Q361
Q4YMRBNI9PIP,2,0,http://www.wikidata.org/entity/Q59384126
Q4YMRBNI9PIP,2,2,http://www.wikidata.org/entity/Q55
Q4YMRBNI9PIP,2,3,http://www.wikidata.org/entity/Q123177067
FNGQQDDVU6WM,1,0,http://www.wikidata.org/entity/Q1419054
FNGQQDDVU6WM,1,1,http://www.wikidata.org/entity/Q22731
FNGQQDDVU6WM,2,0,http://www.wikidata.org/entity/Q2514326
FNGQQDDVU6WM,2,1,http://www.wikidata.org/entity/Q34095
JS3S1VO68JU6,1,0,http://www.wikidata.org/entity/Q811079
JS3S1VO68JU6,1,1,http://www.wikidata.org/entity/Q11500
JS3S1VO68JU6,2,0,http://www.wikidata.org/entity/Q23931245
JS3S1VO68JU6,2,1,http://www.wikidata.org/entity/Q11500
JS3S1VO68JU6,2,2,http://www.wikidata.org/entity/Q17087835
9LLRNBLZ5D7K,1,0,http://www.wikidata.org/entity/Q25410192
9LLRNBLZ5D7K,1,1,http://www.wikidata.org/entity/Q100811
9LLRNBLZ5D7K,2,0,http://www.wikidata.org/entity/Q284125
9LLRNBLZ5D7K,2,1,http://www.wikidata.org/entity/Q3138
2A2ZFCOP1WCA,1,0,http://www.wikidata.org/entity/Q21016183
2A2ZFCOP1WCA,2,0,http://www.wikidata.org/entity/Q20001634
2A2ZFCOP1WCA,3,0,http://www.wikidata.org/entity/Q19744239
2A2ZFCOP1WCA,4,0,http://www.wikidata.org/entity/Q16997963
2A2ZFCOP1WCA,5,0,http://www.wikidata.org/entity/Q16826933
0IMVYE75DY9K,1,0,http://www.wikidata.org/entity/Q64666127
0IMVYE75DY9K,1,1,http://www.wikidata.org/entity/Q1263
0IMVYE75DY9K,2,0,http://www.wikidata.org/entity/Q109534219
0IMVYE75DY9K,2,1,http://www.wikidata.org/entity/Q1950645
JSY399GCURUU,1,0,http://www.wikidata.org/entity/Q87069485
JSY399GCURUU,1,1,http://www.wikidata.org/entity/Q62027130
JSY399GCURUU,1,2,http://www.wikidata.org/entity/Q3609
JSY399GCURUU,2,0,http://www.wikidata.org/entity/Q63995441
JSY399GCURUU,2,1,http://www.wikidata.org/entity/Q63995440
JSY399GCURUU,2,2,http://www.wikidata.org/entity/Q3609
9Y5SW7N6YTJ4,1,0,http://www.wikidata.org/entity/Q64024081
9Y5SW7N6YTJ4,2,0,http://www.wikidata.org/entity/Q110382128
9Y5SW7N6YTJ4,3,0,http://www.wikidata.org/entity/Q64507257
9Y5SW7N6YTJ4,4,0,http://www.wikidata.org/entity/Q64508337
9Y5SW7N6YTJ4,5,0,http://www.wikidata.org/entity/Q64302848
9Y5SW7N6YTJ4,5,1,http://www.wikidata.org/entity/Q64303893
9Y5SW7N6YTJ4,6,0,http://www.wikidata.org/entity/Q64507657
9Y5SW7N6YTJ4,7,0,http://www.wikidata.org/entity/Q65038559
9Y5SW7N6YTJ4,8,0,http://www.wikidata.org/entity/Q64508757
9Y5SW7N6YTJ4,9,0,http://www.wikidata.org/entity/Q64507428
9Y5SW7N6YTJ4,10,0,http://www.wikidata.org/entity/Q62556536
9Y5SW7N6YTJ4,10,1,http://www.wikidata.org/entity/Q62556456
9Y5SW7N6YTJ4,11,0,http://www.wikidata.org/entity/Q64508090
9Y5SW7N6YTJ4,12,0,http://www.wikidata.org/entity/Q64507033
9Y5SW7N6YTJ4,13,0,http://www.wikidata.org/entity/Q64507693
9Y5SW7N6YTJ4,14,0,http://www.wikidata.org/entity/Q64507883
9Y5SW7N6YTJ4,15,0,http://www.wikidata.org/entity/Q64507860
9Y5SW7N6YTJ4,16,0,http://www.wikidata.org/entity/Q2519832
9Y5SW7N6YTJ4,16,1,http://www.wikidata.org/entity/Q2391060
9Y5SW7N6YTJ4,17,0,http://www.wikidata.org/entity/Q65038509
9Y5SW7N6YTJ4,18,0,http://www.wikidata.org/entity/Q64507114
OJHQQPGQSQTB,1,0,http://www.wikidata.org/entity/Q4881853
OJHQQPGQSQTB,2,0,http://www.wikidata.org/entity/Q4693328
OJHQQPGQSQTB,3,0,http://www.wikidata.org/entity/Q4683960
OJHQQPGQSQTB,4,0,http://www.wikidata.org/entity/Q10768456
OJHQQPGQSQTB,5,0,http://www.wikidata.org/entity/Q7130464
OJHQQPGQSQTB,6,0,http://www.wikidata.org/entity/Q10760722
OJHQQPGQSQTB,7,0,http://www.wikidata.org/entity/Q6400164
OJHQQPGQSQTB,8,0,http://www.wikidata.org/entity/Q10765505
UHBQBE75FMF4,1,0,http://www.wikidata.org/entity/Q26319806
UHBQBE75FMF4,1,1,http://www.wikidata.org/entity/Q15700834
UHBQBE75FMF4,2,0,http://www.wikidata.org/entity/Q27083941
UHBQBE75FMF4,2,1,http://www.wikidata.org/entity/Q15700834
UHBQBE75FMF4,3,0,http://www.wikidata.org/entity/Q26517682
UHBQBE75FMF4,3,1,http://www.wikidata.org/entity/Q15700834
UHBQBE75FMF4,4,0,http://www.wikidata.org/entity/Q26380662
UHBQBE75FMF4,4,1,http://www.wikidata.org/entity/Q15700834
UHBQBE75FMF4,5,0,http://www.wikidata.org/entity/Q26319711
UHBQBE75FMF4,5,1,http://www.wikidata.org/entity/Q15700834
UHBQBE75FMF4,6,0,http://www.wikidata.org/entity/Q26682399
UHBQBE75FMF4,6,1,http://www.wikidata.org/entity/Q15700834
UHBQBE75FMF4,7,0,http://www.wikidata.org/entity/Q27082121
UHBQBE75FMF4,7,1,http://www.wikidata.org/entity/Q15700834
UHBQBE75FMF4,8,0,http://www.wikidata.org/entity/Q26571302
UHBQBE75FMF4,8,1,http://www.wikidata.org/entity/Q15700834
UHBQBE75FMF4,9,0,http://www.wikidata.org/entity/Q27086142
UHBQBE75FMF4,9,1,http://www.wikidata.org/entity/Q15700834
UHBQBE75FMF4,9,2,http://www.wikidata.org/entity/Q150120
I9ERPAX5FENG,1,0,http://www.wikidata.org/entity/Q1760896
I9ERPAX5FENG,1,2,http://www.wikidata.org/entity/Q216488
I9ERPAX5FENG,2,0,http://www.wikidata.org/entity/Q1425651
I9ERPAX5FENG,2,2,http://www.wikidata.org/entity/Q40855
I9ERPAX5FENG,3,0,http://www.wikidata.org/entity/Q113685991
I9ERPAX5FENG,4,0,http://www.wikidata.org/entity/Q387256
I9ERPAX5FENG,4,2,http://www.wikidata.org/entity/Q11734779
I9ERPAX5FENG,5,0,http://www.wikidata.org/entity/Q2334347
I9ERPAX5FENG,5,2,http://www.wikidata.org/entity/Q1774837
RPZIP5DKAG7J,1,0,http://www.wikidata.org/entity/Q7309905
RPZIP5DKAG7J,2,0,http://www.wikidata.org/entity/Q2972106
RPZIP5DKAG7J,2,1,http://www.wikidata.org/entity/Q32
RPZIP5DKAG7J,3,0,http://www.wikidata.org/entity/Q2734905
RPZIP5DKAG7J,3,1,http://www.wikidata.org/entity/Q334
RPZIP5DKAG7J,4,0,http://www.wikidata.org/entity/Q2909269
RPZIP5DKAG7J,4,1,http://www.wikidata.org/entity/Q225
RPZIP5DKAG7J,5,0,http://www.wikidata.org/entity/Q7908882
RPZIP5DKAG7J,5,1,http://www.wikidata.org/entity/Q142
FHCLOK4G359W,1,0,http://www.wikidata.org/entity/Q7920645
FHCLOK4G359W,1,2,http://www.wikidata.org/entity/Q7561
FHCLOK4G359W,2,0,http://www.wikidata.org/entity/Q5579317
FHCLOK4G359W,2,1,http://www.wikidata.org/entity/Q6512776
FHCLOK4G359W,3,0,http://www.wikidata.org/entity/Q13125596
FHCLOK4G359W,3,1,http://www.wikidata.org/entity/Q4792422
FHCLOK4G359W,4,0,http://www.wikidata.org/entity/Q5572907
FHCLOK4G359W,4,2,http://www.wikidata.org/entity/Q3015119
FHCLOK4G359W,5,0,http://www.wikidata.org/entity/Q6935723
FHCLOK4G359W,5,1,http://www.wikidata.org/entity/Q3595166
FHCLOK4G359W,6,0,http://www.wikidata.org/entity/Q5019352
FHCLOK4G359W,6,1,http://www.wikidata.org/entity/Q457334
FHCLOK4G359W,7,0,http://www.wikidata.org/entity/Q3572234
FHCLOK4G359W,7,2,http://www.wikidata.org/entity/Q1970151
FHCLOK4G359W,8,0,http://www.wikidata.org/entity/Q107976394
FHCLOK4G359W,8,2,http://www.wikidata.org/entity/Q738566
FHCLOK4G359W,9,0,http://www.wikidata.org/entity/Q2371825
FHCLOK4G359W,9,1,http://www.wikidata.org/entity/Q849524
FHCLOK4G359W,10,0,http://www.wikidata.org/entity/Q3483253
FHCLOK4G359W,10,2,http://www.wikidata.org/entity/Q3483257
FHCLOK4G359W,11,0,http://www.wikidata.org/entity/Q7498377
FHCLOK4G359W,11,1,http://www.wikidata.org/entity/Q7498374
FHCLOK4G359W,12,0,http://www.wikidata.org/entity/Q66562883
FHCLOK4G359W,12,2,http://www.wikidata.org/entity/Q771440
VKSGHEA6LWEA,1,0,http://www.wikidata.org/entity/Q801268
VKSGHEA6LWEA,1,1,http://www.wikidata.org/entity/Q320462
VKSGHEA6LWEA,2,0,http://www.wikidata.org/entity/Q801267
VKSGHEA6LWEA,2,1,http://www.wikidata.org/entity/Q320462
VKSGHEA6LWEA,3,0,http://www.wikidata.org/entity/Q801132
VKSGHEA6LWEA,3,1,http://www.wikidata.org/entity/Q319837
VKSGHEA6LWEA,4,0,http://www.wikidata.org/entity/Q660045
VKSGHEA6LWEA,4,1,http://www.wikidata.org/entity/Q317129
VKSGHEA6LWEA,5,0,http://www.wikidata.org/entity/Q319977
VKSGHEA6LWEA,5,1,http://www.wikidata.org/entity/Q315284
VKSGHEA6LWEA,6,0,http://www.wikidata.org/entity/Q801254
VKSGHEA6LWEA,6,1,http://www.wikidata.org/entity/Q315273
VKSGHEA6LWEA,7,0,http://www.wikidata.org/entity/Q462086
VKSGHEA6LWEA,7,1,http://www.wikidata.org/entity/Q315273
VKSGHEA6LWEA,8,0,http://www.wikidata.org/entity/Q3095657
VKSGHEA6LWEA,8,1,http://www.wikidata.org/entity/Q314757
VKSGHEA6LWEA,9,0,http://www.wikidata.org/entity/Q323630
VKSGHEA6LWEA,9,1,http://www.wikidata.org/entity/Q311661
VKSGHEA6LWEA,10,0,http://www.wikidata.org/entity/Q365122
VKSGHEA6LWEA,10,1,http://www.wikidata.org/entity/Q223656
VKSGHEA6LWEA,11,0,http://www.wikidata.org/entity/Q322599
VKSGHEA6LWEA,11,1,http://www.wikidata.org/entity/Q186874
VKSGHEA6LWEA,12,0,http://www.wikidata.org/entity/Q2161315
VKSGHEA6LWEA,12,1,http://www.wikidata.org/entity/Q19889
VKSGHEA6LWEA,13,0,http://www.wikidata.org/entity/Q5842137
VKSGHEA6LWEA,13,1,http://www.wikidata.org/entity/Q18643427
VKSGHEA6LWEA,14,0,http://www.wikidata.org/entity/Q5842648
VKSGHEA6LWEA,14,1,http://www.wikidata.org/entity/Q6099044
VKSGHEA6LWEA,15,0,http://www.wikidata.org/entity/Q5842132
VKSGHEA6LWEA,15,1,http://www.wikidata.org/entity/Q6098908
VKSGHEA6LWEA,16,0,http://www.wikidata.org/entity/Q5460475
VKSGHEA6LWEA,16,1,http://www.wikidata.org/entity/Q5712708
VKSGHEA6LWEA,17,0,http://www.wikidata.org/entity/Q5765619
VKSGHEA6LWEA,17,1,http://www.wikidata.org/entity/Q5355934
VKSGHEA6LWEA,18,0,http://www.wikidata.org/entity/Q3969804
VKSGHEA6LWEA,18,1,http://www.wikidata.org/entity/Q3743404
VKSGHEA6LWEA,19,0,http://www.wikidata.org/entity/Q110974204
VKSGHEA6LWEA,19,1,http://www.wikidata.org/entity/Q2731230
VKSGHEA6LWEA,20,0,http://www.wikidata.org/entity/Q3097632
VKSGHEA6LWEA,20,1,http://www.wikidata.org/entity/Q2277913
VKSGHEA6LWEA,21,0,http://www.wikidata.org/entity/Q107369886
VKSGHEA6LWEA,21,1,http://www.wikidata.org/entity/Q2258875
CKMI2H9XD2GL,1,0,http://www.wikidata.org/entity/Q55593508
CKMI2H9XD2GL,1,1,http://www.wikidata.org/entity/Q10519
CKMI2H9XD2GL,2,0,http://www.wikidata.org/entity/Q370994
CKMI2H9XD2GL,2,1,http://www.wikidata.org/entity/Q10484
1LI5SSOJLOLV,1,0,http://www.wikidata.org/entity/Q50649
1LI5SSOJLOLV,2,0,http://www.wikidata.org/entity/Q1109920
ZWOPB5BUZEUK,1,0,http://www.wikidata.org/entity/Q245023
ZWOPB5BUZEUK,2,0,http://www.wikidata.org/entity/Q2090
ZWOPB5BUZEUK,3,0,http://www.wikidata.org/entity/Q2145
ZWOPB5BUZEUK,4,0,http://www.wikidata.org/entity/Q66616
ZWOPB5BUZEUK,5,0,http://www.wikidata.org/entity/Q2746
ZWOPB5BUZEUK,6,0,http://www.wikidata.org/entity/Q16836589
ZWOPB5BUZEUK,7,0,http://www.wikidata.org/entity/Q1019424
ZWOPB5BUZEUK,8,0,http://www.wikidata.org/entity/Q213263
ZWOPB5BUZEUK,9,0,http://www.wikidata.org/entity/Q3748
ZWOPB5BUZEUK,10,0,http://www.wikidata.org/entity/Q2837
ZWOPB5BUZEUK,11,0,http://www.wikidata.org/entity/Q219117
ZWOPB5BUZEUK,12,0,http://www.wikidata.org/entity/Q768864
ZWOPB5BUZEUK,13,0,http://www.wikidata.org/entity/Q985605
THYXQWPFYDJV,1,0,http://www.wikidata.org/entity/Q192235
THYXQWPFYDJV,1,1,http://www.wikidata.org/entity/Q37735
THYXQWPFYDJV,2,0,http://www.wikidata.org/entity/Q304848
THYXQWPFYDJV,2,1,http://www.wikidata.org/entity/Q19206
THYXQWPFYDJV,3,0,http://www.wikidata.org/entity/Q25444
THYXQWPFYDJV,3,1,http://www.wikidata.org/entity/Q54943889
THYXQWPFYDJV,4,0,http://www.wikidata.org/entity/Q23430
THYXQWPFYDJV,4,1,http://www.wikidata.org/entity/Q28739337
THYXQWPFYDJV,5,0,http://www.wikidata.org/entity/Q34109
THYXQWPFYDJV,5,1,http://www.wikidata.org/entity/Q21417671
THYXQWPFYDJV,6,0,http://www.wikidata.org/entity/Q37836
THYXQWPFYDJV,6,1,http://www.wikidata.org/entity/Q14234631
THYXQWPFYDJV,7,0,http://www.wikidata.org/entity/Q43199
THYXQWPFYDJV,7,1,http://www.wikidata.org/entity/Q14214568
THYXQWPFYDJV,8,0,http://www.wikidata.org/entity/Q45301
THYXQWPFYDJV,8,1,http://www.wikidata.org/entity/Q14214554
THYXQWPFYDJV,9,0,http://www.wikidata.org/entity/Q29015
THYXQWPFYDJV,9,1,http://www.wikidata.org/entity/Q14214486
KDX0LWYFA17K,1,0,http://www.wikidata.org/entity/Q111383264
KDX0LWYFA17K,2,0,http://www.wikidata.org/entity/Q3527613
KDX0LWYFA17K,3,0,http://www.wikidata.org/entity/Q56843694
KDX0LWYFA17K,4,0,http://www.wikidata.org/entity/Q47007769
KDX0LWYFA17K,5,0,http://www.wikidata.org/entity/Q3981952
KDX0LWYFA17K,6,0,http://www.wikidata.org/entity/Q46698872
KDX0LWYFA17K,7,0,http://www.wikidata.org/entity/Q63870943
KDX0LWYFA17K,8,0,http://www.wikidata.org/entity/Q34783432
KDX0LWYFA17K,9,0,http://www.wikidata.org/entity/Q41895863
KDX0LWYFA17K,10,0,http://www.wikidata.org/entity/Q4505156
KDX0LWYFA17K,11,0,http://www.wikidata.org/entity/Q1743567
KDX0LWYFA17K,12,0,http://www.wikidata.org/entity/Q7006506
KDX0LWYFA17K,13,0,http://www.wikidata.org/entity/Q63099015
KDX0LWYFA17K,14,0,http://www.wikidata.org/entity/Q45844864
KDX0LWYFA17K,15,0,http://www.wikidata.org/entity/Q60227465
KDX0LWYFA17K,16,0,http://www.wikidata.org/entity/Q5962444
KDX0LWYFA17K,17,0,http://www.wikidata.org/entity/Q18417763
KDX0LWYFA17K,18,0,http://www.wikidata.org/entity/Q100784996
F3899KNMWSKN,1,0,http://www.wikidata.org/entity/Q124307464
F3899KNMWSKN,2,0,http://www.wikidata.org/entity/Q56337825
F3899KNMWSKN,3,0,http://www.wikidata.org/entity/Q80794587
F3899KNMWSKN,3,1,http://www.wikidata.org/entity/Q9592
F3899KNMWSKN,4,0,http://www.wikidata.org/entity/Q87244163
F3899KNMWSKN,4,1,http://www.wikidata.org/entity/Q1841
F3899KNMWSKN,5,0,http://www.wikidata.org/entity/Q57803
F3899KNMWSKN,6,0,http://www.wikidata.org/entity/Q50374559
F3899KNMWSKN,7,0,http://www.wikidata.org/entity/Q4638095
F3899KNMWSKN,8,0,http://www.wikidata.org/entity/Q7005820
F3899KNMWSKN,9,0,http://www.wikidata.org/entity/Q635084
F3899KNMWSKN,10,0,http://www.wikidata.org/entity/Q6359074
F3899KNMWSKN,10,1,http://www.wikidata.org/entity/Q683724
F3899KNMWSKN,11,0,http://www.wikidata.org/entity/Q68748850
F3899KNMWSKN,12,0,http://www.wikidata.org/entity/Q113459020
F3899KNMWSKN,13,0,http://www.wikidata.org/entity/Q10856860
F3899KNMWSKN,14,0,http://www.wikidata.org/entity/Q4504832
F3899KNMWSKN,15,0,http://www.wikidata.org/entity/Q3010215
F3899KNMWSKN,16,0,http://www.wikidata.org/entity/Q8555141
F3899KNMWSKN,17,0,http://www.wikidata.org/entity/Q108087086
F3899KNMWSKN,18,0,http://www.wikidata.org/entity/Q122364844
F3899KNMWSKN,19,0,http://www.wikidata.org/entity/Q4450209
F3899KNMWSKN,20,0,http://www.wikidata.org/entity/Q122614095
F3899KNMWSKN,21,0,http://www.wikidata.org/entity/Q11836259
F3899KNMWSKN,21,1,http://www.wikidata.org/entity/Q9268
F3899KNMWSKN,22,0,http://www.wikidata.org/entity/Q436334
RPOQEILP4LAC,1,0,http://www.wikidata.org/entity/Q116292533
RPOQEILP4LAC,1,1,http://www.wikidata.org/entity/Q726
RPOQEILP4LAC,2,0,http://www.wikidata.org/entity/Q116294764
RPOQEILP4LAC,2,1,http://www.wikidata.org/entity/Q467
RPOQEILP4LAC,3,0,http://www.wikidata.org/entity/Q116293493
RPOQEILP4LAC,3,1,http://www.wikidata.org/entity/Q467
QJG6OJLMAPSN,1,0,http://www.wikidata.org/entity/Q11546710
QJG6OJLMAPSN,2,0,http://www.wikidata.org/entity/Q4030668
QJG6OJLMAPSN,3,0,http://www.wikidata.org/entity/Q11601190
QJG6OJLMAPSN,4,0,http://www.wikidata.org/entity/Q11600541
QJG6OJLMAPSN,5,0,http://www.wikidata.org/entity/Q118743264
QJG6OJLMAPSN,6,0,http://www.wikidata.org/entity/Q9132626
ILGJEHU60VIW,1,0,http://www.wikidata.org/entity/Q3338927
ILGJEHU60VIW,1,1,http://www.wikidata.org/entity/Q3143019
ILGJEHU60VIW,2,0,http://www.wikidata.org/entity/Q6990513
ILGJEHU60VIW,2,1,http://www.wikidata.org/entity/Q14710537
ILGJEHU60VIW,3,0,http://www.wikidata.org/entity/Q8564918
ILGJEHU60VIW,3,1,http://www.wikidata.org/entity/Q7413262
ILGJEHU60VIW,4,0,http://www.wikidata.org/entity/Q4849143
ILGJEHU60VIW,5,0,http://www.wikidata.org/entity/Q5999477
ILGJEHU60VIW,5,1,http://www.wikidata.org/entity/Q457281
ILGJEHU60VIW,6,0,http://www.wikidata.org/entity/Q498245
ILGJEHU60VIW,6,1,http://www.wikidata.org/entity/Q722749
ILGJEHU60VIW,7,0,http://www.wikidata.org/entity/Q1752676
ILGJEHU60VIW,8,0,http://www.wikidata.org/entity/Q3496144
B2YPZWHI9KGN,1,0,http://www.wikidata.org/entity/Q11703223
B2YPZWHI9KGN,1,1,http://www.wikidata.org/entity/Q467681
B2YPZWHI9KGN,2,0,http://www.wikidata.org/entity/Q27858286
B2YPZWHI9KGN,2,1,http://www.wikidata.org/entity/Q271189
B2YPZWHI9KGN,3,0,http://www.wikidata.org/entity/Q27857572
B2YPZWHI9KGN,3,1,http://www.wikidata.org/entity/Q271189
B2YPZWHI9KGN,4,0,http://www.wikidata.org/entity/Q27857527
B2YPZWHI9KGN,4,1,http://www.wikidata.org/entity/Q271189
B2YPZWHI9KGN,5,0,http://www.wikidata.org/entity/Q11812247
B2YPZWHI9KGN,5,1,http://www.wikidata.org/entity/Q244333
B2YPZWHI9KGN,6,0,http://www.wikidata.org/entity/Q12046450
B2YPZWHI9KGN,6,1,http://www.wikidata.org/entity/Q213167
B2YPZWHI9KGN,7,0,http://www.wikidata.org/entity/Q48854956
B2YPZWHI9KGN,7,1,http://www.wikidata.org/entity/Q38497
B2YPZWHI9KGN,8,0,http://www.wikidata.org/entity/Q7243704
B2YPZWHI9KGN,8,1,http://www.wikidata.org/entity/Q19865072
B2YPZWHI9KGN,9,0,http://www.wikidata.org/entity/Q8069806
B2YPZWHI9KGN,9,1,http://www.wikidata.org/entity/Q520306
B2YPZWHI9KGN,10,0,http://www.wikidata.org/entity/Q7232998
B2YPZWHI9KGN,10,1,http://www.wikidata.org/entity/Q250036
B2YPZWHI9KGN,11,0,http://www.wikidata.org/entity/Q7198461
B2YPZWHI9KGN,11,1,http://www.wikidata.org/entity/Q1375
B2YPZWHI9KGN,12,0,http://www.wikidata.org/entity/Q3110440
B2YPZWHI9KGN,12,1,http://www.wikidata.org/entity/Q1375
PBACCXF2OSW9,1,0,http://www.wikidata.org/entity/Q682047
PBACCXF2OSW9,1,1,http://www.wikidata.org/entity/Q36091
PBACCXF2OSW9,1,2,http://www.wikidata.org/entity/Q134161
PBACCXF2OSW9,2,0,http://www.wikidata.org/entity/Q704606
PBACCXF2OSW9,2,2,http://www.wikidata.org/entity/Q166280
PBACCXF2OSW9,3,0,http://www.wikidata.org/entity/Q4875086
PBACCXF2OSW9,3,2,http://www.wikidata.org/entity/Q134161
PBACCXF2OSW9,4,0,http://www.wikidata.org/entity/Q1395108
PBACCXF2OSW9,4,1,http://www.wikidata.org/entity/Q6526
PBACCXF2OSW9,4,2,http://www.wikidata.org/entity/Q15648878
PBACCXF2OSW9,5,0,http://www.wikidata.org/entity/Q217599
PBACCXF2OSW9,5,1,http://www.wikidata.org/entity/Q50189
PBACCXF2OSW9,6,0,http://www.wikidata.org/entity/Q284688
PBACCXF2OSW9,6,2,http://www.wikidata.org/entity/Q460178
PBACCXF2OSW9,7,0,http://www.wikidata.org/entity/Q1184173
PBACCXF2OSW9,7,2,http://www.wikidata.org/entity/Q422053
PBACCXF2OSW9,8,0,http://www.wikidata.org/entity/Q17502722
PBACCXF2OSW9,8,2,http://www.wikidata.org/entity/Q17376040
PBACCXF2OSW9,9,0,http://www.wikidata.org/entity/Q1508234
PBACCXF2OSW9,9,1,http://www.wikidata.org/entity/Q385233
PBACCXF2OSW9,9,2,http://www.wikidata.org/entity/Q134161
PBACCXF2OSW9,10,0,http://www.wikidata.org/entity/Q153417
PBACCXF2OSW9,10,2,http://www.wikidata.org/entity/Q134161
PBACCXF2OSW9,11,0,http://www.wikidata.org/entity/Q1653985
PBACCXF2OSW9,11,1,http://www.wikidata.org/entity/Q211260
PBACCXF2OSW9,11,2,http://www.wikidata.org/entity/Q17375963
PBACCXF2OSW9,12,0,http://www.wikidata.org/entity/Q297410
PBACCXF2OSW9,12,1,http://www.wikidata.org/entity/Q39121
PBACCXF2OSW9,12,2,http://www.wikidata.org/entity/Q1589009
950EVA5JKEYZ,1,0,http://www.wikidata.org/entity/Q62337
950EVA5JKEYZ,1,3,http://www.wikidata.org/entity/Q200350
950EVA5JKEYZ,2,0,http://www.wikidata.org/entity/Q280755
950EVA5JKEYZ,2,3,http://www.wikidata.org/entity/Q200350
950EVA5JKEYZ,3,0,http://www.wikidata.org/entity/Q1136307
950EVA5JKEYZ,3,3,http://www.wikidata.org/entity/Q201147
950EVA5JKEYZ,4,0,http://www.wikidata.org/entity/Q39545
950EVA5JKEYZ,4,3,http://www.wikidata.org/entity/Q4465368
950EVA5JKEYZ,5,0,http://www.wikidata.org/entity/Q39549
950EVA5JKEYZ,5,3,http://www.wikidata.org/entity/Q4286664
950EVA5JKEYZ,6,0,http://www.wikidata.org/entity/Q31493
950EVA5JKEYZ,6,3,http://www.wikidata.org/entity/Q4054812
950EVA5JKEYZ,7,0,http://www.wikidata.org/entity/Q39618
950EVA5JKEYZ,7,3,http://www.wikidata.org/entity/Q4533366
950EVA5JKEYZ,8,0,http://www.wikidata.org/entity/Q140342
950EVA5JKEYZ,8,3,http://www.wikidata.org/entity/Q4388369
950EVA5JKEYZ,9,0,http://www.wikidata.org/entity/Q1155098
950EVA5JKEYZ,9,3,http://www.wikidata.org/entity/Q4061566
950EVA5JKEYZ,10,0,http://www.wikidata.org/entity/Q1886688
950EVA5JKEYZ,10,3,http://www.wikidata.org/entity/Q6380789
950EVA5JKEYZ,11,0,http://www.wikidata.org/entity/Q1649945
950EVA5JKEYZ,11,3,http://www.wikidata.org/entity/Q2571688
B0GE6CKBEWAJ,1,0,http://www.wikidata.org/entity/Q14697701
B0GE6CKBEWAJ,2,0,http://www.wikidata.org/entity/Q667001
B0GE6CKBEWAJ,3,0,http://www.wikidata.org/entity/Q619980
B0GE6CKBEWAJ,4,0,http://www.wikidata.org/entity/Q2262149
B0GE6CKBEWAJ,5,0,http://www.wikidata.org/entity/Q8999
B0GE6CKBEWAJ,6,0,http://www.wikidata.org/entity/Q8982
B0GE6CKBEWAJ,7,0,http://www.wikidata.org/entity/Q500253
B0GE6CKBEWAJ,8,0,http://www.wikidata.org/entity/Q8725
B0GE6CKBEWAJ,9,0,http://www.wikidata.org/entity/Q466786
B0GE6CKBEWAJ,10,0,http://www.wikidata.org/entity/Q459096
B0GE6CKBEWAJ,11,0,http://www.wikidata.org/entity/Q673202
B0GE6CKBEWAJ,12,0,http://www.wikidata.org/entity/Q215327
B0GE6CKBEWAJ,13,0,http://www.wikidata.org/entity/Q8688
DUS345EJ2QP7,1,0,http://www.wikidata.org/entity/Q680648
DUS345EJ2QP7,1,1,http://www.wikidata.org/entity/Q6655
DUS345EJ2QP7,2,0,http://www.wikidata.org/entity/Q680439
DUS345EJ2QP7,2,1,http://www.wikidata.org/entity/Q6655
DUS345EJ2QP7,3,0,http://www.wikidata.org/entity/Q679513
DUS345EJ2QP7,3,1,http://www.wikidata.org/entity/Q6655
DUS345EJ2QP7,4,0,http://www.wikidata.org/entity/Q678050
DUS345EJ2QP7,4,1,http://www.wikidata.org/entity/Q6655
DUS345EJ2QP7,5,0,http://www.wikidata.org/entity/Q675840
DUS345EJ2QP7,5,1,http://www.wikidata.org/entity/Q6655
DUS345EJ2QP7,6,0,http://www.wikidata.org/entity/Q675298
DUS345EJ2QP7,6,1,http://www.wikidata.org/entity/Q6655
DUS345EJ2QP7,7,0,http://www.wikidata.org/entity/Q675071
DUS345EJ2QP7,7,1,http://www.wikidata.org/entity/Q6655
DUS345EJ2QP7,8,0,http://www.wikidata.org/entity/Q674037
DUS345EJ2QP7,8,1,http://www.wikidata.org/entity/Q6655
DUS345EJ2QP7,9,0,http://www.wikidata.org/entity/Q548804
DUS345EJ2QP7,9,1,http://www.wikidata.org/entity/Q6655
WMUL7843KZG4,1,0,http://www.wikidata.org/entity/Q1634860
WMUL7843KZG4,1,1,http://www.wikidata.org/entity/Q6655
WMUL7843KZG4,2,0,http://www.wikidata.org/entity/Q1634531
WMUL7843KZG4,2,1,http://www.wikidata.org/entity/Q6655
WMUL7843KZG4,3,0,http://www.wikidata.org/entity/Q1633894
WMUL7843KZG4,3,1,http://www.wikidata.org/entity/Q6655
WMUL7843KZG4,4,0,http://www.wikidata.org/entity/Q1633885
WMUL7843KZG4,4,1,http://www.wikidata.org/entity/Q6655
WMUL7843KZG4,5,0,http://www.wikidata.org/entity/Q1633877
WMUL7843KZG4,5,1,http://www.wikidata.org/entity/Q6655
WMUL7843KZG4,6,0,http://www.wikidata.org/entity/Q1633844
WMUL7843KZG4,6,1,http://www.wikidata.org/entity/Q6655
WMUL7843KZG4,7,0,http://www.wikidata.org/entity/Q1633632
WMUL7843KZG4,7,1,http://www.wikidata.org/entity/Q6655
MF1AD43OBERR,1,0,http://www.wikidata.org/entity/Q2221845
MF1AD43OBERR,2,0,http://www.wikidata.org/entity/Q2221834
MF1AD43OBERR,3,0,http://www.wikidata.org/entity/Q2221825
H5NTAKWKQ0CX,1,0,http://www.wikidata.org/entity/Q1892958
H5NTAKWKQ0CX,2,0,http://www.wikidata.org/entity/Q1892954
H5NTAKWKQ0CX,3,0,http://www.wikidata.org/entity/Q1892924
H5NTAKWKQ0CX,4,0,http://www.wikidata.org/entity/Q1892922
H5NTAKWKQ0CX,5,0,http://www.wikidata.org/entity/Q1892912
H5NTAKWKQ0CX,6,0,http://www.wikidata.org/entity/Q1892910
H5NTAKWKQ0CX,7,0,http://www.wikidata.org/entity/Q1892900
H5NTAKWKQ0CX,8,0,http://www.wikidata.org/entity/Q1892880
H5NTAKWKQ0CX,9,0,http://www.wikidata.org/entity/Q1892854
H5NTAKWKQ0CX,10,0,http://www.wikidata.org/entity/Q1892835
H5NTAKWKQ0CX,11,0,http://www.wikidata.org/entity/Q1892820
H5NTAKWKQ0CX,12,0,http://www.wikidata.org/entity/Q1892734
H5NTAKWKQ0CX,13,0,http://www.wikidata.org/entity/Q1892716
H5NTAKWKQ0CX,14,0,http://www.wikidata.org/entity/Q1892685
H5NTAKWKQ0CX,15,0,http://www.wikidata.org/entity/Q1892671
H5NTAKWKQ0CX,16,0,http://www.wikidata.org/entity/Q1892653
H5NTAKWKQ0CX,17,0,http://www.wikidata.org/entity/Q1892636
H5NTAKWKQ0CX,18,0,http://www.wikidata.org/entity/Q1892600
H5NTAKWKQ0CX,19,0,http://www.wikidata.org/entity/Q1892579
7XC375QIQPXL,1,0,http://www.wikidata.org/entity/Q499144
7XC375QIQPXL,2,0,http://www.wikidata.org/entity/Q1253366
7XC375QIQPXL,2,1,http://www.wikidata.org/entity/Q309945
7XC375QIQPXL,3,0,http://www.wikidata.org/entity/Q379873
7XC375QIQPXL,3,1,http://www.wikidata.org/entity/Q1079574
7XC375QIQPXL,4,0,http://www.wikidata.org/entity/Q2559102
7XC375QIQPXL,5,0,http://www.wikidata.org/entity/Q7111767
7XC375QIQPXL,6,0,http://www.wikidata.org/entity/Q4193504
7XC375QIQPXL,6,1,http://www.wikidata.org/entity/Q192279
7XC375QIQPXL,7,0,http://www.wikidata.org/entity/Q834165
7XC375QIQPXL,8,0,http://www.wikidata.org/entity/Q1592638
7XC375QIQPXL,9,0,http://www.wikidata.org/entity/Q47492499
7XC375QIQPXL,10,0,http://www.wikidata.org/entity/Q389466
7XC375QIQPXL,11,0,http://www.wikidata.org/entity/Q303678
7XC375QIQPXL,12,0,http://www.wikidata.org/entity/Q4305427
7XC375QIQPXL,13,0,http://www.wikidata.org/entity/Q36530326
7XC375QIQPXL,14,0,http://www.wikidata.org/entity/Q85413104
7XC375QIQPXL,15,0,http://www.wikidata.org/entity/Q3521810
7XC375QIQPXL,16,0,http://www.wikidata.org/entity/Q20728634
7XC375QIQPXL,17,0,http://www.wikidata.org/entity/Q3373921
7XC375QIQPXL,18,0,http://www.wikidata.org/entity/Q2471434
7XC375QIQPXL,18,1,http://www.wikidata.org/entity/Q621879
7XC375QIQPXL,19,0,http://www.wikidata.org/entity/Q2078203
7XC375QIQPXL,20,0,http://www.wikidata.org/entity/Q7734606
7XC375QIQPXL,21,0,http://www.wikidata.org/entity/Q587921
7XC375QIQPXL,22,0,http://www.wikidata.org/entity/Q4454135
7XC375QIQPXL,22,1,http://www.wikidata.org/entity/Q347685
7XC375QIQPXL,23,0,http://www.wikidata.org/entity/Q1137844
7XC375QIQPXL,23,1,http://www.wikidata.org/entity/Q38082
7XC375QIQPXL,24,0,http://www.wikidata.org/entity/Q209170
7XC375QIQPXL,24,1,http://www.wikidata.org/entity/Q228901
7XC375QIQPXL,25,0,http://www.wikidata.org/entity/Q24301991
L39DP8DMFZMM,1,0,http://www.wikidata.org/entity/Q49444549
L39DP8DMFZMM,1,1,http://www.wikidata.org/entity/Q1491902
L39DP8DMFZMM,2,0,http://www.wikidata.org/entity/Q49366024
L39DP8DMFZMM,2,1,http://www.wikidata.org/entity/Q1491902
C2KKPH310OGO,1,0,http://www.wikidata.org/entity/Q5331358
C2KKPH310OGO,1,1,http://www.wikidata.org/entity/Q19558910
C2KKPH310OGO,2,0,http://www.wikidata.org/entity/Q5020939
C2KKPH310OGO,2,1,http://www.wikidata.org/entity/Q19558910
C2KKPH310OGO,3,0,http://www.wikidata.org/entity/Q120637845
C2KKPH310OGO,3,2,http://www.wikidata.org/entity/Q967393
C2KKPH310OGO,4,0,http://www.wikidata.org/entity/Q5497669
C2KKPH310OGO,4,1,http://www.wikidata.org/entity/Q19558910
C2KKPH310OGO,5,0,http://www.wikidata.org/entity/Q120637844
C2KKPH310OGO,5,2,http://www.wikidata.org/entity/Q967393
C2KKPH310OGO,6,0,http://www.wikidata.org/entity/Q48817885
C2KKPH310OGO,6,1,http://www.wikidata.org/entity/Q20680290
0N0O7I76QO7O,1,0,http://www.wikidata.org/entity/Q122921867
0N0O7I76QO7O,1,1,http://www.wikidata.org/entity/Q924335
0N0O7I76QO7O,2,0,http://www.wikidata.org/entity/Q122921866
0N0O7I76QO7O,2,1,http://www.wikidata.org/entity/Q924335
0N0O7I76QO7O,3,0,http://www.wikidata.org/entity/Q122921863
0N0O7I76QO7O,3,1,http://www.wikidata.org/entity/Q924335
0N0O7I76QO7O,4,0,http://www.wikidata.org/entity/Q122921862
0N0O7I76QO7O,4,1,http://www.wikidata.org/entity/Q924335
0N0O7I76QO7O,5,0,http://www.wikidata.org/entity/Q122921861
0N0O7I76QO7O,5,1,http://www.wikidata.org/entity/Q924335
0N0O7I76QO7O,6,0,http://www.wikidata.org/entity/Q122921854
0N0O7I76QO7O,6,1,http://www.wikidata.org/entity/Q924335
0N0O7I76QO7O,7,0,http://www.wikidata.org/entity/Q122921853
0N0O7I76QO7O,7,1,http://www.wikidata.org/entity/Q924335
0N0O7I76QO7O,8,0,http://www.wikidata.org/entity/Q122921851
0N0O7I76QO7O,8,1,http://www.wikidata.org/entity/Q924335
0N0O7I76QO7O,9,0,http://www.wikidata.org/entity/Q122921848
0N0O7I76QO7O,9,1,http://www.wikidata.org/entity/Q924335
0N0O7I76QO7O,10,0,http://www.wikidata.org/entity/Q122921839
0N0O7I76QO7O,10,1,http://www.wikidata.org/entity/Q924335
0N0O7I76QO7O,11,0,http://www.wikidata.org/entity/Q122921828
0N0O7I76QO7O,11,1,http://www.wikidata.org/entity/Q924335
0N0O7I76QO7O,12,0,http://www.wikidata.org/entity/Q122921826
0N0O7I76QO7O,12,1,http://www.wikidata.org/entity/Q924335
0N0O7I76QO7O,13,0,http://www.wikidata.org/entity/Q122921875
0N0O7I76QO7O,13,1,http://www.wikidata.org/entity/Q828307
0N0O7I76QO7O,14,0,http://www.wikidata.org/entity/Q124412457
0N0O7I76QO7O,14,1,http://www.wikidata.org/entity/Q3983824
0N0O7I76QO7O,15,0,http://www.wikidata.org/entity/Q124411724
0N0O7I76QO7O,15,1,http://www.wikidata.org/entity/Q3983824
0N0O7I76QO7O,16,0,http://www.wikidata.org/entity/Q124410300
0N0O7I76QO7O,16,1,http://www.wikidata.org/entity/Q3983824
0N0O7I76QO7O,17,0,http://www.wikidata.org/entity/Q122922273
0N0O7I76QO7O,17,1,http://www.wikidata.org/entity/Q924335
0N0O7I76QO7O,18,0,http://www.wikidata.org/entity/Q122922270
0N0O7I76QO7O,18,1,http://www.wikidata.org/entity/Q924335
0N0O7I76QO7O,19,0,http://www.wikidata.org/entity/Q122922269
0N0O7I76QO7O,19,1,http://www.wikidata.org/entity/Q924335
0N0O7I76QO7O,20,0,http://www.wikidata.org/entity/Q122922256
0N0O7I76QO7O,20,1,http://www.wikidata.org/entity/Q924335
0N0O7I76QO7O,21,0,http://www.wikidata.org/entity/Q122922255
0N0O7I76QO7O,21,1,http://www.wikidata.org/entity/Q924335
0N0O7I76QO7O,22,0,http://www.wikidata.org/entity/Q122922240
0N0O7I76QO7O,22,1,http://www.wikidata.org/entity/Q924335
0N0O7I76QO7O,23,0,http://www.wikidata.org/entity/Q122922238
0N0O7I76QO7O,23,1,http://www.wikidata.org/entity/Q924335
0N0O7I76QO7O,24,0,http://www.wikidata.org/entity/Q122922237
0N0O7I76QO7O,24,1,http://www.wikidata.org/entity/Q924335
IYWOACDIVUN9,1,0,http://www.wikidata.org/entity/Q21665571
IYWOACDIVUN9,1,1,http://www.wikidata.org/entity/Q55984182
IYWOACDIVUN9,1,2,http://www.wikidata.org/entity/Q4539223
IYWOACDIVUN9,1,3,http://www.wikidata.org/entity/Q5280483
IYWOACDIVUN9,2,0,http://www.wikidata.org/entity/Q1094226
IYWOACDIVUN9,2,1,http://www.wikidata.org/entity/Q117749216
IYWOACDIVUN9,2,2,http://www.wikidata.org/entity/Q894084
VXLVZ2AOCS05,1,0,http://www.wikidata.org/entity/Q107369134
VXLVZ2AOCS05,1,2,http://www.wikidata.org/entity/Q99646632
VXLVZ2AOCS05,2,0,http://www.wikidata.org/entity/Q337065
VXLVZ2AOCS05,2,2,http://www.wikidata.org/entity/Q23905219
VXLVZ2AOCS05,3,0,http://www.wikidata.org/entity/Q27147391
VXLVZ2AOCS05,3,2,http://www.wikidata.org/entity/Q27147047
VXLVZ2AOCS05,4,0,http://www.wikidata.org/entity/Q589190
VXLVZ2AOCS05,4,2,http://www.wikidata.org/entity/Q87069532
VXLVZ2AOCS05,5,0,http://www.wikidata.org/entity/Q107370415
VXLVZ2AOCS05,5,2,http://www.wikidata.org/entity/Q99646688
VXLVZ2AOCS05,6,0,http://www.wikidata.org/entity/Q65315160
VXLVZ2AOCS05,6,2,http://www.wikidata.org/entity/Q99646716
VXLVZ2AOCS05,7,0,http://www.wikidata.org/entity/Q1479391
VXLVZ2AOCS05,7,1,http://www.wikidata.org/entity/Q797977
VXLVZ2AOCS05,8,0,http://www.wikidata.org/entity/Q60647414
VXLVZ2AOCS05,8,1,http://www.wikidata.org/entity/Q1871849
VXLVZ2AOCS05,9,0,http://www.wikidata.org/entity/Q4807508
VXLVZ2AOCS05,9,1,http://www.wikidata.org/entity/Q3436905
VXLVZ2AOCS05,10,0,http://www.wikidata.org/entity/Q4907332
VXLVZ2AOCS05,10,2,http://www.wikidata.org/entity/Q86921303
VXLVZ2AOCS05,11,0,http://www.wikidata.org/entity/Q5290759
VXLVZ2AOCS05,11,2,http://www.wikidata.org/entity/Q99646850
VXLVZ2AOCS05,12,0,http://www.wikidata.org/entity/Q280462
VXLVZ2AOCS05,12,2,http://www.wikidata.org/entity/Q18394073
VXLVZ2AOCS05,13,0,http://www.wikidata.org/entity/Q5334375
VXLVZ2AOCS05,13,2,http://www.wikidata.org/entity/Q86989074
VXLVZ2AOCS05,14,0,http://www.wikidata.org/entity/Q107360644
VXLVZ2AOCS05,14,2,http://www.wikidata.org/entity/Q99646752
VXLVZ2AOCS05,15,0,http://www.wikidata.org/entity/Q66719047
VXLVZ2AOCS05,15,2,http://www.wikidata.org/entity/Q27147225
VXLVZ2AOCS05,16,0,http://www.wikidata.org/entity/Q107364148
VXLVZ2AOCS05,16,2,http://www.wikidata.org/entity/Q99646812
VXLVZ2AOCS05,17,0,http://www.wikidata.org/entity/Q27147380
VXLVZ2AOCS05,17,2,http://www.wikidata.org/entity/Q27147039
VXLVZ2AOCS05,18,0,http://www.wikidata.org/entity/Q2925723
VXLVZ2AOCS05,18,2,http://www.wikidata.org/entity/Q87069530
VXLVZ2AOCS05,19,0,http://www.wikidata.org/entity/Q107360511
VXLVZ2AOCS05,19,2,http://www.wikidata.org/entity/Q86989086
VXLVZ2AOCS05,20,0,http://www.wikidata.org/entity/Q27147450
VXLVZ2AOCS05,20,2,http://www.wikidata.org/entity/Q27147090
VXLVZ2AOCS05,21,0,http://www.wikidata.org/entity/Q306062
VXLVZ2AOCS05,21,1,http://www.wikidata.org/entity/Q111397649
VXLVZ2AOCS05,21,2,http://www.wikidata.org/entity/Q27146296
VXLVZ2AOCS05,22,0,http://www.wikidata.org/entity/Q799617
VXLVZ2AOCS05,22,2,http://www.wikidata.org/entity/Q18171104
VXLVZ2AOCS05,23,0,http://www.wikidata.org/entity/Q107370419
VXLVZ2AOCS05,23,2,http://www.wikidata.org/entity/Q99646799
MF919YNFIBUS,1,0,http://www.wikidata.org/entity/Q104651704
MF919YNFIBUS,2,0,http://www.wikidata.org/entity/Q47002729
QR11G4KJ1Y78,1,0,http://www.wikidata.org/entity/Q7826111
QR11G4KJ1Y78,1,1,http://www.wikidata.org/entity/Q4005985
QR11G4KJ1Y78,1,2,http://www.wikidata.org/entity/Q1146743
QR11G4KJ1Y78,2,0,http://www.wikidata.org/entity/Q5798
QR11G4KJ1Y78,2,1,http://www.wikidata.org/entity/Q934824
QR11G4KJ1Y78,2,2,http://www.wikidata.org/entity/Q212429
QR11G4KJ1Y78,3,0,http://www.wikidata.org/entity/Q3554862
QR11G4KJ1Y78,3,1,http://www.wikidata.org/entity/Q61053923
QR11G4KJ1Y78,3,2,http://www.wikidata.org/entity/Q209725
QR11G4KJ1Y78,4,0,http://www.wikidata.org/entity/Q16680453
QR11G4KJ1Y78,4,1,http://www.wikidata.org/entity/Q4005968
QR11G4KJ1Y78,4,2,http://www.wikidata.org/entity/Q52607
QR11G4KJ1Y78,5,0,http://www.wikidata.org/entity/Q1132191
QR11G4KJ1Y78,5,1,http://www.wikidata.org/entity/Q1672926
QR11G4KJ1Y78,5,2,http://www.wikidata.org/entity/Q22890
QR11G4KJ1Y78,6,0,http://www.wikidata.org/entity/Q866208
QR11G4KJ1Y78,6,1,http://www.wikidata.org/entity/Q1145557
QR11G4KJ1Y78,6,2,http://www.wikidata.org/entity/Q414
QR11G4KJ1Y78,7,0,http://www.wikidata.org/entity/Q29707320
QR11G4KJ1Y78,7,1,http://www.wikidata.org/entity/Q1550559
QR11G4KJ1Y78,7,2,http://www.wikidata.org/entity/Q258
QR11G4KJ1Y78,8,0,http://www.wikidata.org/entity/Q561845
QR11G4KJ1Y78,8,1,http://www.wikidata.org/entity/Q320231
QR11G4KJ1Y78,8,2,http://www.wikidata.org/entity/Q183
E1ROM7FKNRRT,1,0,http://www.wikidata.org/entity/Q18844981
E1ROM7FKNRRT,1,1,http://www.wikidata.org/entity/Q18845217
E1ROM7FKNRRT,2,0,http://www.wikidata.org/entity/Q18844992
E1ROM7FKNRRT,2,1,http://www.wikidata.org/entity/Q18844787
DYH3NAHALE50,1,0,http://www.wikidata.org/entity/Q2437511
DYH3NAHALE50,2,0,http://www.wikidata.org/entity/Q18844988
CE24VUTNGA78,1,0,http://www.wikidata.org/entity/Q1077346
CE24VUTNGA78,1,1,http://www.wikidata.org/entity/Q210531
CE24VUTNGA78,2,0,http://www.wikidata.org/entity/Q4880135
CE24VUTNGA78,2,1,http://www.wikidata.org/entity/Q814121
CE24VUTNGA78,3,0,http://www.wikidata.org/entity/Q5328168
CE24VUTNGA78,3,1,http://www.wikidata.org/entity/Q57695350
CE24VUTNGA78,4,0,http://www.wikidata.org/entity/Q672693
CE24VUTNGA78,4,1,http://www.wikidata.org/entity/Q25
CE24VUTNGA78,5,0,http://www.wikidata.org/entity/Q987872
CE24VUTNGA78,5,1,http://www.wikidata.org/entity/Q48006
CE24VUTNGA78,6,0,http://www.wikidata.org/entity/Q3231585
CE24VUTNGA78,6,1,http://www.wikidata.org/entity/Q48006
CE24VUTNGA78,7,0,http://www.wikidata.org/entity/Q751699
CE24VUTNGA78,7,1,http://www.wikidata.org/entity/Q26
CE24VUTNGA78,8,0,http://www.wikidata.org/entity/Q874319
CE24VUTNGA78,8,1,http://www.wikidata.org/entity/Q32504
CE24VUTNGA78,9,0,http://www.wikidata.org/entity/Q7178213
CE24VUTNGA78,9,1,http://www.wikidata.org/entity/Q1247815
CE24VUTNGA78,10,0,http://www.wikidata.org/entity/Q56189467
CE24VUTNGA78,11,0,http://www.wikidata.org/entity/Q16846522
CE24VUTNGA78,12,0,http://www.wikidata.org/entity/Q750906
CE24VUTNGA78,12,1,http://www.wikidata.org/entity/Q48015
CE24VUTNGA78,13,0,http://www.wikidata.org/entity/Q989027
CE24VUTNGA78,13,1,http://www.wikidata.org/entity/Q48038
CE24VUTNGA78,14,0,http://www.wikidata.org/entity/Q5637336
CE24VUTNGA78,15,0,http://www.wikidata.org/entity/Q1077463
CE24VUTNGA78,15,1,http://www.wikidata.org/entity/Q47994
CE24VUTNGA78,16,0,http://www.wikidata.org/entity/Q42968204
CE24VUTNGA78,17,0,http://www.wikidata.org/entity/Q7571155
CE24VUTNGA78,18,0,http://www.wikidata.org/entity/Q5879629
CE24VUTNGA78,19,0,http://www.wikidata.org/entity/Q7231525
CE24VUTNGA78,19,1,http://www.wikidata.org/entity/Q57695350
CE24VUTNGA78,20,0,http://www.wikidata.org/entity/Q7994162
CE24VUTNGA78,21,0,http://www.wikidata.org/entity/Q1031819
CE24VUTNGA78,21,1,http://www.wikidata.org/entity/Q48063
CE24VUTNGA78,22,0,http://www.wikidata.org/entity/Q42965986
CE24VUTNGA78,23,0,http://www.wikidata.org/entity/Q8040446
CE24VUTNGA78,23,1,http://www.wikidata.org/entity/Q23077
UBG9Q80VEGS0,1,0,http://www.wikidata.org/entity/Q1813186
UBG9Q80VEGS0,1,1,http://www.wikidata.org/entity/Q92429087
UBG9Q80VEGS0,2,0,http://www.wikidata.org/entity/Q1635965
UBG9Q80VEGS0,2,1,http://www.wikidata.org/entity/Q62019748
UBG9Q80VEGS0,3,0,http://www.wikidata.org/entity/Q1513832
UBG9Q80VEGS0,3,1,http://www.wikidata.org/entity/Q55064109
UBG9Q80VEGS0,4,0,http://www.wikidata.org/entity/Q1154782
UBG9Q80VEGS0,4,1,http://www.wikidata.org/entity/Q185493
UBG9Q80VEGS0,5,0,http://www.wikidata.org/entity/Q868028
UBG9Q80VEGS0,5,1,http://www.wikidata.org/entity/Q10680486
UBG9Q80VEGS0,6,0,http://www.wikidata.org/entity/Q787997
UBG9Q80VEGS0,6,1,http://www.wikidata.org/entity/Q6530812
UBG9Q80VEGS0,7,0,http://www.wikidata.org/entity/Q994171
UBG9Q80VEGS0,7,1,http://www.wikidata.org/entity/Q10854444
UBG9Q80VEGS0,8,0,http://www.wikidata.org/entity/Q312
UBG9Q80VEGS0,8,1,http://www.wikidata.org/entity/Q2586695
UBG9Q80VEGS0,9,0,http://www.wikidata.org/entity/Q9531
UBG9Q80VEGS0,9,1,http://www.wikidata.org/entity/Q838121
UBG9Q80VEGS0,10,0,http://www.wikidata.org/entity/Q7809
UBG9Q80VEGS0,10,1,http://www.wikidata.org/entity/Q838121
UBG9Q80VEGS0,11,0,http://www.wikidata.org/entity/Q8093
UBG9Q80VEGS0,11,1,http://www.wikidata.org/entity/Q546692
UBG9Q80VEGS0,12,0,http://www.wikidata.org/entity/Q1065
UBG9Q80VEGS0,12,1,http://www.wikidata.org/entity/Q35637
UBG9Q80VEGS0,13,0,http://www.wikidata.org/entity/Q616418
UBG9Q80VEGS0,13,1,http://www.wikidata.org/entity/Q954244
UBG9Q80VEGS0,14,0,http://www.wikidata.org/entity/Q653054
UBG9Q80VEGS0,14,1,http://www.wikidata.org/entity/Q10341322
UBG9Q80VEGS0,15,0,http://www.wikidata.org/entity/Q390551
UBG9Q80VEGS0,15,1,http://www.wikidata.org/entity/Q28918638
UBG9Q80VEGS0,16,0,http://www.wikidata.org/entity/Q257597
UBG9Q80VEGS0,16,1,http://www.wikidata.org/entity/Q110530811
UBG9Q80VEGS0,17,0,http://www.wikidata.org/entity/Q264955
UBG9Q80VEGS0,17,1,http://www.wikidata.org/entity/Q628457
UBG9Q80VEGS0,18,0,http://www.wikidata.org/entity/Q465697
UBG9Q80VEGS0,18,1,http://www.wikidata.org/entity/Q92429087
45BEYOPKUJBV,1,0,http://www.wikidata.org/entity/Q211172
45BEYOPKUJBV,1,1,http://www.wikidata.org/entity/Q395
45BEYOPKUJBV,2,0,http://www.wikidata.org/entity/Q3331317
45BEYOPKUJBV,2,1,http://www.wikidata.org/entity/Q7175
7V4CE5XMV1QV,1,0,http://www.wikidata.org/entity/Q103959422
7V4CE5XMV1QV,1,1,http://www.wikidata.org/entity/Q1150837
7V4CE5XMV1QV,2,0,http://www.wikidata.org/entity/Q4955415
F05X5OG00ZIV,1,0,http://www.wikidata.org/entity/Q14266
F05X5OG00ZIV,2,0,http://www.wikidata.org/entity/Q291301
VE146NXSAVD8,1,0,http://www.wikidata.org/entity/Q121502774
VE146NXSAVD8,2,0,http://www.wikidata.org/entity/Q21680482
Z637PNUJFX7H,1,0,http://www.wikidata.org/entity/Q75282103
Z637PNUJFX7H,2,0,http://www.wikidata.org/entity/Q12179
Z637PNUJFX7H,3,0,http://www.wikidata.org/entity/Q970572
Z637PNUJFX7H,4,0,http://www.wikidata.org/entity/Q6116381
Z637PNUJFX7H,5,0,http://www.wikidata.org/entity/Q4547763
Z637PNUJFX7H,6,0,http://www.wikidata.org/entity/Q194394
Z637PNUJFX7H,7,0,http://www.wikidata.org/entity/Q1280098
4TVR6NKSO1SW,1,0,http://www.wikidata.org/entity/Q2916610
4TVR6NKSO1SW,1,1,http://www.wikidata.org/entity/Q2037655
4TVR6NKSO1SW,2,0,http://www.wikidata.org/entity/Q1425179
4TVR6NKSO1SW,2,1,http://www.wikidata.org/entity/Q2895526
4TVR6NKSO1SW,3,0,http://www.wikidata.org/entity/Q28220814
4TVR6NKSO1SW,3,1,http://www.wikidata.org/entity/Q2116715
4TVR6NKSO1SW,4,0,http://www.wikidata.org/entity/Q2915143
4TVR6NKSO1SW,4,1,http://www.wikidata.org/entity/Q513200
4TVR6NKSO1SW,5,0,http://www.wikidata.org/entity/Q12409800
4TVR6NKSO1SW,6,0,http://www.wikidata.org/entity/Q2777543
4TVR6NKSO1SW,6,1,http://www.wikidata.org/entity/Q2423990
4TVR6NKSO1SW,7,0,http://www.wikidata.org/entity/Q1808579
4TVR6NKSO1SW,7,1,http://www.wikidata.org/entity/Q1074443
4TVR6NKSO1SW,8,0,http://www.wikidata.org/entity/Q2466712
4TVR6NKSO1SW,8,1,http://www.wikidata.org/entity/Q2391142
4TVR6NKSO1SW,9,0,http://www.wikidata.org/entity/Q2777883
4TVR6NKSO1SW,9,1,http://www.wikidata.org/entity/Q2423990
4TVR6NKSO1SW,10,0,http://www.wikidata.org/entity/Q2889568
4TVR6NKSO1SW,10,1,http://www.wikidata.org/entity/Q2915425
4TVR6NKSO1SW,11,0,http://www.wikidata.org/entity/Q2915548
4TVR6NKSO1SW,11,1,http://www.wikidata.org/entity/Q2037655
4TVR6NKSO1SW,12,0,http://www.wikidata.org/entity/Q246963
4TVR6NKSO1SW,12,1,http://www.wikidata.org/entity/Q2915425
4TVR6NKSO1SW,13,0,http://www.wikidata.org/entity/Q2909442
4TVR6NKSO1SW,13,1,http://www.wikidata.org/entity/Q2391142
4TVR6NKSO1SW,14,0,http://www.wikidata.org/entity/Q2423990
4TVR6NKSO1SW,14,1,http://www.wikidata.org/entity/Q513200
4TVR6NKSO1SW,15,0,http://www.wikidata.org/entity/Q115633047
4TVR6NKSO1SW,15,1,http://www.wikidata.org/entity/Q2369607
4TVR6NKSO1SW,16,0,http://www.wikidata.org/entity/Q2708817
4TVR6NKSO1SW,16,1,http://www.wikidata.org/entity/Q513200
H9WTIURBYJHI,1,0,http://www.wikidata.org/entity/Q98589135
H9WTIURBYJHI,1,1,http://www.wikidata.org/entity/Q170405
H9WTIURBYJHI,1,2,http://www.wikidata.org/entity/Q41396626
H9WTIURBYJHI,2,0,http://www.wikidata.org/entity/Q55595349
H9WTIURBYJHI,2,1,http://www.wikidata.org/entity/Q984936
H9WTIURBYJHI,2,2,http://www.wikidata.org/entity/Q11874537
H9WTIURBYJHI,3,0,http://www.wikidata.org/entity/Q98698200
H9WTIURBYJHI,3,1,http://www.wikidata.org/entity/Q503689
H9WTIURBYJHI,3,2,http://www.wikidata.org/entity/Q41232251
0CHPXQWZMN9S,1,0,http://www.wikidata.org/entity/Q7556635
0CHPXQWZMN9S,1,1,http://www.wikidata.org/entity/Q11366
0CHPXQWZMN9S,1,2,http://www.wikidata.org/entity/Q75875400
0CHPXQWZMN9S,2,0,http://www.wikidata.org/entity/Q10320167
0CHPXQWZMN9S,2,1,http://www.wikidata.org/entity/Q2631396
0CHPXQWZMN9S,2,2,http://www.wikidata.org/entity/Q116838718
DF7R0JH3STSC,1,0,http://www.wikidata.org/entity/Q3449095
DF7R0JH3STSC,2,0,http://www.wikidata.org/entity/Q3451927
DF7R0JH3STSC,3,0,http://www.wikidata.org/entity/Q3452792
DF7R0JH3STSC,4,0,http://www.wikidata.org/entity/Q2538400
DF7R0JH3STSC,5,0,http://www.wikidata.org/entity/Q3460765
DF7R0JH3STSC,6,0,http://www.wikidata.org/entity/Q3461688
DF7R0JH3STSC,7,0,http://www.wikidata.org/entity/Q609191
DF7R0JH3STSC,8,0,http://www.wikidata.org/entity/Q3453100
DF7R0JH3STSC,9,0,http://www.wikidata.org/entity/Q3459759
DF7R0JH3STSC,10,0,http://www.wikidata.org/entity/Q3303674
DF7R0JH3STSC,11,0,http://www.wikidata.org/entity/Q3452921
DF7R0JH3STSC,12,0,http://www.wikidata.org/entity/Q3453183
DF7R0JH3STSC,13,0,http://www.wikidata.org/entity/Q1020602
DF7R0JH3STSC,14,0,http://www.wikidata.org/entity/Q3164563
DF7R0JH3STSC,15,0,http://www.wikidata.org/entity/Q3134036
DF7R0JH3STSC,16,0,http://www.wikidata.org/entity/Q3461960
DF7R0JH3STSC,17,0,http://www.wikidata.org/entity/Q3448963
DF7R0JH3STSC,18,0,http://www.wikidata.org/entity/Q3452533
DF7R0JH3STSC,19,0,http://www.wikidata.org/entity/Q3449249
DF7R0JH3STSC,20,0,http://www.wikidata.org/entity/Q7208887
DF7R0JH3STSC,21,0,http://www.wikidata.org/entity/Q3451795
DF7R0JH3STSC,22,0,http://www.wikidata.org/entity/Q3452216
DF7R0JH3STSC,23,0,http://www.wikidata.org/entity/Q189074
DF7R0JH3STSC,24,0,http://www.wikidata.org/entity/Q3241019
DF7R0JH3STSC,25,0,http://www.wikidata.org/entity/Q2894994
GA8FGVW5GZDM,1,0,http://www.wikidata.org/entity/Q85863659
GA8FGVW5GZDM,1,1,http://www.wikidata.org/entity/Q51198750
GA8FGVW5GZDM,2,0,http://www.wikidata.org/entity/Q85844973
GA8FGVW5GZDM,2,1,http://www.wikidata.org/entity/Q29514964
GA8FGVW5GZDM,3,0,http://www.wikidata.org/entity/Q85723755
GA8FGVW5GZDM,3,1,http://www.wikidata.org/entity/Q29514964
GA8FGVW5GZDM,4,0,http://www.wikidata.org/entity/Q85723331
GA8FGVW5GZDM,4,1,http://www.wikidata.org/entity/Q29514964
GA8FGVW5GZDM,5,0,http://www.wikidata.org/entity/Q85723150
GA8FGVW5GZDM,5,1,http://www.wikidata.org/entity/Q29514964
GA8FGVW5GZDM,6,0,http://www.wikidata.org/entity/Q85723045
GA8FGVW5GZDM,6,1,http://www.wikidata.org/entity/Q29514964
GA8FGVW5GZDM,7,0,http://www.wikidata.org/entity/Q85722959
GA8FGVW5GZDM,7,1,http://www.wikidata.org/entity/Q29514964
GA8FGVW5GZDM,8,0,http://www.wikidata.org/entity/Q85722870
GA8FGVW5GZDM,8,1,http://www.wikidata.org/entity/Q29514964
GA8FGVW5GZDM,9,0,http://www.wikidata.org/entity/Q85722812
GA8FGVW5GZDM,9,1,http://www.wikidata.org/entity/Q29514964
GA8FGVW5GZDM,10,0,http://www.wikidata.org/entity/Q85722729
GA8FGVW5GZDM,10,1,http://www.wikidata.org/entity/Q29514964
GA8FGVW5GZDM,11,0,http://www.wikidata.org/entity/Q85722582
GA8FGVW5GZDM,11,1,http://www.wikidata.org/entity/Q29514964
GA8FGVW5GZDM,12,0,http://www.wikidata.org/entity/Q85722511
GA8FGVW5GZDM,12,1,http://www.wikidata.org/entity/Q29514964
GA8FGVW5GZDM,13,0,http://www.wikidata.org/entity/Q96196824
GA8FGVW5GZDM,13,1,http://www.wikidata.org/entity/Q29514575
GA8FGVW5GZDM,14,0,http://www.wikidata.org/entity/Q96196820
GA8FGVW5GZDM,14,1,http://www.wikidata.org/entity/Q29514575
GA8FGVW5GZDM,15,0,http://www.wikidata.org/entity/Q86752769
GA8FGVW5GZDM,15,1,http://www.wikidata.org/entity/Q20804530
GA8FGVW5GZDM,16,0,http://www.wikidata.org/entity/Q104879547
GA8FGVW5GZDM,16,1,http://www.wikidata.org/entity/Q20801656
GA8FGVW5GZDM,17,0,http://www.wikidata.org/entity/Q85722539
GA8FGVW5GZDM,17,1,http://www.wikidata.org/entity/Q17989863
GA8FGVW5GZDM,18,0,http://www.wikidata.org/entity/Q85722484
GA8FGVW5GZDM,18,1,http://www.wikidata.org/entity/Q17989863
GA8FGVW5GZDM,19,0,http://www.wikidata.org/entity/Q85722436
GA8FGVW5GZDM,19,1,http://www.wikidata.org/entity/Q17989863
GA8FGVW5GZDM,20,0,http://www.wikidata.org/entity/Q85863643
GA8FGVW5GZDM,20,1,http://www.wikidata.org/entity/Q15063280
GA8FGVW5GZDM,21,0,http://www.wikidata.org/entity/Q96107301
GA8FGVW5GZDM,21,1,http://www.wikidata.org/entity/Q11525354
GA8FGVW5GZDM,22,0,http://www.wikidata.org/entity/Q85723651
GA8FGVW5GZDM,22,1,http://www.wikidata.org/entity/Q5589680
GA8FGVW5GZDM,23,0,http://www.wikidata.org/entity/Q85723343
GA8FGVW5GZDM,23,1,http://www.wikidata.org/entity/Q5589680
GA8FGVW5GZDM,24,0,http://www.wikidata.org/entity/Q85723287
GA8FGVW5GZDM,24,1,http://www.wikidata.org/entity/Q5589680
GA8FGVW5GZDM,25,0,http://www.wikidata.org/entity/Q85723162
GA8FGVW5GZDM,25,1,http://www.wikidata.org/entity/Q5589680
VML3U5DHWJYC,1,0,http://www.wikidata.org/entity/Q954129
VML3U5DHWJYC,2,0,http://www.wikidata.org/entity/Q881790
H9TA9PRVWUPN,1,0,http://www.wikidata.org/entity/Q177524
H9TA9PRVWUPN,2,0,http://www.wikidata.org/entity/Q5999424
H9TA9PRVWUPN,2,1,http://www.wikidata.org/entity/Q47146
H9TA9PRVWUPN,3,0,http://www.wikidata.org/entity/Q110707316
H9TA9PRVWUPN,4,0,http://www.wikidata.org/entity/Q3976093
H9TA9PRVWUPN,5,0,http://www.wikidata.org/entity/Q111598302
H9TA9PRVWUPN,6,0,http://www.wikidata.org/entity/Q1439431
H9TA9PRVWUPN,7,0,http://www.wikidata.org/entity/Q649654
H9TA9PRVWUPN,8,0,http://www.wikidata.org/entity/Q1759063
H9TA9PRVWUPN,9,0,http://www.wikidata.org/entity/Q3125141
H9TA9PRVWUPN,10,0,http://www.wikidata.org/entity/Q1938838
H9TA9PRVWUPN,11,0,http://www.wikidata.org/entity/Q11860234
H9TA9PRVWUPN,11,1,http://www.wikidata.org/entity/Q1007056
H9TA9PRVWUPN,12,0,http://www.wikidata.org/entity/Q65557842
H9TA9PRVWUPN,13,0,http://www.wikidata.org/entity/Q1364836
H9TA9PRVWUPN,14,0,http://www.wikidata.org/entity/Q160470
H9TA9PRVWUPN,15,0,http://www.wikidata.org/entity/Q6116121
H9TA9PRVWUPN,15,1,http://www.wikidata.org/entity/Q73
H9TA9PRVWUPN,16,0,http://www.wikidata.org/entity/Q4822477
H9TA9PRVWUPN,17,0,http://www.wikidata.org/entity/Q79106566
H9TA9PRVWUPN,18,0,http://www.wikidata.org/entity/Q17019746
H9TA9PRVWUPN,19,0,http://www.wikidata.org/entity/Q47468094
H9TA9PRVWUPN,20,0,http://www.wikidata.org/entity/Q783811
H9TA9PRVWUPN,21,0,http://www.wikidata.org/entity/Q71370
25S0V8AETSA4,1,0,http://www.wikidata.org/entity/Q98208914
25S0V8AETSA4,2,0,http://www.wikidata.org/entity/Q98210080
25S0V8AETSA4,3,0,http://www.wikidata.org/entity/Q56660920
25S0V8AETSA4,4,0,http://www.wikidata.org/entity/Q54146961
25S0V8AETSA4,5,0,http://www.wikidata.org/entity/Q52516568
25S0V8AETSA4,6,0,http://www.wikidata.org/entity/Q56661132
25S0V8AETSA4,7,0,http://www.wikidata.org/entity/Q56660752
25S0V8AETSA4,8,0,http://www.wikidata.org/entity/Q106832844
25S0V8AETSA4,8,1,http://www.wikidata.org/entity/Q747704
25S0V8AETSA4,9,0,http://www.wikidata.org/entity/Q56660806
25S0V8AETSA4,10,0,http://www.wikidata.org/entity/Q106832029
25S0V8AETSA4,10,1,http://www.wikidata.org/entity/Q11835431
25S0V8AETSA4,11,0,http://www.wikidata.org/entity/Q56660935
25S0V8AETSA4,12,0,http://www.wikidata.org/entity/Q52514855
O54LD30K5JLX,1,0,http://www.wikidata.org/entity/Q52514283
O54LD30K5JLX,2,0,http://www.wikidata.org/entity/Q56661011
O54LD30K5JLX,3,0,http://www.wikidata.org/entity/Q52515362
O54LD30K5JLX,4,0,http://www.wikidata.org/entity/Q52513351
O54LD30K5JLX,5,0,http://www.wikidata.org/entity/Q52514894
O54LD30K5JLX,6,0,http://www.wikidata.org/entity/Q64768898
O54LD30K5JLX,6,1,http://www.wikidata.org/entity/Q11472
O54LD30K5JLX,7,0,http://www.wikidata.org/entity/Q52512396
O54LD30K5JLX,8,0,http://www.wikidata.org/entity/Q98210130
O54LD30K5JLX,9,0,http://www.wikidata.org/entity/Q52514017
O54LD30K5JLX,10,0,http://www.wikidata.org/entity/Q56661117
O54LD30K5JLX,11,0,http://www.wikidata.org/entity/Q52516251
O54LD30K5JLX,12,0,http://www.wikidata.org/entity/Q56661010
O54LD30K5JLX,13,0,http://www.wikidata.org/entity/Q52516612
O54LD30K5JLX,14,0,http://www.wikidata.org/entity/Q110093507
O54LD30K5JLX,14,1,http://www.wikidata.org/entity/Q747704
O54LD30K5JLX,15,0,http://www.wikidata.org/entity/Q56660820
O54LD30K5JLX,16,0,http://www.wikidata.org/entity/Q56660881
O54LD30K5JLX,17,0,http://www.wikidata.org/entity/Q52502682
O54LD30K5JLX,18,0,http://www.wikidata.org/entity/Q106832220
O54LD30K5JLX,18,1,http://www.wikidata.org/entity/Q21279007
O54LD30K5JLX,19,0,http://www.wikidata.org/entity/Q56661074
O54LD30K5JLX,20,0,http://www.wikidata.org/entity/Q106832668
O54LD30K5JLX,20,1,http://www.wikidata.org/entity/Q21279007
O54LD30K5JLX,21,0,http://www.wikidata.org/entity/Q52513495
O54LD30K5JLX,22,0,http://www.wikidata.org/entity/Q52514726
O54LD30K5JLX,23,0,http://www.wikidata.org/entity/Q56276410
HFE7UOVUWE60,1,0,http://www.wikidata.org/entity/Q110908169
HFE7UOVUWE60,1,1,http://www.wikidata.org/entity/Q239910
HFE7UOVUWE60,2,0,http://www.wikidata.org/entity/Q111079463
HFE7UOVUWE60,2,1,http://www.wikidata.org/entity/Q4963691
HFE7UOVUWE60,3,0,http://www.wikidata.org/entity/Q60664008
HFE7UOVUWE60,3,1,http://www.wikidata.org/entity/Q234819
HFE7UOVUWE60,4,0,http://www.wikidata.org/entity/Q108913248
HFE7UOVUWE60,4,1,http://www.wikidata.org/entity/Q301372
HFE7UOVUWE60,5,0,http://www.wikidata.org/entity/Q106950064
HFE7UOVUWE60,5,1,http://www.wikidata.org/entity/Q7648387
HFE7UOVUWE60,6,0,http://www.wikidata.org/entity/Q110975546
HFE7UOVUWE60,6,1,http://www.wikidata.org/entity/Q265270
HFE7UOVUWE60,7,0,http://www.wikidata.org/entity/Q113164908
HFE7UOVUWE60,7,1,http://www.wikidata.org/entity/Q3731488
HFE7UOVUWE60,8,0,http://www.wikidata.org/entity/Q110208357
HFE7UOVUWE60,8,1,http://www.wikidata.org/entity/Q64736764
HFE7UOVUWE60,9,0,http://www.wikidata.org/entity/Q2967696
HFE7UOVUWE60,9,1,http://www.wikidata.org/entity/Q5685
HFE7UOVUWE60,10,0,http://www.wikidata.org/entity/Q110880227
HFE7UOVUWE60,10,1,http://www.wikidata.org/entity/Q239910
HFE7UOVUWE60,11,0,http://www.wikidata.org/entity/Q77210016
HFE7UOVUWE60,11,1,http://www.wikidata.org/entity/Q7336048
HFE7UOVUWE60,12,0,http://www.wikidata.org/entity/Q110619555
HFE7UOVUWE60,12,1,http://www.wikidata.org/entity/Q181659
HFE7UOVUWE60,13,0,http://www.wikidata.org/entity/Q60664089
HFE7UOVUWE60,13,1,http://www.wikidata.org/entity/Q234819
HFE7UOVUWE60,14,0,http://www.wikidata.org/entity/Q60664101
HFE7UOVUWE60,14,1,http://www.wikidata.org/entity/Q234819
HFE7UOVUWE60,15,0,http://www.wikidata.org/entity/Q111804979
HFE7UOVUWE60,16,0,http://www.wikidata.org/entity/Q77210014
HFE7UOVUWE60,16,1,http://www.wikidata.org/entity/Q6178396
HFE7UOVUWE60,17,0,http://www.wikidata.org/entity/Q6705257
HFE7UOVUWE60,17,1,http://www.wikidata.org/entity/Q197155
HFE7UOVUWE60,18,0,http://www.wikidata.org/entity/Q16405882
HFE7UOVUWE60,18,1,http://www.wikidata.org/entity/Q2005705
HFE7UOVUWE60,19,0,http://www.wikidata.org/entity/Q109569936
HFE7UOVUWE60,19,1,http://www.wikidata.org/entity/Q7374
HFE7UOVUWE60,20,0,http://www.wikidata.org/entity/Q110359908
HFE7UOVUWE60,20,1,http://www.wikidata.org/entity/Q110360013
HFE7UOVUWE60,21,0,http://www.wikidata.org/entity/Q111804780
HFE7UOVUWE60,22,0,http://www.wikidata.org/entity/Q25217307
HFE7UOVUWE60,22,1,http://www.wikidata.org/entity/Q34743
HCYUV196S8Q7,1,0,http://www.wikidata.org/entity/Q25411
HCYUV196S8Q7,1,1,http://www.wikidata.org/entity/Q11960487
HCYUV196S8Q7,2,0,http://www.wikidata.org/entity/Q38283
HCYUV196S8Q7,2,1,http://www.wikidata.org/entity/Q11542960
HCYUV196S8Q7,3,0,http://www.wikidata.org/entity/Q48195
HCYUV196S8Q7,3,1,http://www.wikidata.org/entity/Q7510475
HCYUV196S8Q7,4,0,http://www.wikidata.org/entity/Q72259
HCYUV196S8Q7,4,1,http://www.wikidata.org/entity/Q7510327
HCYUV196S8Q7,5,0,http://www.wikidata.org/entity/Q3748
HCYUV196S8Q7,5,1,http://www.wikidata.org/entity/Q7510246
HCYUV196S8Q7,6,0,http://www.wikidata.org/entity/Q23154
HCYUV196S8Q7,6,1,http://www.wikidata.org/entity/Q7509888
HCYUV196S8Q7,7,0,http://www.wikidata.org/entity/Q38234
HCYUV196S8Q7,7,1,http://www.wikidata.org/entity/Q4382340
HCYUV196S8Q7,8,0,http://www.wikidata.org/entity/Q5831
HCYUV196S8Q7,8,1,http://www.wikidata.org/entity/Q4337399
HCYUV196S8Q7,9,0,http://www.wikidata.org/entity/Q81398
HCYUV196S8Q7,9,1,http://www.wikidata.org/entity/Q3485803
HCYUV196S8Q7,10,0,http://www.wikidata.org/entity/Q11751
HCYUV196S8Q7,10,1,http://www.wikidata.org/entity/Q2813858
HCYUV196S8Q7,11,0,http://www.wikidata.org/entity/Q147739
HCYUV196S8Q7,11,1,http://www.wikidata.org/entity/Q2372093
HCYUV196S8Q7,12,0,http://www.wikidata.org/entity/Q131323
HCYUV196S8Q7,12,1,http://www.wikidata.org/entity/Q2270347
HCYUV196S8Q7,13,0,http://www.wikidata.org/entity/Q23482
HCYUV196S8Q7,13,1,http://www.wikidata.org/entity/Q2127400
HCYUV196S8Q7,14,0,http://www.wikidata.org/entity/Q1770
HCYUV196S8Q7,14,1,http://www.wikidata.org/entity/Q1389854
XXBMQHMM3K2Z,1,0,http://www.wikidata.org/entity/Q208718
XXBMQHMM3K2Z,1,1,http://www.wikidata.org/entity/Q310120
XXBMQHMM3K2Z,2,0,http://www.wikidata.org/entity/Q25411
XXBMQHMM3K2Z,2,1,http://www.wikidata.org/entity/Q487648
XXBMQHMM3K2Z,2,2,http://www.wikidata.org/entity/Q602358
XXBMQHMM3K2Z,3,0,http://www.wikidata.org/entity/Q3889
XXBMQHMM3K2Z,3,1,http://www.wikidata.org/entity/Q1029
XXBMQHMM3K2Z,3,2,http://www.wikidata.org/entity/Q602358
XXBMQHMM3K2Z,4,0,http://www.wikidata.org/entity/Q200016
XXBMQHMM3K2Z,4,1,http://www.wikidata.org/entity/Q18395504
XXBMQHMM3K2Z,4,2,http://www.wikidata.org/entity/Q1029706
XXBMQHMM3K2Z,5,0,http://www.wikidata.org/entity/Q8686
XXBMQHMM3K2Z,5,1,http://www.wikidata.org/entity/Q2170587
XXBMQHMM3K2Z,5,2,http://www.wikidata.org/entity/Q63284758
XXBMQHMM3K2Z,6,0,http://www.wikidata.org/entity/Q24014650
XXBMQHMM3K2Z,6,1,http://www.wikidata.org/entity/Q107420124
XXBMQHMM3K2Z,7,0,http://www.wikidata.org/entity/Q110218
XXBMQHMM3K2Z,7,1,http://www.wikidata.org/entity/Q331153
XXBMQHMM3K2Z,7,2,http://www.wikidata.org/entity/Q19190511
XXBMQHMM3K2Z,8,0,http://www.wikidata.org/entity/Q509353
XXBMQHMM3K2Z,8,1,http://www.wikidata.org/entity/Q5931
XXBMQHMM3K2Z,8,2,http://www.wikidata.org/entity/Q19230705
XXBMQHMM3K2Z,9,0,http://www.wikidata.org/entity/Q269222
XXBMQHMM3K2Z,9,1,http://www.wikidata.org/entity/Q1047895
XXBMQHMM3K2Z,10,0,http://www.wikidata.org/entity/Q1770
XXBMQHMM3K2Z,10,1,http://www.wikidata.org/entity/Q191
XXBMQHMM3K2Z,10,2,http://www.wikidata.org/entity/Q19180675
XXBMQHMM3K2Z,11,0,http://www.wikidata.org/entity/Q191718
XXBMQHMM3K2Z,11,1,http://www.wikidata.org/entity/Q281589
XXBMQHMM3K2Z,11,2,http://www.wikidata.org/entity/Q4041526
XXBMQHMM3K2Z,12,0,http://www.wikidata.org/entity/Q11751
XXBMQHMM3K2Z,12,1,http://www.wikidata.org/entity/Q1062072
XXBMQHMM3K2Z,12,2,http://www.wikidata.org/entity/Q19190511
XXBMQHMM3K2Z,13,0,http://www.wikidata.org/entity/Q819629
XXBMQHMM3K2Z,13,1,http://www.wikidata.org/entity/Q1396816
XXBMQHMM3K2Z,14,0,http://www.wikidata.org/entity/Q3825
XXBMQHMM3K2Z,14,1,http://www.wikidata.org/entity/Q1000
XXBMQHMM3K2Z,14,2,http://www.wikidata.org/entity/Q20078554
XXBMQHMM3K2Z,15,0,http://www.wikidata.org/entity/Q798445
XXBMQHMM3K2Z,15,2,http://www.wikidata.org/entity/Q20078554
XXBMQHMM3K2Z,16,0,http://www.wikidata.org/entity/Q192155
XXBMQHMM3K2Z,16,1,http://www.wikidata.org/entity/Q296431
XXBMQHMM3K2Z,16,2,http://www.wikidata.org/entity/Q116779391
XXBMQHMM3K2Z,17,0,http://www.wikidata.org/entity/Q185632
XXBMQHMM3K2Z,17,2,http://www.wikidata.org/entity/Q20078554
XXBMQHMM3K2Z,18,0,http://www.wikidata.org/entity/Q47048
XXBMQHMM3K2Z,18,1,http://www.wikidata.org/entity/Q202112
XXBMQHMM3K2Z,18,2,http://www.wikidata.org/entity/Q116779391
XXBMQHMM3K2Z,19,0,http://www.wikidata.org/entity/Q335427
XXBMQHMM3K2Z,19,1,http://www.wikidata.org/entity/Q1040575
XXBMQHMM3K2Z,20,0,http://www.wikidata.org/entity/Q890311
XXBMQHMM3K2Z,20,1,http://www.wikidata.org/entity/Q100588106
XXBMQHMM3K2Z,20,2,http://www.wikidata.org/entity/Q602358
8RA556B4MR9S,1,0,http://www.wikidata.org/entity/Q7476431
8RA556B4MR9S,1,1,http://www.wikidata.org/entity/Q653025
8RA556B4MR9S,1,2,http://www.wikidata.org/entity/Q55
8RA556B4MR9S,2,0,http://www.wikidata.org/entity/Q11901097
8RA556B4MR9S,2,1,http://www.wikidata.org/entity/Q11902872
8RA556B4MR9S,2,2,http://www.wikidata.org/entity/Q33
8RA556B4MR9S,3,0,http://www.wikidata.org/entity/Q104628346
8RA556B4MR9S,3,1,http://www.wikidata.org/entity/Q2997099
8RA556B4MR9S,3,2,http://www.wikidata.org/entity/Q31
8RA556B4MR9S,4,0,http://www.wikidata.org/entity/Q124477664
8RA556B4MR9S,4,1,http://www.wikidata.org/entity/Q3423037
8RA556B4MR9S,4,2,http://www.wikidata.org/entity/Q31
8RA556B4MR9S,5,0,http://www.wikidata.org/entity/Q20754469
8RA556B4MR9S,5,1,http://www.wikidata.org/entity/Q450028
8RA556B4MR9S,5,2,http://www.wikidata.org/entity/Q183
8RA556B4MR9S,6,0,http://www.wikidata.org/entity/Q26402572
8RA556B4MR9S,6,1,http://www.wikidata.org/entity/Q7569217
8RA556B4MR9S,6,2,http://www.wikidata.org/entity/Q145
8RA556B4MR9S,7,0,http://www.wikidata.org/entity/Q17853281
8RA556B4MR9S,7,1,http://www.wikidata.org/entity/Q6410175
8RA556B4MR9S,7,2,http://www.wikidata.org/entity/Q145
8RA556B4MR9S,8,0,http://www.wikidata.org/entity/Q26402597
8RA556B4MR9S,8,1,http://www.wikidata.org/entity/Q608194
8RA556B4MR9S,8,2,http://www.wikidata.org/entity/Q145
8RA556B4MR9S,9,0,http://www.wikidata.org/entity/Q21167249
8RA556B4MR9S,9,1,http://www.wikidata.org/entity/Q25724
8RA556B4MR9S,9,2,http://www.wikidata.org/entity/Q34
8RA556B4MR9S,10,0,http://www.wikidata.org/entity/Q15883880
8RA556B4MR9S,10,1,http://www.wikidata.org/entity/Q21766156
8RA556B4MR9S,10,2,http://www.wikidata.org/entity/Q31
8RA556B4MR9S,11,0,http://www.wikidata.org/entity/Q38048507
8RA556B4MR9S,11,1,http://www.wikidata.org/entity/Q89796821
8RA556B4MR9S,11,2,http://www.wikidata.org/entity/Q213
8RA556B4MR9S,12,0,http://www.wikidata.org/entity/Q56559450
8RA556B4MR9S,12,1,http://www.wikidata.org/entity/Q56559400
8RA556B4MR9S,12,2,http://www.wikidata.org/entity/Q183
8RA556B4MR9S,13,0,http://www.wikidata.org/entity/Q47904238
8RA556B4MR9S,13,1,http://www.wikidata.org/entity/Q1447130
8RA556B4MR9S,13,2,http://www.wikidata.org/entity/Q183
8RA556B4MR9S,14,0,http://www.wikidata.org/entity/Q29485129
8RA556B4MR9S,14,1,http://www.wikidata.org/entity/Q24674792
8RA556B4MR9S,14,2,http://www.wikidata.org/entity/Q145
8RA556B4MR9S,15,0,http://www.wikidata.org/entity/Q65952766
8RA556B4MR9S,15,1,http://www.wikidata.org/entity/Q1454555
8RA556B4MR9S,15,2,http://www.wikidata.org/entity/Q183
8RA556B4MR9S,16,0,http://www.wikidata.org/entity/Q88455139
8RA556B4MR9S,16,1,http://www.wikidata.org/entity/Q12062
8RA556B4MR9S,16,2,http://www.wikidata.org/entity/Q183
8RA556B4MR9S,17,0,http://www.wikidata.org/entity/Q65414355
8RA556B4MR9S,17,1,http://www.wikidata.org/entity/Q10668111
8RA556B4MR9S,17,2,http://www.wikidata.org/entity/Q33
8RA556B4MR9S,18,0,http://www.wikidata.org/entity/Q87412960
8RA556B4MR9S,18,1,http://www.wikidata.org/entity/Q3735539
8RA556B4MR9S,18,2,http://www.wikidata.org/entity/Q33
8RA556B4MR9S,19,0,http://www.wikidata.org/entity/Q1943670
8RA556B4MR9S,19,1,http://www.wikidata.org/entity/Q18691547
8RA556B4MR9S,19,2,http://www.wikidata.org/entity/Q55
8RA556B4MR9S,20,0,http://www.wikidata.org/entity/Q2266932
8RA556B4MR9S,20,1,http://www.wikidata.org/entity/Q12013510
8RA556B4MR9S,20,2,http://www.wikidata.org/entity/Q55
68XIZVLRS08O,1,0,http://www.wikidata.org/entity/Q318975
68XIZVLRS08O,1,2,http://www.wikidata.org/entity/Q3369375
68XIZVLRS08O,1,3,http://www.wikidata.org/entity/Q27907544
68XIZVLRS08O,2,0,http://www.wikidata.org/entity/Q704708
68XIZVLRS08O,2,1,http://www.wikidata.org/entity/Q206685
68XIZVLRS08O,2,2,http://www.wikidata.org/entity/Q95899458
68XIZVLRS08O,2,3,http://www.wikidata.org/entity/Q50822822
68XIZVLRS08O,3,0,http://www.wikidata.org/entity/Q270470
68XIZVLRS08O,3,1,http://www.wikidata.org/entity/Q81796
68XIZVLRS08O,3,2,http://www.wikidata.org/entity/Q280187
68XIZVLRS08O,3,3,http://www.wikidata.org/entity/Q27104156
68XIZVLRS08O,4,0,http://www.wikidata.org/entity/Q40895
68XIZVLRS08O,4,1,http://www.wikidata.org/entity/Q3129587
68XIZVLRS08O,4,2,http://www.wikidata.org/entity/Q2849103
68XIZVLRS08O,4,3,http://www.wikidata.org/entity/Q114904151
68XIZVLRS08O,5,0,http://www.wikidata.org/entity/Q213787
68XIZVLRS08O,5,1,http://www.wikidata.org/entity/Q535
68XIZVLRS08O,5,2,http://www.wikidata.org/entity/Q29017583
68XIZVLRS08O,5,3,http://www.wikidata.org/entity/Q27837192
68XIZVLRS08O,6,0,http://www.wikidata.org/entity/Q190135
68XIZVLRS08O,6,1,http://www.wikidata.org/entity/Q5673
68XIZVLRS08O,6,2,http://www.wikidata.org/entity/Q64046
68XIZVLRS08O,6,3,http://www.wikidata.org/entity/Q27537065
68XIZVLRS08O,7,0,http://www.wikidata.org/entity/Q215365
68XIZVLRS08O,7,2,http://www.wikidata.org/entity/Q28913046
68XIZVLRS08O,7,3,http://www.wikidata.org/entity/Q27943184
68XIZVLRS08O,8,0,http://www.wikidata.org/entity/Q179673
68XIZVLRS08O,8,1,http://www.wikidata.org/entity/Q466788
68XIZVLRS08O,8,2,http://www.wikidata.org/entity/Q719196
68XIZVLRS08O,8,3,http://www.wikidata.org/entity/Q117842367
68XIZVLRS08O,9,0,http://www.wikidata.org/entity/Q36479
68XIZVLRS08O,9,2,http://www.wikidata.org/entity/Q28813488
68XIZVLRS08O,9,3,http://www.wikidata.org/entity/Q27662139
68XIZVLRS08O,10,0,http://www.wikidata.org/entity/Q204662
68XIZVLRS08O,10,1,http://www.wikidata.org/entity/Q453410
68XIZVLRS08O,10,2,http://www.wikidata.org/entity/Q443540
68XIZVLRS08O,10,3,http://www.wikidata.org/entity/Q27182044
68XIZVLRS08O,11,0,http://www.wikidata.org/entity/Q216929
68XIZVLRS08O,11,1,http://www.wikidata.org/entity/Q5686
68XIZVLRS08O,11,2,http://www.wikidata.org/entity/Q2396556
68XIZVLRS08O,11,3,http://www.wikidata.org/entity/Q27495379
68XIZVLRS08O,12,0,http://www.wikidata.org/entity/Q1138751
68XIZVLRS08O,12,1,http://www.wikidata.org/entity/Q313289
68XIZVLRS08O,12,2,http://www.wikidata.org/entity/Q4977804
68XIZVLRS08O,13,0,http://www.wikidata.org/entity/Q15270647
68XIZVLRS08O,13,2,http://www.wikidata.org/entity/Q28007087
68XIZVLRS08O,13,3,http://www.wikidata.org/entity/Q28035758
68XIZVLRS08O,14,0,http://www.wikidata.org/entity/Q134430
68XIZVLRS08O,14,2,http://www.wikidata.org/entity/Q29363531
68XIZVLRS08O,14,3,http://www.wikidata.org/entity/Q114894947
68XIZVLRS08O,15,0,http://www.wikidata.org/entity/Q1199692
68XIZVLRS08O,15,1,http://www.wikidata.org/entity/Q708581
68XIZVLRS08O,15,2,http://www.wikidata.org/entity/Q2827391
68XIZVLRS08O,16,0,http://www.wikidata.org/entity/Q223163
68XIZVLRS08O,16,1,http://www.wikidata.org/entity/Q6790729
68XIZVLRS08O,16,2,http://www.wikidata.org/entity/Q211619
68XIZVLRS08O,16,3,http://www.wikidata.org/entity/Q27892912
68XIZVLRS08O,17,0,http://www.wikidata.org/entity/Q172284
68XIZVLRS08O,17,1,http://www.wikidata.org/entity/Q4018179
68XIZVLRS08O,17,2,http://www.wikidata.org/entity/Q28790214
68XIZVLRS08O,17,3,http://www.wikidata.org/entity/Q114876747
68XIZVLRS08O,18,0,http://www.wikidata.org/entity/Q36092
68XIZVLRS08O,18,1,http://www.wikidata.org/entity/Q201641
68XIZVLRS08O,18,2,http://www.wikidata.org/entity/Q29032935
68XIZVLRS08O,18,3,http://www.wikidata.org/entity/Q27916586
68XIZVLRS08O,19,0,http://www.wikidata.org/entity/Q329316
68XIZVLRS08O,19,1,http://www.wikidata.org/entity/Q366643
68XIZVLRS08O,19,2,http://www.wikidata.org/entity/Q28802207
68XIZVLRS08O,19,3,http://www.wikidata.org/entity/Q27463781
68XIZVLRS08O,20,0,http://www.wikidata.org/entity/Q498434
68XIZVLRS08O,20,1,http://www.wikidata.org/entity/Q207036
68XIZVLRS08O,20,2,http://www.wikidata.org/entity/Q101539890
68XIZVLRS08O,20,3,http://www.wikidata.org/entity/Q27303486
68XIZVLRS08O,21,0,http://www.wikidata.org/entity/Q208696
68XIZVLRS08O,21,1,http://www.wikidata.org/entity/Q148234
68XIZVLRS08O,21,2,http://www.wikidata.org/entity/Q211619
68XIZVLRS08O,21,3,http://www.wikidata.org/entity/Q27881730
68XIZVLRS08O,22,0,http://www.wikidata.org/entity/Q19090
68XIZVLRS08O,22,2,http://www.wikidata.org/entity/Q28798124
68XIZVLRS08O,22,3,http://www.wikidata.org/entity/Q114877886
68XIZVLRS08O,23,0,http://www.wikidata.org/entity/Q39722
68XIZVLRS08O,23,1,http://www.wikidata.org/entity/Q439059
68XIZVLRS08O,23,2,http://www.wikidata.org/entity/Q101539890
68XIZVLRS08O,23,3,http://www.wikidata.org/entity/Q27429772
I18HASUZVA7P,1,0,http://www.wikidata.org/entity/Q192212
I18HASUZVA7P,1,1,http://www.wikidata.org/entity/Q24265062
I18HASUZVA7P,1,2,http://www.wikidata.org/entity/Q22083845
I18HASUZVA7P,2,0,http://www.wikidata.org/entity/Q221679
I18HASUZVA7P,2,2,http://www.wikidata.org/entity/Q269214
I18HASUZVA7P,2,3,http://www.wikidata.org/entity/Q269214
I18HASUZVA7P,3,0,http://www.wikidata.org/entity/Q171300
I18HASUZVA7P,3,1,http://www.wikidata.org/entity/Q2964799
I18HASUZVA7P,3,2,http://www.wikidata.org/entity/Q15865116
I18HASUZVA7P,3,3,http://www.wikidata.org/entity/Q28006734
I18HASUZVA7P,4,0,http://www.wikidata.org/entity/Q1402152
I18HASUZVA7P,4,2,http://www.wikidata.org/entity/Q2159160
I18HASUZVA7P,4,3,http://www.wikidata.org/entity/Q549570
I18HASUZVA7P,5,0,http://www.wikidata.org/entity/Q19862858
I18HASUZVA7P,5,1,http://www.wikidata.org/entity/Q86457288
I18HASUZVA7P,5,2,http://www.wikidata.org/entity/Q86427069
I18HASUZVA7P,6,0,http://www.wikidata.org/entity/Q842292
I18HASUZVA7P,6,2,http://www.wikidata.org/entity/Q713511
I18HASUZVA7P,6,3,http://www.wikidata.org/entity/Q11071898
I18HASUZVA7P,7,0,http://www.wikidata.org/entity/Q184701
I18HASUZVA7P,7,1,http://www.wikidata.org/entity/Q3565891
I18HASUZVA7P,7,2,http://www.wikidata.org/entity/Q703588
I18HASUZVA7P,8,0,http://www.wikidata.org/entity/Q249967
I18HASUZVA7P,8,2,http://www.wikidata.org/entity/Q132952
I18HASUZVA7P,8,3,http://www.wikidata.org/entity/Q132952
I18HASUZVA7P,9,0,http://www.wikidata.org/entity/Q215518
I18HASUZVA7P,9,1,http://www.wikidata.org/entity/Q28859692
I18HASUZVA7P,9,2,http://www.wikidata.org/entity/Q930209
I18HASUZVA7P,9,3,http://www.wikidata.org/entity/Q28855261
I18HASUZVA7P,10,0,http://www.wikidata.org/entity/Q378615
I18HASUZVA7P,10,1,http://www.wikidata.org/entity/Q1610905
I18HASUZVA7P,10,2,http://www.wikidata.org/entity/Q1610905
I18HASUZVA7P,11,0,http://www.wikidata.org/entity/Q23999279
I18HASUZVA7P,11,2,http://www.wikidata.org/entity/Q23992768
I18HASUZVA7P,11,3,http://www.wikidata.org/entity/Q15842409
I18HASUZVA7P,12,0,http://www.wikidata.org/entity/Q216929
I18HASUZVA7P,12,1,http://www.wikidata.org/entity/Q28803419
I18HASUZVA7P,12,2,http://www.wikidata.org/entity/Q28823959
I18HASUZVA7P,13,0,http://www.wikidata.org/entity/Q17125101
I18HASUZVA7P,13,1,http://www.wikidata.org/entity/Q26714807
I18HASUZVA7P,13,2,http://www.wikidata.org/entity/Q22101574
I18HASUZVA7P,14,0,http://www.wikidata.org/entity/Q270470
I18HASUZVA7P,14,1,http://www.wikidata.org/entity/Q3142264
I18HASUZVA7P,14,2,http://www.wikidata.org/entity/Q8704
I18HASUZVA7P,15,0,http://www.wikidata.org/entity/Q199839
I18HASUZVA7P,15,1,http://www.wikidata.org/entity/Q2829319
I18HASUZVA7P,15,2,http://www.wikidata.org/entity/Q8704
I18HASUZVA7P,15,3,http://www.wikidata.org/entity/Q3035770
I18HASUZVA7P,16,0,http://www.wikidata.org/entity/Q51163619
I18HASUZVA7P,16,1,http://www.wikidata.org/entity/Q86495325
I18HASUZVA7P,16,2,http://www.wikidata.org/entity/Q86428144
I18HASUZVA7P,17,0,http://www.wikidata.org/entity/Q21104090
I18HASUZVA7P,17,1,http://www.wikidata.org/entity/Q84253061
I18HASUZVA7P,17,2,http://www.wikidata.org/entity/Q84251292
I18HASUZVA7P,18,0,http://www.wikidata.org/entity/Q1067080
I18HASUZVA7P,18,2,http://www.wikidata.org/entity/Q922464
I18HASUZVA7P,18,3,http://www.wikidata.org/entity/Q6913909
I18HASUZVA7P,19,0,http://www.wikidata.org/entity/Q271189
I18HASUZVA7P,19,1,http://www.wikidata.org/entity/Q28940810
I18HASUZVA7P,19,2,http://www.wikidata.org/entity/Q735440
I18HASUZVA7P,19,3,http://www.wikidata.org/entity/Q15865116
I18HASUZVA7P,20,0,http://www.wikidata.org/entity/Q5815826
I18HASUZVA7P,20,2,http://www.wikidata.org/entity/Q1992382
I18HASUZVA7P,20,3,http://www.wikidata.org/entity/Q269214
35IK16AG4VOJ,1,0,http://www.wikidata.org/entity/Q2864239
35IK16AG4VOJ,1,1,http://www.wikidata.org/entity/Q130232
35IK16AG4VOJ,2,0,http://www.wikidata.org/entity/Q1616888
35IK16AG4VOJ,2,1,http://www.wikidata.org/entity/Q40831
35IK16AG4VOJ,3,0,http://www.wikidata.org/entity/Q1523217
35IK16AG4VOJ,3,1,http://www.wikidata.org/entity/Q40831
35IK16AG4VOJ,4,0,http://www.wikidata.org/entity/Q1195542
35IK16AG4VOJ,4,1,http://www.wikidata.org/entity/Q100339660
35IK16AG4VOJ,5,0,http://www.wikidata.org/entity/Q1093555
35IK16AG4VOJ,5,1,http://www.wikidata.org/entity/Q319221
UAY78JUNN4S2,1,0,http://www.wikidata.org/entity/Q126796
UAY78JUNN4S2,1,2,http://www.wikidata.org/entity/Q28980093
UAY78JUNN4S2,1,3,http://www.wikidata.org/entity/Q1401416
UAY78JUNN4S2,2,0,http://www.wikidata.org/entity/Q216153
UAY78JUNN4S2,2,1,http://www.wikidata.org/entity/Q3481516
UAY78JUNN4S2,2,3,http://www.wikidata.org/entity/Q1401416
UAY78JUNN4S2,3,0,http://www.wikidata.org/entity/Q840353
UAY78JUNN4S2,3,1,http://www.wikidata.org/entity/Q108853715
UAY78JUNN4S2,3,3,http://www.wikidata.org/entity/Q1401416
UAY78JUNN4S2,4,0,http://www.wikidata.org/entity/Q27918412
UAY78JUNN4S2,4,2,http://www.wikidata.org/entity/Q28980099
UAY78JUNN4S2,4,3,http://www.wikidata.org/entity/Q1401416
UAY78JUNN4S2,5,0,http://www.wikidata.org/entity/Q495850
UAY78JUNN4S2,5,1,http://www.wikidata.org/entity/Q29042991
UAY78JUNN4S2,5,2,http://www.wikidata.org/entity/Q28980099
UAY78JUNN4S2,5,3,http://www.wikidata.org/entity/Q1401416
UAY78JUNN4S2,6,0,http://www.wikidata.org/entity/Q16386722
UAY78JUNN4S2,6,2,http://www.wikidata.org/entity/Q28980099
UAY78JUNN4S2,6,3,http://www.wikidata.org/entity/Q1401416
UAY78JUNN4S2,7,0,http://www.wikidata.org/entity/Q8954081
UAY78JUNN4S2,7,2,http://www.wikidata.org/entity/Q28980099
UAY78JUNN4S2,7,3,http://www.wikidata.org/entity/Q1401416
UAY78JUNN4S2,8,0,http://www.wikidata.org/entity/Q579928
UAY78JUNN4S2,8,1,http://www.wikidata.org/entity/Q1688017
UAY78JUNN4S2,8,3,http://www.wikidata.org/entity/Q184781
UAY78JUNN4S2,9,0,http://www.wikidata.org/entity/Q39571
UAY78JUNN4S2,9,1,http://www.wikidata.org/entity/Q11579330
UAY78JUNN4S2,9,3,http://www.wikidata.org/entity/Q184781
3GLMHZNOLLJ3,1,0,http://www.wikidata.org/entity/Q28496979
3GLMHZNOLLJ3,1,1,http://www.wikidata.org/entity/Q23817740
3GLMHZNOLLJ3,2,0,http://www.wikidata.org/entity/Q107555499
3GLMHZNOLLJ3,2,1,http://www.wikidata.org/entity/Q23817729
3GLMHZNOLLJ3,3,0,http://www.wikidata.org/entity/Q104898194
3GLMHZNOLLJ3,3,1,http://www.wikidata.org/entity/Q23817729
3GLMHZNOLLJ3,4,0,http://www.wikidata.org/entity/Q104409060
3GLMHZNOLLJ3,4,1,http://www.wikidata.org/entity/Q23817729
3GLMHZNOLLJ3,5,0,http://www.wikidata.org/entity/Q103372692
3GLMHZNOLLJ3,5,1,http://www.wikidata.org/entity/Q23817729
3GLMHZNOLLJ3,6,0,http://www.wikidata.org/entity/Q99513834
3GLMHZNOLLJ3,6,1,http://www.wikidata.org/entity/Q23817729
3GLMHZNOLLJ3,7,0,http://www.wikidata.org/entity/Q85760113
3GLMHZNOLLJ3,7,1,http://www.wikidata.org/entity/Q23817729
3GLMHZNOLLJ3,8,0,http://www.wikidata.org/entity/Q76448600
3GLMHZNOLLJ3,8,1,http://www.wikidata.org/entity/Q23817729
3GLMHZNOLLJ3,9,0,http://www.wikidata.org/entity/Q66738105
3GLMHZNOLLJ3,9,1,http://www.wikidata.org/entity/Q23817729
3GLMHZNOLLJ3,10,0,http://www.wikidata.org/entity/Q63986099
3GLMHZNOLLJ3,10,1,http://www.wikidata.org/entity/Q23817729
3GLMHZNOLLJ3,11,0,http://www.wikidata.org/entity/Q62126928
3GLMHZNOLLJ3,11,1,http://www.wikidata.org/entity/Q23817729
3GLMHZNOLLJ3,12,0,http://www.wikidata.org/entity/Q60989704
3GLMHZNOLLJ3,12,1,http://www.wikidata.org/entity/Q23817729
3GLMHZNOLLJ3,13,0,http://www.wikidata.org/entity/Q60566698
3GLMHZNOLLJ3,13,1,http://www.wikidata.org/entity/Q23817729
3GLMHZNOLLJ3,14,0,http://www.wikidata.org/entity/Q59853386
3GLMHZNOLLJ3,14,1,http://www.wikidata.org/entity/Q23817729
3GLMHZNOLLJ3,15,0,http://www.wikidata.org/entity/Q59692464
3GLMHZNOLLJ3,15,1,http://www.wikidata.org/entity/Q23817729
3GLMHZNOLLJ3,16,0,http://www.wikidata.org/entity/Q59690895
3GLMHZNOLLJ3,16,1,http://www.wikidata.org/entity/Q23817729
3GLMHZNOLLJ3,17,0,http://www.wikidata.org/entity/Q59488276
3GLMHZNOLLJ3,17,1,http://www.wikidata.org/entity/Q23817729
JLDV1XOV6HOY,1,0,http://www.wikidata.org/entity/Q17198466
JLDV1XOV6HOY,2,0,http://www.wikidata.org/entity/Q2864239
JLDV1XOV6HOY,3,0,http://www.wikidata.org/entity/Q20856821
JLDV1XOV6HOY,4,0,http://www.wikidata.org/entity/Q1061539
JLDV1XOV6HOY,4,1,http://www.wikidata.org/entity/Q20644795
JLDV1XOV6HOY,5,0,http://www.wikidata.org/entity/Q5664643
JLDV1XOV6HOY,6,0,http://www.wikidata.org/entity/Q136625
JLDV1XOV6HOY,7,0,http://www.wikidata.org/entity/Q2381788
JLDV1XOV6HOY,8,0,http://www.wikidata.org/entity/Q52151503
JLDV1XOV6HOY,9,0,http://www.wikidata.org/entity/Q27866060
JLDV1XOV6HOY,10,0,http://www.wikidata.org/entity/Q2480093
JLDV1XOV6HOY,11,0,http://www.wikidata.org/entity/Q485983
JLDV1XOV6HOY,11,1,http://www.wikidata.org/entity/Q20644794
JLDV1XOV6HOY,12,0,http://www.wikidata.org/entity/Q25396958
JLDV1XOV6HOY,13,0,http://www.wikidata.org/entity/Q840353
JLDV1XOV6HOY,13,1,http://www.wikidata.org/entity/Q20644795
JLDV1XOV6HOY,14,0,http://www.wikidata.org/entity/Q2671044
JLDV1XOV6HOY,15,0,http://www.wikidata.org/entity/Q99513834
JLDV1XOV6HOY,16,0,http://www.wikidata.org/entity/Q15946027
JLDV1XOV6HOY,17,0,http://www.wikidata.org/entity/Q244019
JLDV1XOV6HOY,18,0,http://www.wikidata.org/entity/Q275432
JLDV1XOV6HOY,18,1,http://www.wikidata.org/entity/Q20644795
NCMMQVATWNS0,1,0,http://www.wikidata.org/entity/Q7902343
NCMMQVATWNS0,1,1,http://www.wikidata.org/entity/Q482888
NCMMQVATWNS0,2,0,http://www.wikidata.org/entity/Q8354839
NCMMQVATWNS0,3,0,http://www.wikidata.org/entity/Q5253278
NCMMQVATWNS0,3,1,http://www.wikidata.org/entity/Q33518
NCMMQVATWNS0,4,0,http://www.wikidata.org/entity/Q7566960
NCMMQVATWNS0,4,1,http://www.wikidata.org/entity/Q40747
NCMMQVATWNS0,5,0,http://www.wikidata.org/entity/Q6377960
NCMMQVATWNS0,6,0,http://www.wikidata.org/entity/Q4708525
NCMMQVATWNS0,6,1,http://www.wikidata.org/entity/Q39450
NCMMQVATWNS0,7,0,http://www.wikidata.org/entity/Q5172807
NCMMQVATWNS0,8,0,http://www.wikidata.org/entity/Q16203915
NCMMQVATWNS0,9,0,http://www.wikidata.org/entity/Q938783
NCMMQVATWNS0,10,0,http://www.wikidata.org/entity/Q8027155
NCMMQVATWNS0,10,1,http://www.wikidata.org/entity/Q43788
ZOYIGFVRG0QM,1,0,http://www.wikidata.org/entity/Q13731198
ZOYIGFVRG0QM,1,1,http://www.wikidata.org/entity/Q1310
ZOYIGFVRG0QM,1,2,http://www.wikidata.org/entity/Q55
ZOYIGFVRG0QM,2,0,http://www.wikidata.org/entity/Q10498778
ZOYIGFVRG0QM,2,1,http://www.wikidata.org/entity/Q510010
ZOYIGFVRG0QM,2,2,http://www.wikidata.org/entity/Q34
WNJGPJ2VYTFS,1,0,http://www.wikidata.org/entity/Q85463570
WNJGPJ2VYTFS,1,1,http://www.wikidata.org/entity/Q85376818
WNJGPJ2VYTFS,2,0,http://www.wikidata.org/entity/Q85464123
WNJGPJ2VYTFS,2,1,http://www.wikidata.org/entity/Q85379711
WNJGPJ2VYTFS,3,0,http://www.wikidata.org/entity/Q113526330
WNJGPJ2VYTFS,3,1,http://www.wikidata.org/entity/Q1347047
WNJGPJ2VYTFS,4,0,http://www.wikidata.org/entity/Q113528746
WNJGPJ2VYTFS,4,1,http://www.wikidata.org/entity/Q1139336
WNJGPJ2VYTFS,5,0,http://www.wikidata.org/entity/Q961468
WNJGPJ2VYTFS,5,2,http://www.wikidata.org/entity/Q68136
WNJGPJ2VYTFS,6,0,http://www.wikidata.org/entity/Q85463009
WNJGPJ2VYTFS,6,1,http://www.wikidata.org/entity/Q85379602
WNJGPJ2VYTFS,7,0,http://www.wikidata.org/entity/Q85693342
WNJGPJ2VYTFS,7,2,http://www.wikidata.org/entity/Q17590564
WNJGPJ2VYTFS,8,0,http://www.wikidata.org/entity/Q4500088
WNJGPJ2VYTFS,8,2,http://www.wikidata.org/entity/Q2535023
64248NY3LC7Z,1,0,http://www.wikidata.org/entity/Q5283830
64248NY3LC7Z,1,1,http://www.wikidata.org/entity/Q2587169
64248NY3LC7Z,2,0,http://www.wikidata.org/entity/Q5001489
64248NY3LC7Z,2,1,http://www.wikidata.org/entity/Q952823
64248NY3LC7Z,2,2,http://www.wikidata.org/entity/Q47002530
64248NY3LC7Z,3,0,http://www.wikidata.org/entity/Q12601738
64248NY3LC7Z,3,1,http://www.wikidata.org/entity/Q55500
64248NY3LC7Z,4,0,http://www.wikidata.org/entity/Q5116633
64248NY3LC7Z,4,1,http://www.wikidata.org/entity/Q19686
64248NY3LC7Z,5,0,http://www.wikidata.org/entity/Q5447907
64248NY3LC7Z,5,1,http://www.wikidata.org/entity/Q318435
64248NY3LC7Z,6,0,http://www.wikidata.org/entity/Q7575086
64248NY3LC7Z,6,1,http://www.wikidata.org/entity/Q1591703
64248NY3LC7Z,7,0,http://www.wikidata.org/entity/Q2131937
64248NY3LC7Z,7,1,http://www.wikidata.org/entity/Q1362309
E8O26K4B4B6D,1,0,http://www.wikidata.org/entity/Q12280630
E8O26K4B4B6D,1,1,http://www.wikidata.org/entity/Q1032683
E8O26K4B4B6D,2,0,http://www.wikidata.org/entity/Q1464709
E8O26K4B4B6D,2,1,http://www.wikidata.org/entity/Q2119
E8O26K4B4B6D,3,0,http://www.wikidata.org/entity/Q14714396
E8O26K4B4B6D,3,1,http://www.wikidata.org/entity/Q501800
E8O26K4B4B6D,4,0,http://www.wikidata.org/entity/Q20500009
E8O26K4B4B6D,4,1,http://www.wikidata.org/entity/Q2657351
E8O26K4B4B6D,5,0,http://www.wikidata.org/entity/Q555021
E8O26K4B4B6D,5,1,http://www.wikidata.org/entity/Q846161
E8O26K4B4B6D,6,0,http://www.wikidata.org/entity/Q5744107
E8O26K4B4B6D,6,1,http://www.wikidata.org/entity/Q1391
E8O26K4B4B6D,7,0,http://www.wikidata.org/entity/Q5744104
E8O26K4B4B6D,7,1,http://www.wikidata.org/entity/Q36687
E8O26K4B4B6D,8,0,http://www.wikidata.org/entity/Q49653253
E8O26K4B4B6D,8,1,http://www.wikidata.org/entity/Q484015
E8O26K4B4B6D,9,0,http://www.wikidata.org/entity/Q4767749
E8O26K4B4B6D,9,1,http://www.wikidata.org/entity/Q851838
CDERHDLKJE4H,1,0,http://www.wikidata.org/entity/Q22668923
CDERHDLKJE4H,1,2,http://www.wikidata.org/entity/Q789075
CDERHDLKJE4H,2,0,http://www.wikidata.org/entity/Q4090359
CDERHDLKJE4H,2,1,http://www.wikidata.org/entity/Q12154696
DCSYNDM2DP3H,1,0,http://www.wikidata.org/entity/Q10377499
DCSYNDM2DP3H,2,0,http://www.wikidata.org/entity/Q7820682
DCSYNDM2DP3H,2,1,http://www.wikidata.org/entity/Q6805531
DCSYNDM2DP3H,3,0,http://www.wikidata.org/entity/Q10358226
DCSYNDM2DP3H,4,0,http://www.wikidata.org/entity/Q5012469
DCSYNDM2DP3H,4,1,http://www.wikidata.org/entity/Q815713
DCSYNDM2DP3H,5,0,http://www.wikidata.org/entity/Q7672350
51O4O6IPHXMV,1,0,http://www.wikidata.org/entity/Q23809486
51O4O6IPHXMV,1,2,http://www.wikidata.org/entity/Q188166
51O4O6IPHXMV,2,0,http://www.wikidata.org/entity/Q23781949
51O4O6IPHXMV,2,2,http://www.wikidata.org/entity/Q188166
51O4O6IPHXMV,3,0,http://www.wikidata.org/entity/Q27693397
51O4O6IPHXMV,3,2,http://www.wikidata.org/entity/Q339462
51O4O6IPHXMV,4,0,http://www.wikidata.org/entity/Q23802018
51O4O6IPHXMV,4,2,http://www.wikidata.org/entity/Q235703
51O4O6IPHXMV,5,0,http://www.wikidata.org/entity/Q25322
51O4O6IPHXMV,6,0,http://www.wikidata.org/entity/Q2090735
51O4O6IPHXMV,6,2,http://www.wikidata.org/entity/Q389944
51O4O6IPHXMV,7,0,http://www.wikidata.org/entity/Q23803363
51O4O6IPHXMV,7,2,http://www.wikidata.org/entity/Q17601
51O4O6IPHXMV,8,0,http://www.wikidata.org/entity/Q21732863
51O4O6IPHXMV,8,2,http://www.wikidata.org/entity/Q187712
51O4O6IPHXMV,9,0,http://www.wikidata.org/entity/Q3493223
51O4O6IPHXMV,9,2,http://www.wikidata.org/entity/Q484335
51O4O6IPHXMV,10,0,http://www.wikidata.org/entity/Q3297533
51O4O6IPHXMV,10,2,http://www.wikidata.org/entity/Q816
51O4O6IPHXMV,11,0,http://www.wikidata.org/entity/Q21885590
51O4O6IPHXMV,11,2,http://www.wikidata.org/entity/Q3235
L8TJI5BIFX1Q,1,0,http://www.wikidata.org/entity/Q239481
L8TJI5BIFX1Q,1,1,http://www.wikidata.org/entity/Q11901252
L8TJI5BIFX1Q,2,0,http://www.wikidata.org/entity/Q121781793
L8TJI5BIFX1Q,2,1,http://www.wikidata.org/entity/Q3777846
L8TJI5BIFX1Q,3,0,http://www.wikidata.org/entity/Q43513
L8TJI5BIFX1Q,3,1,http://www.wikidata.org/entity/Q214609
L8TJI5BIFX1Q,4,0,http://www.wikidata.org/entity/Q180884
L8TJI5BIFX1Q,4,1,http://www.wikidata.org/entity/Q170448
54I0IZSMR1WX,1,0,http://www.wikidata.org/entity/Q210356
54I0IZSMR1WX,2,0,http://www.wikidata.org/entity/Q210706
N1ACNK3DPAGE,1,0,http://www.wikidata.org/entity/Q66062
N1ACNK3DPAGE,1,2,http://www.wikidata.org/entity/Q687928
N1ACNK3DPAGE,2,0,http://www.wikidata.org/entity/Q69495
N1ACNK3DPAGE,2,2,http://www.wikidata.org/entity/Q56257352
N1ACNK3DPAGE,3,0,http://www.wikidata.org/entity/Q69148
N1ACNK3DPAGE,3,2,http://www.wikidata.org/entity/Q22545069
N1ACNK3DPAGE,4,0,http://www.wikidata.org/entity/Q18411365
N1ACNK3DPAGE,4,2,http://www.wikidata.org/entity/Q70693
N1ACNK3DPAGE,5,0,http://www.wikidata.org/entity/Q70481
N1ACNK3DPAGE,5,2,http://www.wikidata.org/entity/Q22366537
N1ACNK3DPAGE,6,0,http://www.wikidata.org/entity/Q67608
N1ACNK3DPAGE,6,2,http://www.wikidata.org/entity/Q22543837
N1ACNK3DPAGE,7,0,http://www.wikidata.org/entity/Q64380
N1ACNK3DPAGE,8,0,http://www.wikidata.org/entity/Q66898
N1ACNK3DPAGE,8,2,http://www.wikidata.org/entity/Q22658759
N1ACNK3DPAGE,9,0,http://www.wikidata.org/entity/Q68155
N1ACNK3DPAGE,9,2,http://www.wikidata.org/entity/Q13142902
N1ACNK3DPAGE,10,0,http://www.wikidata.org/entity/Q67140
N1ACNK3DPAGE,10,2,http://www.wikidata.org/entity/Q22647671
N1ACNK3DPAGE,11,0,http://www.wikidata.org/entity/Q65805
N1ACNK3DPAGE,11,2,http://www.wikidata.org/entity/Q22565006
JHWLH1XEMZ0M,1,0,http://www.wikidata.org/entity/Q50828889
JHWLH1XEMZ0M,1,1,http://www.wikidata.org/entity/Q50828888
JHWLH1XEMZ0M,2,0,http://www.wikidata.org/entity/Q50828898
JHWLH1XEMZ0M,2,1,http://www.wikidata.org/entity/Q25401047
T78QVEHYB3Z8,1,0,http://www.wikidata.org/entity/Q108936524
T78QVEHYB3Z8,2,0,http://www.wikidata.org/entity/Q57931817
T78QVEHYB3Z8,3,0,http://www.wikidata.org/entity/Q55392043
T78QVEHYB3Z8,4,0,http://www.wikidata.org/entity/Q50828902
T78QVEHYB3Z8,5,0,http://www.wikidata.org/entity/Q50828936
T78QVEHYB3Z8,6,0,http://www.wikidata.org/entity/Q50828892
T78QVEHYB3Z8,7,0,http://www.wikidata.org/entity/Q50828933
T78QVEHYB3Z8,8,0,http://www.wikidata.org/entity/Q16550686
T78QVEHYB3Z8,9,0,http://www.wikidata.org/entity/Q25401047
T78QVEHYB3Z8,10,0,http://www.wikidata.org/entity/Q50828907
T78QVEHYB3Z8,11,0,http://www.wikidata.org/entity/Q1257152
T78QVEHYB3Z8,12,0,http://www.wikidata.org/entity/Q122750236
T78QVEHYB3Z8,13,0,http://www.wikidata.org/entity/Q1257166
T78QVEHYB3Z8,14,0,http://www.wikidata.org/entity/Q29017681
T78QVEHYB3Z8,15,0,http://www.wikidata.org/entity/Q50828938
T78QVEHYB3Z8,16,0,http://www.wikidata.org/entity/Q1257158
T78QVEHYB3Z8,17,0,http://www.wikidata.org/entity/Q50828894
T78QVEHYB3Z8,18,0,http://www.wikidata.org/entity/Q50828898
T78QVEHYB3Z8,19,0,http://www.wikidata.org/entity/Q1257162
9BJ3ALUA3ZGD,1,0,http://www.wikidata.org/entity/Q65184102
9BJ3ALUA3ZGD,2,0,http://www.wikidata.org/entity/Q65184098
9BJ3ALUA3ZGD,3,0,http://www.wikidata.org/entity/Q65184090
9BJ3ALUA3ZGD,4,0,http://www.wikidata.org/entity/Q65184081
9BJ3ALUA3ZGD,5,0,http://www.wikidata.org/entity/Q65184059
9BJ3ALUA3ZGD,6,0,http://www.wikidata.org/entity/Q65184056
9BJ3ALUA3ZGD,7,0,http://www.wikidata.org/entity/Q65184034
9BJ3ALUA3ZGD,8,0,http://www.wikidata.org/entity/Q65184005
9BJ3ALUA3ZGD,9,0,http://www.wikidata.org/entity/Q65183995
9BJ3ALUA3ZGD,10,0,http://www.wikidata.org/entity/Q65183961
J8T0G0JWQN7U,1,0,http://www.wikidata.org/entity/Q6454514
J8T0G0JWQN7U,1,1,http://www.wikidata.org/entity/Q5797137
J8T0G0JWQN7U,2,0,http://www.wikidata.org/entity/Q5854954
J8T0G0JWQN7U,2,1,http://www.wikidata.org/entity/Q5874221
J8T0G0JWQN7U,3,0,http://www.wikidata.org/entity/Q5722067
J8T0G0JWQN7U,3,1,http://www.wikidata.org/entity/Q5938616
J8T0G0JWQN7U,4,0,http://www.wikidata.org/entity/Q5604048
J8T0G0JWQN7U,4,1,http://www.wikidata.org/entity/Q5604517
J8T0G0JWQN7U,5,0,http://www.wikidata.org/entity/Q5605486
J8T0G0JWQN7U,5,1,http://www.wikidata.org/entity/Q56365776
J8T0G0JWQN7U,6,0,http://www.wikidata.org/entity/Q5945535
J8T0G0JWQN7U,6,1,http://www.wikidata.org/entity/Q5702094
J8T0G0JWQN7U,7,0,http://www.wikidata.org/entity/Q5939889
J8T0G0JWQN7U,7,1,http://www.wikidata.org/entity/Q5952209
J8T0G0JWQN7U,8,0,http://www.wikidata.org/entity/Q5721563
J8T0G0JWQN7U,8,1,http://www.wikidata.org/entity/Q5865685
J8T0G0JWQN7U,9,0,http://www.wikidata.org/entity/Q5922827
J8T0G0JWQN7U,9,1,http://www.wikidata.org/entity/Q5868561
J8T0G0JWQN7U,10,0,http://www.wikidata.org/entity/Q3918031
J8T0G0JWQN7U,10,1,http://www.wikidata.org/entity/Q6388998
J8T0G0JWQN7U,11,0,http://www.wikidata.org/entity/Q5943214
J8T0G0JWQN7U,11,1,http://www.wikidata.org/entity/Q5939806
J8T0G0JWQN7U,12,0,http://www.wikidata.org/entity/Q5604517
J8T0G0JWQN7U,12,1,http://www.wikidata.org/entity/Q5604529
J8T0G0JWQN7U,13,0,http://www.wikidata.org/entity/Q6389018
J8T0G0JWQN7U,13,1,http://www.wikidata.org/entity/Q6487292
J8T0G0JWQN7U,14,0,http://www.wikidata.org/entity/Q6388998
J8T0G0JWQN7U,15,0,http://www.wikidata.org/entity/Q5938616
J8T0G0JWQN7U,15,1,http://www.wikidata.org/entity/Q5922827
J8T0G0JWQN7U,16,0,http://www.wikidata.org/entity/Q5827816
J8T0G0JWQN7U,16,1,http://www.wikidata.org/entity/Q6454514
XGV5570NOVCB,1,0,http://www.wikidata.org/entity/Q60997044
XGV5570NOVCB,1,1,http://www.wikidata.org/entity/Q64357771
XGV5570NOVCB,2,0,http://www.wikidata.org/entity/Q64788058
XGV5570NOVCB,2,1,http://www.wikidata.org/entity/Q1431
XGV5570NOVCB,3,0,http://www.wikidata.org/entity/Q70059014
XGV5570NOVCB,3,1,http://www.wikidata.org/entity/Q312
XGV5570NOVCB,4,0,http://www.wikidata.org/entity/Q70058160
XGV5570NOVCB,4,1,http://www.wikidata.org/entity/Q312
XGV5570NOVCB,5,0,http://www.wikidata.org/entity/Q65043499
XGV5570NOVCB,5,1,http://www.wikidata.org/entity/Q312
XGV5570NOVCB,6,0,http://www.wikidata.org/entity/Q1775686
XGV5570NOVCB,6,1,http://www.wikidata.org/entity/Q122873872
XGV5570NOVCB,7,0,http://www.wikidata.org/entity/Q1604323
XGV5570NOVCB,7,1,http://www.wikidata.org/entity/Q7545224
XGV5570NOVCB,8,0,http://www.wikidata.org/entity/Q1347022
XGV5570NOVCB,8,1,http://www.wikidata.org/entity/Q310917
XGV5570NOVCB,9,0,http://www.wikidata.org/entity/Q1755829
XGV5570NOVCB,9,1,http://www.wikidata.org/entity/Q282501
XGV5570NOVCB,10,0,http://www.wikidata.org/entity/Q1200212
XGV5570NOVCB,10,1,http://www.wikidata.org/entity/Q193412
XGV5570NOVCB,11,0,http://www.wikidata.org/entity/Q1537053
XGV5570NOVCB,11,1,http://www.wikidata.org/entity/Q1431
XGV5570NOVCB,12,0,http://www.wikidata.org/entity/Q56556624
XGV5570NOVCB,12,1,http://www.wikidata.org/entity/Q56556615
XGV5570NOVCB,13,0,http://www.wikidata.org/entity/Q55486747
XGV5570NOVCB,13,1,http://www.wikidata.org/entity/Q47069776
XGV5570NOVCB,14,0,http://www.wikidata.org/entity/Q3916680
XGV5570NOVCB,14,1,http://www.wikidata.org/entity/Q169925
XGV5570NOVCB,15,0,http://www.wikidata.org/entity/Q3192936
XGV5570NOVCB,15,1,http://www.wikidata.org/entity/Q1431
JZXF564YS54H,1,0,http://www.wikidata.org/entity/Q77023999
JZXF564YS54H,2,0,http://www.wikidata.org/entity/Q77024008
JZXF564YS54H,3,0,http://www.wikidata.org/entity/Q77024023
JZXF564YS54H,4,0,http://www.wikidata.org/entity/Q77024118
JZXF564YS54H,5,0,http://www.wikidata.org/entity/Q75284176
JZXF564YS54H,5,2,http://www.wikidata.org/entity/Q75281525
JZXF564YS54H,6,0,http://www.wikidata.org/entity/Q5401164
JZXF564YS54H,6,2,http://www.wikidata.org/entity/Q17481609
JZXF564YS54H,7,0,http://www.wikidata.org/entity/Q79312482
JZXF564YS54H,8,0,http://www.wikidata.org/entity/Q6435127
JZXF564YS54H,8,2,http://www.wikidata.org/entity/Q6464549
JZXF564YS54H,9,0,http://www.wikidata.org/entity/Q79301082
JZXF564YS54H,10,0,http://www.wikidata.org/entity/Q76853125
JZXF564YS54H,11,0,http://www.wikidata.org/entity/Q75814652
JZXF564YS54H,11,2,http://www.wikidata.org/entity/Q5443217
JZXF564YS54H,12,0,http://www.wikidata.org/entity/Q79312490
BNZ753DHFGFP,1,0,http://www.wikidata.org/entity/Q10805070
BNZ753DHFGFP,1,1,http://www.wikidata.org/entity/Q10833865
BNZ753DHFGFP,2,0,http://www.wikidata.org/entity/Q10824704
BNZ753DHFGFP,2,2,http://www.wikidata.org/entity/Q847496
SO3DFZZ47FXX,1,0,http://www.wikidata.org/entity/Q4355222
SO3DFZZ47FXX,1,1,http://www.wikidata.org/entity/Q28150
SO3DFZZ47FXX,2,0,http://www.wikidata.org/entity/Q61984220
SO3DFZZ47FXX,3,0,http://www.wikidata.org/entity/Q95387045
SO3DFZZ47FXX,3,1,http://www.wikidata.org/entity/Q61871
SO3DFZZ47FXX,4,0,http://www.wikidata.org/entity/Q81166646
SO3DFZZ47FXX,4,1,http://www.wikidata.org/entity/Q56086
SO3DFZZ47FXX,5,0,http://www.wikidata.org/entity/Q52217418
SO3DFZZ47FXX,5,1,http://www.wikidata.org/entity/Q268219
SO3DFZZ47FXX,6,0,http://www.wikidata.org/entity/Q64160039
SO3DFZZ47FXX,6,1,http://www.wikidata.org/entity/Q335322
SO3DFZZ47FXX,7,0,http://www.wikidata.org/entity/Q122453794
SO3DFZZ47FXX,8,0,http://www.wikidata.org/entity/Q28720129
SO3DFZZ47FXX,8,1,http://www.wikidata.org/entity/Q557809
SO3DFZZ47FXX,9,0,http://www.wikidata.org/entity/Q52217292
SO3DFZZ47FXX,9,1,http://www.wikidata.org/entity/Q213224
SO3DFZZ47FXX,10,0,http://www.wikidata.org/entity/Q81166597
SO3DFZZ47FXX,10,1,http://www.wikidata.org/entity/Q56020
SO3DFZZ47FXX,11,0,http://www.wikidata.org/entity/Q95376109
SO3DFZZ47FXX,11,1,http://www.wikidata.org/entity/Q61617
SO3DFZZ47FXX,12,0,http://www.wikidata.org/entity/Q81172155
SO3DFZZ47FXX,12,1,http://www.wikidata.org/entity/Q73733
SO3DFZZ47FXX,13,0,http://www.wikidata.org/entity/Q55636587
SO3DFZZ47FXX,13,1,http://www.wikidata.org/entity/Q217755
SO3DFZZ47FXX,14,0,http://www.wikidata.org/entity/Q81181320
XXGXHXWYO8PO,1,0,http://www.wikidata.org/entity/Q2190733
XXGXHXWYO8PO,2,0,http://www.wikidata.org/entity/Q668197
5N23DCG96LR7,1,0,http://www.wikidata.org/entity/Q55433838
5N23DCG96LR7,1,1,http://www.wikidata.org/entity/Q232163
5N23DCG96LR7,2,0,http://www.wikidata.org/entity/Q23780479
OU1Y76UJY8IP,1,0,http://www.wikidata.org/entity/Q7912819
OU1Y76UJY8IP,1,1,http://www.wikidata.org/entity/Q796194
OU1Y76UJY8IP,2,0,http://www.wikidata.org/entity/Q2972263
OU1Y76UJY8IP,2,1,http://www.wikidata.org/entity/Q796194
CW5REN1JKN2E,1,0,http://www.wikidata.org/entity/Q3055952
CW5REN1JKN2E,2,0,http://www.wikidata.org/entity/Q18352478
CW5REN1JKN2E,3,0,http://www.wikidata.org/entity/Q12200471
CW5REN1JKN2E,4,0,http://www.wikidata.org/entity/Q12221993
CW5REN1JKN2E,5,0,http://www.wikidata.org/entity/Q6398697
CW5REN1JKN2E,6,0,http://www.wikidata.org/entity/Q20404830
CW5REN1JKN2E,7,0,http://www.wikidata.org/entity/Q8067431
CW5REN1JKN2E,8,0,http://www.wikidata.org/entity/Q753812
CW5REN1JKN2E,9,0,http://www.wikidata.org/entity/Q12232469
CW5REN1JKN2E,10,0,http://www.wikidata.org/entity/Q12198334
CW5REN1JKN2E,11,0,http://www.wikidata.org/entity/Q12195691
CW5REN1JKN2E,12,0,http://www.wikidata.org/entity/Q20411113
CW5REN1JKN2E,13,0,http://www.wikidata.org/entity/Q12244834
CW5REN1JKN2E,14,0,http://www.wikidata.org/entity/Q12189321
CW5REN1JKN2E,15,0,http://www.wikidata.org/entity/Q20423074
CW5REN1JKN2E,16,0,http://www.wikidata.org/entity/Q6160266
CW5REN1JKN2E,17,0,http://www.wikidata.org/entity/Q12191458
NO11SK30AHWA,1,0,http://www.wikidata.org/entity/Q123721620
NO11SK30AHWA,1,1,http://www.wikidata.org/entity/Q10533170
NO11SK30AHWA,2,0,http://www.wikidata.org/entity/Q123722817
NO11SK30AHWA,2,1,http://www.wikidata.org/entity/Q3374513
NO11SK30AHWA,3,0,http://www.wikidata.org/entity/Q123821971
NO11SK30AHWA,3,1,http://www.wikidata.org/entity/Q172152
NO11SK30AHWA,4,0,http://www.wikidata.org/entity/Q123723142
NO11SK30AHWA,4,1,http://www.wikidata.org/entity/Q172152
NO11SK30AHWA,5,0,http://www.wikidata.org/entity/Q123701059
NO11SK30AHWA,5,1,http://www.wikidata.org/entity/Q172152
NO11SK30AHWA,6,0,http://www.wikidata.org/entity/Q56166886
NO11SK30AHWA,6,1,http://www.wikidata.org/entity/Q56166654
NO11SK30AHWA,7,0,http://www.wikidata.org/entity/Q54149106
NO11SK30AHWA,7,1,http://www.wikidata.org/entity/Q15282326
NO11SK30AHWA,8,0,http://www.wikidata.org/entity/Q54913612
NO11SK30AHWA,8,1,http://www.wikidata.org/entity/Q1164860
NO11SK30AHWA,9,0,http://www.wikidata.org/entity/Q55201133
NO11SK30AHWA,9,1,http://www.wikidata.org/entity/Q956115
NO11SK30AHWA,10,0,http://www.wikidata.org/entity/Q65950095
NO11SK30AHWA,10,1,http://www.wikidata.org/entity/Q65950102
NO11SK30AHWA,11,0,http://www.wikidata.org/entity/Q57522713
NO11SK30AHWA,11,1,http://www.wikidata.org/entity/Q59653365
NO11SK30AHWA,12,0,http://www.wikidata.org/entity/Q58886218
NO11SK30AHWA,12,1,http://www.wikidata.org/entity/Q1135588
NO11SK30AHWA,13,0,http://www.wikidata.org/entity/Q66741891
NO11SK30AHWA,13,1,http://www.wikidata.org/entity/Q57517987
NO11SK30AHWA,14,0,http://www.wikidata.org/entity/Q66741890
NO11SK30AHWA,14,1,http://www.wikidata.org/entity/Q57517985
YWL2P082WS5G,1,0,http://www.wikidata.org/entity/Q131252
YWL2P082WS5G,1,1,http://www.wikidata.org/entity/Q541394
YWL2P082WS5G,1,2,http://www.wikidata.org/entity/Q1814982
YWL2P082WS5G,2,0,http://www.wikidata.org/entity/Q766145
YWL2P082WS5G,2,1,http://www.wikidata.org/entity/Q541394
YWL2P082WS5G,2,2,http://www.wikidata.org/entity/Q1568417
ANZJG34B2P2P,1,0,http://www.wikidata.org/entity/Q117429879
ANZJG34B2P2P,1,1,http://www.wikidata.org/entity/Q6263722
ANZJG34B2P2P,2,0,http://www.wikidata.org/entity/Q7812443
ANZJG34B2P2P,2,1,http://www.wikidata.org/entity/Q6260947
ANZJG34B2P2P,3,0,http://www.wikidata.org/entity/Q55605129
ANZJG34B2P2P,3,1,http://www.wikidata.org/entity/Q6119479
ANZJG34B2P2P,4,0,http://www.wikidata.org/entity/Q18661995
ANZJG34B2P2P,4,1,http://www.wikidata.org/entity/Q6037597
ANZJG34B2P2P,5,0,http://www.wikidata.org/entity/Q6179037
ANZJG34B2P2P,5,1,http://www.wikidata.org/entity/Q5902788
ANZJG34B2P2P,6,0,http://www.wikidata.org/entity/Q99736694
ANZJG34B2P2P,6,1,http://www.wikidata.org/entity/Q5871831
ANZJG34B2P2P,7,0,http://www.wikidata.org/entity/Q23190844
ANZJG34B2P2P,7,1,http://www.wikidata.org/entity/Q5787214
ANZJG34B2P2P,8,0,http://www.wikidata.org/entity/Q27085301
ANZJG34B2P2P,8,1,http://www.wikidata.org/entity/Q5608141
ANZJG34B2P2P,9,0,http://www.wikidata.org/entity/Q5169461
ANZJG34B2P2P,9,1,http://www.wikidata.org/entity/Q5538766
ANZJG34B2P2P,10,0,http://www.wikidata.org/entity/Q20709371
ANZJG34B2P2P,10,1,http://www.wikidata.org/entity/Q5531480
ANZJG34B2P2P,11,0,http://www.wikidata.org/entity/Q6800644
ANZJG34B2P2P,11,1,http://www.wikidata.org/entity/Q5489280
ANZJG34B2P2P,12,0,http://www.wikidata.org/entity/Q50159864
ANZJG34B2P2P,12,1,http://www.wikidata.org/entity/Q5423168
ANZJG34B2P2P,13,0,http://www.wikidata.org/entity/Q17031071
ANZJG34B2P2P,13,1,http://www.wikidata.org/entity/Q5339809
ANZJG34B2P2P,14,0,http://www.wikidata.org/entity/Q8022827
ANZJG34B2P2P,14,1,http://www.wikidata.org/entity/Q5241190
ANZJG34B2P2P,15,0,http://www.wikidata.org/entity/Q68197793
ANZJG34B2P2P,15,1,http://www.wikidata.org/entity/Q5685395
ANZJG34B2P2P,16,0,http://www.wikidata.org/entity/Q99937462
ANZJG34B2P2P,16,1,http://www.wikidata.org/entity/Q5587172
PMABSWH800O7,1,0,http://www.wikidata.org/entity/Q60166359
PMABSWH800O7,2,0,http://www.wikidata.org/entity/Q29481737
PMABSWH800O7,2,2,http://www.wikidata.org/entity/Q1002793
PMABSWH800O7,3,0,http://www.wikidata.org/entity/Q29494988
PMABSWH800O7,3,2,http://www.wikidata.org/entity/Q2666382
PMABSWH800O7,4,0,http://www.wikidata.org/entity/Q56408856
PMABSWH800O7,5,0,http://www.wikidata.org/entity/Q29490442
PMABSWH800O7,5,2,http://www.wikidata.org/entity/Q990103
A6TUR7F4EUO2,1,0,http://www.wikidata.org/entity/Q43061670
A6TUR7F4EUO2,2,0,http://www.wikidata.org/entity/Q28342237
A6TUR7F4EUO2,3,0,http://www.wikidata.org/entity/Q15979603
A6TUR7F4EUO2,3,2,http://www.wikidata.org/entity/Q743535
A6TUR7F4EUO2,4,0,http://www.wikidata.org/entity/Q47169735
A6TUR7F4EUO2,5,0,http://www.wikidata.org/entity/Q29501366
A6TUR7F4EUO2,5,2,http://www.wikidata.org/entity/Q16548106
A6TUR7F4EUO2,6,0,http://www.wikidata.org/entity/Q42879523
A6TUR7F4EUO2,7,0,http://www.wikidata.org/entity/Q47169861
A6TUR7F4EUO2,8,0,http://www.wikidata.org/entity/Q29506692
A6TUR7F4EUO2,8,2,http://www.wikidata.org/entity/Q156990
A6TUR7F4EUO2,9,0,http://www.wikidata.org/entity/Q17743275
A6TUR7F4EUO2,9,2,http://www.wikidata.org/entity/Q16889971
A6TUR7F4EUO2,10,0,http://www.wikidata.org/entity/Q28053278
A6TUR7F4EUO2,11,0,http://www.wikidata.org/entity/Q28711409
A6TUR7F4EUO2,12,0,http://www.wikidata.org/entity/Q29490587
A6TUR7F4EUO2,12,2,http://www.wikidata.org/entity/Q13125327
A6TUR7F4EUO2,13,0,http://www.wikidata.org/entity/Q29487058
A6TUR7F4EUO2,13,2,http://www.wikidata.org/entity/Q20601998
A6TUR7F4EUO2,14,0,http://www.wikidata.org/entity/Q29496896
A6TUR7F4EUO2,14,2,http://www.wikidata.org/entity/Q24342072
A6TUR7F4EUO2,15,0,http://www.wikidata.org/entity/Q29498069
A6TUR7F4EUO2,15,2,http://www.wikidata.org/entity/Q8054072
A6TUR7F4EUO2,16,0,http://www.wikidata.org/entity/Q17743413
A6TUR7F4EUO2,16,2,http://www.wikidata.org/entity/Q13132524
A6TUR7F4EUO2,17,0,http://www.wikidata.org/entity/Q29482362
A6TUR7F4EUO2,17,2,http://www.wikidata.org/entity/Q156990
A6TUR7F4EUO2,18,0,http://www.wikidata.org/entity/Q29491305
A6TUR7F4EUO2,18,2,http://www.wikidata.org/entity/Q13132451
A6TUR7F4EUO2,19,0,http://www.wikidata.org/entity/Q21262877
A6TUR7F4EUO2,20,0,http://www.wikidata.org/entity/Q29507776
A6TUR7F4EUO2,20,2,http://www.wikidata.org/entity/Q1311946
A6TUR7F4EUO2,21,0,http://www.wikidata.org/entity/Q29489583
A6TUR7F4EUO2,21,2,http://www.wikidata.org/entity/Q2204179
A6TUR7F4EUO2,22,0,http://www.wikidata.org/entity/Q29482484
A6TUR7F4EUO2,22,2,http://www.wikidata.org/entity/Q609161
A6TUR7F4EUO2,23,0,http://www.wikidata.org/entity/Q29489521
A6TUR7F4EUO2,23,2,http://www.wikidata.org/entity/Q651733
A6TUR7F4EUO2,24,0,http://www.wikidata.org/entity/Q29488364
A6TUR7F4EUO2,24,2,http://www.wikidata.org/entity/Q835835
VUMOIQNRCJPS,1,0,http://www.wikidata.org/entity/Q5589476
VUMOIQNRCJPS,1,1,http://www.wikidata.org/entity/Q7082238
VUMOIQNRCJPS,2,0,http://www.wikidata.org/entity/Q5183850
VUMOIQNRCJPS,3,0,http://www.wikidata.org/entity/Q2411286
VUMOIQNRCJPS,4,0,http://www.wikidata.org/entity/Q96312182
VUMOIQNRCJPS,4,1,http://www.wikidata.org/entity/Q24055031
VUMOIQNRCJPS,5,0,http://www.wikidata.org/entity/Q1562138
VUMOIQNRCJPS,6,0,http://www.wikidata.org/entity/Q19460544
VUMOIQNRCJPS,6,1,http://www.wikidata.org/entity/Q231160
VUMOIQNRCJPS,7,0,http://www.wikidata.org/entity/Q2284173
VUMOIQNRCJPS,8,0,http://www.wikidata.org/entity/Q1165823
VUMOIQNRCJPS,9,0,http://www.wikidata.org/entity/Q47188248
VUMOIQNRCJPS,9,1,http://www.wikidata.org/entity/Q47182474
VUMOIQNRCJPS,10,0,http://www.wikidata.org/entity/Q2701421
VUMOIQNRCJPS,11,0,http://www.wikidata.org/entity/Q26558049
VUMOIQNRCJPS,11,1,http://www.wikidata.org/entity/Q5915567
VUMOIQNRCJPS,12,0,http://www.wikidata.org/entity/Q4889239
VUMOIQNRCJPS,13,0,http://www.wikidata.org/entity/Q4883161
VUMOIQNRCJPS,14,0,http://www.wikidata.org/entity/Q26309993
VUMOIQNRCJPS,14,1,http://www.wikidata.org/entity/Q26388322
VUMOIQNRCJPS,15,0,http://www.wikidata.org/entity/Q26388322
VUMOIQNRCJPS,15,1,http://www.wikidata.org/entity/Q26309993
VUMOIQNRCJPS,16,0,http://www.wikidata.org/entity/Q1130116
R9VALN53QD1M,1,0,http://www.wikidata.org/entity/Q55212096
R9VALN53QD1M,1,1,http://www.wikidata.org/entity/Q53008700
R9VALN53QD1M,2,0,http://www.wikidata.org/entity/Q55212093
R9VALN53QD1M,2,1,http://www.wikidata.org/entity/Q53008700
R9VALN53QD1M,3,0,http://www.wikidata.org/entity/Q55211105
R9VALN53QD1M,3,1,http://www.wikidata.org/entity/Q56677470
R9VALN53QD1M,4,0,http://www.wikidata.org/entity/Q55212955
R9VALN53QD1M,4,1,http://www.wikidata.org/entity/Q53008700
R9VALN53QD1M,5,0,http://www.wikidata.org/entity/Q55211215
R9VALN53QD1M,5,1,http://www.wikidata.org/entity/Q53008700
R9VALN53QD1M,6,0,http://www.wikidata.org/entity/Q55210685
R9VALN53QD1M,6,1,http://www.wikidata.org/entity/Q56677470
R9VALN53QD1M,7,0,http://www.wikidata.org/entity/Q55213568
R9VALN53QD1M,7,1,http://www.wikidata.org/entity/Q53008700
R9VALN53QD1M,8,0,http://www.wikidata.org/entity/Q55211269
R9VALN53QD1M,8,1,http://www.wikidata.org/entity/Q53008700
6AOU6CE4J1R1,1,0,http://www.wikidata.org/entity/Q55213636
6AOU6CE4J1R1,2,0,http://www.wikidata.org/entity/Q55213635
6AOU6CE4J1R1,3,0,http://www.wikidata.org/entity/Q55213633
6AOU6CE4J1R1,4,0,http://www.wikidata.org/entity/Q55213629
6AOU6CE4J1R1,5,0,http://www.wikidata.org/entity/Q55213628
6AOU6CE4J1R1,6,0,http://www.wikidata.org/entity/Q55213627
6AOU6CE4J1R1,7,0,http://www.wikidata.org/entity/Q55213624
V5JH6ZE8ILCA,1,0,http://www.wikidata.org/entity/Q18173421
V5JH6ZE8ILCA,1,1,http://www.wikidata.org/entity/Q3304751
V5JH6ZE8ILCA,1,2,http://www.wikidata.org/entity/Q227494
V5JH6ZE8ILCA,2,0,http://www.wikidata.org/entity/Q66121230
V5JH6ZE8ILCA,2,1,http://www.wikidata.org/entity/Q59912869
V5JH6ZE8ILCA,3,0,http://www.wikidata.org/entity/Q62580632
V5JH6ZE8ILCA,3,1,http://www.wikidata.org/entity/Q1683337
V5JH6ZE8ILCA,3,2,http://www.wikidata.org/entity/Q3541645
V5JH6ZE8ILCA,4,0,http://www.wikidata.org/entity/Q60807281
V5JH6ZE8ILCA,4,1,http://www.wikidata.org/entity/Q1683337
V5JH6ZE8ILCA,4,2,http://www.wikidata.org/entity/Q60737402
V5JH6ZE8ILCA,5,0,http://www.wikidata.org/entity/Q104154737
V5JH6ZE8ILCA,5,2,http://www.wikidata.org/entity/Q104154718
V5JH6ZE8ILCA,6,0,http://www.wikidata.org/entity/Q18173389
V5JH6ZE8ILCA,6,1,http://www.wikidata.org/entity/Q3304751
V5JH6ZE8ILCA,6,2,http://www.wikidata.org/entity/Q227494
V5JH6ZE8ILCA,7,0,http://www.wikidata.org/entity/Q100877513
V5JH6ZE8ILCA,7,2,http://www.wikidata.org/entity/Q18339673
V5JH6ZE8ILCA,8,0,http://www.wikidata.org/entity/Q18173435
V5JH6ZE8ILCA,8,1,http://www.wikidata.org/entity/Q3304751
V5JH6ZE8ILCA,8,2,http://www.wikidata.org/entity/Q227494
V5JH6ZE8ILCA,9,0,http://www.wikidata.org/entity/Q64015956
V5JH6ZE8ILCA,9,1,http://www.wikidata.org/entity/Q3304751
V5JH6ZE8ILCA,9,2,http://www.wikidata.org/entity/Q6724086
V5JH6ZE8ILCA,10,0,http://www.wikidata.org/entity/Q63358640
V5JH6ZE8ILCA,10,1,http://www.wikidata.org/entity/Q11630233
V5JH6ZE8ILCA,11,0,http://www.wikidata.org/entity/Q60596808
V5JH6ZE8ILCA,11,1,http://www.wikidata.org/entity/Q185905
V5JH6ZE8ILCA,11,2,http://www.wikidata.org/entity/Q60404497
V5JH6ZE8ILCA,12,0,http://www.wikidata.org/entity/Q103839032
V5JH6ZE8ILCA,12,2,http://www.wikidata.org/entity/Q103838880
V5JH6ZE8ILCA,13,0,http://www.wikidata.org/entity/Q102958982
V5JH6ZE8ILCA,13,2,http://www.wikidata.org/entity/Q103839051
V5JH6ZE8ILCA,14,0,http://www.wikidata.org/entity/Q62584484
V5JH6ZE8ILCA,14,1,http://www.wikidata.org/entity/Q1683337
V5JH6ZE8ILCA,14,2,http://www.wikidata.org/entity/Q11502267
V5JH6ZE8ILCA,15,0,http://www.wikidata.org/entity/Q63111929
V5JH6ZE8ILCA,15,1,http://www.wikidata.org/entity/Q11650541
V5JH6ZE8ILCA,15,2,http://www.wikidata.org/entity/Q61852584
V5JH6ZE8ILCA,16,0,http://www.wikidata.org/entity/Q60370249
V5JH6ZE8ILCA,16,1,http://www.wikidata.org/entity/Q185905
V5JH6ZE8ILCA,16,2,http://www.wikidata.org/entity/Q30591109
V5JH6ZE8ILCA,17,0,http://www.wikidata.org/entity/Q62003528
V5JH6ZE8ILCA,17,1,http://www.wikidata.org/entity/Q1683337
V5JH6ZE8ILCA,18,0,http://www.wikidata.org/entity/Q18338581
V5JH6ZE8ILCA,18,1,http://www.wikidata.org/entity/Q2864737
V5JH6ZE8ILCA,18,2,http://www.wikidata.org/entity/Q3377374
V5JH6ZE8ILCA,19,0,http://www.wikidata.org/entity/Q18338555
V5JH6ZE8ILCA,19,1,http://www.wikidata.org/entity/Q2864737
V5JH6ZE8ILCA,19,2,http://www.wikidata.org/entity/Q127736
V5JH6ZE8ILCA,20,0,http://www.wikidata.org/entity/Q60175430
V5JH6ZE8ILCA,20,1,http://www.wikidata.org/entity/Q3304751
V5JH6ZE8ILCA,20,2,http://www.wikidata.org/entity/Q165190
V5JH6ZE8ILCA,21,0,http://www.wikidata.org/entity/Q18338579
V5JH6ZE8ILCA,21,2,http://www.wikidata.org/entity/Q3377374
OJWPQYT4I400,1,0,http://www.wikidata.org/entity/Q110347138
OJWPQYT4I400,1,2,http://www.wikidata.org/entity/Q108839871
OJWPQYT4I400,2,0,http://www.wikidata.org/entity/Q65564475
OJWPQYT4I400,2,2,http://www.wikidata.org/entity/Q64946756
OJWPQYT4I400,3,0,http://www.wikidata.org/entity/Q18338616
OJWPQYT4I400,3,2,http://www.wikidata.org/entity/Q6373
OJWPQYT4I400,4,0,http://www.wikidata.org/entity/Q63348789
OJWPQYT4I400,4,2,http://www.wikidata.org/entity/Q67429130
OJWPQYT4I400,5,0,http://www.wikidata.org/entity/Q124570298
OJWPQYT4I400,5,2,http://www.wikidata.org/entity/Q653002
OJWPQYT4I400,6,0,http://www.wikidata.org/entity/Q65073840
OJWPQYT4I400,6,2,http://www.wikidata.org/entity/Q64946756
OJWPQYT4I400,7,0,http://www.wikidata.org/entity/Q60807340
OJWPQYT4I400,7,2,http://www.wikidata.org/entity/Q49133
OJWPQYT4I400,8,0,http://www.wikidata.org/entity/Q110245877
OJWPQYT4I400,8,2,http://www.wikidata.org/entity/Q6352575
OJWPQYT4I400,9,0,http://www.wikidata.org/entity/Q60807358
OJWPQYT4I400,9,2,http://www.wikidata.org/entity/Q11440401
OJWPQYT4I400,10,0,http://www.wikidata.org/entity/Q65080745
OJWPQYT4I400,10,2,http://www.wikidata.org/entity/Q64946756
OJWPQYT4I400,11,0,http://www.wikidata.org/entity/Q18339748
OJWPQYT4I400,11,2,http://www.wikidata.org/entity/Q214867
OJWPQYT4I400,12,0,http://www.wikidata.org/entity/Q102786565
OJWPQYT4I400,12,2,http://www.wikidata.org/entity/Q6373
OJWPQYT4I400,13,0,http://www.wikidata.org/entity/Q65226938
OJWPQYT4I400,13,2,http://www.wikidata.org/entity/Q64946756
OJWPQYT4I400,14,0,http://www.wikidata.org/entity/Q65564471
OJWPQYT4I400,14,2,http://www.wikidata.org/entity/Q64946756
OJWPQYT4I400,15,0,http://www.wikidata.org/entity/Q62030524
OJWPQYT4I400,15,2,http://www.wikidata.org/entity/Q632682
OJWPQYT4I400,16,0,http://www.wikidata.org/entity/Q60807272
OJWPQYT4I400,16,2,http://www.wikidata.org/entity/Q49133
OJWPQYT4I400,17,0,http://www.wikidata.org/entity/Q64867080
OJWPQYT4I400,17,2,http://www.wikidata.org/entity/Q67429130
ZHP2YFQVETO8,1,0,http://www.wikidata.org/entity/Q60807280
ZHP2YFQVETO8,1,2,http://www.wikidata.org/entity/Q49133
ZHP2YFQVETO8,2,0,http://www.wikidata.org/entity/Q59630045
ZHP2YFQVETO8,2,2,http://www.wikidata.org/entity/Q67429130
ZHP2YFQVETO8,3,0,http://www.wikidata.org/entity/Q3565037
ZHP2YFQVETO8,3,2,http://www.wikidata.org/entity/Q6373
ZHP2YFQVETO8,4,0,http://www.wikidata.org/entity/Q18338890
ZHP2YFQVETO8,4,2,http://www.wikidata.org/entity/Q160236
ZHP2YFQVETO8,5,0,http://www.wikidata.org/entity/Q102939140
ZHP2YFQVETO8,5,2,http://www.wikidata.org/entity/Q6373
ZHP2YFQVETO8,6,0,http://www.wikidata.org/entity/Q60807389
ZHP2YFQVETO8,6,2,http://www.wikidata.org/entity/Q49133
ZHP2YFQVETO8,7,0,http://www.wikidata.org/entity/Q64960040
ZHP2YFQVETO8,7,2,http://www.wikidata.org/entity/Q64946756
ZHP2YFQVETO8,8,0,http://www.wikidata.org/entity/Q64952454
ZHP2YFQVETO8,8,2,http://www.wikidata.org/entity/Q64946756
ZHP2YFQVETO8,9,0,http://www.wikidata.org/entity/Q18338580
ZHP2YFQVETO8,9,2,http://www.wikidata.org/entity/Q64946756
ZHP2YFQVETO8,10,0,http://www.wikidata.org/entity/Q124672345
ZHP2YFQVETO8,10,2,http://www.wikidata.org/entity/Q49208
ZHP2YFQVETO8,11,0,http://www.wikidata.org/entity/Q60807314
ZHP2YFQVETO8,11,2,http://www.wikidata.org/entity/Q49133
ZHP2YFQVETO8,12,0,http://www.wikidata.org/entity/Q59767429
ZHP2YFQVETO8,12,2,http://www.wikidata.org/entity/Q67429130
ZHP2YFQVETO8,13,0,http://www.wikidata.org/entity/Q60807347
ZHP2YFQVETO8,13,2,http://www.wikidata.org/entity/Q49133
ZHP2YFQVETO8,14,0,http://www.wikidata.org/entity/Q110164151
ZHP2YFQVETO8,14,2,http://www.wikidata.org/entity/Q1954840
ZHP2YFQVETO8,15,0,http://www.wikidata.org/entity/Q60807282
ZHP2YFQVETO8,15,2,http://www.wikidata.org/entity/Q49133
ZHP2YFQVETO8,16,0,http://www.wikidata.org/entity/Q18338599
ZHP2YFQVETO8,16,2,http://www.wikidata.org/entity/Q64946756
ZHP2YFQVETO8,17,0,http://www.wikidata.org/entity/Q110663254
ZHP2YFQVETO8,17,2,http://www.wikidata.org/entity/Q51674344
J9HMKY41SJM2,1,0,http://www.wikidata.org/entity/Q88466602
J9HMKY41SJM2,1,1,http://www.wikidata.org/entity/Q1999572
J9HMKY41SJM2,2,0,http://www.wikidata.org/entity/Q88466596
J9HMKY41SJM2,2,1,http://www.wikidata.org/entity/Q1999572
4ZRL0H1AG8JH,1,0,http://www.wikidata.org/entity/Q67858837
4ZRL0H1AG8JH,1,1,http://www.wikidata.org/entity/Q22691253
4ZRL0H1AG8JH,2,0,http://www.wikidata.org/entity/Q67882646
4ZRL0H1AG8JH,2,1,http://www.wikidata.org/entity/Q111167800
4ZRL0H1AG8JH,3,0,http://www.wikidata.org/entity/Q30109859
4ZRL0H1AG8JH,3,1,http://www.wikidata.org/entity/Q828172
4ZRL0H1AG8JH,4,0,http://www.wikidata.org/entity/Q19377130
4ZRL0H1AG8JH,4,1,http://www.wikidata.org/entity/Q7979138
4ZRL0H1AG8JH,5,0,http://www.wikidata.org/entity/Q116209766
4ZRL0H1AG8JH,5,1,http://www.wikidata.org/entity/Q801093
4ZRL0H1AG8JH,6,0,http://www.wikidata.org/entity/Q115689931
4ZRL0H1AG8JH,6,1,http://www.wikidata.org/entity/Q3067114
ZK4PYHAOI8RO,1,0,http://www.wikidata.org/entity/Q800726
ZK4PYHAOI8RO,2,0,http://www.wikidata.org/entity/Q3095702
ZK4PYHAOI8RO,3,0,http://www.wikidata.org/entity/Q11616727
ZK4PYHAOI8RO,4,0,http://www.wikidata.org/entity/Q7294570
ZK4PYHAOI8RO,5,0,http://www.wikidata.org/entity/Q17628864
ZK4PYHAOI8RO,6,0,http://www.wikidata.org/entity/Q48799034
ZK4PYHAOI8RO,7,0,http://www.wikidata.org/entity/Q55978701
ZK4PYHAOI8RO,8,0,http://www.wikidata.org/entity/Q107472266
ZK4PYHAOI8RO,9,0,http://www.wikidata.org/entity/Q11614691
ZK4PYHAOI8RO,10,0,http://www.wikidata.org/entity/Q119854023
ZK4PYHAOI8RO,11,0,http://www.wikidata.org/entity/Q60584408
ZK4PYHAOI8RO,12,0,http://www.wikidata.org/entity/Q107649264
ZK4PYHAOI8RO,13,0,http://www.wikidata.org/entity/Q12041533
ZK4PYHAOI8RO,14,0,http://www.wikidata.org/entity/Q19406983
ZK4PYHAOI8RO,15,0,http://www.wikidata.org/entity/Q122169053
ZK4PYHAOI8RO,16,0,http://www.wikidata.org/entity/Q11520547
ZK4PYHAOI8RO,17,0,http://www.wikidata.org/entity/Q120756954
ZK4PYHAOI8RO,18,0,http://www.wikidata.org/entity/Q11107479
ZK4PYHAOI8RO,19,0,http://www.wikidata.org/entity/Q105078887
ZK4PYHAOI8RO,20,0,http://www.wikidata.org/entity/Q11623650
ZK4PYHAOI8RO,21,0,http://www.wikidata.org/entity/Q55521929
ZK4PYHAOI8RO,22,0,http://www.wikidata.org/entity/Q33512166
ZK4PYHAOI8RO,23,0,http://www.wikidata.org/entity/Q18124893
ZK4PYHAOI8RO,24,0,http://www.wikidata.org/entity/Q3969968
MNMFVKBUH7NR,1,0,http://www.wikidata.org/entity/Q87142625
MNMFVKBUH7NR,1,2,http://www.wikidata.org/entity/Q325465
MNMFVKBUH7NR,2,0,http://www.wikidata.org/entity/Q7417035
MNMFVKBUH7NR,2,1,http://www.wikidata.org/entity/Q6655
MNMFVKBUH7NR,3,0,http://www.wikidata.org/entity/Q2912572
MNMFVKBUH7NR,3,1,http://www.wikidata.org/entity/Q25989
MNMFVKBUH7NR,4,0,http://www.wikidata.org/entity/Q10917748
MNMFVKBUH7NR,4,1,http://www.wikidata.org/entity/Q909085
MNMFVKBUH7NR,5,0,http://www.wikidata.org/entity/Q801273
MNMFVKBUH7NR,5,1,http://www.wikidata.org/entity/Q207020
MNMFVKBUH7NR,6,0,http://www.wikidata.org/entity/Q3097274
MNMFVKBUH7NR,6,1,http://www.wikidata.org/entity/Q25989
MNMFVKBUH7NR,7,0,http://www.wikidata.org/entity/Q19752855
MNMFVKBUH7NR,7,2,http://www.wikidata.org/entity/Q2719478
MNMFVKBUH7NR,8,0,http://www.wikidata.org/entity/Q5994932
MNMFVKBUH7NR,8,1,http://www.wikidata.org/entity/Q909085
MNMFVKBUH7NR,8,2,http://www.wikidata.org/entity/Q801496
MNMFVKBUH7NR,9,0,http://www.wikidata.org/entity/Q11635564
MNMFVKBUH7NR,9,1,http://www.wikidata.org/entity/Q909085
MNMFVKBUH7NR,9,2,http://www.wikidata.org/entity/Q8190872
MNMFVKBUH7NR,10,0,http://www.wikidata.org/entity/Q11560206
MNMFVKBUH7NR,10,1,http://www.wikidata.org/entity/Q909085
MNMFVKBUH7NR,11,0,http://www.wikidata.org/entity/Q11623650
MNMFVKBUH7NR,11,1,http://www.wikidata.org/entity/Q909085
MNMFVKBUH7NR,12,0,http://www.wikidata.org/entity/Q120756908
MNMFVKBUH7NR,12,1,http://www.wikidata.org/entity/Q25989
MNMFVKBUH7NR,13,0,http://www.wikidata.org/entity/Q11502254
MNMFVKBUH7NR,13,1,http://www.wikidata.org/entity/Q909085
MNMFVKBUH7NR,14,0,http://www.wikidata.org/entity/Q11623816
MNMFVKBUH7NR,14,1,http://www.wikidata.org/entity/Q909085
MNMFVKBUH7NR,14,2,http://www.wikidata.org/entity/Q11678101
MNMFVKBUH7NR,15,0,http://www.wikidata.org/entity/Q11067145
MNMFVKBUH7NR,15,1,http://www.wikidata.org/entity/Q909085
MNMFVKBUH7NR,15,2,http://www.wikidata.org/entity/Q10855493
MNMFVKBUH7NR,16,0,http://www.wikidata.org/entity/Q118834844
MNMFVKBUH7NR,16,2,http://www.wikidata.org/entity/Q11794301
MNMFVKBUH7NR,17,0,http://www.wikidata.org/entity/Q11107479
MNMFVKBUH7NR,17,1,http://www.wikidata.org/entity/Q1143153
MNMFVKBUH7NR,17,2,http://www.wikidata.org/entity/Q10947137
MNMFVKBUH7NR,18,0,http://www.wikidata.org/entity/Q10855493
MNMFVKBUH7NR,18,1,http://www.wikidata.org/entity/Q909085
MNMFVKBUH7NR,18,2,http://www.wikidata.org/entity/Q856598
MNMFVKBUH7NR,19,0,http://www.wikidata.org/entity/Q800726
MNMFVKBUH7NR,19,1,http://www.wikidata.org/entity/Q207020
MNMFVKBUH7NR,19,2,http://www.wikidata.org/entity/Q703916
ZZ8T8K556LZE,1,0,http://www.wikidata.org/entity/Q60662113
ZZ8T8K556LZE,1,1,http://www.wikidata.org/entity/Q1206
ZZ8T8K556LZE,2,0,http://www.wikidata.org/entity/Q54824266
ZZ8T8K556LZE,2,1,http://www.wikidata.org/entity/Q985
ZZ8T8K556LZE,3,0,http://www.wikidata.org/entity/Q53672835
ZZ8T8K556LZE,4,0,http://www.wikidata.org/entity/Q60645929
ZZ8T8K556LZE,4,1,http://www.wikidata.org/entity/Q1208
ZZ8T8K556LZE,5,0,http://www.wikidata.org/entity/Q60597305
ZZ8T8K556LZE,5,1,http://www.wikidata.org/entity/Q1196
ZZ8T8K556LZE,6,0,http://www.wikidata.org/entity/Q112127691
ZZ8T8K556LZE,7,0,http://www.wikidata.org/entity/Q12016722
ZZ8T8K556LZE,8,0,http://www.wikidata.org/entity/Q60645592
ZZ8T8K556LZE,8,1,http://www.wikidata.org/entity/Q1208
ZZ8T8K556LZE,9,0,http://www.wikidata.org/entity/Q60646881
ZZ8T8K556LZE,9,1,http://www.wikidata.org/entity/Q1202
ZZ8T8K556LZE,10,0,http://www.wikidata.org/entity/Q60626695
ZZ8T8K556LZE,10,1,http://www.wikidata.org/entity/Q1194
ZZ8T8K556LZE,11,0,http://www.wikidata.org/entity/Q60675166
ZZ8T8K556LZE,11,1,http://www.wikidata.org/entity/Q985
ZZ8T8K556LZE,12,0,http://www.wikidata.org/entity/Q60626722
ZZ8T8K556LZE,12,1,http://www.wikidata.org/entity/Q1194
ZZ8T8K556LZE,13,0,http://www.wikidata.org/entity/Q60765821
ZZ8T8K556LZE,13,1,http://www.wikidata.org/entity/Q980
ZZ8T8K556LZE,14,0,http://www.wikidata.org/entity/Q58966991
ZZ8T8K556LZE,14,1,http://www.wikidata.org/entity/Q1208
SFEH89S13TTJ,1,0,http://www.wikidata.org/entity/Q60786901
SFEH89S13TTJ,2,0,http://www.wikidata.org/entity/Q60626847
SFEH89S13TTJ,3,0,http://www.wikidata.org/entity/Q60603083
SFEH89S13TTJ,4,0,http://www.wikidata.org/entity/Q60646759
SFEH89S13TTJ,5,0,http://www.wikidata.org/entity/Q53672699
SFEH89S13TTJ,6,0,http://www.wikidata.org/entity/Q60597054
SFEH89S13TTJ,7,0,http://www.wikidata.org/entity/Q108138103
SFEH89S13TTJ,8,0,http://www.wikidata.org/entity/Q60646105
9CYQWBJSMVVC,1,0,http://www.wikidata.org/entity/Q123133885
9CYQWBJSMVVC,1,1,http://www.wikidata.org/entity/Q58192067
9CYQWBJSMVVC,2,0,http://www.wikidata.org/entity/Q112175350
9CYQWBJSMVVC,2,1,http://www.wikidata.org/entity/Q113458650
9CYQWBJSMVVC,3,0,http://www.wikidata.org/entity/Q60067896
9CYQWBJSMVVC,3,1,http://www.wikidata.org/entity/Q103756
9CYQWBJSMVVC,4,0,http://www.wikidata.org/entity/Q65123319
9CYQWBJSMVVC,4,1,http://www.wikidata.org/entity/Q319591
9CYQWBJSMVVC,5,0,http://www.wikidata.org/entity/Q115810697
9CYQWBJSMVVC,5,1,http://www.wikidata.org/entity/Q252922
9CYQWBJSMVVC,6,0,http://www.wikidata.org/entity/Q107572446
9CYQWBJSMVVC,6,1,http://www.wikidata.org/entity/Q350698
9CYQWBJSMVVC,7,0,http://www.wikidata.org/entity/Q2678013
9CYQWBJSMVVC,7,1,http://www.wikidata.org/entity/Q2891880
9CYQWBJSMVVC,8,0,http://www.wikidata.org/entity/Q47510056
9CYQWBJSMVVC,8,1,http://www.wikidata.org/entity/Q513239
9CYQWBJSMVVC,9,0,http://www.wikidata.org/entity/Q107572045
9CYQWBJSMVVC,9,1,http://www.wikidata.org/entity/Q221001
9CYQWBJSMVVC,10,0,http://www.wikidata.org/entity/Q63532092
9CYQWBJSMVVC,10,1,http://www.wikidata.org/entity/Q164090
9CYQWBJSMVVC,11,0,http://www.wikidata.org/entity/Q109923294
9CYQWBJSMVVC,11,1,http://www.wikidata.org/entity/Q16539438
9CYQWBJSMVVC,12,0,http://www.wikidata.org/entity/Q116169777
9CYQWBJSMVVC,12,1,http://www.wikidata.org/entity/Q3048374
PNOQ47EI8N0B,1,0,http://www.wikidata.org/entity/Q118236257
PNOQ47EI8N0B,1,1,http://www.wikidata.org/entity/Q3609
PNOQ47EI8N0B,1,2,http://www.wikidata.org/entity/Q1071113
PNOQ47EI8N0B,2,0,http://www.wikidata.org/entity/Q107571799
PNOQ47EI8N0B,2,1,http://www.wikidata.org/entity/Q3609
PNOQ47EI8N0B,2,2,http://www.wikidata.org/entity/Q221428
PNOQ47EI8N0B,3,0,http://www.wikidata.org/entity/Q113679034
PNOQ47EI8N0B,3,1,http://www.wikidata.org/entity/Q3609
PNOQ47EI8N0B,3,2,http://www.wikidata.org/entity/Q110527184
PNOQ47EI8N0B,4,0,http://www.wikidata.org/entity/Q2036254
PNOQ47EI8N0B,4,1,http://www.wikidata.org/entity/Q3609
PNOQ47EI8N0B,4,2,http://www.wikidata.org/entity/Q221530
11LWDYU9AFS6,1,0,http://www.wikidata.org/entity/Q16024311
11LWDYU9AFS6,1,1,http://www.wikidata.org/entity/Q3609
11LWDYU9AFS6,1,2,http://www.wikidata.org/entity/Q599415
11LWDYU9AFS6,2,0,http://www.wikidata.org/entity/Q16303418
11LWDYU9AFS6,2,1,http://www.wikidata.org/entity/Q3609
11LWDYU9AFS6,2,2,http://www.wikidata.org/entity/Q1129396
11LWDYU9AFS6,3,0,http://www.wikidata.org/entity/Q100706051
11LWDYU9AFS6,3,1,http://www.wikidata.org/entity/Q3609
11LWDYU9AFS6,3,2,http://www.wikidata.org/entity/Q78663671
11LWDYU9AFS6,4,0,http://www.wikidata.org/entity/Q60040469
11LWDYU9AFS6,4,2,http://www.wikidata.org/entity/Q3996128
11LWDYU9AFS6,5,0,http://www.wikidata.org/entity/Q119325299
11LWDYU9AFS6,5,1,http://www.wikidata.org/entity/Q3609
11LWDYU9AFS6,5,2,http://www.wikidata.org/entity/Q117850369
11LWDYU9AFS6,6,0,http://www.wikidata.org/entity/Q107572052
11LWDYU9AFS6,6,1,http://www.wikidata.org/entity/Q3609
11LWDYU9AFS6,6,2,http://www.wikidata.org/entity/Q736720
11LWDYU9AFS6,7,0,http://www.wikidata.org/entity/Q124753844
11LWDYU9AFS6,7,2,http://www.wikidata.org/entity/Q124094300
11LWDYU9AFS6,8,0,http://www.wikidata.org/entity/Q3004103
11LWDYU9AFS6,8,1,http://www.wikidata.org/entity/Q3609
11LWDYU9AFS6,8,2,http://www.wikidata.org/entity/Q641564
11LWDYU9AFS6,9,0,http://www.wikidata.org/entity/Q107571647
11LWDYU9AFS6,9,1,http://www.wikidata.org/entity/Q3609
11LWDYU9AFS6,9,2,http://www.wikidata.org/entity/Q903211
FER49KFRFM69,1,0,http://www.wikidata.org/entity/Q21065801
FER49KFRFM69,1,2,http://www.wikidata.org/entity/Q5390
FER49KFRFM69,2,0,http://www.wikidata.org/entity/Q20992655
FER49KFRFM69,2,2,http://www.wikidata.org/entity/Q5390
FER49KFRFM69,3,0,http://www.wikidata.org/entity/Q2064060
FER49KFRFM69,3,2,http://www.wikidata.org/entity/Q5390
FER49KFRFM69,4,0,http://www.wikidata.org/entity/Q21065771
FER49KFRFM69,4,2,http://www.wikidata.org/entity/Q5390
FER49KFRFM69,5,0,http://www.wikidata.org/entity/Q7563793
FER49KFRFM69,5,2,http://www.wikidata.org/entity/Q5390
FER49KFRFM69,6,0,http://www.wikidata.org/entity/Q5490775
FER49KFRFM69,6,2,http://www.wikidata.org/entity/Q5390
FER49KFRFM69,7,0,http://www.wikidata.org/entity/Q21153018
FER49KFRFM69,8,0,http://www.wikidata.org/entity/Q19886353
FER49KFRFM69,8,2,http://www.wikidata.org/entity/Q5390
FER49KFRFM69,9,0,http://www.wikidata.org/entity/Q20992648
FER49KFRFM69,9,2,http://www.wikidata.org/entity/Q5390
FER49KFRFM69,10,0,http://www.wikidata.org/entity/Q5970457
FER49KFRFM69,10,2,http://www.wikidata.org/entity/Q5390
67NPPIEN998S,1,0,http://www.wikidata.org/entity/Q1122544
67NPPIEN998S,1,1,http://www.wikidata.org/entity/Q640694
67NPPIEN998S,2,0,http://www.wikidata.org/entity/Q7307074
67NPPIEN998S,2,1,http://www.wikidata.org/entity/Q82494
SJ878XJ30H1V,1,0,http://www.wikidata.org/entity/Q2925763
SJ878XJ30H1V,2,0,http://www.wikidata.org/entity/Q111309307
SJ878XJ30H1V,2,1,http://www.wikidata.org/entity/Q7430
QW9RZNN1HBGW,1,0,http://www.wikidata.org/entity/Q1497761
QW9RZNN1HBGW,1,1,http://www.wikidata.org/entity/Q489507
QW9RZNN1HBGW,2,0,http://www.wikidata.org/entity/Q486548
QW9RZNN1HBGW,2,1,http://www.wikidata.org/entity/Q3431966
QW9RZNN1HBGW,3,0,http://www.wikidata.org/entity/Q504590
QW9RZNN1HBGW,3,1,http://www.wikidata.org/entity/Q564535
QW9RZNN1HBGW,4,0,http://www.wikidata.org/entity/Q4051
QW9RZNN1HBGW,4,1,http://www.wikidata.org/entity/Q998529
QW9RZNN1HBGW,5,0,http://www.wikidata.org/entity/Q3857
QW9RZNN1HBGW,5,1,http://www.wikidata.org/entity/Q990505
QW9RZNN1HBGW,6,0,http://www.wikidata.org/entity/Q3931
QW9RZNN1HBGW,6,1,http://www.wikidata.org/entity/Q897884
QW9RZNN1HBGW,7,0,http://www.wikidata.org/entity/Q3874
QW9RZNN1HBGW,7,1,http://www.wikidata.org/entity/Q558195
QW9RZNN1HBGW,8,0,http://www.wikidata.org/entity/Q46009
QW9RZNN1HBGW,8,1,http://www.wikidata.org/entity/Q95993845
QW9RZNN1HBGW,9,0,http://www.wikidata.org/entity/Q1055
QW9RZNN1HBGW,9,1,http://www.wikidata.org/entity/Q62565881
QW9RZNN1HBGW,10,0,http://www.wikidata.org/entity/Q2765
QW9RZNN1HBGW,10,1,http://www.wikidata.org/entity/Q14906499
QW9RZNN1HBGW,11,0,http://www.wikidata.org/entity/Q2773
QW9RZNN1HBGW,11,1,http://www.wikidata.org/entity/Q1803098
RAQALIHXAA7C,1,0,http://www.wikidata.org/entity/Q57506301
RAQALIHXAA7C,1,2,http://www.wikidata.org/entity/Q52472513
RAQALIHXAA7C,1,3,http://www.wikidata.org/entity/Q2341708
RAQALIHXAA7C,2,0,http://www.wikidata.org/entity/Q57933811
RAQALIHXAA7C,2,2,http://www.wikidata.org/entity/Q4760130
RAQALIHXAA7C,2,3,http://www.wikidata.org/entity/Q1811830
RAQALIHXAA7C,3,0,http://www.wikidata.org/entity/Q57509545
RAQALIHXAA7C,3,2,http://www.wikidata.org/entity/Q52184500
RAQALIHXAA7C,3,3,http://www.wikidata.org/entity/Q9695
RAQALIHXAA7C,4,0,http://www.wikidata.org/entity/Q57510104
RAQALIHXAA7C,4,2,http://www.wikidata.org/entity/Q52889152
RAQALIHXAA7C,4,3,http://www.wikidata.org/entity/Q52914971
RAQALIHXAA7C,5,0,http://www.wikidata.org/entity/Q57933992
RAQALIHXAA7C,5,2,http://www.wikidata.org/entity/Q56507060
RAQALIHXAA7C,5,3,http://www.wikidata.org/entity/Q7312
RAQALIHXAA7C,6,0,http://www.wikidata.org/entity/Q57933943
RAQALIHXAA7C,6,1,http://www.wikidata.org/entity/Q1140833
RAQALIHXAA7C,6,2,http://www.wikidata.org/entity/Q56507060
RAQALIHXAA7C,6,3,http://www.wikidata.org/entity/Q190933
RAQALIHXAA7C,7,0,http://www.wikidata.org/entity/Q57508854
RAQALIHXAA7C,7,2,http://www.wikidata.org/entity/Q53450074
RAQALIHXAA7C,7,3,http://www.wikidata.org/entity/Q273080
RAQALIHXAA7C,8,0,http://www.wikidata.org/entity/Q57506639
RAQALIHXAA7C,8,2,http://www.wikidata.org/entity/Q52617215
RAQALIHXAA7C,8,3,http://www.wikidata.org/entity/Q52554366
RAQALIHXAA7C,9,0,http://www.wikidata.org/entity/Q57933898
RAQALIHXAA7C,9,1,http://www.wikidata.org/entity/Q2033382
RAQALIHXAA7C,9,2,http://www.wikidata.org/entity/Q57934206
RAQALIHXAA7C,9,3,http://www.wikidata.org/entity/Q214486
RAQALIHXAA7C,10,0,http://www.wikidata.org/entity/Q57509320
RAQALIHXAA7C,10,2,http://www.wikidata.org/entity/Q52835100
RAQALIHXAA7C,10,3,http://www.wikidata.org/entity/Q168015
RAQALIHXAA7C,11,0,http://www.wikidata.org/entity/Q57500669
RAQALIHXAA7C,11,2,http://www.wikidata.org/entity/Q53450711
RAQALIHXAA7C,11,3,http://www.wikidata.org/entity/Q154770
RAQALIHXAA7C,12,0,http://www.wikidata.org/entity/Q57504570
RAQALIHXAA7C,12,2,http://www.wikidata.org/entity/Q52912754
RAQALIHXAA7C,12,3,http://www.wikidata.org/entity/Q1339
RAQALIHXAA7C,13,0,http://www.wikidata.org/entity/Q57504162
RAQALIHXAA7C,13,2,http://www.wikidata.org/entity/Q53450074
RAQALIHXAA7C,13,3,http://www.wikidata.org/entity/Q273080
ST1WF8GOJVXB,1,0,http://www.wikidata.org/entity/Q57509260
ST1WF8GOJVXB,2,0,http://www.wikidata.org/entity/Q57509177
ST1WF8GOJVXB,3,0,http://www.wikidata.org/entity/Q57514394
ST1WF8GOJVXB,3,1,http://www.wikidata.org/entity/Q52834842
R9S6CNAKT60T,1,0,http://www.wikidata.org/entity/Q111495861
R9S6CNAKT60T,1,1,http://www.wikidata.org/entity/Q1841
R9S6CNAKT60T,2,0,http://www.wikidata.org/entity/Q43318
R9S6CNAKT60T,2,1,http://www.wikidata.org/entity/Q1841
R9S6CNAKT60T,2,2,http://www.wikidata.org/entity/Q5412798
R9S6CNAKT60T,3,0,http://www.wikidata.org/entity/Q29881643
R9S6CNAKT60T,3,2,http://www.wikidata.org/entity/Q14913425
R9S6CNAKT60T,4,0,http://www.wikidata.org/entity/Q65614037
R9S6CNAKT60T,4,1,http://www.wikidata.org/entity/Q1841
R9S6CNAKT60T,5,0,http://www.wikidata.org/entity/Q105061204
R9S6CNAKT60T,5,1,http://www.wikidata.org/entity/Q1841
R9S6CNAKT60T,6,0,http://www.wikidata.org/entity/Q108267862
R9S6CNAKT60T,6,1,http://www.wikidata.org/entity/Q1841
R9S6CNAKT60T,7,0,http://www.wikidata.org/entity/Q18224043
R9S6CNAKT60T,7,1,http://www.wikidata.org/entity/Q1841
R9S6CNAKT60T,8,0,http://www.wikidata.org/entity/Q113535232
R9S6CNAKT60T,8,1,http://www.wikidata.org/entity/Q1841
R9S6CNAKT60T,9,0,http://www.wikidata.org/entity/Q123692035
R9S6CNAKT60T,9,1,http://www.wikidata.org/entity/Q9592
R9S6CNAKT60T,10,0,http://www.wikidata.org/entity/Q55833194
R9S6CNAKT60T,10,1,http://www.wikidata.org/entity/Q1841
R9S6CNAKT60T,11,0,http://www.wikidata.org/entity/Q62397914
R9S6CNAKT60T,11,1,http://www.wikidata.org/entity/Q1841
R9S6CNAKT60T,12,0,http://www.wikidata.org/entity/Q3668347
R9S6CNAKT60T,12,1,http://www.wikidata.org/entity/Q1841
R9S6CNAKT60T,12,2,http://www.wikidata.org/entity/Q14540294
R9S6CNAKT60T,13,0,http://www.wikidata.org/entity/Q97142454
R9S6CNAKT60T,13,1,http://www.wikidata.org/entity/Q1841
R9S6CNAKT60T,14,0,http://www.wikidata.org/entity/Q37893045
R9S6CNAKT60T,14,1,http://www.wikidata.org/entity/Q1841
R9S6CNAKT60T,15,0,http://www.wikidata.org/entity/Q109758201
R9S6CNAKT60T,15,1,http://www.wikidata.org/entity/Q1841
R9S6CNAKT60T,16,0,http://www.wikidata.org/entity/Q112731168
R9S6CNAKT60T,16,1,http://www.wikidata.org/entity/Q1841
R9S6CNAKT60T,17,0,http://www.wikidata.org/entity/Q54870804
R9S6CNAKT60T,17,1,http://www.wikidata.org/entity/Q1841
R9S6CNAKT60T,18,0,http://www.wikidata.org/entity/Q111124242
R9S6CNAKT60T,18,1,http://www.wikidata.org/entity/Q1841
R9S6CNAKT60T,19,0,http://www.wikidata.org/entity/Q55137541
R9S6CNAKT60T,19,1,http://www.wikidata.org/entity/Q1841
R9S6CNAKT60T,20,0,http://www.wikidata.org/entity/Q61982093
R9S6CNAKT60T,20,1,http://www.wikidata.org/entity/Q1841
R9S6CNAKT60T,21,0,http://www.wikidata.org/entity/Q15124728
R9S6CNAKT60T,21,2,http://www.wikidata.org/entity/Q14548204
R9S6CNAKT60T,22,0,http://www.wikidata.org/entity/Q2083158
R9S6CNAKT60T,22,2,http://www.wikidata.org/entity/Q14546551
R9S6CNAKT60T,23,0,http://www.wikidata.org/entity/Q1304085
R9S6CNAKT60T,23,2,http://www.wikidata.org/entity/Q14913279
R9S6CNAKT60T,24,0,http://www.wikidata.org/entity/Q55382584
R9S6CNAKT60T,24,2,http://www.wikidata.org/entity/Q1533628
H1T1ZWBSE7Y4,1,0,http://www.wikidata.org/entity/Q124959061
H1T1ZWBSE7Y4,1,1,http://www.wikidata.org/entity/Q179718
H1T1ZWBSE7Y4,2,0,http://www.wikidata.org/entity/Q124644754
H1T1ZWBSE7Y4,2,1,http://www.wikidata.org/entity/Q2807
H1T1ZWBSE7Y4,3,0,http://www.wikidata.org/entity/Q3398719
H1T1ZWBSE7Y4,3,1,http://www.wikidata.org/entity/Q28215083
H1T1ZWBSE7Y4,4,0,http://www.wikidata.org/entity/Q111589191
H1T1ZWBSE7Y4,4,1,http://www.wikidata.org/entity/Q9200
H1T1ZWBSE7Y4,5,0,http://www.wikidata.org/entity/Q110803546
H1T1ZWBSE7Y4,5,1,http://www.wikidata.org/entity/Q1644
H1T1ZWBSE7Y4,6,0,http://www.wikidata.org/entity/Q10858024
H1T1ZWBSE7Y4,6,1,http://www.wikidata.org/entity/Q3133
H1T1ZWBSE7Y4,7,0,http://www.wikidata.org/entity/Q90411628
H1T1ZWBSE7Y4,7,1,http://www.wikidata.org/entity/Q490
H1T1ZWBSE7Y4,8,0,http://www.wikidata.org/entity/Q17709121
H1T1ZWBSE7Y4,8,1,http://www.wikidata.org/entity/Q179034
H1T1ZWBSE7Y4,9,0,http://www.wikidata.org/entity/Q16591539
H1T1ZWBSE7Y4,9,1,http://www.wikidata.org/entity/Q5990
H1T1ZWBSE7Y4,10,0,http://www.wikidata.org/entity/Q25339976
H1T1ZWBSE7Y4,10,1,http://www.wikidata.org/entity/Q5836
H1T1ZWBSE7Y4,11,0,http://www.wikidata.org/entity/Q3908761
H1T1ZWBSE7Y4,11,1,http://www.wikidata.org/entity/Q128019
V2KVJATGU0A7,1,0,http://www.wikidata.org/entity/Q117276077
V2KVJATGU0A7,2,0,http://www.wikidata.org/entity/Q117276074
V2KVJATGU0A7,3,0,http://www.wikidata.org/entity/Q98822908
V2KVJATGU0A7,4,0,http://www.wikidata.org/entity/Q64148380
V2KVJATGU0A7,5,0,http://www.wikidata.org/entity/Q117276081
V2KVJATGU0A7,6,0,http://www.wikidata.org/entity/Q1253262
V2KVJATGU0A7,7,0,http://www.wikidata.org/entity/Q85965558
V2KVJATGU0A7,8,0,http://www.wikidata.org/entity/Q85132805
V2KVJATGU0A7,9,0,http://www.wikidata.org/entity/Q24196938
V2KVJATGU0A7,10,0,http://www.wikidata.org/entity/Q85132807
QZ1609HRBPAD,1,0,http://www.wikidata.org/entity/Q60604308
QZ1609HRBPAD,1,1,http://www.wikidata.org/entity/Q61277
QZ1609HRBPAD,1,2,http://www.wikidata.org/entity/Q61277
QZ1609HRBPAD,2,0,http://www.wikidata.org/entity/Q12013489
QZ1609HRBPAD,2,1,http://www.wikidata.org/entity/Q170547
QZ1609HRBPAD,2,2,http://www.wikidata.org/entity/Q15925154
QZ1609HRBPAD,3,0,http://www.wikidata.org/entity/Q7263012
QZ1609HRBPAD,3,1,http://www.wikidata.org/entity/Q467
QZ1609HRBPAD,3,2,http://www.wikidata.org/entity/Q11634
QZ1609HRBPAD,4,0,http://www.wikidata.org/entity/Q11729456
QZ1609HRBPAD,4,1,http://www.wikidata.org/entity/Q34201
QZ1609HRBPAD,4,2,http://www.wikidata.org/entity/Q461439
0EVWA17AV2BZ,1,0,http://www.wikidata.org/entity/Q26237132
0EVWA17AV2BZ,1,1,http://www.wikidata.org/entity/Q1841
0EVWA17AV2BZ,2,0,http://www.wikidata.org/entity/Q26236776
0EVWA17AV2BZ,2,1,http://www.wikidata.org/entity/Q1841
0EVWA17AV2BZ,3,0,http://www.wikidata.org/entity/Q26236626
0EVWA17AV2BZ,3,1,http://www.wikidata.org/entity/Q1841
0EVWA17AV2BZ,4,0,http://www.wikidata.org/entity/Q26215044
0EVWA17AV2BZ,4,1,http://www.wikidata.org/entity/Q1841
0EVWA17AV2BZ,5,0,http://www.wikidata.org/entity/Q26215012
0EVWA17AV2BZ,5,1,http://www.wikidata.org/entity/Q1841
0EVWA17AV2BZ,6,0,http://www.wikidata.org/entity/Q26214997
0EVWA17AV2BZ,6,1,http://www.wikidata.org/entity/Q1841
0EVWA17AV2BZ,7,0,http://www.wikidata.org/entity/Q26161231
0EVWA17AV2BZ,7,1,http://www.wikidata.org/entity/Q1841
0EVWA17AV2BZ,8,0,http://www.wikidata.org/entity/Q26160979
0EVWA17AV2BZ,8,1,http://www.wikidata.org/entity/Q1841
0EVWA17AV2BZ,9,0,http://www.wikidata.org/entity/Q25935497
0EVWA17AV2BZ,9,1,http://www.wikidata.org/entity/Q1841
0EVWA17AV2BZ,10,0,http://www.wikidata.org/entity/Q25935370
0EVWA17AV2BZ,10,1,http://www.wikidata.org/entity/Q1841
0EVWA17AV2BZ,11,0,http://www.wikidata.org/entity/Q27665833
0EVWA17AV2BZ,11,1,http://www.wikidata.org/entity/Q1470190
0EVWA17AV2BZ,12,0,http://www.wikidata.org/entity/Q27135904
0EVWA17AV2BZ,12,1,http://www.wikidata.org/entity/Q1470190
0EVWA17AV2BZ,13,0,http://www.wikidata.org/entity/Q27685210
0EVWA17AV2BZ,13,1,http://www.wikidata.org/entity/Q782911
0EVWA17AV2BZ,14,0,http://www.wikidata.org/entity/Q26446335
0EVWA17AV2BZ,14,1,http://www.wikidata.org/entity/Q6423963
0EVWA17AV2BZ,15,0,http://www.wikidata.org/entity/Q26721275
0EVWA17AV2BZ,15,1,http://www.wikidata.org/entity/Q1470190
0EVWA17AV2BZ,16,0,http://www.wikidata.org/entity/Q26700169
0EVWA17AV2BZ,16,1,http://www.wikidata.org/entity/Q1470190
0EVWA17AV2BZ,17,0,http://www.wikidata.org/entity/Q26868353
0EVWA17AV2BZ,17,1,http://www.wikidata.org/entity/Q782911
0EVWA17AV2BZ,18,0,http://www.wikidata.org/entity/Q26257378
0EVWA17AV2BZ,18,1,http://www.wikidata.org/entity/Q9268
0EVWA17AV2BZ,19,0,http://www.wikidata.org/entity/Q29950645
0EVWA17AV2BZ,19,1,http://www.wikidata.org/entity/Q432
0EVWA17AV2BZ,20,0,http://www.wikidata.org/entity/Q28035780
0EVWA17AV2BZ,20,1,http://www.wikidata.org/entity/Q822516
0EVWA17AV2BZ,21,0,http://www.wikidata.org/entity/Q21019073
0EVWA17AV2BZ,21,1,http://www.wikidata.org/entity/Q206611
JQOVBTMBV0VS,1,0,http://www.wikidata.org/entity/Q1029
JQOVBTMBV0VS,1,1,http://www.wikidata.org/entity/Q165100
JQOVBTMBV0VS,1,3,http://www.wikidata.org/entity/Q15
JQOVBTMBV0VS,2,0,http://www.wikidata.org/entity/Q691
JQOVBTMBV0VS,2,1,http://www.wikidata.org/entity/Q98
JQOVBTMBV0VS,2,3,http://www.wikidata.org/entity/Q538
JQOVBTMBV0VS,3,0,http://www.wikidata.org/entity/Q1011
JQOVBTMBV0VS,3,1,http://www.wikidata.org/entity/Q65688954
JQOVBTMBV0VS,3,2,http://www.wikidata.org/entity/Q97
JQOVBTMBV0VS,3,3,http://www.wikidata.org/entity/Q15
JQOVBTMBV0VS,4,0,http://www.wikidata.org/entity/Q213
JQOVBTMBV0VS,4,1,http://www.wikidata.org/entity/Q1644
JQOVBTMBV0VS,4,2,http://www.wikidata.org/entity/Q1331973
JQOVBTMBV0VS,4,3,http://www.wikidata.org/entity/Q46
JQOVBTMBV0VS,5,0,http://www.wikidata.org/entity/Q874
JQOVBTMBV0VS,5,1,http://www.wikidata.org/entity/Q575516
JQOVBTMBV0VS,5,3,http://www.wikidata.org/entity/Q48
JQOVBTMBV0VS,6,0,http://www.wikidata.org/entity/Q854
JQOVBTMBV0VS,6,1,http://www.wikidata.org/entity/Q1239
JQOVBTMBV0VS,6,2,http://www.wikidata.org/entity/Q1239
JQOVBTMBV0VS,6,3,http://www.wikidata.org/entity/Q48
JQOVBTMBV0VS,7,0,http://www.wikidata.org/entity/Q41
JQOVBTMBV0VS,7,1,http://www.wikidata.org/entity/Q1027846
JQOVBTMBV0VS,7,2,http://www.wikidata.org/entity/Q4918
JQOVBTMBV0VS,7,3,http://www.wikidata.org/entity/Q46
JQOVBTMBV0VS,8,0,http://www.wikidata.org/entity/Q38
JQOVBTMBV0VS,8,1,http://www.wikidata.org/entity/Q3687778
JQOVBTMBV0VS,8,2,http://www.wikidata.org/entity/Q42820
JQOVBTMBV0VS,8,3,http://www.wikidata.org/entity/Q46
JQOVBTMBV0VS,9,0,http://www.wikidata.org/entity/Q965
JQOVBTMBV0VS,9,1,http://www.wikidata.org/entity/Q1256528
JQOVBTMBV0VS,9,3,http://www.wikidata.org/entity/Q15
JQOVBTMBV0VS,10,0,http://www.wikidata.org/entity/Q265
JQOVBTMBV0VS,10,1,http://www.wikidata.org/entity/Q257416
JQOVBTMBV0VS,10,3,http://www.wikidata.org/entity/Q48
JQOVBTMBV0VS,11,0,http://www.wikidata.org/entity/Q238
JQOVBTMBV0VS,11,1,http://www.wikidata.org/entity/Q2589967
JQOVBTMBV0VS,11,3,http://www.wikidata.org/entity/Q46
JQOVBTMBV0VS,12,0,http://www.wikidata.org/entity/Q800
JQOVBTMBV0VS,12,1,http://www.wikidata.org/entity/Q1247
JQOVBTMBV0VS,12,2,http://www.wikidata.org/entity/Q1247
JQOVBTMBV0VS,12,3,http://www.wikidata.org/entity/Q49
JQOVBTMBV0VS,13,0,http://www.wikidata.org/entity/Q878
JQOVBTMBV0VS,13,1,http://www.wikidata.org/entity/Q34675
JQOVBTMBV0VS,13,2,http://www.wikidata.org/entity/Q79948
JQOVBTMBV0VS,13,3,http://www.wikidata.org/entity/Q48
JQOVBTMBV0VS,14,0,http://www.wikidata.org/entity/Q227
JQOVBTMBV0VS,14,1,http://www.wikidata.org/entity/Q5484
JQOVBTMBV0VS,14,3,http://www.wikidata.org/entity/Q48
JQOVBTMBV0VS,15,0,http://www.wikidata.org/entity/Q686
JQOVBTMBV0VS,15,1,http://www.wikidata.org/entity/Q98
JQOVBTMBV0VS,15,3,http://www.wikidata.org/entity/Q538
JQOVBTMBV0VS,16,0,http://www.wikidata.org/entity/Q836
JQOVBTMBV0VS,16,1,http://www.wikidata.org/entity/Q1239
JQOVBTMBV0VS,16,3,http://www.wikidata.org/entity/Q48
JQOVBTMBV0VS,17,0,http://www.wikidata.org/entity/Q917
JQOVBTMBV0VS,17,1,http://www.wikidata.org/entity/Q5305803
JQOVBTMBV0VS,17,3,http://www.wikidata.org/entity/Q48
4Z7JL5WLIJZF,1,0,http://www.wikidata.org/entity/Q985478
4Z7JL5WLIJZF,1,2,http://www.wikidata.org/entity/Q958682
4Z7JL5WLIJZF,2,0,http://www.wikidata.org/entity/Q985471
4Z7JL5WLIJZF,2,2,http://www.wikidata.org/entity/Q958682
4Z7JL5WLIJZF,3,0,http://www.wikidata.org/entity/Q809603
4Z7JL5WLIJZF,3,2,http://www.wikidata.org/entity/Q921291
4Z7JL5WLIJZF,4,0,http://www.wikidata.org/entity/Q741589
4Z7JL5WLIJZF,4,2,http://www.wikidata.org/entity/Q836075
4UFDZZVWG04T,1,0,http://www.wikidata.org/entity/Q7995126
4UFDZZVWG04T,1,2,http://www.wikidata.org/entity/Q496086
4UFDZZVWG04T,2,0,http://www.wikidata.org/entity/Q7045805
4UFDZZVWG04T,2,2,http://www.wikidata.org/entity/Q495965
4UFDZZVWG04T,3,0,http://www.wikidata.org/entity/Q7650330
4UFDZZVWG04T,3,2,http://www.wikidata.org/entity/Q490740
4UFDZZVWG04T,4,0,http://www.wikidata.org/entity/Q4733613
4UFDZZVWG04T,4,2,http://www.wikidata.org/entity/Q496086
NH82BIJ36CRT,1,0,http://www.wikidata.org/entity/Q2046449
NH82BIJ36CRT,2,0,http://www.wikidata.org/entity/Q4753517
NH82BIJ36CRT,3,0,http://www.wikidata.org/entity/Q4753518
NH82BIJ36CRT,4,0,http://www.wikidata.org/entity/Q7963113
NH82BIJ36CRT,5,0,http://www.wikidata.org/entity/Q5366195
NH82BIJ36CRT,6,0,http://www.wikidata.org/entity/Q6481033
NH82BIJ36CRT,7,0,http://www.wikidata.org/entity/Q155885
NH82BIJ36CRT,8,0,http://www.wikidata.org/entity/Q5187474
NH82BIJ36CRT,9,0,http://www.wikidata.org/entity/Q3763803
NH82BIJ36CRT,10,0,http://www.wikidata.org/entity/Q42182
NH82BIJ36CRT,11,0,http://www.wikidata.org/entity/Q3129858
NH82BIJ36CRT,12,0,http://www.wikidata.org/entity/Q7698615
NH82BIJ36CRT,13,0,http://www.wikidata.org/entity/Q328595
NH82BIJ36CRT,14,0,http://www.wikidata.org/entity/Q2308765
NH82BIJ36CRT,15,0,http://www.wikidata.org/entity/Q7052999
NH82BIJ36CRT,16,0,http://www.wikidata.org/entity/Q17528076
NH82BIJ36CRT,16,1,http://www.wikidata.org/entity/Q40104577
NH82BIJ36CRT,17,0,http://www.wikidata.org/entity/Q4583646
NH82BIJ36CRT,18,0,http://www.wikidata.org/entity/Q1495894
NH82BIJ36CRT,19,0,http://www.wikidata.org/entity/Q14713517
NH82BIJ36CRT,20,0,http://www.wikidata.org/entity/Q3776690
NH82BIJ36CRT,21,0,http://www.wikidata.org/entity/Q7699695
T0OO13O9NQV4,1,0,http://www.wikidata.org/entity/Q22669139
T0OO13O9NQV4,1,1,http://www.wikidata.org/entity/Q99516640
T0OO13O9NQV4,2,0,http://www.wikidata.org/entity/Q111487967
T0OO13O9NQV4,2,1,http://www.wikidata.org/entity/Q104359653
T0OO13O9NQV4,3,0,http://www.wikidata.org/entity/Q1750771
T0OO13O9NQV4,4,0,http://www.wikidata.org/entity/Q7389216
T0OO13O9NQV4,5,0,http://www.wikidata.org/entity/Q85620678
T0OO13O9NQV4,6,0,http://www.wikidata.org/entity/Q44103097
T0OO13O9NQV4,6,1,http://www.wikidata.org/entity/Q44103811
T0OO13O9NQV4,7,0,http://www.wikidata.org/entity/Q191062
T0OO13O9NQV4,7,1,http://www.wikidata.org/entity/Q109566760
T0OO13O9NQV4,8,0,http://www.wikidata.org/entity/Q10456474
T0OO13O9NQV4,8,1,http://www.wikidata.org/entity/Q37260
T0OO13O9NQV4,9,0,http://www.wikidata.org/entity/Q93717
T0OO13O9NQV4,9,1,http://www.wikidata.org/entity/Q7256278
T0OO13O9NQV4,10,0,http://www.wikidata.org/entity/Q1668127
T0OO13O9NQV4,11,0,http://www.wikidata.org/entity/Q204565
T0OO13O9NQV4,12,0,http://www.wikidata.org/entity/Q1427231
T0OO13O9NQV4,13,0,http://www.wikidata.org/entity/Q26882416
T0OO13O9NQV4,13,1,http://www.wikidata.org/entity/Q3182649
T0OO13O9NQV4,14,0,http://www.wikidata.org/entity/Q125096901
T0OO13O9NQV4,14,1,http://www.wikidata.org/entity/Q485396
T0OO13O9NQV4,15,0,http://www.wikidata.org/entity/Q909793
T0OO13O9NQV4,16,0,http://www.wikidata.org/entity/Q78933859
T0OO13O9NQV4,16,1,http://www.wikidata.org/entity/Q1071389
T0OO13O9NQV4,17,0,http://www.wikidata.org/entity/Q18281
T0OO13O9NQV4,17,1,http://www.wikidata.org/entity/Q53001749
T0OO13O9NQV4,18,0,http://www.wikidata.org/entity/Q191682
T0OO13O9NQV4,18,1,http://www.wikidata.org/entity/Q1408288
T0OO13O9NQV4,19,0,http://www.wikidata.org/entity/Q11894630
GQE5F2H5OS8Z,1,0,http://www.wikidata.org/entity/Q7474822
GQE5F2H5OS8Z,1,1,http://www.wikidata.org/entity/Q13423591
GQE5F2H5OS8Z,2,0,http://www.wikidata.org/entity/Q4989402
GQE5F2H5OS8Z,2,1,http://www.wikidata.org/entity/Q13423591
GQE5F2H5OS8Z,3,0,http://www.wikidata.org/entity/Q2189136
GQE5F2H5OS8Z,3,1,http://www.wikidata.org/entity/Q13423591
GQE5F2H5OS8Z,4,0,http://www.wikidata.org/entity/Q1984500
GQE5F2H5OS8Z,4,1,http://www.wikidata.org/entity/Q13423591
GQE5F2H5OS8Z,5,0,http://www.wikidata.org/entity/Q17449474
GQE5F2H5OS8Z,5,1,http://www.wikidata.org/entity/Q916333
GQE5F2H5OS8Z,6,0,http://www.wikidata.org/entity/Q17434525
GQE5F2H5OS8Z,6,1,http://www.wikidata.org/entity/Q916333
9TN3MM48RN12,1,0,http://www.wikidata.org/entity/Q2872886
9TN3MM48RN12,1,2,http://www.wikidata.org/entity/Q3315417
9TN3MM48RN12,2,0,http://www.wikidata.org/entity/Q2428705
9TN3MM48RN12,2,2,http://www.wikidata.org/entity/Q3074270
S9I6ECM7N2I7,1,0,http://www.wikidata.org/entity/Q501779
S9I6ECM7N2I7,1,1,http://www.wikidata.org/entity/Q713825
S9I6ECM7N2I7,2,0,http://www.wikidata.org/entity/Q342428
S9I6ECM7N2I7,2,1,http://www.wikidata.org/entity/Q48087
S9I6ECM7N2I7,3,0,http://www.wikidata.org/entity/Q88
S9I6ECM7N2I7,3,1,http://www.wikidata.org/entity/Q487648
S9I6ECM7N2I7,4,0,http://www.wikidata.org/entity/Q43421
S9I6ECM7N2I7,4,1,http://www.wikidata.org/entity/Q82765
S9I6ECM7N2I7,5,0,http://www.wikidata.org/entity/Q511935
8MA9I9LYH6NZ,1,0,http://www.wikidata.org/entity/Q867447
8MA9I9LYH6NZ,2,0,http://www.wikidata.org/entity/Q839639
8MA9I9LYH6NZ,3,0,http://www.wikidata.org/entity/Q1638588
8MA9I9LYH6NZ,4,0,http://www.wikidata.org/entity/Q1568178
8MA9I9LYH6NZ,5,0,http://www.wikidata.org/entity/Q1524579
GBYNX4FK7S90,1,0,http://www.wikidata.org/entity/Q63758813
GBYNX4FK7S90,1,1,http://www.wikidata.org/entity/Q12877779
GBYNX4FK7S90,2,0,http://www.wikidata.org/entity/Q64300898
GBYNX4FK7S90,2,1,http://www.wikidata.org/entity/Q582182
GBYNX4FK7S90,3,0,http://www.wikidata.org/entity/Q60777740
GBYNX4FK7S90,3,1,http://www.wikidata.org/entity/Q60704593
GBYNX4FK7S90,4,0,http://www.wikidata.org/entity/Q110147256
GBYNX4FK7S90,4,1,http://www.wikidata.org/entity/Q110147309
GBYNX4FK7S90,5,0,http://www.wikidata.org/entity/Q98640198
GBYNX4FK7S90,5,1,http://www.wikidata.org/entity/Q582182
GBYNX4FK7S90,6,0,http://www.wikidata.org/entity/Q93481443
GBYNX4FK7S90,6,1,http://www.wikidata.org/entity/Q88381869
GBYNX4FK7S90,7,0,http://www.wikidata.org/entity/Q64219707
GBYNX4FK7S90,7,1,http://www.wikidata.org/entity/Q64220872
GBYNX4FK7S90,8,0,http://www.wikidata.org/entity/Q63119538
GBYNX4FK7S90,8,1,http://www.wikidata.org/entity/Q582182
4OWUJAT4A1I1,1,0,http://www.wikidata.org/entity/Q111592339
4OWUJAT4A1I1,1,1,http://www.wikidata.org/entity/Q16
4OWUJAT4A1I1,2,0,http://www.wikidata.org/entity/Q15283995
4OWUJAT4A1I1,3,0,http://www.wikidata.org/entity/Q100342019
4OWUJAT4A1I1,3,1,http://www.wikidata.org/entity/Q55
4OWUJAT4A1I1,4,0,http://www.wikidata.org/entity/Q100341436
4OWUJAT4A1I1,4,1,http://www.wikidata.org/entity/Q55
4OWUJAT4A1I1,5,0,http://www.wikidata.org/entity/Q1504623
4OWUJAT4A1I1,5,1,http://www.wikidata.org/entity/Q34
4OWUJAT4A1I1,6,0,http://www.wikidata.org/entity/Q109499760
4OWUJAT4A1I1,7,0,http://www.wikidata.org/entity/Q97956567
4OWUJAT4A1I1,8,0,http://www.wikidata.org/entity/Q109499754
4OWUJAT4A1I1,9,0,http://www.wikidata.org/entity/Q502218
4OWUJAT4A1I1,9,1,http://www.wikidata.org/entity/Q30
4OWUJAT4A1I1,10,0,http://www.wikidata.org/entity/Q97595016
4OWUJAT4A1I1,10,1,http://www.wikidata.org/entity/Q865
4OWUJAT4A1I1,11,0,http://www.wikidata.org/entity/Q100342020
4OWUJAT4A1I1,11,1,http://www.wikidata.org/entity/Q55
4OWUJAT4A1I1,12,0,http://www.wikidata.org/entity/Q100440637
4OWUJAT4A1I1,13,0,http://www.wikidata.org/entity/Q56009098
4OWUJAT4A1I1,13,1,http://www.wikidata.org/entity/Q31
EISQ24QS5ROS,1,0,http://www.wikidata.org/entity/Q117026381
EISQ24QS5ROS,2,0,http://www.wikidata.org/entity/Q117022748
EISQ24QS5ROS,3,0,http://www.wikidata.org/entity/Q115573593
EISQ24QS5ROS,4,0,http://www.wikidata.org/entity/Q101897529
EISQ24QS5ROS,5,0,http://www.wikidata.org/entity/Q115574079
EISQ24QS5ROS,6,0,http://www.wikidata.org/entity/Q83640514
EISQ24QS5ROS,7,0,http://www.wikidata.org/entity/Q117022751
EISQ24QS5ROS,8,0,http://www.wikidata.org/entity/Q83628031
EISQ24QS5ROS,9,0,http://www.wikidata.org/entity/Q117026196
EISQ24QS5ROS,10,0,http://www.wikidata.org/entity/Q117028137
EISQ24QS5ROS,11,0,http://www.wikidata.org/entity/Q72404393
EISQ24QS5ROS,12,0,http://www.wikidata.org/entity/Q117026797
EISQ24QS5ROS,13,0,http://www.wikidata.org/entity/Q117021282
EISQ24QS5ROS,14,0,http://www.wikidata.org/entity/Q117028105
EISQ24QS5ROS,15,0,http://www.wikidata.org/entity/Q117023843
816PBNMST011,1,0,http://www.wikidata.org/entity/Q123146229
816PBNMST011,1,1,http://www.wikidata.org/entity/Q123146209
816PBNMST011,2,0,http://www.wikidata.org/entity/Q123737555
816PBNMST011,2,1,http://www.wikidata.org/entity/Q123651742
816PBNMST011,3,0,http://www.wikidata.org/entity/Q123669039
816PBNMST011,3,1,http://www.wikidata.org/entity/Q123651742
816PBNMST011,4,0,http://www.wikidata.org/entity/Q120693696
816PBNMST011,4,1,http://www.wikidata.org/entity/Q120693741
816PBNMST011,5,0,http://www.wikidata.org/entity/Q114875918
816PBNMST011,5,1,http://www.wikidata.org/entity/Q113493401
816PBNMST011,6,0,http://www.wikidata.org/entity/Q110551555
816PBNMST011,6,1,http://www.wikidata.org/entity/Q110551495
BR849HQN2S8B,1,0,http://www.wikidata.org/entity/Q101243530
BR849HQN2S8B,1,1,http://www.wikidata.org/entity/Q124749176
BR849HQN2S8B,2,0,http://www.wikidata.org/entity/Q108889057
BR849HQN2S8B,2,1,http://www.wikidata.org/entity/Q124749176
BR849HQN2S8B,3,0,http://www.wikidata.org/entity/Q108884076
BR849HQN2S8B,3,1,http://www.wikidata.org/entity/Q110539680
BR849HQN2S8B,4,0,http://www.wikidata.org/entity/Q108870659
BR849HQN2S8B,4,1,http://www.wikidata.org/entity/Q110539680
BR849HQN2S8B,5,0,http://www.wikidata.org/entity/Q109345657
BR849HQN2S8B,5,1,http://www.wikidata.org/entity/Q109984786
BR849HQN2S8B,6,0,http://www.wikidata.org/entity/Q108608368
BR849HQN2S8B,6,1,http://www.wikidata.org/entity/Q109718671
4KAYUCVZ0JSQ,1,0,http://www.wikidata.org/entity/Q159202
4KAYUCVZ0JSQ,2,0,http://www.wikidata.org/entity/Q389624
4KAYUCVZ0JSQ,3,0,http://www.wikidata.org/entity/Q122634
4KAYUCVZ0JSQ,4,0,http://www.wikidata.org/entity/Q61974468
4KAYUCVZ0JSQ,4,1,http://www.wikidata.org/entity/Q60199514
4KAYUCVZ0JSQ,5,0,http://www.wikidata.org/entity/Q10380173
4KAYUCVZ0JSQ,5,1,http://www.wikidata.org/entity/Q3272959
4KAYUCVZ0JSQ,6,0,http://www.wikidata.org/entity/Q19893346
4KAYUCVZ0JSQ,6,1,http://www.wikidata.org/entity/Q57662069
4KAYUCVZ0JSQ,7,0,http://www.wikidata.org/entity/Q3306379
4KAYUCVZ0JSQ,7,1,http://www.wikidata.org/entity/Q3197658
4KAYUCVZ0JSQ,8,0,http://www.wikidata.org/entity/Q606569
4KAYUCVZ0JSQ,9,0,http://www.wikidata.org/entity/Q19955676
4KAYUCVZ0JSQ,9,1,http://www.wikidata.org/entity/Q8333
4KAYUCVZ0JSQ,10,0,http://www.wikidata.org/entity/Q1357701
4KAYUCVZ0JSQ,11,0,http://www.wikidata.org/entity/Q939489
4KAYUCVZ0JSQ,12,0,http://www.wikidata.org/entity/Q1051162
4KAYUCVZ0JSQ,13,0,http://www.wikidata.org/entity/Q194705
M4A2RRZ7KZCQ,1,0,http://www.wikidata.org/entity/Q1765307
M4A2RRZ7KZCQ,1,1,http://www.wikidata.org/entity/Q14460218
M4A2RRZ7KZCQ,2,0,http://www.wikidata.org/entity/Q27666260
M4A2RRZ7KZCQ,2,1,http://www.wikidata.org/entity/Q7886361
594QNDOKIOXC,1,0,http://www.wikidata.org/entity/Q18845552
594QNDOKIOXC,1,3,http://www.wikidata.org/entity/Q18845508
594QNDOKIOXC,2,0,http://www.wikidata.org/entity/Q18845551
594QNDOKIOXC,2,3,http://www.wikidata.org/entity/Q18845507
HO8LWU036HOL,1,0,http://www.wikidata.org/entity/Q60166467
HO8LWU036HOL,1,1,http://www.wikidata.org/entity/Q13490
HO8LWU036HOL,2,0,http://www.wikidata.org/entity/Q59799260
HO8LWU036HOL,2,1,http://www.wikidata.org/entity/Q12992
HO8LWU036HOL,3,0,http://www.wikidata.org/entity/Q21609034
HO8LWU036HOL,3,1,http://www.wikidata.org/entity/Q37792
HO8LWU036HOL,4,0,http://www.wikidata.org/entity/Q21608918
HO8LWU036HOL,4,1,http://www.wikidata.org/entity/Q37792
HO8LWU036HOL,5,0,http://www.wikidata.org/entity/Q2856070
HO8LWU036HOL,5,1,http://www.wikidata.org/entity/Q42878311
HO8LWU036HOL,6,0,http://www.wikidata.org/entity/Q2700741
HO8LWU036HOL,6,1,http://www.wikidata.org/entity/Q41795471
HO8LWU036HOL,7,0,http://www.wikidata.org/entity/Q2570459
HO8LWU036HOL,7,1,http://www.wikidata.org/entity/Q72974
HO8LWU036HOL,8,0,http://www.wikidata.org/entity/Q2584423
HO8LWU036HOL,8,1,http://www.wikidata.org/entity/Q9996
HO8LWU036HOL,9,0,http://www.wikidata.org/entity/Q17617928
HO8LWU036HOL,9,1,http://www.wikidata.org/entity/Q18259
HO8LWU036HOL,10,0,http://www.wikidata.org/entity/Q17613257
HO8LWU036HOL,10,1,http://www.wikidata.org/entity/Q992
HO8LWU036HOL,11,0,http://www.wikidata.org/entity/Q28711251
HO8LWU036HOL,11,1,http://www.wikidata.org/entity/Q13422
HO8LWU036HOL,12,0,http://www.wikidata.org/entity/Q2427775
HO8LWU036HOL,12,1,http://www.wikidata.org/entity/Q18655255
9EJUE5J4930J,1,0,http://www.wikidata.org/entity/Q116187421
9EJUE5J4930J,2,0,http://www.wikidata.org/entity/Q26449924
9EJUE5J4930J,2,1,http://www.wikidata.org/entity/Q3915038
KVNX2CNAMSHB,1,0,http://www.wikidata.org/entity/Q8060373
KVNX2CNAMSHB,1,1,http://www.wikidata.org/entity/Q29051551
KVNX2CNAMSHB,2,0,http://www.wikidata.org/entity/Q124041647
KVNX2CNAMSHB,3,0,http://www.wikidata.org/entity/Q110721423
KVNX2CNAMSHB,4,0,http://www.wikidata.org/entity/Q33225
KVNX2CNAMSHB,4,1,http://www.wikidata.org/entity/Q29051551
KVNX2CNAMSHB,5,0,http://www.wikidata.org/entity/Q14759
KVNX2CNAMSHB,5,1,http://www.wikidata.org/entity/Q29051551
KVNX2CNAMSHB,6,0,http://www.wikidata.org/entity/Q2605298
KVNX2CNAMSHB,6,1,http://www.wikidata.org/entity/Q29051551
KVNX2CNAMSHB,7,0,http://www.wikidata.org/entity/Q6310991
KVNX2CNAMSHB,7,1,http://www.wikidata.org/entity/Q29051554
KVNX2CNAMSHB,8,0,http://www.wikidata.org/entity/Q123486182
KVNX2CNAMSHB,9,0,http://www.wikidata.org/entity/Q105274698
KVNX2CNAMSHB,10,0,http://www.wikidata.org/entity/Q4924925
KVNX2CNAMSHB,10,1,http://www.wikidata.org/entity/Q29051556
KVNX2CNAMSHB,11,0,http://www.wikidata.org/entity/Q6744816
KVNX2CNAMSHB,11,1,http://www.wikidata.org/entity/Q29051551
KVNX2CNAMSHB,12,0,http://www.wikidata.org/entity/Q6127418
KVNX2CNAMSHB,12,1,http://www.wikidata.org/entity/Q29051556
KVNX2CNAMSHB,13,0,http://www.wikidata.org/entity/Q7084051
KVNX2CNAMSHB,14,0,http://www.wikidata.org/entity/Q3915477
KVNX2CNAMSHB,14,1,http://www.wikidata.org/entity/Q29051552
KVNX2CNAMSHB,15,0,http://www.wikidata.org/entity/Q7877677
KVNX2CNAMSHB,15,1,http://www.wikidata.org/entity/Q29051551
KVNX2CNAMSHB,16,0,http://www.wikidata.org/entity/Q3322073
KVNX2CNAMSHB,16,1,http://www.wikidata.org/entity/Q29051551
KVNX2CNAMSHB,17,0,http://www.wikidata.org/entity/Q35150
KVNX2CNAMSHB,17,1,http://www.wikidata.org/entity/Q29051551
KVNX2CNAMSHB,18,0,http://www.wikidata.org/entity/Q6927809
KVNX2CNAMSHB,18,1,http://www.wikidata.org/entity/Q29051551
KVNX2CNAMSHB,19,0,http://www.wikidata.org/entity/Q2107617
KVNX2CNAMSHB,19,1,http://www.wikidata.org/entity/Q29051551
KVNX2CNAMSHB,20,0,http://www.wikidata.org/entity/Q6448985
KVNX2CNAMSHB,21,0,http://www.wikidata.org/entity/Q6190889
KVNX2CNAMSHB,21,1,http://www.wikidata.org/entity/Q29051552
KVNX2CNAMSHB,22,0,http://www.wikidata.org/entity/Q2380124
KVNX2CNAMSHB,22,1,http://www.wikidata.org/entity/Q29051558
KVNX2CNAMSHB,23,0,http://www.wikidata.org/entity/Q36239
KVNX2CNAMSHB,23,1,http://www.wikidata.org/entity/Q29051554
STWNSEH4ICMK,1,0,http://www.wikidata.org/entity/Q185000
STWNSEH4ICMK,1,1,http://www.wikidata.org/entity/Q15054642
STWNSEH4ICMK,2,0,http://www.wikidata.org/entity/Q744306
STWNSEH4ICMK,3,0,http://www.wikidata.org/entity/Q106340777
STWNSEH4ICMK,4,0,http://www.wikidata.org/entity/Q21685973
STWNSEH4ICMK,5,0,http://www.wikidata.org/entity/Q791430
STWNSEH4ICMK,6,0,http://www.wikidata.org/entity/Q15410360
STWNSEH4ICMK,7,0,http://www.wikidata.org/entity/Q6792451
STWNSEH4ICMK,7,1,http://www.wikidata.org/entity/Q29042798
STWNSEH4ICMK,8,0,http://www.wikidata.org/entity/Q1532237
STWNSEH4ICMK,9,0,http://www.wikidata.org/entity/Q39613
STWNSEH4ICMK,10,0,http://www.wikidata.org/entity/Q1116425
STWNSEH4ICMK,11,0,http://www.wikidata.org/entity/Q106361925
STWNSEH4ICMK,12,0,http://www.wikidata.org/entity/Q7451362
VR60XCAPAV97,1,0,http://www.wikidata.org/entity/Q107019396
VR60XCAPAV97,2,0,http://www.wikidata.org/entity/Q106877624
VR60XCAPAV97,3,0,http://www.wikidata.org/entity/Q106876194
VR60XCAPAV97,4,0,http://www.wikidata.org/entity/Q106876192
VR60XCAPAV97,5,0,http://www.wikidata.org/entity/Q106875883
VR60XCAPAV97,6,0,http://www.wikidata.org/entity/Q106877058
VR60XCAPAV97,7,0,http://www.wikidata.org/entity/Q55390521
VR60XCAPAV97,8,0,http://www.wikidata.org/entity/Q106876190
VR60XCAPAV97,9,0,http://www.wikidata.org/entity/Q107018586
VR60XCAPAV97,10,0,http://www.wikidata.org/entity/Q107018332
VR60XCAPAV97,11,0,http://www.wikidata.org/entity/Q106876022
VR60XCAPAV97,12,0,http://www.wikidata.org/entity/Q107017902
GXX62KXAH79Q,1,0,http://www.wikidata.org/entity/Q2438383
GXX62KXAH79Q,2,0,http://www.wikidata.org/entity/Q3720977
GXX62KXAH79Q,3,0,http://www.wikidata.org/entity/Q1770889
GXX62KXAH79Q,4,0,http://www.wikidata.org/entity/Q1771467
GXX62KXAH79Q,5,0,http://www.wikidata.org/entity/Q966782
GXX62KXAH79Q,6,0,http://www.wikidata.org/entity/Q4012143
GXX62KXAH79Q,7,0,http://www.wikidata.org/entity/Q1770610
GXX62KXAH79Q,8,0,http://www.wikidata.org/entity/Q3831982
GXX62KXAH79Q,9,0,http://www.wikidata.org/entity/Q518820
GXX62KXAH79Q,10,0,http://www.wikidata.org/entity/Q1770645
GXX62KXAH79Q,11,0,http://www.wikidata.org/entity/Q3622180
GXX62KXAH79Q,12,0,http://www.wikidata.org/entity/Q3896653
9A8CRS8QHJH8,1,0,http://www.wikidata.org/entity/Q18845700
9A8CRS8QHJH8,1,2,http://www.wikidata.org/entity/Q18845628
9A8CRS8QHJH8,2,0,http://www.wikidata.org/entity/Q18845842
9A8CRS8QHJH8,2,2,http://www.wikidata.org/entity/Q18845946
D2E6O2BQN7VX,1,0,http://www.wikidata.org/entity/Q67170176
D2E6O2BQN7VX,2,0,http://www.wikidata.org/entity/Q67101158
LM3GPA26K31O,1,0,http://www.wikidata.org/entity/Q93862547
LM3GPA26K31O,2,0,http://www.wikidata.org/entity/Q97178560
LM3GPA26K31O,3,0,http://www.wikidata.org/entity/Q48836870
LM3GPA26K31O,4,0,http://www.wikidata.org/entity/Q104842833
LM3GPA26K31O,5,0,http://www.wikidata.org/entity/Q15901186
LM3GPA26K31O,6,0,http://www.wikidata.org/entity/Q117804044
LM3GPA26K31O,7,0,http://www.wikidata.org/entity/Q38133580
LM3GPA26K31O,8,0,http://www.wikidata.org/entity/Q11482812
LM3GPA26K31O,9,0,http://www.wikidata.org/entity/Q1052580
LM3GPA26K31O,10,0,http://www.wikidata.org/entity/Q11105350
LM3GPA26K31O,11,0,http://www.wikidata.org/entity/Q11513956
LM3GPA26K31O,12,0,http://www.wikidata.org/entity/Q901752
LM3GPA26K31O,13,0,http://www.wikidata.org/entity/Q26318181
LM3GPA26K31O,14,0,http://www.wikidata.org/entity/Q487305
LM3GPA26K31O,15,0,http://www.wikidata.org/entity/Q66217786
LM3GPA26K31O,16,0,http://www.wikidata.org/entity/Q15120963
D20KEE4NPTKL,1,0,http://www.wikidata.org/entity/Q38250579
D20KEE4NPTKL,1,1,http://www.wikidata.org/entity/Q38250695
D20KEE4NPTKL,2,0,http://www.wikidata.org/entity/Q588421
D20KEE4NPTKL,2,1,http://www.wikidata.org/entity/Q83443033
GJM1BLSQXH0W,1,0,http://www.wikidata.org/entity/Q43371210
GJM1BLSQXH0W,1,1,http://www.wikidata.org/entity/Q3843947
GJM1BLSQXH0W,1,2,http://www.wikidata.org/entity/Q1538150
GJM1BLSQXH0W,2,0,http://www.wikidata.org/entity/Q1033759
GJM1BLSQXH0W,2,1,http://www.wikidata.org/entity/Q5028556
GJM1BLSQXH0W,2,2,http://www.wikidata.org/entity/Q24070750
Y7I9DDK0WKA8,1,0,http://www.wikidata.org/entity/Q605591
Y7I9DDK0WKA8,1,1,http://www.wikidata.org/entity/Q786908
Y7I9DDK0WKA8,1,2,http://www.wikidata.org/entity/Q6581097
Y7I9DDK0WKA8,2,0,http://www.wikidata.org/entity/Q28658513
Y7I9DDK0WKA8,2,1,http://www.wikidata.org/entity/Q3234125
Y7I9DDK0WKA8,2,2,http://www.wikidata.org/entity/Q6581097
Y7I9DDK0WKA8,3,0,http://www.wikidata.org/entity/Q133393
Y7I9DDK0WKA8,3,1,http://www.wikidata.org/entity/Q103569
Y7I9DDK0WKA8,3,2,http://www.wikidata.org/entity/Q6581097
Y7I9DDK0WKA8,4,0,http://www.wikidata.org/entity/Q27518239
Y7I9DDK0WKA8,4,1,http://www.wikidata.org/entity/Q3522995
Y7I9DDK0WKA8,4,2,http://www.wikidata.org/entity/Q6581097
Y7I9DDK0WKA8,5,0,http://www.wikidata.org/entity/Q111135
Y7I9DDK0WKA8,5,1,http://www.wikidata.org/entity/Q111828779
Y7I9DDK0WKA8,5,2,http://www.wikidata.org/entity/Q6581097
Y7I9DDK0WKA8,6,0,http://www.wikidata.org/entity/Q2260776
Y7I9DDK0WKA8,6,1,http://www.wikidata.org/entity/Q213841
Y7I9DDK0WKA8,6,2,http://www.wikidata.org/entity/Q6581097
Y7I9DDK0WKA8,7,0,http://www.wikidata.org/entity/Q587387
Y7I9DDK0WKA8,7,1,http://www.wikidata.org/entity/Q733992
Y7I9DDK0WKA8,7,2,http://www.wikidata.org/entity/Q6581097
Y7I9DDK0WKA8,8,0,http://www.wikidata.org/entity/Q4006190
Y7I9DDK0WKA8,8,1,http://www.wikidata.org/entity/Q205532
Y7I9DDK0WKA8,8,2,http://www.wikidata.org/entity/Q6581097
Y7I9DDK0WKA8,9,0,http://www.wikidata.org/entity/Q27688828
Y7I9DDK0WKA8,9,1,http://www.wikidata.org/entity/Q40895
Y7I9DDK0WKA8,9,2,http://www.wikidata.org/entity/Q44148
Y7I9DDK0WKA8,10,0,http://www.wikidata.org/entity/Q2393619
Y7I9DDK0WKA8,10,1,http://www.wikidata.org/entity/Q16153451
Y7I9DDK0WKA8,10,2,http://www.wikidata.org/entity/Q6581097
Y7I9DDK0WKA8,10,3,http://www.wikidata.org/entity/Q2140674
Y7I9DDK0WKA8,11,0,http://www.wikidata.org/entity/Q10348329
Y7I9DDK0WKA8,11,1,http://www.wikidata.org/entity/Q132374
Y7I9DDK0WKA8,11,2,http://www.wikidata.org/entity/Q6581072
Y7I9DDK0WKA8,12,0,http://www.wikidata.org/entity/Q651130
Y7I9DDK0WKA8,12,1,http://www.wikidata.org/entity/Q208460
Y7I9DDK0WKA8,12,2,http://www.wikidata.org/entity/Q6581072
Y7I9DDK0WKA8,13,0,http://www.wikidata.org/entity/Q929273
Y7I9DDK0WKA8,13,1,http://www.wikidata.org/entity/Q31188935
Y7I9DDK0WKA8,13,2,http://www.wikidata.org/entity/Q6581097
Y7I9DDK0WKA8,14,0,http://www.wikidata.org/entity/Q28736490
Y7I9DDK0WKA8,14,1,http://www.wikidata.org/entity/Q1168073
Y7I9DDK0WKA8,14,2,http://www.wikidata.org/entity/Q6581097
Y7I9DDK0WKA8,15,0,http://www.wikidata.org/entity/Q27335731
Y7I9DDK0WKA8,15,1,http://www.wikidata.org/entity/Q1198611
Y7I9DDK0WKA8,15,2,http://www.wikidata.org/entity/Q6581097
Y7I9DDK0WKA8,16,0,http://www.wikidata.org/entity/Q28130053
Y7I9DDK0WKA8,16,1,http://www.wikidata.org/entity/Q582320
Y7I9DDK0WKA8,16,2,http://www.wikidata.org/entity/Q6581097
Y7I9DDK0WKA8,17,0,http://www.wikidata.org/entity/Q2839727
Y7I9DDK0WKA8,17,1,http://www.wikidata.org/entity/Q223261
Y7I9DDK0WKA8,17,2,http://www.wikidata.org/entity/Q6581072
Y7I9DDK0WKA8,18,0,http://www.wikidata.org/entity/Q28039588
Y7I9DDK0WKA8,18,1,http://www.wikidata.org/entity/Q19590955
Y7I9DDK0WKA8,18,2,http://www.wikidata.org/entity/Q6581097
Y7I9DDK0WKA8,19,0,http://www.wikidata.org/entity/Q3355174
Y7I9DDK0WKA8,19,1,http://www.wikidata.org/entity/Q864592
Y7I9DDK0WKA8,19,2,http://www.wikidata.org/entity/Q6581072
Y7I9DDK0WKA8,20,0,http://www.wikidata.org/entity/Q27740068
Y7I9DDK0WKA8,20,1,http://www.wikidata.org/entity/Q922006
Y7I9DDK0WKA8,20,2,http://www.wikidata.org/entity/Q6581097
Y7I9DDK0WKA8,21,0,http://www.wikidata.org/entity/Q6783566
Y7I9DDK0WKA8,21,1,http://www.wikidata.org/entity/Q724455
Y7I9DDK0WKA8,21,2,http://www.wikidata.org/entity/Q6581097
Y7I9DDK0WKA8,22,0,http://www.wikidata.org/entity/Q2268351
Y7I9DDK0WKA8,22,1,http://www.wikidata.org/entity/Q165713
Y7I9DDK0WKA8,22,2,http://www.wikidata.org/entity/Q6581097
Y7I9DDK0WKA8,23,0,http://www.wikidata.org/entity/Q27670335
Y7I9DDK0WKA8,23,1,http://www.wikidata.org/entity/Q18406872
Y7I9DDK0WKA8,23,2,http://www.wikidata.org/entity/Q6581097
8B32O39O3N8W,1,0,http://www.wikidata.org/entity/Q1404264
8B32O39O3N8W,2,0,http://www.wikidata.org/entity/Q1404266
8B32O39O3N8W,3,0,http://www.wikidata.org/entity/Q57278621
8B32O39O3N8W,4,0,http://www.wikidata.org/entity/Q18410858
8B32O39O3N8W,5,0,http://www.wikidata.org/entity/Q1494979
8B32O39O3N8W,6,0,http://www.wikidata.org/entity/Q31518973
8B32O39O3N8W,7,0,http://www.wikidata.org/entity/Q321467
ABOCPTL6XTBS,1,0,http://www.wikidata.org/entity/Q27903893
ABOCPTL6XTBS,1,2,http://www.wikidata.org/entity/Q15214996
ABOCPTL6XTBS,2,0,http://www.wikidata.org/entity/Q3396757
ABOCPTL6XTBS,2,2,http://www.wikidata.org/entity/Q7886197
ABOCPTL6XTBS,3,0,http://www.wikidata.org/entity/Q1596245
ABOCPTL6XTBS,3,2,http://www.wikidata.org/entity/Q119515
ABOCPTL6XTBS,4,0,http://www.wikidata.org/entity/Q30738524
ABOCPTL6XTBS,4,2,http://www.wikidata.org/entity/Q5742377
ABOCPTL6XTBS,5,0,http://www.wikidata.org/entity/Q6672779
ABOCPTL6XTBS,6,0,http://www.wikidata.org/entity/Q7629892
ABOCPTL6XTBS,6,2,http://www.wikidata.org/entity/Q2631181
ABOCPTL6XTBS,7,0,http://www.wikidata.org/entity/Q27854139
ABOCPTL6XTBS,7,2,http://www.wikidata.org/entity/Q1991324
ABOCPTL6XTBS,8,0,http://www.wikidata.org/entity/Q112630945
ABOCPTL6XTBS,8,2,http://www.wikidata.org/entity/Q3088841
ABOCPTL6XTBS,9,0,http://www.wikidata.org/entity/Q2409289
ABOCPTL6XTBS,9,2,http://www.wikidata.org/entity/Q3088742
ABOCPTL6XTBS,10,0,http://www.wikidata.org/entity/Q871751
ABOCPTL6XTBS,10,2,http://www.wikidata.org/entity/Q21601976
ABOCPTL6XTBS,11,0,http://www.wikidata.org/entity/Q16623108
ABOCPTL6XTBS,11,2,http://www.wikidata.org/entity/Q7886197
ABOCPTL6XTBS,12,0,http://www.wikidata.org/entity/Q7676856
ABOCPTL6XTBS,12,2,http://www.wikidata.org/entity/Q3088667
ABOCPTL6XTBS,13,0,http://www.wikidata.org/entity/Q68036891
ABOCPTL6XTBS,13,2,http://www.wikidata.org/entity/Q1991986
ABOCPTL6XTBS,14,0,http://www.wikidata.org/entity/Q996255
ABOCPTL6XTBS,14,2,http://www.wikidata.org/entity/Q2573418
ABOCPTL6XTBS,15,0,http://www.wikidata.org/entity/Q48976043
ABOCPTL6XTBS,15,2,http://www.wikidata.org/entity/Q1991486
ABOCPTL6XTBS,16,0,http://www.wikidata.org/entity/Q13101828
ABOCPTL6XTBS,16,2,http://www.wikidata.org/entity/Q3088708
ABOCPTL6XTBS,17,0,http://www.wikidata.org/entity/Q488794
ABOCPTL6XTBS,17,2,http://www.wikidata.org/entity/Q3088957
K1VBSBH20RQT,1,0,http://www.wikidata.org/entity/Q2474230
K1VBSBH20RQT,2,0,http://www.wikidata.org/entity/Q2472496
K1VBSBH20RQT,3,0,http://www.wikidata.org/entity/Q2465447
K1VBSBH20RQT,4,0,http://www.wikidata.org/entity/Q2381636
K1VBSBH20RQT,5,0,http://www.wikidata.org/entity/Q2368288
YMK4PZMUJPOB,1,0,http://www.wikidata.org/entity/Q1284324
YMK4PZMUJPOB,1,1,http://www.wikidata.org/entity/Q58129
YMK4PZMUJPOB,2,0,http://www.wikidata.org/entity/Q1275429
YMK4PZMUJPOB,2,1,http://www.wikidata.org/entity/Q58289
S9V2L96WIXGY,1,0,http://www.wikidata.org/entity/Q59780126
S9V2L96WIXGY,1,1,http://www.wikidata.org/entity/Q3609
S9V2L96WIXGY,2,0,http://www.wikidata.org/entity/Q81933532
S9V2L96WIXGY,2,1,http://www.wikidata.org/entity/Q3609
RFHH5OD70A1B,1,0,http://www.wikidata.org/entity/Q10801453
RFHH5OD70A1B,1,2,http://www.wikidata.org/entity/Q1480166
RFHH5OD70A1B,2,0,http://www.wikidata.org/entity/Q58328872
RFHH5OD70A1B,2,1,http://www.wikidata.org/entity/Q19324979
RFHH5OD70A1B,3,0,http://www.wikidata.org/entity/Q1508234
RFHH5OD70A1B,3,1,http://www.wikidata.org/entity/Q16008098
RFHH5OD70A1B,3,2,http://www.wikidata.org/entity/Q134161
RFHH5OD70A1B,4,0,http://www.wikidata.org/entity/Q105064006
RFHH5OD70A1B,4,2,http://www.wikidata.org/entity/Q112176862
RFHH5OD70A1B,5,0,http://www.wikidata.org/entity/Q105063522
RFHH5OD70A1B,5,2,http://www.wikidata.org/entity/Q112176862
RFHH5OD70A1B,6,0,http://www.wikidata.org/entity/Q3196672
RFHH5OD70A1B,6,1,http://www.wikidata.org/entity/Q101252333
RFHH5OD70A1B,6,2,http://www.wikidata.org/entity/Q112176862
RFHH5OD70A1B,7,0,http://www.wikidata.org/entity/Q57005883
RFHH5OD70A1B,7,2,http://www.wikidata.org/entity/Q15042660
RFHH5OD70A1B,8,0,http://www.wikidata.org/entity/Q706421
RFHH5OD70A1B,8,2,http://www.wikidata.org/entity/Q460178
RFHH5OD70A1B,9,0,http://www.wikidata.org/entity/Q7643261
RFHH5OD70A1B,9,2,http://www.wikidata.org/entity/Q116994449
RFHH5OD70A1B,10,0,http://www.wikidata.org/entity/Q858665
RFHH5OD70A1B,10,1,http://www.wikidata.org/entity/Q4383808
RFHH5OD70A1B,10,2,http://www.wikidata.org/entity/Q6832945
RFHH5OD70A1B,11,0,http://www.wikidata.org/entity/Q4993863
RFHH5OD70A1B,11,1,http://www.wikidata.org/entity/Q5630459
9NMHE9U35UZM,1,0,http://www.wikidata.org/entity/Q18748693
9NMHE9U35UZM,1,1,http://www.wikidata.org/entity/Q202088
9NMHE9U35UZM,2,0,http://www.wikidata.org/entity/Q122987400
9NMHE9U35UZM,2,1,http://www.wikidata.org/entity/Q755420
24UIBH6JMX18,1,0,http://www.wikidata.org/entity/Q7611516
24UIBH6JMX18,1,1,http://www.wikidata.org/entity/Q168756
24UIBH6JMX18,1,2,http://www.wikidata.org/entity/Q168756
24UIBH6JMX18,2,0,http://www.wikidata.org/entity/Q4769020
24UIBH6JMX18,2,1,http://www.wikidata.org/entity/Q111016452
24UIBH6JMX18,2,2,http://www.wikidata.org/entity/Q3551503
9R2FUW6J384S,1,0,http://www.wikidata.org/entity/Q86891
9R2FUW6J384S,2,0,http://www.wikidata.org/entity/Q1763927
9R2FUW6J384S,3,0,http://www.wikidata.org/entity/Q2777436
9R2FUW6J384S,4,0,http://www.wikidata.org/entity/Q163046
9R2FUW6J384S,5,0,http://www.wikidata.org/entity/Q316340
9R2FUW6J384S,6,0,http://www.wikidata.org/entity/Q9252110
9R2FUW6J384S,7,0,http://www.wikidata.org/entity/Q6936946
9R2FUW6J384S,8,0,http://www.wikidata.org/entity/Q2188121
9R2FUW6J384S,9,0,http://www.wikidata.org/entity/Q105334185
9R2FUW6J384S,10,0,http://www.wikidata.org/entity/Q1904443
9R2FUW6J384S,11,0,http://www.wikidata.org/entity/Q188365
9R2FUW6J384S,12,0,http://www.wikidata.org/entity/Q247040
9R2FUW6J384S,13,0,http://www.wikidata.org/entity/Q1090830
9R2FUW6J384S,14,0,http://www.wikidata.org/entity/Q1087541
TAZ18FXZ2YC6,1,0,http://www.wikidata.org/entity/Q1317749
TAZ18FXZ2YC6,1,1,http://www.wikidata.org/entity/Q83279
TAZ18FXZ2YC6,1,2,http://www.wikidata.org/entity/Q29565386
TAZ18FXZ2YC6,1,3,http://www.wikidata.org/entity/Q29566100
TAZ18FXZ2YC6,2,0,http://www.wikidata.org/entity/Q3430670
TAZ18FXZ2YC6,2,1,http://www.wikidata.org/entity/Q391101
TAZ18FXZ2YC6,2,2,http://www.wikidata.org/entity/Q3210496
TAZ18FXZ2YC6,2,3,http://www.wikidata.org/entity/Q3210822
U58ETMXRZZ9Z,1,0,http://www.wikidata.org/entity/Q1708277
U58ETMXRZZ9Z,1,1,http://www.wikidata.org/entity/Q22581798
U58ETMXRZZ9Z,2,0,http://www.wikidata.org/entity/Q4327518
U58ETMXRZZ9Z,2,1,http://www.wikidata.org/entity/Q378333
U58ETMXRZZ9Z,3,0,http://www.wikidata.org/entity/Q1124501
U58ETMXRZZ9Z,3,1,http://www.wikidata.org/entity/Q19502065
U58ETMXRZZ9Z,4,0,http://www.wikidata.org/entity/Q67609295
U58ETMXRZZ9Z,4,2,http://www.wikidata.org/entity/Q1124501
U58ETMXRZZ9Z,5,0,http://www.wikidata.org/entity/Q1167445
U58ETMXRZZ9Z,5,1,http://www.wikidata.org/entity/Q279305
U58ETMXRZZ9Z,6,0,http://www.wikidata.org/entity/Q4026974
U58ETMXRZZ9Z,6,2,http://www.wikidata.org/entity/Q65802921
U58ETMXRZZ9Z,7,0,http://www.wikidata.org/entity/Q623640
U58ETMXRZZ9Z,7,1,http://www.wikidata.org/entity/Q5066256
U58ETMXRZZ9Z,8,0,http://www.wikidata.org/entity/Q2366753
U58ETMXRZZ9Z,8,1,http://www.wikidata.org/entity/Q5365618
U58ETMXRZZ9Z,9,0,http://www.wikidata.org/entity/Q1426605
U58ETMXRZZ9Z,9,1,http://www.wikidata.org/entity/Q7369459
U58ETMXRZZ9Z,9,2,http://www.wikidata.org/entity/Q738840
U58ETMXRZZ9Z,10,0,http://www.wikidata.org/entity/Q1455083
U58ETMXRZZ9Z,10,1,http://www.wikidata.org/entity/Q504430
U58ETMXRZZ9Z,11,0,http://www.wikidata.org/entity/Q1762748
U58ETMXRZZ9Z,11,2,http://www.wikidata.org/entity/Q7726843
QZ45FKY0FF43,1,0,http://www.wikidata.org/entity/Q4921399
QZ45FKY0FF43,1,1,http://www.wikidata.org/entity/Q7283
QZ45FKY0FF43,2,0,http://www.wikidata.org/entity/Q2303131
QZ45FKY0FF43,2,1,http://www.wikidata.org/entity/Q4936971
QZ45FKY0FF43,3,0,http://www.wikidata.org/entity/Q4366137
QZ45FKY0FF43,3,1,http://www.wikidata.org/entity/Q5401971
QZ45FKY0FF43,4,0,http://www.wikidata.org/entity/Q2901990
QZ45FKY0FF43,4,1,http://www.wikidata.org/entity/Q932586
QZ45FKY0FF43,4,3,http://www.wikidata.org/entity/Q1291742
QZ45FKY0FF43,5,0,http://www.wikidata.org/entity/Q3073538
QZ45FKY0FF43,5,3,http://www.wikidata.org/entity/Q963628
QZ45FKY0FF43,6,0,http://www.wikidata.org/entity/Q7722013
QZ45FKY0FF43,6,1,http://www.wikidata.org/entity/Q8683
QZ45FKY0FF43,7,0,http://www.wikidata.org/entity/Q336240
QZ45FKY0FF43,7,1,http://www.wikidata.org/entity/Q561252
QZ45FKY0FF43,7,3,http://www.wikidata.org/entity/Q556573
QZ45FKY0FF43,8,0,http://www.wikidata.org/entity/Q2450702
QZ45FKY0FF43,8,1,http://www.wikidata.org/entity/Q100159
QZ45FKY0FF43,8,3,http://www.wikidata.org/entity/Q1303573
QZ45FKY0FF43,9,0,http://www.wikidata.org/entity/Q11821299
QZ45FKY0FF43,9,3,http://www.wikidata.org/entity/Q1347598
QZ45FKY0FF43,10,0,http://www.wikidata.org/entity/Q1247476
QZ45FKY0FF43,10,3,http://www.wikidata.org/entity/Q1737759
QZ45FKY0FF43,11,0,http://www.wikidata.org/entity/Q5827123
QZ45FKY0FF43,11,3,http://www.wikidata.org/entity/Q123745
QZ45FKY0FF43,12,0,http://www.wikidata.org/entity/Q16251860
QZ45FKY0FF43,12,1,http://www.wikidata.org/entity/Q38404
QZ45FKY0FF43,13,0,http://www.wikidata.org/entity/Q7757247
QZ45FKY0FF43,13,1,http://www.wikidata.org/entity/Q7283
4EL1CA1ONWOH,1,0,http://www.wikidata.org/entity/Q7717661
4EL1CA1ONWOH,1,1,http://www.wikidata.org/entity/Q23830578
4EL1CA1ONWOH,1,2,http://www.wikidata.org/entity/Q462327
4EL1CA1ONWOH,2,0,http://www.wikidata.org/entity/Q101068607
4EL1CA1ONWOH,2,1,http://www.wikidata.org/entity/Q23830577
4EL1CA1ONWOH,3,0,http://www.wikidata.org/entity/Q1658943
4EL1CA1ONWOH,3,1,http://www.wikidata.org/entity/Q23830577
4EL1CA1ONWOH,3,2,http://www.wikidata.org/entity/Q1344237
4EL1CA1ONWOH,4,0,http://www.wikidata.org/entity/Q1659531
4EL1CA1ONWOH,4,1,http://www.wikidata.org/entity/Q23830577
4EL1CA1ONWOH,4,2,http://www.wikidata.org/entity/Q3749736
4EL1CA1ONWOH,5,0,http://www.wikidata.org/entity/Q1025733
4EL1CA1ONWOH,5,2,http://www.wikidata.org/entity/Q536603
4EL1CA1ONWOH,6,0,http://www.wikidata.org/entity/Q706367
4EL1CA1ONWOH,6,1,http://www.wikidata.org/entity/Q23830578
4EL1CA1ONWOH,6,2,http://www.wikidata.org/entity/Q5240418
DG4X3OIFVINN,1,0,http://www.wikidata.org/entity/Q1537228
DG4X3OIFVINN,2,0,http://www.wikidata.org/entity/Q1538963
DG4X3OIFVINN,2,1,http://www.wikidata.org/entity/Q721784
DG4X3OIFVINN,3,0,http://www.wikidata.org/entity/Q591459
DG4X3OIFVINN,3,1,http://www.wikidata.org/entity/Q1000133
HP4XINS0S1UJ,1,0,http://www.wikidata.org/entity/Q107357706
HP4XINS0S1UJ,1,1,http://www.wikidata.org/entity/Q817971
HP4XINS0S1UJ,2,0,http://www.wikidata.org/entity/Q107357705
HP4XINS0S1UJ,2,1,http://www.wikidata.org/entity/Q817971
DYCROJ10KS5S,1,0,http://www.wikidata.org/entity/Q16687051
DYCROJ10KS5S,2,0,http://www.wikidata.org/entity/Q2687980
DYCROJ10KS5S,3,0,http://www.wikidata.org/entity/Q11739173
DYCROJ10KS5S,4,0,http://www.wikidata.org/entity/Q303880
DYCROJ10KS5S,5,0,http://www.wikidata.org/entity/Q16609166
DYCROJ10KS5S,6,0,http://www.wikidata.org/entity/Q16591052
DYCROJ10KS5S,7,0,http://www.wikidata.org/entity/Q680815
DYCROJ10KS5S,8,0,http://www.wikidata.org/entity/Q13015632
DYCROJ10KS5S,9,0,http://www.wikidata.org/entity/Q547073
DYCROJ10KS5S,10,0,http://www.wikidata.org/entity/Q18433558
DYCROJ10KS5S,11,0,http://www.wikidata.org/entity/Q12073674
RJX50WB9SMM2,1,0,http://www.wikidata.org/entity/Q46595538
RJX50WB9SMM2,1,1,http://www.wikidata.org/entity/Q11691318
RJX50WB9SMM2,2,0,http://www.wikidata.org/entity/Q30055427
RJX50WB9SMM2,2,1,http://www.wikidata.org/entity/Q19413851
4285HROVPAGF,1,0,http://www.wikidata.org/entity/Q481497
4285HROVPAGF,1,1,http://www.wikidata.org/entity/Q1206012
4285HROVPAGF,2,0,http://www.wikidata.org/entity/Q81329567
4285HROVPAGF,2,1,http://www.wikidata.org/entity/Q30
