LCV5KK3V37HW,1,0
LCV5KK3V37HW,2,0
LCV5KK3V37HW,3,0
LCV5KK3V37HW,4,0
LCV5KK3V37HW,5,0
LCV5KK3V37HW,6,0
LCV5KK3V37HW,7,0
LCV5KK3V37HW,8,0
LCV5KK3V37HW,9,0
LCV5KK3V37HW,10,0
LCV5KK3V37HW,11,0
LCV5KK3V37HW,12,0
LCV5KK3V37HW,13,0
LCV5KK3V37HW,14,0
LCV5KK3V37HW,15,0
LCV5KK3V37HW,16,0
LCV5KK3V37HW,17,0
LCV5KK3V37HW,18,0
X205ZIS9BZ8P,1,0
X205ZIS9BZ8P,2,0
F109YH5WRXD3,1,0
F109YH5WRXD3,2,0
F109YH5WRXD3,3,0
F109YH5WRXD3,4,0
F109YH5WRXD3,5,0
F109YH5WRXD3,6,0
F109YH5WRXD3,7,0
RQBKHTKX80HK,1,0
RQBKHTKX80HK,2,0
RQBKHTKX80HK,3,0
RQBKHTKX80HK,4,0
VPQ1L3UAQ5NB,1,0
VPQ1L3UAQ5NB,2,0
VPQ1L3UAQ5NB,3,0
VPQ1L3UAQ5NB,4,0
VPQ1L3UAQ5NB,5,0
VPQ1L3UAQ5NB,6,0
VPQ1L3UAQ5NB,7,0
VPQ1L3UAQ5NB,8,0
VPQ1L3UAQ5NB,9,0
VPQ1L3UAQ5NB,10,0
TT9RWD687V1U,1,0
TT9RWD687V1U,2,0
TT9RWD687V1U,3,0
TT9RWD687V1U,4,0
TT9RWD687V1U,5,0
TT9RWD687V1U,6,0
TT9RWD687V1U,7,0
TT9RWD687V1U,8,0
TT9RWD687V1U,9,0
5THUDH0DSNN9,1,0
5THUDH0DSNN9,2,0
5THUDH0DSNN9,3,0
5THUDH0DSNN9,4,0
5THUDH0DSNN9,5,0
5THUDH0DSNN9,6,0
5THUDH0DSNN9,7,0
5THUDH0DSNN9,8,0
5THUDH0DSNN9,9,0
5THUDH0DSNN9,10,0
5THUDH0DSNN9,11,0
5THUDH0DSNN9,12,0
5THUDH0DSNN9,13,0
5THUDH0DSNN9,14,0
5THUDH0DSNN9,15,0
5THUDH0DSNN9,16,0
5THUDH0DSNN9,17,0
5THUDH0DSNN9,18,0
5THUDH0DSNN9,19,0
5THUDH0DSNN9,20,0
5THUDH0DSNN9,21,0
5THUDH0DSNN9,22,0
CSVV9USU139R,1,0
CSVV9USU139R,2,0
CSVV9USU139R,3,0
CSVV9USU139R,4,0
CSVV9USU139R,5,0
CSVV9USU139R,6,0
CSVV9USU139R,7,0
CSVV9USU139R,8,0
CSVV9USU139R,9,0
CSVV9USU139R,10,0
CSVV9USU139R,11,0
CSVV9USU139R,12,0
CSVV9USU139R,13,0
CSVV9USU139R,14,0
CSVV9USU139R,15,0
CSVV9USU139R,16,0
CSVV9USU139R,17,0
CSVV9USU139R,18,0
CSVV9USU139R,19,0
CSVV9USU139R,20,0
CSVV9USU139R,21,0
KY57GL5ERH2N,1,0
KY57GL5ERH2N,2,0
KY57GL5ERH2N,3,0
KY57GL5ERH2N,4,0
KY57GL5ERH2N,5,0
KY57GL5ERH2N,6,0
KY57GL5ERH2N,7,0
KY57GL5ERH2N,8,0
KY57GL5ERH2N,9,0
KY57GL5ERH2N,10,0
NPK0WVYHYPKR,1,0
NPK0WVYHYPKR,2,0
1FT5RLG5K5UP,1,0
1FT5RLG5K5UP,2,0
DCXBN9Z30XWZ,1,0
DCXBN9Z30XWZ,2,0
SDS0ZTPY5QHP,1,0
SDS0ZTPY5QHP,2,0
SDS0ZTPY5QHP,3,0
SDS0ZTPY5QHP,4,0
SDS0ZTPY5QHP,5,0
SDS0ZTPY5QHP,6,0
SDS0ZTPY5QHP,7,0
SDS0ZTPY5QHP,8,0
1BV5KL3OW6DA,1,0
1BV5KL3OW6DA,2,0
1BV5KL3OW6DA,3,0
1BV5KL3OW6DA,4,0
1BV5KL3OW6DA,5,0
1BV5KL3OW6DA,6,0
1BV5KL3OW6DA,7,0
LTWUNNVBK0WK,1,0
LTWUNNVBK0WK,2,0
LTWUNNVBK0WK,3,0
ZYK25QKZA6ZU,1,0
ZYK25QKZA6ZU,2,0
ZYK25QKZA6ZU,3,0
ZYK25QKZA6ZU,4,0
ZYK25QKZA6ZU,5,0
ZYK25QKZA6ZU,6,0
ZYK25QKZA6ZU,7,0
ZYK25QKZA6ZU,8,0
ZYK25QKZA6ZU,9,0
ZYK25QKZA6ZU,10,0
ZYK25QKZA6ZU,11,0
ZYK25QKZA6ZU,12,0
ZYK25QKZA6ZU,13,0
ZYK25QKZA6ZU,14,0
8X9A5U2P3E2G,1,0
8X9A5U2P3E2G,2,0
8X9A5U2P3E2G,3,0
8X9A5U2P3E2G,4,0
8X9A5U2P3E2G,5,0
8X9A5U2P3E2G,6,0
8X9A5U2P3E2G,7,0
8X9A5U2P3E2G,8,0
8X9A5U2P3E2G,9,0
8X9A5U2P3E2G,10,0
8X9A5U2P3E2G,11,0
8X9A5U2P3E2G,12,0
8X9A5U2P3E2G,13,0
8X9A5U2P3E2G,14,0
8X9A5U2P3E2G,15,0
8X9A5U2P3E2G,16,0
8X9A5U2P3E2G,17,0
8X9A5U2P3E2G,18,0
8X9A5U2P3E2G,19,0
8X9A5U2P3E2G,20,0
8X9A5U2P3E2G,21,0
8X9A5U2P3E2G,22,0
5T6879K3KGPG,1,0
5T6879K3KGPG,2,0
5T6879K3KGPG,3,0
5T6879K3KGPG,4,0
5T6879K3KGPG,5,0
5T6879K3KGPG,6,0
5T6879K3KGPG,7,0
5T6879K3KGPG,8,0
5T6879K3KGPG,9,0
5T6879K3KGPG,10,0
5T6879K3KGPG,11,0
5T6879K3KGPG,12,0
5T6879K3KGPG,13,0
5T6879K3KGPG,14,0
5T6879K3KGPG,15,0
5T6879K3KGPG,16,0
5T6879K3KGPG,17,0
5T6879K3KGPG,18,0
5T6879K3KGPG,19,0
1PI46HEYI9A3,1,0
1PI46HEYI9A3,2,0
1PI46HEYI9A3,3,0
1PI46HEYI9A3,4,0
1PI46HEYI9A3,5,0
1PI46HEYI9A3,6,0
1PI46HEYI9A3,7,0
1PI46HEYI9A3,8,0
1PI46HEYI9A3,9,0
1PI46HEYI9A3,10,0
1PI46HEYI9A3,11,0
1PI46HEYI9A3,12,0
1PI46HEYI9A3,13,0
1PI46HEYI9A3,14,0
W64MT0G7I0TC,1,0
W64MT0G7I0TC,2,0
W64MT0G7I0TC,3,0
W64MT0G7I0TC,4,0
W64MT0G7I0TC,5,0
W64MT0G7I0TC,6,0
W64MT0G7I0TC,7,0
W64MT0G7I0TC,8,0
W64MT0G7I0TC,9,0
W64MT0G7I0TC,10,0
W64MT0G7I0TC,11,0
W64MT0G7I0TC,12,0
W64MT0G7I0TC,13,0
W64MT0G7I0TC,14,0
7QF1G7J6R0W8,1,0
7QF1G7J6R0W8,2,0
7QF1G7J6R0W8,3,0
7QF1G7J6R0W8,4,0
7QF1G7J6R0W8,5,0
7QF1G7J6R0W8,6,0
7QF1G7J6R0W8,7,0
7QF1G7J6R0W8,8,0
7QF1G7J6R0W8,9,0
7QF1G7J6R0W8,10,0
7QF1G7J6R0W8,11,0
7QF1G7J6R0W8,12,0
7QF1G7J6R0W8,13,0
7QF1G7J6R0W8,14,0
0I3IHVW5Y0AK,1,0
0I3IHVW5Y0AK,2,0
D4TQJWX4IISC,1,0
D4TQJWX4IISC,2,0
D4TQJWX4IISC,3,0
D4TQJWX4IISC,4,0
D4TQJWX4IISC,5,0
D4TQJWX4IISC,6,0
D4TQJWX4IISC,7,0
D4TQJWX4IISC,8,0
D4TQJWX4IISC,9,0
D4TQJWX4IISC,10,0
D4TQJWX4IISC,11,0
D4TQJWX4IISC,12,0
D4TQJWX4IISC,13,0
D4TQJWX4IISC,14,0
D4TQJWX4IISC,15,0
D4TQJWX4IISC,16,0
D4TQJWX4IISC,17,0
D4TQJWX4IISC,18,0
D4TQJWX4IISC,19,0
D4TQJWX4IISC,20,0
D4TQJWX4IISC,21,0
D4TQJWX4IISC,22,0
D4TQJWX4IISC,23,0
O7UDO40WJ7ZB,1,0
O7UDO40WJ7ZB,2,0
O7UDO40WJ7ZB,3,0
O7UDO40WJ7ZB,4,0
O7UDO40WJ7ZB,5,0
O7UDO40WJ7ZB,6,0
O7UDO40WJ7ZB,7,0
O7UDO40WJ7ZB,8,0
O7UDO40WJ7ZB,9,0
O7UDO40WJ7ZB,10,0
O7UDO40WJ7ZB,11,0
O7UDO40WJ7ZB,12,0
O7UDO40WJ7ZB,13,0
HIUPSSZELQXU,1,0
HIUPSSZELQXU,2,0
TMVRJSVHL2BC,1,0
TMVRJSVHL2BC,2,0
TMVRJSVHL2BC,3,0
TMVRJSVHL2BC,4,0
TMVRJSVHL2BC,5,0
TMVRJSVHL2BC,6,0
TMVRJSVHL2BC,7,0
TMVRJSVHL2BC,8,0
TMVRJSVHL2BC,9,0
TMVRJSVHL2BC,10,0
TMVRJSVHL2BC,11,0
TMVRJSVHL2BC,12,0
TMVRJSVHL2BC,13,0
4BKYGJYJZHZS,1,0
4BKYGJYJZHZS,2,0
4BKYGJYJZHZS,3,0
4BKYGJYJZHZS,4,0
4BKYGJYJZHZS,5,0
4BKYGJYJZHZS,6,0
4BKYGJYJZHZS,7,0
4BKYGJYJZHZS,8,0
4BKYGJYJZHZS,9,0
4BKYGJYJZHZS,10,0
4BKYGJYJZHZS,11,0
4BKYGJYJZHZS,12,0
4BKYGJYJZHZS,13,0
89QN62CISX09,1,0
89QN62CISX09,2,0
1VNDVXAQ8IDM,1,0
1VNDVXAQ8IDM,2,0
2513OV4U320D,1,0
2513OV4U320D,2,0
KC2FKV56ZL5P,1,0
KC2FKV56ZL5P,2,0
KC2FKV56ZL5P,3,0
KC2FKV56ZL5P,4,0
KC2FKV56ZL5P,5,0
KC2FKV56ZL5P,6,0
KC2FKV56ZL5P,7,0
KC2FKV56ZL5P,8,0
KC2FKV56ZL5P,9,0
KC2FKV56ZL5P,10,0
KC2FKV56ZL5P,11,0
KC2FKV56ZL5P,12,0
KC2FKV56ZL5P,13,0
KC2FKV56ZL5P,14,0
VI3529XKR4LC,1,0
VI3529XKR4LC,2,0
VI3529XKR4LC,3,0
VI3529XKR4LC,4,0
VI3529XKR4LC,5,0
VI3529XKR4LC,6,0
VI3529XKR4LC,7,0
VI3529XKR4LC,8,0
VI3529XKR4LC,9,0
VI3529XKR4LC,10,0
TZCXEG8VEBHD,1,0
TZCXEG8VEBHD,2,0
TZCXEG8VEBHD,3,0
TZCXEG8VEBHD,4,0
TZCXEG8VEBHD,5,0
TZCXEG8VEBHD,6,0
TZCXEG8VEBHD,7,0
TZCXEG8VEBHD,8,0
TZCXEG8VEBHD,9,0
TZCXEG8VEBHD,10,0
TZCXEG8VEBHD,11,0
4IIUZ7N0SFT0,1,0
4IIUZ7N0SFT0,2,0
4IIUZ7N0SFT0,3,0
4IIUZ7N0SFT0,4,0
4IIUZ7N0SFT0,5,0
4IIUZ7N0SFT0,6,0
7CG9MYZ4J2EP,1,0
7CG9MYZ4J2EP,2,0
7CG9MYZ4J2EP,3,0
7CG9MYZ4J2EP,4,0
344T6A1YXLU7,1,0
344T6A1YXLU7,2,0
344T6A1YXLU7,3,0
344T6A1YXLU7,4,0
344T6A1YXLU7,5,0
344T6A1YXLU7,6,0
344T6A1YXLU7,7,0
344T6A1YXLU7,8,0
344T6A1YXLU7,9,0
344T6A1YXLU7,10,0
344T6A1YXLU7,11,0
344T6A1YXLU7,12,0
344T6A1YXLU7,13,0
344T6A1YXLU7,14,0
344T6A1YXLU7,15,0
344T6A1YXLU7,16,0
344T6A1YXLU7,17,0
344T6A1YXLU7,18,0
HZG52C69YSFQ,1,0
HZG52C69YSFQ,2,0
DXP0OR5TWJBI,1,0
DXP0OR5TWJBI,2,0
DXP0OR5TWJBI,3,0
6MGEUYPYNMA4,1,0
6MGEUYPYNMA4,2,0
6MGEUYPYNMA4,3,0
6MGEUYPYNMA4,4,0
6MGEUYPYNMA4,5,0
6MGEUYPYNMA4,6,0
6MGEUYPYNMA4,7,0
6MGEUYPYNMA4,8,0
6MGEUYPYNMA4,9,0
6MGEUYPYNMA4,10,0
6MGEUYPYNMA4,11,0
6MGEUYPYNMA4,12,0
6MGEUYPYNMA4,13,0
6MGEUYPYNMA4,14,0
6MGEUYPYNMA4,15,0
6MGEUYPYNMA4,16,0
6MGEUYPYNMA4,17,0
6MGEUYPYNMA4,18,0
6MGEUYPYNMA4,19,0
6MGEUYPYNMA4,20,0
6MGEUYPYNMA4,21,0
6MGEUYPYNMA4,22,0
GP9PF924H1YL,1,0
GP9PF924H1YL,2,0
GP9PF924H1YL,3,0
GP9PF924H1YL,4,0
GP9PF924H1YL,5,0
GP9PF924H1YL,6,0
GP9PF924H1YL,7,0
GP9PF924H1YL,8,0
GP9PF924H1YL,9,0
GP9PF924H1YL,10,0
GP9PF924H1YL,11,0
GP9PF924H1YL,12,0
GP9PF924H1YL,13,0
GP9PF924H1YL,14,0
GP9PF924H1YL,15,0
GP9PF924H1YL,16,0
GP9PF924H1YL,17,0
GP9PF924H1YL,18,0
GP9PF924H1YL,19,0
GP9PF924H1YL,20,0
5MWEZ3REBQ4U,1,0
5MWEZ3REBQ4U,2,0
3RZB2I729LV7,1,0
3RZB2I729LV7,2,0
3RZB2I729LV7,3,0
3RZB2I729LV7,4,0
3RZB2I729LV7,5,0
3RZB2I729LV7,6,0
3RZB2I729LV7,7,0
3RZB2I729LV7,8,0
3RZB2I729LV7,9,0
3RZB2I729LV7,10,0
Y1KA2CPKJZOG,1,0
Y1KA2CPKJZOG,2,0
Y1KA2CPKJZOG,3,0
Y1KA2CPKJZOG,4,0
Y1KA2CPKJZOG,5,0
Y1KA2CPKJZOG,6,0
Y1KA2CPKJZOG,7,0
Y1KA2CPKJZOG,8,0
Y1KA2CPKJZOG,9,0
Y1KA2CPKJZOG,10,0
Y1KA2CPKJZOG,11,0
Y1KA2CPKJZOG,12,0
Y1KA2CPKJZOG,13,0
Y1KA2CPKJZOG,14,0
Y1KA2CPKJZOG,15,0
Y1KA2CPKJZOG,16,0
Y1KA2CPKJZOG,17,0
Y1KA2CPKJZOG,18,0
Y1KA2CPKJZOG,19,0
Y1KA2CPKJZOG,20,0
Y1KA2CPKJZOG,21,0
Y1KA2CPKJZOG,22,0
4YC7G5XTGNED,1,0
4YC7G5XTGNED,2,0
4YC7G5XTGNED,3,0
4YC7G5XTGNED,4,0
4YC7G5XTGNED,5,0
4YC7G5XTGNED,6,0
4YC7G5XTGNED,7,0
4YC7G5XTGNED,8,0
U2XH1SAO0QI1,1,0
U2XH1SAO0QI1,2,0
U2XH1SAO0QI1,3,0
U2XH1SAO0QI1,4,0
U2XH1SAO0QI1,5,0
U2XH1SAO0QI1,6,0
U2XH1SAO0QI1,7,0
U2XH1SAO0QI1,8,0
U2XH1SAO0QI1,9,0
2UZ2Z22D5PFT,1,0
2UZ2Z22D5PFT,2,0
VGIPLTD9E6ZB,1,0
VGIPLTD9E6ZB,2,0
QDW1ZYHT8USE,1,0
QDW1ZYHT8USE,2,0
1BA9KU84MLGS,1,0
1BA9KU84MLGS,2,0
1BA9KU84MLGS,3,0
1BA9KU84MLGS,4,0
1BA9KU84MLGS,5,0
1BA9KU84MLGS,6,0
1BA9KU84MLGS,7,0
1BA9KU84MLGS,8,0
1BA9KU84MLGS,9,0
1BA9KU84MLGS,10,0
1BA9KU84MLGS,11,0
1BA9KU84MLGS,12,0
1BA9KU84MLGS,13,0
1BA9KU84MLGS,14,0
1BA9KU84MLGS,15,0
1BA9KU84MLGS,16,0
1BA9KU84MLGS,17,0
1BA9KU84MLGS,18,0
1BA9KU84MLGS,19,0
1BA9KU84MLGS,20,0
1BA9KU84MLGS,21,0
1BA9KU84MLGS,22,0
1BA9KU84MLGS,23,0
1BA9KU84MLGS,24,0
1BA9KU84MLGS,25,0
PL88TXSAFT3Z,1,0
PL88TXSAFT3Z,2,0
PL88TXSAFT3Z,3,0
PL88TXSAFT3Z,4,0
PL88TXSAFT3Z,5,0
PL88TXSAFT3Z,6,0
PL88TXSAFT3Z,7,0
PL88TXSAFT3Z,8,0
PL88TXSAFT3Z,9,0
PL88TXSAFT3Z,10,0
PL88TXSAFT3Z,11,0
PL88TXSAFT3Z,12,0
PL88TXSAFT3Z,13,0
PL88TXSAFT3Z,14,0
PL88TXSAFT3Z,15,0
PL88TXSAFT3Z,16,0
PL88TXSAFT3Z,17,0
PL88TXSAFT3Z,18,0
PL88TXSAFT3Z,19,0
PL88TXSAFT3Z,20,0
PL88TXSAFT3Z,21,0
94S77B3VVWCX,1,0
94S77B3VVWCX,2,0
94S77B3VVWCX,3,0
94S77B3VVWCX,4,0
94S77B3VVWCX,5,0
94S77B3VVWCX,6,0
94S77B3VVWCX,7,0
94S77B3VVWCX,8,0
94S77B3VVWCX,9,0
94S77B3VVWCX,10,0
94S77B3VVWCX,11,0
94S77B3VVWCX,12,0
94S77B3VVWCX,13,0
ANM17AM1MQ8Z,1,0
ANM17AM1MQ8Z,2,0
ANM17AM1MQ8Z,3,0
ANM17AM1MQ8Z,4,0
ANM17AM1MQ8Z,5,0
IGKJRB824JTE,1,0
IGKJRB824JTE,2,0
IGKJRB824JTE,3,0
IGKJRB824JTE,4,0
IGKJRB824JTE,5,0
IGKJRB824JTE,6,0
IGKJRB824JTE,7,0
IGKJRB824JTE,8,0
IGKJRB824JTE,9,0
IGKJRB824JTE,10,0
IGKJRB824JTE,11,0
IGKJRB824JTE,12,0
IGKJRB824JTE,13,0
IGKJRB824JTE,14,0
IGKJRB824JTE,15,0
IGKJRB824JTE,16,0
IGKJRB824JTE,17,0
IGKJRB824JTE,18,0
IGKJRB824JTE,19,0
IGKJRB824JTE,20,0
IGKJRB824JTE,21,0
EJ4LMILUSI59,1,0
EJ4LMILUSI59,2,0
EJ4LMILUSI59,3,0
EJ4LMILUSI59,4,0
EJ4LMILUSI59,5,0
EJ4LMILUSI59,6,0
EJ4LMILUSI59,7,0
EJ4LMILUSI59,8,0
4TYEIN37PA9T,1,0
4TYEIN37PA9T,2,0
4TYEIN37PA9T,3,0
2VRGVHVRP54F,1,0
2VRGVHVRP54F,2,0
2VRGVHVRP54F,3,0
2VRGVHVRP54F,4,0
2VRGVHVRP54F,5,0
2VRGVHVRP54F,6,0
2VRGVHVRP54F,7,0
MRCQRP247VKN,1,0
MRCQRP247VKN,2,0
F33JCKOGFAR4,1,0
F33JCKOGFAR4,2,0
SX34MF585IZF,1,0
SX34MF585IZF,2,0
SX34MF585IZF,3,0
SX34MF585IZF,4,0
SX34MF585IZF,5,0
SX34MF585IZF,6,0
SX34MF585IZF,7,0
SX34MF585IZF,8,0
SX34MF585IZF,9,0
SX34MF585IZF,10,0
SX34MF585IZF,11,0
SX34MF585IZF,12,0
SX34MF585IZF,13,0
TPCV6EZ0AKU4,1,0
TPCV6EZ0AKU4,2,0
NKWAOQ54EDJP,1,0
NKWAOQ54EDJP,2,0
NKWAOQ54EDJP,3,0
NKWAOQ54EDJP,4,0
NKWAOQ54EDJP,5,0
NKWAOQ54EDJP,6,0
NKWAOQ54EDJP,7,0
NKWAOQ54EDJP,8,0
NKWAOQ54EDJP,9,0
NKWAOQ54EDJP,10,0
NKWAOQ54EDJP,11,0
NKWAOQ54EDJP,12,0
NKWAOQ54EDJP,13,0
NKWAOQ54EDJP,14,0
EUPWDFLNH3Y3,1,0
EUPWDFLNH3Y3,2,0
EUPWDFLNH3Y3,3,0
EUPWDFLNH3Y3,4,0
EUPWDFLNH3Y3,5,0
EUPWDFLNH3Y3,6,0
EUPWDFLNH3Y3,7,0
EUPWDFLNH3Y3,8,0
EUPWDFLNH3Y3,9,0
EUPWDFLNH3Y3,10,0
EUPWDFLNH3Y3,11,0
EUPWDFLNH3Y3,12,0
EUPWDFLNH3Y3,13,0
EUPWDFLNH3Y3,14,0
EUPWDFLNH3Y3,15,0
KHY0D7VOS9WY,1,0
KHY0D7VOS9WY,2,0
KHY0D7VOS9WY,3,0
KHY0D7VOS9WY,4,0
KHY0D7VOS9WY,5,0
KHY0D7VOS9WY,6,0
KHY0D7VOS9WY,7,0
KHY0D7VOS9WY,8,0
KHY0D7VOS9WY,9,0
KHY0D7VOS9WY,10,0
KHY0D7VOS9WY,11,0
KHY0D7VOS9WY,12,0
KHY0D7VOS9WY,13,0
KHY0D7VOS9WY,14,0
KHY0D7VOS9WY,15,0
QY5UP6DH5GM5,1,0
QY5UP6DH5GM5,2,0
QY5UP6DH5GM5,3,0
QY5UP6DH5GM5,4,0
QY5UP6DH5GM5,5,0
QY5UP6DH5GM5,6,0
QY5UP6DH5GM5,7,0
QY5UP6DH5GM5,8,0
M9Y98S2DSF2Y,1,0
M9Y98S2DSF2Y,2,0
Y58Y82MCNCG2,1,0
Y58Y82MCNCG2,2,0
Y4TAD25FML6Z,1,0
Y4TAD25FML6Z,2,0
Y4TAD25FML6Z,3,0
Y4TAD25FML6Z,4,0
Y4TAD25FML6Z,5,0
Y4TAD25FML6Z,6,0
Y4TAD25FML6Z,7,0
Y4TAD25FML6Z,8,0
Y4TAD25FML6Z,9,0
Y4TAD25FML6Z,10,0
Y4TAD25FML6Z,11,0
2X5XLN47NQFA,1,0
2X5XLN47NQFA,2,0
2X5XLN47NQFA,3,0
2X5XLN47NQFA,4,0
2X5XLN47NQFA,5,0
2X5XLN47NQFA,6,0
2X5XLN47NQFA,7,0
2X5XLN47NQFA,8,0
2X5XLN47NQFA,9,0
2X5XLN47NQFA,10,0
2X5XLN47NQFA,11,0
2X5XLN47NQFA,12,0
2X5XLN47NQFA,13,0
ND9ZCC0SKKQ1,1,0
ND9ZCC0SKKQ1,2,0
B39NDIVK2Z30,1,0
B39NDIVK2Z30,2,0
B39NDIVK2Z30,3,0
B39NDIVK2Z30,4,0
B39NDIVK2Z30,5,0
B39NDIVK2Z30,6,0
B39NDIVK2Z30,7,0
B39NDIVK2Z30,8,0
B39NDIVK2Z30,9,0
B39NDIVK2Z30,10,0
B39NDIVK2Z30,11,0
B39NDIVK2Z30,12,0
B39NDIVK2Z30,13,0
B39NDIVK2Z30,14,0
B39NDIVK2Z30,15,0
1WHCF734J714,1,0
1WHCF734J714,2,0
HQPDNI8H0W60,1,0
HQPDNI8H0W60,2,0
HQPDNI8H0W60,3,0
HQPDNI8H0W60,4,0
HQPDNI8H0W60,5,0
HQPDNI8H0W60,6,0
HQPDNI8H0W60,7,0
HQPDNI8H0W60,8,0
HQPDNI8H0W60,9,0
HQPDNI8H0W60,10,0
HQPDNI8H0W60,11,0
HQPDNI8H0W60,12,0
HQPDNI8H0W60,13,0
HQPDNI8H0W60,14,0
XNZ3QQRI7J4T,1,0
XNZ3QQRI7J4T,2,0
XNZ3QQRI7J4T,3,0
XNZ3QQRI7J4T,4,0
XNZ3QQRI7J4T,5,0
XNZ3QQRI7J4T,6,0
XNZ3QQRI7J4T,7,0
XNZ3QQRI7J4T,8,0
XNZ3QQRI7J4T,9,0
XNZ3QQRI7J4T,10,0
XNZ3QQRI7J4T,11,0
XNZ3QQRI7J4T,12,0
XNZ3QQRI7J4T,13,0
XNZ3QQRI7J4T,14,0
XNZ3QQRI7J4T,15,0
XNZ3QQRI7J4T,16,0
XNZ3QQRI7J4T,17,0
XNZ3QQRI7J4T,18,0
XNZ3QQRI7J4T,19,0
XNZ3QQRI7J4T,20,0
Q6WH7AVGHT0U,1,0
Q6WH7AVGHT0U,2,0
UA5Y8M5QC52T,1,0
UA5Y8M5QC52T,2,0
HKJ5U5K97T1X,1,0
HKJ5U5K97T1X,2,0
HKJ5U5K97T1X,3,0
HKJ5U5K97T1X,4,0
HKJ5U5K97T1X,5,0
HKJ5U5K97T1X,6,0
HKJ5U5K97T1X,7,0
TIW4X3YUH84C,1,0
TIW4X3YUH84C,2,0
TIW4X3YUH84C,3,0
TIW4X3YUH84C,4,0
TIW4X3YUH84C,5,0
V9UTAA0X8PCB,1,0
V9UTAA0X8PCB,2,0
DTF9K4EQPNRI,1,0
DTF9K4EQPNRI,2,0
DTF9K4EQPNRI,3,0
DTF9K4EQPNRI,4,0
DTF9K4EQPNRI,5,0
DTF9K4EQPNRI,6,0
DTF9K4EQPNRI,7,0
DTF9K4EQPNRI,8,0
DTF9K4EQPNRI,9,0
DTF9K4EQPNRI,10,0
DTF9K4EQPNRI,11,0
DTF9K4EQPNRI,12,0
DTF9K4EQPNRI,13,0
DTF9K4EQPNRI,14,0
DTF9K4EQPNRI,15,0
DTF9K4EQPNRI,16,0
DTF9K4EQPNRI,17,0
DTF9K4EQPNRI,18,0
5JZRBJ88U9W1,1,0
5JZRBJ88U9W1,2,0
5JZRBJ88U9W1,3,0
5JZRBJ88U9W1,4,0
5JZRBJ88U9W1,5,0
5JZRBJ88U9W1,6,0
5JZRBJ88U9W1,7,0
5JZRBJ88U9W1,8,0
5JZRBJ88U9W1,9,0
5JZRBJ88U9W1,10,0
5JZRBJ88U9W1,11,0
5JZRBJ88U9W1,12,0
5JZRBJ88U9W1,13,0
5JZRBJ88U9W1,14,0
5JZRBJ88U9W1,15,0
4H0EM90OXTEQ,1,0
4H0EM90OXTEQ,2,0
4H0EM90OXTEQ,3,0
4H0EM90OXTEQ,4,0
4H0EM90OXTEQ,5,0
4H0EM90OXTEQ,6,0
4H0EM90OXTEQ,7,0
4H0EM90OXTEQ,8,0
4H0EM90OXTEQ,9,0
JCLXWZO142CX,1,0
JCLXWZO142CX,2,0
TQP79HKBGMZS,1,0
TQP79HKBGMZS,2,0
TQP79HKBGMZS,3,0
GA4M2IBQT5AO,1,0
GA4M2IBQT5AO,2,0
8FZS2KIHNXBG,1,0
8FZS2KIHNXBG,2,0
GR7RPCYLLT2O,1,0
GR7RPCYLLT2O,2,0
GR7RPCYLLT2O,3,0
GR7RPCYLLT2O,4,0
GR7RPCYLLT2O,5,0
GR7RPCYLLT2O,6,0
WJEKPAEGS38I,1,0
WJEKPAEGS38I,2,0
WJEKPAEGS38I,3,0
WJEKPAEGS38I,4,0
WJEKPAEGS38I,5,0
WJEKPAEGS38I,6,0
WJEKPAEGS38I,7,0
WJEKPAEGS38I,8,0
WJEKPAEGS38I,9,0
WJEKPAEGS38I,10,0
WJEKPAEGS38I,11,0
WJEKPAEGS38I,12,0
WJEKPAEGS38I,13,0
WJEKPAEGS38I,14,0
WJEKPAEGS38I,15,0
JJV0SSDRM4D6,1,0
JJV0SSDRM4D6,2,0
JJV0SSDRM4D6,3,0
JJV0SSDRM4D6,4,0
JJV0SSDRM4D6,5,0
JJV0SSDRM4D6,6,0
JJV0SSDRM4D6,7,0
JJV0SSDRM4D6,8,0
JJV0SSDRM4D6,9,0
JJV0SSDRM4D6,10,0
H2QIXXYHRW8L,1,0
H2QIXXYHRW8L,2,0
ZSNYKB1CTVQM,1,0
ZSNYKB1CTVQM,2,0
SXNXYT9E2IAC,1,0
SXNXYT9E2IAC,2,0
SXNXYT9E2IAC,3,0
SXNXYT9E2IAC,4,0
SXNXYT9E2IAC,5,0
SXNXYT9E2IAC,6,0
SXNXYT9E2IAC,7,0
SXNXYT9E2IAC,8,0
SXNXYT9E2IAC,9,0
SXNXYT9E2IAC,10,0
SXNXYT9E2IAC,11,0
SXNXYT9E2IAC,12,0
SXNXYT9E2IAC,13,0
SXNXYT9E2IAC,14,0
SXNXYT9E2IAC,15,0
SXNXYT9E2IAC,16,0
SXNXYT9E2IAC,17,0
SXNXYT9E2IAC,18,0
SXNXYT9E2IAC,19,0
SXNXYT9E2IAC,20,0
SXNXYT9E2IAC,21,0
SXNXYT9E2IAC,22,0
SXNXYT9E2IAC,23,0
SXNXYT9E2IAC,24,0
THI6QHI471AU,1,0
THI6QHI471AU,2,0
THI6QHI471AU,3,0
THI6QHI471AU,4,0
THI6QHI471AU,5,0
THI6QHI471AU,6,0
THI6QHI471AU,7,0
THI6QHI471AU,8,0
THI6QHI471AU,9,0
GUFDMM6ML0S8,1,0
GUFDMM6ML0S8,2,0
GUFDMM6ML0S8,3,0
GUFDMM6ML0S8,4,0
KN4GG28GT0UP,1,0
KN4GG28GT0UP,2,0
KN4GG28GT0UP,3,0
KN4GG28GT0UP,4,0
KN4GG28GT0UP,5,0
2VTQBIWDYIML,1,0
2VTQBIWDYIML,2,0
2VTQBIWDYIML,3,0
2VTQBIWDYIML,4,0
2VTQBIWDYIML,5,0
2VTQBIWDYIML,6,0
2VTQBIWDYIML,7,0
2VTQBIWDYIML,8,0
2VTQBIWDYIML,9,0
2VTQBIWDYIML,10,0
2VTQBIWDYIML,11,0
YU9T4WLBK1M0,1,0
YU9T4WLBK1M0,2,0
4MF1PCZL4MD7,1,0
4MF1PCZL4MD7,2,0
4MF1PCZL4MD7,3,0
4MF1PCZL4MD7,4,0
4MF1PCZL4MD7,5,0
4MF1PCZL4MD7,6,0
4MF1PCZL4MD7,7,0
4MF1PCZL4MD7,8,0
4MF1PCZL4MD7,9,0
4MF1PCZL4MD7,10,0
4MF1PCZL4MD7,11,0
4MF1PCZL4MD7,12,0
4MF1PCZL4MD7,13,0
4MF1PCZL4MD7,14,0
4MF1PCZL4MD7,15,0
4MF1PCZL4MD7,16,0
4MF1PCZL4MD7,17,0
4MF1PCZL4MD7,18,0
4MF1PCZL4MD7,19,0
4MF1PCZL4MD7,20,0
TZHW2HB79UES,1,0
TZHW2HB79UES,2,0
TZHW2HB79UES,3,0
TZHW2HB79UES,4,0
T5QU0KTC401R,1,0
T5QU0KTC401R,2,0
0DT9ZIS4RTWL,1,0
0DT9ZIS4RTWL,2,0
CTH5PUX8NS7W,1,0
CTH5PUX8NS7W,2,0
CTH5PUX8NS7W,3,0
CTH5PUX8NS7W,4,0
CTH5PUX8NS7W,5,0
CTH5PUX8NS7W,6,0
CTH5PUX8NS7W,7,0
CTH5PUX8NS7W,8,0
CTH5PUX8NS7W,9,0
CTH5PUX8NS7W,10,0
CTH5PUX8NS7W,11,0
CTH5PUX8NS7W,12,0
CTH5PUX8NS7W,13,0
CTH5PUX8NS7W,14,0
CTH5PUX8NS7W,15,0
CTH5PUX8NS7W,16,0
CTH5PUX8NS7W,17,0
CTH5PUX8NS7W,18,0
BE3F958J02HS,1,0
BE3F958J02HS,2,0
BE3F958J02HS,3,0
BE3F958J02HS,4,0
BE3F958J02HS,5,0
BE3F958J02HS,6,0
BE3F958J02HS,7,0
BE3F958J02HS,8,0
BE3F958J02HS,9,0
BE3F958J02HS,10,0
BE3F958J02HS,11,0
BE3F958J02HS,12,0
BE3F958J02HS,13,0
BE3F958J02HS,14,0
3UAFWD04GGYG,1,0
3UAFWD04GGYG,2,0
ZPXMAOTU7ZJW,1,0
ZPXMAOTU7ZJW,2,0
ZPXMAOTU7ZJW,3,0
ZPXMAOTU7ZJW,4,0
ZPXMAOTU7ZJW,5,0
ZPXMAOTU7ZJW,6,0
ZPXMAOTU7ZJW,7,0
ZPXMAOTU7ZJW,8,0
ZPXMAOTU7ZJW,9,0
ZPXMAOTU7ZJW,10,0
ZPXMAOTU7ZJW,11,0
ZPXMAOTU7ZJW,12,0
ZPXMAOTU7ZJW,13,0
ZPXMAOTU7ZJW,14,0
ZPXMAOTU7ZJW,15,0
ZPXMAOTU7ZJW,16,0
ZPXMAOTU7ZJW,17,0
ZPXMAOTU7ZJW,18,0
ZPXMAOTU7ZJW,19,0
ZPXMAOTU7ZJW,20,0
ZPXMAOTU7ZJW,21,0
ZPXMAOTU7ZJW,22,0
ZPXMAOTU7ZJW,23,0
ZPXMAOTU7ZJW,24,0
SPDNJUW5BJ8O,1,0
SPDNJUW5BJ8O,2,0
SPDNJUW5BJ8O,3,0
SPDNJUW5BJ8O,4,0
SPDNJUW5BJ8O,5,0
SPDNJUW5BJ8O,6,0
SPDNJUW5BJ8O,7,0
SPDNJUW5BJ8O,8,0
SPDNJUW5BJ8O,9,0
SPDNJUW5BJ8O,10,0
SPDNJUW5BJ8O,11,0
SPDNJUW5BJ8O,12,0
SPDNJUW5BJ8O,13,0
SPDNJUW5BJ8O,14,0
SPDNJUW5BJ8O,15,0
SPDNJUW5BJ8O,16,0
SPDNJUW5BJ8O,17,0
SPDNJUW5BJ8O,18,0
SPDNJUW5BJ8O,19,0
SPDNJUW5BJ8O,20,0
SPDNJUW5BJ8O,21,0
SPDNJUW5BJ8O,22,0
PXPOB2GPD06I,1,0
PXPOB2GPD06I,2,0
PXPOB2GPD06I,3,0
PXPOB2GPD06I,4,0
PXPOB2GPD06I,5,0
PXPOB2GPD06I,6,0
PXPOB2GPD06I,7,0
PXPOB2GPD06I,8,0
PXPOB2GPD06I,9,0
PXPOB2GPD06I,10,0
PXPOB2GPD06I,11,0
PXPOB2GPD06I,12,0
PXPOB2GPD06I,13,0
PXPOB2GPD06I,14,0
PXPOB2GPD06I,15,0
T4JWZX3ZNVDF,1,0
T4JWZX3ZNVDF,2,0
T4JWZX3ZNVDF,3,0
T4JWZX3ZNVDF,4,0
T4JWZX3ZNVDF,5,0
T4JWZX3ZNVDF,6,0
T4JWZX3ZNVDF,7,0
T4JWZX3ZNVDF,8,0
T4JWZX3ZNVDF,9,0
T4JWZX3ZNVDF,10,0
T4JWZX3ZNVDF,11,0
T4JWZX3ZNVDF,12,0
T4JWZX3ZNVDF,13,0
T4JWZX3ZNVDF,14,0
T4JWZX3ZNVDF,15,0
T4JWZX3ZNVDF,16,0
T4JWZX3ZNVDF,17,0
T4JWZX3ZNVDF,18,0
T4JWZX3ZNVDF,19,0
T4JWZX3ZNVDF,20,0
T4JWZX3ZNVDF,21,0
T4JWZX3ZNVDF,22,0
T4JWZX3ZNVDF,23,0
T4JWZX3ZNVDF,24,0
T4JWZX3ZNVDF,25,0
VFAGQZCEHFUQ,1,0
VFAGQZCEHFUQ,2,0
1M4EUILM3HV7,1,0
1M4EUILM3HV7,2,0
1M4EUILM3HV7,3,0
1M4EUILM3HV7,4,0
1M4EUILM3HV7,5,0
1M4EUILM3HV7,6,0
1M4EUILM3HV7,7,0
1M4EUILM3HV7,8,0
1M4EUILM3HV7,9,0
1M4EUILM3HV7,10,0
1M4EUILM3HV7,11,0
OJDG6BXCGDW9,1,0
OJDG6BXCGDW9,2,0
PQG82X4J4RS1,1,0
PQG82X4J4RS1,2,0
MCTUGLE394JE,1,0
MCTUGLE394JE,2,0
MCTUGLE394JE,3,0
MCTUGLE394JE,4,0
MCTUGLE394JE,5,0
JRT86R4XSUWX,1,0
JRT86R4XSUWX,2,0
JRT86R4XSUWX,3,0
JRT86R4XSUWX,4,0
JRT86R4XSUWX,5,0
JRT86R4XSUWX,6,0
JRT86R4XSUWX,7,0
JRT86R4XSUWX,8,0
JRT86R4XSUWX,9,0
JRT86R4XSUWX,10,0
JRT86R4XSUWX,11,0
JRT86R4XSUWX,12,0
JRT86R4XSUWX,13,0
MVYQN28IC343,1,0
MVYQN28IC343,2,0
MVYQN28IC343,3,0
MVYQN28IC343,4,0
MVYQN28IC343,5,0
MVYQN28IC343,6,0
MVYQN28IC343,7,0
Q2BDTIVOF5XB,1,0
Q2BDTIVOF5XB,2,0
A8JNEH4J2MAE,1,0
A8JNEH4J2MAE,2,0
NWDJ6VA3I5H9,1,0
NWDJ6VA3I5H9,2,0
UT8RECRREQ60,1,0
UT8RECRREQ60,2,0
UT8RECRREQ60,3,0
UT8RECRREQ60,4,0
UT8RECRREQ60,5,0
UT8RECRREQ60,6,0
UT8RECRREQ60,7,0
UT8RECRREQ60,8,0
UT8RECRREQ60,9,0
UT8RECRREQ60,10,0
UT8RECRREQ60,11,0
O0HBQK8OE8KU,1,0
O0HBQK8OE8KU,2,0
O0HBQK8OE8KU,3,0
O0HBQK8OE8KU,4,0
O0HBQK8OE8KU,5,0
O0HBQK8OE8KU,6,0
GBSZJZXV9EWB,1,0
GBSZJZXV9EWB,2,0
OA4DW7YC1MX2,1,0
OA4DW7YC1MX2,2,0
OA4DW7YC1MX2,3,0
OA4DW7YC1MX2,4,0
OA4DW7YC1MX2,5,0
QVN3A9YY693Q,1,0
QVN3A9YY693Q,2,0
1T0JWS76USCQ,1,0
1T0JWS76USCQ,2,0
1T0JWS76USCQ,3,0
1T0JWS76USCQ,4,0
1T0JWS76USCQ,5,0
1T0JWS76USCQ,6,0
1T0JWS76USCQ,7,0
1T0JWS76USCQ,8,0
1T0JWS76USCQ,9,0
1T0JWS76USCQ,10,0
1T0JWS76USCQ,11,0
1T0JWS76USCQ,12,0
1T0JWS76USCQ,13,0
1T0JWS76USCQ,14,0
1T0JWS76USCQ,15,0
1T0JWS76USCQ,16,0
1T0JWS76USCQ,17,0
1T0JWS76USCQ,18,0
1T0JWS76USCQ,19,0
1T0JWS76USCQ,20,0
1T0JWS76USCQ,21,0
1T0JWS76USCQ,22,0
1T0JWS76USCQ,23,0
1T0JWS76USCQ,24,0
3I6T7X4WDEYK,1,0
3I6T7X4WDEYK,2,0
3I6T7X4WDEYK,3,0
3I6T7X4WDEYK,4,0
3I6T7X4WDEYK,5,0
3I6T7X4WDEYK,6,0
3I6T7X4WDEYK,7,0
3I6T7X4WDEYK,8,0
3I6T7X4WDEYK,9,0
3I6T7X4WDEYK,10,0
3I6T7X4WDEYK,11,0
3I6T7X4WDEYK,12,0
3I6T7X4WDEYK,13,0
3I6T7X4WDEYK,14,0
3I6T7X4WDEYK,15,0
3I6T7X4WDEYK,16,0
3I6T7X4WDEYK,17,0
3I6T7X4WDEYK,18,0
3I6T7X4WDEYK,19,0
MIT3W9ZKVM2J,1,0
MIT3W9ZKVM2J,2,0
GOKASF83RBWU,1,0
GOKASF83RBWU,2,0
GOKASF83RBWU,3,0
GOKASF83RBWU,4,0
GOKASF83RBWU,5,0
GOKASF83RBWU,6,0
GOKASF83RBWU,7,0
GOKASF83RBWU,8,0
GOKASF83RBWU,9,0
GOKASF83RBWU,10,0
GOKASF83RBWU,11,0
GOKASF83RBWU,12,0
GOKASF83RBWU,13,0
GOKASF83RBWU,14,0
GOKASF83RBWU,15,0
GOKASF83RBWU,16,0
GOKASF83RBWU,17,0
GOKASF83RBWU,18,0
GOKASF83RBWU,19,0
GOKASF83RBWU,20,0
GOKASF83RBWU,21,0
T61FBMUOMMV6,1,0
T61FBMUOMMV6,2,0
OJDRM8MMI8JE,1,0
OJDRM8MMI8JE,2,0
PIRW1KCAQEWF,1,0
PIRW1KCAQEWF,2,0
PIRW1KCAQEWF,3,0
PIRW1KCAQEWF,4,0
PIRW1KCAQEWF,5,0
PIRW1KCAQEWF,6,0
TLJ9MU3GFI5C,1,0
TLJ9MU3GFI5C,2,0
TLJ9MU3GFI5C,3,0
TLJ9MU3GFI5C,4,0
TLJ9MU3GFI5C,5,0
TLJ9MU3GFI5C,6,0
TLJ9MU3GFI5C,7,0
TLJ9MU3GFI5C,8,0
TLJ9MU3GFI5C,9,0
TLJ9MU3GFI5C,10,0
TLJ9MU3GFI5C,11,0
TLJ9MU3GFI5C,12,0
TLJ9MU3GFI5C,13,0
TLJ9MU3GFI5C,14,0
TLJ9MU3GFI5C,15,0
TLJ9MU3GFI5C,16,0
TLJ9MU3GFI5C,17,0
TLJ9MU3GFI5C,18,0
AK3U89EMZR4P,1,0
AK3U89EMZR4P,2,0
AK3U89EMZR4P,3,0
AK3U89EMZR4P,4,0
AK3U89EMZR4P,5,0
AK3U89EMZR4P,6,0
AK3U89EMZR4P,7,0
AK3U89EMZR4P,8,0
AK3U89EMZR4P,9,0
AK3U89EMZR4P,10,0
AK3U89EMZR4P,11,0
AK3U89EMZR4P,12,0
UE368TJLK7Y9,1,0
UE368TJLK7Y9,2,0
UE368TJLK7Y9,3,0
UE368TJLK7Y9,4,0
UE368TJLK7Y9,5,0
UE368TJLK7Y9,6,0
UE368TJLK7Y9,7,0
UE368TJLK7Y9,8,0
UE368TJLK7Y9,9,0
UE368TJLK7Y9,10,0
UE368TJLK7Y9,11,0
UE368TJLK7Y9,12,0
UE368TJLK7Y9,13,0
UE368TJLK7Y9,14,0
UE368TJLK7Y9,15,0
UE368TJLK7Y9,16,0
UE368TJLK7Y9,17,0
UE368TJLK7Y9,18,0
UE368TJLK7Y9,19,0
UE368TJLK7Y9,20,0
UE368TJLK7Y9,21,0
UE368TJLK7Y9,22,0
UE368TJLK7Y9,23,0
UE368TJLK7Y9,24,0
UE368TJLK7Y9,25,0
PKJYKWMIQ67Z,1,0
PKJYKWMIQ67Z,2,0
PKJYKWMIQ67Z,3,0
4I5S1AA8G3JA,1,0
4I5S1AA8G3JA,2,0
4I5S1AA8G3JA,3,0
4I5S1AA8G3JA,4,0
4I5S1AA8G3JA,5,0
4I5S1AA8G3JA,6,0
4I5S1AA8G3JA,7,0
4I5S1AA8G3JA,8,0
4I5S1AA8G3JA,9,0
4I5S1AA8G3JA,10,0
4I5S1AA8G3JA,11,0
4I5S1AA8G3JA,12,0
4I5S1AA8G3JA,13,0
4I5S1AA8G3JA,14,0
2EOCXTWJAYSK,1,0
2EOCXTWJAYSK,2,0
2EOCXTWJAYSK,3,0
2EOCXTWJAYSK,4,0
2EOCXTWJAYSK,5,0
2EOCXTWJAYSK,6,0
2EOCXTWJAYSK,7,0
2EOCXTWJAYSK,8,0
2EOCXTWJAYSK,9,0
2EOCXTWJAYSK,10,0
2EOCXTWJAYSK,11,0
2EOCXTWJAYSK,12,0
2EOCXTWJAYSK,13,0
2EOCXTWJAYSK,14,0
2EOCXTWJAYSK,15,0
2EOCXTWJAYSK,16,0
2EOCXTWJAYSK,17,0
OT1OT7766T9C,1,0
OT1OT7766T9C,2,0
OT1OT7766T9C,3,0
OT1OT7766T9C,4,0
OT1OT7766T9C,5,0
OT1OT7766T9C,6,0
OT1OT7766T9C,7,0
OT1OT7766T9C,8,0
OT1OT7766T9C,9,0
OT1OT7766T9C,10,0
OT1OT7766T9C,11,0
OT1OT7766T9C,12,0
OT1OT7766T9C,13,0
OT1OT7766T9C,14,0
OT1OT7766T9C,15,0
OT1OT7766T9C,16,0
OT1OT7766T9C,17,0
OT1OT7766T9C,18,0
OT1OT7766T9C,19,0
OT1OT7766T9C,20,0
GH0GA9A3UMEL,1,0
GH0GA9A3UMEL,2,0
9KY2YTZGJTT1,1,0
9KY2YTZGJTT1,2,0
9KY2YTZGJTT1,3,0
9KY2YTZGJTT1,4,0
9KY2YTZGJTT1,5,0
9KY2YTZGJTT1,6,0
9KY2YTZGJTT1,7,0
9KY2YTZGJTT1,8,0
9KY2YTZGJTT1,9,0
9KY2YTZGJTT1,10,0
9KY2YTZGJTT1,11,0
9KY2YTZGJTT1,12,0
9KY2YTZGJTT1,13,0
KOYR9SP5ZAZW,1,0
KOYR9SP5ZAZW,2,0
KOYR9SP5ZAZW,3,0
KOYR9SP5ZAZW,4,0
KOYR9SP5ZAZW,5,0
KOYR9SP5ZAZW,6,0
KOYR9SP5ZAZW,7,0
KOYR9SP5ZAZW,8,0
KOYR9SP5ZAZW,9,0
KOYR9SP5ZAZW,10,0
KOYR9SP5ZAZW,11,0
KOYR9SP5ZAZW,12,0
KOYR9SP5ZAZW,13,0
KOYR9SP5ZAZW,14,0
KOYR9SP5ZAZW,15,0
KOYR9SP5ZAZW,16,0
KOYR9SP5ZAZW,17,0
KOYR9SP5ZAZW,18,0
2N1CZMDDS50M,1,0
2N1CZMDDS50M,2,0
2N1CZMDDS50M,3,0
2N1CZMDDS50M,4,0
2N1CZMDDS50M,5,0
2N1CZMDDS50M,6,0
2N1CZMDDS50M,7,0
2N1CZMDDS50M,8,0
2N1CZMDDS50M,9,0
2N1CZMDDS50M,10,0
2N1CZMDDS50M,11,0
2N1CZMDDS50M,12,0
2N1CZMDDS50M,13,0
2N1CZMDDS50M,14,0
2N1CZMDDS50M,15,0
2N1CZMDDS50M,16,0
2N1CZMDDS50M,17,0
2N1CZMDDS50M,18,0
2N1CZMDDS50M,19,0
2N1CZMDDS50M,20,0
2N1CZMDDS50M,21,0
2N1CZMDDS50M,22,0
2N1CZMDDS50M,23,0
2N1CZMDDS50M,24,0
5FZBFU78LIBQ,1,0
5FZBFU78LIBQ,2,0
AHG8RHZ6X07A,1,0
AHG8RHZ6X07A,2,0
AHG8RHZ6X07A,3,0
AHG8RHZ6X07A,4,0
AHG8RHZ6X07A,5,0
AHG8RHZ6X07A,6,0
AHG8RHZ6X07A,7,0
AHG8RHZ6X07A,8,0
AHG8RHZ6X07A,9,0
AHG8RHZ6X07A,10,0
AHG8RHZ6X07A,11,0
AHG8RHZ6X07A,12,0
AHG8RHZ6X07A,13,0
AHG8RHZ6X07A,14,0
AHG8RHZ6X07A,15,0
AHG8RHZ6X07A,16,0
AHG8RHZ6X07A,17,0
AHG8RHZ6X07A,18,0
AHG8RHZ6X07A,19,0
AHG8RHZ6X07A,20,0
TTHXAMNL3G7N,1,0
TTHXAMNL3G7N,2,0
TTHXAMNL3G7N,3,0
TTHXAMNL3G7N,4,0
NZJHDMAQ1KH5,1,0
NZJHDMAQ1KH5,2,0
NZJHDMAQ1KH5,3,0
NZJHDMAQ1KH5,4,0
NZJHDMAQ1KH5,5,0
NZJHDMAQ1KH5,6,0
NZJHDMAQ1KH5,7,0
NZJHDMAQ1KH5,8,0
NZJHDMAQ1KH5,9,0
NZJHDMAQ1KH5,10,0
NZJHDMAQ1KH5,11,0
NZJHDMAQ1KH5,12,0
NZJHDMAQ1KH5,13,0
NZJHDMAQ1KH5,14,0
NZJHDMAQ1KH5,15,0
NZJHDMAQ1KH5,16,0
NZJHDMAQ1KH5,17,0
NZJHDMAQ1KH5,18,0
NZJHDMAQ1KH5,19,0
NZJHDMAQ1KH5,20,0
NZJHDMAQ1KH5,21,0
NZJHDMAQ1KH5,22,0
NZJHDMAQ1KH5,23,0
NZJHDMAQ1KH5,24,0
NZJHDMAQ1KH5,25,0
0MEO0PDHIWFQ,1,0
0MEO0PDHIWFQ,2,0
0MEO0PDHIWFQ,3,0
0MEO0PDHIWFQ,4,0
0ZOIEU3C948S,1,0
0ZOIEU3C948S,2,0
0ZOIEU3C948S,3,0
0ZOIEU3C948S,4,0
0ZOIEU3C948S,5,0
0ZOIEU3C948S,6,0
0ZOIEU3C948S,7,0
0ZOIEU3C948S,8,0
0ZOIEU3C948S,9,0
0ZOIEU3C948S,10,0
0ZOIEU3C948S,11,0
0ZOIEU3C948S,12,0
0ZOIEU3C948S,13,0
0ZOIEU3C948S,14,0
0ZOIEU3C948S,15,0
0ZOIEU3C948S,16,0
0ZOIEU3C948S,17,0
0ZOIEU3C948S,18,0
0ZOIEU3C948S,19,0
0ZOIEU3C948S,20,0
0ZOIEU3C948S,21,0
85FCF52ID3B3,1,0
85FCF52ID3B3,2,0
85FCF52ID3B3,3,0
85FCF52ID3B3,4,0
85FCF52ID3B3,5,0
85FCF52ID3B3,6,0
85FCF52ID3B3,7,0
85FCF52ID3B3,8,0
85FCF52ID3B3,9,0
85FCF52ID3B3,10,0
85FCF52ID3B3,11,0
85FCF52ID3B3,12,0
85FCF52ID3B3,13,0
85FCF52ID3B3,14,0
85FCF52ID3B3,15,0
85FCF52ID3B3,16,0
85FCF52ID3B3,17,0
85FCF52ID3B3,18,0
85FCF52ID3B3,19,0
85FCF52ID3B3,20,0
85FCF52ID3B3,21,0
85FCF52ID3B3,22,0
85FCF52ID3B3,23,0
85FCF52ID3B3,24,0
85FCF52ID3B3,25,0
CDTJBNH6LG8T,1,0
CDTJBNH6LG8T,2,0
CDTJBNH6LG8T,3,0
CDTJBNH6LG8T,4,0
CDTJBNH6LG8T,5,0
CDTJBNH6LG8T,6,0
CDTJBNH6LG8T,7,0
CDTJBNH6LG8T,8,0
CDTJBNH6LG8T,9,0
CDTJBNH6LG8T,10,0
CDTJBNH6LG8T,11,0
CDTJBNH6LG8T,12,0
CDTJBNH6LG8T,13,0
CDTJBNH6LG8T,14,0
CDTJBNH6LG8T,15,0
CDTJBNH6LG8T,16,0
CDTJBNH6LG8T,17,0
CDTJBNH6LG8T,18,0
CDTJBNH6LG8T,19,0
EV0YP70WQD55,1,0
EV0YP70WQD55,2,0
EV0YP70WQD55,3,0
EV0YP70WQD55,4,0
EV0YP70WQD55,5,0
EV0YP70WQD55,6,0
EV0YP70WQD55,7,0
EV0YP70WQD55,8,0
EV0YP70WQD55,9,0
EV0YP70WQD55,10,0
EV0YP70WQD55,11,0
EV0YP70WQD55,12,0
EV0YP70WQD55,13,0
EV0YP70WQD55,14,0
EV0YP70WQD55,15,0
EV0YP70WQD55,16,0
EV0YP70WQD55,17,0
EV0YP70WQD55,18,0
EV0YP70WQD55,19,0
45GM78SE68MY,1,0
45GM78SE68MY,2,0
5VY1H1X9LGF7,1,0
5VY1H1X9LGF7,2,0
5VY1H1X9LGF7,3,0
5VY1H1X9LGF7,4,0
5VY1H1X9LGF7,5,0
5VY1H1X9LGF7,6,0
5VY1H1X9LGF7,7,0
5VY1H1X9LGF7,8,0
5VY1H1X9LGF7,9,0
5VY1H1X9LGF7,10,0
5VY1H1X9LGF7,11,0
5VY1H1X9LGF7,12,0
5VY1H1X9LGF7,13,0
NSJLD9CMNLGW,1,0
NSJLD9CMNLGW,2,0
NSJLD9CMNLGW,3,0
NSJLD9CMNLGW,4,0
NSJLD9CMNLGW,5,0
NSJLD9CMNLGW,6,0
NSJLD9CMNLGW,7,0
NSJLD9CMNLGW,8,0
NSJLD9CMNLGW,9,0
NSJLD9CMNLGW,10,0
NSJLD9CMNLGW,11,0
NSJLD9CMNLGW,12,0
NSJLD9CMNLGW,13,0
NSJLD9CMNLGW,14,0
NSJLD9CMNLGW,15,0
NSJLD9CMNLGW,16,0
NSJLD9CMNLGW,17,0
NSJLD9CMNLGW,18,0
TPF2BTUT3AQ6,1,0
TPF2BTUT3AQ6,2,0
TPF2BTUT3AQ6,3,0
TPF2BTUT3AQ6,4,0
TPF2BTUT3AQ6,5,0
TPF2BTUT3AQ6,6,0
YK54GTM6O10E,1,0
YK54GTM6O10E,2,0
YK54GTM6O10E,3,0
YK54GTM6O10E,4,0
YK54GTM6O10E,5,0
KS3ATHPB42SU,1,0
KS3ATHPB42SU,2,0
KS3ATHPB42SU,3,0
KS3ATHPB42SU,4,0
VUX6X4HYQ3SP,1,0
VUX6X4HYQ3SP,2,0
MBM19FAHCMQN,1,0
MBM19FAHCMQN,2,0
MBM19FAHCMQN,3,0
MBM19FAHCMQN,4,0
MBM19FAHCMQN,5,0
MBM19FAHCMQN,6,0
MBM19FAHCMQN,7,0
MBM19FAHCMQN,8,0
MBM19FAHCMQN,9,0
MBM19FAHCMQN,10,0
MBM19FAHCMQN,11,0
654BUI16IUUC,1,0
654BUI16IUUC,2,0
654BUI16IUUC,3,0
654BUI16IUUC,4,0
654BUI16IUUC,5,0
654BUI16IUUC,6,0
654BUI16IUUC,7,0
654BUI16IUUC,8,0
654BUI16IUUC,9,0
654BUI16IUUC,10,0
654BUI16IUUC,11,0
654BUI16IUUC,12,0
654BUI16IUUC,13,0
654BUI16IUUC,14,0
RR3SYD7MWPKD,1,0
RR3SYD7MWPKD,2,0
BKS3DSWMTR3R,1,0
BKS3DSWMTR3R,2,0
G85MN6AQWG92,1,0
G85MN6AQWG92,2,0
G85MN6AQWG92,3,0
G85MN6AQWG92,4,0
G85MN6AQWG92,5,0
G85MN6AQWG92,6,0
G85MN6AQWG92,7,0
G85MN6AQWG92,8,0
G85MN6AQWG92,9,0
G85MN6AQWG92,10,0
G85MN6AQWG92,11,0
G85MN6AQWG92,12,0
G85MN6AQWG92,13,0
AHW05UCRL47S,1,0
AHW05UCRL47S,2,0
AHW05UCRL47S,3,0
AHW05UCRL47S,4,0
AHW05UCRL47S,5,0
AHW05UCRL47S,6,0
AHW05UCRL47S,7,0
AHW05UCRL47S,8,0
AHW05UCRL47S,9,0
AHW05UCRL47S,10,0
AHW05UCRL47S,11,0
AHW05UCRL47S,12,0
AHW05UCRL47S,13,0
AHW05UCRL47S,14,0
AHW05UCRL47S,15,0
AHW05UCRL47S,16,0
AHW05UCRL47S,17,0
AHW05UCRL47S,18,0
AHW05UCRL47S,19,0
AHW05UCRL47S,20,0
AHW05UCRL47S,21,0
AHW05UCRL47S,22,0
AHW05UCRL47S,23,0
J1PXOC4NGAXX,1,0
J1PXOC4NGAXX,2,0
J1PXOC4NGAXX,3,0
K7DLO9T0HMVK,1,0
K7DLO9T0HMVK,2,0
K7DLO9T0HMVK,3,0
K7DLO9T0HMVK,4,0
K7DLO9T0HMVK,5,0
K7DLO9T0HMVK,6,0
5UZ0ZZCYSE2X,1,0
5UZ0ZZCYSE2X,2,0
K9C8BAH5GTL1,1,0
K9C8BAH5GTL1,2,0
K9C8BAH5GTL1,3,0
K9C8BAH5GTL1,4,0
K9C8BAH5GTL1,5,0
K9C8BAH5GTL1,6,0
K9C8BAH5GTL1,7,0
K9C8BAH5GTL1,8,0
K9C8BAH5GTL1,9,0
K9C8BAH5GTL1,10,0
K9C8BAH5GTL1,11,0
K9C8BAH5GTL1,12,0
K9C8BAH5GTL1,13,0
K9C8BAH5GTL1,14,0
K9C8BAH5GTL1,15,0
K9C8BAH5GTL1,16,0
K9C8BAH5GTL1,17,0
K9C8BAH5GTL1,18,0
K9C8BAH5GTL1,19,0
K9C8BAH5GTL1,20,0
B83WSCZM9HZG,1,0
B83WSCZM9HZG,2,0
B83WSCZM9HZG,3,0
B83WSCZM9HZG,4,0
B83WSCZM9HZG,5,0
B83WSCZM9HZG,6,0
B83WSCZM9HZG,7,0
B83WSCZM9HZG,8,0
B83WSCZM9HZG,9,0
B83WSCZM9HZG,10,0
B83WSCZM9HZG,11,0
B83WSCZM9HZG,12,0
B83WSCZM9HZG,13,0
B83WSCZM9HZG,14,0
B83WSCZM9HZG,15,0
B83WSCZM9HZG,16,0
B83WSCZM9HZG,17,0
B83WSCZM9HZG,18,0
B83WSCZM9HZG,19,0
B83WSCZM9HZG,20,0
B83WSCZM9HZG,21,0
B83WSCZM9HZG,22,0
4WDLD4BQK9CI,1,0
4WDLD4BQK9CI,2,0
4WDLD4BQK9CI,3,0
4WDLD4BQK9CI,4,0
4WDLD4BQK9CI,5,0
4WDLD4BQK9CI,6,0
4WDLD4BQK9CI,7,0
4WDLD4BQK9CI,8,0
4WDLD4BQK9CI,9,0
CY8OTYVREP3A,1,0
CY8OTYVREP3A,2,0
CY8OTYVREP3A,3,0
CY8OTYVREP3A,4,0
CY8OTYVREP3A,5,0
CY8OTYVREP3A,6,0
CY8OTYVREP3A,7,0
ZYBWMKQ96BQN,1,0
ZYBWMKQ96BQN,2,0
ZYBWMKQ96BQN,3,0
ZYBWMKQ96BQN,4,0
ZYBWMKQ96BQN,5,0
E1K6IFALZECZ,1,0
E1K6IFALZECZ,2,0
LI67G1MUKR7N,1,0
LI67G1MUKR7N,2,0
LI67G1MUKR7N,3,0
LI67G1MUKR7N,4,0
LI67G1MUKR7N,5,0
LI67G1MUKR7N,6,0
LI67G1MUKR7N,7,0
LI67G1MUKR7N,8,0
LI67G1MUKR7N,9,0
LI67G1MUKR7N,10,0
LI67G1MUKR7N,11,0
LI67G1MUKR7N,12,0
LI67G1MUKR7N,13,0
LI67G1MUKR7N,14,0
LI67G1MUKR7N,15,0
LI67G1MUKR7N,16,0
LI67G1MUKR7N,17,0
LI67G1MUKR7N,18,0
LI67G1MUKR7N,19,0
LI67G1MUKR7N,20,0
LI67G1MUKR7N,21,0
LI67G1MUKR7N,22,0
LI67G1MUKR7N,23,0
HTP4EHY8K4Z6,1,0
HTP4EHY8K4Z6,2,0
HTP4EHY8K4Z6,3,0
HTP4EHY8K4Z6,4,0
HTP4EHY8K4Z6,5,0
HTP4EHY8K4Z6,6,0
HTP4EHY8K4Z6,7,0
HTP4EHY8K4Z6,8,0
HTP4EHY8K4Z6,9,0
HTP4EHY8K4Z6,10,0
HTP4EHY8K4Z6,11,0
HTP4EHY8K4Z6,12,0
HTP4EHY8K4Z6,13,0
HTP4EHY8K4Z6,14,0
HTP4EHY8K4Z6,15,0
HTP4EHY8K4Z6,16,0
HTP4EHY8K4Z6,17,0
HTP4EHY8K4Z6,18,0
HTP4EHY8K4Z6,19,0
HTP4EHY8K4Z6,20,0
HTP4EHY8K4Z6,21,0
HTP4EHY8K4Z6,22,0
6S1LB4RP749R,1,0
6S1LB4RP749R,2,0
6S1LB4RP749R,3,0
6S1LB4RP749R,4,0
31B6WW7GZDX1,1,0
31B6WW7GZDX1,2,0
31B6WW7GZDX1,3,0
31B6WW7GZDX1,4,0
31B6WW7GZDX1,5,0
31B6WW7GZDX1,6,0
31B6WW7GZDX1,7,0
31B6WW7GZDX1,8,0
31B6WW7GZDX1,9,0
31B6WW7GZDX1,10,0
31B6WW7GZDX1,11,0
31B6WW7GZDX1,12,0
31B6WW7GZDX1,13,0
31B6WW7GZDX1,14,0
31B6WW7GZDX1,15,0
31B6WW7GZDX1,16,0
KFEWE0VVIQN7,1,0
KFEWE0VVIQN7,2,0
KFEWE0VVIQN7,3,0
KFEWE0VVIQN7,4,0
KFEWE0VVIQN7,5,0
KFEWE0VVIQN7,6,0
KFEWE0VVIQN7,7,0
KFEWE0VVIQN7,8,0
KFEWE0VVIQN7,9,0
KFEWE0VVIQN7,10,0
KFEWE0VVIQN7,11,0
F20SLYRJX9DR,1,0
F20SLYRJX9DR,2,0
PVU82DZF8MBZ,1,0
PVU82DZF8MBZ,2,0
6NMYCOY46D69,1,0
6NMYCOY46D69,2,0
6NMYCOY46D69,3,0
6NMYCOY46D69,4,0
6NMYCOY46D69,5,0
6NMYCOY46D69,6,0
6NMYCOY46D69,7,0
6NMYCOY46D69,8,0
6NMYCOY46D69,9,0
6NMYCOY46D69,10,0
6NMYCOY46D69,11,0
6NMYCOY46D69,12,0
6NMYCOY46D69,13,0
6NMYCOY46D69,14,0
6NMYCOY46D69,15,0
XIWZDVVCBXL9,1,0
XIWZDVVCBXL9,2,0
G8UX74VLA2D5,1,0
G8UX74VLA2D5,2,0
G8UX74VLA2D5,3,0
G8UX74VLA2D5,4,0
G8UX74VLA2D5,5,0
G8UX74VLA2D5,6,0
G8UX74VLA2D5,7,0
G8UX74VLA2D5,8,0
G8UX74VLA2D5,9,0
G8UX74VLA2D5,10,0
ZX0JZQB3S7Z2,1,0
ZX0JZQB3S7Z2,2,0
ZX0JZQB3S7Z2,3,0
ZX0JZQB3S7Z2,4,0
ZX0JZQB3S7Z2,5,0
ZX0JZQB3S7Z2,6,0
ZX0JZQB3S7Z2,7,0
ZX0JZQB3S7Z2,8,0
ZX0JZQB3S7Z2,9,0
ZX0JZQB3S7Z2,10,0
ZX0JZQB3S7Z2,11,0
ZX0JZQB3S7Z2,12,0
ZX0JZQB3S7Z2,13,0
ZX0JZQB3S7Z2,14,0
ZX0JZQB3S7Z2,15,0
ZX0JZQB3S7Z2,16,0
ZX0JZQB3S7Z2,17,0
ZX0JZQB3S7Z2,18,0
ITHIT7X70DFU,1,0
ITHIT7X70DFU,2,0
ITHIT7X70DFU,3,0
ITHIT7X70DFU,4,0
ITHIT7X70DFU,5,0
ITHIT7X70DFU,6,0
ITHIT7X70DFU,7,0
ITHIT7X70DFU,8,0
ITHIT7X70DFU,9,0
ITHIT7X70DFU,10,0
ITHIT7X70DFU,11,0
ITHIT7X70DFU,12,0
ITHIT7X70DFU,13,0
ITHIT7X70DFU,14,0
TRAUEF711480,1,0
TRAUEF711480,2,0
TRAUEF711480,3,0
TRAUEF711480,4,0
TRAUEF711480,5,0
TRAUEF711480,6,0
TRAUEF711480,7,0
TRAUEF711480,8,0
TRAUEF711480,9,0
TRAUEF711480,10,0
TRAUEF711480,11,0
TRAUEF711480,12,0
K3RBOQ76HSQ8,1,0
K3RBOQ76HSQ8,2,0
4M3ZWJHXZPJ0,1,0
4M3ZWJHXZPJ0,2,0
4M3ZWJHXZPJ0,3,0
4M3ZWJHXZPJ0,4,0
4M3ZWJHXZPJ0,5,0
4M3ZWJHXZPJ0,6,0
4M3ZWJHXZPJ0,7,0
4M3ZWJHXZPJ0,8,0
4M3ZWJHXZPJ0,9,0
4M3ZWJHXZPJ0,10,0
4M3ZWJHXZPJ0,11,0
4M3ZWJHXZPJ0,12,0
4M3ZWJHXZPJ0,13,0
ZNM10U3KG64U,1,0
ZNM10U3KG64U,2,0
ZNM10U3KG64U,3,0
ZNM10U3KG64U,4,0
ZNM10U3KG64U,5,0
ZNM10U3KG64U,6,0
ZNM10U3KG64U,7,0
ZNM10U3KG64U,8,0
ZNM10U3KG64U,9,0
ZNM10U3KG64U,10,0
ZNM10U3KG64U,11,0
ZNM10U3KG64U,12,0
ZNM10U3KG64U,13,0
ZNM10U3KG64U,14,0
ZNM10U3KG64U,15,0
ZNM10U3KG64U,16,0
ZNM10U3KG64U,17,0
ZNM10U3KG64U,18,0
ZNM10U3KG64U,19,0
ZNM10U3KG64U,20,0
ZNM10U3KG64U,21,0
MU8DPSHVEOV5,1,0
MU8DPSHVEOV5,2,0
MU8DPSHVEOV5,3,0
MU8DPSHVEOV5,4,0
MU8DPSHVEOV5,5,0
MU8DPSHVEOV5,6,0
MU8DPSHVEOV5,7,0
MU8DPSHVEOV5,8,0
MU8DPSHVEOV5,9,0
MU8DPSHVEOV5,10,0
MU8DPSHVEOV5,11,0
MU8DPSHVEOV5,12,0
MU8DPSHVEOV5,13,0
MU8DPSHVEOV5,14,0
MU8DPSHVEOV5,15,0
MU8DPSHVEOV5,16,0
MU8DPSHVEOV5,17,0
MU8DPSHVEOV5,18,0
MU8DPSHVEOV5,19,0
MU8DPSHVEOV5,20,0
UYWBPYESFZA3,1,0
UYWBPYESFZA3,2,0
UYWBPYESFZA3,3,0
UYWBPYESFZA3,4,0
UYWBPYESFZA3,5,0
UYWBPYESFZA3,6,0
UYWBPYESFZA3,7,0
UYWBPYESFZA3,8,0
UYWBPYESFZA3,9,0
UYWBPYESFZA3,10,0
UYWBPYESFZA3,11,0
UYWBPYESFZA3,12,0
7NFHKYVCZ6YF,1,0
7NFHKYVCZ6YF,2,0
7NFHKYVCZ6YF,3,0
7NFHKYVCZ6YF,4,0
7NFHKYVCZ6YF,5,0
7NFHKYVCZ6YF,6,0
7NFHKYVCZ6YF,7,0
7NFHKYVCZ6YF,8,0
7NFHKYVCZ6YF,9,0
7NFHKYVCZ6YF,10,0
7NFHKYVCZ6YF,11,0
7NFHKYVCZ6YF,12,0
7NFHKYVCZ6YF,13,0
7NFHKYVCZ6YF,14,0
7NFHKYVCZ6YF,15,0
7NFHKYVCZ6YF,16,0
7NFHKYVCZ6YF,17,0
7NFHKYVCZ6YF,18,0
7NFHKYVCZ6YF,19,0
7NFHKYVCZ6YF,20,0
IE9JTF2GELNV,1,0
IE9JTF2GELNV,2,0
IE9JTF2GELNV,3,0
IE9JTF2GELNV,4,0
IE9JTF2GELNV,5,0
IE9JTF2GELNV,6,0
IE9JTF2GELNV,7,0
IE9JTF2GELNV,8,0
IE9JTF2GELNV,9,0
IE9JTF2GELNV,10,0
IE9JTF2GELNV,11,0
IE9JTF2GELNV,12,0
IE9JTF2GELNV,13,0
IE9JTF2GELNV,14,0
IE9JTF2GELNV,15,0
IE9JTF2GELNV,16,0
IE9JTF2GELNV,17,0
IE9JTF2GELNV,18,0
CXJB28S74JHS,1,0
CXJB28S74JHS,2,0
CXJB28S74JHS,3,0
CXJB28S74JHS,4,0
CXJB28S74JHS,5,0
CXJB28S74JHS,6,0
CXJB28S74JHS,7,0
CXJB28S74JHS,8,0
CXJB28S74JHS,9,0
CXJB28S74JHS,10,0
CXJB28S74JHS,11,0
CXJB28S74JHS,12,0
CXJB28S74JHS,13,0
CXJB28S74JHS,14,0
CXJB28S74JHS,15,0
CXJB28S74JHS,16,0
CXJB28S74JHS,17,0
CXJB28S74JHS,18,0
CXJB28S74JHS,19,0
CXJB28S74JHS,20,0
CXJB28S74JHS,21,0
CXJB28S74JHS,22,0
CXJB28S74JHS,23,0
CXJB28S74JHS,24,0
J9D1FZB6GFJ9,1,0
J9D1FZB6GFJ9,2,0
J9D1FZB6GFJ9,3,0
J9D1FZB6GFJ9,4,0
J9D1FZB6GFJ9,5,0
J9D1FZB6GFJ9,6,0
J9D1FZB6GFJ9,7,0
J9D1FZB6GFJ9,8,0
UVL8GYNQLPI1,1,0
UVL8GYNQLPI1,2,0
UVL8GYNQLPI1,3,0
UVL8GYNQLPI1,4,0
UVL8GYNQLPI1,5,0
UVL8GYNQLPI1,6,0
UVL8GYNQLPI1,7,0
UVL8GYNQLPI1,8,0
UVL8GYNQLPI1,9,0
UVL8GYNQLPI1,10,0
UVL8GYNQLPI1,11,0
1FPA6C6X373C,1,0
1FPA6C6X373C,2,0
1FPA6C6X373C,3,0
1FPA6C6X373C,4,0
1FPA6C6X373C,5,0
1FPA6C6X373C,6,0
1FPA6C6X373C,7,0
1FPA6C6X373C,8,0
VA8C6M1IKFWD,1,0
VA8C6M1IKFWD,2,0
C93I20EYE7XB,1,0
C93I20EYE7XB,2,0
3LEHEMNOQJ81,1,0
3LEHEMNOQJ81,2,0
3LEHEMNOQJ81,3,0
3LEHEMNOQJ81,4,0
3LEHEMNOQJ81,5,0
OUPLI97RCRID,1,0
OUPLI97RCRID,2,0
OUPLI97RCRID,3,0
OUPLI97RCRID,4,0
OUPLI97RCRID,5,0
OUPLI97RCRID,6,0
OUPLI97RCRID,7,0
OUPLI97RCRID,8,0
OUPLI97RCRID,9,0
OUPLI97RCRID,10,0
OUPLI97RCRID,11,0
OUPLI97RCRID,12,0
OUPLI97RCRID,13,0
OUPLI97RCRID,14,0
OUPLI97RCRID,15,0
OON5QRFUOX3A,1,0
OON5QRFUOX3A,2,0
OON5QRFUOX3A,3,0
OON5QRFUOX3A,4,0
DR34V6KJQP4F,1,0
DR34V6KJQP4F,2,0
DR34V6KJQP4F,3,0
DR34V6KJQP4F,4,0
DR34V6KJQP4F,5,0
DR34V6KJQP4F,6,0
DR34V6KJQP4F,7,0
DR34V6KJQP4F,8,0
DR34V6KJQP4F,9,0
DR34V6KJQP4F,10,0
DR34V6KJQP4F,11,0
DR34V6KJQP4F,12,0
DR34V6KJQP4F,13,0
DR34V6KJQP4F,14,0
DR34V6KJQP4F,15,0
DR34V6KJQP4F,16,0
DR34V6KJQP4F,17,0
DR34V6KJQP4F,18,0
DR34V6KJQP4F,19,0
DR34V6KJQP4F,20,0
HCEGU1F5NOVD,1,0
HCEGU1F5NOVD,2,0
HCEGU1F5NOVD,3,0
HCEGU1F5NOVD,4,0
HCEGU1F5NOVD,5,0
HCEGU1F5NOVD,6,0
HCEGU1F5NOVD,7,0
HCEGU1F5NOVD,8,0
HCEGU1F5NOVD,9,0
HCEGU1F5NOVD,10,0
HCEGU1F5NOVD,11,0
HCEGU1F5NOVD,12,0
HCEGU1F5NOVD,13,0
JS0QTY1NC400,1,0
JS0QTY1NC400,2,0
JS0QTY1NC400,3,0
JS0QTY1NC400,4,0
JS0QTY1NC400,5,0
JS0QTY1NC400,6,0
JS0QTY1NC400,7,0
JS0QTY1NC400,8,0
JS0QTY1NC400,9,0
JS0QTY1NC400,10,0
JS0QTY1NC400,11,0
JS0QTY1NC400,12,0
JS0QTY1NC400,13,0
JS0QTY1NC400,14,0
JS0QTY1NC400,15,0
JS0QTY1NC400,16,0
JS0QTY1NC400,17,0
JS0QTY1NC400,18,0
JS0QTY1NC400,19,0
XEZEN5V6JWBZ,1,0
XEZEN5V6JWBZ,2,0
XEZEN5V6JWBZ,3,0
XEZEN5V6JWBZ,4,0
XEZEN5V6JWBZ,5,0
XEZEN5V6JWBZ,6,0
XEZEN5V6JWBZ,7,0
XEZEN5V6JWBZ,8,0
XEZEN5V6JWBZ,9,0
XEZEN5V6JWBZ,10,0
XEZEN5V6JWBZ,11,0
DU5568JP6CP5,1,0
DU5568JP6CP5,2,0
DU5568JP6CP5,3,0
DU5568JP6CP5,4,0
DU5568JP6CP5,5,0
GK9LNJD49ETR,1,0
GK9LNJD49ETR,2,0
GK9LNJD49ETR,3,0
GK9LNJD49ETR,4,0
GK9LNJD49ETR,5,0
GK9LNJD49ETR,6,0
GK9LNJD49ETR,7,0
GK9LNJD49ETR,8,0
GK9LNJD49ETR,9,0
GK9LNJD49ETR,10,0
GK9LNJD49ETR,11,0
GK9LNJD49ETR,12,0
GK9LNJD49ETR,13,0
GK9LNJD49ETR,14,0
GK9LNJD49ETR,15,0
GK9LNJD49ETR,16,0
GK9LNJD49ETR,17,0
GK9LNJD49ETR,18,0
GK9LNJD49ETR,19,0
GK9LNJD49ETR,20,0
12QEPHVQK81I,1,0
12QEPHVQK81I,2,0
12QEPHVQK81I,3,0
12QEPHVQK81I,4,0
BUWXHN7SUGV4,1,0
BUWXHN7SUGV4,2,0
BUWXHN7SUGV4,3,0
BUWXHN7SUGV4,4,0
BUWXHN7SUGV4,5,0
BUWXHN7SUGV4,6,0
BUWXHN7SUGV4,7,0
BUWXHN7SUGV4,8,0
BUWXHN7SUGV4,9,0
BUWXHN7SUGV4,10,0
OFOGIWP1IORQ,1,0
OFOGIWP1IORQ,2,0
OFOGIWP1IORQ,3,0
IRE5S3SGKPEQ,1,0
IRE5S3SGKPEQ,2,0
IRE5S3SGKPEQ,3,0
IRE5S3SGKPEQ,4,0
IRE5S3SGKPEQ,5,0
IRE5S3SGKPEQ,6,0
IRE5S3SGKPEQ,7,0
IRE5S3SGKPEQ,8,0
IRE5S3SGKPEQ,9,0
IRE5S3SGKPEQ,10,0
IRE5S3SGKPEQ,11,0
IRE5S3SGKPEQ,12,0
IRE5S3SGKPEQ,13,0
IRE5S3SGKPEQ,14,0
FPZM39SAWOP4,1,0
FPZM39SAWOP4,2,0
FPZM39SAWOP4,3,0
FPZM39SAWOP4,4,0
FPZM39SAWOP4,5,0
FPZM39SAWOP4,6,0
FPZM39SAWOP4,7,0
FPZM39SAWOP4,8,0
FPZM39SAWOP4,9,0
FPZM39SAWOP4,10,0
FPZM39SAWOP4,11,0
FPZM39SAWOP4,12,0
FPZM39SAWOP4,13,0
H4YIIUCCXPO3,1,0
H4YIIUCCXPO3,2,0
QDRZESC48T1Q,1,0
QDRZESC48T1Q,2,0
QDRZESC48T1Q,3,0
QDRZESC48T1Q,4,0
QDRZESC48T1Q,5,0
QDRZESC48T1Q,6,0
QDRZESC48T1Q,7,0
QDRZESC48T1Q,8,0
QDRZESC48T1Q,9,0
QDRZESC48T1Q,10,0
QDRZESC48T1Q,11,0
QDRZESC48T1Q,12,0
T5NQUS9G56EL,1,0
T5NQUS9G56EL,2,0
T5NQUS9G56EL,3,0
T5NQUS9G56EL,4,0
T5NQUS9G56EL,5,0
T5NQUS9G56EL,6,0
T5NQUS9G56EL,7,0
T5NQUS9G56EL,8,0
T5NQUS9G56EL,9,0
T5NQUS9G56EL,10,0
T5NQUS9G56EL,11,0
T5NQUS9G56EL,12,0
T5NQUS9G56EL,13,0
T5NQUS9G56EL,14,0
T5NQUS9G56EL,15,0
T5NQUS9G56EL,16,0
T5NQUS9G56EL,17,0
82W4W8GQU866,1,0
82W4W8GQU866,2,0
82W4W8GQU866,3,0
82W4W8GQU866,4,0
82W4W8GQU866,5,0
82W4W8GQU866,6,0
6P6LMKLYVDL9,1,0
6P6LMKLYVDL9,2,0
RVUDEZX55YBJ,1,0
RVUDEZX55YBJ,2,0
RVUDEZX55YBJ,3,0
MEG3ZLP0GTHE,1,0
MEG3ZLP0GTHE,2,0
MEG3ZLP0GTHE,3,0
MEG3ZLP0GTHE,4,0
MEG3ZLP0GTHE,5,0
MEG3ZLP0GTHE,6,0
XUR4XXMSYBOP,1,0
XUR4XXMSYBOP,2,0
XUR4XXMSYBOP,3,0
XUR4XXMSYBOP,4,0
XUR4XXMSYBOP,5,0
XUR4XXMSYBOP,6,0
XUR4XXMSYBOP,7,0
XUR4XXMSYBOP,8,0
ILDHH3MYUDFK,1,0
ILDHH3MYUDFK,2,0
ILDHH3MYUDFK,3,0
ILDHH3MYUDFK,4,0
ILDHH3MYUDFK,5,0
ILDHH3MYUDFK,6,0
ILDHH3MYUDFK,7,0
ILDHH3MYUDFK,8,0
ILDHH3MYUDFK,9,0
ILDHH3MYUDFK,10,0
ILDHH3MYUDFK,11,0
ILDHH3MYUDFK,12,0
ILDHH3MYUDFK,13,0
ILDHH3MYUDFK,14,0
ILDHH3MYUDFK,15,0
ILDHH3MYUDFK,16,0
ILDHH3MYUDFK,17,0
ILDHH3MYUDFK,18,0
ILDHH3MYUDFK,19,0
ILDHH3MYUDFK,20,0
ILDHH3MYUDFK,21,0
ILDHH3MYUDFK,22,0
ILDHH3MYUDFK,23,0
RHGS4Y5GTEAB,1,0
RHGS4Y5GTEAB,2,0
IBA8FYAT70PW,1,0
IBA8FYAT70PW,2,0
IBA8FYAT70PW,3,0
IBA8FYAT70PW,4,0
IBA8FYAT70PW,5,0
IBA8FYAT70PW,6,0
IBA8FYAT70PW,7,0
IBA8FYAT70PW,8,0
PMK460I2GT5B,1,0
PMK460I2GT5B,2,0
PMK460I2GT5B,3,0
PMK460I2GT5B,4,0
PMK460I2GT5B,5,0
PMK460I2GT5B,6,0
PMK460I2GT5B,7,0
72NOGLQMI3F3,1,0
72NOGLQMI3F3,2,0
72NOGLQMI3F3,3,0
72NOGLQMI3F3,4,0
72NOGLQMI3F3,5,0
72NOGLQMI3F3,6,0
72NOGLQMI3F3,7,0
72NOGLQMI3F3,8,0
72NOGLQMI3F3,9,0
72NOGLQMI3F3,10,0
72NOGLQMI3F3,11,0
72NOGLQMI3F3,12,0
ULWW9WJP1F5R,1,0
ULWW9WJP1F5R,2,0
ULWW9WJP1F5R,3,0
JMX9QMVNSB63,1,0
JMX9QMVNSB63,2,0
KKPFO49YAVTP,1,0
KKPFO49YAVTP,2,0
07HEKQMJ3FYY,1,0
07HEKQMJ3FYY,2,0
07HEKQMJ3FYY,3,0
28Q589VMFT4R,1,0
28Q589VMFT4R,2,0
28Q589VMFT4R,3,0
28Q589VMFT4R,4,0
28Q589VMFT4R,5,0
28Q589VMFT4R,6,0
28Q589VMFT4R,7,0
28Q589VMFT4R,8,0
28Q589VMFT4R,9,0
28Q589VMFT4R,10,0
E856PTUCAIR4,1,0
E856PTUCAIR4,2,0
P7E0RO3IP2X4,1,0
P7E0RO3IP2X4,2,0
P7E0RO3IP2X4,3,0
P7E0RO3IP2X4,4,0
P7E0RO3IP2X4,5,0
P7E0RO3IP2X4,6,0
P7E0RO3IP2X4,7,0
P7E0RO3IP2X4,8,0
P7E0RO3IP2X4,9,0
P7E0RO3IP2X4,10,0
P7E0RO3IP2X4,11,0
P7E0RO3IP2X4,12,0
P7E0RO3IP2X4,13,0
P7E0RO3IP2X4,14,0
P7E0RO3IP2X4,15,0
HWJT0XWE68FK,1,0
HWJT0XWE68FK,2,0
HWJT0XWE68FK,3,0
HWJT0XWE68FK,4,0
HWJT0XWE68FK,5,0
HWJT0XWE68FK,6,0
HWJT0XWE68FK,7,0
HWJT0XWE68FK,8,0
HWJT0XWE68FK,9,0
HWJT0XWE68FK,10,0
HWJT0XWE68FK,11,0
HWJT0XWE68FK,12,0
HWJT0XWE68FK,13,0
HWJT0XWE68FK,14,0
S2QDYFZ0PWHB,1,0
S2QDYFZ0PWHB,2,0
S2QDYFZ0PWHB,3,0
S2QDYFZ0PWHB,4,0
S2QDYFZ0PWHB,5,0
S2QDYFZ0PWHB,6,0
S2QDYFZ0PWHB,7,0
S2QDYFZ0PWHB,8,0
S2QDYFZ0PWHB,9,0
S2QDYFZ0PWHB,10,0
S2QDYFZ0PWHB,11,0
S2QDYFZ0PWHB,12,0
S2QDYFZ0PWHB,13,0
S2QDYFZ0PWHB,14,0
S2QDYFZ0PWHB,15,0
S2QDYFZ0PWHB,16,0
S2QDYFZ0PWHB,17,0
S2QDYFZ0PWHB,18,0
S2QDYFZ0PWHB,19,0
S2QDYFZ0PWHB,20,0
S2QDYFZ0PWHB,21,0
S2QDYFZ0PWHB,22,0
IBU5F1JW89U5,1,0
IBU5F1JW89U5,2,0
IBU5F1JW89U5,3,0
IBU5F1JW89U5,4,0
IBU5F1JW89U5,5,0
IBU5F1JW89U5,6,0
IBU5F1JW89U5,7,0
IBU5F1JW89U5,8,0
OZ281XC9PBRM,1,0
OZ281XC9PBRM,2,0
OZ281XC9PBRM,3,0
OZ281XC9PBRM,4,0
OZ281XC9PBRM,5,0
OZ281XC9PBRM,6,0
OZ281XC9PBRM,7,0
OZ281XC9PBRM,8,0
OZ281XC9PBRM,9,0
OZ281XC9PBRM,10,0
OZ281XC9PBRM,11,0
OZ281XC9PBRM,12,0
WEGTLJ9JML8C,1,0
WEGTLJ9JML8C,2,0
2KTGHCSIF31C,1,0
2KTGHCSIF31C,2,0
2KTGHCSIF31C,3,0
2KTGHCSIF31C,4,0
2KTGHCSIF31C,5,0
2KTGHCSIF31C,6,0
2KTGHCSIF31C,7,0
2KTGHCSIF31C,8,0
2KTGHCSIF31C,9,0
2AKMRIP3WY9C,1,0
2AKMRIP3WY9C,2,0
2AKMRIP3WY9C,3,0
4RBV487SKKZ8,1,0
4RBV487SKKZ8,2,0
4RBV487SKKZ8,3,0
4RBV487SKKZ8,4,0
4RBV487SKKZ8,5,0
4RBV487SKKZ8,6,0
4RBV487SKKZ8,7,0
4RBV487SKKZ8,8,0
FQ4SZ7YURVSQ,1,0
FQ4SZ7YURVSQ,2,0
FQ4SZ7YURVSQ,3,0
FQ4SZ7YURVSQ,4,0
FQ4SZ7YURVSQ,5,0
FQ4SZ7YURVSQ,6,0
FQ4SZ7YURVSQ,7,0
FQ4SZ7YURVSQ,8,0
NP9ZE2BK5624,1,0
NP9ZE2BK5624,2,0
BN66DKKH6510,1,0
BN66DKKH6510,2,0
BN66DKKH6510,3,0
BN66DKKH6510,4,0
BN66DKKH6510,5,0
BN66DKKH6510,6,0
BN66DKKH6510,7,0
UMLFRLB9GOKW,1,0
UMLFRLB9GOKW,2,0
UMLFRLB9GOKW,3,0
UMLFRLB9GOKW,4,0
UMLFRLB9GOKW,5,0
UMLFRLB9GOKW,6,0
UMLFRLB9GOKW,7,0
UMLFRLB9GOKW,8,0
UMLFRLB9GOKW,9,0
UMLFRLB9GOKW,10,0
UMLFRLB9GOKW,11,0
UMLFRLB9GOKW,12,0
UMLFRLB9GOKW,13,0
UMLFRLB9GOKW,14,0
UMLFRLB9GOKW,15,0
UMLFRLB9GOKW,16,0
UMLFRLB9GOKW,17,0
UMLFRLB9GOKW,18,0
UMLFRLB9GOKW,19,0
UMLFRLB9GOKW,20,0
UMLFRLB9GOKW,21,0
UMLFRLB9GOKW,22,0
UMLFRLB9GOKW,23,0
WO3KZ1RT743W,1,0
WO3KZ1RT743W,2,0
WO3KZ1RT743W,3,0
WO3KZ1RT743W,4,0
WO3KZ1RT743W,5,0
WO3KZ1RT743W,6,0
WO3KZ1RT743W,7,0
WO3KZ1RT743W,8,0
WO3KZ1RT743W,9,0
WO3KZ1RT743W,10,0
WO3KZ1RT743W,11,0
WO3KZ1RT743W,12,0
WO3KZ1RT743W,13,0
WO3KZ1RT743W,14,0
493IZZEOH67D,1,0
493IZZEOH67D,2,0
493IZZEOH67D,3,0
493IZZEOH67D,4,0
493IZZEOH67D,5,0
493IZZEOH67D,6,0
493IZZEOH67D,7,0
493IZZEOH67D,8,0
493IZZEOH67D,9,0
493IZZEOH67D,10,0
493IZZEOH67D,11,0
8PKR12987NQB,1,0
8PKR12987NQB,2,0
8PKR12987NQB,3,0
8PKR12987NQB,4,0
9F38JCS20K88,1,0
9F38JCS20K88,2,0
9F38JCS20K88,3,0
ZZLL1TP52X8K,1,0
ZZLL1TP52X8K,2,0
MDHYV1UAAVF9,1,0
MDHYV1UAAVF9,2,0
MDHYV1UAAVF9,3,0
MDHYV1UAAVF9,4,0
MDHYV1UAAVF9,5,0
MDHYV1UAAVF9,6,0
MDHYV1UAAVF9,7,0
MDHYV1UAAVF9,8,0
MDHYV1UAAVF9,9,0
MDHYV1UAAVF9,10,0
MDHYV1UAAVF9,11,0
MDHYV1UAAVF9,12,0
MDHYV1UAAVF9,13,0
MDHYV1UAAVF9,14,0
MDHYV1UAAVF9,15,0
MDHYV1UAAVF9,16,0
MDHYV1UAAVF9,17,0
MDHYV1UAAVF9,18,0
MDHYV1UAAVF9,19,0
MDHYV1UAAVF9,20,0
MDHYV1UAAVF9,21,0
6NJMKCY7XC3U,1,0
6NJMKCY7XC3U,2,0
6NJMKCY7XC3U,3,0
6NJMKCY7XC3U,4,0
6NJMKCY7XC3U,5,0
6NJMKCY7XC3U,6,0
6NJMKCY7XC3U,7,0
6NJMKCY7XC3U,8,0
6NJMKCY7XC3U,9,0
6NJMKCY7XC3U,10,0
6NJMKCY7XC3U,11,0
6NJMKCY7XC3U,12,0
WM7LA8UOV1AO,1,0
WM7LA8UOV1AO,2,0
OM3B7NMP8QNO,1,0
OM3B7NMP8QNO,2,0
1RQGAIBNMD1F,1,0
1RQGAIBNMD1F,2,0
1RQGAIBNMD1F,3,0
1RQGAIBNMD1F,4,0
1RQGAIBNMD1F,5,0
1RQGAIBNMD1F,6,0
7H772ICE8H4B,1,0
7H772ICE8H4B,2,0
7H772ICE8H4B,3,0
FIUUAHV49TBS,1,0
FIUUAHV49TBS,2,0
FIUUAHV49TBS,3,0
FIUUAHV49TBS,4,0
FIUUAHV49TBS,5,0
FIUUAHV49TBS,6,0
FIUUAHV49TBS,7,0
FIUUAHV49TBS,8,0
FIUUAHV49TBS,9,0
FIUUAHV49TBS,10,0
FIUUAHV49TBS,11,0
FIUUAHV49TBS,12,0
C7CEUDX3QACM,1,0
C7CEUDX3QACM,2,0
C7CEUDX3QACM,3,0
C7CEUDX3QACM,4,0
C7CEUDX3QACM,5,0
C7CEUDX3QACM,6,0
C7CEUDX3QACM,7,0
C7CEUDX3QACM,8,0
C7CEUDX3QACM,9,0
C7CEUDX3QACM,10,0
C7CEUDX3QACM,11,0
NKRLTFN6B1P7,1,0
NKRLTFN6B1P7,2,0
NKRLTFN6B1P7,3,0
NKRLTFN6B1P7,4,0
NKRLTFN6B1P7,5,0
NKRLTFN6B1P7,6,0
NKRLTFN6B1P7,7,0
NKRLTFN6B1P7,8,0
NKRLTFN6B1P7,9,0
NKRLTFN6B1P7,10,0
NKRLTFN6B1P7,11,0
NKRLTFN6B1P7,12,0
NKRLTFN6B1P7,13,0
NKRLTFN6B1P7,14,0
NKRLTFN6B1P7,15,0
NKRLTFN6B1P7,16,0
NKRLTFN6B1P7,17,0
NKRLTFN6B1P7,18,0
Z0QGG9Y65ZLE,1,0
Z0QGG9Y65ZLE,2,0
Z0QGG9Y65ZLE,3,0
Z0QGG9Y65ZLE,4,0
Z0QGG9Y65ZLE,5,0
Z0QGG9Y65ZLE,6,0
Z0QGG9Y65ZLE,7,0
Z0QGG9Y65ZLE,8,0
Z0QGG9Y65ZLE,9,0
Z0QGG9Y65ZLE,10,0
Z0QGG9Y65ZLE,11,0
Z0QGG9Y65ZLE,12,0
Z0QGG9Y65ZLE,13,0
Z0QGG9Y65ZLE,14,0
Z0QGG9Y65ZLE,15,0
Z0QGG9Y65ZLE,16,0
Z0QGG9Y65ZLE,17,0
Z0QGG9Y65ZLE,18,0
Z0QGG9Y65ZLE,19,0
PZEQV7GMU44S,1,0
PZEQV7GMU44S,2,0
PZEQV7GMU44S,3,0
PZEQV7GMU44S,4,0
PZEQV7GMU44S,5,0
PZEQV7GMU44S,6,0
PZEQV7GMU44S,7,0
PZEQV7GMU44S,8,0
PZEQV7GMU44S,9,0
PZEQV7GMU44S,10,0
PZEQV7GMU44S,11,0
PZEQV7GMU44S,12,0
PZEQV7GMU44S,13,0
PZEQV7GMU44S,14,0
PZEQV7GMU44S,15,0
PZEQV7GMU44S,16,0
PZEQV7GMU44S,17,0
PZEQV7GMU44S,18,0
PZEQV7GMU44S,19,0
PZEQV7GMU44S,20,0
2HQUQZ4E11J3,1,0
2HQUQZ4E11J3,2,0
2HQUQZ4E11J3,3,0
2HQUQZ4E11J3,4,0
2HQUQZ4E11J3,5,0
2HQUQZ4E11J3,6,0
2HQUQZ4E11J3,7,0
2HQUQZ4E11J3,8,0
2HQUQZ4E11J3,9,0
2HQUQZ4E11J3,10,0
2HQUQZ4E11J3,11,0
2HQUQZ4E11J3,12,0
WVJMNCE2CKZC,1,0
WVJMNCE2CKZC,2,0
3MF7I7FR900O,1,0
3MF7I7FR900O,2,0
3MF7I7FR900O,3,0
3MF7I7FR900O,4,0
3MF7I7FR900O,5,0
3MF7I7FR900O,6,0
3MF7I7FR900O,7,0
3MF7I7FR900O,8,0
3MF7I7FR900O,9,0
3MF7I7FR900O,10,0
3MF7I7FR900O,11,0
RZUYV5EZ9Q2O,1,0
RZUYV5EZ9Q2O,2,0
RZUYV5EZ9Q2O,3,0
RZUYV5EZ9Q2O,4,0
RZUYV5EZ9Q2O,5,0
JDG16V2TWI5E,1,0
JDG16V2TWI5E,2,0
JDG16V2TWI5E,3,0
JDG16V2TWI5E,4,0
JDG16V2TWI5E,5,0
JDG16V2TWI5E,6,0
JDG16V2TWI5E,7,0
JDG16V2TWI5E,8,0
JDG16V2TWI5E,9,0
JDG16V2TWI5E,10,0
65XZT9DTEGEY,1,0
65XZT9DTEGEY,2,0
65XZT9DTEGEY,3,0
65XZT9DTEGEY,4,0
65XZT9DTEGEY,5,0
65XZT9DTEGEY,6,0
65XZT9DTEGEY,7,0
65XZT9DTEGEY,8,0
65XZT9DTEGEY,9,0
50KU1CZ60KLM,1,0
50KU1CZ60KLM,2,0
50KU1CZ60KLM,3,0
50KU1CZ60KLM,4,0
50KU1CZ60KLM,5,0
50KU1CZ60KLM,6,0
50KU1CZ60KLM,7,0
50KU1CZ60KLM,8,0
50KU1CZ60KLM,9,0
50KU1CZ60KLM,10,0
REHPD0LG1S4B,1,0
REHPD0LG1S4B,2,0
REHPD0LG1S4B,3,0
REHPD0LG1S4B,4,0
REHPD0LG1S4B,5,0
REHPD0LG1S4B,6,0
REHPD0LG1S4B,7,0
REHPD0LG1S4B,8,0
REHPD0LG1S4B,9,0
REHPD0LG1S4B,10,0
REHPD0LG1S4B,11,0
REHPD0LG1S4B,12,0
REHPD0LG1S4B,13,0
REHPD0LG1S4B,14,0
REHPD0LG1S4B,15,0
REHPD0LG1S4B,16,0
REHPD0LG1S4B,17,0
26BK7BRXGES2,1,0
26BK7BRXGES2,2,0
26BK7BRXGES2,3,0
26BK7BRXGES2,4,0
26BK7BRXGES2,5,0
26BK7BRXGES2,6,0
55PIC4Q89CQB,1,0
55PIC4Q89CQB,2,0
55PIC4Q89CQB,3,0
55PIC4Q89CQB,4,0
55PIC4Q89CQB,5,0
55PIC4Q89CQB,6,0
55PIC4Q89CQB,7,0
55PIC4Q89CQB,8,0
55PIC4Q89CQB,9,0
55PIC4Q89CQB,10,0
55PIC4Q89CQB,11,0
55PIC4Q89CQB,12,0
55PIC4Q89CQB,13,0
55PIC4Q89CQB,14,0
55PIC4Q89CQB,15,0
55PIC4Q89CQB,16,0
ARU8Y1GSZ7E4,1,0
ARU8Y1GSZ7E4,2,0
ARU8Y1GSZ7E4,3,0
ARU8Y1GSZ7E4,4,0
ARU8Y1GSZ7E4,5,0
ARU8Y1GSZ7E4,6,0
ARU8Y1GSZ7E4,7,0
ARU8Y1GSZ7E4,8,0
ARU8Y1GSZ7E4,9,0
ARU8Y1GSZ7E4,10,0
87DG5A6H7L03,1,0
87DG5A6H7L03,2,0
87DG5A6H7L03,3,0
87DG5A6H7L03,4,0
87DG5A6H7L03,5,0
87DG5A6H7L03,6,0
87DG5A6H7L03,7,0
87DG5A6H7L03,8,0
87DG5A6H7L03,9,0
87DG5A6H7L03,10,0
87DG5A6H7L03,11,0
87DG5A6H7L03,12,0
87DG5A6H7L03,13,0
87DG5A6H7L03,14,0
87DG5A6H7L03,15,0
87DG5A6H7L03,16,0
87DG5A6H7L03,17,0
87DG5A6H7L03,18,0
87DG5A6H7L03,19,0
87DG5A6H7L03,20,0
2EQQERLTG1Z6,1,0
2EQQERLTG1Z6,2,0
2EQQERLTG1Z6,3,0
2EQQERLTG1Z6,4,0
2EQQERLTG1Z6,5,0
2EQQERLTG1Z6,6,0
2EQQERLTG1Z6,7,0
2EQQERLTG1Z6,8,0
MAS119C7SX3O,1,0
MAS119C7SX3O,2,0
MAS119C7SX3O,3,0
MAS119C7SX3O,4,0
QFDDX7MH6P3F,1,0
QFDDX7MH6P3F,2,0
QFDDX7MH6P3F,3,0
QFDDX7MH6P3F,4,0
QFDDX7MH6P3F,5,0
QFDDX7MH6P3F,6,0
QFDDX7MH6P3F,7,0
QFDDX7MH6P3F,8,0
QFDDX7MH6P3F,9,0
QFDDX7MH6P3F,10,0
QFDDX7MH6P3F,11,0
QFDDX7MH6P3F,12,0
QFDDX7MH6P3F,13,0
QFDDX7MH6P3F,14,0
QFDDX7MH6P3F,15,0
QFDDX7MH6P3F,16,0
QFDDX7MH6P3F,17,0
QFDDX7MH6P3F,18,0
QFDDX7MH6P3F,19,0
QFDDX7MH6P3F,20,0
QFDDX7MH6P3F,21,0
QFDDX7MH6P3F,22,0
QFDDX7MH6P3F,23,0
KS9WUAEI3KJ3,1,0
KS9WUAEI3KJ3,2,0
KS9WUAEI3KJ3,3,0
KS9WUAEI3KJ3,4,0
KS9WUAEI3KJ3,5,0
KS9WUAEI3KJ3,6,0
KS9WUAEI3KJ3,7,0
KS9WUAEI3KJ3,8,0
KS9WUAEI3KJ3,9,0
KS9WUAEI3KJ3,10,0
KS9WUAEI3KJ3,11,0
KS9WUAEI3KJ3,12,0
KS9WUAEI3KJ3,13,0
KS9WUAEI3KJ3,14,0
KS9WUAEI3KJ3,15,0
KS9WUAEI3KJ3,16,0
KS9WUAEI3KJ3,17,0
KS9WUAEI3KJ3,18,0
KS9WUAEI3KJ3,19,0
TI7CDASFASDN,1,0
TI7CDASFASDN,2,0
TI7CDASFASDN,3,0
TI7CDASFASDN,4,0
TI7CDASFASDN,5,0
TI7CDASFASDN,6,0
TI7CDASFASDN,7,0
TI7CDASFASDN,8,0
TI7CDASFASDN,9,0
TI7CDASFASDN,10,0
TI7CDASFASDN,11,0
TI7CDASFASDN,12,0
YU2427F8G077,1,0
YU2427F8G077,2,0
JK36RG55P62Z,1,0
JK36RG55P62Z,2,0
W9AU54P03EA4,1,0
W9AU54P03EA4,2,0
AS3148BBZAT9,1,0
AS3148BBZAT9,2,0
AS3148BBZAT9,3,0
AS3148BBZAT9,4,0
AS3148BBZAT9,5,0
AS3148BBZAT9,6,0
AS3148BBZAT9,7,0
AS3148BBZAT9,8,0
AS3148BBZAT9,9,0
AS3148BBZAT9,10,0
AS3148BBZAT9,11,0
AS3148BBZAT9,12,0
AS3148BBZAT9,13,0
AS3148BBZAT9,14,0
AS3148BBZAT9,15,0
AS3148BBZAT9,16,0
AS3148BBZAT9,17,0
AS3148BBZAT9,18,0
AS3148BBZAT9,19,0
AS3148BBZAT9,20,0
AS3148BBZAT9,21,0
AS3148BBZAT9,22,0
AS3148BBZAT9,23,0
AS3148BBZAT9,24,0
R32URQEW1RR7,1,0
R32URQEW1RR7,2,0
R32URQEW1RR7,3,0
R32URQEW1RR7,4,0
R32URQEW1RR7,5,0
R32URQEW1RR7,6,0
R32URQEW1RR7,7,0
R32URQEW1RR7,8,0
R32URQEW1RR7,9,0
R32URQEW1RR7,10,0
R32URQEW1RR7,11,0
R32URQEW1RR7,12,0
R32URQEW1RR7,13,0
R32URQEW1RR7,14,0
R32URQEW1RR7,15,0
R32URQEW1RR7,16,0
R32URQEW1RR7,17,0
3XCPNNXKPZJH,1,0
3XCPNNXKPZJH,2,0
3XCPNNXKPZJH,3,0
3XCPNNXKPZJH,4,0
3XCPNNXKPZJH,5,0
3XCPNNXKPZJH,6,0
3XCPNNXKPZJH,7,0
3XCPNNXKPZJH,8,0
3XCPNNXKPZJH,9,0
3XCPNNXKPZJH,10,0
3XCPNNXKPZJH,11,0
3TWQLT7L9R68,1,0
3TWQLT7L9R68,2,0
LCHLHQS0B0Y8,1,0
LCHLHQS0B0Y8,2,0
PA38CRYP6H3M,1,0
PA38CRYP6H3M,2,0
2U9V3DNGN5BF,1,0
2U9V3DNGN5BF,2,0
2U9V3DNGN5BF,3,0
2U9V3DNGN5BF,4,0
2U9V3DNGN5BF,5,0
2U9V3DNGN5BF,6,0
2U9V3DNGN5BF,7,0
2U9V3DNGN5BF,8,0
2U9V3DNGN5BF,9,0
2U9V3DNGN5BF,10,0
2U9V3DNGN5BF,11,0
2U9V3DNGN5BF,12,0
2U9V3DNGN5BF,13,0
2U9V3DNGN5BF,14,0
2U9V3DNGN5BF,15,0
2U9V3DNGN5BF,16,0
2U9V3DNGN5BF,17,0
2U9V3DNGN5BF,18,0
2U9V3DNGN5BF,19,0
2U9V3DNGN5BF,20,0
2U9V3DNGN5BF,21,0
2U9V3DNGN5BF,22,0
2U9V3DNGN5BF,23,0
2U9V3DNGN5BF,24,0
2U9V3DNGN5BF,25,0
10BNDPUF1C1D,1,0
10BNDPUF1C1D,2,0
10BNDPUF1C1D,3,0
10BNDPUF1C1D,4,0
10BNDPUF1C1D,5,0
10BNDPUF1C1D,6,0
10BNDPUF1C1D,7,0
10BNDPUF1C1D,8,0
10BNDPUF1C1D,9,0
10BNDPUF1C1D,10,0
10BNDPUF1C1D,11,0
10BNDPUF1C1D,12,0
10BNDPUF1C1D,13,0
10BNDPUF1C1D,14,0
KN3YAWK3T9QU,1,0
KN3YAWK3T9QU,2,0
ZNFCMH60F70X,1,0
ZNFCMH60F70X,2,0
ZNFCMH60F70X,3,0
ZNFCMH60F70X,4,0
ZNFCMH60F70X,5,0
ZNFCMH60F70X,6,0
ZNFCMH60F70X,7,0
4Y109WBXGIRC,1,0
4Y109WBXGIRC,2,0
4Y109WBXGIRC,3,0
4Y109WBXGIRC,4,0
4Y109WBXGIRC,5,0
4Y109WBXGIRC,6,0
4Y109WBXGIRC,7,0
4Y109WBXGIRC,8,0
4Y109WBXGIRC,9,0
4Y109WBXGIRC,10,0
4Y109WBXGIRC,11,0
4Y109WBXGIRC,12,0
4Y109WBXGIRC,13,0
4Y109WBXGIRC,14,0
4Y109WBXGIRC,15,0
4Y109WBXGIRC,16,0
4Y109WBXGIRC,17,0
4Y109WBXGIRC,18,0
BGS3EWXKFK0Q,1,0
BGS3EWXKFK0Q,2,0
BGS3EWXKFK0Q,3,0
BGS3EWXKFK0Q,4,0
BGS3EWXKFK0Q,5,0
BGS3EWXKFK0Q,6,0
BGS3EWXKFK0Q,7,0
0VJOTJ34ZQ34,1,0
0VJOTJ34ZQ34,2,0
0VJOTJ34ZQ34,3,0
0VJOTJ34ZQ34,4,0
0VJOTJ34ZQ34,5,0
8AEM4MBAJ8MF,1,0
8AEM4MBAJ8MF,2,0
8AEM4MBAJ8MF,3,0
8AEM4MBAJ8MF,4,0
Y9MOUU2S6DM7,1,0
Y9MOUU2S6DM7,2,0
Y9MOUU2S6DM7,3,0
Y9MOUU2S6DM7,4,0
Y9MOUU2S6DM7,5,0
Y9MOUU2S6DM7,6,0
Y9MOUU2S6DM7,7,0
Y9MOUU2S6DM7,8,0
Y9MOUU2S6DM7,9,0
Y9MOUU2S6DM7,10,0
Y9MOUU2S6DM7,11,0
Y9MOUU2S6DM7,12,0
Y9MOUU2S6DM7,13,0
OVHML1VI4DZM,1,0
OVHML1VI4DZM,2,0
OVHML1VI4DZM,3,0
OVHML1VI4DZM,4,0
OVHML1VI4DZM,5,0
OVHML1VI4DZM,6,0
OVHML1VI4DZM,7,0
OVHML1VI4DZM,8,0
OVHML1VI4DZM,9,0
OVHML1VI4DZM,10,0
OVHML1VI4DZM,11,0
OVHML1VI4DZM,12,0
OVHML1VI4DZM,13,0
OVHML1VI4DZM,14,0
OVHML1VI4DZM,15,0
OVHML1VI4DZM,16,0
OVHML1VI4DZM,17,0
OVHML1VI4DZM,18,0
OVHML1VI4DZM,19,0
OVHML1VI4DZM,20,0
YBKEO1MK5MP7,1,0
YBKEO1MK5MP7,2,0
YBKEO1MK5MP7,3,0
YBKEO1MK5MP7,4,0
YBKEO1MK5MP7,5,0
YBKEO1MK5MP7,6,0
YBKEO1MK5MP7,7,0
YZWDZYFM0AHO,1,0
YZWDZYFM0AHO,2,0
YZWDZYFM0AHO,3,0
YZWDZYFM0AHO,4,0
YZWDZYFM0AHO,5,0
YZWDZYFM0AHO,6,0
C50953QGLH6C,1,0
C50953QGLH6C,2,0
C50953QGLH6C,3,0
C50953QGLH6C,4,0
C50953QGLH6C,5,0
C50953QGLH6C,6,0
C50953QGLH6C,7,0
VG7WM6N0FQY1,1,0
VG7WM6N0FQY1,2,0
VG7WM6N0FQY1,3,0
VG7WM6N0FQY1,4,0
VG7WM6N0FQY1,5,0
VG7WM6N0FQY1,6,0
VG7WM6N0FQY1,7,0
VG7WM6N0FQY1,8,0
VG7WM6N0FQY1,9,0
VG7WM6N0FQY1,10,0
VG7WM6N0FQY1,11,0
VG7WM6N0FQY1,12,0
VG7WM6N0FQY1,13,0
VG7WM6N0FQY1,14,0
VG7WM6N0FQY1,15,0
VG7WM6N0FQY1,16,0
VG7WM6N0FQY1,17,0
VG7WM6N0FQY1,18,0
VG7WM6N0FQY1,19,0
VG7WM6N0FQY1,20,0
VG7WM6N0FQY1,21,0
VG7WM6N0FQY1,22,0
VG7WM6N0FQY1,23,0
VG7WM6N0FQY1,24,0
VG7WM6N0FQY1,25,0
1YGNWOWUFZZJ,1,0
1YGNWOWUFZZJ,2,0
1YGNWOWUFZZJ,3,0
1YGNWOWUFZZJ,4,0
1YGNWOWUFZZJ,5,0
1YGNWOWUFZZJ,6,0
1YGNWOWUFZZJ,7,0
1YGNWOWUFZZJ,8,0
1YGNWOWUFZZJ,9,0
1YGNWOWUFZZJ,10,0
1YGNWOWUFZZJ,11,0
1YGNWOWUFZZJ,12,0
1YGNWOWUFZZJ,13,0
1YGNWOWUFZZJ,14,0
1YGNWOWUFZZJ,15,0
1YGNWOWUFZZJ,16,0
R4QMXYLHWGU7,1,0
R4QMXYLHWGU7,2,0
R4QMXYLHWGU7,3,0
A0V2JS39GG8X,1,0
A0V2JS39GG8X,2,0
A0V2JS39GG8X,3,0
A0V2JS39GG8X,4,0
A0V2JS39GG8X,5,0
A0V2JS39GG8X,6,0
A0V2JS39GG8X,7,0
A0V2JS39GG8X,8,0
A0V2JS39GG8X,9,0
A0V2JS39GG8X,10,0
A0V2JS39GG8X,11,0
A0V2JS39GG8X,12,0
A0V2JS39GG8X,13,0
A0V2JS39GG8X,14,0
A0V2JS39GG8X,15,0
A0V2JS39GG8X,16,0
A0V2JS39GG8X,17,0
A0V2JS39GG8X,18,0
A0V2JS39GG8X,19,0
A0V2JS39GG8X,20,0
A0V2JS39GG8X,21,0
A0V2JS39GG8X,22,0
A0V2JS39GG8X,23,0
A0V2JS39GG8X,24,0
OQ8AGJDOB72H,1,0
OQ8AGJDOB72H,2,0
OQ8AGJDOB72H,3,0
OQ8AGJDOB72H,4,0
OQ8AGJDOB72H,5,0
OQ8AGJDOB72H,6,0
OQ8AGJDOB72H,7,0
OQ8AGJDOB72H,8,0
OQ8AGJDOB72H,9,0
OQ8AGJDOB72H,10,0
OQ8AGJDOB72H,11,0
OQ8AGJDOB72H,12,0
OQ8AGJDOB72H,13,0
OQ8AGJDOB72H,14,0
OQ8AGJDOB72H,15,0
OQ8AGJDOB72H,16,0
OQ8AGJDOB72H,17,0
OQ8AGJDOB72H,18,0
OQ8AGJDOB72H,19,0
22G5LGFV6KG6,1,0
22G5LGFV6KG6,2,0
22G5LGFV6KG6,3,0
22G5LGFV6KG6,4,0
22G5LGFV6KG6,5,0
22G5LGFV6KG6,6,0
22G5LGFV6KG6,7,0
22G5LGFV6KG6,8,0
22G5LGFV6KG6,9,0
22G5LGFV6KG6,10,0
22G5LGFV6KG6,11,0
22G5LGFV6KG6,12,0
22G5LGFV6KG6,13,0
22G5LGFV6KG6,14,0
22G5LGFV6KG6,15,0
22G5LGFV6KG6,16,0
22G5LGFV6KG6,17,0
22G5LGFV6KG6,18,0
22G5LGFV6KG6,19,0
55M04UCDVKVH,1,0
55M04UCDVKVH,2,0
1FZI0R5G320S,1,0
1FZI0R5G320S,2,0
LGJYPKYPUSSQ,1,0
LGJYPKYPUSSQ,2,0
4RB141YKOAP1,1,0
4RB141YKOAP1,2,0
4RB141YKOAP1,3,0
4RB141YKOAP1,4,0
4RB141YKOAP1,5,0
4RB141YKOAP1,6,0
4RB141YKOAP1,7,0
4RB141YKOAP1,8,0
4RB141YKOAP1,9,0
4RB141YKOAP1,10,0
4RB141YKOAP1,11,0
4RB141YKOAP1,12,0
4RB141YKOAP1,13,0
QD69FAKKDG73,1,0
QD69FAKKDG73,2,0
QD69FAKKDG73,3,0
QD69FAKKDG73,4,0
QD69FAKKDG73,5,0
QD69FAKKDG73,6,0
QD69FAKKDG73,7,0
QD69FAKKDG73,8,0
QD69FAKKDG73,9,0
EJN2CZNETHZR,1,0
EJN2CZNETHZR,2,0
EJN2CZNETHZR,3,0
EJN2CZNETHZR,4,0
EJN2CZNETHZR,5,0
EJN2CZNETHZR,6,0
EJN2CZNETHZR,7,0
EJN2CZNETHZR,8,0
EJN2CZNETHZR,9,0
EJN2CZNETHZR,10,0
EJN2CZNETHZR,11,0
EJN2CZNETHZR,12,0
EJN2CZNETHZR,13,0
EJN2CZNETHZR,14,0
EJN2CZNETHZR,15,0
EJN2CZNETHZR,16,0
EJN2CZNETHZR,17,0
EJN2CZNETHZR,18,0
EJN2CZNETHZR,19,0
EJN2CZNETHZR,20,0
RV60UGNHU3TK,1,0
RV60UGNHU3TK,2,0
RV60UGNHU3TK,3,0
RV60UGNHU3TK,4,0
RV60UGNHU3TK,5,0
RV60UGNHU3TK,6,0
RV60UGNHU3TK,7,0
RV60UGNHU3TK,8,0
RV60UGNHU3TK,9,0
RV60UGNHU3TK,10,0
RV60UGNHU3TK,11,0
RV60UGNHU3TK,12,0
RV60UGNHU3TK,13,0
RV60UGNHU3TK,14,0
RV60UGNHU3TK,15,0
RV60UGNHU3TK,16,0
RV60UGNHU3TK,17,0
RV60UGNHU3TK,18,0
RV60UGNHU3TK,19,0
Q6J1QGMI9Q7K,1,0
Q6J1QGMI9Q7K,2,0
Q6J1QGMI9Q7K,3,0
Q6J1QGMI9Q7K,4,0
Q6J1QGMI9Q7K,5,0
Q6J1QGMI9Q7K,6,0
Q6J1QGMI9Q7K,7,0
Q6J1QGMI9Q7K,8,0
Q6J1QGMI9Q7K,9,0
Q6J1QGMI9Q7K,10,0
Q6J1QGMI9Q7K,11,0
Q6J1QGMI9Q7K,12,0
Q6J1QGMI9Q7K,13,0
Q6J1QGMI9Q7K,14,0
JCU4G5C0LIAX,1,0
JCU4G5C0LIAX,2,0
JCU4G5C0LIAX,3,0
JCU4G5C0LIAX,4,0
JCU4G5C0LIAX,5,0
JCU4G5C0LIAX,6,0
JCU4G5C0LIAX,7,0
JCU4G5C0LIAX,8,0
JCU4G5C0LIAX,9,0
JCU4G5C0LIAX,10,0
JCU4G5C0LIAX,11,0
JCU4G5C0LIAX,12,0
JCU4G5C0LIAX,13,0
JCU4G5C0LIAX,14,0
JCU4G5C0LIAX,15,0
JCU4G5C0LIAX,16,0
JCU4G5C0LIAX,17,0
JCU4G5C0LIAX,18,0
JCU4G5C0LIAX,19,0
JCU4G5C0LIAX,20,0
JCU4G5C0LIAX,21,0
JCU4G5C0LIAX,22,0
JCU4G5C0LIAX,23,0
WE593W3S13S6,1,0
WE593W3S13S6,2,0
WE593W3S13S6,3,0
WE593W3S13S6,4,0
WE593W3S13S6,5,0
WE593W3S13S6,6,0
WE593W3S13S6,7,0
WE593W3S13S6,8,0
WE593W3S13S6,9,0
WE593W3S13S6,10,0
WE593W3S13S6,11,0
WE593W3S13S6,12,0
WE593W3S13S6,13,0
WE593W3S13S6,14,0
WE593W3S13S6,15,0
WE593W3S13S6,16,0
IYJ3TQH6IKJI,1,0
IYJ3TQH6IKJI,2,0
IYJ3TQH6IKJI,3,0
IYJ3TQH6IKJI,4,0
IYJ3TQH6IKJI,5,0
IYJ3TQH6IKJI,6,0
IYJ3TQH6IKJI,7,0
IYJ3TQH6IKJI,8,0
IYJ3TQH6IKJI,9,0
IYJ3TQH6IKJI,10,0
IYJ3TQH6IKJI,11,0
IYJ3TQH6IKJI,12,0
IYJ3TQH6IKJI,13,0
IYJ3TQH6IKJI,14,0
TSY2FH4AHBL7,1,0
TSY2FH4AHBL7,2,0
TSY2FH4AHBL7,3,0
TSY2FH4AHBL7,4,0
TSY2FH4AHBL7,5,0
TSY2FH4AHBL7,6,0
TSY2FH4AHBL7,7,0
TSY2FH4AHBL7,8,0
TSY2FH4AHBL7,9,0
TSY2FH4AHBL7,10,0
TSY2FH4AHBL7,11,0
TSY2FH4AHBL7,12,0
TSY2FH4AHBL7,13,0
TSY2FH4AHBL7,14,0
TSY2FH4AHBL7,15,0
TSY2FH4AHBL7,16,0
TSY2FH4AHBL7,17,0
TSY2FH4AHBL7,18,0
TSY2FH4AHBL7,19,0
J16UQ8C4BU91,1,0
J16UQ8C4BU91,2,0
J16UQ8C4BU91,3,0
J16UQ8C4BU91,4,0
J16UQ8C4BU91,5,0
J16UQ8C4BU91,6,0
J16UQ8C4BU91,7,0
J16UQ8C4BU91,8,0
J16UQ8C4BU91,9,0
J16UQ8C4BU91,10,0
J16UQ8C4BU91,11,0
J16UQ8C4BU91,12,0
J16UQ8C4BU91,13,0
J16UQ8C4BU91,14,0
QNQTNQA3LW3X,1,0
QNQTNQA3LW3X,2,0
QNQTNQA3LW3X,3,0
QNQTNQA3LW3X,4,0
QNQTNQA3LW3X,5,0
QNQTNQA3LW3X,6,0
QNQTNQA3LW3X,7,0
QNQTNQA3LW3X,8,0
QNQTNQA3LW3X,9,0
QNQTNQA3LW3X,10,0
QNQTNQA3LW3X,11,0
SABOGY4U3WG4,1,0
SABOGY4U3WG4,2,0
ZTYYYBBBMJXA,1,0
ZTYYYBBBMJXA,2,0
ZTYYYBBBMJXA,3,0
ZTYYYBBBMJXA,4,0
ZTYYYBBBMJXA,5,0
ZTYYYBBBMJXA,6,0
ZTYYYBBBMJXA,7,0
ZTYYYBBBMJXA,8,0
ZTYYYBBBMJXA,9,0
41RMOKBLKUGG,1,0
41RMOKBLKUGG,2,0
41RMOKBLKUGG,3,0
41RMOKBLKUGG,4,0
41RMOKBLKUGG,5,0
41RMOKBLKUGG,6,0
41RMOKBLKUGG,7,0
41RMOKBLKUGG,8,0
41RMOKBLKUGG,9,0
41RMOKBLKUGG,10,0
41RMOKBLKUGG,11,0
41RMOKBLKUGG,12,0
41RMOKBLKUGG,13,0
41RMOKBLKUGG,14,0
41RMOKBLKUGG,15,0
41RMOKBLKUGG,16,0
DYUUWBKO60BB,1,0
DYUUWBKO60BB,2,0
DYUUWBKO60BB,3,0
DYUUWBKO60BB,4,0
DYUUWBKO60BB,5,0
DYUUWBKO60BB,6,0
DYUUWBKO60BB,7,0
DYUUWBKO60BB,8,0
DYUUWBKO60BB,9,0
DYUUWBKO60BB,10,0
DYUUWBKO60BB,11,0
DYUUWBKO60BB,12,0
DYUUWBKO60BB,13,0
DYUUWBKO60BB,14,0
453JHFKFZ5QT,1,0
453JHFKFZ5QT,2,0
453JHFKFZ5QT,3,0
453JHFKFZ5QT,4,0
453JHFKFZ5QT,5,0
453JHFKFZ5QT,6,0
453JHFKFZ5QT,7,0
453JHFKFZ5QT,8,0
453JHFKFZ5QT,9,0
453JHFKFZ5QT,10,0
453JHFKFZ5QT,11,0
453JHFKFZ5QT,12,0
453JHFKFZ5QT,13,0
453JHFKFZ5QT,14,0
453JHFKFZ5QT,15,0
453JHFKFZ5QT,16,0
453JHFKFZ5QT,17,0
453JHFKFZ5QT,18,0
453JHFKFZ5QT,19,0
76C10Y2LD402,1,0
76C10Y2LD402,2,0
76C10Y2LD402,3,0
76C10Y2LD402,4,0
76C10Y2LD402,5,0
76C10Y2LD402,6,0
76C10Y2LD402,7,0
76C10Y2LD402,8,0
76C10Y2LD402,9,0
76C10Y2LD402,10,0
76C10Y2LD402,11,0
76C10Y2LD402,12,0
76C10Y2LD402,13,0
76C10Y2LD402,14,0
76C10Y2LD402,15,0
76C10Y2LD402,16,0
76C10Y2LD402,17,0
76C10Y2LD402,18,0
76C10Y2LD402,19,0
76C10Y2LD402,20,0
76C10Y2LD402,21,0
76C10Y2LD402,22,0
76C10Y2LD402,23,0
GT6EWYJLJLOM,1,0
GT6EWYJLJLOM,2,0
GT6EWYJLJLOM,3,0
GT6EWYJLJLOM,4,0
GT6EWYJLJLOM,5,0
GT6EWYJLJLOM,6,0
GT6EWYJLJLOM,7,0
GT6EWYJLJLOM,8,0
GT6EWYJLJLOM,9,0
GT6EWYJLJLOM,10,0
GT6EWYJLJLOM,11,0
GT6EWYJLJLOM,12,0
GT6EWYJLJLOM,13,0
GT6EWYJLJLOM,14,0
GT6EWYJLJLOM,15,0
GT6EWYJLJLOM,16,0
GT6EWYJLJLOM,17,0
GT6EWYJLJLOM,18,0
GT6EWYJLJLOM,19,0
GT6EWYJLJLOM,20,0
GT6EWYJLJLOM,21,0
TKQ3I2T5N566,1,0
TKQ3I2T5N566,2,0
TKQ3I2T5N566,3,0
TKQ3I2T5N566,4,0
TKQ3I2T5N566,5,0
TKQ3I2T5N566,6,0
TKQ3I2T5N566,7,0
TKQ3I2T5N566,8,0
3P1O1G0O6E1I,1,0
3P1O1G0O6E1I,2,0
3P1O1G0O6E1I,3,0
3P1O1G0O6E1I,4,0
3P1O1G0O6E1I,5,0
3P1O1G0O6E1I,6,0
3P1O1G0O6E1I,7,0
3P1O1G0O6E1I,8,0
3P1O1G0O6E1I,9,0
3P1O1G0O6E1I,10,0
3P1O1G0O6E1I,11,0
DA747JVRGYKF,1,0
DA747JVRGYKF,2,0
DA747JVRGYKF,3,0
DA747JVRGYKF,4,0
DA747JVRGYKF,5,0
DA747JVRGYKF,6,0
DA747JVRGYKF,7,0
DA747JVRGYKF,8,0
DA747JVRGYKF,9,0
DA747JVRGYKF,10,0
DA747JVRGYKF,11,0
DA747JVRGYKF,12,0
DA747JVRGYKF,13,0
BJZ22R1RCK2D,1,0
BJZ22R1RCK2D,2,0
BJZ22R1RCK2D,3,0
BJZ22R1RCK2D,4,0
BJZ22R1RCK2D,5,0
BJZ22R1RCK2D,6,0
BJZ22R1RCK2D,7,0
CNAQFFRE9X94,1,0
CNAQFFRE9X94,1,1
CNAQFFRE9X94,2,0
CNAQFFRE9X94,2,1
CNAQFFRE9X94,3,0
CNAQFFRE9X94,3,1
CNAQFFRE9X94,4,0
CNAQFFRE9X94,5,0
CNAQFFRE9X94,6,0
CNAQFFRE9X94,6,1
CNAQFFRE9X94,7,0
CNAQFFRE9X94,7,1
CNAQFFRE9X94,8,0
CNAQFFRE9X94,8,1
CNAQFFRE9X94,9,0
CNAQFFRE9X94,9,1
P9QWSS8S439R,1,0
P9QWSS8S439R,2,0
P9QWSS8S439R,3,0
P9QWSS8S439R,4,0
P9QWSS8S439R,5,0
P9QWSS8S439R,6,0
P9QWSS8S439R,7,0
P9QWSS8S439R,8,0
P9QWSS8S439R,9,0
P9QWSS8S439R,10,0
P9QWSS8S439R,11,0
P9QWSS8S439R,12,0
P9QWSS8S439R,13,0
P9QWSS8S439R,14,0
P9QWSS8S439R,15,0
P9QWSS8S439R,16,0
M749UWSTFQMU,1,0
M749UWSTFQMU,2,0
M749UWSTFQMU,3,0
M749UWSTFQMU,4,0
M749UWSTFQMU,4,1
M749UWSTFQMU,5,0
M749UWSTFQMU,6,0
M749UWSTFQMU,7,0
M749UWSTFQMU,8,0
M749UWSTFQMU,9,0
M749UWSTFQMU,9,1
M749UWSTFQMU,10,0
M749UWSTFQMU,10,1
M749UWSTFQMU,11,0
M749UWSTFQMU,11,1
M749UWSTFQMU,12,0
M749UWSTFQMU,13,0
M749UWSTFQMU,13,1
M749UWSTFQMU,14,0
M749UWSTFQMU,15,0
M749UWSTFQMU,16,0
M749UWSTFQMU,16,1
M749UWSTFQMU,17,0
M749UWSTFQMU,17,1
M749UWSTFQMU,18,0
M749UWSTFQMU,19,0
M749UWSTFQMU,19,1
M749UWSTFQMU,20,0
M749UWSTFQMU,21,0
M749UWSTFQMU,21,1
M749UWSTFQMU,22,0
M749UWSTFQMU,23,0
6X2AX1MTG06Q,1,0
6X2AX1MTG06Q,2,0
6X2AX1MTG06Q,3,0
6X2AX1MTG06Q,4,0
6X2AX1MTG06Q,5,0
6X2AX1MTG06Q,6,0
6X2AX1MTG06Q,7,0
6X2AX1MTG06Q,8,0
6X2AX1MTG06Q,9,0
6X2AX1MTG06Q,10,0
6X2AX1MTG06Q,11,0
6X2AX1MTG06Q,12,0
6X2AX1MTG06Q,13,0
6X2AX1MTG06Q,14,0
6X2AX1MTG06Q,15,0
6X2AX1MTG06Q,16,0
6X2AX1MTG06Q,17,0
6X2AX1MTG06Q,18,0
6X2AX1MTG06Q,19,0
6X2AX1MTG06Q,20,0
BS7FZSSWB0GF,1,0
BS7FZSSWB0GF,1,1
BS7FZSSWB0GF,2,0
BS7FZSSWB0GF,2,1
G39JPRUX76QD,1,0
G39JPRUX76QD,1,1
G39JPRUX76QD,2,0
G39JPRUX76QD,2,1
G39JPRUX76QD,3,0
G39JPRUX76QD,3,1
G39JPRUX76QD,4,0
G39JPRUX76QD,4,1
G39JPRUX76QD,5,0
G39JPRUX76QD,5,1
G39JPRUX76QD,6,0
G39JPRUX76QD,6,1
G39JPRUX76QD,7,0
G39JPRUX76QD,7,1
G39JPRUX76QD,8,0
G39JPRUX76QD,8,1
G39JPRUX76QD,9,0
G39JPRUX76QD,9,1
G39JPRUX76QD,10,0
G39JPRUX76QD,10,1
G39JPRUX76QD,11,0
G39JPRUX76QD,11,1
G39JPRUX76QD,12,0
G39JPRUX76QD,12,1
V0RFJCVSOMIH,1,0
V0RFJCVSOMIH,1,1
V0RFJCVSOMIH,2,0
V0RFJCVSOMIH,2,1
V0RFJCVSOMIH,3,0
V0RFJCVSOMIH,3,1
V0RFJCVSOMIH,4,0
V0RFJCVSOMIH,4,1
V0RFJCVSOMIH,5,0
V0RFJCVSOMIH,5,1
V0RFJCVSOMIH,6,0
V0RFJCVSOMIH,7,0
V0RFJCVSOMIH,7,1
V0RFJCVSOMIH,8,0
V0RFJCVSOMIH,8,1
V0RFJCVSOMIH,9,0
V0RFJCVSOMIH,9,1
V0RFJCVSOMIH,10,0
V0RFJCVSOMIH,10,1
V0RFJCVSOMIH,11,0
V0RFJCVSOMIH,11,1
V0RFJCVSOMIH,12,0
V0RFJCVSOMIH,12,1
V0RFJCVSOMIH,13,0
V0RFJCVSOMIH,13,1
NY6XS4QABOUD,1,0
NY6XS4QABOUD,1,1
NY6XS4QABOUD,2,0
NY6XS4QABOUD,2,1
NY6XS4QABOUD,3,0
NY6XS4QABOUD,3,1
NY6XS4QABOUD,4,0
NY6XS4QABOUD,4,1
NY6XS4QABOUD,5,0
NY6XS4QABOUD,5,1
NY6XS4QABOUD,6,0
NY6XS4QABOUD,6,1
NY6XS4QABOUD,7,0
NY6XS4QABOUD,7,1
NY6XS4QABOUD,8,0
NY6XS4QABOUD,8,1
NY6XS4QABOUD,9,0
NY6XS4QABOUD,9,1
KUXO8AEJFCXW,1,0
KUXO8AEJFCXW,1,1
KUXO8AEJFCXW,2,0
KUXO8AEJFCXW,2,1
KUXO8AEJFCXW,3,0
KUXO8AEJFCXW,3,1
KUXO8AEJFCXW,4,0
KUXO8AEJFCXW,4,1
KUXO8AEJFCXW,5,0
KUXO8AEJFCXW,5,1
KUXO8AEJFCXW,6,0
KUXO8AEJFCXW,6,1
YX3PAFXTD932,1,0
YX3PAFXTD932,1,1
YX3PAFXTD932,1,2
YX3PAFXTD932,2,0
YX3PAFXTD932,2,1
YX3PAFXTD932,2,2
4N0I6RUEQDFZ,1,0
4N0I6RUEQDFZ,1,1
4N0I6RUEQDFZ,2,0
4N0I6RUEQDFZ,2,1
4N0I6RUEQDFZ,3,0
4N0I6RUEQDFZ,4,0
4N0I6RUEQDFZ,4,1
4N0I6RUEQDFZ,5,0
4N0I6RUEQDFZ,6,0
4N0I6RUEQDFZ,7,0
4N0I6RUEQDFZ,8,0
4N0I6RUEQDFZ,9,0
4N0I6RUEQDFZ,10,0
4N0I6RUEQDFZ,10,1
4N0I6RUEQDFZ,11,0
4N0I6RUEQDFZ,12,0
4N0I6RUEQDFZ,13,0
PKWOK8GRORUP,1,0
PKWOK8GRORUP,1,1
PKWOK8GRORUP,2,0
PKWOK8GRORUP,2,1
PKWOK8GRORUP,3,0
PKWOK8GRORUP,3,1
PKWOK8GRORUP,4,0
PKWOK8GRORUP,4,1
PKWOK8GRORUP,5,0
PKWOK8GRORUP,5,1
PKWOK8GRORUP,6,0
PKWOK8GRORUP,6,1
PKWOK8GRORUP,7,0
PKWOK8GRORUP,7,1
PKWOK8GRORUP,8,0
PKWOK8GRORUP,8,1
PKWOK8GRORUP,9,0
PKWOK8GRORUP,9,1
PKWOK8GRORUP,10,0
PKWOK8GRORUP,10,1
PKWOK8GRORUP,11,0
PKWOK8GRORUP,11,1
PKWOK8GRORUP,12,0
PKWOK8GRORUP,12,1
PKWOK8GRORUP,13,0
PKWOK8GRORUP,13,1
PKWOK8GRORUP,14,0
PKWOK8GRORUP,14,1
PKWOK8GRORUP,15,0
PKWOK8GRORUP,15,1
PKWOK8GRORUP,16,0
PKWOK8GRORUP,16,1
PKWOK8GRORUP,17,0
PKWOK8GRORUP,17,1
PKWOK8GRORUP,18,0
PKWOK8GRORUP,18,1
PKWOK8GRORUP,19,0
PKWOK8GRORUP,19,1
PKWOK8GRORUP,20,0
PKWOK8GRORUP,20,1
PKWOK8GRORUP,21,0
PKWOK8GRORUP,21,1
PKWOK8GRORUP,22,0
PKWOK8GRORUP,22,1
PKWOK8GRORUP,23,0
PKWOK8GRORUP,23,1
PKWOK8GRORUP,24,0
PKWOK8GRORUP,24,1
RX9C7G4TWVA7,1,0
RX9C7G4TWVA7,2,0
RX9C7G4TWVA7,2,1
V37L5RANMXDN,1,0
V37L5RANMXDN,1,1
V37L5RANMXDN,2,0
V37L5RANMXDN,2,1
XADBKLSPR7AH,1,0
XADBKLSPR7AH,1,1
XADBKLSPR7AH,2,0
XADBKLSPR7AH,2,1
XADBKLSPR7AH,3,0
XADBKLSPR7AH,3,1
XADBKLSPR7AH,4,0
XADBKLSPR7AH,4,1
XADBKLSPR7AH,5,0
XADBKLSPR7AH,5,1
XADBKLSPR7AH,6,0
XADBKLSPR7AH,6,1
XADBKLSPR7AH,7,0
XADBKLSPR7AH,7,1
XADBKLSPR7AH,8,0
XADBKLSPR7AH,8,1
XADBKLSPR7AH,9,0
XADBKLSPR7AH,9,1
XADBKLSPR7AH,10,0
XADBKLSPR7AH,10,1
XADBKLSPR7AH,11,0
XADBKLSPR7AH,11,1
XADBKLSPR7AH,12,0
XADBKLSPR7AH,13,0
XADBKLSPR7AH,13,1
XADBKLSPR7AH,14,0
XADBKLSPR7AH,15,0
XADBKLSPR7AH,15,1
XADBKLSPR7AH,16,0
XADBKLSPR7AH,16,1
XADBKLSPR7AH,17,0
XADBKLSPR7AH,17,1
XADBKLSPR7AH,18,0
XADBKLSPR7AH,18,1
XADBKLSPR7AH,19,0
XADBKLSPR7AH,19,1
XADBKLSPR7AH,20,0
XADBKLSPR7AH,20,1
XADBKLSPR7AH,21,0
XADBKLSPR7AH,21,1
XADBKLSPR7AH,22,0
XADBKLSPR7AH,22,1
XADBKLSPR7AH,23,0
XADBKLSPR7AH,23,1
XADBKLSPR7AH,24,0
XADBKLSPR7AH,24,1
XADBKLSPR7AH,25,0
XADBKLSPR7AH,25,1
8H3CTJ582E5W,1,0
8H3CTJ582E5W,1,1
8H3CTJ582E5W,2,0
8H3CTJ582E5W,2,1
QH1RMPV2SX88,1,0
QH1RMPV2SX88,1,1
QH1RMPV2SX88,2,0
QH1RMPV2SX88,2,1
2NVNEWWOAMVB,1,0
2NVNEWWOAMVB,1,1
2NVNEWWOAMVB,1,2
2NVNEWWOAMVB,2,0
2NVNEWWOAMVB,2,1
2NVNEWWOAMVB,2,2
1ZRQ00TM5M1S,1,0
1ZRQ00TM5M1S,2,0
1ZRQ00TM5M1S,3,0
1ZRQ00TM5M1S,4,0
1ZRQ00TM5M1S,5,0
1ZRQ00TM5M1S,6,0
TEDGX573WDTL,1,0
TEDGX573WDTL,2,0
TEDGX573WDTL,3,0
TEDGX573WDTL,4,0
TEDGX573WDTL,5,0
TEDGX573WDTL,6,0
TEDGX573WDTL,7,0
TEDGX573WDTL,8,0
TEDGX573WDTL,9,0
TEDGX573WDTL,10,0
TEDGX573WDTL,11,0
TEDGX573WDTL,12,0
TEDGX573WDTL,13,0
TEDGX573WDTL,14,0
TEDGX573WDTL,15,0
TEDGX573WDTL,16,0
TEDGX573WDTL,17,0
TEDGX573WDTL,18,0
TEDGX573WDTL,19,0
TEDGX573WDTL,20,0
7J8RKY4KT28W,1,0
7J8RKY4KT28W,1,1
7J8RKY4KT28W,2,0
8FVZ8LDYQSKP,1,0
8FVZ8LDYQSKP,2,0
X3YDSXA6GE60,1,0
X3YDSXA6GE60,2,0
X3YDSXA6GE60,2,2
X3YDSXA6GE60,3,0
X3YDSXA6GE60,3,2
X3YDSXA6GE60,4,0
X3YDSXA6GE60,5,0
X3YDSXA6GE60,5,2
X3YDSXA6GE60,6,0
X3YDSXA6GE60,7,0
X3YDSXA6GE60,8,0
X3YDSXA6GE60,8,2
X3YDSXA6GE60,9,0
X3YDSXA6GE60,9,2
X3YDSXA6GE60,10,0
X3YDSXA6GE60,10,2
X3YDSXA6GE60,11,0
X3YDSXA6GE60,11,2
X3YDSXA6GE60,12,0
X3YDSXA6GE60,12,2
X3YDSXA6GE60,13,0
X3YDSXA6GE60,14,0
X3YDSXA6GE60,15,0
X3YDSXA6GE60,16,0
X3YDSXA6GE60,16,2
X3YDSXA6GE60,17,0
X3YDSXA6GE60,18,0
X3YDSXA6GE60,19,0
X3YDSXA6GE60,19,2
X3YDSXA6GE60,20,0
9ZWEME4O2YRM,1,0
9ZWEME4O2YRM,2,0
9ZWEME4O2YRM,3,0
9ZWEME4O2YRM,4,0
9ZWEME4O2YRM,5,0
EID1X78MJZMQ,1,0
EID1X78MJZMQ,1,1
EID1X78MJZMQ,2,0
EID1X78MJZMQ,2,1
C526FEGFVVP3,1,0
C526FEGFVVP3,2,0
C526FEGFVVP3,3,0
C526FEGFVVP3,4,0
C526FEGFVVP3,5,0
C526FEGFVVP3,6,0
C526FEGFVVP3,7,0
C526FEGFVVP3,8,0
C526FEGFVVP3,9,0
C526FEGFVVP3,10,0
C526FEGFVVP3,11,0
C526FEGFVVP3,12,0
C526FEGFVVP3,13,0
C526FEGFVVP3,14,0
YWFMJ6168VOG,1,0
YWFMJ6168VOG,1,1
YWFMJ6168VOG,1,2
YWFMJ6168VOG,2,0
YWFMJ6168VOG,2,1
YWFMJ6168VOG,2,2
307GENXH0GUR,1,0
307GENXH0GUR,1,1
307GENXH0GUR,2,0
307GENXH0GUR,2,1
307GENXH0GUR,3,0
307GENXH0GUR,3,1
307GENXH0GUR,4,0
307GENXH0GUR,4,1
307GENXH0GUR,5,0
307GENXH0GUR,5,1
307GENXH0GUR,6,0
307GENXH0GUR,6,1
307GENXH0GUR,7,0
307GENXH0GUR,7,1
307GENXH0GUR,8,0
307GENXH0GUR,8,1
307GENXH0GUR,9,0
307GENXH0GUR,9,1
307GENXH0GUR,10,0
307GENXH0GUR,10,1
307GENXH0GUR,11,0
307GENXH0GUR,11,1
307GENXH0GUR,12,0
307GENXH0GUR,12,1
307GENXH0GUR,13,0
307GENXH0GUR,13,1
307GENXH0GUR,14,0
307GENXH0GUR,14,1
307GENXH0GUR,15,0
307GENXH0GUR,15,1
307GENXH0GUR,16,0
307GENXH0GUR,16,1
307GENXH0GUR,17,0
307GENXH0GUR,17,1
307GENXH0GUR,18,0
307GENXH0GUR,18,1
307GENXH0GUR,19,0
307GENXH0GUR,19,1
307GENXH0GUR,20,0
307GENXH0GUR,20,1
307GENXH0GUR,21,0
307GENXH0GUR,21,1
307GENXH0GUR,22,0
307GENXH0GUR,22,1
028SDP2GZJ6R,1,0
028SDP2GZJ6R,2,0
028SDP2GZJ6R,3,0
028SDP2GZJ6R,4,0
028SDP2GZJ6R,5,0
028SDP2GZJ6R,6,0
028SDP2GZJ6R,7,0
028SDP2GZJ6R,8,0
028SDP2GZJ6R,8,1
028SDP2GZJ6R,9,0
028SDP2GZJ6R,10,0
028SDP2GZJ6R,10,1
028SDP2GZJ6R,11,0
028SDP2GZJ6R,11,1
E61L6JRJN9VG,1,0
E61L6JRJN9VG,1,1
E61L6JRJN9VG,2,0
E61L6JRJN9VG,2,1
YM4IEJDP49WP,1,0
YM4IEJDP49WP,1,1
YM4IEJDP49WP,1,3
YM4IEJDP49WP,2,0
YM4IEJDP49WP,2,1
YM4IEJDP49WP,2,3
EC3J2XLJH2U0,1,0
EC3J2XLJH2U0,1,1
EC3J2XLJH2U0,2,0
EC3J2XLJH2U0,2,1
EC3J2XLJH2U0,3,0
EC3J2XLJH2U0,3,1
EC3J2XLJH2U0,4,0
EC3J2XLJH2U0,4,1
EC3J2XLJH2U0,5,0
EC3J2XLJH2U0,5,1
EC3J2XLJH2U0,6,0
EC3J2XLJH2U0,6,1
EC3J2XLJH2U0,7,0
EC3J2XLJH2U0,7,1
EC3J2XLJH2U0,8,0
EC3J2XLJH2U0,8,1
EC3J2XLJH2U0,9,0
EC3J2XLJH2U0,9,1
96922W8IB3G2,1,0
96922W8IB3G2,1,1
96922W8IB3G2,2,0
96922W8IB3G2,3,0
96922W8IB3G2,4,0
96922W8IB3G2,5,0
96922W8IB3G2,6,0
96922W8IB3G2,7,0
96922W8IB3G2,8,0
96922W8IB3G2,9,0
96922W8IB3G2,9,1
96922W8IB3G2,10,0
96922W8IB3G2,10,1
96922W8IB3G2,11,0
96922W8IB3G2,12,0
96922W8IB3G2,13,0
96922W8IB3G2,14,0
96922W8IB3G2,14,1
O94KJZY3BIEN,1,0
O94KJZY3BIEN,1,2
O94KJZY3BIEN,2,0
O94KJZY3BIEN,2,2
O94KJZY3BIEN,3,0
O94KJZY3BIEN,3,2
O94KJZY3BIEN,4,0
O94KJZY3BIEN,4,2
O94KJZY3BIEN,5,0
O94KJZY3BIEN,5,2
O94KJZY3BIEN,6,0
O94KJZY3BIEN,6,1
O94KJZY3BIEN,6,2
O94KJZY3BIEN,7,0
O94KJZY3BIEN,7,2
O94KJZY3BIEN,8,0
O94KJZY3BIEN,8,2
O94KJZY3BIEN,9,0
O94KJZY3BIEN,9,2
O94KJZY3BIEN,10,0
O94KJZY3BIEN,10,2
O94KJZY3BIEN,11,0
O94KJZY3BIEN,11,2
O94KJZY3BIEN,12,0
O94KJZY3BIEN,12,2
O94KJZY3BIEN,13,0
O94KJZY3BIEN,13,2
O94KJZY3BIEN,14,0
O94KJZY3BIEN,14,2
O94KJZY3BIEN,15,0
O94KJZY3BIEN,15,2
O94KJZY3BIEN,16,0
O94KJZY3BIEN,16,2
O94KJZY3BIEN,17,0
O94KJZY3BIEN,17,2
O94KJZY3BIEN,18,0
O94KJZY3BIEN,18,2
O94KJZY3BIEN,19,0
O94KJZY3BIEN,19,2
O94KJZY3BIEN,20,0
O94KJZY3BIEN,20,2
H748WYBBFHWU,1,0
H748WYBBFHWU,1,1
H748WYBBFHWU,2,0
H748WYBBFHWU,2,1
H2SVBHVVMKUT,1,0
H2SVBHVVMKUT,2,0
H2SVBHVVMKUT,3,0
H2SVBHVVMKUT,4,0
H2SVBHVVMKUT,5,0
H2SVBHVVMKUT,6,0
H2SVBHVVMKUT,7,0
H2SVBHVVMKUT,8,0
9UO0YX5Q40FB,1,0
9UO0YX5Q40FB,2,0
9UO0YX5Q40FB,3,0
KITEV01L970K,1,0
KITEV01L970K,1,1
KITEV01L970K,2,0
KITEV01L970K,2,1
QDI7WCOABUTM,1,0
QDI7WCOABUTM,1,2
QDI7WCOABUTM,2,0
QDI7WCOABUTM,2,2
0CPFEXRFIZ5H,1,0
0CPFEXRFIZ5H,1,2
0CPFEXRFIZ5H,2,0
0CPFEXRFIZ5H,2,2
S8FLD8N4OCZU,1,0
S8FLD8N4OCZU,1,1
S8FLD8N4OCZU,2,0
S8FLD8N4OCZU,2,1
9G6Q3LO6L6GF,1,0
9G6Q3LO6L6GF,1,1
9G6Q3LO6L6GF,2,0
9G6Q3LO6L6GF,2,1
9G6Q3LO6L6GF,3,0
9G6Q3LO6L6GF,3,1
9G6Q3LO6L6GF,4,0
9G6Q3LO6L6GF,4,1
9G6Q3LO6L6GF,5,0
9G6Q3LO6L6GF,5,1
9G6Q3LO6L6GF,6,0
9G6Q3LO6L6GF,6,1
9G6Q3LO6L6GF,7,0
9G6Q3LO6L6GF,7,1
9G6Q3LO6L6GF,8,0
9G6Q3LO6L6GF,8,1
9G6Q3LO6L6GF,9,0
9G6Q3LO6L6GF,9,1
9G6Q3LO6L6GF,10,0
9G6Q3LO6L6GF,10,1
BJJJZPZPNE7A,1,0
BJJJZPZPNE7A,1,2
BJJJZPZPNE7A,1,3
BJJJZPZPNE7A,2,0
BJJJZPZPNE7A,2,2
BJJJZPZPNE7A,2,3
FRCXBRGYGU36,1,0
FRCXBRGYGU36,1,1
FRCXBRGYGU36,2,0
R2N0DXLQ8C0I,1,0
R2N0DXLQ8C0I,1,1
R2N0DXLQ8C0I,1,2
R2N0DXLQ8C0I,2,0
R2N0DXLQ8C0I,2,1
R2N0DXLQ8C0I,2,2
R2N0DXLQ8C0I,3,0
R2N0DXLQ8C0I,3,1
R2N0DXLQ8C0I,3,2
R2N0DXLQ8C0I,4,0
R2N0DXLQ8C0I,4,1
R2N0DXLQ8C0I,4,2
R2N0DXLQ8C0I,5,0
R2N0DXLQ8C0I,5,1
R2N0DXLQ8C0I,5,2
R2N0DXLQ8C0I,6,0
R2N0DXLQ8C0I,6,1
R2N0DXLQ8C0I,6,2
R2N0DXLQ8C0I,7,0
R2N0DXLQ8C0I,7,1
R2N0DXLQ8C0I,7,2
R2N0DXLQ8C0I,8,0
R2N0DXLQ8C0I,8,1
R2N0DXLQ8C0I,8,2
R2N0DXLQ8C0I,9,0
R2N0DXLQ8C0I,9,1
R2N0DXLQ8C0I,9,2
R2N0DXLQ8C0I,10,0
R2N0DXLQ8C0I,10,1
R2N0DXLQ8C0I,10,2
R2N0DXLQ8C0I,11,0
R2N0DXLQ8C0I,11,1
R2N0DXLQ8C0I,11,2
R2N0DXLQ8C0I,12,0
R2N0DXLQ8C0I,12,1
R2N0DXLQ8C0I,12,2
R2N0DXLQ8C0I,13,0
R2N0DXLQ8C0I,13,1
R2N0DXLQ8C0I,13,2
R2N0DXLQ8C0I,14,0
R2N0DXLQ8C0I,14,1
R2N0DXLQ8C0I,14,2
R2N0DXLQ8C0I,15,0
R2N0DXLQ8C0I,15,1
R2N0DXLQ8C0I,15,2
R2N0DXLQ8C0I,16,0
R2N0DXLQ8C0I,16,1
R2N0DXLQ8C0I,16,2
R2N0DXLQ8C0I,17,0
R2N0DXLQ8C0I,17,1
R2N0DXLQ8C0I,17,2
R2N0DXLQ8C0I,18,0
R2N0DXLQ8C0I,18,1
R2N0DXLQ8C0I,18,2
R2N0DXLQ8C0I,19,0
R2N0DXLQ8C0I,19,1
R2N0DXLQ8C0I,19,2
R2N0DXLQ8C0I,20,0
R2N0DXLQ8C0I,20,1
R2N0DXLQ8C0I,20,2
R2N0DXLQ8C0I,21,0
R2N0DXLQ8C0I,21,1
R2N0DXLQ8C0I,21,2
R2N0DXLQ8C0I,22,0
R2N0DXLQ8C0I,22,1
R2N0DXLQ8C0I,22,2
R2N0DXLQ8C0I,23,0
R2N0DXLQ8C0I,23,1
R2N0DXLQ8C0I,23,2
R2N0DXLQ8C0I,24,0
R2N0DXLQ8C0I,24,1
R2N0DXLQ8C0I,24,2
R2N0DXLQ8C0I,25,0
R2N0DXLQ8C0I,25,1
R2N0DXLQ8C0I,25,2
8PHH0M3BPOCH,1,0
8PHH0M3BPOCH,1,1
8PHH0M3BPOCH,1,2
8PHH0M3BPOCH,1,3
8PHH0M3BPOCH,2,0
8PHH0M3BPOCH,2,1
8PHH0M3BPOCH,2,2
8PHH0M3BPOCH,2,3
6YPSPPIZ9SB8,1,0
6YPSPPIZ9SB8,2,0
6YPSPPIZ9SB8,3,0
6YPSPPIZ9SB8,3,1
6YPSPPIZ9SB8,4,0
6YPSPPIZ9SB8,5,0
6YPSPPIZ9SB8,6,0
6YPSPPIZ9SB8,7,0
6YPSPPIZ9SB8,8,0
6YPSPPIZ9SB8,9,0
6YPSPPIZ9SB8,9,1
6YPSPPIZ9SB8,10,0
6YPSPPIZ9SB8,11,0
6YPSPPIZ9SB8,12,0
6YPSPPIZ9SB8,13,0
6YPSPPIZ9SB8,14,0
6YPSPPIZ9SB8,15,0
6YPSPPIZ9SB8,16,0
6YPSPPIZ9SB8,16,1
6YPSPPIZ9SB8,17,0
KIMB1UXU04ZV,1,0
KIMB1UXU04ZV,1,2
KIMB1UXU04ZV,1,3
KIMB1UXU04ZV,2,0
KIMB1UXU04ZV,2,2
KIMB1UXU04ZV,2,3
KIMB1UXU04ZV,3,0
KIMB1UXU04ZV,3,1
KIMB1UXU04ZV,3,2
KIMB1UXU04ZV,3,3
KIMB1UXU04ZV,4,0
KIMB1UXU04ZV,4,1
KIMB1UXU04ZV,4,2
KIMB1UXU04ZV,4,3
WBPH2PA4CJB9,1,0
WBPH2PA4CJB9,1,1
WBPH2PA4CJB9,2,0
WBPH2PA4CJB9,2,1
8W4JWL8750WK,1,0
8W4JWL8750WK,2,0
Y7VWKCQRSQH1,1,0
Y7VWKCQRSQH1,2,0
Y7VWKCQRSQH1,3,0
Y7VWKCQRSQH1,4,0
Y7VWKCQRSQH1,5,0
Y7VWKCQRSQH1,6,0
Y7VWKCQRSQH1,7,0
Y7VWKCQRSQH1,8,0
Y7VWKCQRSQH1,9,0
Y7VWKCQRSQH1,10,0
Y7VWKCQRSQH1,11,0
Y7VWKCQRSQH1,12,0
Y7VWKCQRSQH1,13,0
Y7VWKCQRSQH1,14,0
Y7VWKCQRSQH1,15,0
Y7VWKCQRSQH1,16,0
Y7VWKCQRSQH1,17,0
Y7VWKCQRSQH1,18,0
Y7VWKCQRSQH1,19,0
Y7VWKCQRSQH1,20,0
Y7VWKCQRSQH1,21,0
Y7VWKCQRSQH1,22,0
Y7VWKCQRSQH1,23,0
Y7VWKCQRSQH1,24,0
ZN46746IATOT,1,0
ZN46746IATOT,2,0
25F58RHSAX6W,1,0
25F58RHSAX6W,1,1
25F58RHSAX6W,2,0
25F58RHSAX6W,2,1
D8LZ4Q3WOZZG,1,0
D8LZ4Q3WOZZG,2,0
D8LZ4Q3WOZZG,3,0
D8LZ4Q3WOZZG,4,0
D8LZ4Q3WOZZG,5,0
D8LZ4Q3WOZZG,6,0
D8LZ4Q3WOZZG,7,0
D8LZ4Q3WOZZG,8,0
D8LZ4Q3WOZZG,9,0
D8LZ4Q3WOZZG,10,0
D8LZ4Q3WOZZG,11,0
D8LZ4Q3WOZZG,12,0
D8LZ4Q3WOZZG,13,0
D8LZ4Q3WOZZG,14,0
D8LZ4Q3WOZZG,15,0
80388UE16KFY,1,0
80388UE16KFY,2,0
80388UE16KFY,3,0
80388UE16KFY,4,0
80388UE16KFY,5,0
80388UE16KFY,6,0
80388UE16KFY,7,0
80388UE16KFY,8,0
80388UE16KFY,9,0
80388UE16KFY,10,0
80388UE16KFY,11,0
80388UE16KFY,12,0
80388UE16KFY,13,0
80388UE16KFY,14,0
80388UE16KFY,15,0
80388UE16KFY,16,0
80388UE16KFY,17,0
80388UE16KFY,18,0
80388UE16KFY,19,0
80388UE16KFY,20,0
232TN1WCFHZ5,1,0
232TN1WCFHZ5,2,0
232TN1WCFHZ5,3,0
232TN1WCFHZ5,4,0
232TN1WCFHZ5,4,1
232TN1WCFHZ5,5,0
232TN1WCFHZ5,5,1
232TN1WCFHZ5,6,0
232TN1WCFHZ5,6,1
232TN1WCFHZ5,7,0
232TN1WCFHZ5,7,1
232TN1WCFHZ5,8,0
232TN1WCFHZ5,8,1
232TN1WCFHZ5,9,0
232TN1WCFHZ5,10,0
232TN1WCFHZ5,10,1
232TN1WCFHZ5,11,0
232TN1WCFHZ5,12,0
232TN1WCFHZ5,13,0
232TN1WCFHZ5,14,0
232TN1WCFHZ5,15,0
232TN1WCFHZ5,16,0
232TN1WCFHZ5,17,0
232TN1WCFHZ5,18,0
232TN1WCFHZ5,18,1
232TN1WCFHZ5,19,0
232TN1WCFHZ5,19,1
LJL1DBCR3VW8,1,0
LJL1DBCR3VW8,1,1
LJL1DBCR3VW8,2,0
LJL1DBCR3VW8,2,1
LJL1DBCR3VW8,3,0
LJL1DBCR3VW8,3,1
LJL1DBCR3VW8,4,0
LJL1DBCR3VW8,4,1
LJL1DBCR3VW8,5,0
LJL1DBCR3VW8,5,1
LJL1DBCR3VW8,6,0
LJL1DBCR3VW8,6,1
LJL1DBCR3VW8,7,0
LJL1DBCR3VW8,7,1
LJL1DBCR3VW8,8,0
LJL1DBCR3VW8,8,1
LJL1DBCR3VW8,9,0
LJL1DBCR3VW8,9,1
LJL1DBCR3VW8,10,0
LJL1DBCR3VW8,10,1
LJL1DBCR3VW8,11,0
LJL1DBCR3VW8,11,1
LJL1DBCR3VW8,12,0
LJL1DBCR3VW8,12,1
LJL1DBCR3VW8,13,0
LJL1DBCR3VW8,13,1
LJL1DBCR3VW8,14,0
LJL1DBCR3VW8,14,1
LJL1DBCR3VW8,15,0
LJL1DBCR3VW8,15,1
LJL1DBCR3VW8,16,0
LJL1DBCR3VW8,16,1
KPUWXQLIV86O,1,0
KPUWXQLIV86O,2,0
7FBY7UGIQ9XI,1,0
7FBY7UGIQ9XI,1,1
7FBY7UGIQ9XI,2,0
7FBY7UGIQ9XI,2,1
7FBY7UGIQ9XI,3,0
7FBY7UGIQ9XI,3,1
7FBY7UGIQ9XI,4,0
7FBY7UGIQ9XI,4,1
7FBY7UGIQ9XI,5,0
7FBY7UGIQ9XI,5,1
7FBY7UGIQ9XI,6,0
7FBY7UGIQ9XI,6,1
7FBY7UGIQ9XI,7,0
7FBY7UGIQ9XI,7,1
7FBY7UGIQ9XI,8,0
7FBY7UGIQ9XI,8,1
7FBY7UGIQ9XI,9,0
7FBY7UGIQ9XI,9,1
7FBY7UGIQ9XI,10,0
7FBY7UGIQ9XI,10,1
7FBY7UGIQ9XI,11,0
7FBY7UGIQ9XI,11,1
7FBY7UGIQ9XI,12,0
7FBY7UGIQ9XI,12,1
7FBY7UGIQ9XI,13,0
7FBY7UGIQ9XI,13,1
7FBY7UGIQ9XI,14,0
7FBY7UGIQ9XI,14,1
7FBY7UGIQ9XI,15,0
7FBY7UGIQ9XI,15,1
7FBY7UGIQ9XI,16,0
7FBY7UGIQ9XI,16,1
7FBY7UGIQ9XI,17,0
7FBY7UGIQ9XI,17,1
7FBY7UGIQ9XI,18,0
7FBY7UGIQ9XI,18,1
7FBY7UGIQ9XI,19,0
7FBY7UGIQ9XI,19,1
7FBY7UGIQ9XI,20,0
7FBY7UGIQ9XI,20,1
7FBY7UGIQ9XI,21,0
7FBY7UGIQ9XI,21,1
4923X29P1EDT,1,0
4923X29P1EDT,1,1
4923X29P1EDT,2,0
4923X29P1EDT,2,1
4923X29P1EDT,3,0
4923X29P1EDT,3,1
4923X29P1EDT,4,0
4923X29P1EDT,4,1
4923X29P1EDT,5,0
4923X29P1EDT,5,1
4923X29P1EDT,6,0
4923X29P1EDT,6,1
4923X29P1EDT,7,0
4923X29P1EDT,7,1
4923X29P1EDT,8,0
4923X29P1EDT,8,1
4923X29P1EDT,9,0
4923X29P1EDT,9,1
JOD36W131631,1,0
JOD36W131631,1,1
JOD36W131631,2,0
JOD36W131631,2,1
JOD36W131631,3,0
JOD36W131631,3,1
JOD36W131631,4,0
JOD36W131631,4,1
JPC42EGZXOOF,1,0
JPC42EGZXOOF,2,0
JPC42EGZXOOF,3,0
KWPAULBOKA37,1,0
KWPAULBOKA37,2,0
KWPAULBOKA37,3,0
KWPAULBOKA37,4,0
KWPAULBOKA37,5,0
KWPAULBOKA37,6,0
KWPAULBOKA37,7,0
KWPAULBOKA37,8,0
KWPAULBOKA37,9,0
KWPAULBOKA37,10,0
KWPAULBOKA37,11,0
KWPAULBOKA37,12,0
KWPAULBOKA37,13,0
KWPAULBOKA37,14,0
KWPAULBOKA37,15,0
KWPAULBOKA37,16,0
KWPAULBOKA37,17,0
KWPAULBOKA37,18,0
I1X8835TEMAK,1,0
I1X8835TEMAK,1,2
I1X8835TEMAK,2,0
I1X8835TEMAK,2,2
I1X8835TEMAK,3,0
I1X8835TEMAK,3,2
I1X8835TEMAK,4,0
I1X8835TEMAK,4,2
I1X8835TEMAK,5,0
I1X8835TEMAK,5,2
I1X8835TEMAK,6,0
I1X8835TEMAK,6,2
I1X8835TEMAK,7,0
I1X8835TEMAK,7,2
I1X8835TEMAK,8,0
I1X8835TEMAK,8,1
I1X8835TEMAK,9,0
I1X8835TEMAK,9,1
I1X8835TEMAK,10,0
I1X8835TEMAK,10,1
I1X8835TEMAK,11,0
I1X8835TEMAK,11,1
I1X8835TEMAK,12,0
I1X8835TEMAK,12,1
I1X8835TEMAK,12,2
I1X8835TEMAK,13,0
I1X8835TEMAK,13,1
I1X8835TEMAK,14,0
I1X8835TEMAK,14,2
I1X8835TEMAK,15,0
I1X8835TEMAK,15,2
V8DBNO7ETU65,1,0
V8DBNO7ETU65,2,0
V8DBNO7ETU65,2,1
V8DBNO7ETU65,3,0
V8DBNO7ETU65,4,0
V8DBNO7ETU65,5,0
V8DBNO7ETU65,5,1
V8DBNO7ETU65,6,0
V8DBNO7ETU65,6,1
D4HHU33FIQLN,1,0
D4HHU33FIQLN,1,1
D4HHU33FIQLN,2,0
D4HHU33FIQLN,2,1
D4HHU33FIQLN,3,0
D4HHU33FIQLN,3,1
D4HHU33FIQLN,4,0
D4HHU33FIQLN,4,1
D4HHU33FIQLN,5,0
D4HHU33FIQLN,5,1
D4HHU33FIQLN,6,0
D4HHU33FIQLN,6,1
D4HHU33FIQLN,7,0
D4HHU33FIQLN,7,1
D4HHU33FIQLN,8,0
D4HHU33FIQLN,8,1
D4HHU33FIQLN,9,0
D4HHU33FIQLN,9,1
D4HHU33FIQLN,10,0
D4HHU33FIQLN,10,1
D4HHU33FIQLN,11,0
D4HHU33FIQLN,11,1
D4HHU33FIQLN,12,0
D4HHU33FIQLN,12,1
D4HHU33FIQLN,13,0
D4HHU33FIQLN,13,1
D4HHU33FIQLN,14,0
D4HHU33FIQLN,14,1
D4HHU33FIQLN,15,0
D4HHU33FIQLN,15,1
D4HHU33FIQLN,16,0
D4HHU33FIQLN,16,1
D4HHU33FIQLN,17,0
D4HHU33FIQLN,17,1
TH0KLUYRDHL1,1,0
TH0KLUYRDHL1,1,1
TH0KLUYRDHL1,2,0
TH0KLUYRDHL1,2,1
TH0KLUYRDHL1,3,0
TH0KLUYRDHL1,4,0
TH0KLUYRDHL1,5,0
TH0KLUYRDHL1,5,1
TH0KLUYRDHL1,6,0
TH0KLUYRDHL1,7,0
TH0KLUYRDHL1,8,0
TH0KLUYRDHL1,8,1
TH0KLUYRDHL1,9,0
TH0KLUYRDHL1,10,0
TH0KLUYRDHL1,11,0
TH0KLUYRDHL1,12,0
TH0KLUYRDHL1,13,0
TH0KLUYRDHL1,13,1
TH0KLUYRDHL1,14,0
TH0KLUYRDHL1,15,0
BQ1YEAWMTHY1,1,0
BQ1YEAWMTHY1,2,0
TR8NWTBZXTL9,1,0
TR8NWTBZXTL9,2,0
TR8NWTBZXTL9,3,0
TR8NWTBZXTL9,4,0
TR8NWTBZXTL9,5,0
TR8NWTBZXTL9,6,0
TR8NWTBZXTL9,7,0
TR8NWTBZXTL9,8,0
TR8NWTBZXTL9,9,0
TR8NWTBZXTL9,10,0
TR8NWTBZXTL9,11,0
TR8NWTBZXTL9,12,0
TR8NWTBZXTL9,13,0
TR8NWTBZXTL9,14,0
TR8NWTBZXTL9,15,0
TR8NWTBZXTL9,16,0
TR8NWTBZXTL9,17,0
TR8NWTBZXTL9,18,0
TR8NWTBZXTL9,18,1
TR8NWTBZXTL9,19,0
TR8NWTBZXTL9,20,0
TR8NWTBZXTL9,21,0
TR8NWTBZXTL9,22,0
TR8NWTBZXTL9,23,0
824I4B0CS6VQ,1,0
824I4B0CS6VQ,2,0
824I4B0CS6VQ,2,2
824I4B0CS6VQ,3,0
824I4B0CS6VQ,4,0
824I4B0CS6VQ,4,2
824I4B0CS6VQ,5,0
824I4B0CS6VQ,5,2
824I4B0CS6VQ,6,0
WJQGJ447FBDV,1,0
WJQGJ447FBDV,1,3
WJQGJ447FBDV,2,0
WJQGJ447FBDV,2,3
WJQGJ447FBDV,3,0
WJQGJ447FBDV,3,3
WJQGJ447FBDV,4,0
WJQGJ447FBDV,4,3
WJQGJ447FBDV,5,0
WJQGJ447FBDV,5,3
WJQGJ447FBDV,6,0
WJQGJ447FBDV,6,3
WJQGJ447FBDV,7,0
WJQGJ447FBDV,7,3
WJQGJ447FBDV,8,0
WJQGJ447FBDV,8,3
WJQGJ447FBDV,9,0
WJQGJ447FBDV,9,3
WJQGJ447FBDV,10,0
WJQGJ447FBDV,10,3
WJQGJ447FBDV,11,0
WJQGJ447FBDV,11,3
WJQGJ447FBDV,12,0
WJQGJ447FBDV,12,3
WJQGJ447FBDV,13,0
WJQGJ447FBDV,13,3
WJQGJ447FBDV,14,0
WJQGJ447FBDV,14,3
URLZ8E0NNGA3,1,0
URLZ8E0NNGA3,1,1
URLZ8E0NNGA3,2,0
URLZ8E0NNGA3,2,1
PJ1BZAVFO4KA,1,0
PJ1BZAVFO4KA,1,1
PJ1BZAVFO4KA,2,0
PJ1BZAVFO4KA,2,1
PJ1BZAVFO4KA,3,0
PJ1BZAVFO4KA,3,1
PJ1BZAVFO4KA,3,3
PJ1BZAVFO4KA,4,0
PJ1BZAVFO4KA,4,1
PJ1BZAVFO4KA,5,0
PJ1BZAVFO4KA,5,1
PJ1BZAVFO4KA,5,3
PJ1BZAVFO4KA,6,0
PJ1BZAVFO4KA,6,1
PJ1BZAVFO4KA,6,3
PJ1BZAVFO4KA,7,0
PJ1BZAVFO4KA,7,1
PJ1BZAVFO4KA,8,0
PJ1BZAVFO4KA,8,1
PJ1BZAVFO4KA,8,3
PJ1BZAVFO4KA,9,0
PJ1BZAVFO4KA,9,1
PJ1BZAVFO4KA,9,3
PJ1BZAVFO4KA,10,0
PJ1BZAVFO4KA,10,1
PJ1BZAVFO4KA,10,3
PJ1BZAVFO4KA,11,0
PJ1BZAVFO4KA,11,3
PJ1BZAVFO4KA,12,0
PJ1BZAVFO4KA,12,3
PJ1BZAVFO4KA,13,0
PJ1BZAVFO4KA,13,1
PJ1BZAVFO4KA,14,0
PJ1BZAVFO4KA,14,1
PJ1BZAVFO4KA,14,3
A22XYVLK1EHZ,1,0
A22XYVLK1EHZ,2,0
A22XYVLK1EHZ,3,0
A22XYVLK1EHZ,4,0
A22XYVLK1EHZ,5,0
A22XYVLK1EHZ,6,0
A22XYVLK1EHZ,7,0
A22XYVLK1EHZ,8,0
A22XYVLK1EHZ,9,0
A22XYVLK1EHZ,10,0
A22XYVLK1EHZ,11,0
A22XYVLK1EHZ,12,0
A22XYVLK1EHZ,13,0
A22XYVLK1EHZ,14,0
A22XYVLK1EHZ,15,0
A22XYVLK1EHZ,16,0
A22XYVLK1EHZ,17,0
OEQJAQZ9E3N7,1,0
OEQJAQZ9E3N7,1,1
OEQJAQZ9E3N7,1,2
OEQJAQZ9E3N7,2,0
OEQJAQZ9E3N7,2,1
OEQJAQZ9E3N7,2,2
OEQJAQZ9E3N7,3,0
OEQJAQZ9E3N7,3,1
OEQJAQZ9E3N7,3,2
OEQJAQZ9E3N7,4,0
OEQJAQZ9E3N7,4,1
OEQJAQZ9E3N7,4,2
OEQJAQZ9E3N7,5,0
OEQJAQZ9E3N7,5,1
OEQJAQZ9E3N7,5,2
GNW1ZX0KE13W,1,0
GNW1ZX0KE13W,1,1
GNW1ZX0KE13W,2,0
GNW1ZX0KE13W,2,1
GNW1ZX0KE13W,3,0
GNW1ZX0KE13W,4,0
GNW1ZX0KE13W,4,1
GNW1ZX0KE13W,5,0
GNW1ZX0KE13W,5,1
GNW1ZX0KE13W,6,0
GNW1ZX0KE13W,7,0
GNW1ZX0KE13W,8,0
GNW1ZX0KE13W,9,0
GNW1ZX0KE13W,9,1
GNW1ZX0KE13W,10,0
GNW1ZX0KE13W,11,0
GNW1ZX0KE13W,11,1
GNW1ZX0KE13W,12,0
GNW1ZX0KE13W,13,0
GNW1ZX0KE13W,13,1
GNW1ZX0KE13W,14,0
GNW1ZX0KE13W,14,1
GNW1ZX0KE13W,15,0
GNW1ZX0KE13W,16,0
GNW1ZX0KE13W,17,0
GNW1ZX0KE13W,17,1
GNW1ZX0KE13W,18,0
GNW1ZX0KE13W,18,1
GNW1ZX0KE13W,19,0
GNW1ZX0KE13W,20,0
GNW1ZX0KE13W,21,0
GNW1ZX0KE13W,22,0
RK8A6A82A420,1,0
RK8A6A82A420,2,0
RK8A6A82A420,3,0
RK8A6A82A420,4,0
RK8A6A82A420,5,0
RK8A6A82A420,6,0
RK8A6A82A420,7,0
RK8A6A82A420,8,0
RK8A6A82A420,9,0
RK8A6A82A420,10,0
RK8A6A82A420,11,0
RK8A6A82A420,12,0
RK8A6A82A420,13,0
RK8A6A82A420,14,0
RK8A6A82A420,15,0
RK8A6A82A420,16,0
RK8A6A82A420,17,0
RK8A6A82A420,18,0
RK8A6A82A420,19,0
4QVALT7RC4UY,1,0
4QVALT7RC4UY,2,0
4QVALT7RC4UY,3,0
4QVALT7RC4UY,4,0
4QVALT7RC4UY,5,0
4QVALT7RC4UY,6,0
4QVALT7RC4UY,7,0
4QVALT7RC4UY,8,0
4QVALT7RC4UY,9,0
4QVALT7RC4UY,10,0
4QVALT7RC4UY,11,0
4QVALT7RC4UY,12,0
4QVALT7RC4UY,13,0
4QVALT7RC4UY,14,0
4QVALT7RC4UY,15,0
32ET3UDK7MIR,1,0
32ET3UDK7MIR,1,1
32ET3UDK7MIR,2,0
32ET3UDK7MIR,3,0
32ET3UDK7MIR,4,0
32ET3UDK7MIR,5,0
32ET3UDK7MIR,6,0
32ET3UDK7MIR,7,0
32ET3UDK7MIR,7,1
32ET3UDK7MIR,8,0
32ET3UDK7MIR,9,0
32ET3UDK7MIR,10,0
32ET3UDK7MIR,11,0
32ET3UDK7MIR,12,0
32ET3UDK7MIR,12,1
32ET3UDK7MIR,13,0
32ET3UDK7MIR,13,1
32ET3UDK7MIR,14,0
32ET3UDK7MIR,15,0
32ET3UDK7MIR,16,0
32ET3UDK7MIR,17,0
32ET3UDK7MIR,18,0
32ET3UDK7MIR,19,0
32ET3UDK7MIR,19,1
32ET3UDK7MIR,20,0
32ET3UDK7MIR,21,0
32ET3UDK7MIR,22,0
32ET3UDK7MIR,23,0
32ET3UDK7MIR,23,1
32ET3UDK7MIR,24,0
32ET3UDK7MIR,25,0
TASW52GCO8L9,1,0
TASW52GCO8L9,1,1
TASW52GCO8L9,2,0
TASW52GCO8L9,2,1
TASW52GCO8L9,3,0
TASW52GCO8L9,3,2
TASW52GCO8L9,4,0
TASW52GCO8L9,4,1
TASW52GCO8L9,4,2
TASW52GCO8L9,5,0
TASW52GCO8L9,5,2
TASW52GCO8L9,6,0
TASW52GCO8L9,6,1
TASW52GCO8L9,7,0
TASW52GCO8L9,7,1
TASW52GCO8L9,8,0
TASW52GCO8L9,8,2
TASW52GCO8L9,9,0
TASW52GCO8L9,9,2
TASW52GCO8L9,10,0
TASW52GCO8L9,10,1
TASW52GCO8L9,11,0
TASW52GCO8L9,11,1
TASW52GCO8L9,12,0
TASW52GCO8L9,12,1
TASW52GCO8L9,13,0
TASW52GCO8L9,13,1
TASW52GCO8L9,13,2
TASW52GCO8L9,14,0
TASW52GCO8L9,14,1
TASW52GCO8L9,15,0
TASW52GCO8L9,15,2
TASW52GCO8L9,16,0
TASW52GCO8L9,16,1
W0M93K7L4RX2,1,0
W0M93K7L4RX2,2,0
K7ZSKKGNF73B,1,0
K7ZSKKGNF73B,2,0
K7ZSKKGNF73B,3,0
K7ZSKKGNF73B,4,0
K7ZSKKGNF73B,5,0
K7ZSKKGNF73B,6,0
K7ZSKKGNF73B,7,0
K7ZSKKGNF73B,8,0
K7ZSKKGNF73B,9,0
K7ZSKKGNF73B,10,0
V16C76TBB0BO,1,0
V16C76TBB0BO,1,1
V16C76TBB0BO,2,0
V16C76TBB0BO,2,1
JWU7ECYAY6R8,1,0
JWU7ECYAY6R8,1,1
JWU7ECYAY6R8,2,0
JWU7ECYAY6R8,2,1
JWU7ECYAY6R8,3,0
JWU7ECYAY6R8,3,1
JWU7ECYAY6R8,4,0
JWU7ECYAY6R8,4,1
JWU7ECYAY6R8,5,0
JWU7ECYAY6R8,5,1
JWU7ECYAY6R8,6,0
JWU7ECYAY6R8,6,1
JWU7ECYAY6R8,7,0
JWU7ECYAY6R8,7,1
JWU7ECYAY6R8,8,0
JWU7ECYAY6R8,8,1
JWU7ECYAY6R8,9,0
JWU7ECYAY6R8,9,1
JWU7ECYAY6R8,10,0
JWU7ECYAY6R8,10,1
JWU7ECYAY6R8,11,0
JWU7ECYAY6R8,11,1
JWU7ECYAY6R8,12,0
JWU7ECYAY6R8,12,1
ZCLCJ7QXUTAE,1,0
ZCLCJ7QXUTAE,1,1
ZCLCJ7QXUTAE,1,2
ZCLCJ7QXUTAE,2,0
ZCLCJ7QXUTAE,2,1
ZCLCJ7QXUTAE,2,2
ZCLCJ7QXUTAE,3,0
ZCLCJ7QXUTAE,3,1
ZCLCJ7QXUTAE,3,2
ZCLCJ7QXUTAE,4,0
ZCLCJ7QXUTAE,4,1
ZCLCJ7QXUTAE,4,2
ZCLCJ7QXUTAE,5,0
ZCLCJ7QXUTAE,5,1
ZCLCJ7QXUTAE,5,2
ZCLCJ7QXUTAE,6,0
ZCLCJ7QXUTAE,6,1
ZCLCJ7QXUTAE,6,2
ZCLCJ7QXUTAE,7,0
ZCLCJ7QXUTAE,7,2
ZCLCJ7QXUTAE,8,0
ZCLCJ7QXUTAE,8,2
B0BXQF77ZQUO,1,0
B0BXQF77ZQUO,2,0
B0BXQF77ZQUO,3,0
B0BXQF77ZQUO,4,0
B0BXQF77ZQUO,5,0
B0BXQF77ZQUO,6,0
B0BXQF77ZQUO,7,0
B0BXQF77ZQUO,8,0
B0BXQF77ZQUO,9,0
B0BXQF77ZQUO,10,0
B0BXQF77ZQUO,11,0
B0BXQF77ZQUO,12,0
B0BXQF77ZQUO,13,0
WZLA2FN2YPNT,1,0
WZLA2FN2YPNT,1,2
WZLA2FN2YPNT,2,0
WZLA2FN2YPNT,2,2
VLTJBLQ6EX63,1,0
VLTJBLQ6EX63,1,1
VLTJBLQ6EX63,2,0
VLTJBLQ6EX63,2,2
T65R5HFRQMXZ,1,0
T65R5HFRQMXZ,2,0
T65R5HFRQMXZ,3,0
T65R5HFRQMXZ,4,0
T65R5HFRQMXZ,5,0
T65R5HFRQMXZ,6,0
VYSZX0TI794M,1,0
VYSZX0TI794M,1,1
VYSZX0TI794M,2,0
VYSZX0TI794M,2,1
VYSZX0TI794M,3,0
VYSZX0TI794M,3,1
VYSZX0TI794M,4,0
VYSZX0TI794M,4,1
VYSZX0TI794M,5,0
VYSZX0TI794M,5,1
VYSZX0TI794M,6,0
VYSZX0TI794M,6,1
VYSZX0TI794M,7,0
VYSZX0TI794M,7,1
9JZEO0CBWJ3P,1,0
9JZEO0CBWJ3P,2,0
9JZEO0CBWJ3P,3,0
9JZEO0CBWJ3P,4,0
9JZEO0CBWJ3P,4,1
9JZEO0CBWJ3P,5,0
9JZEO0CBWJ3P,6,0
9JZEO0CBWJ3P,6,1
9JZEO0CBWJ3P,7,0
9JZEO0CBWJ3P,8,0
FUI2DXLBTP6L,1,0
FUI2DXLBTP6L,1,1
FUI2DXLBTP6L,1,3
FUI2DXLBTP6L,2,0
FUI2DXLBTP6L,2,1
FUI2DXLBTP6L,2,3
FUI2DXLBTP6L,3,0
FUI2DXLBTP6L,3,1
FUI2DXLBTP6L,3,3
FUI2DXLBTP6L,4,0
FUI2DXLBTP6L,4,1
FUI2DXLBTP6L,4,3
FUI2DXLBTP6L,5,0
FUI2DXLBTP6L,5,1
FUI2DXLBTP6L,5,3
FUI2DXLBTP6L,6,0
FUI2DXLBTP6L,6,3
FUI2DXLBTP6L,7,0
FUI2DXLBTP6L,7,1
FUI2DXLBTP6L,7,3
FUI2DXLBTP6L,8,0
FUI2DXLBTP6L,8,1
FUI2DXLBTP6L,8,3
FUI2DXLBTP6L,9,0
FUI2DXLBTP6L,9,1
FUI2DXLBTP6L,9,3
FUI2DXLBTP6L,10,0
FUI2DXLBTP6L,10,1
FUI2DXLBTP6L,10,3
BOYVW51IMG3O,1,0
BOYVW51IMG3O,1,1
BOYVW51IMG3O,2,0
BOYVW51IMG3O,2,1
ZSIH5ICLU8UM,1,0
ZSIH5ICLU8UM,1,1
ZSIH5ICLU8UM,2,0
ZSIH5ICLU8UM,2,1
ZSIH5ICLU8UM,3,0
ZSIH5ICLU8UM,3,1
ZSIH5ICLU8UM,4,0
ZSIH5ICLU8UM,4,1
ZSIH5ICLU8UM,5,0
ZSIH5ICLU8UM,5,1
ZSIH5ICLU8UM,6,0
ZSIH5ICLU8UM,6,1
ZSIH5ICLU8UM,7,0
ZSIH5ICLU8UM,7,1
ZSIH5ICLU8UM,8,0
ZSIH5ICLU8UM,9,0
ZSIH5ICLU8UM,9,1
ZSIH5ICLU8UM,10,0
ZSIH5ICLU8UM,10,1
8JJ33P0T0FPR,1,0
8JJ33P0T0FPR,1,1
8JJ33P0T0FPR,2,0
8JJ33P0T0FPR,3,0
8JJ33P0T0FPR,4,0
8JJ33P0T0FPR,5,0
8JJ33P0T0FPR,5,1
8JJ33P0T0FPR,6,0
8JJ33P0T0FPR,6,1
HXFMDSFH9X9X,1,0
HXFMDSFH9X9X,1,1
HXFMDSFH9X9X,2,0
HXFMDSFH9X9X,2,1
HXFMDSFH9X9X,3,0
HXFMDSFH9X9X,3,1
HXFMDSFH9X9X,4,0
HXFMDSFH9X9X,5,0
HXFMDSFH9X9X,6,0
HXFMDSFH9X9X,7,0
HXFMDSFH9X9X,7,1
HXFMDSFH9X9X,8,0
HXFMDSFH9X9X,8,1
HXFMDSFH9X9X,9,0
HXFMDSFH9X9X,9,1
HXFMDSFH9X9X,10,0
HXFMDSFH9X9X,10,1
HXFMDSFH9X9X,11,0
HXFMDSFH9X9X,11,1
2QWN92HYW3KV,1,0
2QWN92HYW3KV,2,0
2QWN92HYW3KV,3,0
2QWN92HYW3KV,4,0
2QWN92HYW3KV,5,0
2QWN92HYW3KV,6,0
2QWN92HYW3KV,7,0
2QWN92HYW3KV,8,0
2QWN92HYW3KV,9,0
2QWN92HYW3KV,10,0
2QWN92HYW3KV,11,0
2QWN92HYW3KV,12,0
2QWN92HYW3KV,13,0
2QWN92HYW3KV,14,0
2QWN92HYW3KV,15,0
2QWN92HYW3KV,16,0
2QWN92HYW3KV,17,0
2QWN92HYW3KV,18,0
DXOM7BNJ1YCG,1,0
DXOM7BNJ1YCG,1,1
DXOM7BNJ1YCG,2,0
DXOM7BNJ1YCG,2,1
DXOM7BNJ1YCG,3,0
DXOM7BNJ1YCG,3,1
DXOM7BNJ1YCG,4,0
DXOM7BNJ1YCG,4,2
DXOM7BNJ1YCG,5,0
DXOM7BNJ1YCG,5,2
DXOM7BNJ1YCG,6,0
DXOM7BNJ1YCG,6,1
DXOM7BNJ1YCG,7,0
DXOM7BNJ1YCG,7,2
DXOM7BNJ1YCG,8,0
DXOM7BNJ1YCG,8,2
DXOM7BNJ1YCG,9,0
DXOM7BNJ1YCG,9,1
7VWC0X5J49TR,1,0
7VWC0X5J49TR,2,0
7VWC0X5J49TR,3,0
7VWC0X5J49TR,3,1
7VWC0X5J49TR,4,0
7VWC0X5J49TR,5,0
7VWC0X5J49TR,6,0
7VWC0X5J49TR,7,0
7VWC0X5J49TR,8,0
7VWC0X5J49TR,9,0
7VWC0X5J49TR,10,0
7VWC0X5J49TR,10,1
7VWC0X5J49TR,11,0
7VWC0X5J49TR,11,1
7VWC0X5J49TR,12,0
7VWC0X5J49TR,13,0
7VWC0X5J49TR,14,0
7VWC0X5J49TR,14,1
7VWC0X5J49TR,15,0
7VWC0X5J49TR,16,0
7VWC0X5J49TR,17,0
7VWC0X5J49TR,17,1
7VWC0X5J49TR,18,0
7VWC0X5J49TR,19,0
7VWC0X5J49TR,20,0
7VWC0X5J49TR,21,0
7VWC0X5J49TR,22,0
7VWC0X5J49TR,23,0
7VWC0X5J49TR,23,1
7VWC0X5J49TR,24,0
1XGV6TFM8YF8,1,0
1XGV6TFM8YF8,2,0
87FRFKGQARO6,1,0
87FRFKGQARO6,1,1
87FRFKGQARO6,2,0
87FRFKGQARO6,2,1
87FRFKGQARO6,3,0
87FRFKGQARO6,3,1
87FRFKGQARO6,4,0
87FRFKGQARO6,4,1
AZJMJYXIK8TR,1,0
AZJMJYXIK8TR,1,1
AZJMJYXIK8TR,2,0
AZJMJYXIK8TR,2,1
AZJMJYXIK8TR,3,0
AZJMJYXIK8TR,3,1
AZJMJYXIK8TR,4,0
AZJMJYXIK8TR,4,1
AZJMJYXIK8TR,5,0
AZJMJYXIK8TR,5,1
AZJMJYXIK8TR,6,0
AZJMJYXIK8TR,6,1
AZJMJYXIK8TR,7,0
AZJMJYXIK8TR,7,1
AZJMJYXIK8TR,8,0
AZJMJYXIK8TR,8,1
PDYYZVA55KUN,1,0
PDYYZVA55KUN,2,0
NHDQBYICSCZU,1,0
NHDQBYICSCZU,2,0
NHDQBYICSCZU,3,0
5JVZHWAX5TJL,1,0
5JVZHWAX5TJL,1,1
5JVZHWAX5TJL,2,0
5JVZHWAX5TJL,2,1
5JVZHWAX5TJL,3,0
5JVZHWAX5TJL,3,1
5JVZHWAX5TJL,4,0
5JVZHWAX5TJL,4,1
5JVZHWAX5TJL,5,0
5JVZHWAX5TJL,5,1
5JVZHWAX5TJL,6,0
5JVZHWAX5TJL,6,1
XB7QLR7YPEPJ,1,0
XB7QLR7YPEPJ,1,1
XB7QLR7YPEPJ,1,2
XB7QLR7YPEPJ,2,0
XB7QLR7YPEPJ,2,1
XB7QLR7YPEPJ,2,2
XB7QLR7YPEPJ,3,0
XB7QLR7YPEPJ,3,2
XB7QLR7YPEPJ,4,0
XB7QLR7YPEPJ,4,2
XB7QLR7YPEPJ,5,0
XB7QLR7YPEPJ,5,1
XB7QLR7YPEPJ,6,0
XB7QLR7YPEPJ,6,1
XB7QLR7YPEPJ,7,0
XB7QLR7YPEPJ,7,1
1A15H5OHWAZ3,1,0
1A15H5OHWAZ3,1,1
1A15H5OHWAZ3,1,2
1A15H5OHWAZ3,2,0
1A15H5OHWAZ3,2,1
1A15H5OHWAZ3,2,2
3GRB8647R57W,1,0
3GRB8647R57W,2,0
3GRB8647R57W,3,0
3GRB8647R57W,4,0
3GRB8647R57W,5,0
3GRB8647R57W,6,0
3GRB8647R57W,7,0
3GRB8647R57W,8,0
3GRB8647R57W,9,0
3GRB8647R57W,10,0
3GRB8647R57W,11,0
6NO42HAY3RKR,1,0
6NO42HAY3RKR,2,0
4QNDPEJKY34M,1,0
4QNDPEJKY34M,1,1
4QNDPEJKY34M,2,0
4QNDPEJKY34M,2,1
4QNDPEJKY34M,3,0
4QNDPEJKY34M,4,0
4QNDPEJKY34M,4,1
4QNDPEJKY34M,5,0
4QNDPEJKY34M,5,1
4QNDPEJKY34M,6,0
4QNDPEJKY34M,6,1
4QNDPEJKY34M,7,0
4QNDPEJKY34M,7,1
4QNDPEJKY34M,8,0
4QNDPEJKY34M,8,1
4QNDPEJKY34M,9,0
4QNDPEJKY34M,9,1
4QNDPEJKY34M,10,0
4QNDPEJKY34M,10,1
4QNDPEJKY34M,11,0
4QNDPEJKY34M,11,1
4QNDPEJKY34M,12,0
4QNDPEJKY34M,12,1
4QNDPEJKY34M,13,0
4QNDPEJKY34M,13,1
4QNDPEJKY34M,14,0
4QNDPEJKY34M,14,1
4QNDPEJKY34M,15,0
4QNDPEJKY34M,15,1
4QNDPEJKY34M,16,0
4QNDPEJKY34M,16,1
4QNDPEJKY34M,17,0
4QNDPEJKY34M,17,1
4QNDPEJKY34M,18,0
4QNDPEJKY34M,18,1
4QNDPEJKY34M,19,0
4QNDPEJKY34M,19,1
4QNDPEJKY34M,20,0
4QNDPEJKY34M,20,1
4QNDPEJKY34M,21,0
4QNDPEJKY34M,21,1
4QNDPEJKY34M,22,0
4QNDPEJKY34M,22,1
4QNDPEJKY34M,23,0
4QNDPEJKY34M,23,1
4QNDPEJKY34M,24,0
4QNDPEJKY34M,24,1
4QNDPEJKY34M,25,0
4QNDPEJKY34M,25,1
PYKTSJFWZCIC,1,0
PYKTSJFWZCIC,2,0
WRGY7MR7KQLS,1,0
WRGY7MR7KQLS,1,2
WRGY7MR7KQLS,1,3
WRGY7MR7KQLS,2,0
WRGY7MR7KQLS,2,2
WRGY7MR7KQLS,2,3
WRGY7MR7KQLS,3,0
WRGY7MR7KQLS,3,2
WRGY7MR7KQLS,3,3
WRGY7MR7KQLS,4,0
WRGY7MR7KQLS,4,1
WRGY7MR7KQLS,4,2
WRGY7MR7KQLS,4,3
WRGY7MR7KQLS,5,0
WRGY7MR7KQLS,5,2
WRGY7MR7KQLS,5,3
WRGY7MR7KQLS,6,0
WRGY7MR7KQLS,6,1
WRGY7MR7KQLS,6,3
WRGY7MR7KQLS,7,0
WRGY7MR7KQLS,7,1
WRGY7MR7KQLS,7,2
WRGY7MR7KQLS,7,3
WRGY7MR7KQLS,8,0
WRGY7MR7KQLS,8,2
WRGY7MR7KQLS,8,3
WRGY7MR7KQLS,9,0
WRGY7MR7KQLS,9,1
WRGY7MR7KQLS,9,3
WRGY7MR7KQLS,10,0
WRGY7MR7KQLS,10,1
WRGY7MR7KQLS,10,3
WRGY7MR7KQLS,11,0
WRGY7MR7KQLS,11,1
WRGY7MR7KQLS,11,3
TPZHSU11WFAN,1,0
TPZHSU11WFAN,1,2
TPZHSU11WFAN,2,0
TPZHSU11WFAN,2,2
TPZHSU11WFAN,3,0
TPZHSU11WFAN,3,2
TPZHSU11WFAN,4,0
TPZHSU11WFAN,4,2
TPZHSU11WFAN,5,0
TPZHSU11WFAN,5,1
TPZHSU11WFAN,5,2
TPZHSU11WFAN,6,0
TPZHSU11WFAN,6,1
TPZHSU11WFAN,7,0
TPZHSU11WFAN,7,2
TPZHSU11WFAN,8,0
TPZHSU11WFAN,8,2
TPZHSU11WFAN,9,0
TPZHSU11WFAN,9,2
TPZHSU11WFAN,10,0
TPZHSU11WFAN,10,2
TPZHSU11WFAN,11,0
TPZHSU11WFAN,11,2
TPZHSU11WFAN,12,0
TPZHSU11WFAN,12,2
TPZHSU11WFAN,13,0
TPZHSU11WFAN,13,2
TPZHSU11WFAN,14,0
TPZHSU11WFAN,14,2
TPZHSU11WFAN,15,0
TPZHSU11WFAN,15,2
Y42X9APV7P2V,1,0
Y42X9APV7P2V,2,0
Y42X9APV7P2V,3,0
Y42X9APV7P2V,4,0
Y42X9APV7P2V,5,0
Y42X9APV7P2V,6,0
Y42X9APV7P2V,7,0
Y42X9APV7P2V,8,0
Y42X9APV7P2V,9,0
Y42X9APV7P2V,10,0
Y42X9APV7P2V,11,0
Y42X9APV7P2V,12,0
Y42X9APV7P2V,13,0
Y42X9APV7P2V,14,0
Y42X9APV7P2V,15,0
7P2IX9T33V8Z,1,0
7P2IX9T33V8Z,2,0
7P2IX9T33V8Z,3,0
7P2IX9T33V8Z,4,0
7P2IX9T33V8Z,5,0
7P2IX9T33V8Z,6,0
7P2IX9T33V8Z,7,0
7P2IX9T33V8Z,8,0
7P2IX9T33V8Z,9,0
164DQ1A1WR74,1,0
164DQ1A1WR74,1,2
164DQ1A1WR74,1,3
164DQ1A1WR74,2,0
164DQ1A1WR74,2,2
164DQ1A1WR74,2,3
164DQ1A1WR74,3,0
164DQ1A1WR74,3,3
164DQ1A1WR74,4,0
164DQ1A1WR74,4,2
164DQ1A1WR74,4,3
164DQ1A1WR74,5,0
164DQ1A1WR74,5,2
164DQ1A1WR74,5,3
164DQ1A1WR74,6,0
164DQ1A1WR74,6,2
164DQ1A1WR74,6,3
164DQ1A1WR74,7,0
164DQ1A1WR74,7,2
164DQ1A1WR74,7,3
164DQ1A1WR74,8,0
164DQ1A1WR74,8,2
164DQ1A1WR74,8,3
164DQ1A1WR74,9,0
164DQ1A1WR74,9,2
164DQ1A1WR74,9,3
164DQ1A1WR74,10,0
164DQ1A1WR74,10,2
164DQ1A1WR74,10,3
164DQ1A1WR74,11,0
164DQ1A1WR74,11,2
164DQ1A1WR74,11,3
164DQ1A1WR74,12,0
164DQ1A1WR74,12,2
164DQ1A1WR74,12,3
JWPC449HIMY7,1,0
JWPC449HIMY7,1,1
JWPC449HIMY7,1,2
JWPC449HIMY7,2,0
JWPC449HIMY7,2,2
JWPC449HIMY7,3,0
JWPC449HIMY7,3,2
JWPC449HIMY7,4,0
JWPC449HIMY7,4,1
JWPC449HIMY7,4,2
JWPC449HIMY7,5,0
JWPC449HIMY7,5,2
JWPC449HIMY7,6,0
JWPC449HIMY7,6,2
JWPC449HIMY7,7,0
JWPC449HIMY7,7,1
JWPC449HIMY7,8,0
JWPC449HIMY7,8,2
JWPC449HIMY7,9,0
JWPC449HIMY7,9,2
JWPC449HIMY7,10,0
JWPC449HIMY7,10,2
JWPC449HIMY7,11,0
JWPC449HIMY7,11,2
JWPC449HIMY7,12,0
JWPC449HIMY7,12,1
JWPC449HIMY7,12,2
JWPC449HIMY7,13,0
JWPC449HIMY7,13,2
JWPC449HIMY7,14,0
JWPC449HIMY7,14,1
JWPC449HIMY7,14,2
JWPC449HIMY7,15,0
JWPC449HIMY7,15,2
JWPC449HIMY7,16,0
JWPC449HIMY7,16,2
JWPC449HIMY7,17,0
JWPC449HIMY7,17,1
JWPC449HIMY7,17,2
JWPC449HIMY7,18,0
JWPC449HIMY7,18,1
JWPC449HIMY7,18,2
JWPC449HIMY7,19,0
JWPC449HIMY7,19,1
JWPC449HIMY7,19,2
IGJA58NFLVH9,1,0
IGJA58NFLVH9,2,0
IGJA58NFLVH9,3,0
IGJA58NFLVH9,4,0
IGJA58NFLVH9,5,0
IGJA58NFLVH9,6,0
IGJA58NFLVH9,7,0
IGJA58NFLVH9,8,0
IGJA58NFLVH9,9,0
IGJA58NFLVH9,9,1
IGJA58NFLVH9,10,0
IGJA58NFLVH9,11,0
IGJA58NFLVH9,12,0
IGJA58NFLVH9,13,0
IGJA58NFLVH9,14,0
IGJA58NFLVH9,14,1
T9FDDYKV3U62,1,0
T9FDDYKV3U62,1,1
T9FDDYKV3U62,2,0
T9FDDYKV3U62,2,1
T9FDDYKV3U62,3,0
T9FDDYKV3U62,3,1
T9FDDYKV3U62,4,0
T9FDDYKV3U62,4,1
T9FDDYKV3U62,5,0
T9FDDYKV3U62,5,1
T9FDDYKV3U62,6,0
T9FDDYKV3U62,6,1
T9FDDYKV3U62,7,0
T9FDDYKV3U62,7,1
T9FDDYKV3U62,8,0
T9FDDYKV3U62,8,1
T9FDDYKV3U62,9,0
T9FDDYKV3U62,9,1
T9FDDYKV3U62,10,0
T9FDDYKV3U62,10,1
T9FDDYKV3U62,11,0
T9FDDYKV3U62,11,1
T9FDDYKV3U62,12,0
T9FDDYKV3U62,12,1
T9FDDYKV3U62,13,0
T9FDDYKV3U62,13,1
T9FDDYKV3U62,14,0
T9FDDYKV3U62,14,1
T9FDDYKV3U62,15,0
T9FDDYKV3U62,15,1
T9FDDYKV3U62,16,0
T9FDDYKV3U62,16,1
T9FDDYKV3U62,17,0
T9FDDYKV3U62,17,1
T9FDDYKV3U62,18,0
T9FDDYKV3U62,18,1
T9FDDYKV3U62,19,0
T9FDDYKV3U62,19,1
T9FDDYKV3U62,20,0
T9FDDYKV3U62,20,1
0SMNGM3NAT69,1,0
0SMNGM3NAT69,2,0
LNOCNMM7IDVL,1,0
LNOCNMM7IDVL,1,1
LNOCNMM7IDVL,2,0
LNOCNMM7IDVL,3,0
LNOCNMM7IDVL,3,1
LNOCNMM7IDVL,4,0
LNOCNMM7IDVL,4,1
LNOCNMM7IDVL,5,0
LNOCNMM7IDVL,5,1
LNOCNMM7IDVL,6,0
LNOCNMM7IDVL,6,1
LNOCNMM7IDVL,7,0
LNOCNMM7IDVL,7,1
LNOCNMM7IDVL,8,0
LNOCNMM7IDVL,8,1
LNOCNMM7IDVL,9,0
LNOCNMM7IDVL,9,1
LNOCNMM7IDVL,10,0
LNOCNMM7IDVL,10,1
LNOCNMM7IDVL,11,0
LNOCNMM7IDVL,11,1
LNOCNMM7IDVL,12,0
LNOCNMM7IDVL,12,1
LNOCNMM7IDVL,13,0
M4D0J31IYFGD,1,0
M4D0J31IYFGD,2,0
M4D0J31IYFGD,2,1
M4D0J31IYFGD,3,0
M4D0J31IYFGD,3,1
M4D0J31IYFGD,4,0
M4D0J31IYFGD,4,1
M4D0J31IYFGD,5,0
M4D0J31IYFGD,5,1
M4D0J31IYFGD,6,0
M4D0J31IYFGD,6,1
R6ZAA5I3F8KX,1,0
R6ZAA5I3F8KX,1,1
R6ZAA5I3F8KX,2,0
R6ZAA5I3F8KX,2,1
L8M8VE6UXQ0V,1,0
L8M8VE6UXQ0V,1,1
L8M8VE6UXQ0V,2,0
L8M8VE6UXQ0V,3,0
L8M8VE6UXQ0V,3,1
L8M8VE6UXQ0V,4,0
L8M8VE6UXQ0V,4,1
L8M8VE6UXQ0V,5,0
L8M8VE6UXQ0V,5,1
L8M8VE6UXQ0V,6,0
L8M8VE6UXQ0V,7,0
L8M8VE6UXQ0V,7,1
L8M8VE6UXQ0V,8,0
2ENKRQDD6JC5,1,0
2ENKRQDD6JC5,2,0
2ENKRQDD6JC5,3,0
2ENKRQDD6JC5,4,0
2ENKRQDD6JC5,5,0
2ENKRQDD6JC5,6,0
7C71JTNL2MCB,1,0
7C71JTNL2MCB,2,0
7C71JTNL2MCB,3,0
7C71JTNL2MCB,4,0
7C71JTNL2MCB,5,0
7C71JTNL2MCB,6,0
7C71JTNL2MCB,7,0
7C71JTNL2MCB,8,0
7C71JTNL2MCB,9,0
7C71JTNL2MCB,10,0
7C71JTNL2MCB,11,0
7C71JTNL2MCB,12,0
CV2F1CKHGIWE,1,0
CV2F1CKHGIWE,1,1
CV2F1CKHGIWE,2,0
CV2F1CKHGIWE,2,1
CV2F1CKHGIWE,3,0
CV2F1CKHGIWE,3,1
CV2F1CKHGIWE,4,0
CV2F1CKHGIWE,4,1
CV2F1CKHGIWE,5,0
CV2F1CKHGIWE,5,1
CV2F1CKHGIWE,6,0
CV2F1CKHGIWE,6,1
CV2F1CKHGIWE,7,0
CV2F1CKHGIWE,7,1
CV2F1CKHGIWE,8,0
CV2F1CKHGIWE,8,1
HF6RLXG2TKTF,1,0
HF6RLXG2TKTF,1,1
HF6RLXG2TKTF,2,0
HF6RLXG2TKTF,2,1
HF6RLXG2TKTF,3,0
HF6RLXG2TKTF,3,1
HF6RLXG2TKTF,4,0
HF6RLXG2TKTF,4,1
HF6RLXG2TKTF,5,0
HF6RLXG2TKTF,5,1
HF6RLXG2TKTF,6,0
HF6RLXG2TKTF,6,1
HF6RLXG2TKTF,7,0
HF6RLXG2TKTF,7,1
HF6RLXG2TKTF,8,0
HF6RLXG2TKTF,8,1
RC7I5KHFCL91,1,0
RC7I5KHFCL91,1,1
RC7I5KHFCL91,1,2
RC7I5KHFCL91,2,0
RC7I5KHFCL91,2,1
RC7I5KHFCL91,2,2
RC7I5KHFCL91,3,0
RC7I5KHFCL91,3,1
RC7I5KHFCL91,3,2
RC7I5KHFCL91,4,0
RC7I5KHFCL91,4,1
RC7I5KHFCL91,4,2
RC7I5KHFCL91,5,0
RC7I5KHFCL91,5,1
RC7I5KHFCL91,5,2
RC7I5KHFCL91,6,0
RC7I5KHFCL91,6,1
RC7I5KHFCL91,6,2
RC7I5KHFCL91,7,0
RC7I5KHFCL91,7,1
RC7I5KHFCL91,7,2
RC7I5KHFCL91,8,0
RC7I5KHFCL91,8,1
RC7I5KHFCL91,8,2
RC7I5KHFCL91,9,0
RC7I5KHFCL91,9,1
RC7I5KHFCL91,9,2
RC7I5KHFCL91,10,0
RC7I5KHFCL91,10,1
RC7I5KHFCL91,10,2
RC7I5KHFCL91,11,0
RC7I5KHFCL91,11,1
RC7I5KHFCL91,11,2
RC7I5KHFCL91,12,0
RC7I5KHFCL91,12,1
RC7I5KHFCL91,12,2
RC7I5KHFCL91,13,0
RC7I5KHFCL91,13,1
RC7I5KHFCL91,13,2
RC7I5KHFCL91,14,0
RC7I5KHFCL91,14,1
RC7I5KHFCL91,14,2
RC7I5KHFCL91,15,0
RC7I5KHFCL91,15,1
RC7I5KHFCL91,15,2
RC7I5KHFCL91,16,0
RC7I5KHFCL91,16,1
RC7I5KHFCL91,16,2
RC7I5KHFCL91,17,0
RC7I5KHFCL91,17,1
RC7I5KHFCL91,17,2
RC7I5KHFCL91,18,0
RC7I5KHFCL91,18,1
RC7I5KHFCL91,18,2
0BXYNG32NH49,1,0
0BXYNG32NH49,1,1
0BXYNG32NH49,2,0
0BXYNG32NH49,2,1
0BXYNG32NH49,3,0
0BXYNG32NH49,3,1
0BXYNG32NH49,4,0
0BXYNG32NH49,4,1
0BXYNG32NH49,5,0
0BXYNG32NH49,5,1
0BXYNG32NH49,6,0
0BXYNG32NH49,6,1
0BXYNG32NH49,7,0
0BXYNG32NH49,7,1
0BXYNG32NH49,8,0
0BXYNG32NH49,8,1
0BXYNG32NH49,9,0
0BXYNG32NH49,9,1
0BXYNG32NH49,10,0
0BXYNG32NH49,10,1
0BXYNG32NH49,11,0
0BXYNG32NH49,11,1
0BXYNG32NH49,12,0
0BXYNG32NH49,12,1
0BXYNG32NH49,13,0
0BXYNG32NH49,13,1
SF58LZNUUEPG,1,0
SF58LZNUUEPG,1,1
SF58LZNUUEPG,2,0
SF58LZNUUEPG,2,1
SF58LZNUUEPG,3,0
SF58LZNUUEPG,3,1
SF58LZNUUEPG,4,0
SF58LZNUUEPG,4,1
SF58LZNUUEPG,5,0
SF58LZNUUEPG,5,1
SF58LZNUUEPG,6,0
SF58LZNUUEPG,6,1
SF58LZNUUEPG,7,0
SF58LZNUUEPG,7,1
SF58LZNUUEPG,8,0
SF58LZNUUEPG,8,2
SF58LZNUUEPG,9,0
SF58LZNUUEPG,9,1
SF58LZNUUEPG,10,0
SF58LZNUUEPG,10,1
SF58LZNUUEPG,11,0
SF58LZNUUEPG,11,1
SF58LZNUUEPG,12,0
SF58LZNUUEPG,12,1
SF58LZNUUEPG,13,0
SF58LZNUUEPG,13,1
SF58LZNUUEPG,14,0
SF58LZNUUEPG,14,1
SF58LZNUUEPG,15,0
SF58LZNUUEPG,15,2
SF58LZNUUEPG,16,0
SF58LZNUUEPG,16,1
SF58LZNUUEPG,17,0
SF58LZNUUEPG,17,1
SF58LZNUUEPG,18,0
SF58LZNUUEPG,18,1
SF58LZNUUEPG,19,0
SF58LZNUUEPG,19,1
SF58LZNUUEPG,20,0
SF58LZNUUEPG,20,2
SF58LZNUUEPG,21,0
SF58LZNUUEPG,21,2
5Y9UJWIB74XQ,1,0
5Y9UJWIB74XQ,1,1
5Y9UJWIB74XQ,2,0
5Y9UJWIB74XQ,2,1
5Y9UJWIB74XQ,3,0
5Y9UJWIB74XQ,3,1
5Y9UJWIB74XQ,4,0
5Y9UJWIB74XQ,4,1
5Y9UJWIB74XQ,5,0
5Y9UJWIB74XQ,5,1
5Y9UJWIB74XQ,6,0
5Y9UJWIB74XQ,6,1
5Y9UJWIB74XQ,7,0
5Y9UJWIB74XQ,7,1
5Y9UJWIB74XQ,8,0
5Y9UJWIB74XQ,8,1
5Y9UJWIB74XQ,9,0
5Y9UJWIB74XQ,9,1
5Y9UJWIB74XQ,10,0
5Y9UJWIB74XQ,10,1
5Y9UJWIB74XQ,11,0
5Y9UJWIB74XQ,11,1
5Y9UJWIB74XQ,12,0
5Y9UJWIB74XQ,12,1
5Y9UJWIB74XQ,13,0
5Y9UJWIB74XQ,13,1
5Y9UJWIB74XQ,14,0
5Y9UJWIB74XQ,14,1
5Y9UJWIB74XQ,15,0
5Y9UJWIB74XQ,15,1
5Y9UJWIB74XQ,16,0
5Y9UJWIB74XQ,16,1
5Y9UJWIB74XQ,17,0
5Y9UJWIB74XQ,17,1
5Y9UJWIB74XQ,18,0
5Y9UJWIB74XQ,18,1
5Y9UJWIB74XQ,19,0
5Y9UJWIB74XQ,19,1
5Y9UJWIB74XQ,20,0
5Y9UJWIB74XQ,20,1
5Y9UJWIB74XQ,21,0
5Y9UJWIB74XQ,21,1
5Y9UJWIB74XQ,22,0
5Y9UJWIB74XQ,22,1
5Y9UJWIB74XQ,23,0
5Y9UJWIB74XQ,23,1
5Y9UJWIB74XQ,24,0
5Y9UJWIB74XQ,24,1
5Y9UJWIB74XQ,25,0
5Y9UJWIB74XQ,25,1
S27VKSYRKDY6,1,0
S27VKSYRKDY6,2,0
S27VKSYRKDY6,3,0
S27VKSYRKDY6,4,0
S27VKSYRKDY6,5,0
S27VKSYRKDY6,6,0
S27VKSYRKDY6,7,0
S27VKSYRKDY6,8,0
S27VKSYRKDY6,9,0
S27VKSYRKDY6,10,0
S27VKSYRKDY6,11,0
S27VKSYRKDY6,12,0
S27VKSYRKDY6,13,0
S27VKSYRKDY6,14,0
2682177JA9K9,1,0
2682177JA9K9,1,1
2682177JA9K9,1,3
2682177JA9K9,2,0
2682177JA9K9,2,2
2682177JA9K9,2,3
2682177JA9K9,3,0
2682177JA9K9,3,2
2682177JA9K9,3,3
2682177JA9K9,4,0
2682177JA9K9,4,2
2682177JA9K9,4,3
2682177JA9K9,5,0
2682177JA9K9,5,2
2682177JA9K9,5,3
2682177JA9K9,6,0
2682177JA9K9,6,2
2682177JA9K9,6,3
1287MJ45WJRE,1,0
1287MJ45WJRE,2,0
1287MJ45WJRE,3,0
1287MJ45WJRE,4,0
1287MJ45WJRE,5,0
1287MJ45WJRE,5,1
1287MJ45WJRE,6,0
1287MJ45WJRE,6,1
1287MJ45WJRE,7,0
1287MJ45WJRE,8,0
1287MJ45WJRE,9,0
1287MJ45WJRE,9,1
1287MJ45WJRE,10,0
1287MJ45WJRE,11,0
1287MJ45WJRE,12,0
1287MJ45WJRE,12,1
1287MJ45WJRE,13,0
1287MJ45WJRE,14,0
1287MJ45WJRE,15,0
1287MJ45WJRE,16,0
1287MJ45WJRE,17,0
1287MJ45WJRE,17,1
1287MJ45WJRE,18,0
1287MJ45WJRE,18,1
1287MJ45WJRE,19,0
3L62IEWQT8U5,1,0
3L62IEWQT8U5,1,1
3L62IEWQT8U5,2,0
3L62IEWQT8U5,3,0
3L62IEWQT8U5,4,0
3L62IEWQT8U5,5,0
3L62IEWQT8U5,5,1
3L62IEWQT8U5,6,0
3L62IEWQT8U5,7,0
3L62IEWQT8U5,7,1
3L62IEWQT8U5,8,0
3L62IEWQT8U5,9,0
3L62IEWQT8U5,10,0
3L62IEWQT8U5,11,0
3L62IEWQT8U5,12,0
3L62IEWQT8U5,13,0
3L62IEWQT8U5,14,0
3L62IEWQT8U5,14,1
3L62IEWQT8U5,15,0
3L62IEWQT8U5,16,0
3L62IEWQT8U5,16,1
3L62IEWQT8U5,17,0
3L62IEWQT8U5,17,1
3L62IEWQT8U5,18,0
3L62IEWQT8U5,18,1
3L62IEWQT8U5,19,0
3L62IEWQT8U5,20,0
3L62IEWQT8U5,20,1
3L62IEWQT8U5,21,0
V6PPOS4028Z0,1,0
V6PPOS4028Z0,1,1
V6PPOS4028Z0,2,0
V6PPOS4028Z0,2,1
V6PPOS4028Z0,3,0
V6PPOS4028Z0,3,1
V6PPOS4028Z0,4,0
V6PPOS4028Z0,4,1
V6PPOS4028Z0,5,0
V6PPOS4028Z0,5,1
V6PPOS4028Z0,6,0
V6PPOS4028Z0,6,1
V6PPOS4028Z0,7,0
V6PPOS4028Z0,7,1
V6PPOS4028Z0,8,0
V6PPOS4028Z0,8,1
V6PPOS4028Z0,9,0
V6PPOS4028Z0,9,1
V6PPOS4028Z0,10,0
V6PPOS4028Z0,10,1
V6PPOS4028Z0,11,0
V6PPOS4028Z0,11,1
V6PPOS4028Z0,12,0
V6PPOS4028Z0,12,1
V6PPOS4028Z0,13,0
V6PPOS4028Z0,13,1
YADKBZ6BITWZ,1,0
YADKBZ6BITWZ,1,1
YADKBZ6BITWZ,2,0
YADKBZ6BITWZ,2,1
YADKBZ6BITWZ,2,3
YADKBZ6BITWZ,3,0
YADKBZ6BITWZ,3,1
YADKBZ6BITWZ,4,0
YADKBZ6BITWZ,4,1
YADKBZ6BITWZ,4,3
YADKBZ6BITWZ,5,0
YADKBZ6BITWZ,5,1
YADKBZ6BITWZ,5,3
YADKBZ6BITWZ,6,0
YADKBZ6BITWZ,6,1
YADKBZ6BITWZ,6,3
YADKBZ6BITWZ,7,0
YADKBZ6BITWZ,7,1
YADKBZ6BITWZ,8,0
YADKBZ6BITWZ,8,1
GBHDGO72HV8J,1,0
GBHDGO72HV8J,1,1
GBHDGO72HV8J,1,3
GBHDGO72HV8J,2,0
GBHDGO72HV8J,2,1
GBHDGO72HV8J,3,0
GBHDGO72HV8J,3,1
GBHDGO72HV8J,3,3
GBHDGO72HV8J,4,0
GBHDGO72HV8J,4,1
D4GFXGVDVBZT,1,0
D4GFXGVDVBZT,1,1
D4GFXGVDVBZT,2,0
D4GFXGVDVBZT,2,1
D4GFXGVDVBZT,2,2
D4GFXGVDVBZT,3,0
D4GFXGVDVBZT,3,1
D4GFXGVDVBZT,4,0
D4GFXGVDVBZT,4,1
D4GFXGVDVBZT,4,2
D4GFXGVDVBZT,5,0
D4GFXGVDVBZT,5,1
D4GFXGVDVBZT,5,2
D4GFXGVDVBZT,6,0
D4GFXGVDVBZT,6,1
D4GFXGVDVBZT,6,2
D4GFXGVDVBZT,7,0
D4GFXGVDVBZT,7,1
D4GFXGVDVBZT,8,0
D4GFXGVDVBZT,8,2
D4GFXGVDVBZT,9,0
D4GFXGVDVBZT,9,2
D4GFXGVDVBZT,10,0
D4GFXGVDVBZT,10,1
D4GFXGVDVBZT,10,2
D4GFXGVDVBZT,11,0
D4GFXGVDVBZT,11,1
D4GFXGVDVBZT,12,0
D4GFXGVDVBZT,12,1
D4GFXGVDVBZT,13,0
D4GFXGVDVBZT,13,1
D4GFXGVDVBZT,13,2
D4GFXGVDVBZT,14,0
D4GFXGVDVBZT,14,1
D4GFXGVDVBZT,14,2
D4GFXGVDVBZT,15,0
D4GFXGVDVBZT,15,1
D4GFXGVDVBZT,15,2
5GSHJ0P4PFG6,1,0
5GSHJ0P4PFG6,1,2
5GSHJ0P4PFG6,2,0
5GSHJ0P4PFG6,2,2
5GSHJ0P4PFG6,3,0
5GSHJ0P4PFG6,3,1
5GSHJ0P4PFG6,3,2
5GSHJ0P4PFG6,4,0
5GSHJ0P4PFG6,4,1
5GSHJ0P4PFG6,4,2
0BHTCUBHBLTC,1,0
0BHTCUBHBLTC,1,1
0BHTCUBHBLTC,2,0
0BHTCUBHBLTC,2,1
0BHTCUBHBLTC,3,0
0BHTCUBHBLTC,3,1
0BHTCUBHBLTC,4,0
0BHTCUBHBLTC,4,1
0BHTCUBHBLTC,5,0
0BHTCUBHBLTC,5,1
0BHTCUBHBLTC,6,0
0BHTCUBHBLTC,6,1
0BHTCUBHBLTC,7,0
0BHTCUBHBLTC,7,1
0BHTCUBHBLTC,8,0
0BHTCUBHBLTC,8,1
0BHTCUBHBLTC,9,0
0BHTCUBHBLTC,9,1
0BHTCUBHBLTC,10,0
0BHTCUBHBLTC,10,1
0BHTCUBHBLTC,11,0
0BHTCUBHBLTC,11,1
0BHTCUBHBLTC,12,0
0BHTCUBHBLTC,12,1
0BHTCUBHBLTC,13,0
0BHTCUBHBLTC,13,1
0BHTCUBHBLTC,14,0
0BHTCUBHBLTC,14,1
0BHTCUBHBLTC,15,0
0BHTCUBHBLTC,15,1
0BHTCUBHBLTC,16,0
0BHTCUBHBLTC,16,1
0BHTCUBHBLTC,17,0
0BHTCUBHBLTC,17,1
0BHTCUBHBLTC,18,0
0BHTCUBHBLTC,18,1
0BHTCUBHBLTC,19,0
0BHTCUBHBLTC,19,1
0BHTCUBHBLTC,20,0
0BHTCUBHBLTC,20,1
MAM047YLHNQG,1,0
MAM047YLHNQG,1,1
MAM047YLHNQG,2,0
MAM047YLHNQG,3,0
MAM047YLHNQG,3,1
MAM047YLHNQG,4,0
MAM047YLHNQG,4,1
MAM047YLHNQG,5,0
MAM047YLHNQG,6,0
MAM047YLHNQG,6,1
MAM047YLHNQG,7,0
MAM047YLHNQG,8,0
MAM047YLHNQG,8,1
MAM047YLHNQG,9,0
MAM047YLHNQG,9,1
MAM047YLHNQG,10,0
MAM047YLHNQG,11,0
HHZPDZ77JT0M,1,0
HHZPDZ77JT0M,1,1
HHZPDZ77JT0M,2,0
HHZPDZ77JT0M,2,1
HHZPDZ77JT0M,3,0
HHZPDZ77JT0M,3,1
HHZPDZ77JT0M,4,0
HHZPDZ77JT0M,4,1
HHZPDZ77JT0M,5,0
HHZPDZ77JT0M,5,1
HHZPDZ77JT0M,6,0
4ITM8YIDKLZ8,1,0
4ITM8YIDKLZ8,1,1
4ITM8YIDKLZ8,2,0
4ITM8YIDKLZ8,2,1
4ITM8YIDKLZ8,3,0
4ITM8YIDKLZ8,3,1
4ITM8YIDKLZ8,4,0
4ITM8YIDKLZ8,4,1
4ITM8YIDKLZ8,5,0
4ITM8YIDKLZ8,5,1
4ITM8YIDKLZ8,6,0
4ITM8YIDKLZ8,6,1
4ITM8YIDKLZ8,7,0
4ITM8YIDKLZ8,7,1
4ITM8YIDKLZ8,8,0
4ITM8YIDKLZ8,8,1
4ITM8YIDKLZ8,9,0
4ITM8YIDKLZ8,9,1
4ITM8YIDKLZ8,10,0
4ITM8YIDKLZ8,10,1
4ITM8YIDKLZ8,11,0
4ITM8YIDKLZ8,11,1
4ITM8YIDKLZ8,12,0
4ITM8YIDKLZ8,12,1
4ITM8YIDKLZ8,13,0
4ITM8YIDKLZ8,13,1
4ITM8YIDKLZ8,14,0
4ITM8YIDKLZ8,14,1
4ITM8YIDKLZ8,15,0
4ITM8YIDKLZ8,15,1
4ITM8YIDKLZ8,16,0
4ITM8YIDKLZ8,16,1
4ITM8YIDKLZ8,17,0
4ITM8YIDKLZ8,17,1
4ITM8YIDKLZ8,18,0
4ITM8YIDKLZ8,18,1
4ITM8YIDKLZ8,19,0
4ITM8YIDKLZ8,19,1
4ITM8YIDKLZ8,20,0
4ITM8YIDKLZ8,20,1
4ITM8YIDKLZ8,21,0
4ITM8YIDKLZ8,21,1
4ITM8YIDKLZ8,22,0
4ITM8YIDKLZ8,22,1
4ITM8YIDKLZ8,23,0
4ITM8YIDKLZ8,23,1
4ITM8YIDKLZ8,24,0
4ITM8YIDKLZ8,24,1
GHG412IIXVN5,1,0
GHG412IIXVN5,1,1
GHG412IIXVN5,2,0
GHG412IIXVN5,2,1
OCQF6FA69MC9,1,0
OCQF6FA69MC9,1,2
OCQF6FA69MC9,2,0
OCQF6FA69MC9,2,1
GWQ8JTVADJZA,1,0
GWQ8JTVADJZA,2,0
GWQ8JTVADJZA,3,0
GWQ8JTVADJZA,4,0
GWQ8JTVADJZA,5,0
GWQ8JTVADJZA,6,0
GWQ8JTVADJZA,7,0
GWQ8JTVADJZA,8,0
GWQ8JTVADJZA,9,0
GWQ8JTVADJZA,10,0
GWQ8JTVADJZA,11,0
GWQ8JTVADJZA,12,0
GWQ8JTVADJZA,13,0
GWQ8JTVADJZA,14,0
GWQ8JTVADJZA,15,0
GWQ8JTVADJZA,16,0
GWQ8JTVADJZA,17,0
GWQ8JTVADJZA,18,0
GWQ8JTVADJZA,19,0
GWQ8JTVADJZA,20,0
GWQ8JTVADJZA,21,0
GWQ8JTVADJZA,22,0
GWQ8JTVADJZA,23,0
D8X1SAM6TP1G,1,0
D8X1SAM6TP1G,2,0
D8X1SAM6TP1G,3,0
D8X1SAM6TP1G,4,0
D8X1SAM6TP1G,5,0
D8X1SAM6TP1G,6,0
D8X1SAM6TP1G,7,0
D8X1SAM6TP1G,8,0
D8X1SAM6TP1G,9,0
D8X1SAM6TP1G,10,0
D8X1SAM6TP1G,11,0
D8X1SAM6TP1G,12,0
D8X1SAM6TP1G,13,0
D8X1SAM6TP1G,14,0
D8X1SAM6TP1G,15,0
D8X1SAM6TP1G,16,0
D8X1SAM6TP1G,17,0
D8X1SAM6TP1G,18,0
D8X1SAM6TP1G,19,0
D8X1SAM6TP1G,20,0
WMVX0XFFMPEN,1,0
WMVX0XFFMPEN,2,0
WMVX0XFFMPEN,3,0
WMVX0XFFMPEN,4,0
WMVX0XFFMPEN,5,0
WMVX0XFFMPEN,6,0
WMVX0XFFMPEN,7,0
WMVX0XFFMPEN,8,0
WMVX0XFFMPEN,8,1
WMVX0XFFMPEN,9,0
WMVX0XFFMPEN,9,1
WMVX0XFFMPEN,10,0
WMVX0XFFMPEN,11,0
A0TU0VHX3BGJ,1,0
A0TU0VHX3BGJ,1,1
A0TU0VHX3BGJ,2,0
A0TU0VHX3BGJ,2,1
A0TU0VHX3BGJ,3,0
A0TU0VHX3BGJ,3,1
A0TU0VHX3BGJ,4,0
A0TU0VHX3BGJ,4,1
A0TU0VHX3BGJ,5,0
A0TU0VHX3BGJ,5,1
A0TU0VHX3BGJ,6,0
A0TU0VHX3BGJ,6,1
A0TU0VHX3BGJ,7,0
A0TU0VHX3BGJ,7,1
A0TU0VHX3BGJ,8,0
A0TU0VHX3BGJ,8,1
A0TU0VHX3BGJ,9,0
A0TU0VHX3BGJ,9,1
A0TU0VHX3BGJ,10,0
A0TU0VHX3BGJ,10,1
A0TU0VHX3BGJ,11,0
A0TU0VHX3BGJ,11,1
A0TU0VHX3BGJ,12,0
A0TU0VHX3BGJ,12,1
A0TU0VHX3BGJ,13,0
A0TU0VHX3BGJ,13,1
A0TU0VHX3BGJ,14,0
A0TU0VHX3BGJ,14,1
KNZ8WPJREGVQ,1,0
KNZ8WPJREGVQ,2,0
DG8VIRPEZNNN,1,0
DG8VIRPEZNNN,1,1
DG8VIRPEZNNN,1,3
DG8VIRPEZNNN,2,0
DG8VIRPEZNNN,2,1
DG8VIRPEZNNN,2,3
DG8VIRPEZNNN,3,0
DG8VIRPEZNNN,3,3
DG8VIRPEZNNN,4,0
DG8VIRPEZNNN,4,1
DG8VIRPEZNNN,4,3
DG8VIRPEZNNN,5,0
DG8VIRPEZNNN,5,1
DG8VIRPEZNNN,5,3
DG8VIRPEZNNN,6,0
DG8VIRPEZNNN,6,1
DG8VIRPEZNNN,6,3
DG8VIRPEZNNN,7,0
DG8VIRPEZNNN,7,1
DG8VIRPEZNNN,7,3
DG8VIRPEZNNN,8,0
DG8VIRPEZNNN,8,1
DG8VIRPEZNNN,8,3
Q1NH1ON9RBQL,1,0
Q1NH1ON9RBQL,2,0
Q1NH1ON9RBQL,2,1
35ZH0R0LBUSJ,1,0
35ZH0R0LBUSJ,1,1
35ZH0R0LBUSJ,2,0
63H3EUGKR1VD,1,0
63H3EUGKR1VD,1,1
63H3EUGKR1VD,1,2
63H3EUGKR1VD,2,0
63H3EUGKR1VD,2,1
63H3EUGKR1VD,2,2
63H3EUGKR1VD,3,0
63H3EUGKR1VD,3,1
63H3EUGKR1VD,3,2
63H3EUGKR1VD,4,0
63H3EUGKR1VD,4,1
63H3EUGKR1VD,4,2
63H3EUGKR1VD,5,0
63H3EUGKR1VD,5,1
63H3EUGKR1VD,5,2
TNIJJ7DFJNQ6,1,0
TNIJJ7DFJNQ6,1,1
TNIJJ7DFJNQ6,2,0
TNIJJ7DFJNQ6,2,1
OR6O2T8Y7B0R,1,0
OR6O2T8Y7B0R,1,1
OR6O2T8Y7B0R,2,0
OR6O2T8Y7B0R,2,1
Z65J5N32KFPJ,1,0
Z65J5N32KFPJ,2,0
Z65J5N32KFPJ,3,0
Z65J5N32KFPJ,4,0
Z65J5N32KFPJ,4,1
Z65J5N32KFPJ,5,0
Z65J5N32KFPJ,6,0
Z65J5N32KFPJ,7,0
Z65J5N32KFPJ,7,1
Z65J5N32KFPJ,8,0
Z65J5N32KFPJ,8,1
Z65J5N32KFPJ,9,0
Z65J5N32KFPJ,9,1
Z65J5N32KFPJ,10,0
Z65J5N32KFPJ,11,0
Z65J5N32KFPJ,11,1
M47SNAJO10Z0,1,0
M47SNAJO10Z0,1,1
M47SNAJO10Z0,2,0
M47SNAJO10Z0,2,1
M47SNAJO10Z0,3,0
M47SNAJO10Z0,3,1
M47SNAJO10Z0,4,0
M47SNAJO10Z0,4,1
M47SNAJO10Z0,5,0
M47SNAJO10Z0,5,1
78AWWPL0AHMB,1,0
78AWWPL0AHMB,2,0
78AWWPL0AHMB,3,0
78AWWPL0AHMB,4,0
78AWWPL0AHMB,5,0
78AWWPL0AHMB,6,0
78AWWPL0AHMB,7,0
78AWWPL0AHMB,8,0
78AWWPL0AHMB,9,0
78AWWPL0AHMB,10,0
78AWWPL0AHMB,11,0
78AWWPL0AHMB,12,0
78AWWPL0AHMB,13,0
78AWWPL0AHMB,14,0
78AWWPL0AHMB,15,0
78AWWPL0AHMB,16,0
78AWWPL0AHMB,17,0
78AWWPL0AHMB,18,0
78AWWPL0AHMB,19,0
78AWWPL0AHMB,20,0
78AWWPL0AHMB,21,0
78AWWPL0AHMB,22,0
78AWWPL0AHMB,23,0
78AWWPL0AHMB,24,0
EFXU12UQFX8M,1,0
EFXU12UQFX8M,1,1
EFXU12UQFX8M,2,0
EFXU12UQFX8M,3,0
EFXU12UQFX8M,4,0
EFXU12UQFX8M,5,0
EFXU12UQFX8M,6,0
EFXU12UQFX8M,6,1
EFXU12UQFX8M,7,0
EFXU12UQFX8M,8,0
EFXU12UQFX8M,8,1
EFXU12UQFX8M,9,0
EFXU12UQFX8M,9,1
EFXU12UQFX8M,10,0
EFXU12UQFX8M,11,0
EFXU12UQFX8M,12,0
EFXU12UQFX8M,13,0
TH3DZ0OZON8K,1,0
TH3DZ0OZON8K,2,0
TH3DZ0OZON8K,3,0
TH3DZ0OZON8K,4,0
S1BQG7WJPH6K,1,0
S1BQG7WJPH6K,2,0
S1BQG7WJPH6K,3,0
S1BQG7WJPH6K,4,0
S1BQG7WJPH6K,5,0
S1BQG7WJPH6K,6,0
S1BQG7WJPH6K,7,0
S1BQG7WJPH6K,8,0
S1BQG7WJPH6K,9,0
TRQJZ1EBK54U,1,0
TRQJZ1EBK54U,1,1
TRQJZ1EBK54U,1,3
TRQJZ1EBK54U,2,0
TRQJZ1EBK54U,2,1
TRQJZ1EBK54U,2,3
TRQJZ1EBK54U,3,0
TRQJZ1EBK54U,3,1
TRQJZ1EBK54U,3,3
TRQJZ1EBK54U,4,0
TRQJZ1EBK54U,4,1
TRQJZ1EBK54U,4,3
TRQJZ1EBK54U,5,0
TRQJZ1EBK54U,5,1
TRQJZ1EBK54U,5,3
TRQJZ1EBK54U,6,0
TRQJZ1EBK54U,6,1
TRQJZ1EBK54U,6,3
TRQJZ1EBK54U,7,0
TRQJZ1EBK54U,7,1
TRQJZ1EBK54U,7,3
TRQJZ1EBK54U,8,0
TRQJZ1EBK54U,8,1
TRQJZ1EBK54U,8,3
TRQJZ1EBK54U,9,0
TRQJZ1EBK54U,9,1
TRQJZ1EBK54U,9,3
TRQJZ1EBK54U,10,0
TRQJZ1EBK54U,10,1
TRQJZ1EBK54U,10,3
TRQJZ1EBK54U,11,0
TRQJZ1EBK54U,11,1
TRQJZ1EBK54U,11,3
TRQJZ1EBK54U,12,0
TRQJZ1EBK54U,12,1
TRQJZ1EBK54U,12,3
TRQJZ1EBK54U,13,0
TRQJZ1EBK54U,13,1
TRQJZ1EBK54U,13,3
TRQJZ1EBK54U,14,0
TRQJZ1EBK54U,14,1
TRQJZ1EBK54U,14,3
TRQJZ1EBK54U,15,0
TRQJZ1EBK54U,15,1
TRQJZ1EBK54U,15,3
TRQJZ1EBK54U,16,0
TRQJZ1EBK54U,16,1
TRQJZ1EBK54U,16,3
TRQJZ1EBK54U,17,0
TRQJZ1EBK54U,17,1
TRQJZ1EBK54U,17,3
CFW8GHQ1E9K5,1,0
CFW8GHQ1E9K5,2,0
CFW8GHQ1E9K5,2,1
CFW8GHQ1E9K5,3,0
CFW8GHQ1E9K5,3,1
CFW8GHQ1E9K5,4,0
CFW8GHQ1E9K5,4,1
CFW8GHQ1E9K5,5,0
CFW8GHQ1E9K5,5,1
CFW8GHQ1E9K5,6,0
CFW8GHQ1E9K5,7,0
CFW8GHQ1E9K5,8,0
CFW8GHQ1E9K5,8,1
J8X949XB99ZE,1,0
J8X949XB99ZE,1,1
J8X949XB99ZE,1,2
J8X949XB99ZE,2,0
J8X949XB99ZE,2,1
J8X949XB99ZE,2,2
J8X949XB99ZE,3,0
J8X949XB99ZE,3,2
J8X949XB99ZE,4,0
J8X949XB99ZE,4,1
J8X949XB99ZE,4,2
J8X949XB99ZE,5,0
J8X949XB99ZE,5,1
J8X949XB99ZE,5,2
J8X949XB99ZE,6,0
J8X949XB99ZE,6,1
J8X949XB99ZE,6,2
J8X949XB99ZE,7,0
J8X949XB99ZE,7,1
J8X949XB99ZE,7,2
J8X949XB99ZE,8,0
J8X949XB99ZE,8,2
J8X949XB99ZE,9,0
J8X949XB99ZE,9,1
J8X949XB99ZE,9,2
J8X949XB99ZE,10,0
J8X949XB99ZE,10,1
J8X949XB99ZE,10,2
J8X949XB99ZE,11,0
J8X949XB99ZE,11,1
J8X949XB99ZE,11,2
J8X949XB99ZE,12,0
J8X949XB99ZE,12,1
J8X949XB99ZE,12,2
MOPQ4B1RZ5M9,1,0
MOPQ4B1RZ5M9,1,2
MOPQ4B1RZ5M9,2,0
MOPQ4B1RZ5M9,2,2
MOPQ4B1RZ5M9,3,0
MOPQ4B1RZ5M9,3,2
MOPQ4B1RZ5M9,4,0
MOPQ4B1RZ5M9,4,2
MOPQ4B1RZ5M9,5,0
MOPQ4B1RZ5M9,5,2
MOPQ4B1RZ5M9,6,0
MOPQ4B1RZ5M9,6,2
MOPQ4B1RZ5M9,7,0
MOPQ4B1RZ5M9,7,2
MOPQ4B1RZ5M9,8,0
MOPQ4B1RZ5M9,8,2
434A7BT0CWQP,1,0
434A7BT0CWQP,1,1
434A7BT0CWQP,2,0
434A7BT0CWQP,2,1
434A7BT0CWQP,3,0
434A7BT0CWQP,3,1
434A7BT0CWQP,4,0
434A7BT0CWQP,4,1
434A7BT0CWQP,5,0
434A7BT0CWQP,5,1
434A7BT0CWQP,6,0
434A7BT0CWQP,6,1
WJ804IVE2WNV,1,0
WJ804IVE2WNV,1,1
WJ804IVE2WNV,1,2
WJ804IVE2WNV,2,0
WJ804IVE2WNV,2,1
WJ804IVE2WNV,2,2
DJV0GE9AYROW,1,0
DJV0GE9AYROW,1,1
DJV0GE9AYROW,1,2
DJV0GE9AYROW,2,0
DJV0GE9AYROW,2,1
DJV0GE9AYROW,2,2
DJV0GE9AYROW,3,0
DJV0GE9AYROW,3,1
DJV0GE9AYROW,3,2
DJV0GE9AYROW,4,0
DJV0GE9AYROW,4,1
DJV0GE9AYROW,4,2
DJV0GE9AYROW,5,0
DJV0GE9AYROW,5,1
DJV0GE9AYROW,5,2
DJV0GE9AYROW,6,0
DJV0GE9AYROW,6,1
DJV0GE9AYROW,6,2
DJV0GE9AYROW,7,0
DJV0GE9AYROW,7,1
DJV0GE9AYROW,7,2
DJV0GE9AYROW,8,0
DJV0GE9AYROW,8,1
DJV0GE9AYROW,8,2
DJV0GE9AYROW,9,0
DJV0GE9AYROW,9,1
DJV0GE9AYROW,9,2
DJV0GE9AYROW,10,0
DJV0GE9AYROW,10,1
DJV0GE9AYROW,10,2
DJV0GE9AYROW,11,0
DJV0GE9AYROW,11,1
DJV0GE9AYROW,11,2
DJV0GE9AYROW,12,0
DJV0GE9AYROW,12,1
DJV0GE9AYROW,12,2
VOV8479PPSI3,1,0
VOV8479PPSI3,2,0
Z3QIVF2NLRBJ,1,0
Z3QIVF2NLRBJ,2,0
Z3QIVF2NLRBJ,3,0
Z3QIVF2NLRBJ,4,0
Z3QIVF2NLRBJ,5,0
Z3QIVF2NLRBJ,6,0
Z3QIVF2NLRBJ,7,0
Z3QIVF2NLRBJ,8,0
Z3QIVF2NLRBJ,9,0
Z3QIVF2NLRBJ,10,0
Z3QIVF2NLRBJ,11,0
Z3QIVF2NLRBJ,12,0
Z3QIVF2NLRBJ,13,0
Z3QIVF2NLRBJ,14,0
Z3QIVF2NLRBJ,15,0
Z3QIVF2NLRBJ,16,0
Z3QIVF2NLRBJ,17,0
Z3QIVF2NLRBJ,18,0
Z3QIVF2NLRBJ,19,0
WDNJJC7ZUN3F,1,0
WDNJJC7ZUN3F,2,0
WDNJJC7ZUN3F,3,0
WDNJJC7ZUN3F,4,0
WDNJJC7ZUN3F,5,0
1SWWDRTUAM6O,1,0
1SWWDRTUAM6O,2,0
KETD0S3Q898Z,1,0
KETD0S3Q898Z,2,0
KETD0S3Q898Z,3,0
KETD0S3Q898Z,4,0
KETD0S3Q898Z,4,1
KETD0S3Q898Z,5,0
KETD0S3Q898Z,6,0
KETD0S3Q898Z,7,0
KETD0S3Q898Z,8,0
KETD0S3Q898Z,8,1
KETD0S3Q898Z,9,0
KETD0S3Q898Z,10,0
082H1RJB5HXA,1,0
082H1RJB5HXA,1,1
082H1RJB5HXA,2,0
082H1RJB5HXA,2,1
082H1RJB5HXA,3,0
082H1RJB5HXA,3,1
UC57MF3GTYUG,1,0
UC57MF3GTYUG,1,1
UC57MF3GTYUG,2,0
UC57MF3GTYUG,2,1
G3SPNXK80Q1O,1,0
G3SPNXK80Q1O,2,0
Z5N9O9SY4LSD,1,0
Z5N9O9SY4LSD,1,1
Z5N9O9SY4LSD,1,2
Z5N9O9SY4LSD,2,0
Z5N9O9SY4LSD,2,1
Z5N9O9SY4LSD,2,2
Z5N9O9SY4LSD,3,0
Z5N9O9SY4LSD,3,1
Z5N9O9SY4LSD,3,2
Z5N9O9SY4LSD,4,0
Z5N9O9SY4LSD,4,1
Z5N9O9SY4LSD,4,2
Z5N9O9SY4LSD,5,0
Z5N9O9SY4LSD,5,1
Z5N9O9SY4LSD,5,2
V0ZD5EK3291F,1,0
V0ZD5EK3291F,1,1
V0ZD5EK3291F,2,0
V0ZD5EK3291F,2,1
V0ZD5EK3291F,3,0
V0ZD5EK3291F,3,1
V0ZD5EK3291F,4,0
V0ZD5EK3291F,4,1
V0ZD5EK3291F,5,0
V0ZD5EK3291F,5,1
V0ZD5EK3291F,6,0
V0ZD5EK3291F,6,1
V0ZD5EK3291F,7,0
V0ZD5EK3291F,7,1
V0ZD5EK3291F,8,0
V0ZD5EK3291F,8,1
V0ZD5EK3291F,9,0
V0ZD5EK3291F,9,1
V0ZD5EK3291F,10,0
V0ZD5EK3291F,11,0
V0ZD5EK3291F,11,1
V0ZD5EK3291F,12,0
V0ZD5EK3291F,12,1
V0ZD5EK3291F,13,0
V0ZD5EK3291F,13,1
V0ZD5EK3291F,14,0
V0ZD5EK3291F,14,1
V0ZD5EK3291F,15,0
V0ZD5EK3291F,15,1
V0ZD5EK3291F,16,0
V0ZD5EK3291F,16,1
V0ZD5EK3291F,17,0
V0ZD5EK3291F,17,1
V0ZD5EK3291F,18,0
V0ZD5EK3291F,18,1
V0ZD5EK3291F,19,0
V0ZD5EK3291F,19,1
V0ZD5EK3291F,20,0
V0ZD5EK3291F,20,1
V0ZD5EK3291F,21,0
V0ZD5EK3291F,21,1
V0ZD5EK3291F,22,0
V0ZD5EK3291F,22,1
V0ZD5EK3291F,23,0
V0ZD5EK3291F,24,0
V0ZD5EK3291F,24,1
V0ZD5EK3291F,25,0
V0ZD5EK3291F,25,1
NM4LPWN482YX,1,0
NM4LPWN482YX,2,0
NM4LPWN482YX,3,0
NM4LPWN482YX,4,0
NM4LPWN482YX,5,0
NM4LPWN482YX,6,0
NM4LPWN482YX,7,0
NM4LPWN482YX,8,0
NM4LPWN482YX,9,0
NM4LPWN482YX,10,0
3WNDNY7V00YN,1,0
3WNDNY7V00YN,1,1
3WNDNY7V00YN,2,0
3WNDNY7V00YN,2,1
3WNDNY7V00YN,3,0
3WNDNY7V00YN,3,1
3WNDNY7V00YN,4,0
3WNDNY7V00YN,4,1
3WNDNY7V00YN,5,0
3WNDNY7V00YN,5,1
3WNDNY7V00YN,6,0
3WNDNY7V00YN,6,1
3WNDNY7V00YN,7,0
3WNDNY7V00YN,7,1
3WNDNY7V00YN,8,0
3WNDNY7V00YN,8,1
3WNDNY7V00YN,9,0
3WNDNY7V00YN,9,1
3WNDNY7V00YN,10,0
3WNDNY7V00YN,10,1
3WNDNY7V00YN,11,0
3WNDNY7V00YN,11,1
3WNDNY7V00YN,12,0
3WNDNY7V00YN,12,1
3WNDNY7V00YN,13,0
3WNDNY7V00YN,13,1
3WNDNY7V00YN,14,0
3WNDNY7V00YN,14,1
3WNDNY7V00YN,15,0
3WNDNY7V00YN,15,1
3WNDNY7V00YN,16,0
3WNDNY7V00YN,16,1
3WNDNY7V00YN,17,0
3WNDNY7V00YN,17,1
H6GPQ01OBD5J,1,0
H6GPQ01OBD5J,1,1
H6GPQ01OBD5J,2,0
H6GPQ01OBD5J,2,1
H6GPQ01OBD5J,3,0
H6GPQ01OBD5J,3,1
H6GPQ01OBD5J,4,0
H6GPQ01OBD5J,4,1
H6GPQ01OBD5J,5,0
H6GPQ01OBD5J,5,1
H6GPQ01OBD5J,6,0
H6GPQ01OBD5J,6,1
H6GPQ01OBD5J,7,0
H6GPQ01OBD5J,7,1
H6GPQ01OBD5J,8,0
H6GPQ01OBD5J,8,1
H6GPQ01OBD5J,9,0
H6GPQ01OBD5J,9,1
6EBA8ATM8S4Y,1,0
6EBA8ATM8S4Y,2,0
6EBA8ATM8S4Y,3,0
6EBA8ATM8S4Y,4,0
6EBA8ATM8S4Y,4,1
6EBA8ATM8S4Y,5,0
6EBA8ATM8S4Y,5,1
6EBA8ATM8S4Y,6,0
6EBA8ATM8S4Y,6,1
6EBA8ATM8S4Y,7,0
6EBA8ATM8S4Y,7,1
6EBA8ATM8S4Y,8,0
6EBA8ATM8S4Y,8,1
6EBA8ATM8S4Y,9,0
6EBA8ATM8S4Y,9,1
OL4THT9A7BZI,1,0
OL4THT9A7BZI,2,0
OL4THT9A7BZI,3,0
OL4THT9A7BZI,3,1
OL4THT9A7BZI,4,0
OL4THT9A7BZI,5,0
OL4THT9A7BZI,5,1
OL4THT9A7BZI,6,0
OL4THT9A7BZI,7,0
OL4THT9A7BZI,8,0
OL4THT9A7BZI,8,1
OL4THT9A7BZI,9,0
OL4THT9A7BZI,10,0
OL4THT9A7BZI,10,1
OL4THT9A7BZI,11,0
OL4THT9A7BZI,11,1
OL4THT9A7BZI,12,0
OL4THT9A7BZI,12,1
OL4THT9A7BZI,13,0
OL4THT9A7BZI,13,1
OL4THT9A7BZI,14,0
OL4THT9A7BZI,14,1
OL4THT9A7BZI,15,0
OL4THT9A7BZI,16,0
OL4THT9A7BZI,17,0
OL4THT9A7BZI,18,0
OL4THT9A7BZI,18,1
OL4THT9A7BZI,19,0
OL4THT9A7BZI,19,1
OL4THT9A7BZI,20,0
OL4THT9A7BZI,20,1
OL4THT9A7BZI,21,0
OL4THT9A7BZI,22,0
6QUUOC8SCNEI,1,0
6QUUOC8SCNEI,1,1
6QUUOC8SCNEI,1,2
6QUUOC8SCNEI,2,0
6QUUOC8SCNEI,2,1
6QUUOC8SCNEI,2,2
44W97I1I6OHD,1,0
44W97I1I6OHD,1,2
44W97I1I6OHD,2,0
44W97I1I6OHD,2,2
44W97I1I6OHD,3,0
44W97I1I6OHD,3,2
44W97I1I6OHD,4,0
44W97I1I6OHD,4,2
44W97I1I6OHD,5,0
44W97I1I6OHD,5,2
44W97I1I6OHD,6,0
44W97I1I6OHD,6,2
44W97I1I6OHD,7,0
44W97I1I6OHD,7,2
44W97I1I6OHD,8,0
44W97I1I6OHD,8,2
44W97I1I6OHD,9,0
44W97I1I6OHD,9,2
44W97I1I6OHD,10,0
44W97I1I6OHD,10,2
SJDHSUSRTBZ6,1,0
SJDHSUSRTBZ6,1,1
SJDHSUSRTBZ6,2,0
SJDHSUSRTBZ6,2,1
SJDHSUSRTBZ6,3,0
SJDHSUSRTBZ6,3,1
SJDHSUSRTBZ6,4,0
SJDHSUSRTBZ6,4,1
SJDHSUSRTBZ6,5,0
SJDHSUSRTBZ6,5,1
SJDHSUSRTBZ6,6,0
SJDHSUSRTBZ6,6,1
SJDHSUSRTBZ6,7,0
SJDHSUSRTBZ6,7,1
SJDHSUSRTBZ6,8,0
SJDHSUSRTBZ6,8,1
SJDHSUSRTBZ6,9,0
SJDHSUSRTBZ6,9,1
SJDHSUSRTBZ6,10,0
SJDHSUSRTBZ6,10,1
SJDHSUSRTBZ6,11,0
SJDHSUSRTBZ6,11,1
SJDHSUSRTBZ6,12,0
SJDHSUSRTBZ6,12,1
SJDHSUSRTBZ6,13,0
SJDHSUSRTBZ6,13,1
SJDHSUSRTBZ6,14,0
SJDHSUSRTBZ6,14,1
SJDHSUSRTBZ6,15,0
SJDHSUSRTBZ6,15,1
SJDHSUSRTBZ6,16,0
SJDHSUSRTBZ6,16,1
SJDHSUSRTBZ6,17,0
SJDHSUSRTBZ6,17,1
SJDHSUSRTBZ6,18,0
SJDHSUSRTBZ6,18,1
SJDHSUSRTBZ6,19,0
SJDHSUSRTBZ6,19,1
SJDHSUSRTBZ6,20,0
SJDHSUSRTBZ6,20,1
SJDHSUSRTBZ6,21,0
SJDHSUSRTBZ6,21,1
SJDHSUSRTBZ6,22,0
SJDHSUSRTBZ6,22,1
SJDHSUSRTBZ6,23,0
SJDHSUSRTBZ6,23,1
SJDHSUSRTBZ6,24,0
SJDHSUSRTBZ6,24,1
SJDHSUSRTBZ6,25,0
SJDHSUSRTBZ6,25,1
1VCS8U25L6UK,1,0
1VCS8U25L6UK,2,0
1VCS8U25L6UK,3,0
1VCS8U25L6UK,4,0
1VCS8U25L6UK,5,0
1VCS8U25L6UK,6,0
1VCS8U25L6UK,7,0
1VCS8U25L6UK,8,0
1VCS8U25L6UK,9,0
1VCS8U25L6UK,10,0
1VCS8U25L6UK,11,0
1VCS8U25L6UK,12,0
1VCS8U25L6UK,13,0
1VCS8U25L6UK,14,0
1VCS8U25L6UK,15,0
9SG8HM42JBS1,1,0
9SG8HM42JBS1,2,0
9SG8HM42JBS1,3,0
25JNPBNGT84E,1,0
25JNPBNGT84E,2,0
25JNPBNGT84E,3,0
25JNPBNGT84E,4,0
25JNPBNGT84E,4,2
25JNPBNGT84E,5,0
25JNPBNGT84E,6,0
25JNPBNGT84E,7,0
25JNPBNGT84E,8,0
25JNPBNGT84E,9,0
25JNPBNGT84E,10,0
25JNPBNGT84E,11,0
25JNPBNGT84E,12,0
25JNPBNGT84E,13,0
25JNPBNGT84E,14,0
ARFESIM5VNLG,1,0
ARFESIM5VNLG,1,1
ARFESIM5VNLG,1,2
ARFESIM5VNLG,2,0
ARFESIM5VNLG,2,1
ARFESIM5VNLG,2,2
ARFESIM5VNLG,3,0
ARFESIM5VNLG,3,1
ARFESIM5VNLG,3,2
ARFESIM5VNLG,4,0
ARFESIM5VNLG,4,1
ARFESIM5VNLG,4,2
ARFESIM5VNLG,5,0
ARFESIM5VNLG,5,1
ARFESIM5VNLG,5,2
ARFESIM5VNLG,6,0
ARFESIM5VNLG,6,1
ARFESIM5VNLG,6,2
ARFESIM5VNLG,7,0
ARFESIM5VNLG,7,1
ARFESIM5VNLG,7,2
ARFESIM5VNLG,8,0
ARFESIM5VNLG,8,1
ARFESIM5VNLG,8,2
ARFESIM5VNLG,9,0
ARFESIM5VNLG,9,1
ARFESIM5VNLG,9,2
ARFESIM5VNLG,10,0
ARFESIM5VNLG,10,1
ARFESIM5VNLG,10,2
ARFESIM5VNLG,11,0
ARFESIM5VNLG,11,1
ARFESIM5VNLG,11,2
ARFESIM5VNLG,12,0
ARFESIM5VNLG,12,1
ARFESIM5VNLG,12,2
ARFESIM5VNLG,13,0
ARFESIM5VNLG,13,1
ARFESIM5VNLG,13,2
ARFESIM5VNLG,14,0
ARFESIM5VNLG,14,1
ARFESIM5VNLG,14,2
ARFESIM5VNLG,15,0
ARFESIM5VNLG,15,1
ARFESIM5VNLG,15,2
ARFESIM5VNLG,16,0
ARFESIM5VNLG,16,1
ARFESIM5VNLG,16,2
ARFESIM5VNLG,17,0
ARFESIM5VNLG,17,1
ARFESIM5VNLG,17,2
ARFESIM5VNLG,18,0
ARFESIM5VNLG,18,1
ARFESIM5VNLG,18,2
ARFESIM5VNLG,19,0
ARFESIM5VNLG,19,1
ARFESIM5VNLG,19,2
W2J74V2Y8L07,1,0
W2J74V2Y8L07,1,1
W2J74V2Y8L07,2,0
W2J74V2Y8L07,2,1
W2J74V2Y8L07,3,0
RWTH8RRSN9LK,1,0
RWTH8RRSN9LK,1,1
RWTH8RRSN9LK,1,2
RWTH8RRSN9LK,2,0
RWTH8RRSN9LK,2,1
RWTH8RRSN9LK,2,2
RWTH8RRSN9LK,3,0
RWTH8RRSN9LK,3,1
RWTH8RRSN9LK,3,2
RWTH8RRSN9LK,4,0
RWTH8RRSN9LK,4,1
RWTH8RRSN9LK,4,2
RWTH8RRSN9LK,5,0
RWTH8RRSN9LK,5,1
RWTH8RRSN9LK,5,2
RWTH8RRSN9LK,6,0
RWTH8RRSN9LK,6,1
RWTH8RRSN9LK,6,2
RWTH8RRSN9LK,7,0
RWTH8RRSN9LK,7,1
RWTH8RRSN9LK,7,2
RWTH8RRSN9LK,8,0
RWTH8RRSN9LK,8,1
RWTH8RRSN9LK,8,2
RWTH8RRSN9LK,9,0
RWTH8RRSN9LK,9,1
RWTH8RRSN9LK,9,2
RWTH8RRSN9LK,10,0
RWTH8RRSN9LK,10,1
RWTH8RRSN9LK,10,2
RWTH8RRSN9LK,11,0
RWTH8RRSN9LK,11,1
RWTH8RRSN9LK,11,2
RWTH8RRSN9LK,12,0
RWTH8RRSN9LK,12,1
RWTH8RRSN9LK,12,2
RWTH8RRSN9LK,13,0
RWTH8RRSN9LK,13,1
RWTH8RRSN9LK,13,2
8UT7MFRC6EZ4,1,0
8UT7MFRC6EZ4,2,0
8UT7MFRC6EZ4,2,2
8UT7MFRC6EZ4,3,0
8UT7MFRC6EZ4,3,2
8UT7MFRC6EZ4,4,0
8UT7MFRC6EZ4,5,0
8UT7MFRC6EZ4,6,0
8UT7MFRC6EZ4,7,0
8UT7MFRC6EZ4,7,2
8UT7MFRC6EZ4,8,0
8UT7MFRC6EZ4,8,2
8UT7MFRC6EZ4,9,0
8UT7MFRC6EZ4,9,2
8UT7MFRC6EZ4,10,0
8UT7MFRC6EZ4,11,0
8UT7MFRC6EZ4,11,2
8UT7MFRC6EZ4,12,0
8UT7MFRC6EZ4,12,2
8UT7MFRC6EZ4,13,0
8UT7MFRC6EZ4,14,0
8UT7MFRC6EZ4,15,0
8UT7MFRC6EZ4,15,2
8UT7MFRC6EZ4,16,0
8UT7MFRC6EZ4,16,2
8UT7MFRC6EZ4,17,0
8UT7MFRC6EZ4,17,2
8UT7MFRC6EZ4,18,0
8UT7MFRC6EZ4,19,0
8UT7MFRC6EZ4,20,0
BT0OTC1R9X0W,1,0
BT0OTC1R9X0W,2,0
BT0OTC1R9X0W,3,0
BT0OTC1R9X0W,3,1
BT0OTC1R9X0W,4,0
BT0OTC1R9X0W,4,1
BT0OTC1R9X0W,5,0
BT0OTC1R9X0W,5,1
BT0OTC1R9X0W,6,0
BT0OTC1R9X0W,6,1
NCFMALWQ7KAJ,1,0
NCFMALWQ7KAJ,1,1
NCFMALWQ7KAJ,2,0
NCFMALWQ7KAJ,2,1
NCFMALWQ7KAJ,3,0
NCFMALWQ7KAJ,3,1
NCFMALWQ7KAJ,4,0
NCFMALWQ7KAJ,4,1
NCFMALWQ7KAJ,5,0
NCFMALWQ7KAJ,5,1
NCFMALWQ7KAJ,6,0
NCFMALWQ7KAJ,6,1
NCFMALWQ7KAJ,7,0
NCFMALWQ7KAJ,7,1
NCFMALWQ7KAJ,8,0
NCFMALWQ7KAJ,8,1
NCFMALWQ7KAJ,9,0
NCFMALWQ7KAJ,9,1
NCFMALWQ7KAJ,10,0
NCFMALWQ7KAJ,10,1
NCFMALWQ7KAJ,11,0
NCFMALWQ7KAJ,11,1
NCFMALWQ7KAJ,12,0
NCFMALWQ7KAJ,12,1
NCFMALWQ7KAJ,13,0
NCFMALWQ7KAJ,13,1
NCFMALWQ7KAJ,14,0
NCFMALWQ7KAJ,14,1
NCFMALWQ7KAJ,15,0
NCFMALWQ7KAJ,15,1
NCFMALWQ7KAJ,16,0
NCFMALWQ7KAJ,16,1
NCFMALWQ7KAJ,17,0
NCFMALWQ7KAJ,17,1
NCFMALWQ7KAJ,18,0
NCFMALWQ7KAJ,18,1
3YGLTZ5K4ZW9,1,0
3YGLTZ5K4ZW9,2,0
3YGLTZ5K4ZW9,3,0
3YGLTZ5K4ZW9,4,0
3YGLTZ5K4ZW9,5,0
3YGLTZ5K4ZW9,6,0
3YGLTZ5K4ZW9,7,0
3YGLTZ5K4ZW9,7,1
3YGLTZ5K4ZW9,8,0
3YGLTZ5K4ZW9,8,1
3YGLTZ5K4ZW9,9,0
3YGLTZ5K4ZW9,9,1
3YGLTZ5K4ZW9,10,0
3YGLTZ5K4ZW9,10,1
3YGLTZ5K4ZW9,11,0
3YGLTZ5K4ZW9,11,1
3YGLTZ5K4ZW9,12,0
3YGLTZ5K4ZW9,12,1
3YGLTZ5K4ZW9,13,0
3YGLTZ5K4ZW9,13,1
DCDDHL1XFRHB,1,0
DCDDHL1XFRHB,1,1
DCDDHL1XFRHB,2,0
DCDDHL1XFRHB,2,1
DCDDHL1XFRHB,2,2
DCDDHL1XFRHB,3,0
DCDDHL1XFRHB,3,2
DCDDHL1XFRHB,4,0
DCDDHL1XFRHB,4,1
DCDDHL1XFRHB,5,0
DCDDHL1XFRHB,5,1
DCDDHL1XFRHB,6,0
DCDDHL1XFRHB,6,2
DCDDHL1XFRHB,7,0
DCDDHL1XFRHB,7,2
DCDDHL1XFRHB,8,0
DCDDHL1XFRHB,8,2
DCDDHL1XFRHB,9,0
DCDDHL1XFRHB,9,2
DCDDHL1XFRHB,10,0
DCDDHL1XFRHB,10,2
J1J0N99WMMU1,1,0
J1J0N99WMMU1,1,1
J1J0N99WMMU1,2,0
J1J0N99WMMU1,2,1
J1J0N99WMMU1,3,0
J1J0N99WMMU1,3,1
J1J0N99WMMU1,4,0
J1J0N99WMMU1,4,1
J1J0N99WMMU1,5,0
J1J0N99WMMU1,5,1
J1J0N99WMMU1,6,0
J1J0N99WMMU1,6,1
J1J0N99WMMU1,6,2
J1J0N99WMMU1,7,0
J1J0N99WMMU1,7,1
J1J0N99WMMU1,8,0
J1J0N99WMMU1,8,1
J1J0N99WMMU1,8,2
J1J0N99WMMU1,9,0
J1J0N99WMMU1,9,1
J1J0N99WMMU1,10,0
J1J0N99WMMU1,10,1
J1J0N99WMMU1,11,0
J1J0N99WMMU1,11,1
J1J0N99WMMU1,12,0
J1J0N99WMMU1,12,1
J1J0N99WMMU1,12,2
J1J0N99WMMU1,13,0
J1J0N99WMMU1,13,1
J1J0N99WMMU1,14,0
J1J0N99WMMU1,14,1
J1J0N99WMMU1,14,2
J1J0N99WMMU1,15,0
J1J0N99WMMU1,15,1
J1J0N99WMMU1,16,0
J1J0N99WMMU1,16,1
J1J0N99WMMU1,17,0
J1J0N99WMMU1,17,1
5VY3YDJPMOGQ,1,0
5VY3YDJPMOGQ,1,1
5VY3YDJPMOGQ,2,0
5VY3YDJPMOGQ,2,1
5VY3YDJPMOGQ,3,0
5VY3YDJPMOGQ,3,1
5VY3YDJPMOGQ,3,2
5VY3YDJPMOGQ,4,0
5VY3YDJPMOGQ,4,1
5VY3YDJPMOGQ,4,2
5VY3YDJPMOGQ,5,0
5VY3YDJPMOGQ,5,1
5VY3YDJPMOGQ,5,2
5VY3YDJPMOGQ,6,0
5VY3YDJPMOGQ,6,1
5VY3YDJPMOGQ,7,0
5VY3YDJPMOGQ,7,1
5VY3YDJPMOGQ,8,0
5VY3YDJPMOGQ,8,1
5VY3YDJPMOGQ,9,0
5VY3YDJPMOGQ,9,1
5VY3YDJPMOGQ,10,0
5VY3YDJPMOGQ,10,2
5VY3YDJPMOGQ,11,0
5VY3YDJPMOGQ,11,1
5VY3YDJPMOGQ,11,2
5VY3YDJPMOGQ,12,0
5VY3YDJPMOGQ,12,2
5VY3YDJPMOGQ,13,0
5VY3YDJPMOGQ,13,1
5VY3YDJPMOGQ,13,2
5VY3YDJPMOGQ,14,0
5VY3YDJPMOGQ,14,1
5VY3YDJPMOGQ,15,0
5VY3YDJPMOGQ,15,1
5VY3YDJPMOGQ,16,0
5VY3YDJPMOGQ,16,1
5VY3YDJPMOGQ,17,0
5VY3YDJPMOGQ,17,1
6K6A2ZR1GIGW,1,0
6K6A2ZR1GIGW,1,1
6K6A2ZR1GIGW,2,0
6K6A2ZR1GIGW,2,1
B0QNT6K91OP7,1,0
B0QNT6K91OP7,1,2
B0QNT6K91OP7,2,0
B0QNT6K91OP7,2,2
B0QNT6K91OP7,3,0
B0QNT6K91OP7,3,1
B0QNT6K91OP7,3,2
B0QNT6K91OP7,4,0
B0QNT6K91OP7,4,2
B0QNT6K91OP7,5,0
B0QNT6K91OP7,5,2
B0QNT6K91OP7,6,0
B0QNT6K91OP7,6,1
B0QNT6K91OP7,6,2
B0QNT6K91OP7,7,0
B0QNT6K91OP7,7,2
B0QNT6K91OP7,8,0
B0QNT6K91OP7,8,1
B0QNT6K91OP7,8,2
B0QNT6K91OP7,9,0
B0QNT6K91OP7,9,1
B0QNT6K91OP7,9,2
B0QNT6K91OP7,10,0
B0QNT6K91OP7,10,2
QB2DPEFOUOY7,1,0
QB2DPEFOUOY7,1,1
QB2DPEFOUOY7,1,2
QB2DPEFOUOY7,2,0
QB2DPEFOUOY7,2,1
QB2DPEFOUOY7,2,2
QB2DPEFOUOY7,3,0
QB2DPEFOUOY7,3,2
QB2DPEFOUOY7,4,0
QB2DPEFOUOY7,4,2
QB2DPEFOUOY7,5,0
QB2DPEFOUOY7,5,1
QB2DPEFOUOY7,5,2
QB2DPEFOUOY7,6,0
QB2DPEFOUOY7,6,2
QB2DPEFOUOY7,7,0
QB2DPEFOUOY7,7,2
QB2DPEFOUOY7,8,0
QB2DPEFOUOY7,8,2
QB2DPEFOUOY7,9,0
QB2DPEFOUOY7,9,2
QB2DPEFOUOY7,10,0
QB2DPEFOUOY7,10,2
QB2DPEFOUOY7,11,0
QB2DPEFOUOY7,11,2
QB2DPEFOUOY7,12,0
QB2DPEFOUOY7,12,2
QB2DPEFOUOY7,13,0
QB2DPEFOUOY7,13,2
QB2DPEFOUOY7,14,0
QB2DPEFOUOY7,14,2
QB2DPEFOUOY7,15,0
QB2DPEFOUOY7,15,2
QB2DPEFOUOY7,16,0
QB2DPEFOUOY7,16,2
QB2DPEFOUOY7,17,0
QB2DPEFOUOY7,17,1
QB2DPEFOUOY7,17,2
QB2DPEFOUOY7,18,0
QB2DPEFOUOY7,18,1
QB2DPEFOUOY7,18,2
QB2DPEFOUOY7,19,0
QB2DPEFOUOY7,19,2
QB2DPEFOUOY7,20,0
QB2DPEFOUOY7,20,1
QB2DPEFOUOY7,20,2
QB2DPEFOUOY7,21,0
QB2DPEFOUOY7,21,2
QB2DPEFOUOY7,22,0
QB2DPEFOUOY7,22,2
QB2DPEFOUOY7,23,0
QB2DPEFOUOY7,23,2
8KYUW6PWNXU6,1,0
8KYUW6PWNXU6,2,0
8KYUW6PWNXU6,3,0
8KYUW6PWNXU6,4,0
8KYUW6PWNXU6,5,0
8KYUW6PWNXU6,6,0
8KYUW6PWNXU6,7,0
8KYUW6PWNXU6,8,0
8KYUW6PWNXU6,9,0
8KYUW6PWNXU6,10,0
8KYUW6PWNXU6,11,0
8KYUW6PWNXU6,12,0
8KYUW6PWNXU6,13,0
8KYUW6PWNXU6,14,0
8KYUW6PWNXU6,15,0
8KYUW6PWNXU6,16,0
8KYUW6PWNXU6,17,0
8KYUW6PWNXU6,18,0
8KYUW6PWNXU6,19,0
8KYUW6PWNXU6,20,0
HQMAGM0Z6J9Y,1,0
HQMAGM0Z6J9Y,2,0
HQMAGM0Z6J9Y,3,0
HQMAGM0Z6J9Y,4,0
HQMAGM0Z6J9Y,5,0
HQMAGM0Z6J9Y,5,1
AZG4DSZ6KSUX,1,0
AZG4DSZ6KSUX,1,2
AZG4DSZ6KSUX,2,0
AZG4DSZ6KSUX,2,1
AZG4DSZ6KSUX,3,0
AZG4DSZ6KSUX,3,2
AZG4DSZ6KSUX,4,0
AZG4DSZ6KSUX,4,1
PPNYRU5FSHIC,1,0
PPNYRU5FSHIC,2,0
PPNYRU5FSHIC,3,0
PPNYRU5FSHIC,3,1
PPNYRU5FSHIC,4,0
PPNYRU5FSHIC,5,0
PPNYRU5FSHIC,5,1
PPNYRU5FSHIC,6,0
PPNYRU5FSHIC,6,1
PPNYRU5FSHIC,7,0
PPNYRU5FSHIC,8,0
PPNYRU5FSHIC,9,0
PPNYRU5FSHIC,10,0
PPNYRU5FSHIC,11,0
PPNYRU5FSHIC,12,0
PPNYRU5FSHIC,13,0
PPNYRU5FSHIC,13,1
80HGMBC65XX9,1,0
80HGMBC65XX9,2,0
BLB7E9LNN5AG,1,0
BLB7E9LNN5AG,1,1
BLB7E9LNN5AG,2,0
BLB7E9LNN5AG,3,0
BLB7E9LNN5AG,3,1
Y1ZE49HLT907,1,0
Y1ZE49HLT907,1,1
Y1ZE49HLT907,2,0
Y1ZE49HLT907,2,1
Y1ZE49HLT907,2,2
Y1ZE49HLT907,3,0
Y1ZE49HLT907,3,1
Y1ZE49HLT907,3,2
Y1ZE49HLT907,4,0
Y1ZE49HLT907,4,1
Y1ZE49HLT907,5,0
Y1ZE49HLT907,5,1
Y1ZE49HLT907,6,0
Y1ZE49HLT907,6,1
Y1ZE49HLT907,6,2
Y1ZE49HLT907,7,0
Y1ZE49HLT907,7,1
Y1ZE49HLT907,7,2
Y1ZE49HLT907,8,0
Y1ZE49HLT907,8,1
Y1ZE49HLT907,9,0
Y1ZE49HLT907,9,1
Y1ZE49HLT907,9,2
Y1ZE49HLT907,10,0
Y1ZE49HLT907,10,1
Y1ZE49HLT907,10,2
Y1ZE49HLT907,11,0
Y1ZE49HLT907,11,1
Y1ZE49HLT907,11,2
Y1ZE49HLT907,12,0
Y1ZE49HLT907,12,1
Y1ZE49HLT907,12,2
Y1ZE49HLT907,13,0
Y1ZE49HLT907,13,1
Y1ZE49HLT907,13,2
Y1ZE49HLT907,14,0
Y1ZE49HLT907,14,1
Y1ZE49HLT907,14,2
Y1ZE49HLT907,15,0
Y1ZE49HLT907,15,1
Y1ZE49HLT907,15,2
KC2W3ATRYS5P,1,0
KC2W3ATRYS5P,2,0
KC2W3ATRYS5P,3,0
FK59PJY5JMS3,1,0
FK59PJY5JMS3,1,1
FK59PJY5JMS3,2,0
FK59PJY5JMS3,2,1
FK59PJY5JMS3,3,0
FK59PJY5JMS3,3,1
FK59PJY5JMS3,4,0
FK59PJY5JMS3,4,1
FK59PJY5JMS3,5,0
FK59PJY5JMS3,5,1
FK59PJY5JMS3,6,0
FK59PJY5JMS3,6,1
FK59PJY5JMS3,7,0
FK59PJY5JMS3,7,1
FK59PJY5JMS3,8,0
FK59PJY5JMS3,8,1
FK59PJY5JMS3,9,0
FK59PJY5JMS3,9,1
FK59PJY5JMS3,10,0
FK59PJY5JMS3,11,0
FK59PJY5JMS3,11,1
1ALGCA7IJD41,1,0
1ALGCA7IJD41,1,1
1ALGCA7IJD41,2,0
1ALGCA7IJD41,2,1
1ALGCA7IJD41,3,0
1ALGCA7IJD41,3,1
1ALGCA7IJD41,4,0
1ALGCA7IJD41,4,1
1ALGCA7IJD41,5,0
1ALGCA7IJD41,5,1
1ALGCA7IJD41,6,0
1ALGCA7IJD41,6,1
1ALGCA7IJD41,7,0
1ALGCA7IJD41,7,1
1ALGCA7IJD41,8,0
1ALGCA7IJD41,8,1
1ALGCA7IJD41,9,0
1ALGCA7IJD41,9,1
UKYAFB9ZCHZL,1,0
UKYAFB9ZCHZL,2,0
UKYAFB9ZCHZL,3,0
UKYAFB9ZCHZL,4,0
UKYAFB9ZCHZL,5,0
UKYAFB9ZCHZL,6,0
UKYAFB9ZCHZL,7,0
UKYAFB9ZCHZL,8,0
UKYAFB9ZCHZL,9,0
UKYAFB9ZCHZL,10,0
UKYAFB9ZCHZL,11,0
UKYAFB9ZCHZL,12,0
UKYAFB9ZCHZL,13,0
UKYAFB9ZCHZL,14,0
UKYAFB9ZCHZL,15,0
UKYAFB9ZCHZL,16,0
UKYAFB9ZCHZL,17,0
UKYAFB9ZCHZL,18,0
UKYAFB9ZCHZL,19,0
UKYAFB9ZCHZL,20,0
UKYAFB9ZCHZL,21,0
UKYAFB9ZCHZL,22,0
UKYAFB9ZCHZL,23,0
UKYAFB9ZCHZL,24,0
JK73XTTBQJ63,1,0
JK73XTTBQJ63,1,1
JK73XTTBQJ63,2,0
JK73XTTBQJ63,2,1
JK73XTTBQJ63,3,0
JK73XTTBQJ63,3,2
JK73XTTBQJ63,4,0
JK73XTTBQJ63,4,2
JK73XTTBQJ63,5,0
JK73XTTBQJ63,5,1
JK73XTTBQJ63,6,0
JK73XTTBQJ63,6,2
JK73XTTBQJ63,7,0
JK73XTTBQJ63,7,2
JK73XTTBQJ63,8,0
JK73XTTBQJ63,8,2
JK73XTTBQJ63,9,0
JK73XTTBQJ63,9,2
JK73XTTBQJ63,10,0
JK73XTTBQJ63,10,2
JK73XTTBQJ63,11,0
JK73XTTBQJ63,11,2
JK73XTTBQJ63,12,0
JK73XTTBQJ63,12,1
JK73XTTBQJ63,13,0
JK73XTTBQJ63,13,2
JK73XTTBQJ63,14,0
JK73XTTBQJ63,14,2
JK73XTTBQJ63,15,0
JK73XTTBQJ63,15,2
JK73XTTBQJ63,16,0
JK73XTTBQJ63,16,2
JK73XTTBQJ63,17,0
JK73XTTBQJ63,17,2
JK73XTTBQJ63,18,0
JK73XTTBQJ63,18,2
JK73XTTBQJ63,19,0
JK73XTTBQJ63,19,2
JK73XTTBQJ63,20,0
JK73XTTBQJ63,20,2
JK73XTTBQJ63,21,0
JK73XTTBQJ63,21,2
JK73XTTBQJ63,22,0
JK73XTTBQJ63,22,1
JK73XTTBQJ63,23,0
JK73XTTBQJ63,23,2
VF5L97ZICWO3,1,0
VF5L97ZICWO3,1,2
VF5L97ZICWO3,2,0
VF5L97ZICWO3,2,2
VF5L97ZICWO3,3,0
VF5L97ZICWO3,3,1
VF5L97ZICWO3,4,0
VF5L97ZICWO3,4,2
VF5L97ZICWO3,5,0
VF5L97ZICWO3,5,1
VF5L97ZICWO3,6,0
VF5L97ZICWO3,6,1
3SMIMIPM5A6K,1,0
3SMIMIPM5A6K,1,1
3SMIMIPM5A6K,1,2
3SMIMIPM5A6K,2,0
3SMIMIPM5A6K,2,1
3SMIMIPM5A6K,2,2
3SMIMIPM5A6K,3,0
3SMIMIPM5A6K,3,2
3SMIMIPM5A6K,4,0
3SMIMIPM5A6K,4,1
3SMIMIPM5A6K,4,2
3SMIMIPM5A6K,5,0
3SMIMIPM5A6K,5,1
3SMIMIPM5A6K,5,2
3SMIMIPM5A6K,6,0
3SMIMIPM5A6K,6,1
3SMIMIPM5A6K,6,2
3SMIMIPM5A6K,7,0
3SMIMIPM5A6K,7,1
3SMIMIPM5A6K,7,2
3SMIMIPM5A6K,8,0
3SMIMIPM5A6K,8,2
3SMIMIPM5A6K,9,0
3SMIMIPM5A6K,9,1
3SMIMIPM5A6K,9,2
3SMIMIPM5A6K,10,0
3SMIMIPM5A6K,10,1
3SMIMIPM5A6K,10,2
3SMIMIPM5A6K,11,0
3SMIMIPM5A6K,11,1
3SMIMIPM5A6K,12,0
3SMIMIPM5A6K,12,1
3SMIMIPM5A6K,12,2
3SMIMIPM5A6K,13,0
3SMIMIPM5A6K,13,2
P08P0ECFVRVN,1,0
P08P0ECFVRVN,1,1
P08P0ECFVRVN,2,0
P08P0ECFVRVN,2,1
KU0GX37U00HB,1,0
KU0GX37U00HB,2,0
KU0GX37U00HB,3,0
KU0GX37U00HB,4,0
KU0GX37U00HB,5,0
KU0GX37U00HB,6,0
KU0GX37U00HB,7,0
KU0GX37U00HB,8,0
KU0GX37U00HB,9,0
KU0GX37U00HB,9,1
KU0GX37U00HB,10,0
KU0GX37U00HB,11,0
KU0GX37U00HB,12,0
KU0GX37U00HB,13,0
0JAU827YRZ15,1,0
0JAU827YRZ15,1,3
0JAU827YRZ15,2,0
0JAU827YRZ15,2,3
0JAU827YRZ15,3,0
0JAU827YRZ15,3,3
0JAU827YRZ15,4,0
0JAU827YRZ15,4,3
0JAU827YRZ15,5,0
0JAU827YRZ15,5,3
0JAU827YRZ15,6,0
0JAU827YRZ15,6,3
0JAU827YRZ15,7,0
0JAU827YRZ15,7,3
0JAU827YRZ15,8,0
0JAU827YRZ15,8,3
0JAU827YRZ15,9,0
0JAU827YRZ15,9,3
0JAU827YRZ15,10,0
0JAU827YRZ15,10,3
0JAU827YRZ15,11,0
0JAU827YRZ15,11,3
0JAU827YRZ15,12,0
0JAU827YRZ15,12,3
0JAU827YRZ15,13,0
0JAU827YRZ15,13,3
0JAU827YRZ15,14,0
0JAU827YRZ15,14,3
0JAU827YRZ15,15,0
0JAU827YRZ15,15,3
0JAU827YRZ15,16,0
0JAU827YRZ15,16,3
0JAU827YRZ15,17,0
0JAU827YRZ15,17,3
0JAU827YRZ15,18,0
0JAU827YRZ15,18,3
0JAU827YRZ15,19,0
0JAU827YRZ15,19,3
0JAU827YRZ15,20,0
0JAU827YRZ15,20,3
0JAU827YRZ15,21,0
0JAU827YRZ15,21,3
GMCXXBPRDCVB,1,0
GMCXXBPRDCVB,1,3
GMCXXBPRDCVB,2,0
GMCXXBPRDCVB,2,3
GMCXXBPRDCVB,3,0
GMCXXBPRDCVB,3,3
IPVHNRAC31RN,1,0
IPVHNRAC31RN,1,3
IPVHNRAC31RN,2,0
IPVHNRAC31RN,2,3
IPVHNRAC31RN,3,0
IPVHNRAC31RN,3,3
IPVHNRAC31RN,4,0
IPVHNRAC31RN,4,3
IPVHNRAC31RN,5,0
IPVHNRAC31RN,5,3
IPVHNRAC31RN,6,0
IPVHNRAC31RN,6,3
IPVHNRAC31RN,7,0
IPVHNRAC31RN,7,3
IPVHNRAC31RN,8,0
IPVHNRAC31RN,8,3
IPVHNRAC31RN,9,0
IPVHNRAC31RN,9,3
IPVHNRAC31RN,10,0
IPVHNRAC31RN,10,3
IPVHNRAC31RN,11,0
IPVHNRAC31RN,11,3
IPVHNRAC31RN,12,0
IPVHNRAC31RN,12,3
IPVHNRAC31RN,13,0
IPVHNRAC31RN,13,3
IPVHNRAC31RN,14,0
IPVHNRAC31RN,14,3
IPVHNRAC31RN,15,0
IPVHNRAC31RN,15,3
IPVHNRAC31RN,16,0
IPVHNRAC31RN,16,3
IPVHNRAC31RN,17,0
IPVHNRAC31RN,17,3
IPVHNRAC31RN,18,0
IPVHNRAC31RN,18,3
IPVHNRAC31RN,19,0
IPVHNRAC31RN,19,3
IPVHNRAC31RN,20,0
IPVHNRAC31RN,20,3
IPVHNRAC31RN,21,0
IPVHNRAC31RN,21,3
IPVHNRAC31RN,22,0
IPVHNRAC31RN,22,3
IPVHNRAC31RN,23,0
IPVHNRAC31RN,23,3
8KK3P5L1SL8H,1,0
8KK3P5L1SL8H,1,1
8KK3P5L1SL8H,2,0
8KK3P5L1SL8H,2,1
FAOHF00D94YC,1,0
FAOHF00D94YC,2,0
FAOHF00D94YC,3,0
FAOHF00D94YC,4,0
FAOHF00D94YC,5,0
FAOHF00D94YC,6,0
FAOHF00D94YC,7,0
FAOHF00D94YC,8,0
FAOHF00D94YC,9,0
FAOHF00D94YC,10,0
FAOHF00D94YC,11,0
FAOHF00D94YC,12,0
FAOHF00D94YC,13,0
FAOHF00D94YC,14,0
FAOHF00D94YC,15,0
FAOHF00D94YC,16,0
FNDZX9WJKR50,1,0
FNDZX9WJKR50,2,0
FNDZX9WJKR50,2,1
FNDZX9WJKR50,3,0
FNDZX9WJKR50,3,1
FNDZX9WJKR50,4,0
FNDZX9WJKR50,5,0
FNDZX9WJKR50,5,1
FNDZX9WJKR50,6,0
FNDZX9WJKR50,7,0
FNDZX9WJKR50,8,0
FNDZX9WJKR50,9,0
FNDZX9WJKR50,9,1
FNDZX9WJKR50,10,0
FNDZX9WJKR50,11,0
JWO453FJQ81Q,1,0
JWO453FJQ81Q,2,0
JWO453FJQ81Q,2,1
JWO453FJQ81Q,3,0
JWO453FJQ81Q,3,1
JWO453FJQ81Q,4,0
JWO453FJQ81Q,4,1
GCVP07T3XWIF,1,0
GCVP07T3XWIF,1,1
GCVP07T3XWIF,2,0
GCVP07T3XWIF,2,1
GCVP07T3XWIF,3,0
GCVP07T3XWIF,3,1
GCVP07T3XWIF,4,0
GCVP07T3XWIF,4,1
GCVP07T3XWIF,5,0
GCVP07T3XWIF,5,1
GCVP07T3XWIF,6,0
GCVP07T3XWIF,6,1
GCVP07T3XWIF,7,0
GCVP07T3XWIF,7,1
GCVP07T3XWIF,8,0
GCVP07T3XWIF,8,1
GCVP07T3XWIF,9,0
GCVP07T3XWIF,9,1
GCVP07T3XWIF,10,0
GCVP07T3XWIF,10,1
GCVP07T3XWIF,11,0
GCVP07T3XWIF,11,1
GCVP07T3XWIF,12,0
GCVP07T3XWIF,12,1
GCVP07T3XWIF,13,0
GCVP07T3XWIF,13,1
GCVP07T3XWIF,14,0
GCVP07T3XWIF,14,1
GCVP07T3XWIF,15,0
GCVP07T3XWIF,15,1
GCVP07T3XWIF,16,0
GCVP07T3XWIF,16,1
GCVP07T3XWIF,17,0
GCVP07T3XWIF,17,1
GCVP07T3XWIF,18,0
GCVP07T3XWIF,18,1
GCVP07T3XWIF,19,0
GCVP07T3XWIF,19,1
GCVP07T3XWIF,20,0
GCVP07T3XWIF,20,1
GCVP07T3XWIF,21,0
GCVP07T3XWIF,21,1
GCVP07T3XWIF,22,0
GCVP07T3XWIF,22,1
GCVP07T3XWIF,23,0
GCVP07T3XWIF,23,1
GCVP07T3XWIF,24,0
GCVP07T3XWIF,24,1
76KGVJ04CCFW,1,0
76KGVJ04CCFW,1,1
76KGVJ04CCFW,1,2
76KGVJ04CCFW,2,0
76KGVJ04CCFW,2,1
76KGVJ04CCFW,2,2
76KGVJ04CCFW,3,0
76KGVJ04CCFW,3,1
76KGVJ04CCFW,3,2
76KGVJ04CCFW,4,0
76KGVJ04CCFW,4,1
76KGVJ04CCFW,4,2
76KGVJ04CCFW,5,0
76KGVJ04CCFW,5,1
76KGVJ04CCFW,5,2
76KGVJ04CCFW,6,0
76KGVJ04CCFW,6,1
76KGVJ04CCFW,6,2
76KGVJ04CCFW,7,0
76KGVJ04CCFW,7,1
76KGVJ04CCFW,7,2
76KGVJ04CCFW,8,0
76KGVJ04CCFW,8,1
76KGVJ04CCFW,8,2
76KGVJ04CCFW,9,0
76KGVJ04CCFW,9,2
76KGVJ04CCFW,9,3
76KGVJ04CCFW,10,0
76KGVJ04CCFW,10,2
76KGVJ04CCFW,10,3
76KGVJ04CCFW,11,0
76KGVJ04CCFW,11,1
76KGVJ04CCFW,11,2
76KGVJ04CCFW,12,0
76KGVJ04CCFW,12,2
76KGVJ04CCFW,12,3
76KGVJ04CCFW,13,0
76KGVJ04CCFW,13,1
76KGVJ04CCFW,13,2
76KGVJ04CCFW,14,0
76KGVJ04CCFW,14,1
76KGVJ04CCFW,14,2
76KGVJ04CCFW,15,0
76KGVJ04CCFW,15,1
76KGVJ04CCFW,15,2
76KGVJ04CCFW,16,0
76KGVJ04CCFW,16,1
76KGVJ04CCFW,16,2
76KGVJ04CCFW,17,0
76KGVJ04CCFW,17,1
76KGVJ04CCFW,17,3
76KGVJ04CCFW,18,0
76KGVJ04CCFW,18,1
76KGVJ04CCFW,18,2
76KGVJ04CCFW,19,0
76KGVJ04CCFW,19,1
76KGVJ04CCFW,19,2
76KGVJ04CCFW,20,0
76KGVJ04CCFW,20,1
76KGVJ04CCFW,20,2
76KGVJ04CCFW,21,0
76KGVJ04CCFW,21,1
76KGVJ04CCFW,21,2
76KGVJ04CCFW,22,0
76KGVJ04CCFW,22,1
76KGVJ04CCFW,22,2
5DZEET17YRTC,1,0
5DZEET17YRTC,2,0
5DZEET17YRTC,3,0
5DZEET17YRTC,3,1
5DZEET17YRTC,4,0
5DZEET17YRTC,4,1
5DZEET17YRTC,5,0
5DZEET17YRTC,6,0
5DZEET17YRTC,7,0
5DZEET17YRTC,8,0
5DZEET17YRTC,9,0
5DZEET17YRTC,10,0
5DZEET17YRTC,11,0
5DZEET17YRTC,12,0
5DZEET17YRTC,13,0
5DZEET17YRTC,14,0
5DZEET17YRTC,15,0
5DZEET17YRTC,16,0
WIRAKIJR9J1X,1,0
WIRAKIJR9J1X,1,3
WIRAKIJR9J1X,2,0
WIRAKIJR9J1X,3,0
WIRAKIJR9J1X,3,3
WIRAKIJR9J1X,4,0
G5S9KUXSLSNW,1,0
G5S9KUXSLSNW,1,1
G5S9KUXSLSNW,1,2
G5S9KUXSLSNW,2,0
G5S9KUXSLSNW,2,1
G5S9KUXSLSNW,2,2
G5S9KUXSLSNW,3,0
G5S9KUXSLSNW,3,1
G5S9KUXSLSNW,3,2
G5S9KUXSLSNW,4,0
G5S9KUXSLSNW,4,1
G5S9KUXSLSNW,4,2
G5S9KUXSLSNW,5,0
G5S9KUXSLSNW,5,1
G5S9KUXSLSNW,5,2
G5S9KUXSLSNW,6,0
G5S9KUXSLSNW,6,1
G5S9KUXSLSNW,6,2
G5S9KUXSLSNW,7,0
G5S9KUXSLSNW,7,1
G5S9KUXSLSNW,7,2
G5S9KUXSLSNW,8,0
G5S9KUXSLSNW,8,1
G5S9KUXSLSNW,8,2
G5S9KUXSLSNW,9,0
G5S9KUXSLSNW,9,1
G5S9KUXSLSNW,9,2
G5S9KUXSLSNW,10,0
G5S9KUXSLSNW,10,1
G5S9KUXSLSNW,10,2
G5S9KUXSLSNW,11,0
G5S9KUXSLSNW,11,1
G5S9KUXSLSNW,11,2
G5S9KUXSLSNW,12,0
G5S9KUXSLSNW,12,1
G5S9KUXSLSNW,12,2
G5S9KUXSLSNW,13,0
G5S9KUXSLSNW,13,1
G5S9KUXSLSNW,13,2
G5S9KUXSLSNW,14,0
G5S9KUXSLSNW,14,1
G5S9KUXSLSNW,14,2
G5S9KUXSLSNW,15,0
G5S9KUXSLSNW,15,2
G5S9KUXSLSNW,16,0
G5S9KUXSLSNW,16,1
G5S9KUXSLSNW,16,2
G5S9KUXSLSNW,17,0
G5S9KUXSLSNW,17,1
G5S9KUXSLSNW,17,2
G5S9KUXSLSNW,18,0
G5S9KUXSLSNW,18,1
G5S9KUXSLSNW,18,2
G5S9KUXSLSNW,19,0
G5S9KUXSLSNW,19,1
G5S9KUXSLSNW,19,2
G5S9KUXSLSNW,20,0
G5S9KUXSLSNW,20,1
G5S9KUXSLSNW,20,2
G5S9KUXSLSNW,21,0
G5S9KUXSLSNW,21,1
G5S9KUXSLSNW,21,2
G5S9KUXSLSNW,22,0
G5S9KUXSLSNW,22,1
G5S9KUXSLSNW,22,2
SDZ8P30QSJ0F,1,0
SDZ8P30QSJ0F,2,0
XW2AB3D2TDLR,1,0
XW2AB3D2TDLR,2,0
24NRI7AGNCVO,1,0
24NRI7AGNCVO,2,0
24NRI7AGNCVO,3,0
24NRI7AGNCVO,4,0
24NRI7AGNCVO,5,0
24NRI7AGNCVO,6,0
24NRI7AGNCVO,7,0
24NRI7AGNCVO,8,0
24NRI7AGNCVO,9,0
24NRI7AGNCVO,10,0
24NRI7AGNCVO,11,0
24NRI7AGNCVO,12,0
24NRI7AGNCVO,13,0
24NRI7AGNCVO,14,0
24NRI7AGNCVO,15,0
24NRI7AGNCVO,16,0
24NRI7AGNCVO,17,0
24NRI7AGNCVO,18,0
CHT2NJYW5SQC,1,0
CHT2NJYW5SQC,2,0
CHT2NJYW5SQC,3,0
CHT2NJYW5SQC,4,0
CHT2NJYW5SQC,5,0
CHT2NJYW5SQC,6,0
CHT2NJYW5SQC,7,0
CHT2NJYW5SQC,8,0
CHT2NJYW5SQC,9,0
CHT2NJYW5SQC,10,0
CHT2NJYW5SQC,11,0
CHT2NJYW5SQC,12,0
CHT2NJYW5SQC,13,0
CHT2NJYW5SQC,14,0
CHT2NJYW5SQC,15,0
CHT2NJYW5SQC,16,0
IIURF2A8EPAK,1,0
IIURF2A8EPAK,2,0
IIURF2A8EPAK,3,0
IIURF2A8EPAK,4,0
IIURF2A8EPAK,5,0
IIURF2A8EPAK,6,0
IIURF2A8EPAK,7,0
IIURF2A8EPAK,8,0
IIURF2A8EPAK,9,0
IIURF2A8EPAK,10,0
IIURF2A8EPAK,11,0
IIURF2A8EPAK,12,0
IIURF2A8EPAK,13,0
IIURF2A8EPAK,14,0
IIURF2A8EPAK,15,0
IIURF2A8EPAK,16,0
IIURF2A8EPAK,17,0
IIURF2A8EPAK,18,0
IIURF2A8EPAK,19,0
S6IM2C22ENB2,1,0
S6IM2C22ENB2,2,0
S6IM2C22ENB2,3,0
77XEX9VM782H,1,0
77XEX9VM782H,2,0
77XEX9VM782H,3,0
77XEX9VM782H,4,0
77XEX9VM782H,5,0
77XEX9VM782H,6,0
77XEX9VM782H,7,0
77XEX9VM782H,8,0
77XEX9VM782H,9,0
77XEX9VM782H,10,0
77XEX9VM782H,11,0
T1LRJWCWXIZS,1,0
T1LRJWCWXIZS,2,0
T1LRJWCWXIZS,3,0
T1LRJWCWXIZS,4,0
T1LRJWCWXIZS,5,0
T1LRJWCWXIZS,6,0
T1LRJWCWXIZS,7,0
T1LRJWCWXIZS,8,0
T1LRJWCWXIZS,9,0
T1LRJWCWXIZS,10,0
T1LRJWCWXIZS,11,0
T1LRJWCWXIZS,12,0
T1LRJWCWXIZS,13,0
T1LRJWCWXIZS,14,0
T1LRJWCWXIZS,15,0
T1LRJWCWXIZS,16,0
T1LRJWCWXIZS,17,0
T1LRJWCWXIZS,18,0
U563SLOXHACZ,1,0
U563SLOXHACZ,2,0
U563SLOXHACZ,3,0
U563SLOXHACZ,4,0
U563SLOXHACZ,5,0
U563SLOXHACZ,6,0
U563SLOXHACZ,7,0
U563SLOXHACZ,8,0
U563SLOXHACZ,9,0
U563SLOXHACZ,10,0
U563SLOXHACZ,11,0
U563SLOXHACZ,12,0
U563SLOXHACZ,13,0
U563SLOXHACZ,14,0
KGIMWYLCQG5H,1,0
KGIMWYLCQG5H,2,0
KGIMWYLCQG5H,3,0
KGIMWYLCQG5H,4,0
KGIMWYLCQG5H,5,0
KGIMWYLCQG5H,6,0
KGIMWYLCQG5H,7,0
KGIMWYLCQG5H,8,0
E1CJDVWR5V53,1,0
E1CJDVWR5V53,2,0
E1CJDVWR5V53,3,0
E1CJDVWR5V53,4,0
E1CJDVWR5V53,5,0
E1CJDVWR5V53,6,0
E1CJDVWR5V53,7,0
E1CJDVWR5V53,8,0
E1CJDVWR5V53,9,0
E1CJDVWR5V53,10,0
E1CJDVWR5V53,11,0
RGWOCQ89SXEK,1,0
RGWOCQ89SXEK,2,0
RGWOCQ89SXEK,3,0
RGWOCQ89SXEK,4,0
RGWOCQ89SXEK,5,0
RGWOCQ89SXEK,6,0
RGWOCQ89SXEK,7,0
SQ45NW35556S,1,0
SQ45NW35556S,2,0
SQ45NW35556S,3,0
SQ45NW35556S,4,0
SQ45NW35556S,5,0
SQ45NW35556S,6,0
SQ45NW35556S,7,0
SQ45NW35556S,8,0
SQ45NW35556S,9,0
SQ45NW35556S,10,0
SQ45NW35556S,11,0
SQ45NW35556S,12,0
SQ45NW35556S,13,0
SQ45NW35556S,14,0
SQ45NW35556S,15,0
SQ45NW35556S,16,0
SQ45NW35556S,17,0
QC5021V4QOUB,1,0
QC5021V4QOUB,2,0
QC5021V4QOUB,3,0
QC5021V4QOUB,4,0
QC5021V4QOUB,5,0
QC5021V4QOUB,6,0
QC5021V4QOUB,7,0
QC5021V4QOUB,8,0
QC5021V4QOUB,9,0
QC5021V4QOUB,10,0
QC5021V4QOUB,11,0
QC5021V4QOUB,12,0
QC5021V4QOUB,13,0
QC5021V4QOUB,14,0
QC5021V4QOUB,15,0
QC5021V4QOUB,16,0
KCNOQJG93F3U,1,0
KCNOQJG93F3U,2,0
KCNOQJG93F3U,3,0
KCNOQJG93F3U,4,0
KCNOQJG93F3U,5,0
KCNOQJG93F3U,6,0
17BHNP8JIA1N,1,0
17BHNP8JIA1N,2,0
17BHNP8JIA1N,3,0
17BHNP8JIA1N,4,0
17BHNP8JIA1N,5,0
17BHNP8JIA1N,6,0
17BHNP8JIA1N,7,0
17BHNP8JIA1N,8,0
17BHNP8JIA1N,9,0
17BHNP8JIA1N,10,0
AKFE59A925IZ,1,0
AKFE59A925IZ,2,0
KSBTO454TGNS,1,0
KSBTO454TGNS,2,0
FN6GKHK0R8T0,1,0
FN6GKHK0R8T0,2,0
FN6GKHK0R8T0,3,0
FN6GKHK0R8T0,4,0
NEBFNJSU36ML,1,0
NEBFNJSU36ML,2,0
NEBFNJSU36ML,3,0
NEBFNJSU36ML,4,0
NEBFNJSU36ML,5,0
NEBFNJSU36ML,6,0
3YZO6LIU7PME,1,0
3YZO6LIU7PME,2,0
PUMRF7JG5ZVL,1,0
PUMRF7JG5ZVL,2,0
PUMRF7JG5ZVL,3,0
PUMRF7JG5ZVL,4,0
PUMRF7JG5ZVL,5,0
PUMRF7JG5ZVL,6,0
PUMRF7JG5ZVL,7,0
0WZERN1CGKEZ,1,0
0WZERN1CGKEZ,2,0
0WZERN1CGKEZ,3,0
0WZERN1CGKEZ,4,0
0WZERN1CGKEZ,5,0
0WZERN1CGKEZ,6,0
0WZERN1CGKEZ,7,0
0WZERN1CGKEZ,8,0
0WZERN1CGKEZ,9,0
0WZERN1CGKEZ,10,0
0WZERN1CGKEZ,11,0
NISKTNG5I4FA,1,0
NISKTNG5I4FA,2,0
NISKTNG5I4FA,3,0
W4Q8EABFUJMW,1,0
W4Q8EABFUJMW,2,0
W4Q8EABFUJMW,3,0
W4Q8EABFUJMW,4,0
W4Q8EABFUJMW,5,0
W4Q8EABFUJMW,6,0
W4Q8EABFUJMW,7,0
W4Q8EABFUJMW,8,0
W4Q8EABFUJMW,9,0
W4Q8EABFUJMW,10,0
W4Q8EABFUJMW,11,0
W4Q8EABFUJMW,12,0
W4Q8EABFUJMW,13,0
W4Q8EABFUJMW,14,0
W4Q8EABFUJMW,15,0
W4Q8EABFUJMW,16,0
W4Q8EABFUJMW,17,0
W4Q8EABFUJMW,18,0
W4Q8EABFUJMW,19,0
W4Q8EABFUJMW,20,0
W4Q8EABFUJMW,21,0
W4Q8EABFUJMW,22,0
BVQEHOEWD4KN,1,0
BVQEHOEWD4KN,2,0
23SK0BWI5E3S,1,0
23SK0BWI5E3S,2,0
23SK0BWI5E3S,3,0
23SK0BWI5E3S,4,0
23SK0BWI5E3S,5,0
23SK0BWI5E3S,6,0
23SK0BWI5E3S,7,0
23SK0BWI5E3S,8,0
23SK0BWI5E3S,9,0
23SK0BWI5E3S,10,0
23SK0BWI5E3S,11,0
23SK0BWI5E3S,12,0
C1L2WXORT6RK,1,0
C1L2WXORT6RK,2,0
C1L2WXORT6RK,3,0
C1L2WXORT6RK,4,0
C1L2WXORT6RK,5,0
C1L2WXORT6RK,6,0
C1L2WXORT6RK,7,0
C1L2WXORT6RK,8,0
K76DSM4QCLBM,1,0
K76DSM4QCLBM,2,0
K76DSM4QCLBM,3,0
K76DSM4QCLBM,4,0
K76DSM4QCLBM,5,0
K76DSM4QCLBM,6,0
K76DSM4QCLBM,7,0
K76DSM4QCLBM,8,0
K76DSM4QCLBM,9,0
LG7NGT2Y0DOE,1,0
LG7NGT2Y0DOE,2,0
LG7NGT2Y0DOE,3,0
LG7NGT2Y0DOE,4,0
LG7NGT2Y0DOE,5,0
LG7NGT2Y0DOE,6,0
LG7NGT2Y0DOE,7,0
LG7NGT2Y0DOE,8,0
LG7NGT2Y0DOE,9,0
LG7NGT2Y0DOE,10,0
DIZ0DZSKG0Q5,1,0
DIZ0DZSKG0Q5,2,0
CYCUIK2N03PD,1,0
CYCUIK2N03PD,2,0
CYCUIK2N03PD,3,0
CYCUIK2N03PD,4,0
CYCUIK2N03PD,5,0
CYCUIK2N03PD,6,0
CYCUIK2N03PD,7,0
CYCUIK2N03PD,8,0
CYCUIK2N03PD,9,0
CYCUIK2N03PD,10,0
CYCUIK2N03PD,11,0
CYCUIK2N03PD,12,0
CYCUIK2N03PD,13,0
CYCUIK2N03PD,14,0
CYCUIK2N03PD,15,0
YAA99R21M76Z,1,0
YAA99R21M76Z,2,0
YAA99R21M76Z,3,0
YAA99R21M76Z,4,0
YAA99R21M76Z,5,0
YAA99R21M76Z,6,0
YAA99R21M76Z,7,0
YAA99R21M76Z,8,0
YAA99R21M76Z,9,0
YAA99R21M76Z,10,0
YAA99R21M76Z,11,0
YAA99R21M76Z,12,0
YAA99R21M76Z,13,0
YAA99R21M76Z,14,0
YAA99R21M76Z,15,0
YAA99R21M76Z,16,0
YAA99R21M76Z,17,0
YAA99R21M76Z,18,0
YAA99R21M76Z,19,0
YAA99R21M76Z,20,0
YMDDPLL74YLB,1,0
YMDDPLL74YLB,2,0
YMDDPLL74YLB,3,0
YMDDPLL74YLB,4,0
YMDDPLL74YLB,5,0
YMDDPLL74YLB,6,0
YMDDPLL74YLB,7,0
YMDDPLL74YLB,8,0
YMDDPLL74YLB,9,0
YMDDPLL74YLB,10,0
YMDDPLL74YLB,11,0
YMDDPLL74YLB,12,0
YMDDPLL74YLB,13,0
YMDDPLL74YLB,14,0
QQ3D0DEKF6C3,1,0
QQ3D0DEKF6C3,2,0
QQ3D0DEKF6C3,3,0
QQ3D0DEKF6C3,4,0
QQ3D0DEKF6C3,5,0
QQ3D0DEKF6C3,6,0
QQ3D0DEKF6C3,7,0
QQ3D0DEKF6C3,8,0
QQ3D0DEKF6C3,9,0
QQ3D0DEKF6C3,10,0
QQ3D0DEKF6C3,11,0
QQ3D0DEKF6C3,12,0
QQ3D0DEKF6C3,13,0
QQ3D0DEKF6C3,14,0
QQ3D0DEKF6C3,15,0
QQ3D0DEKF6C3,16,0
QQ3D0DEKF6C3,17,0
QQ3D0DEKF6C3,18,0
QQ3D0DEKF6C3,19,0
QQ3D0DEKF6C3,20,0
QQ3D0DEKF6C3,21,0
QQ3D0DEKF6C3,22,0
3H4HU65RGWNJ,1,0
3H4HU65RGWNJ,2,0
3H4HU65RGWNJ,3,0
3H4HU65RGWNJ,4,0
O1T4Y8ZBAR3V,1,0
O1T4Y8ZBAR3V,2,0
O1T4Y8ZBAR3V,3,0
O1T4Y8ZBAR3V,4,0
O1T4Y8ZBAR3V,5,0
O1T4Y8ZBAR3V,6,0
O1T4Y8ZBAR3V,7,0
O1T4Y8ZBAR3V,8,0
O1T4Y8ZBAR3V,9,0
O1T4Y8ZBAR3V,10,0
O1T4Y8ZBAR3V,11,0
O1T4Y8ZBAR3V,12,0
O1T4Y8ZBAR3V,13,0
O1T4Y8ZBAR3V,14,0
O1T4Y8ZBAR3V,15,0
O1T4Y8ZBAR3V,16,0
O1T4Y8ZBAR3V,17,0
7FQFHSGT9JYZ,1,0
7FQFHSGT9JYZ,2,0
7FQFHSGT9JYZ,3,0
7FQFHSGT9JYZ,4,0
7FQFHSGT9JYZ,5,0
7FQFHSGT9JYZ,6,0
7FQFHSGT9JYZ,7,0
7FQFHSGT9JYZ,8,0
7FQFHSGT9JYZ,9,0
7FQFHSGT9JYZ,10,0
7FQFHSGT9JYZ,11,0
7FQFHSGT9JYZ,12,0
7FQFHSGT9JYZ,13,0
BD9QX48JCOKL,1,0
BD9QX48JCOKL,2,0
BD9QX48JCOKL,3,0
BD9QX48JCOKL,4,0
BD9QX48JCOKL,5,0
BD9QX48JCOKL,6,0
BD9QX48JCOKL,7,0
BD9QX48JCOKL,8,0
BD9QX48JCOKL,9,0
BD9QX48JCOKL,10,0
BD9QX48JCOKL,11,0
BD9QX48JCOKL,12,0
BD9QX48JCOKL,13,0
BD9QX48JCOKL,14,0
BD9QX48JCOKL,15,0
BD9QX48JCOKL,16,0
BD9QX48JCOKL,17,0
CBC5334WOXMQ,1,0
CBC5334WOXMQ,2,0
X6LDM88C9VPD,1,0
X6LDM88C9VPD,2,0
X6LDM88C9VPD,3,0
X6LDM88C9VPD,4,0
X6LDM88C9VPD,5,0
X6LDM88C9VPD,6,0
X6LDM88C9VPD,7,0
X6LDM88C9VPD,8,0
VZWO9D90W3U6,1,0
VZWO9D90W3U6,2,0
VZWO9D90W3U6,3,0
VZWO9D90W3U6,4,0
VZWO9D90W3U6,5,0
VZWO9D90W3U6,6,0
VZWO9D90W3U6,7,0
VZWO9D90W3U6,8,0
VZWO9D90W3U6,9,0
VZWO9D90W3U6,10,0
VZWO9D90W3U6,11,0
VZWO9D90W3U6,12,0
VZWO9D90W3U6,13,0
VZWO9D90W3U6,14,0
GO0WG8D1QFR0,1,0
GO0WG8D1QFR0,2,0
GO0WG8D1QFR0,3,0
GO0WG8D1QFR0,4,0
GO0WG8D1QFR0,5,0
GO0WG8D1QFR0,6,0
GO0WG8D1QFR0,7,0
GO0WG8D1QFR0,8,0
GO0WG8D1QFR0,9,0
GO0WG8D1QFR0,10,0
GO0WG8D1QFR0,11,0
GO0WG8D1QFR0,12,0
GO0WG8D1QFR0,13,0
GO0WG8D1QFR0,14,0
GO0WG8D1QFR0,15,0
GO0WG8D1QFR0,16,0
GO0WG8D1QFR0,17,0
GO0WG8D1QFR0,18,0
GO0WG8D1QFR0,19,0
GO0WG8D1QFR0,20,0
AHPVG6418PE4,1,0
AHPVG6418PE4,2,0
AHPVG6418PE4,3,0
AHPVG6418PE4,4,0
AHPVG6418PE4,5,0
AHPVG6418PE4,6,0
AHPVG6418PE4,7,0
AHPVG6418PE4,8,0
AHPVG6418PE4,9,0
AHPVG6418PE4,10,0
AHPVG6418PE4,11,0
AHPVG6418PE4,12,0
AHPVG6418PE4,13,0
AHPVG6418PE4,14,0
AHPVG6418PE4,15,0
KC2DQGOA6U01,1,0
KC2DQGOA6U01,2,0
1F0HOK5G8FW4,1,0
1F0HOK5G8FW4,2,0
0GLQGDCQO7W9,1,0
0GLQGDCQO7W9,2,0
ZTNXJCJW1IOZ,1,0
ZTNXJCJW1IOZ,2,0
ZTNXJCJW1IOZ,3,0
ZTNXJCJW1IOZ,4,0
ZTNXJCJW1IOZ,5,0
ZTNXJCJW1IOZ,6,0
ZTNXJCJW1IOZ,7,0
ZTNXJCJW1IOZ,8,0
ZTNXJCJW1IOZ,9,0
ZTNXJCJW1IOZ,10,0
ZTNXJCJW1IOZ,11,0
ZTNXJCJW1IOZ,12,0
ZTNXJCJW1IOZ,13,0
ZTNXJCJW1IOZ,14,0
ZTNXJCJW1IOZ,15,0
ZTNXJCJW1IOZ,16,0
LO8TOMYWSWXO,1,0
LO8TOMYWSWXO,2,0
LO8TOMYWSWXO,3,0
LO8TOMYWSWXO,4,0
3BWCBWEVS4C2,1,0
3BWCBWEVS4C2,2,0
Y5KWL28AYN4A,1,0
Y5KWL28AYN4A,2,0
Y5KWL28AYN4A,3,0
Y5KWL28AYN4A,4,0
Y5KWL28AYN4A,5,0
Y5KWL28AYN4A,6,0
Y5KWL28AYN4A,7,0
Y5KWL28AYN4A,8,0
Y5KWL28AYN4A,9,0
7ZQQ2F996HZC,1,0
7ZQQ2F996HZC,2,0
7ZQQ2F996HZC,3,0
7ZQQ2F996HZC,4,0
7ZQQ2F996HZC,5,0
7ZQQ2F996HZC,6,0
7ZQQ2F996HZC,7,0
7ZQQ2F996HZC,8,0
7ZQQ2F996HZC,9,0
7ZQQ2F996HZC,10,0
7ZQQ2F996HZC,11,0
7ZQQ2F996HZC,12,0
7ZQQ2F996HZC,13,0
7ZQQ2F996HZC,14,0
7ZQQ2F996HZC,15,0
7ZQQ2F996HZC,16,0
7ZQQ2F996HZC,17,0
7ZQQ2F996HZC,18,0
7ZQQ2F996HZC,19,0
058B0MTHMCCB,1,0
058B0MTHMCCB,2,0
058B0MTHMCCB,3,0
058B0MTHMCCB,4,0
058B0MTHMCCB,5,0
058B0MTHMCCB,6,0
OQLEWK0BQ7TA,1,0
OQLEWK0BQ7TA,2,0
54D9E5LFKVGT,1,0
54D9E5LFKVGT,2,0
43ZIV93WLD97,1,0
43ZIV93WLD97,2,0
43ZIV93WLD97,3,0
43ZIV93WLD97,4,0
R5MF1DZPI6L0,1,0
R5MF1DZPI6L0,2,0
R5MF1DZPI6L0,3,0
R5MF1DZPI6L0,4,0
NR22C4SN0YGD,1,0
NR22C4SN0YGD,2,0
NR22C4SN0YGD,3,0
NR22C4SN0YGD,4,0
NR22C4SN0YGD,5,0
NR22C4SN0YGD,6,0
NR22C4SN0YGD,7,0
NR22C4SN0YGD,8,0
NR22C4SN0YGD,9,0
NR22C4SN0YGD,10,0
NR22C4SN0YGD,11,0
NR22C4SN0YGD,12,0
NR22C4SN0YGD,13,0
NR22C4SN0YGD,14,0
NR22C4SN0YGD,15,0
NR22C4SN0YGD,16,0
NR22C4SN0YGD,17,0
NR22C4SN0YGD,18,0
NR22C4SN0YGD,19,0
FDITIOH887U3,1,0
FDITIOH887U3,2,0
FDITIOH887U3,3,0
FDITIOH887U3,4,0
FDITIOH887U3,5,0
FDITIOH887U3,6,0
FDITIOH887U3,7,0
FDITIOH887U3,8,0
FDITIOH887U3,9,0
FDITIOH887U3,10,0
FDITIOH887U3,11,0
FDITIOH887U3,12,0
FDITIOH887U3,13,0
FDITIOH887U3,14,0
FDITIOH887U3,15,0
FDITIOH887U3,16,0
FDITIOH887U3,17,0
FDITIOH887U3,18,0
FDITIOH887U3,19,0
FDITIOH887U3,20,0
FDITIOH887U3,21,0
2WVTMYQFCQDD,1,0
2WVTMYQFCQDD,2,0
M5RMDCQ0FNLS,1,0
M5RMDCQ0FNLS,2,0
M5RMDCQ0FNLS,3,0
M5RMDCQ0FNLS,4,0
M5RMDCQ0FNLS,5,0
M5RMDCQ0FNLS,6,0
QSD4L66MML13,1,0
QSD4L66MML13,2,0
QSD4L66MML13,3,0
QSD4L66MML13,4,0
QSD4L66MML13,5,0
QSD4L66MML13,6,0
QSD4L66MML13,7,0
QSD4L66MML13,8,0
QSD4L66MML13,9,0
QSD4L66MML13,10,0
QSD4L66MML13,11,0
QSD4L66MML13,12,0
QSD4L66MML13,13,0
QSD4L66MML13,14,0
QSD4L66MML13,15,0
QSD4L66MML13,16,0
QSD4L66MML13,17,0
QSD4L66MML13,18,0
QSD4L66MML13,19,0
D61KM1YBCWNK,1,0
D61KM1YBCWNK,2,0
D61KM1YBCWNK,3,0
D61KM1YBCWNK,4,0
D61KM1YBCWNK,5,0
D61KM1YBCWNK,6,0
D61KM1YBCWNK,7,0
D61KM1YBCWNK,8,0
D61KM1YBCWNK,9,0
D61KM1YBCWNK,10,0
88IFE4OCFSNR,1,0
88IFE4OCFSNR,2,0
88IFE4OCFSNR,3,0
88IFE4OCFSNR,4,0
88IFE4OCFSNR,5,0
88IFE4OCFSNR,6,0
88IFE4OCFSNR,7,0
88IFE4OCFSNR,8,0
88IFE4OCFSNR,9,0
88IFE4OCFSNR,10,0
88IFE4OCFSNR,11,0
88IFE4OCFSNR,12,0
88IFE4OCFSNR,13,0
88IFE4OCFSNR,14,0
5ZDKUW08CML7,1,0
5ZDKUW08CML7,2,0
5ZDKUW08CML7,3,0
5ZDKUW08CML7,4,0
5ZDKUW08CML7,5,0
5ZDKUW08CML7,6,0
5ZDKUW08CML7,7,0
5ZDKUW08CML7,8,0
5ZDKUW08CML7,9,0
5ZDKUW08CML7,10,0
5ZDKUW08CML7,11,0
5ZDKUW08CML7,12,0
5ZDKUW08CML7,13,0
5ZDKUW08CML7,14,0
5ZDKUW08CML7,15,0
5ZDKUW08CML7,16,0
5ZDKUW08CML7,17,0
YZDXE9R28ZL9,1,0
YZDXE9R28ZL9,2,0
YZDXE9R28ZL9,3,0
YZDXE9R28ZL9,4,0
YZDXE9R28ZL9,5,0
YZDXE9R28ZL9,6,0
YZDXE9R28ZL9,7,0
YZDXE9R28ZL9,8,0
YZDXE9R28ZL9,9,0
YZDXE9R28ZL9,10,0
YZDXE9R28ZL9,11,0
YZDXE9R28ZL9,12,0
YZDXE9R28ZL9,13,0
YZDXE9R28ZL9,14,0
YZDXE9R28ZL9,15,0
YZDXE9R28ZL9,16,0
YZDXE9R28ZL9,17,0
YZDXE9R28ZL9,18,0
YZDXE9R28ZL9,19,0
YZDXE9R28ZL9,20,0
YZDXE9R28ZL9,21,0
YZDXE9R28ZL9,22,0
YZDXE9R28ZL9,23,0
YZDXE9R28ZL9,24,0
WKIY0Z6MCDXV,1,0
WKIY0Z6MCDXV,2,0
W756RNPCIYYT,1,0
W756RNPCIYYT,2,0
W756RNPCIYYT,3,0
W756RNPCIYYT,4,0
W756RNPCIYYT,5,0
W756RNPCIYYT,6,0
W756RNPCIYYT,7,0
W756RNPCIYYT,8,0
W756RNPCIYYT,9,0
W756RNPCIYYT,10,0
W756RNPCIYYT,11,0
W756RNPCIYYT,12,0
W756RNPCIYYT,13,0
W756RNPCIYYT,14,0
W756RNPCIYYT,15,0
W756RNPCIYYT,16,0
W756RNPCIYYT,17,0
W756RNPCIYYT,18,0
W756RNPCIYYT,19,0
W756RNPCIYYT,20,0
UANW7KQKECMA,1,0
UANW7KQKECMA,2,0
1OS0HH40LWSC,1,0
1OS0HH40LWSC,2,0
1OS0HH40LWSC,3,0
BML7PGZGDWP8,1,0
BML7PGZGDWP8,2,0
BML7PGZGDWP8,3,0
BML7PGZGDWP8,4,0
BML7PGZGDWP8,5,0
BML7PGZGDWP8,6,0
BML7PGZGDWP8,7,0
BML7PGZGDWP8,8,0
BML7PGZGDWP8,9,0
BML7PGZGDWP8,10,0
BML7PGZGDWP8,11,0
BML7PGZGDWP8,12,0
BML7PGZGDWP8,13,0
BML7PGZGDWP8,14,0
BML7PGZGDWP8,15,0
BML7PGZGDWP8,16,0
BML7PGZGDWP8,17,0
BML7PGZGDWP8,18,0
N8GRB5P7O4NW,1,0
N8GRB5P7O4NW,2,0
N8GRB5P7O4NW,3,0
N8GRB5P7O4NW,4,0
N8GRB5P7O4NW,5,0
N8GRB5P7O4NW,6,0
N8GRB5P7O4NW,7,0
N8GRB5P7O4NW,8,0
N8GRB5P7O4NW,9,0
NUKNDSX3UVES,1,0
NUKNDSX3UVES,2,0
NUKNDSX3UVES,3,0
NUKNDSX3UVES,4,0
V95PXF76B0HV,1,0
V95PXF76B0HV,2,0
U9T49B58H7OW,1,0
U9T49B58H7OW,2,0
U9T49B58H7OW,3,0
U9T49B58H7OW,4,0
U9T49B58H7OW,5,0
U9T49B58H7OW,6,0
U9T49B58H7OW,7,0
U9T49B58H7OW,8,0
U9T49B58H7OW,9,0
U9T49B58H7OW,10,0
U9T49B58H7OW,11,0
U9T49B58H7OW,12,0
U9T49B58H7OW,13,0
U9T49B58H7OW,14,0
U9T49B58H7OW,15,0
U9T49B58H7OW,16,0
U9T49B58H7OW,17,0
U9T49B58H7OW,18,0
U9T49B58H7OW,19,0
U9T49B58H7OW,20,0
U9T49B58H7OW,21,0
SDW3UDWCGEN2,1,0
SDW3UDWCGEN2,2,0
SDW3UDWCGEN2,3,0
P0ZCQ30XMJSB,1,0
P0ZCQ30XMJSB,2,0
P0ZCQ30XMJSB,3,0
P0ZCQ30XMJSB,4,0
P0ZCQ30XMJSB,5,0
P0ZCQ30XMJSB,6,0
P0ZCQ30XMJSB,7,0
P0ZCQ30XMJSB,8,0
P0ZCQ30XMJSB,9,0
P0ZCQ30XMJSB,10,0
P0ZCQ30XMJSB,11,0
P0ZCQ30XMJSB,12,0
P1YGCGH7GM1U,1,0
P1YGCGH7GM1U,2,0
P1YGCGH7GM1U,3,0
P1YGCGH7GM1U,4,0
RE9UJRK0WRTZ,1,0
RE9UJRK0WRTZ,2,0
I17S27S3G2U4,1,0
I17S27S3G2U4,2,0
I17S27S3G2U4,3,0
3HRSSK2CYCIR,1,0
3HRSSK2CYCIR,2,0
3HRSSK2CYCIR,3,0
3HRSSK2CYCIR,4,0
3HRSSK2CYCIR,5,0
3HRSSK2CYCIR,6,0
3HRSSK2CYCIR,7,0
3HRSSK2CYCIR,8,0
3HRSSK2CYCIR,9,0
3HRSSK2CYCIR,10,0
3HRSSK2CYCIR,11,0
3HRSSK2CYCIR,12,0
3HRSSK2CYCIR,13,0
3HRSSK2CYCIR,14,0
LZZDA4U0TEX8,1,0
LZZDA4U0TEX8,2,0
LZZDA4U0TEX8,3,0
LZZDA4U0TEX8,4,0
LZZDA4U0TEX8,5,0
LZZDA4U0TEX8,6,0
LZZDA4U0TEX8,7,0
LZZDA4U0TEX8,8,0
LZZDA4U0TEX8,9,0
LZZDA4U0TEX8,10,0
LZZDA4U0TEX8,11,0
LZZDA4U0TEX8,12,0
LZZDA4U0TEX8,13,0
LZZDA4U0TEX8,14,0
LZZDA4U0TEX8,15,0
LZZDA4U0TEX8,16,0
LZZDA4U0TEX8,17,0
LZZDA4U0TEX8,18,0
LZZDA4U0TEX8,19,0
C89JLP0G2QF4,1,0
C89JLP0G2QF4,2,0
KG66F08HXO7K,1,0
KG66F08HXO7K,2,0
KG66F08HXO7K,3,0
KG66F08HXO7K,4,0
KG66F08HXO7K,5,0
KG66F08HXO7K,6,0
KG66F08HXO7K,7,0
KG66F08HXO7K,8,0
KG66F08HXO7K,9,0
KG66F08HXO7K,10,0
JOB960CV56HC,1,0
JOB960CV56HC,2,0
JOB960CV56HC,3,0
JOB960CV56HC,4,0
TSEENP8CI88K,1,0
TSEENP8CI88K,2,0
TSEENP8CI88K,3,0
TSEENP8CI88K,4,0
TSEENP8CI88K,5,0
TSEENP8CI88K,6,0
TSEENP8CI88K,7,0
TSEENP8CI88K,8,0
TSEENP8CI88K,9,0
TSEENP8CI88K,10,0
TSEENP8CI88K,11,0
TSEENP8CI88K,12,0
TSEENP8CI88K,13,0
TSEENP8CI88K,14,0
TSEENP8CI88K,15,0
TSEENP8CI88K,16,0
TSEENP8CI88K,17,0
TSEENP8CI88K,18,0
TSEENP8CI88K,19,0
TSEENP8CI88K,20,0
TSEENP8CI88K,21,0
TSEENP8CI88K,22,0
TSEENP8CI88K,23,0
E0E7K5S0X6FF,1,0
E0E7K5S0X6FF,2,0
E0E7K5S0X6FF,3,0
E0E7K5S0X6FF,4,0
E0E7K5S0X6FF,5,0
E0E7K5S0X6FF,6,0
E0E7K5S0X6FF,7,0
E0E7K5S0X6FF,8,0
E0E7K5S0X6FF,9,0
E0E7K5S0X6FF,10,0
E0E7K5S0X6FF,11,0
PM66WF163BXK,1,0
PM66WF163BXK,2,0
PM66WF163BXK,3,0
PM66WF163BXK,4,0
PM66WF163BXK,5,0
PM66WF163BXK,6,0
PM66WF163BXK,7,0
PM66WF163BXK,8,0
PM66WF163BXK,9,0
PM66WF163BXK,10,0
PM66WF163BXK,11,0
PM66WF163BXK,12,0
PM66WF163BXK,13,0
PM66WF163BXK,14,0
PM66WF163BXK,15,0
PM66WF163BXK,16,0
PM66WF163BXK,17,0
PM66WF163BXK,18,0
PM66WF163BXK,19,0
PM66WF163BXK,20,0
PM66WF163BXK,21,0
PM66WF163BXK,22,0
PM66WF163BXK,23,0
PM66WF163BXK,24,0
LKKT0OKINXBP,1,0
LKKT0OKINXBP,2,0
8XBB8HQ0KMT0,1,0
8XBB8HQ0KMT0,2,0
E48J29EU367E,1,0
E48J29EU367E,2,0
E48J29EU367E,3,0
E48J29EU367E,4,0
E48J29EU367E,5,0
E48J29EU367E,6,0
E48J29EU367E,7,0
TN690VY1ZHKP,1,0
TN690VY1ZHKP,2,0
TN690VY1ZHKP,3,0
OBBTWFZ45UB4,1,0
OBBTWFZ45UB4,2,0
OBBTWFZ45UB4,3,0
OBBTWFZ45UB4,4,0
OBBTWFZ45UB4,5,0
OBBTWFZ45UB4,6,0
OBBTWFZ45UB4,7,0
OBBTWFZ45UB4,8,0
OBBTWFZ45UB4,9,0
OBBTWFZ45UB4,10,0
OBBTWFZ45UB4,11,0
OBBTWFZ45UB4,12,0
OBBTWFZ45UB4,13,0
OBBTWFZ45UB4,14,0
OBBTWFZ45UB4,15,0
OBBTWFZ45UB4,16,0
OBBTWFZ45UB4,17,0
OBBTWFZ45UB4,18,0
OBBTWFZ45UB4,19,0
OBBTWFZ45UB4,20,0
OBBTWFZ45UB4,21,0
G4MKH31QYRA2,1,0
G4MKH31QYRA2,2,0
G4MKH31QYRA2,3,0
G4MKH31QYRA2,4,0
G4MKH31QYRA2,5,0
G4MKH31QYRA2,6,0
G4MKH31QYRA2,7,0
G4MKH31QYRA2,8,0
G4MKH31QYRA2,9,0
G4MKH31QYRA2,10,0
G4MKH31QYRA2,11,0
G4MKH31QYRA2,12,0
G4MKH31QYRA2,13,0
G4MKH31QYRA2,14,0
BQ7CFYXHF8YY,1,0
BQ7CFYXHF8YY,2,0
S9630TNHO40Q,1,0
S9630TNHO40Q,2,0
S9630TNHO40Q,3,0
S9630TNHO40Q,4,0
S9630TNHO40Q,5,0
S9630TNHO40Q,6,0
S9630TNHO40Q,7,0
S9630TNHO40Q,8,0
S9630TNHO40Q,9,0
S9630TNHO40Q,10,0
S9630TNHO40Q,11,0
S9630TNHO40Q,12,0
S9630TNHO40Q,13,0
S9630TNHO40Q,14,0
S9630TNHO40Q,15,0
VFC4RKKPKRD5,1,0
VFC4RKKPKRD5,2,0
VFC4RKKPKRD5,3,0
VFC4RKKPKRD5,4,0
VFC4RKKPKRD5,5,0
VFC4RKKPKRD5,6,0
VFC4RKKPKRD5,7,0
VFC4RKKPKRD5,8,0
VFC4RKKPKRD5,9,0
VFC4RKKPKRD5,10,0
HN8YN1C57LYF,1,0
HN8YN1C57LYF,2,0
HN8YN1C57LYF,3,0
HN8YN1C57LYF,4,0
HN8YN1C57LYF,5,0
HN8YN1C57LYF,6,0
HN8YN1C57LYF,7,0
HN8YN1C57LYF,8,0
HN8YN1C57LYF,9,0
HN8YN1C57LYF,10,0
HN8YN1C57LYF,11,0
HN8YN1C57LYF,12,0
HN8YN1C57LYF,13,0
T1KYO7B5O4OP,1,0
T1KYO7B5O4OP,2,0
T1KYO7B5O4OP,3,0
T1KYO7B5O4OP,4,0
T1KYO7B5O4OP,5,0
T1KYO7B5O4OP,6,0
T1KYO7B5O4OP,7,0
T1KYO7B5O4OP,8,0
8U9MB7O51Y9Z,1,0
8U9MB7O51Y9Z,2,0
8U9MB7O51Y9Z,3,0
8U9MB7O51Y9Z,4,0
8U9MB7O51Y9Z,5,0
8U9MB7O51Y9Z,6,0
8U9MB7O51Y9Z,7,0
8U9MB7O51Y9Z,8,0
8U9MB7O51Y9Z,9,0
8U9MB7O51Y9Z,10,0
8U9MB7O51Y9Z,11,0
8U9MB7O51Y9Z,12,0
8U9MB7O51Y9Z,13,0
8U9MB7O51Y9Z,14,0
8U9MB7O51Y9Z,15,0
8U9MB7O51Y9Z,16,0
8U9MB7O51Y9Z,17,0
8U9MB7O51Y9Z,18,0
8U9MB7O51Y9Z,19,0
8U9MB7O51Y9Z,20,0
8U9MB7O51Y9Z,21,0
8U9MB7O51Y9Z,22,0
8U9MB7O51Y9Z,23,0
8U9MB7O51Y9Z,24,0
1V1KLMFRDO68,1,0
1V1KLMFRDO68,2,0
1V1KLMFRDO68,3,0
1V1KLMFRDO68,4,0
1V1KLMFRDO68,5,0
1V1KLMFRDO68,6,0
Z9UVEHNU4AYB,1,0
Z9UVEHNU4AYB,2,0
Z9UVEHNU4AYB,3,0
Z9UVEHNU4AYB,4,0
Z9UVEHNU4AYB,5,0
Z9UVEHNU4AYB,6,0
Z9UVEHNU4AYB,7,0
Z9UVEHNU4AYB,8,0
Z9UVEHNU4AYB,9,0
Z9UVEHNU4AYB,10,0
Z9UVEHNU4AYB,11,0
Z9UVEHNU4AYB,12,0
Z9UVEHNU4AYB,13,0
Z9UVEHNU4AYB,14,0
JNRZ1JNOMP1W,1,0
JNRZ1JNOMP1W,2,0
JNRZ1JNOMP1W,3,0
JNRZ1JNOMP1W,4,0
JNRZ1JNOMP1W,5,0
JNRZ1JNOMP1W,6,0
T68614XZR14C,1,0
T68614XZR14C,2,0
T68614XZR14C,3,0
T68614XZR14C,4,0
T68614XZR14C,5,0
T68614XZR14C,6,0
T68614XZR14C,7,0
BB0UZF90QI40,1,0
BB0UZF90QI40,2,0
BB0UZF90QI40,3,0
BB0UZF90QI40,4,0
BB0UZF90QI40,5,0
BB0UZF90QI40,6,0
BB0UZF90QI40,7,0
BB0UZF90QI40,8,0
BB0UZF90QI40,9,0
BB0UZF90QI40,10,0
BB0UZF90QI40,11,0
BB0UZF90QI40,12,0
BB0UZF90QI40,13,0
BB0UZF90QI40,14,0
RCDYFV8B0O6M,1,0
RCDYFV8B0O6M,2,0
RCDYFV8B0O6M,3,0
RCDYFV8B0O6M,4,0
RCDYFV8B0O6M,5,0
KSCD9QIYKO9N,1,0
KSCD9QIYKO9N,2,0
211ZDEE6103A,1,0
211ZDEE6103A,2,0
211ZDEE6103A,3,0
211ZDEE6103A,4,0
211ZDEE6103A,5,0
211ZDEE6103A,6,0
211ZDEE6103A,7,0
211ZDEE6103A,8,0
211ZDEE6103A,9,0
211ZDEE6103A,10,0
211ZDEE6103A,11,0
211ZDEE6103A,12,0
211ZDEE6103A,13,0
211ZDEE6103A,14,0
211ZDEE6103A,15,0
211ZDEE6103A,16,0
211ZDEE6103A,17,0
SSA5C96LIDY8,1,0
SSA5C96LIDY8,2,0
SSA5C96LIDY8,3,0
MUKAANLQYSWV,1,0
MUKAANLQYSWV,2,0
ZTB39GUU7MU2,1,0
ZTB39GUU7MU2,2,0
ZTB39GUU7MU2,3,0
ZTB39GUU7MU2,4,0
ZTB39GUU7MU2,5,0
ZTB39GUU7MU2,6,0
ZTB39GUU7MU2,7,0
ZTB39GUU7MU2,8,0
ZTB39GUU7MU2,9,0
ZTB39GUU7MU2,10,0
ZTB39GUU7MU2,11,0
ZTB39GUU7MU2,12,0
ZTB39GUU7MU2,13,0
ZTB39GUU7MU2,14,0
ZTB39GUU7MU2,15,0
ZTB39GUU7MU2,16,0
T7UJJGAC0IOC,1,0
T7UJJGAC0IOC,2,0
T7UJJGAC0IOC,3,0
T7UJJGAC0IOC,4,0
T7UJJGAC0IOC,5,0
T7UJJGAC0IOC,6,0
T7UJJGAC0IOC,7,0
T7UJJGAC0IOC,8,0
T7UJJGAC0IOC,9,0
T7UJJGAC0IOC,10,0
T7UJJGAC0IOC,11,0
T7UJJGAC0IOC,12,0
T7UJJGAC0IOC,13,0
T7UJJGAC0IOC,14,0
T7UJJGAC0IOC,15,0
T7UJJGAC0IOC,16,0
1BI52XPY4BT7,1,0
1BI52XPY4BT7,2,0
1BI52XPY4BT7,3,0
1BI52XPY4BT7,4,0
1BI52XPY4BT7,5,0
1BI52XPY4BT7,6,0
1BI52XPY4BT7,7,0
1BI52XPY4BT7,8,0
1BI52XPY4BT7,9,0
1BI52XPY4BT7,10,0
1BI52XPY4BT7,11,0
1BI52XPY4BT7,12,0
BVUQZOJIPYA6,1,0
BVUQZOJIPYA6,2,0
BVUQZOJIPYA6,3,0
BVUQZOJIPYA6,4,0
BVUQZOJIPYA6,5,0
BVUQZOJIPYA6,6,0
BVUQZOJIPYA6,7,0
BVUQZOJIPYA6,8,0
BVUQZOJIPYA6,9,0
BVUQZOJIPYA6,10,0
BVUQZOJIPYA6,11,0
BVUQZOJIPYA6,12,0
BVUQZOJIPYA6,13,0
BVUQZOJIPYA6,14,0
BVUQZOJIPYA6,15,0
BVUQZOJIPYA6,16,0
BVUQZOJIPYA6,17,0
BVUQZOJIPYA6,18,0
BVUQZOJIPYA6,19,0
BVUQZOJIPYA6,20,0
2AMJC7W6DIG9,1,0
2AMJC7W6DIG9,2,0
2AMJC7W6DIG9,3,0
2AMJC7W6DIG9,4,0
2AMJC7W6DIG9,5,0
2AMJC7W6DIG9,6,0
2AMJC7W6DIG9,7,0
2AMJC7W6DIG9,8,0
2AMJC7W6DIG9,9,0
2AMJC7W6DIG9,10,0
2AMJC7W6DIG9,11,0
2AMJC7W6DIG9,12,0
2AMJC7W6DIG9,13,0
2AMJC7W6DIG9,14,0
2AMJC7W6DIG9,15,0
2AMJC7W6DIG9,16,0
2AMJC7W6DIG9,17,0
2AMJC7W6DIG9,18,0
79F4XMIU6HIK,1,0
79F4XMIU6HIK,2,0
79F4XMIU6HIK,3,0
79F4XMIU6HIK,4,0
79F4XMIU6HIK,5,0
79F4XMIU6HIK,6,0
79F4XMIU6HIK,7,0
79F4XMIU6HIK,8,0
79F4XMIU6HIK,9,0
79F4XMIU6HIK,10,0
SQSGVJQLHZ34,1,0
SQSGVJQLHZ34,2,0
PL946XW3FQLR,1,0
PL946XW3FQLR,2,0
PL946XW3FQLR,3,0
PL946XW3FQLR,4,0
PL946XW3FQLR,5,0
PL946XW3FQLR,6,0
PL946XW3FQLR,7,0
PL946XW3FQLR,8,0
PL946XW3FQLR,9,0
PL946XW3FQLR,10,0
PL946XW3FQLR,11,0
PL946XW3FQLR,12,0
PL946XW3FQLR,13,0
PL946XW3FQLR,14,0
PL946XW3FQLR,15,0
PL946XW3FQLR,16,0
PL946XW3FQLR,17,0
PL946XW3FQLR,18,0
PL946XW3FQLR,19,0
PL946XW3FQLR,20,0
PL946XW3FQLR,21,0
PL946XW3FQLR,22,0
740LADF9T33R,1,0
740LADF9T33R,2,0
2H2OE7YPNWVJ,1,0
2H2OE7YPNWVJ,2,0
U53TK3NWIMLA,1,0
U53TK3NWIMLA,2,0
U53TK3NWIMLA,3,0
U53TK3NWIMLA,4,0
U53TK3NWIMLA,5,0
U53TK3NWIMLA,6,0
U53TK3NWIMLA,7,0
U53TK3NWIMLA,8,0
U53TK3NWIMLA,9,0
U53TK3NWIMLA,10,0
U53TK3NWIMLA,11,0
U53TK3NWIMLA,12,0
U53TK3NWIMLA,13,0
U53TK3NWIMLA,14,0
U53TK3NWIMLA,15,0
U53TK3NWIMLA,16,0
U53TK3NWIMLA,17,0
U53TK3NWIMLA,18,0
U53TK3NWIMLA,19,0
U53TK3NWIMLA,20,0
PX6MV9FK35EC,1,0
PX6MV9FK35EC,2,0
PX6MV9FK35EC,3,0
PX6MV9FK35EC,4,0
PX6MV9FK35EC,5,0
PX6MV9FK35EC,6,0
JY91JRLPOBF3,1,0
JY91JRLPOBF3,2,0
JY91JRLPOBF3,3,0
JY91JRLPOBF3,4,0
JY91JRLPOBF3,5,0
JY91JRLPOBF3,6,0
JY91JRLPOBF3,7,0
JY91JRLPOBF3,8,0
JY91JRLPOBF3,9,0
J8XGI0DOLK7O,1,0
J8XGI0DOLK7O,2,0
J8XGI0DOLK7O,3,0
J8XGI0DOLK7O,4,0
J8XGI0DOLK7O,5,0
J8XGI0DOLK7O,6,0
J8XGI0DOLK7O,7,0
J8XGI0DOLK7O,8,0
J8XGI0DOLK7O,9,0
J8XGI0DOLK7O,10,0
J8XGI0DOLK7O,11,0
J8XGI0DOLK7O,12,0
J8XGI0DOLK7O,13,0
J8XGI0DOLK7O,14,0
J8XGI0DOLK7O,15,0
J8XGI0DOLK7O,16,0
J8XGI0DOLK7O,17,0
J8XGI0DOLK7O,18,0
J8XGI0DOLK7O,19,0
J8XGI0DOLK7O,20,0
DE7I7E8FOQTQ,1,0
DE7I7E8FOQTQ,2,0
DE7I7E8FOQTQ,3,0
DE7I7E8FOQTQ,4,0
DE7I7E8FOQTQ,5,0
DE7I7E8FOQTQ,6,0
DE7I7E8FOQTQ,7,0
DE7I7E8FOQTQ,8,0
DE7I7E8FOQTQ,9,0
DE7I7E8FOQTQ,10,0
DE7I7E8FOQTQ,11,0
DE7I7E8FOQTQ,12,0
DE7I7E8FOQTQ,13,0
DE7I7E8FOQTQ,14,0
DE7I7E8FOQTQ,15,0
DE7I7E8FOQTQ,16,0
DE7I7E8FOQTQ,17,0
DE7I7E8FOQTQ,18,0
DE7I7E8FOQTQ,19,0
DE7I7E8FOQTQ,20,0
DE7I7E8FOQTQ,21,0
DE7I7E8FOQTQ,22,0
N1VUHD2ZST5Z,1,0
N1VUHD2ZST5Z,2,0
N1VUHD2ZST5Z,3,0
N1VUHD2ZST5Z,4,0
N1VUHD2ZST5Z,5,0
N1VUHD2ZST5Z,6,0
N1VUHD2ZST5Z,7,0
N1VUHD2ZST5Z,8,0
N1VUHD2ZST5Z,9,0
N1VUHD2ZST5Z,10,0
N1VUHD2ZST5Z,11,0
N1VUHD2ZST5Z,12,0
N1VUHD2ZST5Z,13,0
N1VUHD2ZST5Z,14,0
N1VUHD2ZST5Z,15,0
N1VUHD2ZST5Z,16,0
N1VUHD2ZST5Z,17,0
N1VUHD2ZST5Z,18,0
N1VUHD2ZST5Z,19,0
N1VUHD2ZST5Z,20,0
N1VUHD2ZST5Z,21,0
3ZNIERYK1VXJ,1,0
3ZNIERYK1VXJ,2,0
3ZNIERYK1VXJ,3,0
3ZNIERYK1VXJ,4,0
3ZNIERYK1VXJ,5,0
3ZNIERYK1VXJ,6,0
3ZNIERYK1VXJ,7,0
3ZNIERYK1VXJ,8,0
3ZNIERYK1VXJ,9,0
3ZNIERYK1VXJ,10,0
3ZNIERYK1VXJ,11,0
3ZNIERYK1VXJ,12,0
3ZNIERYK1VXJ,13,0
3ZNIERYK1VXJ,14,0
3ZNIERYK1VXJ,15,0
3ZNIERYK1VXJ,16,0
3ZNIERYK1VXJ,17,0
3ZNIERYK1VXJ,18,0
E0W7GDTFLQMJ,1,0
E0W7GDTFLQMJ,2,0
E0W7GDTFLQMJ,3,0
E0W7GDTFLQMJ,4,0
E0W7GDTFLQMJ,5,0
E0W7GDTFLQMJ,6,0
E0W7GDTFLQMJ,7,0
E0W7GDTFLQMJ,8,0
E0W7GDTFLQMJ,9,0
E0W7GDTFLQMJ,10,0
E0W7GDTFLQMJ,11,0
E0W7GDTFLQMJ,12,0
E0W7GDTFLQMJ,13,0
E0W7GDTFLQMJ,14,0
E0W7GDTFLQMJ,15,0
E0W7GDTFLQMJ,16,0
E0W7GDTFLQMJ,17,0
E0W7GDTFLQMJ,18,0
E0W7GDTFLQMJ,19,0
E0W7GDTFLQMJ,20,0
43YERJTW0TBC,1,0
43YERJTW0TBC,2,0
43YERJTW0TBC,3,0
43YERJTW0TBC,4,0
43YERJTW0TBC,5,0
43YERJTW0TBC,6,0
2SFNDXEATGQ4,1,0
2SFNDXEATGQ4,2,0
2SFNDXEATGQ4,3,0
2SFNDXEATGQ4,4,0
2SFNDXEATGQ4,5,0
2SFNDXEATGQ4,6,0
2SFNDXEATGQ4,7,0
2SFNDXEATGQ4,8,0
2SFNDXEATGQ4,9,0
2SFNDXEATGQ4,10,0
2SFNDXEATGQ4,11,0
2SFNDXEATGQ4,12,0
2SFNDXEATGQ4,13,0
2SFNDXEATGQ4,14,0
2SFNDXEATGQ4,15,0
2SFNDXEATGQ4,16,0
2SFNDXEATGQ4,17,0
2SFNDXEATGQ4,18,0
2SFNDXEATGQ4,19,0
2SFNDXEATGQ4,20,0
2SFNDXEATGQ4,21,0
Q4GDW3HQHLY4,1,0
Q4GDW3HQHLY4,2,0
Q4GDW3HQHLY4,3,0
Q4GDW3HQHLY4,4,0
Q4GDW3HQHLY4,5,0
Q4GDW3HQHLY4,6,0
Q4GDW3HQHLY4,7,0
Q4GDW3HQHLY4,8,0
Q4GDW3HQHLY4,9,0
Q4GDW3HQHLY4,10,0
Q4GDW3HQHLY4,11,0
Q4GDW3HQHLY4,12,0
GU748I9JERA8,1,0
GU748I9JERA8,2,0
GU748I9JERA8,3,0
GU748I9JERA8,4,0
GU748I9JERA8,5,0
GU748I9JERA8,6,0
GU748I9JERA8,7,0
GU748I9JERA8,8,0
GU748I9JERA8,9,0
GU748I9JERA8,10,0
GU748I9JERA8,11,0
GU748I9JERA8,12,0
GU748I9JERA8,13,0
GU748I9JERA8,14,0
GU748I9JERA8,15,0
GU748I9JERA8,16,0
GU748I9JERA8,17,0
GU748I9JERA8,18,0
GU748I9JERA8,19,0
GU748I9JERA8,20,0
PCGPDUQUFO5K,1,0
PCGPDUQUFO5K,2,0
PCGPDUQUFO5K,3,0
PCGPDUQUFO5K,4,0
PCGPDUQUFO5K,5,0
PCGPDUQUFO5K,6,0
PCGPDUQUFO5K,7,0
PCGPDUQUFO5K,8,0
PCGPDUQUFO5K,9,0
PCGPDUQUFO5K,10,0
PCGPDUQUFO5K,11,0
PCGPDUQUFO5K,12,0
89A4GD1DI20Q,1,0
89A4GD1DI20Q,2,0
89A4GD1DI20Q,3,0
89A4GD1DI20Q,4,0
89A4GD1DI20Q,5,0
89A4GD1DI20Q,6,0
HVT3RIFP92N2,1,0
HVT3RIFP92N2,2,0
HVT3RIFP92N2,3,0
HVT3RIFP92N2,4,0
HVT3RIFP92N2,5,0
HVT3RIFP92N2,6,0
HVT3RIFP92N2,7,0
HVT3RIFP92N2,8,0
HVT3RIFP92N2,9,0
HVT3RIFP92N2,10,0
HVT3RIFP92N2,11,0
HVT3RIFP92N2,12,0
HVT3RIFP92N2,13,0
HVT3RIFP92N2,14,0
HVT3RIFP92N2,15,0
HVT3RIFP92N2,16,0
HVT3RIFP92N2,17,0
HVT3RIFP92N2,18,0
RBFI41X1XJYX,1,0
RBFI41X1XJYX,2,0
9IKTPJTJ7887,1,0
9IKTPJTJ7887,2,0
9IKTPJTJ7887,3,0
9IKTPJTJ7887,4,0
9IKTPJTJ7887,5,0
9IKTPJTJ7887,6,0
9IKTPJTJ7887,7,0
9IKTPJTJ7887,8,0
9IKTPJTJ7887,9,0
9IKTPJTJ7887,10,0
9IKTPJTJ7887,11,0
9IKTPJTJ7887,12,0
9IKTPJTJ7887,13,0
9IKTPJTJ7887,14,0
9IKTPJTJ7887,15,0
9IKTPJTJ7887,16,0
9IKTPJTJ7887,17,0
CNVVZHPK4I5Q,1,0
CNVVZHPK4I5Q,2,0
CNVVZHPK4I5Q,3,0
CNVVZHPK4I5Q,4,0
CNVVZHPK4I5Q,5,0
CNVVZHPK4I5Q,6,0
CNVVZHPK4I5Q,7,0
CNVVZHPK4I5Q,8,0
CNVVZHPK4I5Q,9,0
CNVVZHPK4I5Q,10,0
CNVVZHPK4I5Q,11,0
CNVVZHPK4I5Q,12,0
CNVVZHPK4I5Q,13,0
CNVVZHPK4I5Q,14,0
CNVVZHPK4I5Q,15,0
CNVVZHPK4I5Q,16,0
CNVVZHPK4I5Q,17,0
KYYCL2GP7LS9,1,0
KYYCL2GP7LS9,2,0
KYYCL2GP7LS9,3,0
KYYCL2GP7LS9,4,0
KYYCL2GP7LS9,5,0
KYYCL2GP7LS9,6,0
KYYCL2GP7LS9,7,0
KYYCL2GP7LS9,8,0
KYYCL2GP7LS9,9,0
KYYCL2GP7LS9,10,0
KYYCL2GP7LS9,11,0
KYYCL2GP7LS9,12,0
KYYCL2GP7LS9,13,0
KYYCL2GP7LS9,14,0
KYYCL2GP7LS9,15,0
KYYCL2GP7LS9,16,0
KYYCL2GP7LS9,17,0
WSWBUOWQUQXK,1,0
WSWBUOWQUQXK,2,0
WSWBUOWQUQXK,3,0
WSWBUOWQUQXK,4,0
WSWBUOWQUQXK,5,0
WSWBUOWQUQXK,6,0
WSWBUOWQUQXK,7,0
ZQAC1XYGI6XV,1,0
ZQAC1XYGI6XV,2,0
ZQAC1XYGI6XV,3,0
ZQAC1XYGI6XV,4,0
ZQAC1XYGI6XV,5,0
ZQAC1XYGI6XV,6,0
ZQAC1XYGI6XV,7,0
ZQAC1XYGI6XV,8,0
ZQAC1XYGI6XV,9,0
THPH65W3LJLX,1,0
THPH65W3LJLX,2,0
THPH65W3LJLX,3,0
THPH65W3LJLX,4,0
THPH65W3LJLX,5,0
THPH65W3LJLX,6,0
THPH65W3LJLX,7,0
THPH65W3LJLX,8,0
THPH65W3LJLX,9,0
THPH65W3LJLX,10,0
THPH65W3LJLX,11,0
THPH65W3LJLX,12,0
THPH65W3LJLX,13,0
THPH65W3LJLX,14,0
THPH65W3LJLX,15,0
1NOX9PCO6SIP,1,0
1NOX9PCO6SIP,2,0
1NOX9PCO6SIP,3,0
1NOX9PCO6SIP,4,0
1NOX9PCO6SIP,5,0
1NOX9PCO6SIP,6,0
1NOX9PCO6SIP,7,0
1NOX9PCO6SIP,8,0
1NOX9PCO6SIP,9,0
1NOX9PCO6SIP,10,0
1NOX9PCO6SIP,11,0
1NOX9PCO6SIP,12,0
1NOX9PCO6SIP,13,0
1NOX9PCO6SIP,14,0
1NOX9PCO6SIP,15,0
1NOX9PCO6SIP,16,0
1NOX9PCO6SIP,17,0
1NOX9PCO6SIP,18,0
1NOX9PCO6SIP,19,0
1NOX9PCO6SIP,20,0
1NOX9PCO6SIP,21,0
1NOX9PCO6SIP,22,0
1NOX9PCO6SIP,23,0
6HVU41LZVGNF,1,0
6HVU41LZVGNF,2,0
AM6PJD7Z3AWA,1,0
AM6PJD7Z3AWA,2,0
DF6Q5C6O00RD,1,0
DF6Q5C6O00RD,2,0
77M70WL0AF5Y,1,0
77M70WL0AF5Y,2,0
N8Z3CSIN8G3A,1,0
N8Z3CSIN8G3A,2,0
N8Z3CSIN8G3A,3,0
N8Z3CSIN8G3A,4,0
HU4UDMEXG601,1,0
HU4UDMEXG601,2,0
HU4UDMEXG601,3,0
HU4UDMEXG601,4,0
HU4UDMEXG601,5,0
HU4UDMEXG601,6,0
HU4UDMEXG601,7,0
HU4UDMEXG601,8,0
HU4UDMEXG601,9,0
HU4UDMEXG601,10,0
HU4UDMEXG601,11,0
HU4UDMEXG601,12,0
HU4UDMEXG601,13,0
HU4UDMEXG601,14,0
HU4UDMEXG601,15,0
HU4UDMEXG601,16,0
HU4UDMEXG601,17,0
HU4UDMEXG601,18,0
U37T77X84FZV,1,0
U37T77X84FZV,2,0
U37T77X84FZV,3,0
U37T77X84FZV,4,0
U37T77X84FZV,5,0
U37T77X84FZV,6,0
U37T77X84FZV,7,0
U37T77X84FZV,8,0
U37T77X84FZV,9,0
U37T77X84FZV,10,0
U37T77X84FZV,11,0
U37T77X84FZV,12,0
U37T77X84FZV,13,0
U37T77X84FZV,14,0
U37T77X84FZV,15,0
U37T77X84FZV,16,0
U37T77X84FZV,17,0
U37T77X84FZV,18,0
U37T77X84FZV,19,0
L8O68GIMG0AB,1,0
L8O68GIMG0AB,2,0
L8O68GIMG0AB,3,0
L8O68GIMG0AB,4,0
L8O68GIMG0AB,5,0
L8O68GIMG0AB,6,0
L8O68GIMG0AB,7,0
L8O68GIMG0AB,8,0
L8O68GIMG0AB,9,0
L8O68GIMG0AB,10,0
L8O68GIMG0AB,11,0
L8O68GIMG0AB,12,0
L8O68GIMG0AB,13,0
L8O68GIMG0AB,14,0
L8O68GIMG0AB,15,0
L8O68GIMG0AB,16,0
L8O68GIMG0AB,17,0
L8O68GIMG0AB,18,0
L8O68GIMG0AB,19,0
L8O68GIMG0AB,20,0
L8O68GIMG0AB,21,0
L8O68GIMG0AB,22,0
V7JOO6DJ3JDE,1,0
V7JOO6DJ3JDE,2,0
V7JOO6DJ3JDE,3,0
V7JOO6DJ3JDE,4,0
V7JOO6DJ3JDE,5,0
V7JOO6DJ3JDE,6,0
V7JOO6DJ3JDE,7,0
V7JOO6DJ3JDE,8,0
V7JOO6DJ3JDE,9,0
0HXDCGT7T5T3,1,0
0HXDCGT7T5T3,2,0
B7EK1OUANCIX,1,0
B7EK1OUANCIX,2,0
B8IJ0HSHP2D4,1,0
B8IJ0HSHP2D4,2,0
B8IJ0HSHP2D4,3,0
B8IJ0HSHP2D4,4,0
B8IJ0HSHP2D4,5,0
PTR4ZRMF9YCE,1,0
PTR4ZRMF9YCE,2,0
0NKRTHLRTMY5,1,0
0NKRTHLRTMY5,2,0
YCCFY31M6CPW,1,0
YCCFY31M6CPW,2,0
YCCFY31M6CPW,3,0
YCCFY31M6CPW,4,0
YCCFY31M6CPW,5,0
YCCFY31M6CPW,6,0
YCCFY31M6CPW,7,0
YCCFY31M6CPW,8,0
YCCFY31M6CPW,9,0
YCCFY31M6CPW,10,0
YCCFY31M6CPW,11,0
YCCFY31M6CPW,12,0
7DZZZTH7167W,1,0
7DZZZTH7167W,2,0
7DZZZTH7167W,3,0
7DZZZTH7167W,4,0
7DZZZTH7167W,5,0
7DZZZTH7167W,6,0
7DZZZTH7167W,7,0
7DZZZTH7167W,8,0
7DZZZTH7167W,9,0
7DZZZTH7167W,10,0
7DZZZTH7167W,11,0
7DZZZTH7167W,12,0
7DZZZTH7167W,13,0
7DZZZTH7167W,14,0
7DZZZTH7167W,15,0
7DZZZTH7167W,16,0
5KOKAXGDMWBB,1,0
5KOKAXGDMWBB,2,0
5KOKAXGDMWBB,3,0
5KOKAXGDMWBB,4,0
5KOKAXGDMWBB,5,0
5KOKAXGDMWBB,6,0
5KOKAXGDMWBB,7,0
5L10X2B3FMOF,1,0
5L10X2B3FMOF,2,0
5L10X2B3FMOF,3,0
VC2JH3AXMGZ9,1,0
VC2JH3AXMGZ9,2,0
VC2JH3AXMGZ9,3,0
VC2JH3AXMGZ9,4,0
VC2JH3AXMGZ9,5,0
VC2JH3AXMGZ9,6,0
VC2JH3AXMGZ9,7,0
VC2JH3AXMGZ9,8,0
VC2JH3AXMGZ9,9,0
VC2JH3AXMGZ9,10,0
VC2JH3AXMGZ9,11,0
VC2JH3AXMGZ9,12,0
VC2JH3AXMGZ9,13,0
VC2JH3AXMGZ9,14,0
VC2JH3AXMGZ9,15,0
VC2JH3AXMGZ9,16,0
VC2JH3AXMGZ9,17,0
VC2JH3AXMGZ9,18,0
VC2JH3AXMGZ9,19,0
VC2JH3AXMGZ9,20,0
AQXYVXMOKZAY,1,0
AQXYVXMOKZAY,2,0
AQXYVXMOKZAY,3,0
AQXYVXMOKZAY,4,0
AQXYVXMOKZAY,5,0
AQXYVXMOKZAY,6,0
AQXYVXMOKZAY,7,0
AQXYVXMOKZAY,8,0
AQXYVXMOKZAY,9,0
AQXYVXMOKZAY,10,0
AQXYVXMOKZAY,11,0
AQXYVXMOKZAY,12,0
WW1KB4N06147,1,0
WW1KB4N06147,2,0
APZNQMWSCGQA,1,0
APZNQMWSCGQA,2,0
D57HD92Z9XUA,1,0
D57HD92Z9XUA,2,0
D57HD92Z9XUA,3,0
D57HD92Z9XUA,4,0
D57HD92Z9XUA,5,0
D57HD92Z9XUA,6,0
J4XM7RBCVO3S,1,0
J4XM7RBCVO3S,2,0
J4XM7RBCVO3S,3,0
J4XM7RBCVO3S,4,0
J4XM7RBCVO3S,5,0
J4XM7RBCVO3S,6,0
J4XM7RBCVO3S,7,0
J4XM7RBCVO3S,8,0
J4XM7RBCVO3S,9,0
WH0EVHTAHAWV,1,0
WH0EVHTAHAWV,2,0
WH0EVHTAHAWV,3,0
WH0EVHTAHAWV,4,0
WH0EVHTAHAWV,5,0
WH0EVHTAHAWV,6,0
WH0EVHTAHAWV,7,0
WH0EVHTAHAWV,8,0
WH0EVHTAHAWV,9,0
WH0EVHTAHAWV,10,0
WH0EVHTAHAWV,11,0
WH0EVHTAHAWV,12,0
WH0EVHTAHAWV,13,0
WH0EVHTAHAWV,14,0
WH0EVHTAHAWV,15,0
WH0EVHTAHAWV,16,0
WH0EVHTAHAWV,17,0
WH0EVHTAHAWV,18,0
WH0EVHTAHAWV,19,0
WH0EVHTAHAWV,20,0
8UJ687AVO35U,1,0
8UJ687AVO35U,2,0
8UJ687AVO35U,3,0
8UJ687AVO35U,4,0
8UJ687AVO35U,5,0
8UJ687AVO35U,6,0
8UJ687AVO35U,7,0
8UJ687AVO35U,8,0
8UJ687AVO35U,9,0
8UJ687AVO35U,10,0
8UJ687AVO35U,11,0
8UJ687AVO35U,12,0
8UJ687AVO35U,13,0
8UJ687AVO35U,14,0
8UJ687AVO35U,15,0
8UJ687AVO35U,16,0
8UJ687AVO35U,17,0
8UJ687AVO35U,18,0
8UJ687AVO35U,19,0
8UJ687AVO35U,20,0
8UJ687AVO35U,21,0
8UJ687AVO35U,22,0
8UJ687AVO35U,23,0
NJKKOND6BQZ9,1,0
NJKKOND6BQZ9,2,0
NJKKOND6BQZ9,3,0
NJKKOND6BQZ9,4,0
KKL1D27YTKAP,1,0
KKL1D27YTKAP,2,0
KKL1D27YTKAP,3,0
KKL1D27YTKAP,4,0
KKL1D27YTKAP,5,0
OJK69DR7Z5XB,1,0
OJK69DR7Z5XB,2,0
OJK69DR7Z5XB,3,0
OJK69DR7Z5XB,4,0
OJK69DR7Z5XB,5,0
OJK69DR7Z5XB,6,0
OJK69DR7Z5XB,7,0
OJK69DR7Z5XB,8,0
OJK69DR7Z5XB,9,0
OJK69DR7Z5XB,10,0
OJK69DR7Z5XB,11,0
OJK69DR7Z5XB,12,0
OJK69DR7Z5XB,13,0
OJK69DR7Z5XB,14,0
F17VB7NSR9OA,1,0
F17VB7NSR9OA,2,0
F17VB7NSR9OA,3,0
F17VB7NSR9OA,4,0
F17VB7NSR9OA,5,0
9YN7NSQOZCEE,1,0
9YN7NSQOZCEE,2,0
9YN7NSQOZCEE,3,0
9YN7NSQOZCEE,4,0
9YN7NSQOZCEE,5,0
9YN7NSQOZCEE,6,0
9YN7NSQOZCEE,7,0
9YN7NSQOZCEE,8,0
9YN7NSQOZCEE,9,0
VHBED2FMJUTY,1,0
VHBED2FMJUTY,2,0
VHBED2FMJUTY,3,0
VHBED2FMJUTY,4,0
VHBED2FMJUTY,5,0
VHBED2FMJUTY,6,0
VHBED2FMJUTY,7,0
VHBED2FMJUTY,8,0
VHBED2FMJUTY,9,0
VHBED2FMJUTY,10,0
VHBED2FMJUTY,11,0
VHBED2FMJUTY,12,0
VHBED2FMJUTY,13,0
VHBED2FMJUTY,14,0
VHBED2FMJUTY,15,0
VHBED2FMJUTY,16,0
VHBED2FMJUTY,17,0
VHBED2FMJUTY,18,0
VHBED2FMJUTY,19,0
VHBED2FMJUTY,20,0
VHBED2FMJUTY,21,0
VHBED2FMJUTY,22,0
2P4D9QN81GK8,1,0
2P4D9QN81GK8,2,0
2P4D9QN81GK8,3,0
2P4D9QN81GK8,4,0
2P4D9QN81GK8,5,0
2P4D9QN81GK8,6,0
2P4D9QN81GK8,7,0
2P4D9QN81GK8,8,0
2P4D9QN81GK8,9,0
2P4D9QN81GK8,10,0
2P4D9QN81GK8,11,0
2P4D9QN81GK8,12,0
2P4D9QN81GK8,13,0
2P4D9QN81GK8,14,0
2P4D9QN81GK8,15,0
2P4D9QN81GK8,16,0
2P4D9QN81GK8,17,0
2P4D9QN81GK8,18,0
2P4D9QN81GK8,19,0
IDJFN1LWK9PJ,1,0
IDJFN1LWK9PJ,2,0
IDJFN1LWK9PJ,3,0
IDJFN1LWK9PJ,4,0
IDJFN1LWK9PJ,5,0
IDJFN1LWK9PJ,6,0
IDJFN1LWK9PJ,7,0
IDJFN1LWK9PJ,8,0
IDJFN1LWK9PJ,9,0
IDJFN1LWK9PJ,10,0
IDJFN1LWK9PJ,11,0
IDJFN1LWK9PJ,12,0
IDJFN1LWK9PJ,13,0
IDJFN1LWK9PJ,14,0
IDJFN1LWK9PJ,15,0
IDJFN1LWK9PJ,16,0
IDJFN1LWK9PJ,17,0
IDJFN1LWK9PJ,18,0
IDJFN1LWK9PJ,19,0
IDJFN1LWK9PJ,20,0
IDJFN1LWK9PJ,21,0
IDJFN1LWK9PJ,22,0
IDJFN1LWK9PJ,23,0
IDJFN1LWK9PJ,24,0
CC5WXY7TMGFS,1,0
CC5WXY7TMGFS,2,0
7EYANYTGLR2C,1,0
7EYANYTGLR2C,2,0
5IDS0U7OZLRE,1,0
5IDS0U7OZLRE,2,0
5IDS0U7OZLRE,3,0
5IDS0U7OZLRE,4,0
5IDS0U7OZLRE,5,0
5IDS0U7OZLRE,6,0
5IDS0U7OZLRE,7,0
5IDS0U7OZLRE,8,0
5IDS0U7OZLRE,9,0
5IDS0U7OZLRE,10,0
5IDS0U7OZLRE,11,0
5IDS0U7OZLRE,12,0
5IDS0U7OZLRE,13,0
5IDS0U7OZLRE,14,0
5IDS0U7OZLRE,15,0
5IDS0U7OZLRE,16,0
5IDS0U7OZLRE,17,0
5IDS0U7OZLRE,18,0
5IDS0U7OZLRE,19,0
5IDS0U7OZLRE,20,0
5IDS0U7OZLRE,21,0
5IDS0U7OZLRE,22,0
5IDS0U7OZLRE,23,0
5IDS0U7OZLRE,24,0
7QJAUTA5RZ77,1,0
7QJAUTA5RZ77,2,0
O9AGSDUU6PKO,1,0
O9AGSDUU6PKO,2,0
O9AGSDUU6PKO,3,0
O9AGSDUU6PKO,4,0
O9AGSDUU6PKO,5,0
O9AGSDUU6PKO,6,0
O9AGSDUU6PKO,7,0
O9AGSDUU6PKO,8,0
O9AGSDUU6PKO,9,0
O9AGSDUU6PKO,10,0
O9AGSDUU6PKO,11,0
4ZQVBVQ6FO9J,1,0
4ZQVBVQ6FO9J,2,0
4ZQVBVQ6FO9J,3,0
4ZQVBVQ6FO9J,4,0
4ZQVBVQ6FO9J,5,0
4ZQVBVQ6FO9J,6,0
4ZQVBVQ6FO9J,7,0
4ZQVBVQ6FO9J,8,0
4ZQVBVQ6FO9J,9,0
4ZQVBVQ6FO9J,10,0
4ZQVBVQ6FO9J,11,0
4ZQVBVQ6FO9J,12,0
4ZQVBVQ6FO9J,13,0
4ZQVBVQ6FO9J,14,0
4ZQVBVQ6FO9J,15,0
4ZQVBVQ6FO9J,16,0
4ZQVBVQ6FO9J,17,0
3CG8NVKGIDZZ,1,0
3CG8NVKGIDZZ,2,0
3CG8NVKGIDZZ,3,0
3CG8NVKGIDZZ,4,0
3CG8NVKGIDZZ,5,0
3CG8NVKGIDZZ,6,0
3CG8NVKGIDZZ,7,0
3CG8NVKGIDZZ,8,0
3CG8NVKGIDZZ,9,0
3CG8NVKGIDZZ,10,0
3CG8NVKGIDZZ,11,0
3CG8NVKGIDZZ,12,0
3CG8NVKGIDZZ,13,0
3CG8NVKGIDZZ,14,0
3CG8NVKGIDZZ,15,0
3CG8NVKGIDZZ,16,0
3CG8NVKGIDZZ,17,0
3CG8NVKGIDZZ,18,0
3CG8NVKGIDZZ,19,0
3CG8NVKGIDZZ,20,0
3CG8NVKGIDZZ,21,0
3CG8NVKGIDZZ,22,0
LW2CE426CE81,1,0
LW2CE426CE81,2,0
LW2CE426CE81,3,0
LW2CE426CE81,4,0
LW2CE426CE81,5,0
LW2CE426CE81,6,0
LW2CE426CE81,7,0
LW2CE426CE81,8,0
LW2CE426CE81,9,0
HD6O3C5KQ4C6,1,0
HD6O3C5KQ4C6,2,0
HD6O3C5KQ4C6,3,0
HD6O3C5KQ4C6,4,0
HD6O3C5KQ4C6,5,0
XD9B1OG1XICT,1,0
XD9B1OG1XICT,2,0
XD9B1OG1XICT,3,0
XD9B1OG1XICT,4,0
46JCOXE09W73,1,0
46JCOXE09W73,2,0
46JCOXE09W73,3,0
46JCOXE09W73,4,0
46JCOXE09W73,5,0
46JCOXE09W73,6,0
46JCOXE09W73,7,0
46JCOXE09W73,8,0
46JCOXE09W73,9,0
46JCOXE09W73,10,0
46JCOXE09W73,11,0
46JCOXE09W73,12,0
46JCOXE09W73,13,0
46JCOXE09W73,14,0
46JCOXE09W73,15,0
46JCOXE09W73,16,0
46JCOXE09W73,17,0
46JCOXE09W73,18,0
46JCOXE09W73,19,0
46JCOXE09W73,20,0
46JCOXE09W73,21,0
LGM16BGTNIYQ,1,0
LGM16BGTNIYQ,2,0
3711RN6C4DXX,1,0
3711RN6C4DXX,2,0
3711RN6C4DXX,3,0
3711RN6C4DXX,4,0
JZAL9PCCI2ZM,1,0
JZAL9PCCI2ZM,2,0
JZAL9PCCI2ZM,3,0
JZAL9PCCI2ZM,4,0
JZAL9PCCI2ZM,5,0
JZAL9PCCI2ZM,6,0
JZAL9PCCI2ZM,7,0
JZAL9PCCI2ZM,8,0
JZAL9PCCI2ZM,9,0
JZAL9PCCI2ZM,10,0
JZAL9PCCI2ZM,11,0
JZAL9PCCI2ZM,12,0
JZAL9PCCI2ZM,13,0
JZAL9PCCI2ZM,14,0
JZAL9PCCI2ZM,15,0
JZAL9PCCI2ZM,16,0
JZAL9PCCI2ZM,17,0
JZAL9PCCI2ZM,18,0
JZAL9PCCI2ZM,19,0
JZAL9PCCI2ZM,20,0
0UCWOWZH36GK,1,0
0UCWOWZH36GK,2,0
0UCWOWZH36GK,3,0
0UCWOWZH36GK,4,0
0UCWOWZH36GK,5,0
0UCWOWZH36GK,6,0
0UCWOWZH36GK,7,0
0UCWOWZH36GK,8,0
0UCWOWZH36GK,9,0
0UCWOWZH36GK,10,0
0UCWOWZH36GK,11,0
0UCWOWZH36GK,12,0
0UCWOWZH36GK,13,0
0UCWOWZH36GK,14,0
0UCWOWZH36GK,15,0
0UCWOWZH36GK,16,0
4D3BROY4DAL8,1,0
4D3BROY4DAL8,2,0
Z4WL8DVQD5EY,1,0
Z4WL8DVQD5EY,2,0
Z4WL8DVQD5EY,3,0
NWYYODNT0FU1,1,0
NWYYODNT0FU1,2,0
NWYYODNT0FU1,3,0
NWYYODNT0FU1,4,0
LCMD12QRZS05,1,0
LCMD12QRZS05,2,0
LCMD12QRZS05,3,0
LCMD12QRZS05,4,0
LCMD12QRZS05,5,0
LCMD12QRZS05,6,0
LCMD12QRZS05,7,0
LCMD12QRZS05,8,0
LCMD12QRZS05,9,0
LCMD12QRZS05,10,0
QY37J1ZL466O,1,0
QY37J1ZL466O,2,0
QY37J1ZL466O,3,0
QY37J1ZL466O,4,0
QY37J1ZL466O,5,0
QY37J1ZL466O,6,0
QY37J1ZL466O,7,0
QY37J1ZL466O,8,0
QY37J1ZL466O,9,0
QY37J1ZL466O,10,0
OMZIAUXA40VW,1,0
OMZIAUXA40VW,2,0
OMZIAUXA40VW,3,0
OMZIAUXA40VW,4,0
OMZIAUXA40VW,5,0
OMZIAUXA40VW,6,0
OMZIAUXA40VW,7,0
OMZIAUXA40VW,8,0
OMZIAUXA40VW,9,0
7K5BZ0ZA813G,1,0
7K5BZ0ZA813G,2,0
7K5BZ0ZA813G,3,0
FCDZR4ZT8Y3N,1,0
FCDZR4ZT8Y3N,2,0
FCDZR4ZT8Y3N,3,0
FCDZR4ZT8Y3N,4,0
FCDZR4ZT8Y3N,5,0
FCDZR4ZT8Y3N,6,0
FCDZR4ZT8Y3N,7,0
FCDZR4ZT8Y3N,8,0
FCDZR4ZT8Y3N,9,0
FCDZR4ZT8Y3N,10,0
FCDZR4ZT8Y3N,11,0
FCDZR4ZT8Y3N,12,0
FCDZR4ZT8Y3N,13,0
FCDZR4ZT8Y3N,14,0
FCDZR4ZT8Y3N,15,0
FCDZR4ZT8Y3N,16,0
FCDZR4ZT8Y3N,17,0
FCDZR4ZT8Y3N,18,0
FCDZR4ZT8Y3N,19,0
FCDZR4ZT8Y3N,20,0
FCDZR4ZT8Y3N,21,0
FCDZR4ZT8Y3N,22,0
FCDZR4ZT8Y3N,23,0
FCDZR4ZT8Y3N,24,0
FCDZR4ZT8Y3N,25,0
Y6K5BIEXJPZR,1,0
Y6K5BIEXJPZR,2,0
D546L5TIUF6O,1,0
D546L5TIUF6O,2,0
D546L5TIUF6O,3,0
D546L5TIUF6O,4,0
4QK31HP0IJRI,1,0
4QK31HP0IJRI,2,0
4QK31HP0IJRI,3,0
4QK31HP0IJRI,4,0
4QK31HP0IJRI,5,0
4QK31HP0IJRI,6,0
4QK31HP0IJRI,7,0
4QK31HP0IJRI,8,0
4QK31HP0IJRI,9,0
8AOO6DSHC5XC,1,0
8AOO6DSHC5XC,2,0
8AOO6DSHC5XC,3,0
8AOO6DSHC5XC,4,0
8AOO6DSHC5XC,5,0
8AOO6DSHC5XC,6,0
8AOO6DSHC5XC,7,0
0JI02JVRQV3Y,1,0
0JI02JVRQV3Y,2,0
303AAIMDKXA1,1,0
303AAIMDKXA1,2,0
303AAIMDKXA1,3,0
303AAIMDKXA1,4,0
303AAIMDKXA1,5,0
303AAIMDKXA1,6,0
303AAIMDKXA1,7,0
303AAIMDKXA1,8,0
303AAIMDKXA1,9,0
303AAIMDKXA1,10,0
303AAIMDKXA1,11,0
303AAIMDKXA1,12,0
303AAIMDKXA1,13,0
303AAIMDKXA1,14,0
303AAIMDKXA1,15,0
303AAIMDKXA1,16,0
303AAIMDKXA1,17,0
303AAIMDKXA1,18,0
X7CC44K70N2N,1,0
X7CC44K70N2N,2,0
U5PK1YQ1JSV1,1,0
U5PK1YQ1JSV1,2,0
2EGZHKIRT9TS,1,0
2EGZHKIRT9TS,2,0
Q5E01H7LY2VW,1,0
Q5E01H7LY2VW,2,0
Q5E01H7LY2VW,3,0
Q5E01H7LY2VW,4,0
Q5E01H7LY2VW,5,0
Q5E01H7LY2VW,6,0
Q5E01H7LY2VW,7,0
Q5E01H7LY2VW,8,0
Q5E01H7LY2VW,9,0
Q5E01H7LY2VW,10,0
Q5E01H7LY2VW,11,0
Q5E01H7LY2VW,12,0
Q5E01H7LY2VW,13,0
2W2DLNB5CHM9,1,0
2W2DLNB5CHM9,2,0
I6I0W694A9MU,1,0
I6I0W694A9MU,2,0
FA1YGVD10S4C,1,0
FA1YGVD10S4C,2,0
DNHSDG6RFDLW,1,0
DNHSDG6RFDLW,2,0
DNHSDG6RFDLW,3,0
DNHSDG6RFDLW,4,0
DNHSDG6RFDLW,5,0
DNHSDG6RFDLW,6,0
DNHSDG6RFDLW,7,0
DNHSDG6RFDLW,8,0
DNHSDG6RFDLW,9,0
DNHSDG6RFDLW,10,0
DNHSDG6RFDLW,11,0
DNHSDG6RFDLW,12,0
DNHSDG6RFDLW,13,0
DNHSDG6RFDLW,14,0
DNHSDG6RFDLW,15,0
DNHSDG6RFDLW,16,0
DNHSDG6RFDLW,17,0
DNHSDG6RFDLW,18,0
DNHSDG6RFDLW,19,0
DNHSDG6RFDLW,20,0
DNHSDG6RFDLW,21,0
DNHSDG6RFDLW,22,0
DNHSDG6RFDLW,23,0
DNHSDG6RFDLW,24,0
Q3L3FX0M3BCD,1,0
Q3L3FX0M3BCD,2,0
Q3L3FX0M3BCD,3,0
Q3L3FX0M3BCD,4,0
Q3L3FX0M3BCD,5,0
Q3L3FX0M3BCD,6,0
Q3L3FX0M3BCD,7,0
Q3L3FX0M3BCD,8,0
Q3L3FX0M3BCD,9,0
Q3L3FX0M3BCD,10,0
Q3L3FX0M3BCD,11,0
Q3L3FX0M3BCD,12,0
Q3L3FX0M3BCD,13,0
Q3L3FX0M3BCD,14,0
Q3L3FX0M3BCD,15,0
Q3L3FX0M3BCD,16,0
Q3L3FX0M3BCD,17,0
Q3L3FX0M3BCD,18,0
Q3L3FX0M3BCD,19,0
Q3L3FX0M3BCD,20,0
Q3L3FX0M3BCD,21,0
Q3L3FX0M3BCD,22,0
Q3L3FX0M3BCD,23,0
EF1YQ9O4BVD0,1,0
EF1YQ9O4BVD0,2,0
EF1YQ9O4BVD0,3,0
EF1YQ9O4BVD0,4,0
EF1YQ9O4BVD0,5,0
EF1YQ9O4BVD0,6,0
EF1YQ9O4BVD0,7,0
EF1YQ9O4BVD0,8,0
EF1YQ9O4BVD0,9,0
EF1YQ9O4BVD0,10,0
EF1YQ9O4BVD0,11,0
EF1YQ9O4BVD0,12,0
EF1YQ9O4BVD0,13,0
EF1YQ9O4BVD0,14,0
EF1YQ9O4BVD0,15,0
EF1YQ9O4BVD0,16,0
EF1YQ9O4BVD0,17,0
TS58QNMEWTZP,1,0
TS58QNMEWTZP,2,0
TS58QNMEWTZP,3,0
TS58QNMEWTZP,4,0
TS58QNMEWTZP,5,0
TS58QNMEWTZP,6,0
TS58QNMEWTZP,7,0
TS58QNMEWTZP,8,0
TS58QNMEWTZP,9,0
TS58QNMEWTZP,10,0
TS58QNMEWTZP,11,0
TS58QNMEWTZP,12,0
TS58QNMEWTZP,13,0
TS58QNMEWTZP,14,0
T489VCCXSWCP,1,0
T489VCCXSWCP,2,0
PQF4D7K1HBY4,1,0
PQF4D7K1HBY4,2,0
PQF4D7K1HBY4,3,0
PQF4D7K1HBY4,4,0
PQF4D7K1HBY4,5,0
PQF4D7K1HBY4,6,0
PQF4D7K1HBY4,7,0
PQF4D7K1HBY4,8,0
PQF4D7K1HBY4,9,0
PQF4D7K1HBY4,10,0
1T84IMQQOUEP,1,0
1T84IMQQOUEP,2,0
1T84IMQQOUEP,3,0
1T84IMQQOUEP,4,0
1T84IMQQOUEP,5,0
1T84IMQQOUEP,6,0
1T84IMQQOUEP,7,0
1T84IMQQOUEP,8,0
1T84IMQQOUEP,9,0
1T84IMQQOUEP,10,0
1T84IMQQOUEP,11,0
1T84IMQQOUEP,12,0
1T84IMQQOUEP,13,0
1T84IMQQOUEP,14,0
GV0BDX2I8B1P,1,0
GV0BDX2I8B1P,2,0
GV0BDX2I8B1P,3,0
GV0BDX2I8B1P,4,0
GV0BDX2I8B1P,5,0
GV0BDX2I8B1P,6,0
GV0BDX2I8B1P,7,0
GV0BDX2I8B1P,8,0
GV0BDX2I8B1P,9,0
GV0BDX2I8B1P,10,0
GV0BDX2I8B1P,11,0
GV0BDX2I8B1P,12,0
GV0BDX2I8B1P,13,0
YZC1FOP15MJA,1,0
YZC1FOP15MJA,2,0
YZC1FOP15MJA,3,0
0HEOQFXMTVQL,1,0
0HEOQFXMTVQL,2,0
K96DG87E5HGX,1,0
K96DG87E5HGX,2,0
K96DG87E5HGX,3,0
K96DG87E5HGX,4,0
K96DG87E5HGX,5,0
K96DG87E5HGX,6,0
K96DG87E5HGX,7,0
K96DG87E5HGX,8,0
K96DG87E5HGX,9,0
K96DG87E5HGX,10,0
K96DG87E5HGX,11,0
K96DG87E5HGX,12,0
K96DG87E5HGX,13,0
K96DG87E5HGX,14,0
K96DG87E5HGX,15,0
K96DG87E5HGX,16,0
K96DG87E5HGX,17,0
K96DG87E5HGX,18,0
K96DG87E5HGX,19,0
K96DG87E5HGX,20,0
K96DG87E5HGX,21,0
K96DG87E5HGX,22,0
K96DG87E5HGX,23,0
K96DG87E5HGX,24,0
G6NNUOX1640B,1,0
G6NNUOX1640B,2,0
VA13IUOXPHFA,1,0
VA13IUOXPHFA,2,0
VA13IUOXPHFA,3,0
VA13IUOXPHFA,4,0
VA13IUOXPHFA,5,0
VA13IUOXPHFA,6,0
VA13IUOXPHFA,7,0
VA13IUOXPHFA,8,0
VA13IUOXPHFA,9,0
VA13IUOXPHFA,10,0
ZNBGX471H84P,1,0
ZNBGX471H84P,2,0
ZNBGX471H84P,3,0
ZNBGX471H84P,4,0
ZNBGX471H84P,5,0
ZNBGX471H84P,6,0
ZNBGX471H84P,7,0
ZNBGX471H84P,8,0
ZNBGX471H84P,9,0
ZNBGX471H84P,10,0
ZNBGX471H84P,11,0
ZNBGX471H84P,12,0
ZNBGX471H84P,13,0
ZNBGX471H84P,14,0
ZNBGX471H84P,15,0
ZNBGX471H84P,16,0
ZNBGX471H84P,17,0
ZNBGX471H84P,18,0
ZNBGX471H84P,19,0
9AQDM6W7ES40,1,0
9AQDM6W7ES40,2,0
9AQDM6W7ES40,3,0
9AQDM6W7ES40,4,0
9AQDM6W7ES40,5,0
9AQDM6W7ES40,6,0
9AQDM6W7ES40,7,0
PMISZXR3YUW5,1,0
PMISZXR3YUW5,2,0
PMISZXR3YUW5,3,0
PMISZXR3YUW5,4,0
PMISZXR3YUW5,5,0
ZXUAGUY4B6QN,1,0
ZXUAGUY4B6QN,2,0
ZXUAGUY4B6QN,3,0
ZXUAGUY4B6QN,4,0
ZXUAGUY4B6QN,5,0
ZXUAGUY4B6QN,6,0
ZXUAGUY4B6QN,7,0
ZXUAGUY4B6QN,8,0
ZXUAGUY4B6QN,9,0
ZXUAGUY4B6QN,10,0
ZXUAGUY4B6QN,11,0
WNSLMKUBJED2,1,0
WNSLMKUBJED2,2,0
NTLN3W9MXGPY,1,0
NTLN3W9MXGPY,2,0
NTLN3W9MXGPY,3,0
NTLN3W9MXGPY,4,0
NTLN3W9MXGPY,5,0
NTLN3W9MXGPY,6,0
NTLN3W9MXGPY,7,0
NTLN3W9MXGPY,8,0
NTLN3W9MXGPY,9,0
NTLN3W9MXGPY,10,0
NTLN3W9MXGPY,11,0
NTLN3W9MXGPY,12,0
NTLN3W9MXGPY,13,0
NTLN3W9MXGPY,14,0
NTLN3W9MXGPY,15,0
NTLN3W9MXGPY,16,0
NTLN3W9MXGPY,17,0
NTLN3W9MXGPY,18,0
NTLN3W9MXGPY,19,0
NTLN3W9MXGPY,20,0
NTLN3W9MXGPY,21,0
NTLN3W9MXGPY,22,0
JHY1RPFS52HF,1,0
JHY1RPFS52HF,2,0
JHY1RPFS52HF,3,0
JHY1RPFS52HF,4,0
JHY1RPFS52HF,5,0
JHY1RPFS52HF,6,0
JHY1RPFS52HF,7,0
JHY1RPFS52HF,8,0
JHY1RPFS52HF,9,0
JHY1RPFS52HF,10,0
JHY1RPFS52HF,11,0
JHY1RPFS52HF,12,0
JHY1RPFS52HF,13,0
JHY1RPFS52HF,14,0
JHY1RPFS52HF,15,0
JHY1RPFS52HF,16,0
JHY1RPFS52HF,17,0
JHY1RPFS52HF,18,0
JHY1RPFS52HF,19,0
JHY1RPFS52HF,20,0
JHY1RPFS52HF,21,0
JHY1RPFS52HF,22,0
JHY1RPFS52HF,23,0
JHY1RPFS52HF,24,0
X94IFU52IW3G,1,0
X94IFU52IW3G,2,0
X94IFU52IW3G,3,0
X94IFU52IW3G,4,0
X94IFU52IW3G,5,0
X94IFU52IW3G,6,0
X94IFU52IW3G,7,0
X94IFU52IW3G,8,0
X94IFU52IW3G,9,0
X94IFU52IW3G,10,0
X94IFU52IW3G,11,0
X94IFU52IW3G,12,0
X94IFU52IW3G,13,0
X94IFU52IW3G,14,0
X94IFU52IW3G,15,0
X94IFU52IW3G,16,0
X94IFU52IW3G,17,0
X94IFU52IW3G,18,0
1SLV8M4X8R6E,1,0
1SLV8M4X8R6E,2,0
1SLV8M4X8R6E,3,0
LFQRBVYALOEB,1,0
LFQRBVYALOEB,2,0
DKU3FAYHI79A,1,0
DKU3FAYHI79A,2,0
5ZD6W9SWMYK9,1,0
5ZD6W9SWMYK9,2,0
4X36AUAH675O,1,0
4X36AUAH675O,2,0
4X36AUAH675O,3,0
4X36AUAH675O,4,0
4X36AUAH675O,5,0
4X36AUAH675O,6,0
4X36AUAH675O,7,0
4X36AUAH675O,8,0
4X36AUAH675O,9,0
J7C7AOU5IB6S,1,0
J7C7AOU5IB6S,2,0
J7C7AOU5IB6S,3,0
J7C7AOU5IB6S,4,0
J7C7AOU5IB6S,5,0
J7C7AOU5IB6S,6,0
J7C7AOU5IB6S,7,0
J7C7AOU5IB6S,8,0
J7C7AOU5IB6S,9,0
J7C7AOU5IB6S,10,0
J7C7AOU5IB6S,11,0
J7C7AOU5IB6S,12,0
CMC79JR1KGDR,1,0
CMC79JR1KGDR,2,0
CMC79JR1KGDR,3,0
CMC79JR1KGDR,4,0
CMC79JR1KGDR,5,0
CMC79JR1KGDR,6,0
CMC79JR1KGDR,7,0
CMC79JR1KGDR,8,0
CMC79JR1KGDR,9,0
CMC79JR1KGDR,10,0
CMC79JR1KGDR,11,0
CMC79JR1KGDR,12,0
CMC79JR1KGDR,13,0
CMC79JR1KGDR,14,0
CMC79JR1KGDR,15,0
CMC79JR1KGDR,16,0
CMC79JR1KGDR,17,0
CMC79JR1KGDR,18,0
CMC79JR1KGDR,19,0
CMC79JR1KGDR,20,0
XREEDO0816X3,1,0
XREEDO0816X3,2,0
XREEDO0816X3,3,0
XREEDO0816X3,4,0
XREEDO0816X3,5,0
2OKFVIVXKNK4,1,0
2OKFVIVXKNK4,2,0
2OKFVIVXKNK4,3,0
2OKFVIVXKNK4,4,0
2OKFVIVXKNK4,5,0
2OKFVIVXKNK4,6,0
2OKFVIVXKNK4,7,0
2OKFVIVXKNK4,8,0
2OKFVIVXKNK4,9,0
2OKFVIVXKNK4,10,0
2OKFVIVXKNK4,11,0
2OKFVIVXKNK4,12,0
2OKFVIVXKNK4,13,0
2OKFVIVXKNK4,14,0
2OKFVIVXKNK4,15,0
JTEI3E1F8IAT,1,0
JTEI3E1F8IAT,2,0
JTEI3E1F8IAT,3,0
JTEI3E1F8IAT,4,0
JTEI3E1F8IAT,5,0
JTEI3E1F8IAT,6,0
JTEI3E1F8IAT,7,0
JTEI3E1F8IAT,8,0
JTEI3E1F8IAT,9,0
JTEI3E1F8IAT,10,0
JTEI3E1F8IAT,11,0
JTEI3E1F8IAT,12,0
JTEI3E1F8IAT,13,0
JTEI3E1F8IAT,14,0
JTEI3E1F8IAT,15,0
JTEI3E1F8IAT,16,0
QERUPUDGR0NL,1,0
QERUPUDGR0NL,2,0
XEMJEIP2DY86,1,0
XEMJEIP2DY86,2,0
XEMJEIP2DY86,3,0
XEMJEIP2DY86,4,0
XEMJEIP2DY86,5,0
XEMJEIP2DY86,6,0
XEMJEIP2DY86,7,0
XEMJEIP2DY86,8,0
XEMJEIP2DY86,9,0
XEMJEIP2DY86,10,0
XEMJEIP2DY86,11,0
XEMJEIP2DY86,12,0
XEMJEIP2DY86,13,0
XEMJEIP2DY86,14,0
XEMJEIP2DY86,15,0
7Q95LW9T3EH0,1,0
7Q95LW9T3EH0,2,0
QCZ9MEZCEIU6,1,0
QCZ9MEZCEIU6,2,0
QCZ9MEZCEIU6,3,0
QCZ9MEZCEIU6,4,0
QCZ9MEZCEIU6,5,0
QCZ9MEZCEIU6,6,0
QCZ9MEZCEIU6,7,0
QCZ9MEZCEIU6,8,0
QCZ9MEZCEIU6,9,0
QCZ9MEZCEIU6,10,0
QCZ9MEZCEIU6,11,0
QCZ9MEZCEIU6,12,0
4J27J8L70Z7C,1,0
4J27J8L70Z7C,2,0
CT0SISYFVX8Z,1,0
CT0SISYFVX8Z,2,0
CT0SISYFVX8Z,3,0
CT0SISYFVX8Z,4,0
CT0SISYFVX8Z,5,0
CT0SISYFVX8Z,6,0
CT0SISYFVX8Z,7,0
CT0SISYFVX8Z,8,0
CT0SISYFVX8Z,9,0
CT0SISYFVX8Z,10,0
CT0SISYFVX8Z,11,0
CT0SISYFVX8Z,12,0
CT0SISYFVX8Z,13,0
CT0SISYFVX8Z,14,0
2QYIZ4UIEFO5,1,0
2QYIZ4UIEFO5,2,0
D4H9W5QG4HT3,1,0
D4H9W5QG4HT3,2,0
D4H9W5QG4HT3,3,0
D4H9W5QG4HT3,4,0
D4H9W5QG4HT3,5,0
D4H9W5QG4HT3,6,0
D4H9W5QG4HT3,7,0
D4H9W5QG4HT3,8,0
3BLP15H2NF9T,1,0
3BLP15H2NF9T,2,0
3BLP15H2NF9T,3,0
3BLP15H2NF9T,4,0
3BLP15H2NF9T,5,0
3BLP15H2NF9T,6,0
3BLP15H2NF9T,7,0
3BLP15H2NF9T,8,0
3BLP15H2NF9T,9,0
3BLP15H2NF9T,10,0
3BLP15H2NF9T,11,0
3BLP15H2NF9T,12,0
3BLP15H2NF9T,13,0
3BLP15H2NF9T,14,0
3BLP15H2NF9T,15,0
3BLP15H2NF9T,16,0
3BLP15H2NF9T,17,0
3BLP15H2NF9T,18,0
3BLP15H2NF9T,19,0
3BLP15H2NF9T,20,0
WXPYO7SMQEXJ,1,0
WXPYO7SMQEXJ,2,0
WXPYO7SMQEXJ,3,0
WXPYO7SMQEXJ,4,0
WXPYO7SMQEXJ,5,0
WXPYO7SMQEXJ,6,0
ZYR2FQXWPCJI,1,0
ZYR2FQXWPCJI,2,0
TAJCF9VL3S3Y,1,0
TAJCF9VL3S3Y,2,0
TAJCF9VL3S3Y,3,0
TAJCF9VL3S3Y,4,0
TAJCF9VL3S3Y,5,0
TAJCF9VL3S3Y,6,0
TAJCF9VL3S3Y,7,0
TAJCF9VL3S3Y,8,0
TAJCF9VL3S3Y,9,0
TAJCF9VL3S3Y,10,0
TAJCF9VL3S3Y,11,0
TAJCF9VL3S3Y,12,0
TAJCF9VL3S3Y,13,0
TAJCF9VL3S3Y,14,0
TAJCF9VL3S3Y,15,0
TAJCF9VL3S3Y,16,0
TAJCF9VL3S3Y,17,0
TAJCF9VL3S3Y,18,0
TAJCF9VL3S3Y,19,0
TAJCF9VL3S3Y,20,0
TAJCF9VL3S3Y,21,0
TAJCF9VL3S3Y,22,0
TAJCF9VL3S3Y,23,0
TAJCF9VL3S3Y,24,0
7SFPBWEWQ1N7,1,0
7SFPBWEWQ1N7,2,0
MJWA85YVD89V,1,0
MJWA85YVD89V,2,0
MJWA85YVD89V,3,0
MJWA85YVD89V,4,0
MJWA85YVD89V,5,0
MJWA85YVD89V,6,0
MJWA85YVD89V,7,0
MJWA85YVD89V,8,0
MJWA85YVD89V,9,0
MJWA85YVD89V,10,0
MJWA85YVD89V,11,0
MJWA85YVD89V,12,0
MJWA85YVD89V,13,0
MJWA85YVD89V,14,0
9POD1VDSW9ZU,1,0
9POD1VDSW9ZU,2,0
FU6NV8ZY30UQ,1,0
FU6NV8ZY30UQ,2,0
FU6NV8ZY30UQ,3,0
FU6NV8ZY30UQ,4,0
FU6NV8ZY30UQ,5,0
FU6NV8ZY30UQ,6,0
FU6NV8ZY30UQ,7,0
FU6NV8ZY30UQ,8,0
FU6NV8ZY30UQ,9,0
FU6NV8ZY30UQ,10,0
FU6NV8ZY30UQ,11,0
FU6NV8ZY30UQ,12,0
FU6NV8ZY30UQ,13,0
FU6NV8ZY30UQ,14,0
FU6NV8ZY30UQ,15,0
FU6NV8ZY30UQ,16,0
FU6NV8ZY30UQ,17,0
FU6NV8ZY30UQ,18,0
FU6NV8ZY30UQ,19,0
FU6NV8ZY30UQ,20,0
FU6NV8ZY30UQ,21,0
1VAQNKXV1YW4,1,0
1VAQNKXV1YW4,2,0
1VAQNKXV1YW4,3,0
1VAQNKXV1YW4,4,0
1VAQNKXV1YW4,5,0
1VAQNKXV1YW4,6,0
1VAQNKXV1YW4,7,0
1VAQNKXV1YW4,8,0
1VAQNKXV1YW4,9,0
1VAQNKXV1YW4,10,0
1VAQNKXV1YW4,11,0
1VAQNKXV1YW4,12,0
1VAQNKXV1YW4,13,0
1VAQNKXV1YW4,14,0
1VAQNKXV1YW4,15,0
1VAQNKXV1YW4,16,0
1VAQNKXV1YW4,17,0
1VAQNKXV1YW4,18,0
1VAQNKXV1YW4,19,0
1VAQNKXV1YW4,20,0
1VAQNKXV1YW4,21,0
1VAQNKXV1YW4,22,0
5KTUH7VTJO85,1,0
5KTUH7VTJO85,2,0
FN0Y7UNE8JF0,1,0
FN0Y7UNE8JF0,2,0
FN0Y7UNE8JF0,3,0
FN0Y7UNE8JF0,4,0
FN0Y7UNE8JF0,5,0
FN0Y7UNE8JF0,6,0
FN0Y7UNE8JF0,7,0
FN0Y7UNE8JF0,8,0
FN0Y7UNE8JF0,9,0
FN0Y7UNE8JF0,10,0
FN0Y7UNE8JF0,11,0
FN0Y7UNE8JF0,12,0
FN0Y7UNE8JF0,13,0
FN0Y7UNE8JF0,14,0
FN0Y7UNE8JF0,15,0
FN0Y7UNE8JF0,16,0
FN0Y7UNE8JF0,17,0
FN0Y7UNE8JF0,18,0
FN0Y7UNE8JF0,19,0
FN0Y7UNE8JF0,20,0
9PAQYSQZJUHH,1,0
9PAQYSQZJUHH,2,0
PW6HHVNZBAAA,1,0
PW6HHVNZBAAA,2,0
PW6HHVNZBAAA,3,0
PW6HHVNZBAAA,4,0
PW6HHVNZBAAA,5,0
PW6HHVNZBAAA,6,0
PW6HHVNZBAAA,7,0
PW6HHVNZBAAA,8,0
PW6HHVNZBAAA,9,0
PW6HHVNZBAAA,10,0
PW6HHVNZBAAA,11,0
PW6HHVNZBAAA,12,0
PW6HHVNZBAAA,13,0
PW6HHVNZBAAA,14,0
PW6HHVNZBAAA,15,0
PW6HHVNZBAAA,16,0
RT54J5DZ9N5J,1,0
RT54J5DZ9N5J,2,0
AOMOP5KU0XJZ,1,0
AOMOP5KU0XJZ,2,0
AOMOP5KU0XJZ,3,0
AOMOP5KU0XJZ,4,0
AOMOP5KU0XJZ,5,0
AOMOP5KU0XJZ,6,0
AOMOP5KU0XJZ,7,0
AOMOP5KU0XJZ,8,0
AOMOP5KU0XJZ,9,0
AOMOP5KU0XJZ,10,0
AOMOP5KU0XJZ,11,0
AOMOP5KU0XJZ,12,0
AOMOP5KU0XJZ,13,0
AOMOP5KU0XJZ,14,0
AOMOP5KU0XJZ,15,0
7HTQQVS2488Z,1,0
7HTQQVS2488Z,2,0
7HTQQVS2488Z,3,0
7HTQQVS2488Z,4,0
R4934HF3ST5X,1,0
R4934HF3ST5X,2,0
R4934HF3ST5X,3,0
R4934HF3ST5X,4,0
R4934HF3ST5X,5,0
R4934HF3ST5X,6,0
R4934HF3ST5X,7,0
R4934HF3ST5X,8,0
R4934HF3ST5X,9,0
K6E9XH3JSO27,1,0
K6E9XH3JSO27,2,0
K6E9XH3JSO27,3,0
K6E9XH3JSO27,4,0
K6E9XH3JSO27,5,0
K6E9XH3JSO27,6,0
K6E9XH3JSO27,7,0
K6E9XH3JSO27,8,0
K6E9XH3JSO27,9,0
K6E9XH3JSO27,10,0
K6E9XH3JSO27,11,0
C1A142XN7KF1,1,0
C1A142XN7KF1,2,0
C1A142XN7KF1,3,0
C1A142XN7KF1,4,0
C1A142XN7KF1,5,0
JVWDX6R9EYHN,1,0
JVWDX6R9EYHN,2,0
JVWDX6R9EYHN,3,0
JVWDX6R9EYHN,4,0
JVWDX6R9EYHN,5,0
JVWDX6R9EYHN,6,0
JVWDX6R9EYHN,7,0
JVWDX6R9EYHN,8,0
JVWDX6R9EYHN,9,0
JVWDX6R9EYHN,10,0
JVWDX6R9EYHN,11,0
JVWDX6R9EYHN,12,0
JVWDX6R9EYHN,13,0
JVWDX6R9EYHN,14,0
JVWDX6R9EYHN,15,0
JVWDX6R9EYHN,16,0
JVWDX6R9EYHN,17,0
JVWDX6R9EYHN,18,0
JVWDX6R9EYHN,19,0
JVWDX6R9EYHN,20,0
JVWDX6R9EYHN,21,0
4UFXLUL4M4N5,1,0
4UFXLUL4M4N5,2,0
4UFXLUL4M4N5,3,0
4UFXLUL4M4N5,4,0
4UFXLUL4M4N5,5,0
6NZBKWW2BESC,1,0
6NZBKWW2BESC,2,0
6NZBKWW2BESC,3,0
6NZBKWW2BESC,4,0
6NZBKWW2BESC,5,0
6NZBKWW2BESC,6,0
6NZBKWW2BESC,7,0
6NZBKWW2BESC,8,0
6NZBKWW2BESC,9,0
6NZBKWW2BESC,10,0
6NZBKWW2BESC,11,0
6NZBKWW2BESC,12,0
6NZBKWW2BESC,13,0
KJ9SBNA89H90,1,0
KJ9SBNA89H90,2,0
KJ9SBNA89H90,3,0
KJ9SBNA89H90,4,0
KJ9SBNA89H90,5,0
KJ9SBNA89H90,6,0
KJ9SBNA89H90,7,0
KJ9SBNA89H90,8,0
KJ9SBNA89H90,9,0
KJ9SBNA89H90,10,0
KJ9SBNA89H90,11,0
KJ9SBNA89H90,12,0
KJ9SBNA89H90,13,0
KJ9SBNA89H90,14,0
KJ9SBNA89H90,15,0
KJ9SBNA89H90,16,0
KJ9SBNA89H90,17,0
KJ9SBNA89H90,18,0
HAAFAHZHSPBR,1,0
HAAFAHZHSPBR,2,0
HAAFAHZHSPBR,3,0
HAAFAHZHSPBR,4,0
HAAFAHZHSPBR,5,0
HAAFAHZHSPBR,6,0
HAAFAHZHSPBR,7,0
HAAFAHZHSPBR,8,0
HAAFAHZHSPBR,9,0
HAAFAHZHSPBR,10,0
HAAFAHZHSPBR,11,0
HAAFAHZHSPBR,12,0
HAAFAHZHSPBR,13,0
HAAFAHZHSPBR,14,0
HAAFAHZHSPBR,15,0
NW29WPQM456Z,1,0
NW29WPQM456Z,2,0
NW29WPQM456Z,3,0
NW29WPQM456Z,4,0
NW29WPQM456Z,5,0
NW29WPQM456Z,6,0
NW29WPQM456Z,7,0
NW29WPQM456Z,8,0
NW29WPQM456Z,9,0
NW29WPQM456Z,10,0
M51J4B5UVLXJ,1,0
M51J4B5UVLXJ,2,0
M51J4B5UVLXJ,3,0
M51J4B5UVLXJ,4,0
M51J4B5UVLXJ,5,0
M51J4B5UVLXJ,6,0
M51J4B5UVLXJ,7,0
M51J4B5UVLXJ,8,0
M51J4B5UVLXJ,9,0
M51J4B5UVLXJ,10,0
M51J4B5UVLXJ,11,0
M51J4B5UVLXJ,12,0
M51J4B5UVLXJ,13,0
M51J4B5UVLXJ,14,0
M51J4B5UVLXJ,15,0
M51J4B5UVLXJ,16,0
M51J4B5UVLXJ,17,0
M51J4B5UVLXJ,18,0
M51J4B5UVLXJ,19,0
M51J4B5UVLXJ,20,0
M51J4B5UVLXJ,21,0
M51J4B5UVLXJ,22,0
M51J4B5UVLXJ,23,0
M51J4B5UVLXJ,24,0
M51J4B5UVLXJ,25,0
BEPCLTOQRTKY,1,0
BEPCLTOQRTKY,2,0
BEPCLTOQRTKY,3,0
BEPCLTOQRTKY,4,0
BEPCLTOQRTKY,5,0
BEPCLTOQRTKY,6,0
BEPCLTOQRTKY,7,0
BEPCLTOQRTKY,8,0
BEPCLTOQRTKY,9,0
BEPCLTOQRTKY,10,0
BEPCLTOQRTKY,11,0
BEPCLTOQRTKY,12,0
BEPCLTOQRTKY,13,0
BEPCLTOQRTKY,14,0
BEPCLTOQRTKY,15,0
BEPCLTOQRTKY,16,0
0D5NXOO6ZR3N,1,0
0D5NXOO6ZR3N,2,0
0D5NXOO6ZR3N,3,0
0D5NXOO6ZR3N,4,0
0D5NXOO6ZR3N,5,0
0D5NXOO6ZR3N,6,0
0D5NXOO6ZR3N,7,0
0D5NXOO6ZR3N,8,0
0D5NXOO6ZR3N,9,0
0D5NXOO6ZR3N,10,0
0D5NXOO6ZR3N,11,0
0D5NXOO6ZR3N,12,0
0D5NXOO6ZR3N,13,0
0D5NXOO6ZR3N,14,0
0D5NXOO6ZR3N,15,0
0D5NXOO6ZR3N,16,0
0D5NXOO6ZR3N,17,0
0D5NXOO6ZR3N,18,0
0D5NXOO6ZR3N,19,0
0D5NXOO6ZR3N,20,0
JVAHUV39YSZ7,1,0
JVAHUV39YSZ7,2,0
JVAHUV39YSZ7,3,0
JVAHUV39YSZ7,4,0
JVAHUV39YSZ7,5,0
JVAHUV39YSZ7,6,0
JVAHUV39YSZ7,7,0
JVAHUV39YSZ7,8,0
JVAHUV39YSZ7,9,0
2EXQA5CI8BQN,1,0
2EXQA5CI8BQN,2,0
2EXQA5CI8BQN,3,0
2EXQA5CI8BQN,4,0
2EXQA5CI8BQN,5,0
2EXQA5CI8BQN,6,0
2EXQA5CI8BQN,7,0
2EXQA5CI8BQN,8,0
2EXQA5CI8BQN,9,0
2EXQA5CI8BQN,10,0
2EXQA5CI8BQN,11,0
2EXQA5CI8BQN,12,0
2EXQA5CI8BQN,13,0
2EXQA5CI8BQN,14,0
2EXQA5CI8BQN,15,0
2EXQA5CI8BQN,16,0
B9MOZ70KEZXH,1,0
B9MOZ70KEZXH,2,0
B9MOZ70KEZXH,3,0
B9MOZ70KEZXH,4,0
B9MOZ70KEZXH,5,0
B9MOZ70KEZXH,6,0
B9MOZ70KEZXH,7,0
B9MOZ70KEZXH,8,0
B9MOZ70KEZXH,9,0
B9MOZ70KEZXH,10,0
B9MOZ70KEZXH,11,0
B9MOZ70KEZXH,12,0
B9MOZ70KEZXH,13,0
B9MOZ70KEZXH,14,0
B9MOZ70KEZXH,15,0
GV05ZASROHAZ,1,0
GV05ZASROHAZ,2,0
GV05ZASROHAZ,3,0
GV05ZASROHAZ,4,0
GV05ZASROHAZ,5,0
GV05ZASROHAZ,6,0
GV05ZASROHAZ,7,0
GV05ZASROHAZ,8,0
GV05ZASROHAZ,9,0
GV05ZASROHAZ,10,0
GV05ZASROHAZ,11,0
GV05ZASROHAZ,12,0
GV05ZASROHAZ,13,0
GV05ZASROHAZ,14,0
GV05ZASROHAZ,15,0
GV05ZASROHAZ,16,0
GV05ZASROHAZ,17,0
GV05ZASROHAZ,18,0
GV05ZASROHAZ,19,0
GV05ZASROHAZ,20,0
BOQC4NFXB86U,1,0
BOQC4NFXB86U,2,0
BOQC4NFXB86U,3,0
BOQC4NFXB86U,4,0
BOQC4NFXB86U,5,0
BOQC4NFXB86U,6,0
BOQC4NFXB86U,7,0
BOQC4NFXB86U,8,0
BOQC4NFXB86U,9,0
BOQC4NFXB86U,10,0
MW5J9BRIHW2C,1,0
MW5J9BRIHW2C,2,0
PU2H41RRSVNX,1,0
PU2H41RRSVNX,2,0
PU2H41RRSVNX,3,0
PU2H41RRSVNX,4,0
PU2H41RRSVNX,5,0
PU2H41RRSVNX,6,0
PU2H41RRSVNX,7,0
PU2H41RRSVNX,8,0
PU2H41RRSVNX,9,0
PU2H41RRSVNX,10,0
PU2H41RRSVNX,11,0
PU2H41RRSVNX,12,0
PU2H41RRSVNX,13,0
PU2H41RRSVNX,14,0
PU2H41RRSVNX,15,0
PU2H41RRSVNX,16,0
PU2H41RRSVNX,17,0
PU2H41RRSVNX,18,0
PU2H41RRSVNX,19,0
PU2H41RRSVNX,20,0
PU2H41RRSVNX,21,0
PU2H41RRSVNX,22,0
8BOWORLKGH7Z,1,0
8BOWORLKGH7Z,2,0
8BOWORLKGH7Z,3,0
8BOWORLKGH7Z,4,0
8BOWORLKGH7Z,5,0
8BOWORLKGH7Z,6,0
8BOWORLKGH7Z,7,0
8BOWORLKGH7Z,8,0
8BOWORLKGH7Z,9,0
8BOWORLKGH7Z,10,0
8BOWORLKGH7Z,11,0
8BOWORLKGH7Z,12,0
8BOWORLKGH7Z,13,0
8BOWORLKGH7Z,14,0
8BOWORLKGH7Z,15,0
8BOWORLKGH7Z,16,0
8BOWORLKGH7Z,17,0
XF9N0I14S9SN,1,0
XF9N0I14S9SN,2,0
XF9N0I14S9SN,3,0
XF9N0I14S9SN,4,0
XF9N0I14S9SN,5,0
XF9N0I14S9SN,6,0
XF9N0I14S9SN,7,0
XF9N0I14S9SN,8,0
XF9N0I14S9SN,9,0
XF9N0I14S9SN,10,0
XF9N0I14S9SN,11,0
XF9N0I14S9SN,12,0
XF9N0I14S9SN,13,0
XF9N0I14S9SN,14,0
XF9N0I14S9SN,15,0
XF9N0I14S9SN,16,0
XF9N0I14S9SN,17,0
XF9N0I14S9SN,18,0
XF9N0I14S9SN,19,0
OT8D9JLAU2FH,1,0
OT8D9JLAU2FH,2,0
OT8D9JLAU2FH,3,0
OT8D9JLAU2FH,4,0
OT8D9JLAU2FH,5,0
OT8D9JLAU2FH,6,0
5JF40OWZOGG9,1,0
5JF40OWZOGG9,2,0
5JF40OWZOGG9,3,0
5JF40OWZOGG9,4,0
5JF40OWZOGG9,5,0
5JF40OWZOGG9,6,0
5JF40OWZOGG9,7,0
5JF40OWZOGG9,8,0
5JF40OWZOGG9,9,0
5JF40OWZOGG9,10,0
5JF40OWZOGG9,11,0
5JF40OWZOGG9,12,0
5JF40OWZOGG9,13,0
5JF40OWZOGG9,14,0
5JF40OWZOGG9,15,0
5JF40OWZOGG9,16,0
5JF40OWZOGG9,17,0
5JF40OWZOGG9,18,0
3WB855RZP9HD,1,0
3WB855RZP9HD,2,0
9JR46W6JE00G,1,0
9JR46W6JE00G,2,0
QWV6A4BAM17G,1,0
QWV6A4BAM17G,2,0
QWV6A4BAM17G,3,0
QWV6A4BAM17G,4,0
QWV6A4BAM17G,5,0
QWV6A4BAM17G,6,0
QWV6A4BAM17G,7,0
QWV6A4BAM17G,8,0
QWV6A4BAM17G,9,0
QWV6A4BAM17G,10,0
QWV6A4BAM17G,11,0
QWV6A4BAM17G,12,0
QWV6A4BAM17G,13,0
QWV6A4BAM17G,14,0
QWV6A4BAM17G,15,0
QWV6A4BAM17G,16,0
QWV6A4BAM17G,17,0
QWV6A4BAM17G,18,0
QWV6A4BAM17G,19,0
QWV6A4BAM17G,20,0
QWV6A4BAM17G,21,0
QWV6A4BAM17G,22,0
QWV6A4BAM17G,23,0
QWV6A4BAM17G,24,0
9ED34AFIKDFO,1,0
9ED34AFIKDFO,2,0
MSJ4WJPAGMV7,1,0
MSJ4WJPAGMV7,2,0
XWQ07QBH91RV,1,0
XWQ07QBH91RV,2,0
XWQ07QBH91RV,3,0
XWQ07QBH91RV,4,0
XWQ07QBH91RV,5,0
XWQ07QBH91RV,6,0
XWQ07QBH91RV,7,0
XWQ07QBH91RV,8,0
XWQ07QBH91RV,9,0
XWQ07QBH91RV,10,0
XWQ07QBH91RV,11,0
XWQ07QBH91RV,12,0
XWQ07QBH91RV,13,0
XWQ07QBH91RV,14,0
XWQ07QBH91RV,15,0
XWQ07QBH91RV,16,0
XWQ07QBH91RV,17,0
XWQ07QBH91RV,18,0
XWQ07QBH91RV,19,0
XWQ07QBH91RV,20,0
XWQ07QBH91RV,21,0
FX1V82LK0309,1,0
FX1V82LK0309,2,0
4864THBV3P0Z,1,0
4864THBV3P0Z,2,0
4864THBV3P0Z,3,0
4864THBV3P0Z,4,0
4864THBV3P0Z,5,0
4864THBV3P0Z,6,0
4864THBV3P0Z,7,0
4864THBV3P0Z,8,0
4864THBV3P0Z,9,0
4864THBV3P0Z,10,0
4864THBV3P0Z,11,0
4864THBV3P0Z,12,0
4864THBV3P0Z,13,0
4864THBV3P0Z,14,0
4864THBV3P0Z,15,0
YZNUSUOQYZJN,1,0
YZNUSUOQYZJN,2,0
YZNUSUOQYZJN,3,0
YZNUSUOQYZJN,4,0
YZNUSUOQYZJN,5,0
YZNUSUOQYZJN,6,0
YZNUSUOQYZJN,7,0
YZNUSUOQYZJN,8,0
YZNUSUOQYZJN,9,0
YZNUSUOQYZJN,10,0
YZNUSUOQYZJN,11,0
YZNUSUOQYZJN,12,0
YZNUSUOQYZJN,13,0
YZNUSUOQYZJN,14,0
YZNUSUOQYZJN,15,0
YZNUSUOQYZJN,16,0
YZNUSUOQYZJN,17,0
KTC35UUB9R1O,1,0
KTC35UUB9R1O,2,0
KTC35UUB9R1O,3,0
KTC35UUB9R1O,4,0
KTC35UUB9R1O,5,0
KTC35UUB9R1O,6,0
KTC35UUB9R1O,7,0
KTC35UUB9R1O,8,0
KTC35UUB9R1O,9,0
KTC35UUB9R1O,10,0
KTC35UUB9R1O,11,0
KTC35UUB9R1O,12,0
KTC35UUB9R1O,13,0
KTC35UUB9R1O,14,0
KTC35UUB9R1O,15,0
KTC35UUB9R1O,16,0
LV628MXKGOZ3,1,0
LV628MXKGOZ3,2,0
LV628MXKGOZ3,3,0
LV628MXKGOZ3,4,0
LV628MXKGOZ3,5,0
LV628MXKGOZ3,6,0
LV628MXKGOZ3,7,0
LV628MXKGOZ3,8,0
LV628MXKGOZ3,9,0
LV628MXKGOZ3,10,0
LV628MXKGOZ3,11,0
LV628MXKGOZ3,12,0
LV628MXKGOZ3,13,0
LV628MXKGOZ3,14,0
LV628MXKGOZ3,15,0
LV628MXKGOZ3,16,0
BKM379MA9NKT,1,0
BKM379MA9NKT,2,0
BKM379MA9NKT,3,0
BKM379MA9NKT,4,0
BKM379MA9NKT,5,0
BKM379MA9NKT,6,0
BKM379MA9NKT,7,0
BKM379MA9NKT,8,0
BKM379MA9NKT,9,0
BKM379MA9NKT,10,0
BKM379MA9NKT,11,0
BKM379MA9NKT,12,0
BKM379MA9NKT,13,0
BKM379MA9NKT,14,0
BKM379MA9NKT,15,0
BKM379MA9NKT,16,0
ZZIEOICTVMIW,1,0
ZZIEOICTVMIW,2,0
ZZIEOICTVMIW,3,0
ZZIEOICTVMIW,4,0
ZZIEOICTVMIW,5,0
ZZIEOICTVMIW,6,0
ZZIEOICTVMIW,7,0
ZZIEOICTVMIW,8,0
ZZIEOICTVMIW,9,0
ZZIEOICTVMIW,10,0
ZZIEOICTVMIW,11,0
ZZIEOICTVMIW,12,0
ZZIEOICTVMIW,13,0
ZZIEOICTVMIW,14,0
ZZIEOICTVMIW,15,0
ZZIEOICTVMIW,16,0
ZZIEOICTVMIW,17,0
ZZIEOICTVMIW,18,0
ZZIEOICTVMIW,19,0
ZZIEOICTVMIW,20,0
ZZIEOICTVMIW,21,0
ZZIEOICTVMIW,22,0
ZZIEOICTVMIW,23,0
ZZIEOICTVMIW,24,0
ZZIEOICTVMIW,25,0
S2E34AW27Y41,1,0
S2E34AW27Y41,2,0
S2E34AW27Y41,3,0
S2E34AW27Y41,4,0
S2E34AW27Y41,5,0
S2E34AW27Y41,6,0
S2E34AW27Y41,7,0
S2E34AW27Y41,8,0
S2E34AW27Y41,9,0
S2E34AW27Y41,10,0
S2E34AW27Y41,11,0
S2E34AW27Y41,12,0
8I4EF0QE5OSI,1,0
8I4EF0QE5OSI,2,0
8I4EF0QE5OSI,3,0
8I4EF0QE5OSI,4,0
8I4EF0QE5OSI,5,0
8I4EF0QE5OSI,6,0
8I4EF0QE5OSI,7,0
8I4EF0QE5OSI,8,0
8I4EF0QE5OSI,9,0
8I4EF0QE5OSI,10,0
8I4EF0QE5OSI,11,0
8I4EF0QE5OSI,12,0
AF1ODQ0ZOZKF,1,0
AF1ODQ0ZOZKF,2,0
VJAKLXGUNMJA,1,0
VJAKLXGUNMJA,2,0
VJAKLXGUNMJA,3,0
VJAKLXGUNMJA,4,0
VJAKLXGUNMJA,5,0
VJAKLXGUNMJA,6,0
VJAKLXGUNMJA,7,0
VJAKLXGUNMJA,8,0
VJAKLXGUNMJA,9,0
VJAKLXGUNMJA,10,0
VJAKLXGUNMJA,11,0
VJAKLXGUNMJA,12,0
VJAKLXGUNMJA,13,0
VJAKLXGUNMJA,14,0
VJAKLXGUNMJA,15,0
VJAKLXGUNMJA,16,0
VJAKLXGUNMJA,17,0
4K4P3GFDP6TE,1,0
4K4P3GFDP6TE,2,0
4K4P3GFDP6TE,3,0
4K4P3GFDP6TE,4,0
4K4P3GFDP6TE,5,0
4K4P3GFDP6TE,6,0
4K4P3GFDP6TE,7,0
4K4P3GFDP6TE,8,0
4K4P3GFDP6TE,9,0
4K4P3GFDP6TE,10,0
4K4P3GFDP6TE,11,0
4K4P3GFDP6TE,12,0
4K4P3GFDP6TE,13,0
4K4P3GFDP6TE,14,0
OYQQXB5DCMT9,1,0
OYQQXB5DCMT9,2,0
T7IHT3KT8VAE,1,0
T7IHT3KT8VAE,2,0
T7IHT3KT8VAE,3,0
T7IHT3KT8VAE,4,0
T7IHT3KT8VAE,5,0
T7IHT3KT8VAE,6,0
AJMPBNMD9PXM,1,0
AJMPBNMD9PXM,2,0
AJMPBNMD9PXM,3,0
AJMPBNMD9PXM,4,0
AJMPBNMD9PXM,5,0
SSLCRLUV7YRI,1,0
SSLCRLUV7YRI,2,0
SSLCRLUV7YRI,3,0
SSLCRLUV7YRI,4,0
SSLCRLUV7YRI,5,0
SSLCRLUV7YRI,6,0
SSLCRLUV7YRI,7,0
SSLCRLUV7YRI,8,0
SSLCRLUV7YRI,9,0
SSLCRLUV7YRI,10,0
SSLCRLUV7YRI,11,0
SSLCRLUV7YRI,12,0
SSLCRLUV7YRI,13,0
SSLCRLUV7YRI,14,0
SSLCRLUV7YRI,15,0
SSLCRLUV7YRI,16,0
R4VQA9GNM3HX,1,0
R4VQA9GNM3HX,2,0
R4VQA9GNM3HX,3,0
R4VQA9GNM3HX,4,0
R4VQA9GNM3HX,5,0
R4VQA9GNM3HX,6,0
R4VQA9GNM3HX,7,0
R4VQA9GNM3HX,8,0
R4VQA9GNM3HX,9,0
R4VQA9GNM3HX,10,0
R4VQA9GNM3HX,11,0
R4VQA9GNM3HX,12,0
R4VQA9GNM3HX,13,0
E3SSZ3RPHK2I,1,0
E3SSZ3RPHK2I,2,0
E3SSZ3RPHK2I,3,0
E3SSZ3RPHK2I,4,0
E3SSZ3RPHK2I,5,0
E3SSZ3RPHK2I,6,0
E3SSZ3RPHK2I,7,0
E3SSZ3RPHK2I,8,0
E3SSZ3RPHK2I,9,0
E3SSZ3RPHK2I,10,0
E3SSZ3RPHK2I,11,0
E3SSZ3RPHK2I,12,0
E3SSZ3RPHK2I,13,0
E3SSZ3RPHK2I,14,0
98OKTDAZARHE,1,0
98OKTDAZARHE,2,0
98OKTDAZARHE,3,0
98OKTDAZARHE,4,0
98OKTDAZARHE,5,0
98OKTDAZARHE,6,0
98OKTDAZARHE,7,0
98OKTDAZARHE,8,0
98OKTDAZARHE,9,0
98OKTDAZARHE,10,0
98OKTDAZARHE,11,0
NC82ULW9ODW0,1,0
NC82ULW9ODW0,2,0
OD9MGDO9ABIZ,1,0
OD9MGDO9ABIZ,2,0
OD9MGDO9ABIZ,3,0
OD9MGDO9ABIZ,4,0
OD9MGDO9ABIZ,5,0
OD9MGDO9ABIZ,6,0
OD9MGDO9ABIZ,7,0
OD9MGDO9ABIZ,8,0
OD9MGDO9ABIZ,9,0
OD9MGDO9ABIZ,10,0
OD9MGDO9ABIZ,11,0
OD9MGDO9ABIZ,12,0
OD9MGDO9ABIZ,13,0
YMWF8VL9Z9TL,1,0
YMWF8VL9Z9TL,2,0
YMWF8VL9Z9TL,3,0
YMWF8VL9Z9TL,4,0
YMWF8VL9Z9TL,5,0
YMWF8VL9Z9TL,6,0
YMWF8VL9Z9TL,7,0
YMWF8VL9Z9TL,8,0
YMWF8VL9Z9TL,9,0
YMWF8VL9Z9TL,10,0
YMWF8VL9Z9TL,11,0
YMWF8VL9Z9TL,12,0
YMWF8VL9Z9TL,13,0
YMWF8VL9Z9TL,14,0
YMWF8VL9Z9TL,15,0
YMWF8VL9Z9TL,16,0
YMWF8VL9Z9TL,17,0
YMWF8VL9Z9TL,18,0
YMWF8VL9Z9TL,19,0
YMWF8VL9Z9TL,20,0
LASFKIH9TGQQ,1,0
LASFKIH9TGQQ,2,0
LASFKIH9TGQQ,3,0
G55HOUUI5322,1,0
G55HOUUI5322,2,0
G55HOUUI5322,3,0
T09FW82HU0D3,1,0
T09FW82HU0D3,2,0
LPPO75PL6IQW,1,0
LPPO75PL6IQW,2,0
P7PB84KMHEM1,1,0
P7PB84KMHEM1,2,0
P7PB84KMHEM1,3,0
P7PB84KMHEM1,4,0
P7PB84KMHEM1,5,0
P7PB84KMHEM1,6,0
P7PB84KMHEM1,7,0
P7PB84KMHEM1,8,0
P7PB84KMHEM1,9,0
P7PB84KMHEM1,10,0
P7PB84KMHEM1,11,0
P7PB84KMHEM1,12,0
P7PB84KMHEM1,13,0
P7PB84KMHEM1,14,0
P7PB84KMHEM1,15,0
P7PB84KMHEM1,16,0
5C08KDM1LR8S,1,0
5C08KDM1LR8S,2,0
5C08KDM1LR8S,3,0
5C08KDM1LR8S,4,0
5C08KDM1LR8S,5,0
5GMWANZHCRCB,1,0
5GMWANZHCRCB,2,0
5GMWANZHCRCB,3,0
5GMWANZHCRCB,4,0
5GMWANZHCRCB,5,0
5GMWANZHCRCB,6,0
5GMWANZHCRCB,7,0
5GMWANZHCRCB,8,0
5GMWANZHCRCB,9,0
5GMWANZHCRCB,10,0
5GMWANZHCRCB,11,0
5GMWANZHCRCB,12,0
5GMWANZHCRCB,13,0
5GMWANZHCRCB,14,0
5GMWANZHCRCB,15,0
O83FF29QFON0,1,0
O83FF29QFON0,2,0
O83FF29QFON0,3,0
O83FF29QFON0,4,0
O83FF29QFON0,5,0
O83FF29QFON0,6,0
O83FF29QFON0,7,0
O83FF29QFON0,8,0
O83FF29QFON0,9,0
O83FF29QFON0,10,0
O83FF29QFON0,11,0
O83FF29QFON0,12,0
O83FF29QFON0,13,0
O83FF29QFON0,14,0
O83FF29QFON0,15,0
O83FF29QFON0,16,0
O83FF29QFON0,17,0
S13I0WYENH8H,1,0
S13I0WYENH8H,2,0
UVL7TB3R14NW,1,0
UVL7TB3R14NW,2,0
W0X4KTK2H196,1,0
W0X4KTK2H196,2,0
W0X4KTK2H196,3,0
W0X4KTK2H196,4,0
W0X4KTK2H196,5,0
W0X4KTK2H196,6,0
W0X4KTK2H196,7,0
W0X4KTK2H196,8,0
W0X4KTK2H196,9,0
W0X4KTK2H196,10,0
W0X4KTK2H196,11,0
W0X4KTK2H196,12,0
W0X4KTK2H196,13,0
W0X4KTK2H196,14,0
VRQ0D2WBCHG8,1,0
VRQ0D2WBCHG8,2,0
VRQ0D2WBCHG8,3,0
VRQ0D2WBCHG8,4,0
7TYAPWR9OLYA,1,0
7TYAPWR9OLYA,2,0
7TYAPWR9OLYA,3,0
7TYAPWR9OLYA,4,0
7TYAPWR9OLYA,5,0
7TYAPWR9OLYA,6,0
7TYAPWR9OLYA,7,0
7TYAPWR9OLYA,8,0
7TYAPWR9OLYA,9,0
7TYAPWR9OLYA,10,0
LLZF5UXEN9UC,1,0
LLZF5UXEN9UC,2,0
LLZF5UXEN9UC,3,0
HHNVAYPEC7GI,1,0
HHNVAYPEC7GI,2,0
HHNVAYPEC7GI,3,0
HHNVAYPEC7GI,4,0
HHNVAYPEC7GI,5,0
HHNVAYPEC7GI,6,0
HHNVAYPEC7GI,7,0
HHNVAYPEC7GI,8,0
HHNVAYPEC7GI,9,0
HHNVAYPEC7GI,10,0
HHNVAYPEC7GI,11,0
HHNVAYPEC7GI,12,0
HHNVAYPEC7GI,13,0
HHNVAYPEC7GI,14,0
HHNVAYPEC7GI,15,0
05RHZ5HXNETU,1,0
05RHZ5HXNETU,2,0
05RHZ5HXNETU,3,0
05RHZ5HXNETU,4,0
05RHZ5HXNETU,5,0
05RHZ5HXNETU,6,0
05RHZ5HXNETU,7,0
05RHZ5HXNETU,8,0
05RHZ5HXNETU,9,0
05RHZ5HXNETU,10,0
05RHZ5HXNETU,11,0
05RHZ5HXNETU,12,0
05RHZ5HXNETU,13,0
05RHZ5HXNETU,14,0
05RHZ5HXNETU,15,0
05RHZ5HXNETU,16,0
05RHZ5HXNETU,17,0
05RHZ5HXNETU,18,0
05RHZ5HXNETU,19,0
05RHZ5HXNETU,20,0
EQKM4WMLW7QV,1,0
EQKM4WMLW7QV,2,0
EQKM4WMLW7QV,3,0
EQKM4WMLW7QV,4,0
EQKM4WMLW7QV,5,0
EQKM4WMLW7QV,6,0
EQKM4WMLW7QV,7,0
EQKM4WMLW7QV,8,0
EQKM4WMLW7QV,9,0
EQKM4WMLW7QV,10,0
EQKM4WMLW7QV,11,0
EQKM4WMLW7QV,12,0
EQKM4WMLW7QV,13,0
EQKM4WMLW7QV,14,0
EQKM4WMLW7QV,15,0
EQKM4WMLW7QV,16,0
ZI1AEW10S6WU,1,0
ZI1AEW10S6WU,2,0
ZI1AEW10S6WU,3,0
ZI1AEW10S6WU,4,0
ZI1AEW10S6WU,5,0
ZI1AEW10S6WU,6,0
ZI1AEW10S6WU,7,0
ZI1AEW10S6WU,8,0
ZI1AEW10S6WU,9,0
ZI1AEW10S6WU,10,0
ZI1AEW10S6WU,11,0
ZI1AEW10S6WU,12,0
ZI1AEW10S6WU,13,0
ZI1AEW10S6WU,14,0
ZI1AEW10S6WU,15,0
ZI1AEW10S6WU,16,0
ZI1AEW10S6WU,17,0
ZI1AEW10S6WU,18,0
ZI1AEW10S6WU,19,0
ZI1AEW10S6WU,20,0
ZI1AEW10S6WU,21,0
ZI1AEW10S6WU,22,0
ZI1AEW10S6WU,23,0
ZI1AEW10S6WU,24,0
52LT3S65FWRC,1,0
52LT3S65FWRC,1,1
52LT3S65FWRC,2,0
52LT3S65FWRC,2,1
52LT3S65FWRC,3,0
52LT3S65FWRC,3,1
52LT3S65FWRC,4,0
52LT3S65FWRC,4,1
52LT3S65FWRC,5,0
52LT3S65FWRC,5,1
52LT3S65FWRC,6,0
52LT3S65FWRC,6,1
52LT3S65FWRC,7,0
52LT3S65FWRC,7,1
52LT3S65FWRC,8,0
52LT3S65FWRC,8,1
52LT3S65FWRC,9,0
52LT3S65FWRC,9,1
52LT3S65FWRC,10,0
52LT3S65FWRC,10,1
52LT3S65FWRC,11,0
52LT3S65FWRC,11,1
52LT3S65FWRC,12,0
52LT3S65FWRC,12,1
52LT3S65FWRC,13,0
52LT3S65FWRC,13,1
52LT3S65FWRC,14,0
52LT3S65FWRC,14,1
52LT3S65FWRC,15,0
52LT3S65FWRC,15,1
52LT3S65FWRC,16,0
52LT3S65FWRC,16,1
52LT3S65FWRC,17,0
52LT3S65FWRC,17,1
52LT3S65FWRC,18,0
52LT3S65FWRC,18,1
52LT3S65FWRC,19,0
52LT3S65FWRC,19,1
52LT3S65FWRC,20,0
52LT3S65FWRC,20,1
52LT3S65FWRC,21,0
52LT3S65FWRC,21,1
CH1VS4UEN41Z,1,0
CH1VS4UEN41Z,1,1
CH1VS4UEN41Z,2,0
CH1VS4UEN41Z,2,1
GCMJQJ8J7CRB,1,0
GCMJQJ8J7CRB,2,0
GCMJQJ8J7CRB,3,0
GCMJQJ8J7CRB,4,0
GCMJQJ8J7CRB,5,0
GCMJQJ8J7CRB,6,0
GCMJQJ8J7CRB,7,0
GCMJQJ8J7CRB,8,0
JJ8B0XGDPSC3,1,0
JJ8B0XGDPSC3,1,1
JJ8B0XGDPSC3,2,0
JJ8B0XGDPSC3,2,1
JJ8B0XGDPSC3,3,0
JJ8B0XGDPSC3,3,1
JJ8B0XGDPSC3,4,0
JJ8B0XGDPSC3,4,1
JJ8B0XGDPSC3,5,0
JJ8B0XGDPSC3,5,1
JJ8B0XGDPSC3,6,0
JJ8B0XGDPSC3,6,1
JJ8B0XGDPSC3,7,0
JJ8B0XGDPSC3,7,1
JJ8B0XGDPSC3,8,0
JJ8B0XGDPSC3,8,1
JJ8B0XGDPSC3,9,0
JJ8B0XGDPSC3,9,1
JJ8B0XGDPSC3,10,0
JJ8B0XGDPSC3,10,1
JJ8B0XGDPSC3,11,0
JJ8B0XGDPSC3,11,1
JJ8B0XGDPSC3,12,0
JJ8B0XGDPSC3,12,1
JJ8B0XGDPSC3,13,0
JJ8B0XGDPSC3,13,1
UVOX9LLSB8TR,1,0
UVOX9LLSB8TR,1,1
UVOX9LLSB8TR,2,0
UVOX9LLSB8TR,2,1
UVOX9LLSB8TR,3,0
UVOX9LLSB8TR,3,1
UVOX9LLSB8TR,4,0
UVOX9LLSB8TR,4,1
UVOX9LLSB8TR,5,0
UVOX9LLSB8TR,5,1
UVOX9LLSB8TR,6,0
UVOX9LLSB8TR,6,1
UVOX9LLSB8TR,7,0
UVOX9LLSB8TR,7,1
UVOX9LLSB8TR,8,0
UVOX9LLSB8TR,8,1
UVOX9LLSB8TR,9,0
UVOX9LLSB8TR,9,1
UVOX9LLSB8TR,10,0
UVOX9LLSB8TR,10,1
UVOX9LLSB8TR,11,0
UVOX9LLSB8TR,11,1
UVOX9LLSB8TR,12,0
UVOX9LLSB8TR,12,1
UVOX9LLSB8TR,13,0
UVOX9LLSB8TR,13,1
UVOX9LLSB8TR,14,0
UVOX9LLSB8TR,14,1
UVOX9LLSB8TR,15,0
UVOX9LLSB8TR,15,1
UVOX9LLSB8TR,16,0
UVOX9LLSB8TR,16,1
4H1RKIFL88KD,1,0
4H1RKIFL88KD,1,1
4H1RKIFL88KD,1,2
4H1RKIFL88KD,2,0
4H1RKIFL88KD,2,1
4H1RKIFL88KD,2,2
4H1RKIFL88KD,3,0
4H1RKIFL88KD,3,1
4H1RKIFL88KD,3,2
Y5LMW34X68CR,1,0
Y5LMW34X68CR,1,1
Y5LMW34X68CR,2,0
Y5LMW34X68CR,2,1
Y5LMW34X68CR,3,0
Y5LMW34X68CR,3,1
Y5LMW34X68CR,4,0
Y5LMW34X68CR,4,1
Y5LMW34X68CR,5,0
Y5LMW34X68CR,5,1
Y5LMW34X68CR,6,0
Y5LMW34X68CR,6,1
Y5LMW34X68CR,7,0
Y5LMW34X68CR,7,1
Y5LMW34X68CR,8,0
Y5LMW34X68CR,8,1
Y5LMW34X68CR,9,0
Y5LMW34X68CR,9,1
Y5LMW34X68CR,10,0
Y5LMW34X68CR,10,1
Y5LMW34X68CR,11,0
Y5LMW34X68CR,11,1
Y5LMW34X68CR,12,0
Y5LMW34X68CR,12,1
Y5LMW34X68CR,13,0
Y5LMW34X68CR,13,1
Y5LMW34X68CR,14,0
Y5LMW34X68CR,14,1
Y5LMW34X68CR,15,0
Y5LMW34X68CR,15,1
Y5LMW34X68CR,16,0
Y5LMW34X68CR,16,1
Y5LMW34X68CR,17,0
Y5LMW34X68CR,17,1
Y5LMW34X68CR,18,0
Y5LMW34X68CR,18,1
Y5LMW34X68CR,19,0
Y5LMW34X68CR,19,1
Y5LMW34X68CR,20,0
Y5LMW34X68CR,20,1
Y5LMW34X68CR,21,0
Y5LMW34X68CR,21,1
EJUNDYT2455M,1,0
EJUNDYT2455M,1,1
EJUNDYT2455M,2,0
EJUNDYT2455M,2,1
EJUNDYT2455M,3,0
EJUNDYT2455M,3,1
EJUNDYT2455M,4,0
EJUNDYT2455M,5,0
EJUNDYT2455M,6,0
EJUNDYT2455M,7,0
EJUNDYT2455M,8,0
EJUNDYT2455M,9,0
EJUNDYT2455M,9,1
EJUNDYT2455M,10,0
EJUNDYT2455M,11,0
EJUNDYT2455M,12,0
EJUNDYT2455M,13,0
EJUNDYT2455M,13,1
EJUNDYT2455M,14,0
EJUNDYT2455M,15,0
EJUNDYT2455M,15,1
EJUNDYT2455M,16,0
EJUNDYT2455M,16,1
EJUNDYT2455M,17,0
EJUNDYT2455M,18,0
EJUNDYT2455M,18,1
EJUNDYT2455M,19,0
EJUNDYT2455M,19,1
EX0B99LH2XGT,1,0
EX0B99LH2XGT,1,1
EX0B99LH2XGT,2,0
EX0B99LH2XGT,2,1
EX0B99LH2XGT,3,0
EX0B99LH2XGT,3,1
EX0B99LH2XGT,4,0
EX0B99LH2XGT,4,1
EX0B99LH2XGT,5,0
EX0B99LH2XGT,5,1
EX0B99LH2XGT,6,0
EX0B99LH2XGT,6,1
EX0B99LH2XGT,7,0
EX0B99LH2XGT,7,1
EX0B99LH2XGT,8,0
EX0B99LH2XGT,8,1
EX0B99LH2XGT,9,0
EX0B99LH2XGT,9,1
EX0B99LH2XGT,10,0
EX0B99LH2XGT,10,1
EX0B99LH2XGT,11,0
EX0B99LH2XGT,11,1
EX0B99LH2XGT,12,0
EX0B99LH2XGT,12,1
2YPFM695PG7L,1,0
2YPFM695PG7L,2,0
2YPFM695PG7L,3,0
2YPFM695PG7L,4,0
2YPFM695PG7L,4,1
2YPFM695PG7L,5,0
2YPFM695PG7L,6,0
2YPFM695PG7L,6,1
2YPFM695PG7L,7,0
2YPFM695PG7L,8,0
2YPFM695PG7L,9,0
2YPFM695PG7L,10,0
2YPFM695PG7L,11,0
2YPFM695PG7L,12,0
2YPFM695PG7L,13,0
2YPFM695PG7L,14,0
2YPFM695PG7L,15,0
SO9R2SI6YLS2,1,0
SO9R2SI6YLS2,2,0
SO9R2SI6YLS2,3,0
SO9R2SI6YLS2,4,0
SO9R2SI6YLS2,5,0
SO9R2SI6YLS2,6,0
SO9R2SI6YLS2,7,0
SO9R2SI6YLS2,8,0
SO9R2SI6YLS2,9,0
SO9R2SI6YLS2,10,0
SO9R2SI6YLS2,11,0
SO9R2SI6YLS2,12,0
SO9R2SI6YLS2,13,0
SO9R2SI6YLS2,14,0
SO9R2SI6YLS2,15,0
SO9R2SI6YLS2,16,0
SO9R2SI6YLS2,17,0
SO9R2SI6YLS2,18,0
SO9R2SI6YLS2,19,0
SO9R2SI6YLS2,20,0
SO9R2SI6YLS2,21,0
SO9R2SI6YLS2,22,0
SO9R2SI6YLS2,23,0
S1YQ0TPYOZFO,1,0
S1YQ0TPYOZFO,2,0
S1YQ0TPYOZFO,3,0
S1YQ0TPYOZFO,3,2
S1YQ0TPYOZFO,4,0
S1YQ0TPYOZFO,5,0
S1YQ0TPYOZFO,5,2
S1YQ0TPYOZFO,6,0
S1YQ0TPYOZFO,6,2
S1YQ0TPYOZFO,7,0
S1YQ0TPYOZFO,8,0
S1YQ0TPYOZFO,8,2
S1YQ0TPYOZFO,9,0
S1YQ0TPYOZFO,9,2
S1YQ0TPYOZFO,10,0
S1YQ0TPYOZFO,11,0
S1YQ0TPYOZFO,11,2
S1YQ0TPYOZFO,12,0
S1YQ0TPYOZFO,13,0
S1YQ0TPYOZFO,14,0
S1YQ0TPYOZFO,14,2
S1YQ0TPYOZFO,15,0
S1YQ0TPYOZFO,16,0
S1YQ0TPYOZFO,17,0
Y4M834ZXTLJE,1,0
Y4M834ZXTLJE,1,1
Y4M834ZXTLJE,2,0
Y4M834ZXTLJE,2,1
Y4M834ZXTLJE,3,0
Y4M834ZXTLJE,4,0
Y4M834ZXTLJE,5,0
Y4M834ZXTLJE,5,1
Y4M834ZXTLJE,6,0
Y4M834ZXTLJE,6,1
Y4M834ZXTLJE,7,0
Y4M834ZXTLJE,7,1
Y4M834ZXTLJE,8,0
Y4M834ZXTLJE,8,1
Y4M834ZXTLJE,9,0
Y4M834ZXTLJE,9,1
MRQ8RTO37I9A,1,0
MRQ8RTO37I9A,2,0
MRQ8RTO37I9A,3,0
MRQ8RTO37I9A,4,0
MRQ8RTO37I9A,5,0
MRQ8RTO37I9A,6,0
MRQ8RTO37I9A,7,0
MRQ8RTO37I9A,8,0
MRQ8RTO37I9A,9,0
MRQ8RTO37I9A,10,0
MRQ8RTO37I9A,11,0
MRQ8RTO37I9A,12,0
MRQ8RTO37I9A,13,0
CO4OGDER1BBN,1,0
CO4OGDER1BBN,1,1
CO4OGDER1BBN,2,0
CO4OGDER1BBN,2,1
CO4OGDER1BBN,3,0
CO4OGDER1BBN,3,1
CO4OGDER1BBN,4,0
CO4OGDER1BBN,4,1
CO4OGDER1BBN,5,0
CO4OGDER1BBN,5,1
CO4OGDER1BBN,6,0
CO4OGDER1BBN,6,1
CO4OGDER1BBN,7,0
CO4OGDER1BBN,7,1
CO4OGDER1BBN,8,0
CO4OGDER1BBN,8,1
CO4OGDER1BBN,9,0
CO4OGDER1BBN,9,1
CO4OGDER1BBN,10,0
CO4OGDER1BBN,10,1
CO4OGDER1BBN,11,0
CO4OGDER1BBN,11,1
CO4OGDER1BBN,12,0
CO4OGDER1BBN,12,1
CO4OGDER1BBN,13,0
CO4OGDER1BBN,13,1
CO4OGDER1BBN,14,0
CO4OGDER1BBN,14,1
CO4OGDER1BBN,15,0
CO4OGDER1BBN,15,1
QM7CLE3R25WR,1,0
QM7CLE3R25WR,1,1
QM7CLE3R25WR,1,2
QM7CLE3R25WR,2,0
QM7CLE3R25WR,2,1
QM7CLE3R25WR,2,2
8SWEZNYYRZVZ,1,0
8SWEZNYYRZVZ,2,0
8SWEZNYYRZVZ,3,0
8SWEZNYYRZVZ,4,0
8SWEZNYYRZVZ,5,0
8SWEZNYYRZVZ,6,0
8SWEZNYYRZVZ,7,0
8SWEZNYYRZVZ,8,0
8SWEZNYYRZVZ,9,0
8SWEZNYYRZVZ,10,0
8SWEZNYYRZVZ,11,0
8SWEZNYYRZVZ,12,0
8SWEZNYYRZVZ,13,0
8SWEZNYYRZVZ,14,0
8SWEZNYYRZVZ,15,0
8SWEZNYYRZVZ,16,0
424PUS6KWZYW,1,0
424PUS6KWZYW,1,1
424PUS6KWZYW,2,0
424PUS6KWZYW,2,1
424PUS6KWZYW,3,0
424PUS6KWZYW,3,1
ZWWN7Q1G1LNZ,1,0
ZWWN7Q1G1LNZ,2,0
ZWWN7Q1G1LNZ,2,1
ZWWN7Q1G1LNZ,3,0
ZWWN7Q1G1LNZ,3,1
ZWWN7Q1G1LNZ,4,0
ZWWN7Q1G1LNZ,4,1
ZWWN7Q1G1LNZ,5,0
ZWWN7Q1G1LNZ,5,1
ZWWN7Q1G1LNZ,6,0
ZWWN7Q1G1LNZ,6,1
ZWWN7Q1G1LNZ,7,0
ZWWN7Q1G1LNZ,7,1
ZWWN7Q1G1LNZ,8,0
ZWWN7Q1G1LNZ,8,1
ZWWN7Q1G1LNZ,9,0
ZWWN7Q1G1LNZ,9,1
ZWWN7Q1G1LNZ,10,0
ZWWN7Q1G1LNZ,10,1
ZWWN7Q1G1LNZ,11,0
ZWWN7Q1G1LNZ,11,1
ZWWN7Q1G1LNZ,12,0
ZWWN7Q1G1LNZ,12,1
ZWWN7Q1G1LNZ,13,0
ZWWN7Q1G1LNZ,13,1
ZWWN7Q1G1LNZ,14,0
ZWWN7Q1G1LNZ,14,1
ZWWN7Q1G1LNZ,15,0
ZWWN7Q1G1LNZ,15,1
34OKP3V7M6HQ,1,0
34OKP3V7M6HQ,1,1
34OKP3V7M6HQ,2,0
34OKP3V7M6HQ,2,1
34OKP3V7M6HQ,3,0
34OKP3V7M6HQ,3,1
34OKP3V7M6HQ,4,0
34OKP3V7M6HQ,5,0
34OKP3V7M6HQ,6,0
34OKP3V7M6HQ,6,1
34OKP3V7M6HQ,7,0
34OKP3V7M6HQ,8,0
34OKP3V7M6HQ,9,0
34OKP3V7M6HQ,10,0
34OKP3V7M6HQ,10,1
34OKP3V7M6HQ,11,0
34OKP3V7M6HQ,12,0
PD8CNHD8GIE5,1,0
PD8CNHD8GIE5,2,0
PD8CNHD8GIE5,3,0
PD8CNHD8GIE5,4,0
PD8CNHD8GIE5,5,0
PD8CNHD8GIE5,6,0
PD8CNHD8GIE5,7,0
PD8CNHD8GIE5,8,0
PD8CNHD8GIE5,9,0
PD8CNHD8GIE5,10,0
Z3I08LCPR6T2,1,0
Z3I08LCPR6T2,1,1
Z3I08LCPR6T2,2,0
Z3I08LCPR6T2,2,1
75F47FDK45TF,1,0
75F47FDK45TF,2,0
U3AST1WGPY55,1,0
U3AST1WGPY55,1,1
U3AST1WGPY55,2,0
U3AST1WGPY55,2,1
U3AST1WGPY55,3,0
U3AST1WGPY55,3,1
U3AST1WGPY55,4,0
U3AST1WGPY55,4,1
U3AST1WGPY55,5,0
U3AST1WGPY55,5,1
U3AST1WGPY55,6,0
U3AST1WGPY55,6,1
U3AST1WGPY55,7,0
U3AST1WGPY55,7,1
U3AST1WGPY55,8,0
U3AST1WGPY55,8,1
U3AST1WGPY55,9,0
U3AST1WGPY55,9,1
U3AST1WGPY55,10,0
U3AST1WGPY55,10,1
U3AST1WGPY55,11,0
U3AST1WGPY55,11,1
U3AST1WGPY55,12,0
U3AST1WGPY55,12,1
U3AST1WGPY55,13,0
U3AST1WGPY55,13,1
U3AST1WGPY55,14,0
U3AST1WGPY55,14,1
U3AST1WGPY55,15,0
U3AST1WGPY55,15,1
6I4KWNIA78G6,1,0
6I4KWNIA78G6,2,0
6I4KWNIA78G6,3,0
6I4KWNIA78G6,4,0
6I4KWNIA78G6,5,0
6I4KWNIA78G6,6,0
6I4KWNIA78G6,7,0
6I4KWNIA78G6,8,0
6I4KWNIA78G6,9,0
6I4KWNIA78G6,10,0
6I4KWNIA78G6,11,0
6I4KWNIA78G6,12,0
6I4KWNIA78G6,13,0
6I4KWNIA78G6,14,0
6I4KWNIA78G6,15,0
W8RRNCBC45CO,1,0
W8RRNCBC45CO,2,0
W8RRNCBC45CO,3,0
W8RRNCBC45CO,4,0
W8RRNCBC45CO,5,0
W8RRNCBC45CO,6,0
W8RRNCBC45CO,7,0
W8RRNCBC45CO,8,0
W8RRNCBC45CO,9,0
W8RRNCBC45CO,10,0
W8RRNCBC45CO,11,0
W8RRNCBC45CO,12,0
W8RRNCBC45CO,13,0
W8RRNCBC45CO,14,0
W8RRNCBC45CO,15,0
W0MAATDOTAC2,1,0
W0MAATDOTAC2,2,0
W0MAATDOTAC2,3,0
W0MAATDOTAC2,3,1
W0MAATDOTAC2,4,0
W0MAATDOTAC2,4,1
W0MAATDOTAC2,5,0
W0MAATDOTAC2,5,1
W0MAATDOTAC2,6,0
W0MAATDOTAC2,6,1
W0MAATDOTAC2,7,0
W0MAATDOTAC2,8,0
QNNNFZ1Y3C7Y,1,0
QNNNFZ1Y3C7Y,2,0
QNNNFZ1Y3C7Y,3,0
QNNNFZ1Y3C7Y,4,0
K1DHWH8O8E1D,1,0
K1DHWH8O8E1D,1,1
K1DHWH8O8E1D,2,0
K1DHWH8O8E1D,3,0
K1DHWH8O8E1D,4,0
K1DHWH8O8E1D,4,1
K1DHWH8O8E1D,5,0
K1DHWH8O8E1D,6,0
K1DHWH8O8E1D,7,0
K1DHWH8O8E1D,8,0
K1DHWH8O8E1D,9,0
K1DHWH8O8E1D,10,0
K1DHWH8O8E1D,11,0
K1DHWH8O8E1D,11,1
K1DHWH8O8E1D,12,0
K1DHWH8O8E1D,12,1
K1DHWH8O8E1D,13,0
CWKL2U0ZJSNB,1,0
CWKL2U0ZJSNB,2,0
CWKL2U0ZJSNB,2,1
CWKL2U0ZJSNB,3,0
CWKL2U0ZJSNB,3,1
CWKL2U0ZJSNB,4,0
CWKL2U0ZJSNB,4,1
CWKL2U0ZJSNB,5,0
CWKL2U0ZJSNB,5,1
CWKL2U0ZJSNB,6,0
CWKL2U0ZJSNB,7,0
CWKL2U0ZJSNB,8,0
CWKL2U0ZJSNB,9,0
5T5X8IWTTHE8,1,0
5T5X8IWTTHE8,1,1
5T5X8IWTTHE8,2,0
AOXMY2NZPG6N,1,0
AOXMY2NZPG6N,1,1
AOXMY2NZPG6N,1,2
AOXMY2NZPG6N,2,0
AOXMY2NZPG6N,2,1
AOXMY2NZPG6N,2,2
M02WGUBYS8L2,1,0
M02WGUBYS8L2,2,0
M02WGUBYS8L2,3,0
M02WGUBYS8L2,4,0
M02WGUBYS8L2,5,0
M02WGUBYS8L2,6,0
M02WGUBYS8L2,7,0
C1HQGQZI9HPE,1,0
C1HQGQZI9HPE,2,0
C1HQGQZI9HPE,2,1
C1HQGQZI9HPE,3,0
C1HQGQZI9HPE,4,0
C1HQGQZI9HPE,4,1
C1HQGQZI9HPE,5,0
C1HQGQZI9HPE,6,0
C1HQGQZI9HPE,7,0
C1HQGQZI9HPE,7,1
9VJ1FDDH5FFH,1,0
9VJ1FDDH5FFH,2,0
9VJ1FDDH5FFH,3,0
9VJ1FDDH5FFH,4,0
9VJ1FDDH5FFH,5,0
9VJ1FDDH5FFH,6,0
9VJ1FDDH5FFH,7,0
9VJ1FDDH5FFH,8,0
9VJ1FDDH5FFH,9,0
9VJ1FDDH5FFH,10,0
9VJ1FDDH5FFH,11,0
9VJ1FDDH5FFH,12,0
9VJ1FDDH5FFH,13,0
9VJ1FDDH5FFH,14,0
9VJ1FDDH5FFH,15,0
9VJ1FDDH5FFH,16,0
9VJ1FDDH5FFH,17,0
9VJ1FDDH5FFH,18,0
9VJ1FDDH5FFH,19,0
188A52F0KDFN,1,0
188A52F0KDFN,2,0
188A52F0KDFN,3,0
188A52F0KDFN,4,0
188A52F0KDFN,5,0
40TPO5SUCKXW,1,0
40TPO5SUCKXW,1,1
40TPO5SUCKXW,2,0
40TPO5SUCKXW,2,1
40TPO5SUCKXW,3,0
40TPO5SUCKXW,3,1
40TPO5SUCKXW,4,0
40TPO5SUCKXW,4,1
40TPO5SUCKXW,5,0
40TPO5SUCKXW,5,1
40TPO5SUCKXW,6,0
40TPO5SUCKXW,6,1
40TPO5SUCKXW,7,0
40TPO5SUCKXW,7,1
40TPO5SUCKXW,8,0
40TPO5SUCKXW,8,1
40TPO5SUCKXW,9,0
40TPO5SUCKXW,9,1
40TPO5SUCKXW,10,0
40TPO5SUCKXW,10,1
40TPO5SUCKXW,11,0
40TPO5SUCKXW,11,1
40TPO5SUCKXW,12,0
40TPO5SUCKXW,12,1
40TPO5SUCKXW,13,0
40TPO5SUCKXW,13,1
40TPO5SUCKXW,14,0
40TPO5SUCKXW,14,1
40TPO5SUCKXW,15,0
40TPO5SUCKXW,15,1
40TPO5SUCKXW,16,0
40TPO5SUCKXW,16,1
40TPO5SUCKXW,17,0
40TPO5SUCKXW,17,1
40TPO5SUCKXW,18,0
40TPO5SUCKXW,18,1
40TPO5SUCKXW,19,0
40TPO5SUCKXW,19,1
40TPO5SUCKXW,20,0
40TPO5SUCKXW,20,1
40TPO5SUCKXW,21,0
40TPO5SUCKXW,21,1
0NF3O9ZYU177,1,0
0NF3O9ZYU177,1,1
0NF3O9ZYU177,2,0
0NF3O9ZYU177,2,1
0NF3O9ZYU177,3,0
0NF3O9ZYU177,3,1
0NF3O9ZYU177,4,0
0NF3O9ZYU177,4,1
0NF3O9ZYU177,5,0
0NF3O9ZYU177,5,1
0NF3O9ZYU177,6,0
0NF3O9ZYU177,6,1
0NF3O9ZYU177,7,0
0NF3O9ZYU177,7,1
0NF3O9ZYU177,8,0
0NF3O9ZYU177,8,1
0NF3O9ZYU177,9,0
0NF3O9ZYU177,9,1
0NF3O9ZYU177,10,0
0NF3O9ZYU177,10,1
0NF3O9ZYU177,11,0
0NF3O9ZYU177,11,1
0NF3O9ZYU177,12,0
0NF3O9ZYU177,12,1
0NF3O9ZYU177,13,0
0NF3O9ZYU177,13,1
0NF3O9ZYU177,14,0
0NF3O9ZYU177,14,1
0NF3O9ZYU177,15,0
0NF3O9ZYU177,15,1
0NF3O9ZYU177,16,0
0NF3O9ZYU177,16,1
0NF3O9ZYU177,17,0
0NF3O9ZYU177,17,1
0NF3O9ZYU177,18,0
0NF3O9ZYU177,18,1
0NF3O9ZYU177,19,0
0NF3O9ZYU177,19,1
5CMX86J6OXAD,1,0
5CMX86J6OXAD,1,1
5CMX86J6OXAD,2,0
5CMX86J6OXAD,2,1
5CMX86J6OXAD,3,0
5CMX86J6OXAD,3,1
5CMX86J6OXAD,4,0
5CMX86J6OXAD,4,1
5CMX86J6OXAD,5,0
5CMX86J6OXAD,5,1
5CMX86J6OXAD,6,0
5CMX86J6OXAD,6,1
5CMX86J6OXAD,7,0
5CMX86J6OXAD,7,1
5CMX86J6OXAD,8,0
5CMX86J6OXAD,8,1
5CMX86J6OXAD,9,0
5CMX86J6OXAD,9,1
OH0GTKPRL3M7,1,0
OH0GTKPRL3M7,1,2
OH0GTKPRL3M7,2,0
OH0GTKPRL3M7,2,2
OH0GTKPRL3M7,3,0
OH0GTKPRL3M7,3,1
OH0GTKPRL3M7,3,2
OH0GTKPRL3M7,4,0
OH0GTKPRL3M7,4,2
OH0GTKPRL3M7,5,0
OH0GTKPRL3M7,5,2
OH0GTKPRL3M7,6,0
OH0GTKPRL3M7,6,1
OH0GTKPRL3M7,6,2
OH0GTKPRL3M7,7,0
OH0GTKPRL3M7,7,2
OH0GTKPRL3M7,8,0
OH0GTKPRL3M7,8,2
FSLQ5ZAVWQEF,1,0
FSLQ5ZAVWQEF,1,1
FSLQ5ZAVWQEF,2,0
FSLQ5ZAVWQEF,2,1
FSLQ5ZAVWQEF,3,0
FSLQ5ZAVWQEF,3,1
FSLQ5ZAVWQEF,4,0
FSLQ5ZAVWQEF,4,1
FSLQ5ZAVWQEF,5,0
FSLQ5ZAVWQEF,5,1
FSLQ5ZAVWQEF,6,0
FSLQ5ZAVWQEF,6,1
FSLQ5ZAVWQEF,7,0
FSLQ5ZAVWQEF,7,1
FSLQ5ZAVWQEF,8,0
FSLQ5ZAVWQEF,8,1
IAM3S4ELANWF,1,0
IAM3S4ELANWF,1,2
IAM3S4ELANWF,2,0
IAM3S4ELANWF,2,1
IAM3S4ELANWF,3,0
IAM3S4ELANWF,3,2
IAM3S4ELANWF,4,0
IAM3S4ELANWF,4,1
IAM3S4ELANWF,5,0
IAM3S4ELANWF,5,2
IAM3S4ELANWF,6,0
IAM3S4ELANWF,6,2
IAM3S4ELANWF,7,0
IAM3S4ELANWF,7,1
IAM3S4ELANWF,8,0
IAM3S4ELANWF,8,2
IAM3S4ELANWF,9,0
IAM3S4ELANWF,9,2
IAM3S4ELANWF,10,0
IAM3S4ELANWF,10,1
IAM3S4ELANWF,11,0
IAM3S4ELANWF,11,2
OJ244MWDVW4H,1,0
OJ244MWDVW4H,1,1
OJ244MWDVW4H,1,2
OJ244MWDVW4H,2,0
OJ244MWDVW4H,2,1
OJ244MWDVW4H,2,3
OJ244MWDVW4H,3,0
OJ244MWDVW4H,3,1
OJ244MWDVW4H,3,3
OJ244MWDVW4H,4,0
OJ244MWDVW4H,4,1
OJ244MWDVW4H,4,3
OJ244MWDVW4H,5,0
OJ244MWDVW4H,5,1
OJ244MWDVW4H,5,3
OJ244MWDVW4H,6,0
OJ244MWDVW4H,6,1
OJ244MWDVW4H,6,2
OJ244MWDVW4H,6,3
OJ244MWDVW4H,7,0
OJ244MWDVW4H,7,2
OJ244MWDVW4H,7,3
OJ244MWDVW4H,8,0
OJ244MWDVW4H,8,1
OJ244MWDVW4H,8,2
OJ244MWDVW4H,8,3
OJ244MWDVW4H,9,0
OJ244MWDVW4H,9,1
OJ244MWDVW4H,9,3
OJ244MWDVW4H,10,0
OJ244MWDVW4H,10,1
OJ244MWDVW4H,10,2
OJ244MWDVW4H,10,3
OJ244MWDVW4H,11,0
OJ244MWDVW4H,11,1
OJ244MWDVW4H,11,3
OJ244MWDVW4H,12,0
OJ244MWDVW4H,12,1
OJ244MWDVW4H,12,2
OJ244MWDVW4H,12,3
OJ244MWDVW4H,13,0
OJ244MWDVW4H,13,1
OJ244MWDVW4H,13,3
OJ244MWDVW4H,14,0
OJ244MWDVW4H,14,1
OJ244MWDVW4H,14,2
OJ244MWDVW4H,14,3
OJ244MWDVW4H,15,0
OJ244MWDVW4H,15,1
OJ244MWDVW4H,15,2
OJ244MWDVW4H,15,3
KQ40XQ2L0VEW,1,0
KQ40XQ2L0VEW,2,0
KQ40XQ2L0VEW,3,0
KQ40XQ2L0VEW,3,1
KQ40XQ2L0VEW,4,0
KQ40XQ2L0VEW,4,1
KQ40XQ2L0VEW,5,0
KQ40XQ2L0VEW,5,1
KQ40XQ2L0VEW,6,0
KQ40XQ2L0VEW,7,0
KQ40XQ2L0VEW,8,0
KQ40XQ2L0VEW,9,0
KQ40XQ2L0VEW,10,0
KQ40XQ2L0VEW,11,0
QKCAT5I512WH,1,0
QKCAT5I512WH,1,1
QKCAT5I512WH,2,0
QKCAT5I512WH,2,1
QKCAT5I512WH,3,0
QKCAT5I512WH,3,1
QKCAT5I512WH,4,0
QKCAT5I512WH,4,1
QKCAT5I512WH,5,0
QKCAT5I512WH,5,1
V4SGKCD01U1T,1,0
V4SGKCD01U1T,2,0
V4SGKCD01U1T,2,1
4KEC45TGYMWR,1,0
4KEC45TGYMWR,2,0
4KEC45TGYMWR,3,0
4KEC45TGYMWR,4,0
4KEC45TGYMWR,5,0
4KEC45TGYMWR,6,0
4KEC45TGYMWR,6,1
4KEC45TGYMWR,7,0
4KEC45TGYMWR,7,1
4KEC45TGYMWR,8,0
4KEC45TGYMWR,9,0
XKOG4EICQYPQ,1,0
XKOG4EICQYPQ,1,2
XKOG4EICQYPQ,1,3
XKOG4EICQYPQ,2,0
XKOG4EICQYPQ,2,2
XKOG4EICQYPQ,2,3
XKOG4EICQYPQ,3,0
XKOG4EICQYPQ,3,1
XKOG4EICQYPQ,3,2
XKOG4EICQYPQ,3,3
XKOG4EICQYPQ,4,0
XKOG4EICQYPQ,4,2
XKOG4EICQYPQ,4,3
XKOG4EICQYPQ,5,0
XKOG4EICQYPQ,5,2
XKOG4EICQYPQ,5,3
XKOG4EICQYPQ,6,0
XKOG4EICQYPQ,6,2
XKOG4EICQYPQ,6,3
XKOG4EICQYPQ,7,0
XKOG4EICQYPQ,7,2
XKOG4EICQYPQ,7,3
XKOG4EICQYPQ,8,0
XKOG4EICQYPQ,8,2
XKOG4EICQYPQ,8,3
XKOG4EICQYPQ,9,0
XKOG4EICQYPQ,9,2
XKOG4EICQYPQ,9,3
XKOG4EICQYPQ,10,0
XKOG4EICQYPQ,10,2
XKOG4EICQYPQ,10,3
XKOG4EICQYPQ,11,0
XKOG4EICQYPQ,11,2
XKOG4EICQYPQ,11,3
XKOG4EICQYPQ,12,0
XKOG4EICQYPQ,12,2
XKOG4EICQYPQ,12,3
XKOG4EICQYPQ,13,0
XKOG4EICQYPQ,13,2
XKOG4EICQYPQ,13,3
XKOG4EICQYPQ,14,0
XKOG4EICQYPQ,14,2
XKOG4EICQYPQ,14,3
XKOG4EICQYPQ,15,0
XKOG4EICQYPQ,15,2
XKOG4EICQYPQ,15,3
XKOG4EICQYPQ,16,0
XKOG4EICQYPQ,16,2
XKOG4EICQYPQ,16,3
XKOG4EICQYPQ,17,0
XKOG4EICQYPQ,17,2
XKOG4EICQYPQ,17,3
XKOG4EICQYPQ,18,0
XKOG4EICQYPQ,18,2
XKOG4EICQYPQ,18,3
XKOG4EICQYPQ,19,0
XKOG4EICQYPQ,19,2
XKOG4EICQYPQ,19,3
XKOG4EICQYPQ,20,0
XKOG4EICQYPQ,20,2
XKOG4EICQYPQ,20,3
OKQG961QO1AI,1,0
OKQG961QO1AI,1,1
OKQG961QO1AI,2,0
OKQG961QO1AI,2,1
Q4YMRBNI9PIP,1,0
Q4YMRBNI9PIP,1,2
Q4YMRBNI9PIP,1,3
Q4YMRBNI9PIP,2,0
Q4YMRBNI9PIP,2,2
Q4YMRBNI9PIP,2,3
FNGQQDDVU6WM,1,0
FNGQQDDVU6WM,1,1
FNGQQDDVU6WM,2,0
FNGQQDDVU6WM,2,1
JS3S1VO68JU6,1,0
JS3S1VO68JU6,1,1
JS3S1VO68JU6,2,0
JS3S1VO68JU6,2,1
JS3S1VO68JU6,2,2
9LLRNBLZ5D7K,1,0
9LLRNBLZ5D7K,1,1
9LLRNBLZ5D7K,2,0
9LLRNBLZ5D7K,2,1
2A2ZFCOP1WCA,1,0
2A2ZFCOP1WCA,2,0
2A2ZFCOP1WCA,3,0
2A2ZFCOP1WCA,4,0
2A2ZFCOP1WCA,5,0
0IMVYE75DY9K,1,0
0IMVYE75DY9K,1,1
0IMVYE75DY9K,2,0
0IMVYE75DY9K,2,1
JSY399GCURUU,1,0
JSY399GCURUU,1,1
JSY399GCURUU,1,2
JSY399GCURUU,2,0
JSY399GCURUU,2,1
JSY399GCURUU,2,2
9Y5SW7N6YTJ4,1,0
9Y5SW7N6YTJ4,2,0
9Y5SW7N6YTJ4,3,0
9Y5SW7N6YTJ4,4,0
9Y5SW7N6YTJ4,5,0
9Y5SW7N6YTJ4,5,1
9Y5SW7N6YTJ4,6,0
9Y5SW7N6YTJ4,7,0
9Y5SW7N6YTJ4,8,0
9Y5SW7N6YTJ4,9,0
9Y5SW7N6YTJ4,10,0
9Y5SW7N6YTJ4,10,1
9Y5SW7N6YTJ4,11,0
9Y5SW7N6YTJ4,12,0
9Y5SW7N6YTJ4,13,0
9Y5SW7N6YTJ4,14,0
9Y5SW7N6YTJ4,15,0
9Y5SW7N6YTJ4,16,0
9Y5SW7N6YTJ4,16,1
9Y5SW7N6YTJ4,17,0
9Y5SW7N6YTJ4,18,0
OJHQQPGQSQTB,1,0
OJHQQPGQSQTB,2,0
OJHQQPGQSQTB,3,0
OJHQQPGQSQTB,4,0
OJHQQPGQSQTB,5,0
OJHQQPGQSQTB,6,0
OJHQQPGQSQTB,7,0
OJHQQPGQSQTB,8,0
UHBQBE75FMF4,1,0
UHBQBE75FMF4,1,1
UHBQBE75FMF4,2,0
UHBQBE75FMF4,2,1
UHBQBE75FMF4,3,0
UHBQBE75FMF4,3,1
UHBQBE75FMF4,4,0
UHBQBE75FMF4,4,1
UHBQBE75FMF4,5,0
UHBQBE75FMF4,5,1
UHBQBE75FMF4,6,0
UHBQBE75FMF4,6,1
UHBQBE75FMF4,7,0
UHBQBE75FMF4,7,1
UHBQBE75FMF4,8,0
UHBQBE75FMF4,8,1
UHBQBE75FMF4,9,0
UHBQBE75FMF4,9,1
UHBQBE75FMF4,9,2
I9ERPAX5FENG,1,0
I9ERPAX5FENG,1,2
I9ERPAX5FENG,2,0
I9ERPAX5FENG,2,2
I9ERPAX5FENG,3,0
I9ERPAX5FENG,4,0
I9ERPAX5FENG,4,2
I9ERPAX5FENG,5,0
I9ERPAX5FENG,5,2
RPZIP5DKAG7J,1,0
RPZIP5DKAG7J,2,0
RPZIP5DKAG7J,2,1
RPZIP5DKAG7J,3,0
RPZIP5DKAG7J,3,1
RPZIP5DKAG7J,4,0
RPZIP5DKAG7J,4,1
RPZIP5DKAG7J,5,0
RPZIP5DKAG7J,5,1
FHCLOK4G359W,1,0
FHCLOK4G359W,1,2
FHCLOK4G359W,2,0
FHCLOK4G359W,2,1
FHCLOK4G359W,3,0
FHCLOK4G359W,3,1
FHCLOK4G359W,4,0
FHCLOK4G359W,4,2
FHCLOK4G359W,5,0
FHCLOK4G359W,5,1
FHCLOK4G359W,6,0
FHCLOK4G359W,6,1
FHCLOK4G359W,7,0
FHCLOK4G359W,7,2
FHCLOK4G359W,8,0
FHCLOK4G359W,8,2
FHCLOK4G359W,9,0
FHCLOK4G359W,9,1
FHCLOK4G359W,10,0
FHCLOK4G359W,10,2
FHCLOK4G359W,11,0
FHCLOK4G359W,11,1
FHCLOK4G359W,12,0
FHCLOK4G359W,12,2
VKSGHEA6LWEA,1,0
VKSGHEA6LWEA,1,1
VKSGHEA6LWEA,2,0
VKSGHEA6LWEA,2,1
VKSGHEA6LWEA,3,0
VKSGHEA6LWEA,3,1
VKSGHEA6LWEA,4,0
VKSGHEA6LWEA,4,1
VKSGHEA6LWEA,5,0
VKSGHEA6LWEA,5,1
VKSGHEA6LWEA,6,0
VKSGHEA6LWEA,6,1
VKSGHEA6LWEA,7,0
VKSGHEA6LWEA,7,1
VKSGHEA6LWEA,8,0
VKSGHEA6LWEA,8,1
VKSGHEA6LWEA,9,0
VKSGHEA6LWEA,9,1
VKSGHEA6LWEA,10,0
VKSGHEA6LWEA,10,1
VKSGHEA6LWEA,11,0
VKSGHEA6LWEA,11,1
VKSGHEA6LWEA,12,0
VKSGHEA6LWEA,12,1
VKSGHEA6LWEA,13,0
VKSGHEA6LWEA,13,1
VKSGHEA6LWEA,14,0
VKSGHEA6LWEA,14,1
VKSGHEA6LWEA,15,0
VKSGHEA6LWEA,15,1
VKSGHEA6LWEA,16,0
VKSGHEA6LWEA,16,1
VKSGHEA6LWEA,17,0
VKSGHEA6LWEA,17,1
VKSGHEA6LWEA,18,0
VKSGHEA6LWEA,18,1
VKSGHEA6LWEA,19,0
VKSGHEA6LWEA,19,1
VKSGHEA6LWEA,20,0
VKSGHEA6LWEA,20,1
VKSGHEA6LWEA,21,0
VKSGHEA6LWEA,21,1
CKMI2H9XD2GL,1,0
CKMI2H9XD2GL,1,1
CKMI2H9XD2GL,2,0
CKMI2H9XD2GL,2,1
1LI5SSOJLOLV,1,0
1LI5SSOJLOLV,2,0
ZWOPB5BUZEUK,1,0
ZWOPB5BUZEUK,2,0
ZWOPB5BUZEUK,3,0
ZWOPB5BUZEUK,4,0
ZWOPB5BUZEUK,5,0
ZWOPB5BUZEUK,6,0
ZWOPB5BUZEUK,7,0
ZWOPB5BUZEUK,8,0
ZWOPB5BUZEUK,9,0
ZWOPB5BUZEUK,10,0
ZWOPB5BUZEUK,11,0
ZWOPB5BUZEUK,12,0
ZWOPB5BUZEUK,13,0
THYXQWPFYDJV,1,0
THYXQWPFYDJV,1,1
THYXQWPFYDJV,2,0
THYXQWPFYDJV,2,1
THYXQWPFYDJV,3,0
THYXQWPFYDJV,3,1
THYXQWPFYDJV,4,0
THYXQWPFYDJV,4,1
THYXQWPFYDJV,5,0
THYXQWPFYDJV,5,1
THYXQWPFYDJV,6,0
THYXQWPFYDJV,6,1
THYXQWPFYDJV,7,0
THYXQWPFYDJV,7,1
THYXQWPFYDJV,8,0
THYXQWPFYDJV,8,1
THYXQWPFYDJV,9,0
THYXQWPFYDJV,9,1
KDX0LWYFA17K,1,0
KDX0LWYFA17K,2,0
KDX0LWYFA17K,3,0
KDX0LWYFA17K,4,0
KDX0LWYFA17K,5,0
KDX0LWYFA17K,6,0
KDX0LWYFA17K,7,0
KDX0LWYFA17K,8,0
KDX0LWYFA17K,9,0
KDX0LWYFA17K,10,0
KDX0LWYFA17K,11,0
KDX0LWYFA17K,12,0
KDX0LWYFA17K,13,0
KDX0LWYFA17K,14,0
KDX0LWYFA17K,15,0
KDX0LWYFA17K,16,0
KDX0LWYFA17K,17,0
KDX0LWYFA17K,18,0
F3899KNMWSKN,1,0
F3899KNMWSKN,2,0
F3899KNMWSKN,3,0
F3899KNMWSKN,3,1
F3899KNMWSKN,4,0
F3899KNMWSKN,4,1
F3899KNMWSKN,5,0
F3899KNMWSKN,6,0
F3899KNMWSKN,7,0
F3899KNMWSKN,8,0
F3899KNMWSKN,9,0
F3899KNMWSKN,10,0
F3899KNMWSKN,10,1
F3899KNMWSKN,11,0
F3899KNMWSKN,12,0
F3899KNMWSKN,13,0
F3899KNMWSKN,14,0
F3899KNMWSKN,15,0
F3899KNMWSKN,16,0
F3899KNMWSKN,17,0
F3899KNMWSKN,18,0
F3899KNMWSKN,19,0
F3899KNMWSKN,20,0
F3899KNMWSKN,21,0
F3899KNMWSKN,21,1
F3899KNMWSKN,22,0
RPOQEILP4LAC,1,0
RPOQEILP4LAC,1,1
RPOQEILP4LAC,2,0
RPOQEILP4LAC,2,1
RPOQEILP4LAC,3,0
RPOQEILP4LAC,3,1
QJG6OJLMAPSN,1,0
QJG6OJLMAPSN,2,0
QJG6OJLMAPSN,3,0
QJG6OJLMAPSN,4,0
QJG6OJLMAPSN,5,0
QJG6OJLMAPSN,6,0
ILGJEHU60VIW,1,0
ILGJEHU60VIW,1,1
ILGJEHU60VIW,2,0
ILGJEHU60VIW,2,1
ILGJEHU60VIW,3,0
ILGJEHU60VIW,3,1
ILGJEHU60VIW,4,0
ILGJEHU60VIW,5,0
ILGJEHU60VIW,5,1
ILGJEHU60VIW,6,0
ILGJEHU60VIW,6,1
ILGJEHU60VIW,7,0
ILGJEHU60VIW,8,0
B2YPZWHI9KGN,1,0
B2YPZWHI9KGN,1,1
B2YPZWHI9KGN,2,0
B2YPZWHI9KGN,2,1
B2YPZWHI9KGN,3,0
B2YPZWHI9KGN,3,1
B2YPZWHI9KGN,4,0
B2YPZWHI9KGN,4,1
B2YPZWHI9KGN,5,0
B2YPZWHI9KGN,5,1
B2YPZWHI9KGN,6,0
B2YPZWHI9KGN,6,1
B2YPZWHI9KGN,7,0
B2YPZWHI9KGN,7,1
B2YPZWHI9KGN,8,0
B2YPZWHI9KGN,8,1
B2YPZWHI9KGN,9,0
B2YPZWHI9KGN,9,1
B2YPZWHI9KGN,10,0
B2YPZWHI9KGN,10,1
B2YPZWHI9KGN,11,0
B2YPZWHI9KGN,11,1
B2YPZWHI9KGN,12,0
B2YPZWHI9KGN,12,1
PBACCXF2OSW9,1,0
PBACCXF2OSW9,1,1
PBACCXF2OSW9,1,2
PBACCXF2OSW9,2,0
PBACCXF2OSW9,2,2
PBACCXF2OSW9,3,0
PBACCXF2OSW9,3,2
PBACCXF2OSW9,4,0
PBACCXF2OSW9,4,1
PBACCXF2OSW9,4,2
PBACCXF2OSW9,5,0
PBACCXF2OSW9,5,1
PBACCXF2OSW9,6,0
PBACCXF2OSW9,6,2
PBACCXF2OSW9,7,0
PBACCXF2OSW9,7,2
PBACCXF2OSW9,8,0
PBACCXF2OSW9,8,2
PBACCXF2OSW9,9,0
PBACCXF2OSW9,9,1
PBACCXF2OSW9,9,2
PBACCXF2OSW9,10,0
PBACCXF2OSW9,10,2
PBACCXF2OSW9,11,0
PBACCXF2OSW9,11,1
PBACCXF2OSW9,11,2
PBACCXF2OSW9,12,0
PBACCXF2OSW9,12,1
PBACCXF2OSW9,12,2
950EVA5JKEYZ,1,0
950EVA5JKEYZ,1,3
950EVA5JKEYZ,2,0
950EVA5JKEYZ,2,3
950EVA5JKEYZ,3,0
950EVA5JKEYZ,3,3
950EVA5JKEYZ,4,0
950EVA5JKEYZ,4,3
950EVA5JKEYZ,5,0
950EVA5JKEYZ,5,3
950EVA5JKEYZ,6,0
950EVA5JKEYZ,6,3
950EVA5JKEYZ,7,0
950EVA5JKEYZ,7,3
950EVA5JKEYZ,8,0
950EVA5JKEYZ,8,3
950EVA5JKEYZ,9,0
950EVA5JKEYZ,9,3
950EVA5JKEYZ,10,0
950EVA5JKEYZ,10,3
950EVA5JKEYZ,11,0
950EVA5JKEYZ,11,3
B0GE6CKBEWAJ,1,0
B0GE6CKBEWAJ,2,0
B0GE6CKBEWAJ,3,0
B0GE6CKBEWAJ,4,0
B0GE6CKBEWAJ,5,0
B0GE6CKBEWAJ,6,0
B0GE6CKBEWAJ,7,0
B0GE6CKBEWAJ,8,0
B0GE6CKBEWAJ,9,0
B0GE6CKBEWAJ,10,0
B0GE6CKBEWAJ,11,0
B0GE6CKBEWAJ,12,0
B0GE6CKBEWAJ,13,0
DUS345EJ2QP7,1,0
DUS345EJ2QP7,1,1
DUS345EJ2QP7,2,0
DUS345EJ2QP7,2,1
DUS345EJ2QP7,3,0
DUS345EJ2QP7,3,1
DUS345EJ2QP7,4,0
DUS345EJ2QP7,4,1
DUS345EJ2QP7,5,0
DUS345EJ2QP7,5,1
DUS345EJ2QP7,6,0
DUS345EJ2QP7,6,1
DUS345EJ2QP7,7,0
DUS345EJ2QP7,7,1
DUS345EJ2QP7,8,0
DUS345EJ2QP7,8,1
DUS345EJ2QP7,9,0
DUS345EJ2QP7,9,1
WMUL7843KZG4,1,0
WMUL7843KZG4,1,1
WMUL7843KZG4,2,0
WMUL7843KZG4,2,1
WMUL7843KZG4,3,0
WMUL7843KZG4,3,1
WMUL7843KZG4,4,0
WMUL7843KZG4,4,1
WMUL7843KZG4,5,0
WMUL7843KZG4,5,1
WMUL7843KZG4,6,0
WMUL7843KZG4,6,1
WMUL7843KZG4,7,0
WMUL7843KZG4,7,1
MF1AD43OBERR,1,0
MF1AD43OBERR,2,0
MF1AD43OBERR,3,0
H5NTAKWKQ0CX,1,0
H5NTAKWKQ0CX,2,0
H5NTAKWKQ0CX,3,0
H5NTAKWKQ0CX,4,0
H5NTAKWKQ0CX,5,0
H5NTAKWKQ0CX,6,0
H5NTAKWKQ0CX,7,0
H5NTAKWKQ0CX,8,0
H5NTAKWKQ0CX,9,0
H5NTAKWKQ0CX,10,0
H5NTAKWKQ0CX,11,0
H5NTAKWKQ0CX,12,0
H5NTAKWKQ0CX,13,0
H5NTAKWKQ0CX,14,0
H5NTAKWKQ0CX,15,0
H5NTAKWKQ0CX,16,0
H5NTAKWKQ0CX,17,0
H5NTAKWKQ0CX,18,0
H5NTAKWKQ0CX,19,0
7XC375QIQPXL,1,0
7XC375QIQPXL,2,0
7XC375QIQPXL,2,1
7XC375QIQPXL,3,0
7XC375QIQPXL,3,1
7XC375QIQPXL,4,0
7XC375QIQPXL,5,0
7XC375QIQPXL,6,0
7XC375QIQPXL,6,1
7XC375QIQPXL,7,0
7XC375QIQPXL,8,0
7XC375QIQPXL,9,0
7XC375QIQPXL,10,0
7XC375QIQPXL,11,0
7XC375QIQPXL,12,0
7XC375QIQPXL,13,0
7XC375QIQPXL,14,0
7XC375QIQPXL,15,0
7XC375QIQPXL,16,0
7XC375QIQPXL,17,0
7XC375QIQPXL,18,0
7XC375QIQPXL,18,1
7XC375QIQPXL,19,0
7XC375QIQPXL,20,0
7XC375QIQPXL,21,0
7XC375QIQPXL,22,0
7XC375QIQPXL,22,1
7XC375QIQPXL,23,0
7XC375QIQPXL,23,1
7XC375QIQPXL,24,0
7XC375QIQPXL,24,1
7XC375QIQPXL,25,0
L39DP8DMFZMM,1,0
L39DP8DMFZMM,1,1
L39DP8DMFZMM,2,0
L39DP8DMFZMM,2,1
C2KKPH310OGO,1,0
C2KKPH310OGO,1,1
C2KKPH310OGO,2,0
C2KKPH310OGO,2,1
C2KKPH310OGO,3,0
C2KKPH310OGO,3,2
C2KKPH310OGO,4,0
C2KKPH310OGO,4,1
C2KKPH310OGO,5,0
C2KKPH310OGO,5,2
C2KKPH310OGO,6,0
C2KKPH310OGO,6,1
0N0O7I76QO7O,1,0
0N0O7I76QO7O,1,1
0N0O7I76QO7O,2,0
0N0O7I76QO7O,2,1
0N0O7I76QO7O,3,0
0N0O7I76QO7O,3,1
0N0O7I76QO7O,4,0
0N0O7I76QO7O,4,1
0N0O7I76QO7O,5,0
0N0O7I76QO7O,5,1
0N0O7I76QO7O,6,0
0N0O7I76QO7O,6,1
0N0O7I76QO7O,7,0
0N0O7I76QO7O,7,1
0N0O7I76QO7O,8,0
0N0O7I76QO7O,8,1
0N0O7I76QO7O,9,0
0N0O7I76QO7O,9,1
0N0O7I76QO7O,10,0
0N0O7I76QO7O,10,1
0N0O7I76QO7O,11,0
0N0O7I76QO7O,11,1
0N0O7I76QO7O,12,0
0N0O7I76QO7O,12,1
0N0O7I76QO7O,13,0
0N0O7I76QO7O,13,1
0N0O7I76QO7O,14,0
0N0O7I76QO7O,14,1
0N0O7I76QO7O,15,0
0N0O7I76QO7O,15,1
0N0O7I76QO7O,16,0
0N0O7I76QO7O,16,1
0N0O7I76QO7O,17,0
0N0O7I76QO7O,17,1
0N0O7I76QO7O,18,0
0N0O7I76QO7O,18,1
0N0O7I76QO7O,19,0
0N0O7I76QO7O,19,1
0N0O7I76QO7O,20,0
0N0O7I76QO7O,20,1
0N0O7I76QO7O,21,0
0N0O7I76QO7O,21,1
0N0O7I76QO7O,22,0
0N0O7I76QO7O,22,1
0N0O7I76QO7O,23,0
0N0O7I76QO7O,23,1
0N0O7I76QO7O,24,0
0N0O7I76QO7O,24,1
IYWOACDIVUN9,1,0
IYWOACDIVUN9,1,1
IYWOACDIVUN9,1,2
IYWOACDIVUN9,1,3
IYWOACDIVUN9,2,0
IYWOACDIVUN9,2,1
IYWOACDIVUN9,2,2
VXLVZ2AOCS05,1,0
VXLVZ2AOCS05,1,2
VXLVZ2AOCS05,2,0
VXLVZ2AOCS05,2,2
VXLVZ2AOCS05,3,0
VXLVZ2AOCS05,3,2
VXLVZ2AOCS05,4,0
VXLVZ2AOCS05,4,2
VXLVZ2AOCS05,5,0
VXLVZ2AOCS05,5,2
VXLVZ2AOCS05,6,0
VXLVZ2AOCS05,6,2
VXLVZ2AOCS05,7,0
VXLVZ2AOCS05,7,1
VXLVZ2AOCS05,8,0
VXLVZ2AOCS05,8,1
VXLVZ2AOCS05,9,0
VXLVZ2AOCS05,9,1
VXLVZ2AOCS05,10,0
VXLVZ2AOCS05,10,2
VXLVZ2AOCS05,11,0
VXLVZ2AOCS05,11,2
VXLVZ2AOCS05,12,0
VXLVZ2AOCS05,12,2
VXLVZ2AOCS05,13,0
VXLVZ2AOCS05,13,2
VXLVZ2AOCS05,14,0
VXLVZ2AOCS05,14,2
VXLVZ2AOCS05,15,0
VXLVZ2AOCS05,15,2
VXLVZ2AOCS05,16,0
VXLVZ2AOCS05,16,2
VXLVZ2AOCS05,17,0
VXLVZ2AOCS05,17,2
VXLVZ2AOCS05,18,0
VXLVZ2AOCS05,18,2
VXLVZ2AOCS05,19,0
VXLVZ2AOCS05,19,2
VXLVZ2AOCS05,20,0
VXLVZ2AOCS05,20,2
VXLVZ2AOCS05,21,0
VXLVZ2AOCS05,21,1
VXLVZ2AOCS05,21,2
VXLVZ2AOCS05,22,0
VXLVZ2AOCS05,22,2
VXLVZ2AOCS05,23,0
VXLVZ2AOCS05,23,2
MF919YNFIBUS,1,0
MF919YNFIBUS,2,0
QR11G4KJ1Y78,1,0
QR11G4KJ1Y78,1,1
QR11G4KJ1Y78,1,2
QR11G4KJ1Y78,2,0
QR11G4KJ1Y78,2,1
QR11G4KJ1Y78,2,2
QR11G4KJ1Y78,3,0
QR11G4KJ1Y78,3,1
QR11G4KJ1Y78,3,2
QR11G4KJ1Y78,4,0
QR11G4KJ1Y78,4,1
QR11G4KJ1Y78,4,2
QR11G4KJ1Y78,5,0
QR11G4KJ1Y78,5,1
QR11G4KJ1Y78,5,2
QR11G4KJ1Y78,6,0
QR11G4KJ1Y78,6,1
QR11G4KJ1Y78,6,2
QR11G4KJ1Y78,7,0
QR11G4KJ1Y78,7,1
QR11G4KJ1Y78,7,2
QR11G4KJ1Y78,8,0
QR11G4KJ1Y78,8,1
QR11G4KJ1Y78,8,2
E1ROM7FKNRRT,1,0
E1ROM7FKNRRT,1,1
E1ROM7FKNRRT,2,0
E1ROM7FKNRRT,2,1
DYH3NAHALE50,1,0
DYH3NAHALE50,2,0
CE24VUTNGA78,1,0
CE24VUTNGA78,1,1
CE24VUTNGA78,2,0
CE24VUTNGA78,2,1
CE24VUTNGA78,3,0
CE24VUTNGA78,3,1
CE24VUTNGA78,4,0
CE24VUTNGA78,4,1
CE24VUTNGA78,5,0
CE24VUTNGA78,5,1
CE24VUTNGA78,6,0
CE24VUTNGA78,6,1
CE24VUTNGA78,7,0
CE24VUTNGA78,7,1
CE24VUTNGA78,8,0
CE24VUTNGA78,8,1
CE24VUTNGA78,9,0
CE24VUTNGA78,9,1
CE24VUTNGA78,10,0
CE24VUTNGA78,11,0
CE24VUTNGA78,12,0
CE24VUTNGA78,12,1
CE24VUTNGA78,13,0
CE24VUTNGA78,13,1
CE24VUTNGA78,14,0
CE24VUTNGA78,15,0
CE24VUTNGA78,15,1
CE24VUTNGA78,16,0
CE24VUTNGA78,17,0
CE24VUTNGA78,18,0
CE24VUTNGA78,19,0
CE24VUTNGA78,19,1
CE24VUTNGA78,20,0
CE24VUTNGA78,21,0
CE24VUTNGA78,21,1
CE24VUTNGA78,22,0
CE24VUTNGA78,23,0
CE24VUTNGA78,23,1
UBG9Q80VEGS0,1,0
UBG9Q80VEGS0,1,1
UBG9Q80VEGS0,2,0
UBG9Q80VEGS0,2,1
UBG9Q80VEGS0,3,0
UBG9Q80VEGS0,3,1
UBG9Q80VEGS0,4,0
UBG9Q80VEGS0,4,1
UBG9Q80VEGS0,5,0
UBG9Q80VEGS0,5,1
UBG9Q80VEGS0,6,0
UBG9Q80VEGS0,6,1
UBG9Q80VEGS0,7,0
UBG9Q80VEGS0,7,1
UBG9Q80VEGS0,8,0
UBG9Q80VEGS0,8,1
UBG9Q80VEGS0,9,0
UBG9Q80VEGS0,9,1
UBG9Q80VEGS0,10,0
UBG9Q80VEGS0,10,1
UBG9Q80VEGS0,11,0
UBG9Q80VEGS0,11,1
UBG9Q80VEGS0,12,0
UBG9Q80VEGS0,12,1
UBG9Q80VEGS0,13,0
UBG9Q80VEGS0,13,1
UBG9Q80VEGS0,14,0
UBG9Q80VEGS0,14,1
UBG9Q80VEGS0,15,0
UBG9Q80VEGS0,15,1
UBG9Q80VEGS0,16,0
UBG9Q80VEGS0,16,1
UBG9Q80VEGS0,17,0
UBG9Q80VEGS0,17,1
UBG9Q80VEGS0,18,0
UBG9Q80VEGS0,18,1
45BEYOPKUJBV,1,0
45BEYOPKUJBV,1,1
45BEYOPKUJBV,2,0
45BEYOPKUJBV,2,1
7V4CE5XMV1QV,1,0
7V4CE5XMV1QV,1,1
7V4CE5XMV1QV,2,0
F05X5OG00ZIV,1,0
F05X5OG00ZIV,2,0
VE146NXSAVD8,1,0
VE146NXSAVD8,2,0
Z637PNUJFX7H,1,0
Z637PNUJFX7H,2,0
Z637PNUJFX7H,3,0
Z637PNUJFX7H,4,0
Z637PNUJFX7H,5,0
Z637PNUJFX7H,6,0
Z637PNUJFX7H,7,0
4TVR6NKSO1SW,1,0
4TVR6NKSO1SW,1,1
4TVR6NKSO1SW,2,0
4TVR6NKSO1SW,2,1
4TVR6NKSO1SW,3,0
4TVR6NKSO1SW,3,1
4TVR6NKSO1SW,4,0
4TVR6NKSO1SW,4,1
4TVR6NKSO1SW,5,0
4TVR6NKSO1SW,6,0
4TVR6NKSO1SW,6,1
4TVR6NKSO1SW,7,0
4TVR6NKSO1SW,7,1
4TVR6NKSO1SW,8,0
4TVR6NKSO1SW,8,1
4TVR6NKSO1SW,9,0
4TVR6NKSO1SW,9,1
4TVR6NKSO1SW,10,0
4TVR6NKSO1SW,10,1
4TVR6NKSO1SW,11,0
4TVR6NKSO1SW,11,1
4TVR6NKSO1SW,12,0
4TVR6NKSO1SW,12,1
4TVR6NKSO1SW,13,0
4TVR6NKSO1SW,13,1
4TVR6NKSO1SW,14,0
4TVR6NKSO1SW,14,1
4TVR6NKSO1SW,15,0
4TVR6NKSO1SW,15,1
4TVR6NKSO1SW,16,0
4TVR6NKSO1SW,16,1
H9WTIURBYJHI,1,0
H9WTIURBYJHI,1,1
H9WTIURBYJHI,1,2
H9WTIURBYJHI,2,0
H9WTIURBYJHI,2,1
H9WTIURBYJHI,2,2
H9WTIURBYJHI,3,0
H9WTIURBYJHI,3,1
H9WTIURBYJHI,3,2
0CHPXQWZMN9S,1,0
0CHPXQWZMN9S,1,1
0CHPXQWZMN9S,1,2
0CHPXQWZMN9S,2,0
0CHPXQWZMN9S,2,1
0CHPXQWZMN9S,2,2
DF7R0JH3STSC,1,0
DF7R0JH3STSC,2,0
DF7R0JH3STSC,3,0
DF7R0JH3STSC,4,0
DF7R0JH3STSC,5,0
DF7R0JH3STSC,6,0
DF7R0JH3STSC,7,0
DF7R0JH3STSC,8,0
DF7R0JH3STSC,9,0
DF7R0JH3STSC,10,0
DF7R0JH3STSC,11,0
DF7R0JH3STSC,12,0
DF7R0JH3STSC,13,0
DF7R0JH3STSC,14,0
DF7R0JH3STSC,15,0
DF7R0JH3STSC,16,0
DF7R0JH3STSC,17,0
DF7R0JH3STSC,18,0
DF7R0JH3STSC,19,0
DF7R0JH3STSC,20,0
DF7R0JH3STSC,21,0
DF7R0JH3STSC,22,0
DF7R0JH3STSC,23,0
DF7R0JH3STSC,24,0
DF7R0JH3STSC,25,0
GA8FGVW5GZDM,1,0
GA8FGVW5GZDM,1,1
GA8FGVW5GZDM,2,0
GA8FGVW5GZDM,2,1
GA8FGVW5GZDM,3,0
GA8FGVW5GZDM,3,1
GA8FGVW5GZDM,4,0
GA8FGVW5GZDM,4,1
GA8FGVW5GZDM,5,0
GA8FGVW5GZDM,5,1
GA8FGVW5GZDM,6,0
GA8FGVW5GZDM,6,1
GA8FGVW5GZDM,7,0
GA8FGVW5GZDM,7,1
GA8FGVW5GZDM,8,0
GA8FGVW5GZDM,8,1
GA8FGVW5GZDM,9,0
GA8FGVW5GZDM,9,1
GA8FGVW5GZDM,10,0
GA8FGVW5GZDM,10,1
GA8FGVW5GZDM,11,0
GA8FGVW5GZDM,11,1
GA8FGVW5GZDM,12,0
GA8FGVW5GZDM,12,1
GA8FGVW5GZDM,13,0
GA8FGVW5GZDM,13,1
GA8FGVW5GZDM,14,0
GA8FGVW5GZDM,14,1
GA8FGVW5GZDM,15,0
GA8FGVW5GZDM,15,1
GA8FGVW5GZDM,16,0
GA8FGVW5GZDM,16,1
GA8FGVW5GZDM,17,0
GA8FGVW5GZDM,17,1
GA8FGVW5GZDM,18,0
GA8FGVW5GZDM,18,1
GA8FGVW5GZDM,19,0
GA8FGVW5GZDM,19,1
GA8FGVW5GZDM,20,0
GA8FGVW5GZDM,20,1
GA8FGVW5GZDM,21,0
GA8FGVW5GZDM,21,1
GA8FGVW5GZDM,22,0
GA8FGVW5GZDM,22,1
GA8FGVW5GZDM,23,0
GA8FGVW5GZDM,23,1
GA8FGVW5GZDM,24,0
GA8FGVW5GZDM,24,1
GA8FGVW5GZDM,25,0
GA8FGVW5GZDM,25,1
VML3U5DHWJYC,1,0
VML3U5DHWJYC,2,0
H9TA9PRVWUPN,1,0
H9TA9PRVWUPN,2,0
H9TA9PRVWUPN,2,1
H9TA9PRVWUPN,3,0
H9TA9PRVWUPN,4,0
H9TA9PRVWUPN,5,0
H9TA9PRVWUPN,6,0
H9TA9PRVWUPN,7,0
H9TA9PRVWUPN,8,0
H9TA9PRVWUPN,9,0
H9TA9PRVWUPN,10,0
H9TA9PRVWUPN,11,0
H9TA9PRVWUPN,11,1
H9TA9PRVWUPN,12,0
H9TA9PRVWUPN,13,0
H9TA9PRVWUPN,14,0
H9TA9PRVWUPN,15,0
H9TA9PRVWUPN,15,1
H9TA9PRVWUPN,16,0
H9TA9PRVWUPN,17,0
H9TA9PRVWUPN,18,0
H9TA9PRVWUPN,19,0
H9TA9PRVWUPN,20,0
H9TA9PRVWUPN,21,0
25S0V8AETSA4,1,0
25S0V8AETSA4,2,0
25S0V8AETSA4,3,0
25S0V8AETSA4,4,0
25S0V8AETSA4,5,0
25S0V8AETSA4,6,0
25S0V8AETSA4,7,0
25S0V8AETSA4,8,0
25S0V8AETSA4,8,1
25S0V8AETSA4,9,0
25S0V8AETSA4,10,0
25S0V8AETSA4,10,1
25S0V8AETSA4,11,0
25S0V8AETSA4,12,0
O54LD30K5JLX,1,0
O54LD30K5JLX,2,0
O54LD30K5JLX,3,0
O54LD30K5JLX,4,0
O54LD30K5JLX,5,0
O54LD30K5JLX,6,0
O54LD30K5JLX,6,1
O54LD30K5JLX,7,0
O54LD30K5JLX,8,0
O54LD30K5JLX,9,0
O54LD30K5JLX,10,0
O54LD30K5JLX,11,0
O54LD30K5JLX,12,0
O54LD30K5JLX,13,0
O54LD30K5JLX,14,0
O54LD30K5JLX,14,1
O54LD30K5JLX,15,0
O54LD30K5JLX,16,0
O54LD30K5JLX,17,0
O54LD30K5JLX,18,0
O54LD30K5JLX,18,1
O54LD30K5JLX,19,0
O54LD30K5JLX,20,0
O54LD30K5JLX,20,1
O54LD30K5JLX,21,0
O54LD30K5JLX,22,0
O54LD30K5JLX,23,0
HFE7UOVUWE60,1,0
HFE7UOVUWE60,1,1
HFE7UOVUWE60,2,0
HFE7UOVUWE60,2,1
HFE7UOVUWE60,3,0
HFE7UOVUWE60,3,1
HFE7UOVUWE60,4,0
HFE7UOVUWE60,4,1
HFE7UOVUWE60,5,0
HFE7UOVUWE60,5,1
HFE7UOVUWE60,6,0
HFE7UOVUWE60,6,1
HFE7UOVUWE60,7,0
HFE7UOVUWE60,7,1
HFE7UOVUWE60,8,0
HFE7UOVUWE60,8,1
HFE7UOVUWE60,9,0
HFE7UOVUWE60,9,1
HFE7UOVUWE60,10,0
HFE7UOVUWE60,10,1
HFE7UOVUWE60,11,0
HFE7UOVUWE60,11,1
HFE7UOVUWE60,12,0
HFE7UOVUWE60,12,1
HFE7UOVUWE60,13,0
HFE7UOVUWE60,13,1
HFE7UOVUWE60,14,0
HFE7UOVUWE60,14,1
HFE7UOVUWE60,15,0
HFE7UOVUWE60,16,0
HFE7UOVUWE60,16,1
HFE7UOVUWE60,17,0
HFE7UOVUWE60,17,1
HFE7UOVUWE60,18,0
HFE7UOVUWE60,18,1
HFE7UOVUWE60,19,0
HFE7UOVUWE60,19,1
HFE7UOVUWE60,20,0
HFE7UOVUWE60,20,1
HFE7UOVUWE60,21,0
HFE7UOVUWE60,22,0
HFE7UOVUWE60,22,1
HCYUV196S8Q7,1,0
HCYUV196S8Q7,1,1
HCYUV196S8Q7,2,0
HCYUV196S8Q7,2,1
HCYUV196S8Q7,3,0
HCYUV196S8Q7,3,1
HCYUV196S8Q7,4,0
HCYUV196S8Q7,4,1
HCYUV196S8Q7,5,0
HCYUV196S8Q7,5,1
HCYUV196S8Q7,6,0
HCYUV196S8Q7,6,1
HCYUV196S8Q7,7,0
HCYUV196S8Q7,7,1
HCYUV196S8Q7,8,0
HCYUV196S8Q7,8,1
HCYUV196S8Q7,9,0
HCYUV196S8Q7,9,1
HCYUV196S8Q7,10,0
HCYUV196S8Q7,10,1
HCYUV196S8Q7,11,0
HCYUV196S8Q7,11,1
HCYUV196S8Q7,12,0
HCYUV196S8Q7,12,1
HCYUV196S8Q7,13,0
HCYUV196S8Q7,13,1
HCYUV196S8Q7,14,0
HCYUV196S8Q7,14,1
XXBMQHMM3K2Z,1,0
XXBMQHMM3K2Z,1,1
XXBMQHMM3K2Z,2,0
XXBMQHMM3K2Z,2,1
XXBMQHMM3K2Z,2,2
XXBMQHMM3K2Z,3,0
XXBMQHMM3K2Z,3,1
XXBMQHMM3K2Z,3,2
XXBMQHMM3K2Z,4,0
XXBMQHMM3K2Z,4,1
XXBMQHMM3K2Z,4,2
XXBMQHMM3K2Z,5,0
XXBMQHMM3K2Z,5,1
XXBMQHMM3K2Z,5,2
XXBMQHMM3K2Z,6,0
XXBMQHMM3K2Z,6,1
XXBMQHMM3K2Z,7,0
XXBMQHMM3K2Z,7,1
XXBMQHMM3K2Z,7,2
XXBMQHMM3K2Z,8,0
XXBMQHMM3K2Z,8,1
XXBMQHMM3K2Z,8,2
XXBMQHMM3K2Z,9,0
XXBMQHMM3K2Z,9,1
XXBMQHMM3K2Z,10,0
XXBMQHMM3K2Z,10,1
XXBMQHMM3K2Z,10,2
XXBMQHMM3K2Z,11,0
XXBMQHMM3K2Z,11,1
XXBMQHMM3K2Z,11,2
XXBMQHMM3K2Z,12,0
XXBMQHMM3K2Z,12,1
XXBMQHMM3K2Z,12,2
XXBMQHMM3K2Z,13,0
XXBMQHMM3K2Z,13,1
XXBMQHMM3K2Z,14,0
XXBMQHMM3K2Z,14,1
XXBMQHMM3K2Z,14,2
XXBMQHMM3K2Z,15,0
XXBMQHMM3K2Z,15,2
XXBMQHMM3K2Z,16,0
XXBMQHMM3K2Z,16,1
XXBMQHMM3K2Z,16,2
XXBMQHMM3K2Z,17,0
XXBMQHMM3K2Z,17,2
XXBMQHMM3K2Z,18,0
XXBMQHMM3K2Z,18,1
XXBMQHMM3K2Z,18,2
XXBMQHMM3K2Z,19,0
XXBMQHMM3K2Z,19,1
XXBMQHMM3K2Z,20,0
XXBMQHMM3K2Z,20,1
XXBMQHMM3K2Z,20,2
8RA556B4MR9S,1,0
8RA556B4MR9S,1,1
8RA556B4MR9S,1,2
8RA556B4MR9S,2,0
8RA556B4MR9S,2,1
8RA556B4MR9S,2,2
8RA556B4MR9S,3,0
8RA556B4MR9S,3,1
8RA556B4MR9S,3,2
8RA556B4MR9S,4,0
8RA556B4MR9S,4,1
8RA556B4MR9S,4,2
8RA556B4MR9S,5,0
8RA556B4MR9S,5,1
8RA556B4MR9S,5,2
8RA556B4MR9S,6,0
8RA556B4MR9S,6,1
8RA556B4MR9S,6,2
8RA556B4MR9S,7,0
8RA556B4MR9S,7,1
8RA556B4MR9S,7,2
8RA556B4MR9S,8,0
8RA556B4MR9S,8,1
8RA556B4MR9S,8,2
8RA556B4MR9S,9,0
8RA556B4MR9S,9,1
8RA556B4MR9S,9,2
8RA556B4MR9S,10,0
8RA556B4MR9S,10,1
8RA556B4MR9S,10,2
8RA556B4MR9S,11,0
8RA556B4MR9S,11,1
8RA556B4MR9S,11,2
8RA556B4MR9S,12,0
8RA556B4MR9S,12,1
8RA556B4MR9S,12,2
8RA556B4MR9S,13,0
8RA556B4MR9S,13,1
8RA556B4MR9S,13,2
8RA556B4MR9S,14,0
8RA556B4MR9S,14,1
8RA556B4MR9S,14,2
8RA556B4MR9S,15,0
8RA556B4MR9S,15,1
8RA556B4MR9S,15,2
8RA556B4MR9S,16,0
8RA556B4MR9S,16,1
8RA556B4MR9S,16,2
8RA556B4MR9S,17,0
8RA556B4MR9S,17,1
8RA556B4MR9S,17,2
8RA556B4MR9S,18,0
8RA556B4MR9S,18,1
8RA556B4MR9S,18,2
8RA556B4MR9S,19,0
8RA556B4MR9S,19,1
8RA556B4MR9S,19,2
8RA556B4MR9S,20,0
8RA556B4MR9S,20,1
8RA556B4MR9S,20,2
68XIZVLRS08O,1,0
68XIZVLRS08O,1,2
68XIZVLRS08O,1,3
68XIZVLRS08O,2,0
68XIZVLRS08O,2,1
68XIZVLRS08O,2,2
68XIZVLRS08O,2,3
68XIZVLRS08O,3,0
68XIZVLRS08O,3,1
68XIZVLRS08O,3,2
68XIZVLRS08O,3,3
68XIZVLRS08O,4,0
68XIZVLRS08O,4,1
68XIZVLRS08O,4,2
68XIZVLRS08O,4,3
68XIZVLRS08O,5,0
68XIZVLRS08O,5,1
68XIZVLRS08O,5,2
68XIZVLRS08O,5,3
68XIZVLRS08O,6,0
68XIZVLRS08O,6,1
68XIZVLRS08O,6,2
68XIZVLRS08O,6,3
68XIZVLRS08O,7,0
68XIZVLRS08O,7,2
68XIZVLRS08O,7,3
68XIZVLRS08O,8,0
68XIZVLRS08O,8,1
68XIZVLRS08O,8,2
68XIZVLRS08O,8,3
68XIZVLRS08O,9,0
68XIZVLRS08O,9,2
68XIZVLRS08O,9,3
68XIZVLRS08O,10,0
68XIZVLRS08O,10,1
68XIZVLRS08O,10,2
68XIZVLRS08O,10,3
68XIZVLRS08O,11,0
68XIZVLRS08O,11,1
68XIZVLRS08O,11,2
68XIZVLRS08O,11,3
68XIZVLRS08O,12,0
68XIZVLRS08O,12,1
68XIZVLRS08O,12,2
68XIZVLRS08O,13,0
68XIZVLRS08O,13,2
68XIZVLRS08O,13,3
68XIZVLRS08O,14,0
68XIZVLRS08O,14,2
68XIZVLRS08O,14,3
68XIZVLRS08O,15,0
68XIZVLRS08O,15,1
68XIZVLRS08O,15,2
68XIZVLRS08O,16,0
68XIZVLRS08O,16,1
68XIZVLRS08O,16,2
68XIZVLRS08O,16,3
68XIZVLRS08O,17,0
68XIZVLRS08O,17,1
68XIZVLRS08O,17,2
68XIZVLRS08O,17,3
68XIZVLRS08O,18,0
68XIZVLRS08O,18,1
68XIZVLRS08O,18,2
68XIZVLRS08O,18,3
68XIZVLRS08O,19,0
68XIZVLRS08O,19,1
68XIZVLRS08O,19,2
68XIZVLRS08O,19,3
68XIZVLRS08O,20,0
68XIZVLRS08O,20,1
68XIZVLRS08O,20,2
68XIZVLRS08O,20,3
68XIZVLRS08O,21,0
68XIZVLRS08O,21,1
68XIZVLRS08O,21,2
68XIZVLRS08O,21,3
68XIZVLRS08O,22,0
68XIZVLRS08O,22,2
68XIZVLRS08O,22,3
68XIZVLRS08O,23,0
68XIZVLRS08O,23,1
68XIZVLRS08O,23,2
68XIZVLRS08O,23,3
I18HASUZVA7P,1,0
I18HASUZVA7P,1,1
I18HASUZVA7P,1,2
I18HASUZVA7P,2,0
I18HASUZVA7P,2,2
I18HASUZVA7P,2,3
I18HASUZVA7P,3,0
I18HASUZVA7P,3,1
I18HASUZVA7P,3,2
I18HASUZVA7P,3,3
I18HASUZVA7P,4,0
I18HASUZVA7P,4,2
I18HASUZVA7P,4,3
I18HASUZVA7P,5,0
I18HASUZVA7P,5,1
I18HASUZVA7P,5,2
I18HASUZVA7P,6,0
I18HASUZVA7P,6,2
I18HASUZVA7P,6,3
I18HASUZVA7P,7,0
I18HASUZVA7P,7,1
I18HASUZVA7P,7,2
I18HASUZVA7P,8,0
I18HASUZVA7P,8,2
I18HASUZVA7P,8,3
I18HASUZVA7P,9,0
I18HASUZVA7P,9,1
I18HASUZVA7P,9,2
I18HASUZVA7P,9,3
I18HASUZVA7P,10,0
I18HASUZVA7P,10,1
I18HASUZVA7P,10,2
I18HASUZVA7P,11,0
I18HASUZVA7P,11,2
I18HASUZVA7P,11,3
I18HASUZVA7P,12,0
I18HASUZVA7P,12,1
I18HASUZVA7P,12,2
I18HASUZVA7P,13,0
I18HASUZVA7P,13,1
I18HASUZVA7P,13,2
I18HASUZVA7P,14,0
I18HASUZVA7P,14,1
I18HASUZVA7P,14,2
I18HASUZVA7P,15,0
I18HASUZVA7P,15,1
I18HASUZVA7P,15,2
I18HASUZVA7P,15,3
I18HASUZVA7P,16,0
I18HASUZVA7P,16,1
I18HASUZVA7P,16,2
I18HASUZVA7P,17,0
I18HASUZVA7P,17,1
I18HASUZVA7P,17,2
I18HASUZVA7P,18,0
I18HASUZVA7P,18,2
I18HASUZVA7P,18,3
I18HASUZVA7P,19,0
I18HASUZVA7P,19,1
I18HASUZVA7P,19,2
I18HASUZVA7P,19,3
I18HASUZVA7P,20,0
I18HASUZVA7P,20,2
I18HASUZVA7P,20,3
35IK16AG4VOJ,1,0
35IK16AG4VOJ,1,1
35IK16AG4VOJ,2,0
35IK16AG4VOJ,2,1
35IK16AG4VOJ,3,0
35IK16AG4VOJ,3,1
35IK16AG4VOJ,4,0
35IK16AG4VOJ,4,1
35IK16AG4VOJ,5,0
35IK16AG4VOJ,5,1
UAY78JUNN4S2,1,0
UAY78JUNN4S2,1,2
UAY78JUNN4S2,1,3
UAY78JUNN4S2,2,0
UAY78JUNN4S2,2,1
UAY78JUNN4S2,2,3
UAY78JUNN4S2,3,0
UAY78JUNN4S2,3,1
UAY78JUNN4S2,3,3
UAY78JUNN4S2,4,0
UAY78JUNN4S2,4,2
UAY78JUNN4S2,4,3
UAY78JUNN4S2,5,0
UAY78JUNN4S2,5,1
UAY78JUNN4S2,5,2
UAY78JUNN4S2,5,3
UAY78JUNN4S2,6,0
UAY78JUNN4S2,6,2
UAY78JUNN4S2,6,3
UAY78JUNN4S2,7,0
UAY78JUNN4S2,7,2
UAY78JUNN4S2,7,3
UAY78JUNN4S2,8,0
UAY78JUNN4S2,8,1
UAY78JUNN4S2,8,3
UAY78JUNN4S2,9,0
UAY78JUNN4S2,9,1
UAY78JUNN4S2,9,3
3GLMHZNOLLJ3,1,0
3GLMHZNOLLJ3,1,1
3GLMHZNOLLJ3,2,0
3GLMHZNOLLJ3,2,1
3GLMHZNOLLJ3,3,0
3GLMHZNOLLJ3,3,1
3GLMHZNOLLJ3,4,0
3GLMHZNOLLJ3,4,1
3GLMHZNOLLJ3,5,0
3GLMHZNOLLJ3,5,1
3GLMHZNOLLJ3,6,0
3GLMHZNOLLJ3,6,1
3GLMHZNOLLJ3,7,0
3GLMHZNOLLJ3,7,1
3GLMHZNOLLJ3,8,0
3GLMHZNOLLJ3,8,1
3GLMHZNOLLJ3,9,0
3GLMHZNOLLJ3,9,1
3GLMHZNOLLJ3,10,0
3GLMHZNOLLJ3,10,1
3GLMHZNOLLJ3,11,0
3GLMHZNOLLJ3,11,1
3GLMHZNOLLJ3,12,0
3GLMHZNOLLJ3,12,1
3GLMHZNOLLJ3,13,0
3GLMHZNOLLJ3,13,1
3GLMHZNOLLJ3,14,0
3GLMHZNOLLJ3,14,1
3GLMHZNOLLJ3,15,0
3GLMHZNOLLJ3,15,1
3GLMHZNOLLJ3,16,0
3GLMHZNOLLJ3,16,1
3GLMHZNOLLJ3,17,0
3GLMHZNOLLJ3,17,1
JLDV1XOV6HOY,1,0
JLDV1XOV6HOY,2,0
JLDV1XOV6HOY,3,0
JLDV1XOV6HOY,4,0
JLDV1XOV6HOY,4,1
JLDV1XOV6HOY,5,0
JLDV1XOV6HOY,6,0
JLDV1XOV6HOY,7,0
JLDV1XOV6HOY,8,0
JLDV1XOV6HOY,9,0
JLDV1XOV6HOY,10,0
JLDV1XOV6HOY,11,0
JLDV1XOV6HOY,11,1
JLDV1XOV6HOY,12,0
JLDV1XOV6HOY,13,0
JLDV1XOV6HOY,13,1
JLDV1XOV6HOY,14,0
JLDV1XOV6HOY,15,0
JLDV1XOV6HOY,16,0
JLDV1XOV6HOY,17,0
JLDV1XOV6HOY,18,0
JLDV1XOV6HOY,18,1
NCMMQVATWNS0,1,0
NCMMQVATWNS0,1,1
NCMMQVATWNS0,2,0
NCMMQVATWNS0,3,0
NCMMQVATWNS0,3,1
NCMMQVATWNS0,4,0
NCMMQVATWNS0,4,1
NCMMQVATWNS0,5,0
NCMMQVATWNS0,6,0
NCMMQVATWNS0,6,1
NCMMQVATWNS0,7,0
NCMMQVATWNS0,8,0
NCMMQVATWNS0,9,0
NCMMQVATWNS0,10,0
NCMMQVATWNS0,10,1
ZOYIGFVRG0QM,1,0
ZOYIGFVRG0QM,1,1
ZOYIGFVRG0QM,1,2
ZOYIGFVRG0QM,2,0
ZOYIGFVRG0QM,2,1
ZOYIGFVRG0QM,2,2
WNJGPJ2VYTFS,1,0
WNJGPJ2VYTFS,1,1
WNJGPJ2VYTFS,2,0
WNJGPJ2VYTFS,2,1
WNJGPJ2VYTFS,3,0
WNJGPJ2VYTFS,3,1
WNJGPJ2VYTFS,4,0
WNJGPJ2VYTFS,4,1
WNJGPJ2VYTFS,5,0
WNJGPJ2VYTFS,5,2
WNJGPJ2VYTFS,6,0
WNJGPJ2VYTFS,6,1
WNJGPJ2VYTFS,7,0
WNJGPJ2VYTFS,7,2
WNJGPJ2VYTFS,8,0
WNJGPJ2VYTFS,8,2
64248NY3LC7Z,1,0
64248NY3LC7Z,1,1
64248NY3LC7Z,2,0
64248NY3LC7Z,2,1
64248NY3LC7Z,2,2
64248NY3LC7Z,3,0
64248NY3LC7Z,3,1
64248NY3LC7Z,4,0
64248NY3LC7Z,4,1
64248NY3LC7Z,5,0
64248NY3LC7Z,5,1
64248NY3LC7Z,6,0
64248NY3LC7Z,6,1
64248NY3LC7Z,7,0
64248NY3LC7Z,7,1
E8O26K4B4B6D,1,0
E8O26K4B4B6D,1,1
E8O26K4B4B6D,2,0
E8O26K4B4B6D,2,1
E8O26K4B4B6D,3,0
E8O26K4B4B6D,3,1
E8O26K4B4B6D,4,0
E8O26K4B4B6D,4,1
E8O26K4B4B6D,5,0
E8O26K4B4B6D,5,1
E8O26K4B4B6D,6,0
E8O26K4B4B6D,6,1
E8O26K4B4B6D,7,0
E8O26K4B4B6D,7,1
E8O26K4B4B6D,8,0
E8O26K4B4B6D,8,1
E8O26K4B4B6D,9,0
E8O26K4B4B6D,9,1
CDERHDLKJE4H,1,0
CDERHDLKJE4H,1,2
CDERHDLKJE4H,2,0
CDERHDLKJE4H,2,1
DCSYNDM2DP3H,1,0
DCSYNDM2DP3H,2,0
DCSYNDM2DP3H,2,1
DCSYNDM2DP3H,3,0
DCSYNDM2DP3H,4,0
DCSYNDM2DP3H,4,1
DCSYNDM2DP3H,5,0
51O4O6IPHXMV,1,0
51O4O6IPHXMV,1,2
51O4O6IPHXMV,2,0
51O4O6IPHXMV,2,2
51O4O6IPHXMV,3,0
51O4O6IPHXMV,3,2
51O4O6IPHXMV,4,0
51O4O6IPHXMV,4,2
51O4O6IPHXMV,5,0
51O4O6IPHXMV,6,0
51O4O6IPHXMV,6,2
51O4O6IPHXMV,7,0
51O4O6IPHXMV,7,2
51O4O6IPHXMV,8,0
51O4O6IPHXMV,8,2
51O4O6IPHXMV,9,0
51O4O6IPHXMV,9,2
51O4O6IPHXMV,10,0
51O4O6IPHXMV,10,2
51O4O6IPHXMV,11,0
51O4O6IPHXMV,11,2
L8TJI5BIFX1Q,1,0
L8TJI5BIFX1Q,1,1
L8TJI5BIFX1Q,2,0
L8TJI5BIFX1Q,2,1
L8TJI5BIFX1Q,3,0
L8TJI5BIFX1Q,3,1
L8TJI5BIFX1Q,4,0
L8TJI5BIFX1Q,4,1
54I0IZSMR1WX,1,0
54I0IZSMR1WX,2,0
N1ACNK3DPAGE,1,0
N1ACNK3DPAGE,1,2
N1ACNK3DPAGE,2,0
N1ACNK3DPAGE,2,2
N1ACNK3DPAGE,3,0
N1ACNK3DPAGE,3,2
N1ACNK3DPAGE,4,0
N1ACNK3DPAGE,4,2
N1ACNK3DPAGE,5,0
N1ACNK3DPAGE,5,2
N1ACNK3DPAGE,6,0
N1ACNK3DPAGE,6,2
N1ACNK3DPAGE,7,0
N1ACNK3DPAGE,8,0
N1ACNK3DPAGE,8,2
N1ACNK3DPAGE,9,0
N1ACNK3DPAGE,9,2
N1ACNK3DPAGE,10,0
N1ACNK3DPAGE,10,2
N1ACNK3DPAGE,11,0
N1ACNK3DPAGE,11,2
JHWLH1XEMZ0M,1,0
JHWLH1XEMZ0M,1,1
JHWLH1XEMZ0M,2,0
JHWLH1XEMZ0M,2,1
T78QVEHYB3Z8,1,0
T78QVEHYB3Z8,2,0
T78QVEHYB3Z8,3,0
T78QVEHYB3Z8,4,0
T78QVEHYB3Z8,5,0
T78QVEHYB3Z8,6,0
T78QVEHYB3Z8,7,0
T78QVEHYB3Z8,8,0
T78QVEHYB3Z8,9,0
T78QVEHYB3Z8,10,0
T78QVEHYB3Z8,11,0
T78QVEHYB3Z8,12,0
T78QVEHYB3Z8,13,0
T78QVEHYB3Z8,14,0
T78QVEHYB3Z8,15,0
T78QVEHYB3Z8,16,0
T78QVEHYB3Z8,17,0
T78QVEHYB3Z8,18,0
T78QVEHYB3Z8,19,0
9BJ3ALUA3ZGD,1,0
9BJ3ALUA3ZGD,2,0
9BJ3ALUA3ZGD,3,0
9BJ3ALUA3ZGD,4,0
9BJ3ALUA3ZGD,5,0
9BJ3ALUA3ZGD,6,0
9BJ3ALUA3ZGD,7,0
9BJ3ALUA3ZGD,8,0
9BJ3ALUA3ZGD,9,0
9BJ3ALUA3ZGD,10,0
J8T0G0JWQN7U,1,0
J8T0G0JWQN7U,1,1
J8T0G0JWQN7U,2,0
J8T0G0JWQN7U,2,1
J8T0G0JWQN7U,3,0
J8T0G0JWQN7U,3,1
J8T0G0JWQN7U,4,0
J8T0G0JWQN7U,4,1
J8T0G0JWQN7U,5,0
J8T0G0JWQN7U,5,1
J8T0G0JWQN7U,6,0
J8T0G0JWQN7U,6,1
J8T0G0JWQN7U,7,0
J8T0G0JWQN7U,7,1
J8T0G0JWQN7U,8,0
J8T0G0JWQN7U,8,1
J8T0G0JWQN7U,9,0
J8T0G0JWQN7U,9,1
J8T0G0JWQN7U,10,0
J8T0G0JWQN7U,10,1
J8T0G0JWQN7U,11,0
J8T0G0JWQN7U,11,1
J8T0G0JWQN7U,12,0
J8T0G0JWQN7U,12,1
J8T0G0JWQN7U,13,0
J8T0G0JWQN7U,13,1
J8T0G0JWQN7U,14,0
J8T0G0JWQN7U,15,0
J8T0G0JWQN7U,15,1
J8T0G0JWQN7U,16,0
J8T0G0JWQN7U,16,1
XGV5570NOVCB,1,0
XGV5570NOVCB,1,1
XGV5570NOVCB,2,0
XGV5570NOVCB,2,1
XGV5570NOVCB,3,0
XGV5570NOVCB,3,1
XGV5570NOVCB,4,0
XGV5570NOVCB,4,1
XGV5570NOVCB,5,0
XGV5570NOVCB,5,1
XGV5570NOVCB,6,0
XGV5570NOVCB,6,1
XGV5570NOVCB,7,0
XGV5570NOVCB,7,1
XGV5570NOVCB,8,0
XGV5570NOVCB,8,1
XGV5570NOVCB,9,0
XGV5570NOVCB,9,1
XGV5570NOVCB,10,0
XGV5570NOVCB,10,1
XGV5570NOVCB,11,0
XGV5570NOVCB,11,1
XGV5570NOVCB,12,0
XGV5570NOVCB,12,1
XGV5570NOVCB,13,0
XGV5570NOVCB,13,1
XGV5570NOVCB,14,0
XGV5570NOVCB,14,1
XGV5570NOVCB,15,0
XGV5570NOVCB,15,1
JZXF564YS54H,1,0
JZXF564YS54H,2,0
JZXF564YS54H,3,0
JZXF564YS54H,4,0
JZXF564YS54H,5,0
JZXF564YS54H,5,2
JZXF564YS54H,6,0
JZXF564YS54H,6,2
JZXF564YS54H,7,0
JZXF564YS54H,8,0
JZXF564YS54H,8,2
JZXF564YS54H,9,0
JZXF564YS54H,10,0
JZXF564YS54H,11,0
JZXF564YS54H,11,2
JZXF564YS54H,12,0
BNZ753DHFGFP,1,0
BNZ753DHFGFP,1,1
BNZ753DHFGFP,2,0
BNZ753DHFGFP,2,2
SO3DFZZ47FXX,1,0
SO3DFZZ47FXX,1,1
SO3DFZZ47FXX,2,0
SO3DFZZ47FXX,3,0
SO3DFZZ47FXX,3,1
SO3DFZZ47FXX,4,0
SO3DFZZ47FXX,4,1
SO3DFZZ47FXX,5,0
SO3DFZZ47FXX,5,1
SO3DFZZ47FXX,6,0
SO3DFZZ47FXX,6,1
SO3DFZZ47FXX,7,0
SO3DFZZ47FXX,8,0
SO3DFZZ47FXX,8,1
SO3DFZZ47FXX,9,0
SO3DFZZ47FXX,9,1
SO3DFZZ47FXX,10,0
SO3DFZZ47FXX,10,1
SO3DFZZ47FXX,11,0
SO3DFZZ47FXX,11,1
SO3DFZZ47FXX,12,0
SO3DFZZ47FXX,12,1
SO3DFZZ47FXX,13,0
SO3DFZZ47FXX,13,1
SO3DFZZ47FXX,14,0
XXGXHXWYO8PO,1,0
XXGXHXWYO8PO,2,0
5N23DCG96LR7,1,0
5N23DCG96LR7,1,1
5N23DCG96LR7,2,0
OU1Y76UJY8IP,1,0
OU1Y76UJY8IP,1,1
OU1Y76UJY8IP,2,0
OU1Y76UJY8IP,2,1
CW5REN1JKN2E,1,0
CW5REN1JKN2E,2,0
CW5REN1JKN2E,3,0
CW5REN1JKN2E,4,0
CW5REN1JKN2E,5,0
CW5REN1JKN2E,6,0
CW5REN1JKN2E,7,0
CW5REN1JKN2E,8,0
CW5REN1JKN2E,9,0
CW5REN1JKN2E,10,0
CW5REN1JKN2E,11,0
CW5REN1JKN2E,12,0
CW5REN1JKN2E,13,0
CW5REN1JKN2E,14,0
CW5REN1JKN2E,15,0
CW5REN1JKN2E,16,0
CW5REN1JKN2E,17,0
NO11SK30AHWA,1,0
NO11SK30AHWA,1,1
NO11SK30AHWA,2,0
NO11SK30AHWA,2,1
NO11SK30AHWA,3,0
NO11SK30AHWA,3,1
NO11SK30AHWA,4,0
NO11SK30AHWA,4,1
NO11SK30AHWA,5,0
NO11SK30AHWA,5,1
NO11SK30AHWA,6,0
NO11SK30AHWA,6,1
NO11SK30AHWA,7,0
NO11SK30AHWA,7,1
NO11SK30AHWA,8,0
NO11SK30AHWA,8,1
NO11SK30AHWA,9,0
NO11SK30AHWA,9,1
NO11SK30AHWA,10,0
NO11SK30AHWA,10,1
NO11SK30AHWA,11,0
NO11SK30AHWA,11,1
NO11SK30AHWA,12,0
NO11SK30AHWA,12,1
NO11SK30AHWA,13,0
NO11SK30AHWA,13,1
NO11SK30AHWA,14,0
NO11SK30AHWA,14,1
YWL2P082WS5G,1,0
YWL2P082WS5G,1,1
YWL2P082WS5G,1,2
YWL2P082WS5G,2,0
YWL2P082WS5G,2,1
YWL2P082WS5G,2,2
ANZJG34B2P2P,1,0
ANZJG34B2P2P,1,1
ANZJG34B2P2P,2,0
ANZJG34B2P2P,2,1
ANZJG34B2P2P,3,0
ANZJG34B2P2P,3,1
ANZJG34B2P2P,4,0
ANZJG34B2P2P,4,1
ANZJG34B2P2P,5,0
ANZJG34B2P2P,5,1
ANZJG34B2P2P,6,0
ANZJG34B2P2P,6,1
ANZJG34B2P2P,7,0
ANZJG34B2P2P,7,1
ANZJG34B2P2P,8,0
ANZJG34B2P2P,8,1
ANZJG34B2P2P,9,0
ANZJG34B2P2P,9,1
ANZJG34B2P2P,10,0
ANZJG34B2P2P,10,1
ANZJG34B2P2P,11,0
ANZJG34B2P2P,11,1
ANZJG34B2P2P,12,0
ANZJG34B2P2P,12,1
ANZJG34B2P2P,13,0
ANZJG34B2P2P,13,1
ANZJG34B2P2P,14,0
ANZJG34B2P2P,14,1
ANZJG34B2P2P,15,0
ANZJG34B2P2P,15,1
ANZJG34B2P2P,16,0
ANZJG34B2P2P,16,1
PMABSWH800O7,1,0
PMABSWH800O7,2,0
PMABSWH800O7,2,2
PMABSWH800O7,3,0
PMABSWH800O7,3,2
PMABSWH800O7,4,0
PMABSWH800O7,5,0
PMABSWH800O7,5,2
A6TUR7F4EUO2,1,0
A6TUR7F4EUO2,2,0
A6TUR7F4EUO2,3,0
A6TUR7F4EUO2,3,2
A6TUR7F4EUO2,4,0
A6TUR7F4EUO2,5,0
A6TUR7F4EUO2,5,2
A6TUR7F4EUO2,6,0
A6TUR7F4EUO2,7,0
A6TUR7F4EUO2,8,0
A6TUR7F4EUO2,8,2
A6TUR7F4EUO2,9,0
A6TUR7F4EUO2,9,2
A6TUR7F4EUO2,10,0
A6TUR7F4EUO2,11,0
A6TUR7F4EUO2,12,0
A6TUR7F4EUO2,12,2
A6TUR7F4EUO2,13,0
A6TUR7F4EUO2,13,2
A6TUR7F4EUO2,14,0
A6TUR7F4EUO2,14,2
A6TUR7F4EUO2,15,0
A6TUR7F4EUO2,15,2
A6TUR7F4EUO2,16,0
A6TUR7F4EUO2,16,2
A6TUR7F4EUO2,17,0
A6TUR7F4EUO2,17,2
A6TUR7F4EUO2,18,0
A6TUR7F4EUO2,18,2
A6TUR7F4EUO2,19,0
A6TUR7F4EUO2,20,0
A6TUR7F4EUO2,20,2
A6TUR7F4EUO2,21,0
A6TUR7F4EUO2,21,2
A6TUR7F4EUO2,22,0
A6TUR7F4EUO2,22,2
A6TUR7F4EUO2,23,0
A6TUR7F4EUO2,23,2
A6TUR7F4EUO2,24,0
A6TUR7F4EUO2,24,2
VUMOIQNRCJPS,1,0
VUMOIQNRCJPS,1,1
VUMOIQNRCJPS,2,0
VUMOIQNRCJPS,3,0
VUMOIQNRCJPS,4,0
VUMOIQNRCJPS,4,1
VUMOIQNRCJPS,5,0
VUMOIQNRCJPS,6,0
VUMOIQNRCJPS,6,1
VUMOIQNRCJPS,7,0
VUMOIQNRCJPS,8,0
VUMOIQNRCJPS,9,0
VUMOIQNRCJPS,9,1
VUMOIQNRCJPS,10,0
VUMOIQNRCJPS,11,0
VUMOIQNRCJPS,11,1
VUMOIQNRCJPS,12,0
VUMOIQNRCJPS,13,0
VUMOIQNRCJPS,14,0
VUMOIQNRCJPS,14,1
VUMOIQNRCJPS,15,0
VUMOIQNRCJPS,15,1
VUMOIQNRCJPS,16,0
R9VALN53QD1M,1,0
R9VALN53QD1M,1,1
R9VALN53QD1M,2,0
R9VALN53QD1M,2,1
R9VALN53QD1M,3,0
R9VALN53QD1M,3,1
R9VALN53QD1M,4,0
R9VALN53QD1M,4,1
R9VALN53QD1M,5,0
R9VALN53QD1M,5,1
R9VALN53QD1M,6,0
R9VALN53QD1M,6,1
R9VALN53QD1M,7,0
R9VALN53QD1M,7,1
R9VALN53QD1M,8,0
R9VALN53QD1M,8,1
6AOU6CE4J1R1,1,0
6AOU6CE4J1R1,2,0
6AOU6CE4J1R1,3,0
6AOU6CE4J1R1,4,0
6AOU6CE4J1R1,5,0
6AOU6CE4J1R1,6,0
6AOU6CE4J1R1,7,0
V5JH6ZE8ILCA,1,0
V5JH6ZE8ILCA,1,1
V5JH6ZE8ILCA,1,2
V5JH6ZE8ILCA,2,0
V5JH6ZE8ILCA,2,1
V5JH6ZE8ILCA,3,0
V5JH6ZE8ILCA,3,1
V5JH6ZE8ILCA,3,2
V5JH6ZE8ILCA,4,0
V5JH6ZE8ILCA,4,1
V5JH6ZE8ILCA,4,2
V5JH6ZE8ILCA,5,0
V5JH6ZE8ILCA,5,2
V5JH6ZE8ILCA,6,0
V5JH6ZE8ILCA,6,1
V5JH6ZE8ILCA,6,2
V5JH6ZE8ILCA,7,0
V5JH6ZE8ILCA,7,2
V5JH6ZE8ILCA,8,0
V5JH6ZE8ILCA,8,1
V5JH6ZE8ILCA,8,2
V5JH6ZE8ILCA,9,0
V5JH6ZE8ILCA,9,1
V5JH6ZE8ILCA,9,2
V5JH6ZE8ILCA,10,0
V5JH6ZE8ILCA,10,1
V5JH6ZE8ILCA,11,0
V5JH6ZE8ILCA,11,1
V5JH6ZE8ILCA,11,2
V5JH6ZE8ILCA,12,0
V5JH6ZE8ILCA,12,2
V5JH6ZE8ILCA,13,0
V5JH6ZE8ILCA,13,2
V5JH6ZE8ILCA,14,0
V5JH6ZE8ILCA,14,1
V5JH6ZE8ILCA,14,2
V5JH6ZE8ILCA,15,0
V5JH6ZE8ILCA,15,1
V5JH6ZE8ILCA,15,2
V5JH6ZE8ILCA,16,0
V5JH6ZE8ILCA,16,1
V5JH6ZE8ILCA,16,2
V5JH6ZE8ILCA,17,0
V5JH6ZE8ILCA,17,1
V5JH6ZE8ILCA,18,0
V5JH6ZE8ILCA,18,1
V5JH6ZE8ILCA,18,2
V5JH6ZE8ILCA,19,0
V5JH6ZE8ILCA,19,1
V5JH6ZE8ILCA,19,2
V5JH6ZE8ILCA,20,0
V5JH6ZE8ILCA,20,1
V5JH6ZE8ILCA,20,2
V5JH6ZE8ILCA,21,0
V5JH6ZE8ILCA,21,2
OJWPQYT4I400,1,0
OJWPQYT4I400,1,2
OJWPQYT4I400,2,0
OJWPQYT4I400,2,2
OJWPQYT4I400,3,0
OJWPQYT4I400,3,2
OJWPQYT4I400,4,0
OJWPQYT4I400,4,2
OJWPQYT4I400,5,0
OJWPQYT4I400,5,2
OJWPQYT4I400,6,0
OJWPQYT4I400,6,2
OJWPQYT4I400,7,0
OJWPQYT4I400,7,2
OJWPQYT4I400,8,0
OJWPQYT4I400,8,2
OJWPQYT4I400,9,0
OJWPQYT4I400,9,2
OJWPQYT4I400,10,0
OJWPQYT4I400,10,2
OJWPQYT4I400,11,0
OJWPQYT4I400,11,2
OJWPQYT4I400,12,0
OJWPQYT4I400,12,2
OJWPQYT4I400,13,0
OJWPQYT4I400,13,2
OJWPQYT4I400,14,0
OJWPQYT4I400,14,2
OJWPQYT4I400,15,0
OJWPQYT4I400,15,2
OJWPQYT4I400,16,0
OJWPQYT4I400,16,2
OJWPQYT4I400,17,0
OJWPQYT4I400,17,2
ZHP2YFQVETO8,1,0
ZHP2YFQVETO8,1,2
ZHP2YFQVETO8,2,0
ZHP2YFQVETO8,2,2
ZHP2YFQVETO8,3,0
ZHP2YFQVETO8,3,2
ZHP2YFQVETO8,4,0
ZHP2YFQVETO8,4,2
ZHP2YFQVETO8,5,0
ZHP2YFQVETO8,5,2
ZHP2YFQVETO8,6,0
ZHP2YFQVETO8,6,2
ZHP2YFQVETO8,7,0
ZHP2YFQVETO8,7,2
ZHP2YFQVETO8,8,0
ZHP2YFQVETO8,8,2
ZHP2YFQVETO8,9,0
ZHP2YFQVETO8,9,2
ZHP2YFQVETO8,10,0
ZHP2YFQVETO8,10,2
ZHP2YFQVETO8,11,0
ZHP2YFQVETO8,11,2
ZHP2YFQVETO8,12,0
ZHP2YFQVETO8,12,2
ZHP2YFQVETO8,13,0
ZHP2YFQVETO8,13,2
ZHP2YFQVETO8,14,0
ZHP2YFQVETO8,14,2
ZHP2YFQVETO8,15,0
ZHP2YFQVETO8,15,2
ZHP2YFQVETO8,16,0
ZHP2YFQVETO8,16,2
ZHP2YFQVETO8,17,0
ZHP2YFQVETO8,17,2
J9HMKY41SJM2,1,0
J9HMKY41SJM2,1,1
J9HMKY41SJM2,2,0
J9HMKY41SJM2,2,1
4ZRL0H1AG8JH,1,0
4ZRL0H1AG8JH,1,1
4ZRL0H1AG8JH,2,0
4ZRL0H1AG8JH,2,1
4ZRL0H1AG8JH,3,0
4ZRL0H1AG8JH,3,1
4ZRL0H1AG8JH,4,0
4ZRL0H1AG8JH,4,1
4ZRL0H1AG8JH,5,0
4ZRL0H1AG8JH,5,1
4ZRL0H1AG8JH,6,0
4ZRL0H1AG8JH,6,1
ZK4PYHAOI8RO,1,0
ZK4PYHAOI8RO,2,0
ZK4PYHAOI8RO,3,0
ZK4PYHAOI8RO,4,0
ZK4PYHAOI8RO,5,0
ZK4PYHAOI8RO,6,0
ZK4PYHAOI8RO,7,0
ZK4PYHAOI8RO,8,0
ZK4PYHAOI8RO,9,0
ZK4PYHAOI8RO,10,0
ZK4PYHAOI8RO,11,0
ZK4PYHAOI8RO,12,0
ZK4PYHAOI8RO,13,0
ZK4PYHAOI8RO,14,0
ZK4PYHAOI8RO,15,0
ZK4PYHAOI8RO,16,0
ZK4PYHAOI8RO,17,0
ZK4PYHAOI8RO,18,0
ZK4PYHAOI8RO,19,0
ZK4PYHAOI8RO,20,0
ZK4PYHAOI8RO,21,0
ZK4PYHAOI8RO,22,0
ZK4PYHAOI8RO,23,0
ZK4PYHAOI8RO,24,0
MNMFVKBUH7NR,1,0
MNMFVKBUH7NR,1,2
MNMFVKBUH7NR,2,0
MNMFVKBUH7NR,2,1
MNMFVKBUH7NR,3,0
MNMFVKBUH7NR,3,1
MNMFVKBUH7NR,4,0
MNMFVKBUH7NR,4,1
MNMFVKBUH7NR,5,0
MNMFVKBUH7NR,5,1
MNMFVKBUH7NR,6,0
MNMFVKBUH7NR,6,1
MNMFVKBUH7NR,7,0
MNMFVKBUH7NR,7,2
MNMFVKBUH7NR,8,0
MNMFVKBUH7NR,8,1
MNMFVKBUH7NR,8,2
MNMFVKBUH7NR,9,0
MNMFVKBUH7NR,9,1
MNMFVKBUH7NR,9,2
MNMFVKBUH7NR,10,0
MNMFVKBUH7NR,10,1
MNMFVKBUH7NR,11,0
MNMFVKBUH7NR,11,1
MNMFVKBUH7NR,12,0
MNMFVKBUH7NR,12,1
MNMFVKBUH7NR,13,0
MNMFVKBUH7NR,13,1
MNMFVKBUH7NR,14,0
MNMFVKBUH7NR,14,1
MNMFVKBUH7NR,14,2
MNMFVKBUH7NR,15,0
MNMFVKBUH7NR,15,1
MNMFVKBUH7NR,15,2
MNMFVKBUH7NR,16,0
MNMFVKBUH7NR,16,2
MNMFVKBUH7NR,17,0
MNMFVKBUH7NR,17,1
MNMFVKBUH7NR,17,2
MNMFVKBUH7NR,18,0
MNMFVKBUH7NR,18,1
MNMFVKBUH7NR,18,2
MNMFVKBUH7NR,19,0
MNMFVKBUH7NR,19,1
MNMFVKBUH7NR,19,2
ZZ8T8K556LZE,1,0
ZZ8T8K556LZE,1,1
ZZ8T8K556LZE,2,0
ZZ8T8K556LZE,2,1
ZZ8T8K556LZE,3,0
ZZ8T8K556LZE,4,0
ZZ8T8K556LZE,4,1
ZZ8T8K556LZE,5,0
ZZ8T8K556LZE,5,1
ZZ8T8K556LZE,6,0
ZZ8T8K556LZE,7,0
ZZ8T8K556LZE,8,0
ZZ8T8K556LZE,8,1
ZZ8T8K556LZE,9,0
ZZ8T8K556LZE,9,1
ZZ8T8K556LZE,10,0
ZZ8T8K556LZE,10,1
ZZ8T8K556LZE,11,0
ZZ8T8K556LZE,11,1
ZZ8T8K556LZE,12,0
ZZ8T8K556LZE,12,1
ZZ8T8K556LZE,13,0
ZZ8T8K556LZE,13,1
ZZ8T8K556LZE,14,0
ZZ8T8K556LZE,14,1
SFEH89S13TTJ,1,0
SFEH89S13TTJ,2,0
SFEH89S13TTJ,3,0
SFEH89S13TTJ,4,0
SFEH89S13TTJ,5,0
SFEH89S13TTJ,6,0
SFEH89S13TTJ,7,0
SFEH89S13TTJ,8,0
9CYQWBJSMVVC,1,0
9CYQWBJSMVVC,1,1
9CYQWBJSMVVC,2,0
9CYQWBJSMVVC,2,1
9CYQWBJSMVVC,3,0
9CYQWBJSMVVC,3,1
9CYQWBJSMVVC,4,0
9CYQWBJSMVVC,4,1
9CYQWBJSMVVC,5,0
9CYQWBJSMVVC,5,1
9CYQWBJSMVVC,6,0
9CYQWBJSMVVC,6,1
9CYQWBJSMVVC,7,0
9CYQWBJSMVVC,7,1
9CYQWBJSMVVC,8,0
9CYQWBJSMVVC,8,1
9CYQWBJSMVVC,9,0
9CYQWBJSMVVC,9,1
9CYQWBJSMVVC,10,0
9CYQWBJSMVVC,10,1
9CYQWBJSMVVC,11,0
9CYQWBJSMVVC,11,1
9CYQWBJSMVVC,12,0
9CYQWBJSMVVC,12,1
PNOQ47EI8N0B,1,0
PNOQ47EI8N0B,1,1
PNOQ47EI8N0B,1,2
PNOQ47EI8N0B,2,0
PNOQ47EI8N0B,2,1
PNOQ47EI8N0B,2,2
PNOQ47EI8N0B,3,0
PNOQ47EI8N0B,3,1
PNOQ47EI8N0B,3,2
PNOQ47EI8N0B,4,0
PNOQ47EI8N0B,4,1
PNOQ47EI8N0B,4,2
11LWDYU9AFS6,1,0
11LWDYU9AFS6,1,1
11LWDYU9AFS6,1,2
11LWDYU9AFS6,2,0
11LWDYU9AFS6,2,1
11LWDYU9AFS6,2,2
11LWDYU9AFS6,3,0
11LWDYU9AFS6,3,1
11LWDYU9AFS6,3,2
11LWDYU9AFS6,4,0
11LWDYU9AFS6,4,2
11LWDYU9AFS6,5,0
11LWDYU9AFS6,5,1
11LWDYU9AFS6,5,2
11LWDYU9AFS6,6,0
11LWDYU9AFS6,6,1
11LWDYU9AFS6,6,2
11LWDYU9AFS6,7,0
11LWDYU9AFS6,7,2
11LWDYU9AFS6,8,0
11LWDYU9AFS6,8,1
11LWDYU9AFS6,8,2
11LWDYU9AFS6,9,0
11LWDYU9AFS6,9,1
11LWDYU9AFS6,9,2
FER49KFRFM69,1,0
FER49KFRFM69,1,2
FER49KFRFM69,2,0
FER49KFRFM69,2,2
FER49KFRFM69,3,0
FER49KFRFM69,3,2
FER49KFRFM69,4,0
FER49KFRFM69,4,2
FER49KFRFM69,5,0
FER49KFRFM69,5,2
FER49KFRFM69,6,0
FER49KFRFM69,6,2
FER49KFRFM69,7,0
FER49KFRFM69,8,0
FER49KFRFM69,8,2
FER49KFRFM69,9,0
FER49KFRFM69,9,2
FER49KFRFM69,10,0
FER49KFRFM69,10,2
67NPPIEN998S,1,0
67NPPIEN998S,1,1
67NPPIEN998S,2,0
67NPPIEN998S,2,1
SJ878XJ30H1V,1,0
SJ878XJ30H1V,2,0
SJ878XJ30H1V,2,1
QW9RZNN1HBGW,1,0
QW9RZNN1HBGW,1,1
QW9RZNN1HBGW,2,0
QW9RZNN1HBGW,2,1
QW9RZNN1HBGW,3,0
QW9RZNN1HBGW,3,1
QW9RZNN1HBGW,4,0
QW9RZNN1HBGW,4,1
QW9RZNN1HBGW,5,0
QW9RZNN1HBGW,5,1
QW9RZNN1HBGW,6,0
QW9RZNN1HBGW,6,1
QW9RZNN1HBGW,7,0
QW9RZNN1HBGW,7,1
QW9RZNN1HBGW,8,0
QW9RZNN1HBGW,8,1
QW9RZNN1HBGW,9,0
QW9RZNN1HBGW,9,1
QW9RZNN1HBGW,10,0
QW9RZNN1HBGW,10,1
QW9RZNN1HBGW,11,0
QW9RZNN1HBGW,11,1
RAQALIHXAA7C,1,0
RAQALIHXAA7C,1,2
RAQALIHXAA7C,1,3
RAQALIHXAA7C,2,0
RAQALIHXAA7C,2,2
RAQALIHXAA7C,2,3
RAQALIHXAA7C,3,0
RAQALIHXAA7C,3,2
RAQALIHXAA7C,3,3
RAQALIHXAA7C,4,0
RAQALIHXAA7C,4,2
RAQALIHXAA7C,4,3
RAQALIHXAA7C,5,0
RAQALIHXAA7C,5,2
RAQALIHXAA7C,5,3
RAQALIHXAA7C,6,0
RAQALIHXAA7C,6,1
RAQALIHXAA7C,6,2
RAQALIHXAA7C,6,3
RAQALIHXAA7C,7,0
RAQALIHXAA7C,7,2
RAQALIHXAA7C,7,3
RAQALIHXAA7C,8,0
RAQALIHXAA7C,8,2
RAQALIHXAA7C,8,3
RAQALIHXAA7C,9,0
RAQALIHXAA7C,9,1
RAQALIHXAA7C,9,2
RAQALIHXAA7C,9,3
RAQALIHXAA7C,10,0
RAQALIHXAA7C,10,2
RAQALIHXAA7C,10,3
RAQALIHXAA7C,11,0
RAQALIHXAA7C,11,2
RAQALIHXAA7C,11,3
RAQALIHXAA7C,12,0
RAQALIHXAA7C,12,2
RAQALIHXAA7C,12,3
RAQALIHXAA7C,13,0
RAQALIHXAA7C,13,2
RAQALIHXAA7C,13,3
ST1WF8GOJVXB,1,0
ST1WF8GOJVXB,2,0
ST1WF8GOJVXB,3,0
ST1WF8GOJVXB,3,1
R9S6CNAKT60T,1,0
R9S6CNAKT60T,1,1
R9S6CNAKT60T,2,0
R9S6CNAKT60T,2,1
R9S6CNAKT60T,2,2
R9S6CNAKT60T,3,0
R9S6CNAKT60T,3,2
R9S6CNAKT60T,4,0
R9S6CNAKT60T,4,1
R9S6CNAKT60T,5,0
R9S6CNAKT60T,5,1
R9S6CNAKT60T,6,0
R9S6CNAKT60T,6,1
R9S6CNAKT60T,7,0
R9S6CNAKT60T,7,1
R9S6CNAKT60T,8,0
R9S6CNAKT60T,8,1
R9S6CNAKT60T,9,0
R9S6CNAKT60T,9,1
R9S6CNAKT60T,10,0
R9S6CNAKT60T,10,1
R9S6CNAKT60T,11,0
R9S6CNAKT60T,11,1
R9S6CNAKT60T,12,0
R9S6CNAKT60T,12,1
R9S6CNAKT60T,12,2
R9S6CNAKT60T,13,0
R9S6CNAKT60T,13,1
R9S6CNAKT60T,14,0
R9S6CNAKT60T,14,1
R9S6CNAKT60T,15,0
R9S6CNAKT60T,15,1
R9S6CNAKT60T,16,0
R9S6CNAKT60T,16,1
R9S6CNAKT60T,17,0
R9S6CNAKT60T,17,1
R9S6CNAKT60T,18,0
R9S6CNAKT60T,18,1
R9S6CNAKT60T,19,0
R9S6CNAKT60T,19,1
R9S6CNAKT60T,20,0
R9S6CNAKT60T,20,1
R9S6CNAKT60T,21,0
R9S6CNAKT60T,21,2
R9S6CNAKT60T,22,0
R9S6CNAKT60T,22,2
R9S6CNAKT60T,23,0
R9S6CNAKT60T,23,2
R9S6CNAKT60T,24,0
R9S6CNAKT60T,24,2
H1T1ZWBSE7Y4,1,0
H1T1ZWBSE7Y4,1,1
H1T1ZWBSE7Y4,2,0
H1T1ZWBSE7Y4,2,1
H1T1ZWBSE7Y4,3,0
H1T1ZWBSE7Y4,3,1
H1T1ZWBSE7Y4,4,0
H1T1ZWBSE7Y4,4,1
H1T1ZWBSE7Y4,5,0
H1T1ZWBSE7Y4,5,1
H1T1ZWBSE7Y4,6,0
H1T1ZWBSE7Y4,6,1
H1T1ZWBSE7Y4,7,0
H1T1ZWBSE7Y4,7,1
H1T1ZWBSE7Y4,8,0
H1T1ZWBSE7Y4,8,1
H1T1ZWBSE7Y4,9,0
H1T1ZWBSE7Y4,9,1
H1T1ZWBSE7Y4,10,0
H1T1ZWBSE7Y4,10,1
H1T1ZWBSE7Y4,11,0
H1T1ZWBSE7Y4,11,1
V2KVJATGU0A7,1,0
V2KVJATGU0A7,2,0
V2KVJATGU0A7,3,0
V2KVJATGU0A7,4,0
V2KVJATGU0A7,5,0
V2KVJATGU0A7,6,0
V2KVJATGU0A7,7,0
V2KVJATGU0A7,8,0
V2KVJATGU0A7,9,0
V2KVJATGU0A7,10,0
QZ1609HRBPAD,1,0
QZ1609HRBPAD,1,1
QZ1609HRBPAD,1,2
QZ1609HRBPAD,2,0
QZ1609HRBPAD,2,1
QZ1609HRBPAD,2,2
QZ1609HRBPAD,3,0
QZ1609HRBPAD,3,1
QZ1609HRBPAD,3,2
QZ1609HRBPAD,4,0
QZ1609HRBPAD,4,1
QZ1609HRBPAD,4,2
0EVWA17AV2BZ,1,0
0EVWA17AV2BZ,1,1
0EVWA17AV2BZ,2,0
0EVWA17AV2BZ,2,1
0EVWA17AV2BZ,3,0
0EVWA17AV2BZ,3,1
0EVWA17AV2BZ,4,0
0EVWA17AV2BZ,4,1
0EVWA17AV2BZ,5,0
0EVWA17AV2BZ,5,1
0EVWA17AV2BZ,6,0
0EVWA17AV2BZ,6,1
0EVWA17AV2BZ,7,0
0EVWA17AV2BZ,7,1
0EVWA17AV2BZ,8,0
0EVWA17AV2BZ,8,1
0EVWA17AV2BZ,9,0
0EVWA17AV2BZ,9,1
0EVWA17AV2BZ,10,0
0EVWA17AV2BZ,10,1
0EVWA17AV2BZ,11,0
0EVWA17AV2BZ,11,1
0EVWA17AV2BZ,12,0
0EVWA17AV2BZ,12,1
0EVWA17AV2BZ,13,0
0EVWA17AV2BZ,13,1
0EVWA17AV2BZ,14,0
0EVWA17AV2BZ,14,1
0EVWA17AV2BZ,15,0
0EVWA17AV2BZ,15,1
0EVWA17AV2BZ,16,0
0EVWA17AV2BZ,16,1
0EVWA17AV2BZ,17,0
0EVWA17AV2BZ,17,1
0EVWA17AV2BZ,18,0
0EVWA17AV2BZ,18,1
0EVWA17AV2BZ,19,0
0EVWA17AV2BZ,19,1
0EVWA17AV2BZ,20,0
0EVWA17AV2BZ,20,1
0EVWA17AV2BZ,21,0
0EVWA17AV2BZ,21,1
JQOVBTMBV0VS,1,0
JQOVBTMBV0VS,1,1
JQOVBTMBV0VS,1,3
JQOVBTMBV0VS,2,0
JQOVBTMBV0VS,2,1
JQOVBTMBV0VS,2,3
JQOVBTMBV0VS,3,0
JQOVBTMBV0VS,3,1
JQOVBTMBV0VS,3,2
JQOVBTMBV0VS,3,3
JQOVBTMBV0VS,4,0
JQOVBTMBV0VS,4,1
JQOVBTMBV0VS,4,2
JQOVBTMBV0VS,4,3
JQOVBTMBV0VS,5,0
JQOVBTMBV0VS,5,1
JQOVBTMBV0VS,5,3
JQOVBTMBV0VS,6,0
JQOVBTMBV0VS,6,1
JQOVBTMBV0VS,6,2
JQOVBTMBV0VS,6,3
JQOVBTMBV0VS,7,0
JQOVBTMBV0VS,7,1
JQOVBTMBV0VS,7,2
JQOVBTMBV0VS,7,3
JQOVBTMBV0VS,8,0
JQOVBTMBV0VS,8,1
JQOVBTMBV0VS,8,2
JQOVBTMBV0VS,8,3
JQOVBTMBV0VS,9,0
JQOVBTMBV0VS,9,1
JQOVBTMBV0VS,9,3
JQOVBTMBV0VS,10,0
JQOVBTMBV0VS,10,1
JQOVBTMBV0VS,10,3
JQOVBTMBV0VS,11,0
JQOVBTMBV0VS,11,1
JQOVBTMBV0VS,11,3
JQOVBTMBV0VS,12,0
JQOVBTMBV0VS,12,1
JQOVBTMBV0VS,12,2
JQOVBTMBV0VS,12,3
JQOVBTMBV0VS,13,0
JQOVBTMBV0VS,13,1
JQOVBTMBV0VS,13,2
JQOVBTMBV0VS,13,3
JQOVBTMBV0VS,14,0
JQOVBTMBV0VS,14,1
JQOVBTMBV0VS,14,3
JQOVBTMBV0VS,15,0
JQOVBTMBV0VS,15,1
JQOVBTMBV0VS,15,3
JQOVBTMBV0VS,16,0
JQOVBTMBV0VS,16,1
JQOVBTMBV0VS,16,3
JQOVBTMBV0VS,17,0
JQOVBTMBV0VS,17,1
JQOVBTMBV0VS,17,3
4Z7JL5WLIJZF,1,0
4Z7JL5WLIJZF,1,2
4Z7JL5WLIJZF,2,0
4Z7JL5WLIJZF,2,2
4Z7JL5WLIJZF,3,0
4Z7JL5WLIJZF,3,2
4Z7JL5WLIJZF,4,0
4Z7JL5WLIJZF,4,2
4UFDZZVWG04T,1,0
4UFDZZVWG04T,1,2
4UFDZZVWG04T,2,0
4UFDZZVWG04T,2,2
4UFDZZVWG04T,3,0
4UFDZZVWG04T,3,2
4UFDZZVWG04T,4,0
4UFDZZVWG04T,4,2
NH82BIJ36CRT,1,0
NH82BIJ36CRT,2,0
NH82BIJ36CRT,3,0
NH82BIJ36CRT,4,0
NH82BIJ36CRT,5,0
NH82BIJ36CRT,6,0
NH82BIJ36CRT,7,0
NH82BIJ36CRT,8,0
NH82BIJ36CRT,9,0
NH82BIJ36CRT,10,0
NH82BIJ36CRT,11,0
NH82BIJ36CRT,12,0
NH82BIJ36CRT,13,0
NH82BIJ36CRT,14,0
NH82BIJ36CRT,15,0
NH82BIJ36CRT,16,0
NH82BIJ36CRT,16,1
NH82BIJ36CRT,17,0
NH82BIJ36CRT,18,0
NH82BIJ36CRT,19,0
NH82BIJ36CRT,20,0
NH82BIJ36CRT,21,0
T0OO13O9NQV4,1,0
T0OO13O9NQV4,1,1
T0OO13O9NQV4,2,0
T0OO13O9NQV4,2,1
T0OO13O9NQV4,3,0
T0OO13O9NQV4,4,0
T0OO13O9NQV4,5,0
T0OO13O9NQV4,6,0
T0OO13O9NQV4,6,1
T0OO13O9NQV4,7,0
T0OO13O9NQV4,7,1
T0OO13O9NQV4,8,0
T0OO13O9NQV4,8,1
T0OO13O9NQV4,9,0
T0OO13O9NQV4,9,1
T0OO13O9NQV4,10,0
T0OO13O9NQV4,11,0
T0OO13O9NQV4,12,0
T0OO13O9NQV4,13,0
T0OO13O9NQV4,13,1
T0OO13O9NQV4,14,0
T0OO13O9NQV4,14,1
T0OO13O9NQV4,15,0
T0OO13O9NQV4,16,0
T0OO13O9NQV4,16,1
T0OO13O9NQV4,17,0
T0OO13O9NQV4,17,1
T0OO13O9NQV4,18,0
T0OO13O9NQV4,18,1
T0OO13O9NQV4,19,0
GQE5F2H5OS8Z,1,0
GQE5F2H5OS8Z,1,1
GQE5F2H5OS8Z,2,0
GQE5F2H5OS8Z,2,1
GQE5F2H5OS8Z,3,0
GQE5F2H5OS8Z,3,1
GQE5F2H5OS8Z,4,0
GQE5F2H5OS8Z,4,1
GQE5F2H5OS8Z,5,0
GQE5F2H5OS8Z,5,1
GQE5F2H5OS8Z,6,0
GQE5F2H5OS8Z,6,1
9TN3MM48RN12,1,0
9TN3MM48RN12,1,2
9TN3MM48RN12,2,0
9TN3MM48RN12,2,2
S9I6ECM7N2I7,1,0
S9I6ECM7N2I7,1,1
S9I6ECM7N2I7,2,0
S9I6ECM7N2I7,2,1
S9I6ECM7N2I7,3,0
S9I6ECM7N2I7,3,1
S9I6ECM7N2I7,4,0
S9I6ECM7N2I7,4,1
S9I6ECM7N2I7,5,0
8MA9I9LYH6NZ,1,0
8MA9I9LYH6NZ,2,0
8MA9I9LYH6NZ,3,0
8MA9I9LYH6NZ,4,0
8MA9I9LYH6NZ,5,0
GBYNX4FK7S90,1,0
GBYNX4FK7S90,1,1
GBYNX4FK7S90,2,0
GBYNX4FK7S90,2,1
GBYNX4FK7S90,3,0
GBYNX4FK7S90,3,1
GBYNX4FK7S90,4,0
GBYNX4FK7S90,4,1
GBYNX4FK7S90,5,0
GBYNX4FK7S90,5,1
GBYNX4FK7S90,6,0
GBYNX4FK7S90,6,1
GBYNX4FK7S90,7,0
GBYNX4FK7S90,7,1
GBYNX4FK7S90,8,0
GBYNX4FK7S90,8,1
4OWUJAT4A1I1,1,0
4OWUJAT4A1I1,1,1
4OWUJAT4A1I1,2,0
4OWUJAT4A1I1,3,0
4OWUJAT4A1I1,3,1
4OWUJAT4A1I1,4,0
4OWUJAT4A1I1,4,1
4OWUJAT4A1I1,5,0
4OWUJAT4A1I1,5,1
4OWUJAT4A1I1,6,0
4OWUJAT4A1I1,7,0
4OWUJAT4A1I1,8,0
4OWUJAT4A1I1,9,0
4OWUJAT4A1I1,9,1
4OWUJAT4A1I1,10,0
4OWUJAT4A1I1,10,1
4OWUJAT4A1I1,11,0
4OWUJAT4A1I1,11,1
4OWUJAT4A1I1,12,0
4OWUJAT4A1I1,13,0
4OWUJAT4A1I1,13,1
EISQ24QS5ROS,1,0
EISQ24QS5ROS,2,0
EISQ24QS5ROS,3,0
EISQ24QS5ROS,4,0
EISQ24QS5ROS,5,0
EISQ24QS5ROS,6,0
EISQ24QS5ROS,7,0
EISQ24QS5ROS,8,0
EISQ24QS5ROS,9,0
EISQ24QS5ROS,10,0
EISQ24QS5ROS,11,0
EISQ24QS5ROS,12,0
EISQ24QS5ROS,13,0
EISQ24QS5ROS,14,0
EISQ24QS5ROS,15,0
816PBNMST011,1,0
816PBNMST011,1,1
816PBNMST011,2,0
816PBNMST011,2,1
816PBNMST011,3,0
816PBNMST011,3,1
816PBNMST011,4,0
816PBNMST011,4,1
816PBNMST011,5,0
816PBNMST011,5,1
816PBNMST011,6,0
816PBNMST011,6,1
BR849HQN2S8B,1,0
BR849HQN2S8B,1,1
BR849HQN2S8B,2,0
BR849HQN2S8B,2,1
BR849HQN2S8B,3,0
BR849HQN2S8B,3,1
BR849HQN2S8B,4,0
BR849HQN2S8B,4,1
BR849HQN2S8B,5,0
BR849HQN2S8B,5,1
BR849HQN2S8B,6,0
BR849HQN2S8B,6,1
4KAYUCVZ0JSQ,1,0
4KAYUCVZ0JSQ,2,0
4KAYUCVZ0JSQ,3,0
4KAYUCVZ0JSQ,4,0
4KAYUCVZ0JSQ,4,1
4KAYUCVZ0JSQ,5,0
4KAYUCVZ0JSQ,5,1
4KAYUCVZ0JSQ,6,0
4KAYUCVZ0JSQ,6,1
4KAYUCVZ0JSQ,7,0
4KAYUCVZ0JSQ,7,1
4KAYUCVZ0JSQ,8,0
4KAYUCVZ0JSQ,9,0
4KAYUCVZ0JSQ,9,1
4KAYUCVZ0JSQ,10,0
4KAYUCVZ0JSQ,11,0
4KAYUCVZ0JSQ,12,0
4KAYUCVZ0JSQ,13,0
M4A2RRZ7KZCQ,1,0
M4A2RRZ7KZCQ,1,1
M4A2RRZ7KZCQ,2,0
M4A2RRZ7KZCQ,2,1
594QNDOKIOXC,1,0
594QNDOKIOXC,1,3
594QNDOKIOXC,2,0
594QNDOKIOXC,2,3
HO8LWU036HOL,1,0
HO8LWU036HOL,1,1
HO8LWU036HOL,2,0
HO8LWU036HOL,2,1
HO8LWU036HOL,3,0
HO8LWU036HOL,3,1
HO8LWU036HOL,4,0
HO8LWU036HOL,4,1
HO8LWU036HOL,5,0
HO8LWU036HOL,5,1
HO8LWU036HOL,6,0
HO8LWU036HOL,6,1
HO8LWU036HOL,7,0
HO8LWU036HOL,7,1
HO8LWU036HOL,8,0
HO8LWU036HOL,8,1
HO8LWU036HOL,9,0
HO8LWU036HOL,9,1
HO8LWU036HOL,10,0
HO8LWU036HOL,10,1
HO8LWU036HOL,11,0
HO8LWU036HOL,11,1
HO8LWU036HOL,12,0
HO8LWU036HOL,12,1
9EJUE5J4930J,1,0
9EJUE5J4930J,2,0
9EJUE5J4930J,2,1
KVNX2CNAMSHB,1,0
KVNX2CNAMSHB,1,1
KVNX2CNAMSHB,2,0
KVNX2CNAMSHB,3,0
KVNX2CNAMSHB,4,0
KVNX2CNAMSHB,4,1
KVNX2CNAMSHB,5,0
KVNX2CNAMSHB,5,1
KVNX2CNAMSHB,6,0
KVNX2CNAMSHB,6,1
KVNX2CNAMSHB,7,0
KVNX2CNAMSHB,7,1
KVNX2CNAMSHB,8,0
KVNX2CNAMSHB,9,0
KVNX2CNAMSHB,10,0
KVNX2CNAMSHB,10,1
KVNX2CNAMSHB,11,0
KVNX2CNAMSHB,11,1
KVNX2CNAMSHB,12,0
KVNX2CNAMSHB,12,1
KVNX2CNAMSHB,13,0
KVNX2CNAMSHB,14,0
KVNX2CNAMSHB,14,1
KVNX2CNAMSHB,15,0
KVNX2CNAMSHB,15,1
KVNX2CNAMSHB,16,0
KVNX2CNAMSHB,16,1
KVNX2CNAMSHB,17,0
KVNX2CNAMSHB,17,1
KVNX2CNAMSHB,18,0
KVNX2CNAMSHB,18,1
KVNX2CNAMSHB,19,0
KVNX2CNAMSHB,19,1
KVNX2CNAMSHB,20,0
KVNX2CNAMSHB,21,0
KVNX2CNAMSHB,21,1
KVNX2CNAMSHB,22,0
KVNX2CNAMSHB,22,1
KVNX2CNAMSHB,23,0
KVNX2CNAMSHB,23,1
STWNSEH4ICMK,1,0
STWNSEH4ICMK,1,1
STWNSEH4ICMK,2,0
STWNSEH4ICMK,3,0
STWNSEH4ICMK,4,0
STWNSEH4ICMK,5,0
STWNSEH4ICMK,6,0
STWNSEH4ICMK,7,0
STWNSEH4ICMK,7,1
STWNSEH4ICMK,8,0
STWNSEH4ICMK,9,0
STWNSEH4ICMK,10,0
STWNSEH4ICMK,11,0
STWNSEH4ICMK,12,0
VR60XCAPAV97,1,0
VR60XCAPAV97,2,0
VR60XCAPAV97,3,0
VR60XCAPAV97,4,0
VR60XCAPAV97,5,0
VR60XCAPAV97,6,0
VR60XCAPAV97,7,0
VR60XCAPAV97,8,0
VR60XCAPAV97,9,0
VR60XCAPAV97,10,0
VR60XCAPAV97,11,0
VR60XCAPAV97,12,0
GXX62KXAH79Q,1,0
GXX62KXAH79Q,2,0
GXX62KXAH79Q,3,0
GXX62KXAH79Q,4,0
GXX62KXAH79Q,5,0
GXX62KXAH79Q,6,0
GXX62KXAH79Q,7,0
GXX62KXAH79Q,8,0
GXX62KXAH79Q,9,0
GXX62KXAH79Q,10,0
GXX62KXAH79Q,11,0
GXX62KXAH79Q,12,0
9A8CRS8QHJH8,1,0
9A8CRS8QHJH8,1,2
9A8CRS8QHJH8,2,0
9A8CRS8QHJH8,2,2
D2E6O2BQN7VX,1,0
D2E6O2BQN7VX,2,0
LM3GPA26K31O,1,0
LM3GPA26K31O,2,0
LM3GPA26K31O,3,0
LM3GPA26K31O,4,0
LM3GPA26K31O,5,0
LM3GPA26K31O,6,0
LM3GPA26K31O,7,0
LM3GPA26K31O,8,0
LM3GPA26K31O,9,0
LM3GPA26K31O,10,0
LM3GPA26K31O,11,0
LM3GPA26K31O,12,0
LM3GPA26K31O,13,0
LM3GPA26K31O,14,0
LM3GPA26K31O,15,0
LM3GPA26K31O,16,0
D20KEE4NPTKL,1,0
D20KEE4NPTKL,1,1
D20KEE4NPTKL,2,0
D20KEE4NPTKL,2,1
GJM1BLSQXH0W,1,0
GJM1BLSQXH0W,1,1
GJM1BLSQXH0W,1,2
GJM1BLSQXH0W,2,0
GJM1BLSQXH0W,2,1
GJM1BLSQXH0W,2,2
Y7I9DDK0WKA8,1,0
Y7I9DDK0WKA8,1,1
Y7I9DDK0WKA8,1,2
Y7I9DDK0WKA8,2,0
Y7I9DDK0WKA8,2,1
Y7I9DDK0WKA8,2,2
Y7I9DDK0WKA8,3,0
Y7I9DDK0WKA8,3,1
Y7I9DDK0WKA8,3,2
Y7I9DDK0WKA8,4,0
Y7I9DDK0WKA8,4,1
Y7I9DDK0WKA8,4,2
Y7I9DDK0WKA8,5,0
Y7I9DDK0WKA8,5,1
Y7I9DDK0WKA8,5,2
Y7I9DDK0WKA8,6,0
Y7I9DDK0WKA8,6,1
Y7I9DDK0WKA8,6,2
Y7I9DDK0WKA8,7,0
Y7I9DDK0WKA8,7,1
Y7I9DDK0WKA8,7,2
Y7I9DDK0WKA8,8,0
Y7I9DDK0WKA8,8,1
Y7I9DDK0WKA8,8,2
Y7I9DDK0WKA8,9,0
Y7I9DDK0WKA8,9,1
Y7I9DDK0WKA8,9,2
Y7I9DDK0WKA8,10,0
Y7I9DDK0WKA8,10,1
Y7I9DDK0WKA8,10,2
Y7I9DDK0WKA8,10,3
Y7I9DDK0WKA8,11,0
Y7I9DDK0WKA8,11,1
Y7I9DDK0WKA8,11,2
Y7I9DDK0WKA8,12,0
Y7I9DDK0WKA8,12,1
Y7I9DDK0WKA8,12,2
Y7I9DDK0WKA8,13,0
Y7I9DDK0WKA8,13,1
Y7I9DDK0WKA8,13,2
Y7I9DDK0WKA8,14,0
Y7I9DDK0WKA8,14,1
Y7I9DDK0WKA8,14,2
Y7I9DDK0WKA8,15,0
Y7I9DDK0WKA8,15,1
Y7I9DDK0WKA8,15,2
Y7I9DDK0WKA8,16,0
Y7I9DDK0WKA8,16,1
Y7I9DDK0WKA8,16,2
Y7I9DDK0WKA8,17,0
Y7I9DDK0WKA8,17,1
Y7I9DDK0WKA8,17,2
Y7I9DDK0WKA8,18,0
Y7I9DDK0WKA8,18,1
Y7I9DDK0WKA8,18,2
Y7I9DDK0WKA8,19,0
Y7I9DDK0WKA8,19,1
Y7I9DDK0WKA8,19,2
Y7I9DDK0WKA8,20,0
Y7I9DDK0WKA8,20,1
Y7I9DDK0WKA8,20,2
Y7I9DDK0WKA8,21,0
Y7I9DDK0WKA8,21,1
Y7I9DDK0WKA8,21,2
Y7I9DDK0WKA8,22,0
Y7I9DDK0WKA8,22,1
Y7I9DDK0WKA8,22,2
Y7I9DDK0WKA8,23,0
Y7I9DDK0WKA8,23,1
Y7I9DDK0WKA8,23,2
8B32O39O3N8W,1,0
8B32O39O3N8W,2,0
8B32O39O3N8W,3,0
8B32O39O3N8W,4,0
8B32O39O3N8W,5,0
8B32O39O3N8W,6,0
8B32O39O3N8W,7,0
ABOCPTL6XTBS,1,0
ABOCPTL6XTBS,1,2
ABOCPTL6XTBS,2,0
ABOCPTL6XTBS,2,2
ABOCPTL6XTBS,3,0
ABOCPTL6XTBS,3,2
ABOCPTL6XTBS,4,0
ABOCPTL6XTBS,4,2
ABOCPTL6XTBS,5,0
ABOCPTL6XTBS,6,0
ABOCPTL6XTBS,6,2
ABOCPTL6XTBS,7,0
ABOCPTL6XTBS,7,2
ABOCPTL6XTBS,8,0
ABOCPTL6XTBS,8,2
ABOCPTL6XTBS,9,0
ABOCPTL6XTBS,9,2
ABOCPTL6XTBS,10,0
ABOCPTL6XTBS,10,2
ABOCPTL6XTBS,11,0
ABOCPTL6XTBS,11,2
ABOCPTL6XTBS,12,0
ABOCPTL6XTBS,12,2
ABOCPTL6XTBS,13,0
ABOCPTL6XTBS,13,2
ABOCPTL6XTBS,14,0
ABOCPTL6XTBS,14,2
ABOCPTL6XTBS,15,0
ABOCPTL6XTBS,15,2
ABOCPTL6XTBS,16,0
ABOCPTL6XTBS,16,2
ABOCPTL6XTBS,17,0
ABOCPTL6XTBS,17,2
K1VBSBH20RQT,1,0
K1VBSBH20RQT,2,0
K1VBSBH20RQT,3,0
K1VBSBH20RQT,4,0
K1VBSBH20RQT,5,0
YMK4PZMUJPOB,1,0
YMK4PZMUJPOB,1,1
YMK4PZMUJPOB,2,0
YMK4PZMUJPOB,2,1
S9V2L96WIXGY,1,0
S9V2L96WIXGY,1,1
S9V2L96WIXGY,2,0
S9V2L96WIXGY,2,1
RFHH5OD70A1B,1,0
RFHH5OD70A1B,1,2
RFHH5OD70A1B,2,0
RFHH5OD70A1B,2,1
RFHH5OD70A1B,3,0
RFHH5OD70A1B,3,1
RFHH5OD70A1B,3,2
RFHH5OD70A1B,4,0
RFHH5OD70A1B,4,2
RFHH5OD70A1B,5,0
RFHH5OD70A1B,5,2
RFHH5OD70A1B,6,0
RFHH5OD70A1B,6,1
RFHH5OD70A1B,6,2
RFHH5OD70A1B,7,0
RFHH5OD70A1B,7,2
RFHH5OD70A1B,8,0
RFHH5OD70A1B,8,2
RFHH5OD70A1B,9,0
RFHH5OD70A1B,9,2
RFHH5OD70A1B,10,0
RFHH5OD70A1B,10,1
RFHH5OD70A1B,10,2
RFHH5OD70A1B,11,0
RFHH5OD70A1B,11,1
9NMHE9U35UZM,1,0
9NMHE9U35UZM,1,1
9NMHE9U35UZM,2,0
9NMHE9U35UZM,2,1
24UIBH6JMX18,1,0
24UIBH6JMX18,1,1
24UIBH6JMX18,1,2
24UIBH6JMX18,2,0
24UIBH6JMX18,2,1
24UIBH6JMX18,2,2
9R2FUW6J384S,1,0
9R2FUW6J384S,2,0
9R2FUW6J384S,3,0
9R2FUW6J384S,4,0
9R2FUW6J384S,5,0
9R2FUW6J384S,6,0
9R2FUW6J384S,7,0
9R2FUW6J384S,8,0
9R2FUW6J384S,9,0
9R2FUW6J384S,10,0
9R2FUW6J384S,11,0
9R2FUW6J384S,12,0
9R2FUW6J384S,13,0
9R2FUW6J384S,14,0
TAZ18FXZ2YC6,1,0
TAZ18FXZ2YC6,1,1
TAZ18FXZ2YC6,1,2
TAZ18FXZ2YC6,1,3
TAZ18FXZ2YC6,2,0
TAZ18FXZ2YC6,2,1
TAZ18FXZ2YC6,2,2
TAZ18FXZ2YC6,2,3
U58ETMXRZZ9Z,1,0
U58ETMXRZZ9Z,1,1
U58ETMXRZZ9Z,2,0
U58ETMXRZZ9Z,2,1
U58ETMXRZZ9Z,3,0
U58ETMXRZZ9Z,3,1
U58ETMXRZZ9Z,4,0
U58ETMXRZZ9Z,4,2
U58ETMXRZZ9Z,5,0
U58ETMXRZZ9Z,5,1
U58ETMXRZZ9Z,6,0
U58ETMXRZZ9Z,6,2
U58ETMXRZZ9Z,7,0
U58ETMXRZZ9Z,7,1
U58ETMXRZZ9Z,8,0
U58ETMXRZZ9Z,8,1
U58ETMXRZZ9Z,9,0
U58ETMXRZZ9Z,9,1
U58ETMXRZZ9Z,9,2
U58ETMXRZZ9Z,10,0
U58ETMXRZZ9Z,10,1
U58ETMXRZZ9Z,11,0
U58ETMXRZZ9Z,11,2
QZ45FKY0FF43,1,0
QZ45FKY0FF43,1,1
QZ45FKY0FF43,2,0
QZ45FKY0FF43,2,1
QZ45FKY0FF43,3,0
QZ45FKY0FF43,3,1
QZ45FKY0FF43,4,0
QZ45FKY0FF43,4,1
QZ45FKY0FF43,4,3
QZ45FKY0FF43,5,0
QZ45FKY0FF43,5,3
QZ45FKY0FF43,6,0
QZ45FKY0FF43,6,1
QZ45FKY0FF43,7,0
QZ45FKY0FF43,7,1
QZ45FKY0FF43,7,3
QZ45FKY0FF43,8,0
QZ45FKY0FF43,8,1
QZ45FKY0FF43,8,3
QZ45FKY0FF43,9,0
QZ45FKY0FF43,9,3
QZ45FKY0FF43,10,0
QZ45FKY0FF43,10,3
QZ45FKY0FF43,11,0
QZ45FKY0FF43,11,3
QZ45FKY0FF43,12,0
QZ45FKY0FF43,12,1
QZ45FKY0FF43,13,0
QZ45FKY0FF43,13,1
4EL1CA1ONWOH,1,0
4EL1CA1ONWOH,1,1
4EL1CA1ONWOH,1,2
4EL1CA1ONWOH,2,0
4EL1CA1ONWOH,2,1
4EL1CA1ONWOH,3,0
4EL1CA1ONWOH,3,1
4EL1CA1ONWOH,3,2
4EL1CA1ONWOH,4,0
4EL1CA1ONWOH,4,1
4EL1CA1ONWOH,4,2
4EL1CA1ONWOH,5,0
4EL1CA1ONWOH,5,2
4EL1CA1ONWOH,6,0
4EL1CA1ONWOH,6,1
4EL1CA1ONWOH,6,2
DG4X3OIFVINN,1,0
DG4X3OIFVINN,2,0
DG4X3OIFVINN,2,1
DG4X3OIFVINN,3,0
DG4X3OIFVINN,3,1
HP4XINS0S1UJ,1,0
HP4XINS0S1UJ,1,1
HP4XINS0S1UJ,2,0
HP4XINS0S1UJ,2,1
DYCROJ10KS5S,1,0
DYCROJ10KS5S,2,0
DYCROJ10KS5S,3,0
DYCROJ10KS5S,4,0
DYCROJ10KS5S,5,0
DYCROJ10KS5S,6,0
DYCROJ10KS5S,7,0
DYCROJ10KS5S,8,0
DYCROJ10KS5S,9,0
DYCROJ10KS5S,10,0
DYCROJ10KS5S,11,0
RJX50WB9SMM2,1,0
RJX50WB9SMM2,1,1
RJX50WB9SMM2,2,0
RJX50WB9SMM2,2,1
4285HROVPAGF,1,0
4285HROVPAGF,1,1
4285HROVPAGF,2,0
4285HROVPAGF,2,1
