data,candidates,QID,row,columns,quality,description,aliases,P31,P279,sitelink
Justice League Dark,Justice League Dark,Q5230093,0,0,1,group of fictional characters from DC Comics,,Q14514600,,Justice League Dark
Justice League Dark,Justice League Dark,Q27866060,0,0,1,2017 animated film by Jay Oliva,,Q202866,,Justice League Dark (film)
Justice League Dark,Justice League Dark: Apokolips War,Q86755534,0,0,1,2020 film directed by Matt Peters and Christina Sotta,,Q202866,,Justice League Dark: Apokolips War
English,English,Q1860,0,1,1,West Germanic language,English language|English (language),Q33742|Q1288568|Q34770|Q152559|Q399495|Q1097949|Q20162172,Q1346342|Q5329170,English language
English,English Wikipedia,Q328,0,1,1,English-language edition of Wikipedia,Wikipedia in English|Wikipedia (English),Q10876391,,English Wikipedia
English,English,Q15924427,0,1,1,family name,,Q101352,,English (surname)
English,English,Q2017605,0,1,1,"town in and the county seat of Sterling Township, Crawford County, Indiana, United States","English, Indiana|English, IN",Q15127012,,"English, Indiana"
English,English studies,Q27968,0,1,1,discipline that studies the English language and literature,English philology|English language|English (academic discipline)|English language and literature|English|English major,Q11862829|Q4671286|Q10894548,Q11790583|Q40634,English studies
English,English people,Q42406,0,1,1,citizens or residents of England,English|the English|Englishmen|people of England,Q6266|Q2472587|Q41710,Q842438,English people
English,British English,Q7979,0,1,1,forms of the English language used in Britain,English (United Kingdom)|United Kingdom English|UK English|BrE|BE|Commonwealth English|Oxford English,Q951873|Q455374,Q138349272,British English
English,English Channel,Q34640,0,1,1,arm of the Atlantic Ocean that separates southern England from northern France,the Channel|British Ocean|Britannic Ocean|the English Channel|British Channel,Q37901|Q165,,English Channel
English,English River,Q286703,0,1,1,"tributary of Winnipeg River in Ontario, Canada",,Q4022,,English River (Ontario)
English,English,Q107392943,0,1,1,male given name,,Q12308941,,
English,Justice League Dark,Q5230093,0,1,2,group of fictional characters from DC Comics,,Q14514600,,Justice League Dark
English,Justice League Dark,Q27866060,0,1,2,2017 animated film by Jay Oliva,,Q202866,,Justice League Dark (film)
English,Justice League Dark: Apokolips War,Q86755534,0,1,2,2020 film directed by Matt Peters and Christina Sotta,,Q202866,,Justice League Dark: Apokolips War
Ballerina,ballet dancer,Q805221,1,0,1,person who practices the art of ballet,ballerina|ballet performer,Q28640,Q5716684,Ballet dancer
Ballerina,Ballerina,Q27918412,1,0,1,2016 animated film directed by Eric Summer and Éric Warin,Leap!|Leap,Q202866,,Ballerina (2016 film)
Ballerina,Ballerina,Q3633409,1,0,1,album by Angelo Branduardi,,Q482994,,
Ballerina,ballerina,Q4070300,1,0,1,female principal dancer in a ballet company,,Q28640|Q15839299,Q805221,Ballerina
Ballerina,dancer,Q5716684,1,0,1,person who uses their body to express themselves through movement and dance,,Q28640|Q12737077,Q713200|Q108290379,Dancer
Ballerina,Ballerina,Q51160183,1,0,1,programming language,Ballerina (programming language),Q9143,,Ballerina (programming language)
Ballerina,ballet flat,Q805212,1,0,1,type of shoe,ballerina shoe|ballet flats|dolly shoes,Q18195680,Q100230935,Ballet flat
Ballerina,Ballerina,Q106661600,1,0,1,2016 soundtrack album by Klaus Badelt,,Q482994,,Ballerina (soundtrack)
Ballerina,Ballerina,Q84713105,1,0,1,2025 film directed by Len Wiseman,From the World of John Wick: Ballerina,Q11424,,Ballerina (2025 film)
Ballerina,Rosa 'Ballerina',Q805205,1,0,1,variety of shrub rose (1937),Ballerina,Q26817508,,
Ballerina,Ballet Dancer,Q20267477,1,0,2,painting by André Derain,,Q3305213,,
Ballerina,Ballet Dancer,Q28039892,1,0,2,painting by Robert Henri,,Q3305213,,
Ballerina,Ballet Dancer,Q106877979,1,0,2,painting by Hilaire-Germain-Edgar Degas,,Q3305213,,
Ballerina,Ballet Dancer,Q64581389,1,0,2,drawing in the National Gallery of Art (NGA 7131),,Q93184,,
Ballerina,Ballet Dancer,Q64073935,1,0,2,photograph in the National Gallery of Art (NGA 135425),,Q125191,,
Ballerina,Ballet Dancer,Q64581353,1,0,2,drawing in the National Gallery of Art (NGA 7100),,Q93184,,
Ballerina,Ballet dancer,Q114707529,1,0,2,painting by Isaac Israels,,Q3305213,,
Ballerina,Ballet Dancer,Q64581548,1,0,2,drawing in the National Gallery of Art (NGA 71042),,Q93184,,
Ballerina,Ballet Dancer,Q115802083,1,0,2,1984 single by the Twins,,,,Ballet Dancer (song)
English,English,Q1860,1,1,1,West Germanic language,English language|English (language),Q33742|Q1288568|Q34770|Q152559|Q399495|Q1097949|Q20162172,Q1346342|Q5329170,English language
English,English Wikipedia,Q328,1,1,1,English-language edition of Wikipedia,Wikipedia in English|Wikipedia (English),Q10876391,,English Wikipedia
English,English,Q15924427,1,1,1,family name,,Q101352,,English (surname)
English,English,Q2017605,1,1,1,"town in and the county seat of Sterling Township, Crawford County, Indiana, United States","English, Indiana|English, IN",Q15127012,,"English, Indiana"
English,English studies,Q27968,1,1,1,discipline that studies the English language and literature,English philology|English language|English (academic discipline)|English language and literature|English|English major,Q11862829|Q4671286|Q10894548,Q11790583|Q40634,English studies
English,English people,Q42406,1,1,1,citizens or residents of England,English|the English|Englishmen|people of England,Q6266|Q2472587|Q41710,Q842438,English people
English,British English,Q7979,1,1,1,forms of the English language used in Britain,English (United Kingdom)|United Kingdom English|UK English|BrE|BE|Commonwealth English|Oxford English,Q951873|Q455374,Q138349272,British English
English,English Channel,Q34640,1,1,1,arm of the Atlantic Ocean that separates southern England from northern France,the Channel|British Ocean|Britannic Ocean|the English Channel|British Channel,Q37901|Q165,,English Channel
English,English River,Q286703,1,1,1,"tributary of Winnipeg River in Ontario, Canada",,Q4022,,English River (Ontario)
English,English,Q107392943,1,1,1,male given name,,Q12308941,,
Renaissance,Renaissance,Q4692,2,0,1,cultural movement that spanned the period roughly from the 14th to the 17th century,,Q968159|Q2198855,,Renaissance
Renaissance,Renaissance,Q112595827,2,0,1,2022 studio album by Beyoncé,,Q482994,,Renaissance (Beyoncé album)
Renaissance,Renaissance architecture,Q236122,2,0,1,architectural style,,Q32880,Q1133779,Renaissance architecture
Renaissance,Renaissance,Q54802873,2,0,1,novel by Peter David,Renaissance (novel),Q7725634,,
Renaissance,Renaissance,Q2292093,2,0,1,cruise ship with a capacity of 1200 passengers built in 1999,IMO 8919257|CFC Renaissance|MS Maasdam|PFRO,Q39804,,MS Renaissance (1992)
Renaissance,Renaissance,Q100711722,2,0,1,1982 video game,Spite & Malice,Q7889,,
Renaissance,Renaissance,Q29951565,2,0,1,1989 video game,Renaissance 1,Q7889,,
Renaissance,Renaissance,Q23731823,2,0,1,French political party,En Marche|En Marche !|LREM|LRM|LaREM|La République En Marche!,Q7278,,Renaissance (French political party)
Renaissance,Renaissance Revival architecture,Q502163,2,0,1,branch of 19th-century architectural revival style,Neo-Renaissance|Neo-Renaissance architecture|Renaissance revivalism,Q32880,Q1216982,Renaissance Revival architecture
Renaissance,Renaissance,Q18116558,2,0,1,2001 debut studio album by Kim Jong-kook,,Q482994,,
Renaissance,English Renaissance,Q2272912,2,0,2,cultural and artistic movement in England dating from the late 15th century to the early 17th century,,Q968159,,English Renaissance
Renaissance,English Renaissance theatre,Q1134718,2,0,2,theatre of England between 1562 and 1642,English Renaissance drama|Elizabethan theatre|Early Modern English theatre,Q7777573,Q44092605,English Renaissance theatre
Renaissance,English Renaissance Literature,Q10824173,2,0,2,English-language literature in the Renaissance,,Q109551565,,
Renaissance,English Renaissance Sculpture,Q49487169,2,0,2,"park in District of Columbia, United States of America, United States of America",,Q22698,,
Renaissance,English Renaissance Drama and the Specter of Spain: Ethnopoetics and Empire,Q136120936,2,0,2,book 2009,,Q3331189,,
Renaissance,English Renaissance Translation Theory,Q136125375,2,0,2,book 2013,,Q3331189,,
Renaissance,"English Renaissance Studies Presented to Dame Helen Gardner in Honour of Her Seventieth Birthday. Oxford-New York: Clarendon Press, 1980. 304 pp. $44.",Q121116256,2,0,2,scientific article published in 1981,,Q13442814,,
English,English,Q1860,2,1,1,West Germanic language,English language|English (language),Q33742|Q1288568|Q34770|Q152559|Q399495|Q1097949|Q20162172,Q1346342|Q5329170,English language
English,English Wikipedia,Q328,2,1,1,English-language edition of Wikipedia,Wikipedia in English|Wikipedia (English),Q10876391,,English Wikipedia
English,English,Q15924427,2,1,1,family name,,Q101352,,English (surname)
English,English,Q2017605,2,1,1,"town in and the county seat of Sterling Township, Crawford County, Indiana, United States","English, Indiana|English, IN",Q15127012,,"English, Indiana"
English,English studies,Q27968,2,1,1,discipline that studies the English language and literature,English philology|English language|English (academic discipline)|English language and literature|English|English major,Q11862829|Q4671286|Q10894548,Q11790583|Q40634,English studies
English,English people,Q42406,2,1,1,citizens or residents of England,English|the English|Englishmen|people of England,Q6266|Q2472587|Q41710,Q842438,English people
English,British English,Q7979,2,1,1,forms of the English language used in Britain,English (United Kingdom)|United Kingdom English|UK English|BrE|BE|Commonwealth English|Oxford English,Q951873|Q455374,Q138349272,British English
English,English Channel,Q34640,2,1,1,arm of the Atlantic Ocean that separates southern England from northern France,the Channel|British Ocean|Britannic Ocean|the English Channel|British Channel,Q37901|Q165,,English Channel
English,English River,Q286703,2,1,1,"tributary of Winnipeg River in Ontario, Canada",,Q4022,,English River (Ontario)
English,English,Q107392943,2,1,1,male given name,,Q12308941,,
English,Renaissance English translations of Erasmus,Q133540070,2,1,2,,,Q571,,
Asterix in Britain,Asterix in Britain,Q668718,3,0,1,1986 film by Pino Van Lamsweerde,Astérix chez les Bretons|Asterix chez les Bretons,Q202866,,Asterix in Britain (film)
Asterix in Britain,Asterix in Britain,Q677479,3,0,1,comic book album,,Q2831984,,Asterix in Britain
Asterix in Britain,Asterix,Q105030970,3,0,2,media franchise,Asterix and Obelix|Asterix franchise,Q196600,,
Asterix in Britain,Asterix,Q2442526,3,0,2,1993 video game,Astérix|1993 Asterix,Q7889,,Asterix (1993 video game)
Asterix in Britain,Asterix,Q14885972,3,0,2,genus of insects,,Q16521,,
Asterix in Britain,Asterix,Q3735087,3,0,2,1991 Sega Master System game,1991 Asterix,Q7889,,Asterix (1992 video game)
Asterix in Britain,Asterix,Q4810728,3,0,2,1983 video game,,Q7889,,Asterix (1983 video game)
Asterix in Britain,Asterix,Q3735532,3,0,2,arcade game released in 1992,,Q7889,,Asterix (arcade game)
Asterix in Britain,Asterix,Q42490,3,0,2,series of French comic books,The Adventures of Asterix,Q14406742,,Asterix
Asterix in Britain,Astérix: The Gallic War,Q28493849,3,0,2,1999 video game,Asterix,Q7889,,
Asterix in Britain,Asterix,Q7620503,3,0,2,fictional character and the titular hero of the French comic book series Asterix,Astèrix,Q15632617|Q1114461|Q15773347,,Asterix (character)
Asterix in Britain,Asterix,Q126187416,3,0,2,1991 video game,,Q7889,,
French,French,Q150,3,1,1,Romance language,French language,Q1288568|Q33742|Q34770,Q37351|Q85380120|Q500394|Q19814,French language
French,French,Q15304085,3,1,1,family name,French (surname),Q101352,,French (surname)
French,France,Q142,3,1,1,"country in Western Europe and other continents (through its overseas territories in America, Africa and Oceania)",French Republic,Q3624078|Q20181813|Q51576574|Q7270|Q6256,,France
French,French,Q19872180,3,1,1,male given name,French (first name)|French (given name),Q12308941,,
French,French Wikipedia,Q8447,3,1,1,[fr] French-language edition of Wikipedia,Wikipédia francophone|Wikipédia en français|French-language Wikipedia|French WP|Wikipedia in French,Q10876391,,French Wikipedia
French,French Polynesia,Q30971,3,1,1,French overseas country in the southern Pacific Ocean,pf|French Oceania|French Settlements in Oceania|French Establishments in Oceania|Territory of French Polynesia,Q719487|Q2327385|Q1451600,,French Polynesia
French,French,Q121842,3,1,1,ethnic group of France,the French|Frenchman|Frenchwoman|Frenchmen|Frenchwomen|French people|France residents,Q33829|Q231002,Q394067|Q22947|Q101094841,French people
French,French River,Q691791,3,1,1,"watercourse in Parry Sound District, Ontario, Canada",,Q4022,,French River (Ontario)
French,French Wikisource,Q15156541,3,1,1,French version of Wikisource,frwikisource|fr.wikisource.org,Q15156455,,
French,"French National Directory of Representatives, 9 April 2019",Q63762917,3,1,1,second edition of the French National Directory of Representatives,,Q3331189,,
French,Asterix,Q105030970,3,1,2,media franchise,Asterix and Obelix|Asterix franchise,Q196600,,
French,Asterix,Q2442526,3,1,2,1993 video game,Astérix|1993 Asterix,Q7889,,Asterix (1993 video game)
French,Asterix,Q14885972,3,1,2,genus of insects,,Q16521,,
French,Asterix,Q3735087,3,1,2,1991 Sega Master System game,1991 Asterix,Q7889,,Asterix (1992 video game)
French,Asterix,Q4810728,3,1,2,1983 video game,,Q7889,,Asterix (1983 video game)
French,Asterix,Q3735532,3,1,2,arcade game released in 1992,,Q7889,,Asterix (arcade game)
French,Asterix,Q42490,3,1,2,series of French comic books,The Adventures of Asterix,Q14406742,,Asterix
French,Astérix: The Gallic War,Q28493849,3,1,2,1999 video game,Asterix,Q7889,,
French,Asterix,Q7620503,3,1,2,fictional character and the titular hero of the French comic book series Asterix,Astèrix,Q15632617|Q1114461|Q15773347,,Asterix (character)
French,Asterix,Q126187416,3,1,2,1991 video game,,Q7889,,
French,Obelix,Q715597,3,1,2,cartoon character in the French comic book series Asterix,Obeliks,Q15632617|Q1114461|Q15773347,,Obelix
French,Obelix,Q105621215,3,1,2,1984 video game,Obélix,Q7889,,Obelix (video game)
French,EIF1AD,Q18047533,3,1,2,protein-coding gene in the species Homo sapiens,haponin|eukaryotic translation initiation factor 1A domain containing|OBELIX,Q7187,Q20747295,
French,29402 Obelix,Q2472036,3,1,2,asteroid,(29402) Obelix|Obelix,Q3863,,29402 Obélix
French,Potassium inwardly rectifying channel subfamily J member 13,Q29826980,3,1,2,protein found in Danio rerio,jaguar|obelix|inward rectifier potassium channel 13|kcnj13|jag|inwardly rectifying potassium channel 7.1|obe,Q8054,,
French,Christian Lölkes,Q83040074,3,1,2,German Artist and Hacker (born 1990),Obelix,Q5,,
French,CAT-1,Q48550,3,1,2,ESA artificial satellite,Ariane Technological Capsule 1|Technological Capsule 1|Obélix|CAT-01,Q105839698|Q15893266,,CAT-1
French,Obelix,Q105764716,3,1,2,ship built in 2006,IMO 9330123,Q11446,,
French,obx,Q29721245,3,1,2,genetic element in the species Drosophila melanogaster,obelix,Q7187,,
French,Caesar,Q123651,3,1,2,male given name,Caesar (given name)|Caesar (first name),Q12308941,,Caesar (given name)
French,Caesar,Q14873084,3,1,2,family name,,Q101352,,Caesar (surname)
French,Caesar,Q1025414,3,1,2,ancient Roman cognomen,,Q140389146,,
French,Caesar,Q3010400,3,1,2,fictional character from the Planet of the Apes film series,Milo,Q15773347|Q28647546,,Caesar (Planet of the Apes)
French,Julius Caesar,Q1048,3,1,2,Roman general and dictator,Divine Julius,Q5,,Julius Caesar
French,cesarean section,Q228036,3,1,2,surgical procedure in which a baby is delivered through a parent’s abdomen,C-section|caesarean section|caesarian section|caesarean delivery|cesarian|LSCS,Q796194,Q34581|Q600236|Q743664|Q80015,Caesarean section
French,CAESAR,Q262670,3,1,2,self-propelled artillery,CAESAR self-propelled howitzer,Q124056273,Q63214752,CAESAR self-propelled howitzer
French,Cæsar,Q10995150,3,1,2,Danish singer and actor (1938-2000),Bjarne Bøgesø Rasmussen,Q5,,
French,Cæsar,Q30135424,3,1,2,male given name,,Q12308941,,
French,Caesar,Q188751,3,1,2,imperial title of the Roman Empire,,Q355567|Q4164871,,Caesar (title)
French,Gaul,Q38060,3,1,2,historical region of Western Europe inhabited by Celtic tribes,Gallia,Q1620908|Q28171280|Q6266|Q19953632,,Gaul
French,Gaultheria,Q1626776,3,1,2,genus of plants,,Q16521,,Gaultheria
French,Gilbert Gaul,Q5560919,3,1,2,American painter (1855-1919),William Gilbert Gaul|Gilbert William Gaul|gilbert gaul|g.w. gaul|Gaul|gaul gilbert,Q5,,Gilbert Gaul (artist)
French,Gaul,Q27435895,3,1,2,family name,,Q101352,,Gaul (surname)
French,Gaultheria procumbens,Q386770,3,1,2,species of plant,eastern teaberry|wintergreen,Q16521,,Gaultheria procumbens
French,horse,Q726,3,1,2,domesticated four-footed mammal from the equine family,nag|horses,Q55983715|Q16521,Q27742|Q57814795|Q110878538|Q729,Horse
French,Gault,Q16870135,3,1,2,family name,,Q101352,,Gault (surname)
French,Gaultier,Q24514408,3,1,2,family name,,Q101352,,
French,Winfred Gaul,Q2584135,3,1,2,German painter (1928-2003),Winifred Gaul|Gaul,Q5,,
French,Gaular Municipality,Q493273,3,1,2,"former municipality in Sogn og Fjordane, Norway",,Q18663579,,Gaular Municipality
French,Roman Empire,Q2277,3,1,2,Period of ancient Rome following the Republic,Imperium Romanum|Romanum imperium|imperium romanum,Q48349|Q11514315|Q3024240,,Roman Empire
French,Byzantine Empire,Q12544,3,1,2,Roman Empire during Late Antiquity and the Middle Ages,Byzantium|Eastern Roman Empire|Roman Empire|Lower Empire|Romanía|Greek Empire|Empire of the Greeks,Q48349|Q3024240|Q11514315|Q392160|Q56061|Q11042,,Byzantine Empire
French,Western Roman Empire,Q42834,3,1,2,independently administered western provinces of the Roman Empire,Roman Empire,Q48349|Q3024240|Q56061,,Western Roman Empire
French,Roman Empire,Q27856747,3,1,2,American drama series,,Q5398426|Q526877,,Roman Empire (TV series)
French,Roman Empire,Q11351052,3,1,2,horse,,Q726,,
French,Classical Roman Empire,Q14618893,3,1,2,Augustus through Theodosius (27 BC to 395 AD),the Roman Empire from 27 BCE to 395 AD history|Roman Empire from 27 BCE to 395 AD history|history of the Roman Empire from 27 BCE to 395 AD|united Roman Empire|unsplit Roman Empire|Greater Roman Empire|Full Roman Empire|Complete Roman Empire|Classic Roman Empire,Q17524420|Q11514315|Q3024240,Q2277|Q16147990,
French,history of the Roman Empire,Q2671119,3,1,2,occurrences and people in the Roman Empire,the Roman Empire history|Roman Empire history,Q17544377,Q7787,History of the Roman Empire
French,consul of the Roman Empire,Q26203875,3,1,2,an ancient Roman consul during the imperial period,Imperial Roman consul|Roman consul (Empire)|Roman Empire consul,Q17279032,Q40779|Q3277001,
French,"Roman Empire, season 1",Q27857560,3,1,2,season of television series,Roman Empire: Reign of Blood|Reign of Blood,Q3464665,,
French,Roman Empire vs. Barbarians,Q126696076,3,1,2,2023 video game,,Q7889,,
A Bug's Life,A Bug's Life,Q1171293,4,0,1,1998 video game,,Q7889,,A Bug's Life (video game)
A Bug's Life,A Bug's Life,Q216153,4,0,1,1998 animated film directed by John Lasseter and Andrew Stanton,Bug's Life,Q202866,,A Bug's Life
A Bug's Life,A bug's life,Q50399885,4,0,1,episode of Farscape (S1 E18),,Q21191270,,
A Bug's Life,A Bug's Life: Games Workshop,Q2819660,4,0,1,educational video game released in 1999 on PlayStation.,A Bug's Life Activity Centre,Q7889,,
A Bug's Life,A Bug's Life – An Original Walt Disney Records Soundtrack,Q118905682,4,0,1,1998 soundtrack album by Randy Newman,,Q482994,,A Bug's Life (soundtrack)
A Bug's Life,A Bug's Life universe,Q130632927,4,0,1,,,Q559618,,
A Bug's Life,A bug's life,Q35868994,4,0,1,scientific article published in November 2015,,Q13442814,,
A Bug's Life,A bug's life,Q81731653,4,0,1,scientific article published on 01 April 2005,,Q13442814,,
A Bug's Life,A bug's life,Q84624893,4,0,1,scientific article published on 01 July 2011,,Q13442814,,
A Bug's Life,A bug’s life in the granuloma,Q38636052,4,0,1,"scientific article published on November 17, 2015",,Q13442814,,
A Bug's Life,Antz,Q4777509,4,0,2,1999 video game,,Q7889,,Antz (video game)
A Bug's Life,Antz,Q37456553,4,0,2,family name,,Q101352,,
A Bug's Life,Antz,Q610502,4,0,2,1998 American animated film,,Q202866,,Antz
A Bug's Life,Antz Extreme Racing,Q4777510,4,0,2,2002 video game,,Q7889,,Antz Extreme Racing
A Bug's Life,Antz Racing,Q4777508,4,0,2,2001 video game,,Q7889,,Antz Racing
A Bug's Life,Karl Cäsar Antz,Q16500057,4,0,2,German botanist (1805-1859),Carl Cäsar Antz|Antz,Q5,,
A Bug's Life,Antzuola,Q1625886,4,0,2,municipality of Spain,,Q2074737,,Antzuola
A Bug's Life,Ancín – Antzin,Q1645748,4,0,2,human settlement in Spain,Antzin,Q2074737,,Ancín – Antzin
A Bug's Life,Antz,Q139033216,4,0,2,1998 film score by Harry Gregson-Williams and John Powell,,Q482994,,Antz (soundtrack)
A Bug's Life,Paraskevas Antzas,Q462224,4,0,2,Greek international footballer (1976–2026),Antzas Paraskevas,Q5,,Paraskevas Antzas
English,English,Q1860,4,1,1,West Germanic language,English language|English (language),Q33742|Q1288568|Q34770|Q152559|Q399495|Q1097949|Q20162172,Q1346342|Q5329170,English language
English,English Wikipedia,Q328,4,1,1,English-language edition of Wikipedia,Wikipedia in English|Wikipedia (English),Q10876391,,English Wikipedia
English,English,Q15924427,4,1,1,family name,,Q101352,,English (surname)
English,English,Q2017605,4,1,1,"town in and the county seat of Sterling Township, Crawford County, Indiana, United States","English, Indiana|English, IN",Q15127012,,"English, Indiana"
English,English studies,Q27968,4,1,1,discipline that studies the English language and literature,English philology|English language|English (academic discipline)|English language and literature|English|English major,Q11862829|Q4671286|Q10894548,Q11790583|Q40634,English studies
English,English people,Q42406,4,1,1,citizens or residents of England,English|the English|Englishmen|people of England,Q6266|Q2472587|Q41710,Q842438,English people
English,British English,Q7979,4,1,1,forms of the English language used in Britain,English (United Kingdom)|United Kingdom English|UK English|BrE|BE|Commonwealth English|Oxford English,Q951873|Q455374,Q138349272,British English
English,English Channel,Q34640,4,1,1,arm of the Atlantic Ocean that separates southern England from northern France,the Channel|British Ocean|Britannic Ocean|the English Channel|British Channel,Q37901|Q165,,English Channel
English,English River,Q286703,4,1,1,"tributary of Winnipeg River in Ontario, Canada",,Q4022,,English River (Ontario)
English,English,Q107392943,4,1,1,male given name,,Q12308941,,
English,English-language literature,Q186579,4,1,2,literary works written in the English language,English literature|literature in English,Q109551565,Q8242,English literature
English,scholar of English,Q16308156,4,1,2,person who studies English language and literature,English language scholar|English studies scholar|English professor|scholar of English literature|English literature scholar|English literary scholar|anglicist|anglist|English scholar|professor of English,Q28640,Q110038490,Anglicist
English,Philippine English,Q1413694,4,1,2,variety of English as is written and spoken in the Philippines,English language in the Philippines,Q20671152|Q1367114|Q11990179|Q12858101,Q1860|Q3725374,Philippine English
English,teaching English as a second or foreign language,Q7691272,4,1,2,teaching of English to students whose first language is not English,teaching English|teaching English as a second language|TESL|teaching English as a foreign language|TEFL|English language education|TESOL,Q11862829|Q124566076,Q1455196|Q2313213,Teaching English as a second or foreign language
English,English Language Curriculum for Basic 7,Q115800033,4,1,2,Ghana English Language curriculum for Basic 7,,Q1402601|Q113445303,Q113464049|Q113621321,
English,Anglic,Q1346342,4,1,2,group of languages including English and Scots,Insular Germanic languages|English languages|Anglian languages|Anglic languages,Q25295,Q5329170,Anglic languages
English,dictionary of the English language,Q12607437,4,1,2,language version of dictionary,English dictionary|English language dictionary|dictionary of English,,Q23622,
The Legend of the Titanic,The Legend of the Titanic,Q7746835,5,0,1,1999 film by Orlando Corradi,Legend of the Titanic|La leggenda del Titanic|The Legend of Titanic,Q202866,,The Legend of the Titanic
The Legend of the Titanic,The Legend of the Titanic,Q109831171,5,0,1,Movie directed by Milan ishpatao,,Q11424,,
The Legend of the Titanic,Titanic,Q25173,5,0,2,"British transatlantic passenger liner, launched and foundered in 1912",The Titanic|RMS Titanic|Royal Mail Steamship Titanic|SS Titanic,Q3362987|Q12859788|Q852190,,Titanic
The Legend of the Titanic,Titanic,Q6147471,5,0,2,1988 video game,,Q7889,,
The Legend of the Titanic,Titanic,Q44578,5,0,2,1997 film by James Cameron,1997 Titanic,Q11424,,Titanic (1997 film)
The Legend of the Titanic,Titanic,Q124981245,5,0,2,vocal track by Stefan Rüdén; 1978 studio recording,,Q55850593,,
The Legend of the Titanic,Titanic,Q1416989,5,0,2,musical by Maury Yeston and book by Peter Stone in 1997,Titanic: The Musical,Q58483083,,Titanic (musical)
The Legend of the Titanic,RMS Titanic maiden voyage,Q21027972,5,0,2,1912 first and last voyage of the RMS Titanic,Titanic maiden voyage,Q1501837,,
The Legend of the Titanic,Titanic,Q1889132,5,0,2,Norwegian band,,Q215380|Q2088357,,Titanic (Norwegian band)
The Legend of the Titanic,Titanic,Q1197729,5,0,2,1953 film by Jean Negulesco,Titanic (1953),Q11424,,Titanic (1953 film)
The Legend of the Titanic,Titanic,Q10698747,5,0,2,"song written and composed by Mikael Wiehe, originally recorded by Mikael Wiehe and released in 1978",,Q105543609,,
The Legend of the Titanic,Titanic,Q47879,5,0,2,German satiric magazine,,Q111914189|Q1002697,,Titanic (magazine)
The Legend of the Titanic,RMS Titanic,Q51281020,5,0,2,1986 video game,R.M.S. Titanic|Titanic: The Recovery Mission,Q7889,,
The Legend of the Titanic,sinking of the RMS Titanic,Q2577588,5,0,2,maritime disaster in the North Atlantic Ocean on the night of 14–15 April 1912,sinking of the Titanic|Titanic sinking|RMS Titanic sinking|Titanic disaster|sinking of RMS Titanic|sinking of Titanic,Q906512|Q17633526,,Sinking of the Titanic
The Legend of the Titanic,RMS Titanic Maritime Memorial Act,Q7277102,5,0,2,Law passed by U.S. congress in 1986,R.M.S. Titanic Maritime Memorial Act of 1986,Q476068,,RMS Titanic Maritime Memorial Act
The Legend of the Titanic,RMS Titanic alternative theories,Q2715843,5,0,2,Pseudohistory of RMS Titanic,Titanic conspiracy theories|RMS Titanic conspiracy theories,Q159535,,Titanic conspiracy theories
The Legend of the Titanic,RMS Titanic in popular culture,Q3020501,5,0,2,Overview of the RMS Titanic in popular culture,,Q20742825,,Titanic in popular culture
The Legend of the Titanic,RMS Titanic Lifeboat No. 1,Q7277103,5,0,2,lifeboat on the RMS Titanic,,Q1746393,,Titanic Lifeboat No. 1
The Legend of the Titanic,"RMS Titanic, Inc.",Q119829226,5,0,2,holder of salvor-in-possession rights to the wreck of the Titanic,RMS Titanic Inc.,Q783794,,
The Legend of the Titanic,RMS Titanic and the emergence of new concepts on consortial nature of microbial events,Q38702877,5,0,2,"scientific article published on January 1, 2002",,Q13442814,,
The Legend of the Titanic,The Titanic,Q7769473,5,0,2,traditional song,,Q105543609,,The Titanic (song)
The Legend of the Titanic,The Titanic Days,Q60683835,5,0,2,painting by René Magritte 1929,,Q3305213,,
The Legend of the Titanic,The Titanic Museum,Q114495434,5,0,2,episode of Ghost Adventures (S15 E6),,Q21191270,,
The Legend of the Titanic,Titanic Museum,Q14704505,5,0,2,"museum in Branson, Missouri","Titanic Museum (Branson, Missouri)|The Titanic Museum|Titanic Museum Attraction|The ''Titanic'' Museum|Titanic Museum Branson|Titanic Branson|TITANIC Museum Attraction",Q1863818,,"Titanic Museum (Branson, Missouri)"
The Legend of the Titanic,Titanic Museum,Q7809817,5,0,2,"museum in Pigeon Forge, Tennessee, relating to the RMS Titanic","Titanic Pigeon Forge|Titanic museum (Pigeon Forge, Tennessee)|The ''Titanic'' Museum|Titanic Museum, Pigeon Forge, Tennessee|The Titanic Museum|Titanic Museum Attraction",Q1863818,,"Titanic Museum (Pigeon Forge, Tennessee)"
The Legend of the Titanic,The Titanic Deception,Q79759774,5,0,2,book by Clive Cussler,,Q7725634,,
The Legend of the Titanic,Titanic Historical Society,Q3040311,5,0,2,historical society dedicated to RMS Titanic,THS|The Titanic Museum,Q1863818|Q163740,,Titanic Historical Society
The Legend of the Titanic,"The Titanic Café closes its doors and hits the rocks or: Knife, fork and bulldozer ultra modernretail outlet complex development scenario with flowers",Q112062747,5,0,2,poetry pamphlet,,Q7725634,,
The Legend of the Titanic,The Titanic Locket,Q134494245,5,0,2,2014 novel by Suzanne Weyn,,Q7725634,,
The Legend of the Titanic,"Titanic disaster: identity of the ""unknown child""",Q43596749,5,0,2,"scientific article published on January 1, 2011",,Q13442814,,
Italian,Italian,Q652,5,1,1,Romance language,Italian language|Italiana,Q33742|Q1288568,Q3356483|Q85380120,Italian language
Italian,Italy,Q38,5,1,1,country in southern Europe,Italian Republic|Republic of Italy,Q6256|Q3624078|Q619610|Q179164|Q7270|Q51576574,,Italy
Italian,Italian Wikipedia,Q11920,5,1,1,Italian-language edition of Wikipedia,itWP|Wikipedia in italiano,Q10876391,,Italian Wikipedia
Italian,Italian national heritage,Q26971668,5,1,1,cultural property of Italy,,,Q2065736|Q358,
Italian,Italian School Data Portal,Q52116343,5,1,1,Italian data set based on education,,Q1172284,,
Italian,Italian Studies,Q15764180,5,1,1,academic journal,,Q5633421,,
Italian,Italians,Q50001,5,1,1,ethnic group native to Italy,Italian people,Q33829|Q2472587|Q41710,Q3157225|Q101094841|Q22947,Italians
Italian,comune of Italy,Q747074,5,1,1,municipal divisions of Italy,Gemeinde (South Tirol)|Italian municipality|Italian comune,,Q12357920|Q2824645|Q15284,Comune
Italian,Italian National Institute of Statistics,Q214195,5,1,1,Italy's principal government institution in charge of statistics and census data,Istituto Nazionale di Statistica|ISTAT,Q480242|Q130367871,,Italian National Institute of Statistics
Italian,The Italianist,Q15762166,5,1,1,academic journal,Italianist,Q5633421,,
Italian,Titanic,Q25173,5,1,2,"British transatlantic passenger liner, launched and foundered in 1912",The Titanic|RMS Titanic|Royal Mail Steamship Titanic|SS Titanic,Q3362987|Q12859788|Q852190,,Titanic
Italian,Titanic,Q6147471,5,1,2,1988 video game,,Q7889,,
Italian,Titanic,Q44578,5,1,2,1997 film by James Cameron,1997 Titanic,Q11424,,Titanic (1997 film)
Italian,Titanic,Q124981245,5,1,2,vocal track by Stefan Rüdén; 1978 studio recording,,Q55850593,,
Italian,Titanic,Q1416989,5,1,2,musical by Maury Yeston and book by Peter Stone in 1997,Titanic: The Musical,Q58483083,,Titanic (musical)
Italian,RMS Titanic maiden voyage,Q21027972,5,1,2,1912 first and last voyage of the RMS Titanic,Titanic maiden voyage,Q1501837,,
Italian,Titanic,Q1889132,5,1,2,Norwegian band,,Q215380|Q2088357,,Titanic (Norwegian band)
Italian,Titanic,Q1197729,5,1,2,1953 film by Jean Negulesco,Titanic (1953),Q11424,,Titanic (1953 film)
Italian,Titanic,Q10698747,5,1,2,"song written and composed by Mikael Wiehe, originally recorded by Mikael Wiehe and released in 1978",,Q105543609,,
Italian,Titanic,Q47879,5,1,2,German satiric magazine,,Q111914189|Q1002697,,Titanic (magazine)
Italian,sinking of the RMS Titanic,Q2577588,5,1,2,maritime disaster in the North Atlantic Ocean on the night of 14–15 April 1912,sinking of the Titanic|Titanic sinking|RMS Titanic sinking|Titanic disaster|sinking of RMS Titanic|sinking of Titanic,Q906512|Q17633526,,Sinking of the Titanic
Italian,"Titanic disaster: identity of the ""unknown child""",Q43596749,5,1,2,"scientific article published on January 1, 2011",,Q13442814,,
Italian,RMS Titanic,Q51281020,5,1,2,1986 video game,R.M.S. Titanic|Titanic: The Recovery Mission,Q7889,,
Italian,RMS Titanic Maritime Memorial Act,Q7277102,5,1,2,Law passed by U.S. congress in 1986,R.M.S. Titanic Maritime Memorial Act of 1986,Q476068,,RMS Titanic Maritime Memorial Act
Italian,RMS Titanic alternative theories,Q2715843,5,1,2,Pseudohistory of RMS Titanic,Titanic conspiracy theories|RMS Titanic conspiracy theories,Q159535,,Titanic conspiracy theories
Italian,RMS Titanic in popular culture,Q3020501,5,1,2,Overview of the RMS Titanic in popular culture,,Q20742825,,Titanic in popular culture
Italian,RMS Titanic Lifeboat No. 1,Q7277103,5,1,2,lifeboat on the RMS Titanic,,Q1746393,,Titanic Lifeboat No. 1
Italian,"RMS Titanic, Inc.",Q119829226,5,1,2,holder of salvor-in-possession rights to the wreck of the Titanic,RMS Titanic Inc.,Q783794,,
Italian,RMS Titanic and the emergence of new concepts on consortial nature of microbial events,Q38702877,5,1,2,"scientific article published on January 1, 2002",,Q13442814,,
From Russia with Love,From Russia with Love,Q1783005,6,0,1,2005 video game,James Bond 007: From Russia with Love|007: From Russia with Love,Q7889,,From Russia with Love (video game)
From Russia with Love,From Russia with Love,Q106571,6,0,1,1963 UK film by Terence Young,,Q11424,,From Russia with Love (film)
From Russia with Love,From Russia with Love,Q3088282,6,0,1,1992 anime film directed by Osamu Dezaki,Lupin III: Russia yori Ai o Komete|Lupin III: Russia yori Ai wo Komete|Lupin the 3rd: From Siberia with Love,Q506240|Q20650540,,
From Russia with Love,Anastasia Dobromyslova,Q440180,6,0,1,Russian darts player,Anastasia Dobromyslova-Martin|Anastasia Petrovna Dobromyslova-Martin|From Russia with Love,Q5,,Anastasia Dobromyslova
From Russia with Love,From Russia with Love,Q3649476,6,0,1,album by John Barry,,Q482994,,From Russia with Love (soundtrack)
From Russia with Love,From Russia With Love,Q67187342,6,0,1,episode of Melissa & Joey (S2 E14),,Q21191270,,
From Russia with Love,From Russia with Love,Q85872143,6,0,1,2019 live album by Daniel Boaventura,,Q482994,,
From Russia with Love,From Russia with Love,Q114495558,6,0,1,episode of Family (S4 E21),,Q21191270,,
From Russia with Love,From Russia With Love,Q114484795,6,0,1,episode of It's a Living (S3 E7),,Q21191270,,
From Russia with Love,From Russia with Love,Q114546086,6,0,1,episode of The Facts of Life (S3 E8),,Q21191270,,
From Russia with Love,James Bond,Q844,6,0,2,series of books about a British spy,007 series,Q277759|Q106974458,,James Bond
From Russia with Love,James Bond,Q2009573,6,0,2,"secret agent, invented by novellist Ian Fleming",007|Agent 007|double o seven,Q15632617|Q3658341|Q15773347,,James Bond (literary character)
From Russia with Love,James Bond,Q241031,6,0,2,American ornithologist and inspiration for the name of the fictional spy (1900-1989),Jim Bond,Q5,,James Bond (ornithologist)
From Russia with Love,James Bond,Q2635372,6,0,2,video game franchise,,Q7058673,,James Bond in video games
From Russia with Love,James Bond,Q108657299,6,0,2,radiology researcher at Yale,,Q5,,
From Russia with Love,James Bond,Q116475782,6,0,2,rugby league footballer,,Q5,,
From Russia with Love,James Bond,Q2484680,6,0,2,film series,,Q24856,,
From Russia with Love,C. James Bond,Q56496151,6,0,2,archaeologist,James Bond|C. J. Bond,Q5,,
From Russia with Love,James Bond 007: Nightfire,Q161188,6,0,2,2002 video game,007 Nightfire,Q7889,,James Bond 007: Nightfire
From Russia with Love,9007 James Bond,Q157750,6,0,2,asteroid,James Bond,Q3863,,9007 James Bond
From Russia with Love,Soviet espionage in the United States,Q31854,6,0,2,aspect of history,,Q17524420|Q165950,,Soviet espionage in the United States
From Russia with Love,Soviet espionage in Peru,Q124368826,6,0,2,espionage against Peru by Soviet intelligence agencies,,,,Soviet espionage in Peru
Japanese,Japanese,Q5287,6,1,1,language spoken in East Asia,Japanese language|Japanesic,Q33742|Q1288568|Q1322198,Q33612,Japanese language
Japanese,Japanese people,Q161652,6,1,1,East Asian ethnic group native to Japan,Japanese,Q41710,Q26764649,Japanese people
Japanese,Japanese Wikipedia,Q177837,6,1,1,Japanese-language edition of Wikipedia,jawp|JAWP|jpwp|Japanese wikipedia|Japanese language Wikipedia|Jp.wikipedia.org|Ja wikipedia|Japanese WP|jawikipedia|jawiki,Q10876391,,Japanese Wikipedia
Japanese,Japanese encephalitis virus,Q19838331,6,1,1,species of virus,"Encephalitis Virus, Japanese",Q16521,,
Japanese,kanji,Q82772,6,1,1,adopted logographic Chinese characters used in the modern Japanese writing system,kanji characters|Japanese/Kanji,Q29517555|Q3953107,Q56070706|Q3953107,Kanji
Japanese,J-pop,Q131578,6,1,1,Japanese popular music genre,Japanese pop|jpop|Japanese popular music|Jei poppu|jeipoppu|J Pop,Q188451,Q10730335,J-pop
Japanese,Nippon Rinsho,Q26841908,6,1,1,scientific journal,Japanese Journal of Clinical Medicine,Q5633421,,
Japanese,mangaka,Q191633,6,1,1,person who creates manga,manga artist|Japanese comics artist,Q28640,Q715301,Manga artist
Japanese,Chinese characters,Q8201,6,1,1,"logographic writing system with Han origin used in the Sinosphere for Chinese, Japanese, Korean and traditional Vietnamese languages",Hanzi|Kanji|Hanja|Hán tự|Chữ Hán|Han characters|Chu Han|Han tu|Japanese characters|traditional Vietnamese characters|traditional Korean characters|wenzi|ven-tsee|Chinese script|sinographs|Han ideographs|Chữ Nôm|ideographic characters|sinograms|Hani,Q3953107|Q29517555|Q8192,Q8192|Q3953107,Chinese characters
Japanese,seiyū,Q622807,6,1,1,Japanese voice actor or actress,seiyuu|seiyu|Japanese voice actor/actress|Japanese vocal actor/actress|character voice|CV|voice idol,Q28640,Q2405480,Voice acting in Japan
Japanese,Japan,Q17,6,1,2,island country in East Asia,State of Japan|Land of the Rising Sun|Nippon-koku|Nihon-koku|Iapan|Iapon|Land of Rising Sun,Q3624078|Q112099|Q6256,,Japan
Japanese,Empire of Japan,Q188712,6,1,2,empire in the Asia-Pacific region from 1868 to 1947,Japanese Empire|Imperial Japan|Great Empire of Japan|Great Japanese Empire|Japan,Q3024240|Q48349,,Empire of Japan
Japanese,Tokugawa shogunate,Q205662,6,1,2,1603–1868 Japanese military government,Shogunate of Japan|Japan|Edo Japan|Tokugawa Shogunate,Q1074150|Q3024240|Q327333,,Tokugawa shogunate
Japanese,Japan,Q11014269,6,1,2,"village in Kudus Regency, Central Java, Indonesia",Desa Japan,Q26211545,,
Japanese,Japan,Q12487377,6,1,2,"village in Ponorogo Regency, East Java, Indonesia",Desa Japan,Q26211545,,
Japanese,Honshu,Q13989,6,1,2,largest island of Japan,Honshū|Big Island|Japan|Meaco|Nipon|Nippon|Niphon|Honshu Island|Honshu I.|Meako|Hondo|Hondo Island|Hondo Is.|Hondo I.|Main Island,Q17308006,,Honshu
Japanese,Nippon Columbia,Q773717,6,1,2,Japanese record label,,Q4830453|Q2442401|Q18127,,Nippon Columbia
Japanese,Nippon Professional Baseball,Q1146127,6,1,2,baseball league representing the highest level of professional baseball in Japan,NPB|Puro Yakyu|Japanese baseball|Nippon Professional Baseball Organization|Nihon Puro-Yakyuu Kikou,Q6631808|Q15991290|Q4438121,,Nippon Professional Baseball
Japanese,Nippon,Q114926236,6,1,2,Male given name,,Q12308941,,
Japanese,The Journal of the Japanese Society of Internal Medicine,Q27711563,6,1,2,journal,Nihon Naika Gakkai Zasshi|Nippon Naika Gakkai Zasshi,Q5633421,,
Japanese,rhenium,Q737,6,1,2,chemical element with symbol Re and atomic number 75,Re|element 75|75Re|nipponium,Q11344,,Rhenium
Japanese,Nippon Ganka Gakkai zasshi,Q27708808,6,1,2,scientific journal,Nippon Ganka Gakkai Zasshi,Q5633421,,
Dumbo,Dumbo,Q27688828,7,0,1,protagonist from Disney's Dumbo,Dumbo (Disney)|Jumbo Jr.,Q24577122|Q15711870,,
Dumbo,Dumbo,Q40895,7,0,1,1941 animated film directed by Ben Sharpsteen,,Q202866,,Dumbo
Dumbo,Dumbo,Q136525616,7,0,1,"2017 original song written by Vianney Bureau, and performed by Vianney",,Q105543609,,
Dumbo,Dumbo,Q136525641,7,0,1,vocal track by Vianney; 2016 studio recording,,Q55850593,,
Dumbo,Dumbo,Q1264951,7,0,1,"neighborhood of Brooklyn in New York City, United States","Down Under the Manhattan Bridge Overpass|Dumbo, Brooklyn|DUMBO",Q61298320,,"Dumbo, Brooklyn"
Dumbo,Dumbo,Q24284798,7,0,1,2019 film directed by Tim Burton,,Q11424,,Dumbo (2019 film)
Dumbo,Walt Disney's Dumbo,Q27074247,7,0,1,"1957 soundtrack album by Ned Washington, Frank Churchill and Oliver Wallace",Dumbo,Q482994,,
Dumbo,Dumbo,Q2750318,7,0,1,fictional elephant by Helen Aberson,,Q3658341|Q24577122,,
Dumbo,Dumbo Raya,Q19725501,7,0,1,"district in Gorontalo City, Gorontalo Province, Indonesia",Dumbo Raya District,Q3700011,,Dumbo Raya
Dumbo,Dumbo,Q100159046,7,0,1,fictional character from the 1987–1996 Teenage Mutant Ninja Turtles animated television series,1987 Dumbo|Short Fat Punk|Bald Punk|1987 Short Fat Punk|1987 Bald Punk,Q73502689|Q73755406|Q15632617|Q15773317|Q15711870,,
English,English,Q1860,7,1,1,West Germanic language,English language|English (language),Q33742|Q1288568|Q34770|Q152559|Q399495|Q1097949|Q20162172,Q1346342|Q5329170,English language
English,English Wikipedia,Q328,7,1,1,English-language edition of Wikipedia,Wikipedia in English|Wikipedia (English),Q10876391,,English Wikipedia
English,English,Q15924427,7,1,1,family name,,Q101352,,English (surname)
English,English,Q2017605,7,1,1,"town in and the county seat of Sterling Township, Crawford County, Indiana, United States","English, Indiana|English, IN",Q15127012,,"English, Indiana"
English,English studies,Q27968,7,1,1,discipline that studies the English language and literature,English philology|English language|English (academic discipline)|English language and literature|English|English major,Q11862829|Q4671286|Q10894548,Q11790583|Q40634,English studies
English,English people,Q42406,7,1,1,citizens or residents of England,English|the English|Englishmen|people of England,Q6266|Q2472587|Q41710,Q842438,English people
English,British English,Q7979,7,1,1,forms of the English language used in Britain,English (United Kingdom)|United Kingdom English|UK English|BrE|BE|Commonwealth English|Oxford English,Q951873|Q455374,Q138349272,British English
English,English Channel,Q34640,7,1,1,arm of the Atlantic Ocean that separates southern England from northern France,the Channel|British Ocean|Britannic Ocean|the English Channel|British Channel,Q37901|Q165,,English Channel
English,English River,Q286703,7,1,1,"tributary of Winnipeg River in Ontario, Canada",,Q4022,,English River (Ontario)
English,English,Q107392943,7,1,1,male given name,,Q12308941,,
English,Dumbo,Q27688828,7,1,2,protagonist from Disney's Dumbo,Dumbo (Disney)|Jumbo Jr.,Q24577122|Q15711870,,
English,Dumbo,Q40895,7,1,2,1941 animated film directed by Ben Sharpsteen,,Q202866,,Dumbo
English,Dumbo,Q136525616,7,1,2,"2017 original song written by Vianney Bureau, and performed by Vianney",,Q105543609,,
English,Dumbo,Q136525641,7,1,2,vocal track by Vianney; 2016 studio recording,,Q55850593,,
English,Dumbo,Q1264951,7,1,2,"neighborhood of Brooklyn in New York City, United States","Down Under the Manhattan Bridge Overpass|Dumbo, Brooklyn|DUMBO",Q61298320,,"Dumbo, Brooklyn"
English,Dumbo,Q24284798,7,1,2,2019 film directed by Tim Burton,,Q11424,,Dumbo (2019 film)
English,Walt Disney's Dumbo,Q27074247,7,1,2,"1957 soundtrack album by Ned Washington, Frank Churchill and Oliver Wallace",Dumbo,Q482994,,
English,Dumbo,Q2750318,7,1,2,fictional elephant by Helen Aberson,,Q3658341|Q24577122,,
English,Dumbo Raya,Q19725501,7,1,2,"district in Gorontalo City, Gorontalo Province, Indonesia",Dumbo Raya District,Q3700011,,Dumbo Raya
English,Dumbo,Q100159046,7,1,2,fictional character from the 1987–1996 Teenage Mutant Ninja Turtles animated television series,1987 Dumbo|Short Fat Punk|Bald Punk|1987 Short Fat Punk|1987 Bald Punk,Q73502689|Q73755406|Q15632617|Q15773317|Q15711870,,
Kung Fu Panda 3,Kung Fu Panda 3,Q15055043,8,0,1,"2016 film by Jennifer Yuh Nelson, Alessandro Carloni",,Q202866,,Kung Fu Panda 3
Kung Fu Panda 3,Kung Fu Panda 3,Q22671143,8,0,1,2016 soundtrack album,,Q482994,,Kung Fu Panda 3 (soundtrack)
Kung Fu Panda 3,Kung Fu Panda 3: kniha pro filmové fanoušky,Q121974928,8,0,1,book edition published in 2016,,Q3331189,,
Kung Fu Panda 3,Kung Fu Panda 3: skvělé samolepky a hry,Q121975596,8,0,1,book edition published in 2016,,Q3331189,,
Kung Fu Panda 3,Kung Fu Panda 3: super nálepky,Q121975595,8,0,1,book edition published in 2016,,Q3331189,,
Kung Fu Panda 3,Kung Fu Panda 3: skvělé samolepky a hry,Q121975597,8,0,1,book edition published in 2016,,Q3331189,,
Kung Fu Panda 3,Kung Fu Panda 3-Movie Collection,Q109422964,8,0,1,film bundle of 3 Kung Fu Panda films,,Q64777087,,
English,English,Q1860,8,1,1,West Germanic language,English language|English (language),Q33742|Q1288568|Q34770|Q152559|Q399495|Q1097949|Q20162172,Q1346342|Q5329170,English language
English,English Wikipedia,Q328,8,1,1,English-language edition of Wikipedia,Wikipedia in English|Wikipedia (English),Q10876391,,English Wikipedia
English,English,Q15924427,8,1,1,family name,,Q101352,,English (surname)
English,English,Q2017605,8,1,1,"town in and the county seat of Sterling Township, Crawford County, Indiana, United States","English, Indiana|English, IN",Q15127012,,"English, Indiana"
English,English studies,Q27968,8,1,1,discipline that studies the English language and literature,English philology|English language|English (academic discipline)|English language and literature|English|English major,Q11862829|Q4671286|Q10894548,Q11790583|Q40634,English studies
English,English people,Q42406,8,1,1,citizens or residents of England,English|the English|Englishmen|people of England,Q6266|Q2472587|Q41710,Q842438,English people
English,British English,Q7979,8,1,1,forms of the English language used in Britain,English (United Kingdom)|United Kingdom English|UK English|BrE|BE|Commonwealth English|Oxford English,Q951873|Q455374,Q138349272,British English
English,English Channel,Q34640,8,1,1,arm of the Atlantic Ocean that separates southern England from northern France,the Channel|British Ocean|Britannic Ocean|the English Channel|British Channel,Q37901|Q165,,English Channel
English,English River,Q286703,8,1,1,"tributary of Winnipeg River in Ontario, Canada",,Q4022,,English River (Ontario)
English,English,Q107392943,8,1,1,male given name,,Q12308941,,
English,English-language literature,Q186579,8,1,2,literary works written in the English language,English literature|literature in English,Q109551565,Q8242,English literature
English,scholar of English,Q16308156,8,1,2,person who studies English language and literature,English language scholar|English studies scholar|English professor|scholar of English literature|English literature scholar|English literary scholar|anglicist|anglist|English scholar|professor of English,Q28640,Q110038490,Anglicist
English,Philippine English,Q1413694,8,1,2,variety of English as is written and spoken in the Philippines,English language in the Philippines,Q20671152|Q1367114|Q11990179|Q12858101,Q1860|Q3725374,Philippine English
English,teaching English as a second or foreign language,Q7691272,8,1,2,teaching of English to students whose first language is not English,teaching English|teaching English as a second language|TESL|teaching English as a foreign language|TEFL|English language education|TESOL,Q11862829|Q124566076,Q1455196|Q2313213,Teaching English as a second or foreign language
English,English Language Curriculum for Basic 7,Q115800033,8,1,2,Ghana English Language curriculum for Basic 7,,Q1402601|Q113445303,Q113464049|Q113621321,
English,Anglic,Q1346342,8,1,2,group of languages including English and Scots,Insular Germanic languages|English languages|Anglian languages|Anglic languages,Q25295,Q5329170,Anglic languages
English,dictionary of the English language,Q12607437,8,1,2,language version of dictionary,English dictionary|English language dictionary|dictionary of English,,Q23622,
It's Such a Beautiful Day,It's Such a Beautiful Day,Q19880634,9,0,1,2012 animated feature film directed by Don Hertzfeldt,,Q202866,,It's Such a Beautiful Day (film)
It's Such a Beautiful Day,It's Such a Beautiful Day,Q16386428,9,0,1,short story by Isaac Asimov,,Q7725634,,It's Such a Beautiful Day (short story)
It's Such a Beautiful Day,It's Such a Beautiful Day,Q139995486,9,0,1,Wikimedia disambiguation page,,Q4167410,,It's Such a Beautiful Day
It's Such a Beautiful Day,Beautiful Day,Q15928381,9,0,2,2009 compilation album by Cyndi Wang,,Q482994,,
It's Such a Beautiful Day,Beautiful Day,Q926435,9,0,2,2000 single by U2,,Q134556|Q7366|Q7302866,,Beautiful Day
It's Such a Beautiful Day,Beautiful Day,Q48764183,9,0,2,2017 single by Lead,,Q134556,,Beautiful Day (Lead song)
It's Such a Beautiful Day,Beautiful Day,Q4877692,9,0,2,2007 single by Scott Weiland,,Q134556,,Beautiful Day (Scott Weiland song)
It's Such a Beautiful Day,Beautiful Day,Q11192150,9,0,2,2000 single by Field of View,,Q134556,,
It's Such a Beautiful Day,Beautiful Day,Q4877693,9,0,2,,,Q134556,,Beautiful Day (3 Colours Red song)
It's Such a Beautiful Day,Beautiful day,Q19913080,9,0,2,2007 single by Gare du Nord,,Q134556,,
It's Such a Beautiful Day,Beautiful Day,Q10427549,9,0,2,music album by Pernilla Wahlgren,,Q482994,,
It's Such a Beautiful Day,Beautiful Day,Q19514827,9,0,2,album by Vassy,,Q482994,,
It's Such a Beautiful Day,Beautiful Day,Q15944715,9,0,2,album by Q-Genz,,Q482994,,
English,English,Q1860,9,1,1,West Germanic language,English language|English (language),Q33742|Q1288568|Q34770|Q152559|Q399495|Q1097949|Q20162172,Q1346342|Q5329170,English language
English,English Wikipedia,Q328,9,1,1,English-language edition of Wikipedia,Wikipedia in English|Wikipedia (English),Q10876391,,English Wikipedia
English,English,Q15924427,9,1,1,family name,,Q101352,,English (surname)
English,English,Q2017605,9,1,1,"town in and the county seat of Sterling Township, Crawford County, Indiana, United States","English, Indiana|English, IN",Q15127012,,"English, Indiana"
English,English studies,Q27968,9,1,1,discipline that studies the English language and literature,English philology|English language|English (academic discipline)|English language and literature|English|English major,Q11862829|Q4671286|Q10894548,Q11790583|Q40634,English studies
English,English people,Q42406,9,1,1,citizens or residents of England,English|the English|Englishmen|people of England,Q6266|Q2472587|Q41710,Q842438,English people
English,British English,Q7979,9,1,1,forms of the English language used in Britain,English (United Kingdom)|United Kingdom English|UK English|BrE|BE|Commonwealth English|Oxford English,Q951873|Q455374,Q138349272,British English
English,English Channel,Q34640,9,1,1,arm of the Atlantic Ocean that separates southern England from northern France,the Channel|British Ocean|Britannic Ocean|the English Channel|British Channel,Q37901|Q165,,English Channel
English,English River,Q286703,9,1,1,"tributary of Winnipeg River in Ontario, Canada",,Q4022,,English River (Ontario)
English,English,Q107392943,9,1,1,male given name,,Q12308941,,
English,It's Such a Beautiful Day,Q19880634,9,1,2,2012 animated feature film directed by Don Hertzfeldt,,Q202866,,It's Such a Beautiful Day (film)
English,It's Such a Beautiful Day,Q16386428,9,1,2,short story by Isaac Asimov,,Q7725634,,It's Such a Beautiful Day (short story)
English,It's Such a Beautiful Day,Q139995486,9,1,2,Wikimedia disambiguation page,,Q4167410,,It's Such a Beautiful Day
Duck Ugly,Duck Ugly,Q16836138,10,0,1,"2000 or 2003 film directed by Deane Taylor, Emmanuel Klotz",,Q202866,,Duck Ugly
Duck Ugly,The Ugly Duckling,Q11868,10,0,2,1843 literary fairy tale by Hans Christian Andersen,Ugly Duckling|Den grimme ælling,Q7725634,,The Ugly Duckling
Duck Ugly,The Ugly Duckling,Q1171359,10,0,2,1939 film directed by Jack Cutting and Clyde Geronimi,Ugly Duckling,Q17517379,,The Ugly Duckling (1939 film)
Duck Ugly,Ugly Duckling,Q1431814,10,0,2,band,,Q215380,,Ugly Duckling (hip-hop group)
Duck Ugly,Ugly Duckling,Q3228130,10,0,2,2010 animated film directed by Garri Bardin,,Q202866,,
Duck Ugly,Ugly Duckling,Q30592968,10,0,2,2015 Thai TV series,Ugly Duckling series,Q5398426,,Ugly Duckling (TV series)
Duck Ugly,The Ugly Duckling,Q1144677,10,0,2,1931 film by Wilfred Jackson,Ugly Duckling,Q17517379,,The Ugly Duckling (1931 film)
Duck Ugly,Ugly Duckling,Q14644547,10,0,2,episode of MacGyver (S1 E18),,Q21191270,,
Duck Ugly,Ugly Duckling,Q114548997,10,0,2,episode of The Adventures of Puss in Boots (S3 E3),,Q21191270,,
Duck Ugly,Gon-4 like b,Q29825814,10,0,2,protein found in Danio rerio,gon4l|GON-4-like protein|gon4lb|gon-4-like|ugly duckling,Q8054,,
Duck Ugly,The Ugly Duckling,Q19794680,10,0,2,2012 film by Kwak Kyung-taek,Ugly Duckling,Q11424,,
French,French,Q150,10,1,1,Romance language,French language,Q1288568|Q33742|Q34770,Q37351|Q85380120|Q500394|Q19814,French language
French,French,Q15304085,10,1,1,family name,French (surname),Q101352,,French (surname)
French,France,Q142,10,1,1,"country in Western Europe and other continents (through its overseas territories in America, Africa and Oceania)",French Republic,Q3624078|Q20181813|Q51576574|Q7270|Q6256,,France
French,French,Q19872180,10,1,1,male given name,French (first name)|French (given name),Q12308941,,
French,French Wikipedia,Q8447,10,1,1,[fr] French-language edition of Wikipedia,Wikipédia francophone|Wikipédia en français|French-language Wikipedia|French WP|Wikipedia in French,Q10876391,,French Wikipedia
French,French Polynesia,Q30971,10,1,1,French overseas country in the southern Pacific Ocean,pf|French Oceania|French Settlements in Oceania|French Establishments in Oceania|Territory of French Polynesia,Q719487|Q2327385|Q1451600,,French Polynesia
French,French,Q121842,10,1,1,ethnic group of France,the French|Frenchman|Frenchwoman|Frenchmen|Frenchwomen|French people|France residents,Q33829|Q231002,Q394067|Q22947|Q101094841,French people
French,French River,Q691791,10,1,1,"watercourse in Parry Sound District, Ontario, Canada",,Q4022,,French River (Ontario)
French,French Wikisource,Q15156541,10,1,1,French version of Wikisource,frwikisource|fr.wikisource.org,Q15156455,,
French,"French National Directory of Representatives, 9 April 2019",Q63762917,10,1,1,second edition of the French National Directory of Representatives,,Q3331189,,
French,French of France,Q3083196,10,1,2,French language dialect,French language in France|French French|France French|European French|Metropolitan French,Q33384|Q25706123,Q3083218|Q496250,French of France
French,Oïl,Q37351,10,1,2,dialect continuum that includes French and its closest relatives,French languages|langue d'oïl|langues d'oïl|Oïl languages|Oïl language,Q25295,Q5886200,Langues d'oïl
French,French teacher,Q101444601,10,1,2,person who teaches the French language,French professor|French instructor|French tutor|French language teacher|French language professor|French language instructor|French language tutor|teacher of French,Q28640|Q4164871,Q30002353,
French,Prix de la langue française,Q98418749,10,1,2,award given by the French Academy,French Language Award,Q378427,,
French,Swiss French,Q1480152,10,1,2,dialect of French spoken in Switzerland,fr-CH|fr_CH|French language in Switzerland,Q33384|Q25706123,Q3083218|Q1751392,Swiss French
French,Francophone literature,Q787221,10,1,2,literature from the French-speaking world,French-language literature|French literature|literature in French,Q109551565,Q208217,Francophone literature
French,French-language art critics bibliographies,Q28923530,10,1,2,French database of art critics,,Q8513,,
French,African French,Q33670660,10,1,2,generic name of the varieties of the French language in the African continent,African-French|French in Africa|French dialects in the continent of Africa|French-African|French language in Africa,Q1208380,Q150,African French
French,French cuisine,Q6661,10,1,2,сulinary traditions of France,French food|Cuisine of France,Q1968435,Q579316,French cuisine
French,French Cuisine,Q22000505,10,1,2,2015 film by Florent Emilio Siri,Pension complète,Q11424,,French Cuisine (film)
French,French cuisine,Q137485141,10,1,2,,,Q3305213,,
French,history of French cuisine,Q10404,10,1,2,"history of cooking styles, traditions and recipes associated with France",French cuisine history,Q17524420,,
French,13615 Manulis,Q598760,10,1,2,asteroid,Manulis,Q3863,,13615 Manulis
Extinct,extinct,Q237350,11,0,1,IUCN conservation category,EX|extinct species,Q82673,Q15893266|Q98961713,
Extinct,6 extinct,Q20672091,11,0,1,UNESCO language status,extinct|EX,Q21993397,,
Extinct,ghost town,Q74047,11,0,1,city depopulated of inhabitants and that often stays practically intact,extinct town|abandoned village|abandoned town|abandoned city|vacated or seasonal settlement,Q98966309,Q22674925,Ghost town
Extinct,former administrative territorial entity,Q19953632,11,0,1,administrative division which is no longer in use,former administrative division|extinct administrative division|former country subdivision|former state,,Q96088545|Q56061|Q19832712|Q52551684,
Extinct,Extinct,Q124415508,11,0,1,2024 collaborative studio album by Meat Beat Manifesto and Merzbow,,Q482994,,
Extinct,extinct,Q108449669,11,0,1,NZTCS conservation status classification,EX,Q108448274,,
Extinct,extinction,Q123509,11,0,1,termination of a taxon by the death of its last member,species extinction|extinctions|species extinctions|dying out|going extinct|taxon extinction|extinction of species|extinction of taxa|biological extinction,Q64732777,Q105766453|Q16672848|Q4,Extinction
Extinct,Extinction Rebellion,Q58819597,11,0,1,UK-founded global environmental international movement,XR,Q49773|Q43229|Q929651|Q506259,,Extinction Rebellion
Extinct,extinct,Q21604888,11,0,1,FAO risk status,X,Q21601419,,
Extinct,ancient city,Q15661340,11,0,1,city in historical records,historical city|extinct city|ancient town|former city,,Q515|Q22674925|Q839954,
Extinct,Extinct species in art,Q120467662,11,0,2,,,,,Extinct species in art
Extinct,Extinct species identification from late middle Pleistocene and earlier Upper Pleistocene bone fragments and tools not recognizable from their osteomorphological study by an enhanced proteomics protocol,Q114146612,11,0,2,scientific article published in 2022,,Q13442814,,
Extinct,Extinct species will stay extinct,Q114172633,11,0,2,scientific article published in 2022,,Q13442814,,
Extinct,extinct in the wild,Q239509,11,0,2,IUCN conservation category,EW,Q82673,,Extinct in the wild
Extinct,extinct in the wild,Q56660254,11,0,2,category in the Red List of threatened species in the Czech Republic,,Q12056776,,
Extinct,extinct in the wild,Q140084494,11,0,2,Australian EPBC Act threatened category,,Q140084492,,
Extinct,extinct in the wild,Q123142278,11,0,2,South African National Biodiversity Institute conservation status category,EW,Q122237794,,
Extinct,Extinct in the wild: The precarious state of Earth’s most threatened group of species,Q125900618,11,0,2,scientific article published on 01 March 2023,,Q13442814,,
Extinct,Extinct-in-the-wild species' last stand,Q98175981,11,0,2,scientific article published on 01 July 2020,,Q13442814,,
English,English,Q1860,11,1,1,West Germanic language,English language|English (language),Q33742|Q1288568|Q34770|Q152559|Q399495|Q1097949|Q20162172,Q1346342|Q5329170,English language
English,English Wikipedia,Q328,11,1,1,English-language edition of Wikipedia,Wikipedia in English|Wikipedia (English),Q10876391,,English Wikipedia
English,English,Q15924427,11,1,1,family name,,Q101352,,English (surname)
English,English,Q2017605,11,1,1,"town in and the county seat of Sterling Township, Crawford County, Indiana, United States","English, Indiana|English, IN",Q15127012,,"English, Indiana"
English,English studies,Q27968,11,1,1,discipline that studies the English language and literature,English philology|English language|English (academic discipline)|English language and literature|English|English major,Q11862829|Q4671286|Q10894548,Q11790583|Q40634,English studies
English,English people,Q42406,11,1,1,citizens or residents of England,English|the English|Englishmen|people of England,Q6266|Q2472587|Q41710,Q842438,English people
English,British English,Q7979,11,1,1,forms of the English language used in Britain,English (United Kingdom)|United Kingdom English|UK English|BrE|BE|Commonwealth English|Oxford English,Q951873|Q455374,Q138349272,British English
English,English Channel,Q34640,11,1,1,arm of the Atlantic Ocean that separates southern England from northern France,the Channel|British Ocean|Britannic Ocean|the English Channel|British Channel,Q37901|Q165,,English Channel
English,English River,Q286703,11,1,1,"tributary of Winnipeg River in Ontario, Canada",,Q4022,,English River (Ontario)
English,English,Q107392943,11,1,1,male given name,,Q12308941,,
English,dead language,Q45762,11,1,2,"language that is no longer the native language of any community, even if it is still in use",extinct language,Q20829075,Q20162172,Dead language
English,extinct language,Q38058796,11,1,2,language that no longer has any first-language or second-language speakers,,Q20829075,Q45762|Q15893266,Extinct language
English,extinct languages of the Marañón River basin,Q5390321,11,1,2,group of languages,,,Q54801970|Q33956,Extinct languages of northern Peru
Ratty,Water Rat,Q28112384,12,0,1,"character from the segment ""The Wind in the Willows"" from Disney's The Adventures of Ichabod and Mr. Toad",Ratty,Q27303776|Q15711870,,
Ratty,Rättyä,Q53923218,12,0,1,family name,,Q101352,,
Ratty,Ratty,Q684102,12,0,1,band,,Q215380,,
Ratty,Ratty,Q37051711,12,0,1,family name,,Q101352,,
Ratty,Rattyvity Lab,Q115625316,12,0,1,2022 video game,,Q7889,,
Ratty,Rättyä-Pälli,Q53922783,12,0,1,family name,,Q29042997|Q101352,,
Ratty,Ratty,Q4353159,12,0,1,1986 film by Lennart Gustafsson,,Q202866,,Ratty (film)
Ratty,Ratty Catty,Q124070183,12,0,1,2017 video game,,Q7889,,
Ratty,Rättyä,Q104652435,12,0,1,"village or neighbourhood in Kannus, Finland",,Q103910453,,
Ratty,Ratty's Bridge,Q55046370,12,0,1,"bridge in Buncam, County Galway, Ireland",,Q12280,,
Ratty,Ratte,Q1462738,12,0,2,"commune in Saône-et-Loire, France",,Q484170,,"Ratte, Saône-et-Loire"
Ratty,Ratte,Q37540880,12,0,2,family name,,Q101352,,
Ratty,Ratte,Q26110605,12,0,2,"village in Polewali Mandar Regency, West Sulawesi, Indonesia",,Q26211545,,
Ratty,Ratte,Q25932605,12,0,2,"village in Tana Toraja Regency, South Sulawesi, Indonesia",,Q12494403,,
Ratty,brown rat,Q184224,12,0,2,species of mammal,street rat|sewer rat|wharf rat|water rat|Parisian rat|Norwegian rat|Norway rat|Rattus norvegicus|🐀|rat|Hanover rat,Q16521|Q213907,,Brown rat
Ratty,Ratten,Q580618,12,0,2,"municipality in Weiz District, Styria, Austria",,Q1802801|Q667509,,Ratten
Ratty,Rattery,Q2226506,12,0,2,"village and parish in Devon, England","Rattery, Devon",Q532|Q1115575,,Rattery
Ratty,159409 Ratte,Q2756286,12,0,2,asteroid / minor planet,Ratte,Q3863,,159409 Ratte
Ratty,Rattelsdorf,Q529428,12,0,2,"municipality in Bavaria, Germany",,Q100341898|Q15303838,,Rattelsdorf
Ratty,Rattenbury,Q7295956,12,0,2,family name,,Q101352,,Rattenbury
Swedish,Swedish,Q9027,12,1,1,North Germanic language spoken in Sweden and Finland,Swedish language|Svenska|swed1254,Q34770|Q1288568,Q3090263,Swedish language
Swedish,Sweden,Q34,12,1,1,country in Northern Europe,Kingdom of Sweden|se|Swedish Kingdom,Q3624078|Q6256|Q179164|Q63791824|Q41614,,Sweden
Swedish,Swedish Wikipedia,Q169514,12,1,1,Swedish-language edition of Wikipedia,,Q10876391,,Swedish Wikipedia
Swedish,Swedish copyright act 2 chapter 26 §,Q80211245,12,1,1,"Swedish copyright act paragraph on public debates, public documents etc.",,Q110273232|Q61005213,,
Swedish,Nationalmuseum,Q842858,12,1,1,"art museum in Stockholm, Sweden",Kongliga svenska museum|Swedish National Art Museum|Nationalmuseet|Nationalmuseum Sweden|National Museum of Fine Arts|National Museum of Sweden,Q207694|Q17431399|Q68295960,,Nationalmuseum
Swedish,Swedes,Q165192,12,1,1,ethnic group in Northern Europe,Swedish people|Swedish,Q41710,Q7429989|Q394067|Q101094841,Swedes
Swedish,Swedish,Q37472356,12,1,1,family name,,Q101352,,
Swedish,Swedish Parliament database,Q21592569,12,1,1,open data portal of the Swedish Parliament,Riksdag database|data.riksdagen.se,Q27031827,,
Swedish,Swedish Government Official report,Q7604015,12,1,1,official series of reports of committees appointed by the Swedish Government,Swedish Government Official Reports (SOU series)|Statens offentliga utredningar,Q277759,,Statens offentliga utredningar
Swedish,Swedish Social Democratic Party,Q105112,12,1,1,centre-left political party in Sweden,Sveriges socialdemokratiska arbetareparti|Socialdemokraterna,Q108564724|Q7278,,Swedish Social Democratic Party
Swedish,Swedish Language Council,Q3500437,12,1,2,Swedish government agency for language policy,,Q327333,,Language Council of Sweden
Swedish,dictionary of the Swedish language,Q55623753,12,1,2,language version of dictionary,Swedish dictionary|Swedish language dictionary|dictionary of Swedish,,Q55594385,
Swedish,Swedish teacher,Q101540627,12,1,2,person who teaches the Swedish language,Swedish professor|Swedish instructor|Swedish tutor|Swedish language teacher|Swedish language professor|Swedish language instructor|Swedish language tutor,Q28640|Q12737077,Q30002353,
Swedish,teaching of Swedish,Q10685751,12,1,2,language education,Swedish language teaching|Swedish language instruction,,Q2313213,
Swedish,Swedish-language surnames,Q10685313,12,1,2,,,Q33283501,,
Swedish,Swedish language in the United States,Q116874780,12,1,2,overview about the Swedish language in the United States,,Q113612628,Q9027|Q1058256,
Swedish,Swedish language family,Q12646226,12,1,2,family of languages closely related to standard Swedish,,Q25295,Q3090263,
Swedish,Swedish language in Sweden,Q131616169,12,1,2,,,Q113612628,Q9027|Q2629184,
Swedish,Swedish Language Newspaper Clippings and Related Material (NAID 6120944),Q66190154,12,1,2,series in the National Archives and Records Administration's holdings,,Q2668072,,
Swedish,Swedish nationality law,Q13626537,12,1,2,law determining entitlement to Swedish citizenship,,Q3176665,,Swedish nationality law
Treasure Planet,Treasure Planet,Q3211722,13,0,1,2002 video game,Disney's Treasure Planet,Q7889,,
Treasure Planet,Treasure Planet,Q392530,13,0,1,2002 animated film directed by John Musker and Ron Clements,,Q202866,,Treasure Planet
Treasure Planet,Treasure Planet: Battle at Procyon,Q3211723,13,0,1,2002 video game,Disney's Treasure Planet: Battle at Procyon,Q7889,,Treasure Planet: Battle at Procyon
Treasure Planet,The Treasure Planet,Q15071803,13,0,1,1982 animated film directed by Rumen Petkov,Treasure Planet,Q202866,,Treasure Planet (1982 film)
Treasure Planet,Treasure Planet,Q108371647,13,0,1,video game series,,Q7058673,,
Treasure Planet,Treasure Planet: Etherium Rescue,Q66915451,13,0,1,2002 video game,,Q7889,,
Treasure Planet,Treasure Planet: Broadside Blast,Q66913253,13,0,1,2002 video game,,Q7889,,
Treasure Planet,Treasure Planet: Treasure Racer,Q66914999,13,0,1,2002 video game,,Q7889,,
Treasure Planet,Treasure Planet,Q101070094,13,0,1,fictional planet in the Disney movie Treasure Planet,,Q2775969,,
Treasure Planet,Treasure Planet,Q113461749,13,0,1,2002 soundtrack album by James Newton Howard,,Q482994,,Treasure Planet (soundtrack)
English,English,Q1860,13,1,1,West Germanic language,English language|English (language),Q33742|Q1288568|Q34770|Q152559|Q399495|Q1097949|Q20162172,Q1346342|Q5329170,English language
English,English Wikipedia,Q328,13,1,1,English-language edition of Wikipedia,Wikipedia in English|Wikipedia (English),Q10876391,,English Wikipedia
English,English,Q15924427,13,1,1,family name,,Q101352,,English (surname)
English,English,Q2017605,13,1,1,"town in and the county seat of Sterling Township, Crawford County, Indiana, United States","English, Indiana|English, IN",Q15127012,,"English, Indiana"
English,English studies,Q27968,13,1,1,discipline that studies the English language and literature,English philology|English language|English (academic discipline)|English language and literature|English|English major,Q11862829|Q4671286|Q10894548,Q11790583|Q40634,English studies
English,English people,Q42406,13,1,1,citizens or residents of England,English|the English|Englishmen|people of England,Q6266|Q2472587|Q41710,Q842438,English people
English,British English,Q7979,13,1,1,forms of the English language used in Britain,English (United Kingdom)|United Kingdom English|UK English|BrE|BE|Commonwealth English|Oxford English,Q951873|Q455374,Q138349272,British English
English,English Channel,Q34640,13,1,1,arm of the Atlantic Ocean that separates southern England from northern France,the Channel|British Ocean|Britannic Ocean|the English Channel|British Channel,Q37901|Q165,,English Channel
English,English River,Q286703,13,1,1,"tributary of Winnipeg River in Ontario, Canada",,Q4022,,English River (Ontario)
English,English,Q107392943,13,1,1,male given name,,Q12308941,,
English,Treasure Planet,Q3211722,13,1,2,2002 video game,Disney's Treasure Planet,Q7889,,
English,Treasure Planet,Q392530,13,1,2,2002 animated film directed by John Musker and Ron Clements,,Q202866,,Treasure Planet
English,Treasure Planet: Battle at Procyon,Q3211723,13,1,2,2002 video game,Disney's Treasure Planet: Battle at Procyon,Q7889,,Treasure Planet: Battle at Procyon
English,The Treasure Planet,Q15071803,13,1,2,1982 animated film directed by Rumen Petkov,Treasure Planet,Q202866,,Treasure Planet (1982 film)
English,Treasure Planet,Q108371647,13,1,2,video game series,,Q7058673,,
English,Treasure Planet: Etherium Rescue,Q66915451,13,1,2,2002 video game,,Q7889,,
English,Treasure Planet: Broadside Blast,Q66913253,13,1,2,2002 video game,,Q7889,,
English,Treasure Planet: Treasure Racer,Q66914999,13,1,2,2002 video game,,Q7889,,
English,Treasure Planet,Q101070094,13,1,2,fictional planet in the Disney movie Treasure Planet,,Q2775969,,
English,Treasure Planet,Q113461749,13,1,2,2002 soundtrack album by James Newton Howard,,Q482994,,Treasure Planet (soundtrack)
English,English-language literature,Q186579,13,1,2,literary works written in the English language,English literature|literature in English,Q109551565,Q8242,English literature
English,scholar of English,Q16308156,13,1,2,person who studies English language and literature,English language scholar|English studies scholar|English professor|scholar of English literature|English literature scholar|English literary scholar|anglicist|anglist|English scholar|professor of English,Q28640,Q110038490,Anglicist
English,Philippine English,Q1413694,13,1,2,variety of English as is written and spoken in the Philippines,English language in the Philippines,Q20671152|Q1367114|Q11990179|Q12858101,Q1860|Q3725374,Philippine English
English,teaching English as a second or foreign language,Q7691272,13,1,2,teaching of English to students whose first language is not English,teaching English|teaching English as a second language|TESL|teaching English as a foreign language|TEFL|English language education|TESOL,Q11862829|Q124566076,Q1455196|Q2313213,Teaching English as a second or foreign language
English,English Language Curriculum for Basic 7,Q115800033,13,1,2,Ghana English Language curriculum for Basic 7,,Q1402601|Q113445303,Q113464049|Q113621321,
English,Anglic,Q1346342,13,1,2,group of languages including English and Scots,Insular Germanic languages|English languages|Anglian languages|Anglic languages,Q25295,Q5329170,Anglic languages
English,dictionary of the English language,Q12607437,13,1,2,language version of dictionary,English dictionary|English language dictionary|dictionary of English,,Q23622,
Children of the Sea,Children of the Sea,Q17328685,14,0,1,"painting by Jozef Israëls, Rijksmuseum",,Q3305213,,Children of the Sea (painting)
Children of the Sea,Children of the Sea,Q62126928,14,0,1,2019 Japanese animated film,,Q202866,,Children of the Sea (film)
Children of the Sea,Children of the Sea,Q3545956,14,0,1,comic by Daisuke Igarashi,,Q21198342,,Children of the Sea (manga)
Children of the Sea,Children of the Sea,Q21618904,14,0,1,painting by Jan Hendrik Luyten,,Q3305213,,
Children of the Sea,Children of the Sea,Q5098568,14,0,1,song by Black Sabbath,,Q105543609,,Children of the Sea (song)
Children of the Sea,Children of the Sea,Q20004550,14,0,1,1909 silent short film,,Q24862,,
Children of the Sea,Na Kama Kai,Q30258947,14,0,1,"nonprofit organization in Kahuku, United States",NKK|Children of the Sea,Q163740,,
Children of the Sea,Children of the Sea,Q20894873,14,0,1,Wikimedia disambiguation page,,Q4167410,,Children of the Sea
Japanese,Japanese,Q5287,14,1,1,language spoken in East Asia,Japanese language|Japanesic,Q33742|Q1288568|Q1322198,Q33612,Japanese language
Japanese,Japanese people,Q161652,14,1,1,East Asian ethnic group native to Japan,Japanese,Q41710,Q26764649,Japanese people
Japanese,Japanese Wikipedia,Q177837,14,1,1,Japanese-language edition of Wikipedia,jawp|JAWP|jpwp|Japanese wikipedia|Japanese language Wikipedia|Jp.wikipedia.org|Ja wikipedia|Japanese WP|jawikipedia|jawiki,Q10876391,,Japanese Wikipedia
Japanese,Japanese encephalitis virus,Q19838331,14,1,1,species of virus,"Encephalitis Virus, Japanese",Q16521,,
Japanese,kanji,Q82772,14,1,1,adopted logographic Chinese characters used in the modern Japanese writing system,kanji characters|Japanese/Kanji,Q29517555|Q3953107,Q56070706|Q3953107,Kanji
Japanese,J-pop,Q131578,14,1,1,Japanese popular music genre,Japanese pop|jpop|Japanese popular music|Jei poppu|jeipoppu|J Pop,Q188451,Q10730335,J-pop
Japanese,Nippon Rinsho,Q26841908,14,1,1,scientific journal,Japanese Journal of Clinical Medicine,Q5633421,,
Japanese,mangaka,Q191633,14,1,1,person who creates manga,manga artist|Japanese comics artist,Q28640,Q715301,Manga artist
Japanese,Chinese characters,Q8201,14,1,1,"logographic writing system with Han origin used in the Sinosphere for Chinese, Japanese, Korean and traditional Vietnamese languages",Hanzi|Kanji|Hanja|Hán tự|Chữ Hán|Han characters|Chu Han|Han tu|Japanese characters|traditional Vietnamese characters|traditional Korean characters|wenzi|ven-tsee|Chinese script|sinographs|Han ideographs|Chữ Nôm|ideographic characters|sinograms|Hani,Q3953107|Q29517555|Q8192,Q8192|Q3953107,Chinese characters
Japanese,seiyū,Q622807,14,1,1,Japanese voice actor or actress,seiyuu|seiyu|Japanese voice actor/actress|Japanese vocal actor/actress|character voice|CV|voice idol,Q28640,Q2405480,Voice acting in Japan
Japanese,Japanese citizen,Q58893412,14,1,2,person who possesses Japanese nationality,Japanese people|Japanese,,Q115861446|Q1020994,Japanese citizen
Japanese,Japanese people in Hawaii,Q6158764,14,1,2,ethnic group in Hawaii,Japanese Hawaiians|Local Japanese|Kepanī|Japanese in Hawaii,Q108788952,Q1156766,Japanese in Hawaii
Japanese,Japanese people in China,Q5952809,14,1,2,People of Japanese descent that live within China,,Q108788952,Q161652,Japanese people in China
Japanese,Japanese people in Spain,Q6158946,14,1,2,ethnic group,,Q41710|Q177626,,Japanese people in Spain
Japanese,Japanese people of Argentine descent,Q16482099,14,1,2,,,,,
Japanese,Japanese people in Russia,Q904357,14,1,2,ethnic group,,Q41710,Q161652,Japanese people in Russia
Japanese,Japanese People's Emancipation League,Q11507198,14,1,2,Japanese resistance organization in China,Japanese People's Liberation Alliance|Free Japan,Q43229,,Japanese People's Emancipation League
Japanese,Japanese people in South Korea,Q11267680,14,1,2,ethnic group,,Q108788952,Q1373538,Japanese people in South Korea
Japanese,Japanese people in France,Q6125295,14,1,2,ethnic group,,Q117430967,,Japanese people in France
Japanese,Nipponese Translation of the Word Lichen.,Q104821719,14,1,2,scientific article published in 1932,,Q13442814,,
The Creation of the World,The Creation of the World,Q56124639,15,0,1,clock on display on the Louvre,,Q41751|Q860861,,
The Creation of the World,The Creation of the World,Q508032,15,0,1,1957 film by Eduard Hofman,Creation of the World,Q202866,,
The Creation of the World,The Creation of the World,Q64520898,15,0,1,painting by Stroganov School,,Q3305213,,
The Creation of the World,The Creation of the World,Q18602378,15,0,1,painting by unknown painter,,Q132137|Q3305213,,
The Creation of the World,The Creation of the World,Q137053277,15,0,1,"painting by Cajetan Roos, Musée de la Chasse et de la Nature, Paris",,Q3305213,,
The Creation of the World,The Creation Of The World,Q123305197,15,0,1,1975 film by John Barnes,,Q24862,,
The Creation of the World,The Creation of the World,Q119437576,15,0,1,"painting by Dan Coombs (b.1971), Arts Council Collection, Southbank Centre",,Q3305213,,
The Creation of the World,The Creation of the World,Q138645430,15,0,1,tapestry designed by Fernand Léger,,Q184296,,
The Creation of the World,The Creation of the World,Q62053572,15,0,1,Bodleian Library MS. Bodl. 219,,Q87167,,
The Creation of the World,The Creation of the World and the Expulsion from Paradise,Q20185213,15,0,1,painting by Giovanni di Paolo (Giovanni di Paolo di Grazia),,Q3305213,,
Czech,Czech,Q9056,15,1,1,West Slavic language,Czech language|Český|Čeština|Bohemian|Bohemian language,Q33742|Q1288568|Q34770|Q1322198,Q2334789|Q145852,Czech language
Czech,Czech Republic,Q213,15,1,1,country in Central Europe,Czechia,Q6256|Q3624078|Q123480|Q7270|Q127693126,,Czech Republic
Czech,Czech Wikipedia,Q191168,15,1,1,Czech-language edition of Wikipedia,,Q10876391,,Czech Wikipedia
Czech,Czechoslovakia,Q33946,15,1,1,country in Central Europe (1918–1992),Czecho-Slovakia|cs|TCH|Československo|Federation of Czechoslovakia|People's Republic of Czechoslovakia,Q3624078|Q3024240,,Czechoslovakia
Czech,Czech National Authority Database,Q13550863,15,1,1,Authority Database of the National Library of the Czech Republic,AUT|NL CR AUT|NK CR AUT|NKCR Authority Database,Q856638|Q1982918|Q36524,,NKC (identifier)
Czech,Česko-Slovenská filmová databáze,Q3561957,15,1,1,Czech and Slovak web project providing a movie database,csfd.cz|ČSFD|Česko-Slovenská filmová databáza|Czech-Slovak Film Database,Q35127|Q1414426,,
Czech,Czech Wikisource,Q16735590,15,1,1,edition of the free library,cswikisource|cs.wikisource.org,Q15156455,,
Czech,The Journal of Czech Physicians,Q15750472,15,1,1,Czech journal,Časopis lékařů českých|Časopis lékařův českých|Journal of Czech Physicians|Czech Physicians' Journal,Q5633421,,
Czech,Czechoslovak Socialist Republic,Q853348,15,1,1,republic in Central/Eastern Europe between 1948 and 1990,Czechoslovak SR|Československá socialistická republika|Československá republika|Czechoslovak Republic|Communist Czechoslovakia|SR Czechoslovakia|Socialist Republic of Czechoslovakia,Q3024240|Q325261|Q11514315,,Czechoslovak Socialist Republic
Czech,Czech Wiktionary,Q32946808,15,1,1,edition of the free dictionary,cswiktionary|cswikt|cs.wiktionary.org,Q22001389,,
Czech,dictionary of the Czech language,Q55671315,15,1,2,language version of dictionary,Czech dictionary|Czech language dictionary|dictionary of Czech,,Q55594385,
Czech,Czech-language broadcast from abroad,Q10857159,15,1,2,,,,Q64707203,
Czech,"Czech Language Institute of the AS CR, p. r. i., Department of Languages, Library",Q114617581,15,1,2,,,Q1438040,,
Czech,Czech-language literature,Q139591061,15,1,2,,,Q109551565,,
Czech,"Czech Language Institute of the AS CR, p. r. i., Department of Etymology and Department of Dialectology, Library",Q114617870,15,1,2,,,Q1438040,,
Czech,Czech language in the 21st century school - V.: children's preconceptions within the educational framework of czech language: research conclusions,Q121973117,15,1,2,book edition published in 2015,,Q3331189,,
Czech,Czech Republic,Q5201764,15,1,2,constituency of the European Parliament,,Q2631496,,Czech Republic (European Parliament constituency)
Czech,Czech Republic,Q3496079,15,1,2,member state of the Czech and Slovak Federal Republic (1990–1992),,Q56219758,,
Czech,Czechia men's national football team,Q483868,15,1,2,men's national association football team representing Czechia,Czech Republic national football team|Czech national football team|Czechia national team|National team of Czechia|Czechia NT|Czechia N.T.|Czechia national football team,Q135408445,Q1194951,Czech Republic national football team
Czech,Czech Republic national under-21 football team,Q1464421,15,1,2,national under-21 association football team representing Czechia,Czechia national under-21 football team|Czechia national U21 football team,Q6979740,Q1194951,Czech Republic national under-21 football team
Czech,Czechia men's national ice hockey team,Q754410,15,1,2,men's national ice hockey team representing the Czech Republic,Czech Republic men's national ice hockey team|Team Czech Republic,Q135409346,,Czechia men's national ice hockey team
Czech,Czech Republic,Q99288382,15,1,2,the country of the Czech Republic as depicted in Star Trek,Star Trek Czech Republic,Q57663042|Q15796005,,
Czech,2017 Czech legislative election,Q17016895,15,1,2,"All 200 seats of the Chamber of Deputies, lower house of the Parliament, were available for the election.","Election to the Chamber of Deputies of the Parliament of the Czech Republic of 2017|Czech Republic general election of 2017|Czech parliamentary election, 2017|Czech Republic parliamentary election of 2017|Czech legislative election, 2017|Czech general election, 2017|Czech Republic legislative election of 2017|2017 Czech general election",Q14516417,,2017 Czech parliamentary election
Czech,Czech Republic national under-19 football team,Q3873527,15,1,2,national under-19 football team of Czechia,Czechia national under-19 football team|Czechia national U19 football team,Q23901137,,Czech Republic national under-19 football team
Czech,Czech Republic–Poland border,Q1992001,15,1,2,separates the state territories of the two States,border between Czech Republic and Poland|border between Poland and Czech Republic|Czech Republic-Poland border|Poland-Czech Republic border,Q133346|Q15104814|Q12413618,,Czech Republic–Poland border
Grave of the Fireflies,Grave of the Fireflies,Q274520,16,0,1,1988 anime film directed by Isao Takahata,Hotaru no Haka,Q20650540,,Grave of the Fireflies
Grave of the Fireflies,Grave of the Fireflies,Q5372512,16,0,1,story by Akiyuki Nosaka,,Q7725634,,Grave of the Fireflies (short story)
Grave of the Fireflies,Grave of the Fireflies,Q5597803,16,0,1,2005 Japanese TV drama,Hotaru no Haka,Q506240,,Grave of the Fireflies (2005 film)
Grave of the Fireflies,Tombstone of the Fireflies,Q106313934,16,0,1,2008 film directed by Tarō Hyūgaji,Grave of the Fireflies|Hotaru no haka,Q11424,,
Grave of the Fireflies,Hotaru no haka,Q28023356,16,0,2,Wikimedia disambiguation page,,Q4167410,,
Grave of the Fireflies,Hotaru no Haka (desambiguação),Q9019608,16,0,2,Wikimedia disambiguation page,,Q4167410,,
Japanese,Japanese,Q5287,16,1,1,language spoken in East Asia,Japanese language|Japanesic,Q33742|Q1288568|Q1322198,Q33612,Japanese language
Japanese,Japanese people,Q161652,16,1,1,East Asian ethnic group native to Japan,Japanese,Q41710,Q26764649,Japanese people
Japanese,Japanese Wikipedia,Q177837,16,1,1,Japanese-language edition of Wikipedia,jawp|JAWP|jpwp|Japanese wikipedia|Japanese language Wikipedia|Jp.wikipedia.org|Ja wikipedia|Japanese WP|jawikipedia|jawiki,Q10876391,,Japanese Wikipedia
Japanese,Japanese encephalitis virus,Q19838331,16,1,1,species of virus,"Encephalitis Virus, Japanese",Q16521,,
Japanese,kanji,Q82772,16,1,1,adopted logographic Chinese characters used in the modern Japanese writing system,kanji characters|Japanese/Kanji,Q29517555|Q3953107,Q56070706|Q3953107,Kanji
Japanese,J-pop,Q131578,16,1,1,Japanese popular music genre,Japanese pop|jpop|Japanese popular music|Jei poppu|jeipoppu|J Pop,Q188451,Q10730335,J-pop
Japanese,Nippon Rinsho,Q26841908,16,1,1,scientific journal,Japanese Journal of Clinical Medicine,Q5633421,,
Japanese,mangaka,Q191633,16,1,1,person who creates manga,manga artist|Japanese comics artist,Q28640,Q715301,Manga artist
Japanese,Chinese characters,Q8201,16,1,1,"logographic writing system with Han origin used in the Sinosphere for Chinese, Japanese, Korean and traditional Vietnamese languages",Hanzi|Kanji|Hanja|Hán tự|Chữ Hán|Han characters|Chu Han|Han tu|Japanese characters|traditional Vietnamese characters|traditional Korean characters|wenzi|ven-tsee|Chinese script|sinographs|Han ideographs|Chữ Nôm|ideographic characters|sinograms|Hani,Q3953107|Q29517555|Q8192,Q8192|Q3953107,Chinese characters
Japanese,seiyū,Q622807,16,1,1,Japanese voice actor or actress,seiyuu|seiyu|Japanese voice actor/actress|Japanese vocal actor/actress|character voice|CV|voice idol,Q28640,Q2405480,Voice acting in Japan
Japanese,Grave of the Fireflies,Q274520,16,1,2,1988 anime film directed by Isao Takahata,Hotaru no Haka,Q20650540,,Grave of the Fireflies
Japanese,Grave of the Fireflies,Q5372512,16,1,2,story by Akiyuki Nosaka,,Q7725634,,Grave of the Fireflies (short story)
Japanese,Grave of the Fireflies,Q5597803,16,1,2,2005 Japanese TV drama,Hotaru no Haka,Q506240,,Grave of the Fireflies (2005 film)
Japanese,Tombstone of the Fireflies,Q106313934,16,1,2,2008 film directed by Tarō Hyūgaji,Grave of the Fireflies|Hotaru no haka,Q11424,,
Japanese,Studio Ghibli,Q182950,16,1,2,Japanese animation studio,STUDIO GHIBLI INC.|Ghibli,Q1107679,,Studio Ghibli
Japanese,Ghibli Park,Q97125735,16,1,2,"Park facility in Aichi Prefecture, Japan, themed with Studio Ghibli films",Ghibli Theme Park|Studio Ghibli Park|Studio Ghibli Theme Park,Q2416723,,Ghibli Park
Japanese,Studio Ghibli Feature Films,Q104830727,16,1,2,film series,,Q56884562,,
Japanese,Studio Ghibli Songs,Q11244799,16,1,2,compilation album,,Q482994,,
Japanese,Studio Ghibli Records,Q112930838,16,1,2,Japanese record label,,Q18127,,
Japanese,Studio Ghibli AI Generator,Q133733394,16,1,2,meme in which mass AI images are generated in the “Studio Ghibli” drawing style,Studio Ghibli AI Filter|GPT-4o Art Style Image Conversions,Q2927074,,
Japanese,Studio Ghibli and Japanese Soft Power,Q126116098,16,1,2,scientific article published in 2021,,Q13442814,,
Japanese,Studio Ghibli suspende temporalmente sus actividades por crisis económica,Q17945022,16,1,2,Wikinews article,,Q17633526,,
Japanese,Isao Takahata,Q178713,16,1,2,"Japanese animator, animation director, director, producer (1935-2018)",,Q5,,Isao Takahata
Japanese,"Isao Takahata, Leader in Japanese Animation, Dies at 82",Q81593274,16,1,2,obituary in the New York Times,,Q309481,,
Tiny Heroes,Tiny Heroes,Q18881071,17,0,1,tower defense video game,,Q7889,,Tiny Heroes
Tiny Heroes,Tiny Heroes,Q16523604,17,0,1,1997 film directed by József Gémes,,Q202866,,Tiny Heroes (film)
Tiny Heroes,Tiny Heroes,Q64738037,17,0,1,Wikimedia disambiguation page,,Q4167410,,
Hungarian,Hungarian,Q9067,17,1,1,Ugric language mainly spoken in Hungary and surrounding countries,Hungarian language|Magyar|Magyar language|Modern Hungarian|Modern Hungarian language,Q33742|Q1288568|Q34770|Q1047113,Q156631,Hungarian language
Hungarian,Hungarian Wikipedia,Q53464,17,1,1,Hungarian-language edition of Wikipedia,,Q10876391,,Hungarian Wikipedia
Hungarian,Orvosi Hetilap,Q550234,17,1,1,Hungarian medical journal,Hungarian Medical Journal|Hungarian Medical Weekly|Medical Weekly Paper,Q16024164,,Orvosi Hetilap
Hungarian,Hungarian Football Federation,Q733029,17,1,1,governing body of association football in Hungary,,Q1478443,,Hungarian Football Federation
Hungarian,Hungarian National Gallery,Q252071,17,1,1,national art museum in Hungary,Magyar Nemzeti Galeria|Magyar Nemzeti Galéria|National Gallery Budapest|Budapest National Gallery,Q207694|Q17431399,,Hungarian National Gallery
Hungarian,Hungarian Academy of Sciences,Q265058,17,1,1,learned society of Hungary,Magyar Tudományos Akadémia|MTA|Magyar Tudomanyos Akademia|HAS,Q414147|Q1126018|Q1966910|Q43229,,Hungarian Academy of Sciences
Hungarian,Hungarian Central Statistical Office,Q1125966,17,1,1,Hungary's principal government institution in charge of statistics and census data,,Q480242|Q30559504,,Hungarian Central Statistical Office
Hungarian,municipality of Hungary,Q2590631,17,1,1,administrative division of Hungary,Hungarian municipality,,Q532|Q14502790|Q12357920,
Hungarian,Hungarian State Railways,Q168082,17,1,1,national railway operator in Hungary,MÁV|Magyar Államvasutak Zrt.|MAV|Magyar Allamvasutak Zrt.|Royal Hungarian State Railways|MÁV Hungarian State Railways Private Company Limited by Shares|MÁV Co.,Q521458|Q4830453|Q219577,,Hungarian State Railways
Hungarian,MOL Group,Q549181,17,1,1,Hungarian oil industry corporation,Hungarian Oil and Gas Public Limited Company|MOL,Q4830453|Q6881511|Q891723|Q64027599|Q43229,,MOL (company)
Hungarian,Hungarian-language studies,Q113884146,17,1,2,discipline that studies the Hungarian language and literature,Hungarian philology|Hungarian studies,Q4671286,Q40634,
Hungarian,dictionary of the Hungarian language,Q55759018,17,1,2,language version of dictionary,Hungarian dictionary|Hungarian language dictionary|dictionary of Hungarian,,Q55594385,
Hungarian,Hungarian language atheist literature in Romania,Q780039,17,1,2,,,,Q935268,
Hungarian,history of the Hungarian language,Q469384,17,1,2,aspect of history,Old Hungarian|the Hungarian language history|Hungarian language history,Q139800429,,History of the Hungarian language
Hungarian,Hungarian Language Day,Q469375,17,1,2,,,Q1445650,,
Hungarian,Hungarian language in Ukraine,Q9632915,17,1,2,,,Q113612628,Q9067|Q2477544,
Hungarian,Hungarian-language yearbook published in Romania,Q1250909,17,1,2,,,,Q9311446,
Hungarian,Hungarian linguistics,Q133260951,17,1,2,study of the Hungarian language,Hungarian language studies,Q11862829,Q855627|Q8162,
Hungarian,Hungarian language school-leaving examinations among scouts organized by HSAE,Q93764995,17,1,2,,,Q1148359,,
Hungarian,Hungarians,Q133032,17,1,2,ethnic group native to Central Europe,Magiares|Magyars|Hungarian people|Hungary residents,Q41710|Q33829,Q94696335|Q22947,Hungarians
Hungarian,Hungarian People's Republic,Q16410,17,1,2,1949–1989 socialist republic in Central Europe,PR Hungary|Socialist Hungary|Hungary|Communist Hungary,Q3024240|Q325261|Q842112|Q465613|Q11514315,,Hungarian People's Republic
Hungarian,First Hungarian Republic,Q516160,17,1,2,former country (1918–1919),Hungarian People's Republic,Q99541706|Q1088391|Q10711424|Q465613,,First Hungarian Republic
Hungarian,Hungarian People's Party of Transylvania,Q988250,17,1,2,political party,,Q7278,,Hungarian People's Party of Transylvania
Hungarian,Hungarian People's Union,Q1162156,17,1,2,political party in Romania (1944-1953),,Q7278,,Hungarian People's Union
Hungarian,Hungarian People's Army,Q1162155,17,1,2,former Eastern Bloc state's land forces,,Q772547,,Hungarian People's Army
Hungarian,Hungarian People's Army Air Force,Q5870649,17,1,2,air force of the Hungarian People's Republic,Hungarian Popular Army Air Force|Hungarian Air Force,Q61883,,
Hungarian,Hungarian People's Party,Q18639308,17,1,2,former political party in Romania,,Q7278,,Hungarian People's Party
Hungarian,Hungarian People’s Party,Q134776329,17,1,2,former Hungarian political party (1989-1999),Hungarian People’s Party  - National Peasants’ Party,Q7278,,
Gandahar,Gandahar,Q944102,18,0,1,1988 film by René Laloux,Light Years,Q202866,,Gandahar (film)
Gandahar,Gandhara,Q213651,18,0,1,ancient civilization in present-day north-west Pakistan and north-east Afghanistan,,Q1620908|Q846025|Q8432,,Gandhara
Gandahar,Gondoharum,Q11002560,18,0,1,"village in Kendal Regency, Central Java, Indonesia",,Q26211545,,
Gandahar,Gondoharum,Q11018087,18,0,1,"village in Kudus Regency, Central Java, Indonesia",Desa Gondoharum,Q26211545,,
Gandahar,Gandahar et l'oiseau-monde,Q135207128,18,0,1,novel by Jean-Pierre Andrevon,,Q7725634,,
Gandahar,Gandahar,Q5520583,18,0,1,Wikimedia disambiguation page,,Q4167410,,Gandahar
Gandahar,André Masson,Q111189336,18,0,2,"novelist, journalist (1921-1987)",French novelist,Q5,,
Gandahar,The Dynasty of the Emotion Merchants,Q137353600,18,0,2,French novel by Bastien Dallenne,French novel by Bastien Dallenne,Q7725634,,
Gandahar,French Novelists of Today,Q136151068,18,0,2,book 1935,,Q3331189,,
Gandahar,French Novel vs Turkish Novel,Q129953261,18,0,2,scholarly article published in 2017,,Q13442814,,
Gandahar,French Novels and the Victorians by Juliette Atkinson,Q110794989,18,0,2,journal article by Thomas Smits,,Q18918145,,
Gandahar,FRENCH NOVELLA: COMPOSITIONAL AND MORPHOLOGICAL ASPECTS,Q128262199,18,0,2,scholarly article,,Q13442814,,
Gandahar,French Novel of XX–XXI cs. as a Transitive Element of Genre System (On the Material of Works of A. Nothomb),Q128311508,18,0,2,scholarly article,,Q13442814,,
Gandahar,French author,Q137373978,18,0,2,,French authors,,Q36180,
Gandahar,French author Le Clézio wins the 2008 Nobel Prize in Literature,Q17710186,18,0,2,Wikinews article,,Q17633526,,
Gandahar,French authorities raid drug company offices to investigate collusion over eye drug,Q87687956,18,0,2,"scientific article published on April 15, 2014",,Q13442814,,
Gandahar,"French Authors in Grades XI, XII and XIII",Q129922878,18,0,2,scholarly article published in September 1951,,Q13442814,,
French,French,Q150,18,1,1,Romance language,French language,Q1288568|Q33742|Q34770,Q37351|Q85380120|Q500394|Q19814,French language
French,French,Q15304085,18,1,1,family name,French (surname),Q101352,,French (surname)
French,France,Q142,18,1,1,"country in Western Europe and other continents (through its overseas territories in America, Africa and Oceania)",French Republic,Q3624078|Q20181813|Q51576574|Q7270|Q6256,,France
French,French,Q19872180,18,1,1,male given name,French (first name)|French (given name),Q12308941,,
French,French Wikipedia,Q8447,18,1,1,[fr] French-language edition of Wikipedia,Wikipédia francophone|Wikipédia en français|French-language Wikipedia|French WP|Wikipedia in French,Q10876391,,French Wikipedia
French,French Polynesia,Q30971,18,1,1,French overseas country in the southern Pacific Ocean,pf|French Oceania|French Settlements in Oceania|French Establishments in Oceania|Territory of French Polynesia,Q719487|Q2327385|Q1451600,,French Polynesia
French,French,Q121842,18,1,1,ethnic group of France,the French|Frenchman|Frenchwoman|Frenchmen|Frenchwomen|French people|France residents,Q33829|Q231002,Q394067|Q22947|Q101094841,French people
French,French River,Q691791,18,1,1,"watercourse in Parry Sound District, Ontario, Canada",,Q4022,,French River (Ontario)
French,French Wikisource,Q15156541,18,1,1,French version of Wikisource,frwikisource|fr.wikisource.org,Q15156455,,
French,"French National Directory of Representatives, 9 April 2019",Q63762917,18,1,1,second edition of the French National Directory of Representatives,,Q3331189,,
French,French of France,Q3083196,18,1,2,French language dialect,French language in France|French French|France French|European French|Metropolitan French,Q33384|Q25706123,Q3083218|Q496250,French of France
French,Oïl,Q37351,18,1,2,dialect continuum that includes French and its closest relatives,French languages|langue d'oïl|langues d'oïl|Oïl languages|Oïl language,Q25295,Q5886200,Langues d'oïl
French,French teacher,Q101444601,18,1,2,person who teaches the French language,French professor|French instructor|French tutor|French language teacher|French language professor|French language instructor|French language tutor|teacher of French,Q28640|Q4164871,Q30002353,
French,Prix de la langue française,Q98418749,18,1,2,award given by the French Academy,French Language Award,Q378427,,
French,Swiss French,Q1480152,18,1,2,dialect of French spoken in Switzerland,fr-CH|fr_CH|French language in Switzerland,Q33384|Q25706123,Q3083218|Q1751392,Swiss French
French,Francophone literature,Q787221,18,1,2,literature from the French-speaking world,French-language literature|French literature|literature in French,Q109551565,Q208217,Francophone literature
French,French-language art critics bibliographies,Q28923530,18,1,2,French database of art critics,,Q8513,,
French,African French,Q33670660,18,1,2,generic name of the varieties of the French language in the African continent,African-French|French in Africa|French dialects in the continent of Africa|French-African|French language in Africa,Q1208380,Q150,African French
Flushed Away,Flushed Away,Q8564088,19,0,1,2006 video game,Flushed Away: Underground Adventure,Q7889,,Flushed Away (video game)
Flushed Away,Flushed Away,Q752301,19,0,1,2006 British-American animated film,,Q202866,,Flushed Away
Flushed Away,Flushed Away,Q139505267,19,0,1,2006 film soundtrack album,,Q482994,,Flushed Away (soundtrack)
Flushed Away,Flushed Away – Music from the Motion Picture,Q3491944,19,0,1,2006 compilation soundtrack album; various artists,,Q482994,,
Flushed Away,Flushed away.,Q43316526,19,0,1,scientific article published in April 2010,,Q13442814,,
Flushed Away,Flushed Away,Q124762395,19,0,1,Wikimedia disambiguation page,,Q4167410,,
Flushed Away,The Wrong Trousers,Q1969617,19,0,2,1993 stop motion animated short film directed by Nick Park,Wallace and Gromit in The Wrong Trousers|Wrong Trousers|Wallace & Gromit in The Wrong Trousers,Q17517379,,The Wrong Trousers
Flushed Away,The wrong trousers,Q39162313,19,0,2,scientific article published on September 2003,,Q13442814,,
Flushed Away,The Wrong Trousers? Beyond the Design Fallacy: Social Learning and the User,Q64447595,19,0,2,,,Q13442814,,
English,English,Q1860,19,1,1,West Germanic language,English language|English (language),Q33742|Q1288568|Q34770|Q152559|Q399495|Q1097949|Q20162172,Q1346342|Q5329170,English language
English,English Wikipedia,Q328,19,1,1,English-language edition of Wikipedia,Wikipedia in English|Wikipedia (English),Q10876391,,English Wikipedia
English,English,Q15924427,19,1,1,family name,,Q101352,,English (surname)
English,English,Q2017605,19,1,1,"town in and the county seat of Sterling Township, Crawford County, Indiana, United States","English, Indiana|English, IN",Q15127012,,"English, Indiana"
English,English studies,Q27968,19,1,1,discipline that studies the English language and literature,English philology|English language|English (academic discipline)|English language and literature|English|English major,Q11862829|Q4671286|Q10894548,Q11790583|Q40634,English studies
English,English people,Q42406,19,1,1,citizens or residents of England,English|the English|Englishmen|people of England,Q6266|Q2472587|Q41710,Q842438,English people
English,British English,Q7979,19,1,1,forms of the English language used in Britain,English (United Kingdom)|United Kingdom English|UK English|BrE|BE|Commonwealth English|Oxford English,Q951873|Q455374,Q138349272,British English
English,English Channel,Q34640,19,1,1,arm of the Atlantic Ocean that separates southern England from northern France,the Channel|British Ocean|Britannic Ocean|the English Channel|British Channel,Q37901|Q165,,English Channel
English,English River,Q286703,19,1,1,"tributary of Winnipeg River in Ontario, Canada",,Q4022,,English River (Ontario)
English,English,Q107392943,19,1,1,male given name,,Q12308941,,
English,English-language literature,Q186579,19,1,2,literary works written in the English language,English literature|literature in English,Q109551565,Q8242,English literature
English,scholar of English,Q16308156,19,1,2,person who studies English language and literature,English language scholar|English studies scholar|English professor|scholar of English literature|English literature scholar|English literary scholar|anglicist|anglist|English scholar|professor of English,Q28640,Q110038490,Anglicist
English,Philippine English,Q1413694,19,1,2,variety of English as is written and spoken in the Philippines,English language in the Philippines,Q20671152|Q1367114|Q11990179|Q12858101,Q1860|Q3725374,Philippine English
English,teaching English as a second or foreign language,Q7691272,19,1,2,teaching of English to students whose first language is not English,teaching English|teaching English as a second language|TESL|teaching English as a foreign language|TEFL|English language education|TESOL,Q11862829|Q124566076,Q1455196|Q2313213,Teaching English as a second or foreign language
English,English Language Curriculum for Basic 7,Q115800033,19,1,2,Ghana English Language curriculum for Basic 7,,Q1402601|Q113445303,Q113464049|Q113621321,
English,Anglic,Q1346342,19,1,2,group of languages including English and Scots,Insular Germanic languages|English languages|Anglian languages|Anglic languages,Q25295,Q5329170,Anglic languages
English,dictionary of the English language,Q12607437,19,1,2,language version of dictionary,English dictionary|English language dictionary|dictionary of English,,Q23622,
