data,candidates,QID,row,columns,quality,description,aliases,P31,P279,sitelink
Schleissheim Parish Church,Schleissheim Parish Church,Q26237132,0,0,1,"church building with adjoining cemetery in Schleissheim, Upper Austria, Austria",,Q16970|Q39614|Q728266,,
Schleissheim Parish Church,Catholic Church,Q9592,0,0,2,"largest Christian Church, made up of 24 autonomous Churches in communion with the Pope, part of the Latin Church aka Latin Christianity a.k.a. western Christianity",Roman Catholic Church|Roman Apostolic Catholic Church|Roman Rite Catholic Church,Q879146|Q4204511|Q34651|Q2638480,,Catholic Church
Schleissheim Parish Church,Catholic church building,Q1088552,0,0,2,church building in the Catholic Church,Catholic church|Roman Rite Catholic church|Roman Rite Catholic church building|Catholic temple,Q811102,Q140454931,Catholic church building
Schleissheim Parish Church,Catholic Church,Q110209751,0,0,2,gouache - Michel Jean Cazabon,,Q21281546,,
Schleissheim Parish Church,Catholic Church in the United States,Q769585,0,0,2,part of the worldwide Roman Catholic Church,Roman Catholic Church in the United States|American Catholicism,Q13073773|Q23955632,Q15717693|Q4116393,Catholic Church in the United States
Schleissheim Parish Church,Catholic church,Q106842044,0,0,2,"church building in Hesse, Germany",,Q16970,,
Schleissheim Parish Church,Catholic Church,Q1487180,0,0,2,"church building in Langnau im Emmental in the canton of Bern, Switzerland",Katholische Kirche|Kirche Heilig Kreuz,Q1088552,,
Schleissheim Parish Church,Catholic Church sexual abuse cases,Q573565,0,0,2,sexual abuse cases by Catholic clergy,Catholic sex abuse cases,Q5801919|Q26553,,Catholic Church sexual abuse cases
Schleissheim Parish Church,Catholic Church in the Czech Republic,Q1201779,0,0,2,,,Q13073773|Q23955632,Q15717693|Q12032243,Catholic Church in the Czech Republic
Schleissheim Parish Church,Catholic church,Q1537908,0,0,2,"church building in Richterswil in the canton of Zurich, Switzerland",Katholische Kirche Richterswil,Q1088552,,
Schleissheim Parish Church,political Catholicism,Q834554,0,0,2,"interplay of Catholicism with religious, and later secular, politics",Catholic Church and politics,Q12909644,Q1841|Q4116798,Catholic Church and politics
Schleissheim Parish Church,parish church,Q317557,0,0,2,church which acts as the religious centre of a parish,"parochial church|Parish church, parochial church|church",,Q16970,Parish church
Schleissheim Parish Church,Catholic parish church,Q55876909,0,0,2,church building that acts as the religious center of a Catholic parish,church|parish church|parish,Q811102,Q317557|Q1088552|Q17334923,
Schleissheim Parish Church,Parish Church,Q27973525,0,0,2,painting by Patrick Caulfield,,Q3305213,,
Schleissheim Parish Church,St Cennych's Church,Q29498437,0,0,2,"church in Llangennech, Carmarthenshire, Wales","St Gwynog's|Parish church|St Cennych's Church, Llangennech|St Cennych or St Gwynog's Church, Llangennech",Q16970,,
Schleissheim Parish Church,parish church,Q23689631,0,0,2,"parish church in Mooskirchen, Austria",,Q317557,,
Schleissheim Parish Church,Santa Maria Assunta church,Q55110064,0,0,2,"building in Calavino, Italy",parish church,Q16970|Q317557,,
Schleissheim Parish Church,Parish Church,Q17548751,0,0,2,"church in Throckmorton, Worcestershire, England, UK",Throckmorton Church|Throckmorton Chapelry,Q16970,,
Schleissheim Parish Church,Parish Church,Q17529278,0,0,2,"church in Easton Grey, Wiltshire, England, UK",Easton Grey Parish Church,Q16970,,
Schleissheim Parish Church,Church of Saint Eustace,Q55110576,0,0,2,"building in Campo di Giove, Italy",Mother Church of Saint Eustace|Parish Church of Saint Eustace,Q16970,,
Schleissheim Parish Church,Brecon Cathedral,Q2469048,0,0,2,"Grade I listed cathedral in Brecon, Powys",Cathedral Church Of St John The Baptist|Eglwys Gadeiriol Aberhonddu|Parish Church of St John the Evangelist|Priory Church of St. John the Evangelist|Brecon Priory,Q56242250,,Brecon Cathedral
Catholicism,Catholicism,Q1841,0,1,1,Christian doctrine professed by the Catholic Church,Catholic faith|Catholic religion|Roman Catholicism|Christianity,Q123129246|Q71966963,Q842798|Q2711500|Q5043,Catholicism
Catholicism,Catholicism: The Story of Catholic Christianity,Q56048148,0,1,1,academic book by Gerald O'Collins & Mario Farrugia,Catholicism,Q47461344,,
Catholicism,Catholic Church and health care,Q12193139,0,1,1,relationship between the Catholic Church and health care,Catholic hospitals|Catholic healthcare|Catholic health care|Roman Catholic hospitals|Catholicism and healthcare|Roman Catholicism and healthcare,Q21040055,,Catholic Church and health care
Catholicism,Catholic Church in Canada,Q1205551,0,1,1,part of the worldwide Catholic Church in Canada,Catholicism in Canada|Roman Catholicism in Canada|Roman Catholic Church in Canada,Q13073773|Q23955632,Q15717693|Q12193115,Catholic Church in Canada
Catholicism,Catholic Church in Italy,Q1201891,0,1,1,part of the worldwide Catholic Church,Roman Catholicism in Italy|Catholicism in Italy,Q13073773,Q15717693|Q378478,Catholic Church in Italy
Catholicism,Catholic Church in Japan,Q1205621,0,1,1,the practice of Latin Catholicism in the eastern island nation of Japan,Latin Catholicism in Japan|Catholicism in Japan|Western Catholicism in Japan|Roman Catholicism in Japan,Q13073773,Q15717693|Q427945,Catholic Church in Japan
Catholicism,Catholicism and Crisis in Modern France,Q140146939,0,1,1,book published by Princeton University Press (1962),,Q3331189,,
Catholicism,Catholicism contending with modernity : Roman Catholic modernism and anti-modernism in historical context,Q139540249,0,1,1,book published in 2000,,Q3331189,,
Catholicism,"Catholicism and the Great War: Religion and Everyday Life in Germany and Austria-Hungary, 1914–1922",Q111134191,0,1,1,,,Q7725634,,
Catholicism,Catholic Church in Bosnia and Herzegovina,Q1572396,0,1,1,part of the worldwide Catholic Church,Catholicism in Bosnia and Herzegovina,Q13073773,Q15717693|Q12193037,Catholic Church in Bosnia and Herzegovina
Catholicism,Catholic Church,Q9592,0,1,2,"largest Christian Church, made up of 24 autonomous Churches in communion with the Pope, part of the Latin Church aka Latin Christianity a.k.a. western Christianity",Roman Catholic Church|Roman Apostolic Catholic Church|Roman Rite Catholic Church,Q879146|Q4204511|Q34651|Q2638480,,Catholic Church
Catholicism,Catholic church building,Q1088552,0,1,2,church building in the Catholic Church,Catholic church|Roman Rite Catholic church|Roman Rite Catholic church building|Catholic temple,Q811102,Q140454931,Catholic church building
Catholicism,Catholic Church,Q110209751,0,1,2,gouache - Michel Jean Cazabon,,Q21281546,,
Catholicism,Catholic Church in the United States,Q769585,0,1,2,part of the worldwide Roman Catholic Church,Roman Catholic Church in the United States|American Catholicism,Q13073773|Q23955632,Q15717693|Q4116393,Catholic Church in the United States
Catholicism,Catholic church,Q106842044,0,1,2,"church building in Hesse, Germany",,Q16970,,
Catholicism,Catholic Church,Q1487180,0,1,2,"church building in Langnau im Emmental in the canton of Bern, Switzerland",Katholische Kirche|Kirche Heilig Kreuz,Q1088552,,
Catholicism,Catholic Church sexual abuse cases,Q573565,0,1,2,sexual abuse cases by Catholic clergy,Catholic sex abuse cases,Q5801919|Q26553,,Catholic Church sexual abuse cases
Catholicism,Catholic Church in the Czech Republic,Q1201779,0,1,2,,,Q13073773|Q23955632,Q15717693|Q12032243,Catholic Church in the Czech Republic
Catholicism,Catholic church,Q1537908,0,1,2,"church building in Richterswil in the canton of Zurich, Switzerland",Katholische Kirche Richterswil,Q1088552,,
Catholicism,political Catholicism,Q834554,0,1,2,"interplay of Catholicism with religious, and later secular, politics",Catholic Church and politics,Q12909644,Q1841|Q4116798,Catholic Church and politics
Catholicism,Catholic Church in France,Q795240,0,1,2,part of the worldwide Roman Catholic Church,Roman Catholicism in France|French Catholic Church,Q13073773,Q15717693|Q2965819,Catholic Church in France
Catholicism,Catholic Church in Brazil,Q1426688,0,1,2,overview of the role of the Catholic Church in Brazil,Roman Catholicism in Brazil,Q13073773|Q1530022,Q15717693|Q9674773,Catholic Church in Brazil
Catholicism,Catholic Church in Germany,Q570555,0,1,2,overview of the role of the Catholic Church in Germany,Roman Catholicism in Germany,Q13073773|Q23955632,Q15717693|Q12193019,Catholic Church in Germany
Catholicism,Catholic Church in Poland,Q1152005,0,1,2,overview of the role of the Catholic Church in Poland,Roman Catholicism in Poland,Q13073773,Q15717693|Q21655815,Catholic Church in Poland
Catholicism,Catholic Church in Hungary,Q221433,0,1,2,part of the worldwide Roman Catholic Church,Roman Catholicism in Hungary,Q13073773|Q23955632,Q15717693|Q1107527,Catholic Church in Hungary
"Pfarrkirche hl. Martin, Pichl bei Wels","Pfarrkirche hl. Martin, Pichl bei Wels",Q26236776,1,0,1,"parish church and cemetery in Pichl bei Wels, Austria",,Q16970|Q39614,,
"Pfarrkirche hl. Martin, Pichl bei Wels",Pfarrkirche Hl. Martin,Q14540878,1,0,2,"church building in Vorarlberg, Austria",,Q317557|Q16970,,
"Pfarrkirche hl. Martin, Pichl bei Wels","Pfarrkirche hl. Martin, Sankt Martin im Sulmtal",Q27902889,1,0,2,"church building in Sankt Martin im Sulmtal, Austria",,Q16970,,
"Pfarrkirche hl. Martin, Pichl bei Wels","Pfarrkirche hl. Martin, Greith bei Neumarkt",Q28381823,1,0,2,"parish church with cemetery in Neumarkt in der Steiermark, Austria",,Q16970|Q39614,,
"Pfarrkirche hl. Martin, Pichl bei Wels","Pfarrkirche hl. Martin, Donnerskirchen",Q27302400,1,0,2,"church building in Donnerskirchen, Austria",,Q16970,,
"Pfarrkirche hl. Martin, Pichl bei Wels",Pfarrkirche hl. Martin in der Wart,Q23799272,1,0,2,"church building in Burgenland, Austria",,Q16970,,
"Pfarrkirche hl. Martin, Pichl bei Wels",Pfarrkirche hl. Martin,Q15840319,1,0,2,"church building in Ladis, Austria",,Q317557|Q16970,,
"Pfarrkirche hl. Martin, Pichl bei Wels",Pfarrkirche hl. Martin,Q27259300,1,0,2,"church building in Mattersburg, Austria",,Q16970,,
"Pfarrkirche hl. Martin, Pichl bei Wels",Pfarrkirche Hl. Martin,Q18629830,1,0,2,"church building in Krumbach, Austria",,Q317557|Q16970,,
"Pfarrkirche hl. Martin, Pichl bei Wels",Pfarrkirche hl. Martin,Q33080329,1,0,2,"church building in Hörbranz, Austria",,Q16970,,
"Pfarrkirche hl. Martin, Pichl bei Wels",Pfarrkirche Schachendorf,Q20640562,1,0,2,"church building in Burgenland, Austria",Pfarrkirche hl. Martin,Q16970,,
"Pfarrkirche hl. Martin, Pichl bei Wels",Pichl bei Wels,Q677221,1,0,2,"municipality in Wels-Land District, Upper Austria, Austria",,Q562061|Q667509,,Pichl bei Wels
"Pfarrkirche hl. Martin, Pichl bei Wels",Pichl bei Wels,Q134317682,1,0,2,"cadastral municipality in Wels-Land district, Austria",,Q17376095,,
"Pfarrkirche hl. Martin, Pichl bei Wels",Catholic Church,Q9592,1,0,2,"largest Christian Church, made up of 24 autonomous Churches in communion with the Pope, part of the Latin Church aka Latin Christianity a.k.a. western Christianity",Roman Catholic Church|Roman Apostolic Catholic Church|Roman Rite Catholic Church,Q879146|Q4204511|Q34651|Q2638480,,Catholic Church
"Pfarrkirche hl. Martin, Pichl bei Wels",Catholic church building,Q1088552,1,0,2,church building in the Catholic Church,Catholic church|Roman Rite Catholic church|Roman Rite Catholic church building|Catholic temple,Q811102,Q140454931,Catholic church building
"Pfarrkirche hl. Martin, Pichl bei Wels",Catholic Church,Q110209751,1,0,2,gouache - Michel Jean Cazabon,,Q21281546,,
"Pfarrkirche hl. Martin, Pichl bei Wels",Catholic Church in the United States,Q769585,1,0,2,part of the worldwide Roman Catholic Church,Roman Catholic Church in the United States|American Catholicism,Q13073773|Q23955632,Q15717693|Q4116393,Catholic Church in the United States
"Pfarrkirche hl. Martin, Pichl bei Wels",Catholic church,Q106842044,1,0,2,"church building in Hesse, Germany",,Q16970,,
"Pfarrkirche hl. Martin, Pichl bei Wels",Catholic Church,Q1487180,1,0,2,"church building in Langnau im Emmental in the canton of Bern, Switzerland",Katholische Kirche|Kirche Heilig Kreuz,Q1088552,,
"Pfarrkirche hl. Martin, Pichl bei Wels",Catholic Church sexual abuse cases,Q573565,1,0,2,sexual abuse cases by Catholic clergy,Catholic sex abuse cases,Q5801919|Q26553,,Catholic Church sexual abuse cases
"Pfarrkirche hl. Martin, Pichl bei Wels",Catholic Church in the Czech Republic,Q1201779,1,0,2,,,Q13073773|Q23955632,Q15717693|Q12032243,Catholic Church in the Czech Republic
"Pfarrkirche hl. Martin, Pichl bei Wels",Catholic church,Q1537908,1,0,2,"church building in Richterswil in the canton of Zurich, Switzerland",Katholische Kirche Richterswil,Q1088552,,
"Pfarrkirche hl. Martin, Pichl bei Wels",political Catholicism,Q834554,1,0,2,"interplay of Catholicism with religious, and later secular, politics",Catholic Church and politics,Q12909644,Q1841|Q4116798,Catholic Church and politics
Catholicism,Catholicism,Q1841,1,1,1,Christian doctrine professed by the Catholic Church,Catholic faith|Catholic religion|Roman Catholicism|Christianity,Q123129246|Q71966963,Q842798|Q2711500|Q5043,Catholicism
Catholicism,Catholicism: The Story of Catholic Christianity,Q56048148,1,1,1,academic book by Gerald O'Collins & Mario Farrugia,Catholicism,Q47461344,,
Catholicism,Catholic Church and health care,Q12193139,1,1,1,relationship between the Catholic Church and health care,Catholic hospitals|Catholic healthcare|Catholic health care|Roman Catholic hospitals|Catholicism and healthcare|Roman Catholicism and healthcare,Q21040055,,Catholic Church and health care
Catholicism,Catholic Church in Canada,Q1205551,1,1,1,part of the worldwide Catholic Church in Canada,Catholicism in Canada|Roman Catholicism in Canada|Roman Catholic Church in Canada,Q13073773|Q23955632,Q15717693|Q12193115,Catholic Church in Canada
Catholicism,Catholic Church in Italy,Q1201891,1,1,1,part of the worldwide Catholic Church,Roman Catholicism in Italy|Catholicism in Italy,Q13073773,Q15717693|Q378478,Catholic Church in Italy
Catholicism,Catholic Church in Japan,Q1205621,1,1,1,the practice of Latin Catholicism in the eastern island nation of Japan,Latin Catholicism in Japan|Catholicism in Japan|Western Catholicism in Japan|Roman Catholicism in Japan,Q13073773,Q15717693|Q427945,Catholic Church in Japan
Catholicism,Catholicism and Crisis in Modern France,Q140146939,1,1,1,book published by Princeton University Press (1962),,Q3331189,,
Catholicism,Catholicism contending with modernity : Roman Catholic modernism and anti-modernism in historical context,Q139540249,1,1,1,book published in 2000,,Q3331189,,
Catholicism,"Catholicism and the Great War: Religion and Everyday Life in Germany and Austria-Hungary, 1914–1922",Q111134191,1,1,1,,,Q7725634,,
Catholicism,Catholic Church in Bosnia and Herzegovina,Q1572396,1,1,1,part of the worldwide Catholic Church,Catholicism in Bosnia and Herzegovina,Q13073773,Q15717693|Q12193037,Catholic Church in Bosnia and Herzegovina
Catholicism,Catholic Church,Q9592,1,1,2,"largest Christian Church, made up of 24 autonomous Churches in communion with the Pope, part of the Latin Church aka Latin Christianity a.k.a. western Christianity",Roman Catholic Church|Roman Apostolic Catholic Church|Roman Rite Catholic Church,Q879146|Q4204511|Q34651|Q2638480,,Catholic Church
Catholicism,Catholic church building,Q1088552,1,1,2,church building in the Catholic Church,Catholic church|Roman Rite Catholic church|Roman Rite Catholic church building|Catholic temple,Q811102,Q140454931,Catholic church building
Catholicism,Catholic Church,Q110209751,1,1,2,gouache - Michel Jean Cazabon,,Q21281546,,
Catholicism,Catholic Church in the United States,Q769585,1,1,2,part of the worldwide Roman Catholic Church,Roman Catholic Church in the United States|American Catholicism,Q13073773|Q23955632,Q15717693|Q4116393,Catholic Church in the United States
Catholicism,Catholic church,Q106842044,1,1,2,"church building in Hesse, Germany",,Q16970,,
Catholicism,Catholic Church,Q1487180,1,1,2,"church building in Langnau im Emmental in the canton of Bern, Switzerland",Katholische Kirche|Kirche Heilig Kreuz,Q1088552,,
Catholicism,Catholic Church sexual abuse cases,Q573565,1,1,2,sexual abuse cases by Catholic clergy,Catholic sex abuse cases,Q5801919|Q26553,,Catholic Church sexual abuse cases
Catholicism,Catholic Church in the Czech Republic,Q1201779,1,1,2,,,Q13073773|Q23955632,Q15717693|Q12032243,Catholic Church in the Czech Republic
Catholicism,Catholic church,Q1537908,1,1,2,"church building in Richterswil in the canton of Zurich, Switzerland",Katholische Kirche Richterswil,Q1088552,,
Catholicism,political Catholicism,Q834554,1,1,2,"interplay of Catholicism with religious, and later secular, politics",Catholic Church and politics,Q12909644,Q1841|Q4116798,Catholic Church and politics
Catholicism,Pfarrkirche Hl. Martin,Q14540878,1,1,2,"church building in Vorarlberg, Austria",,Q317557|Q16970,,
Catholicism,"Pfarrkirche hl. Martin, Sankt Martin im Sulmtal",Q27902889,1,1,2,"church building in Sankt Martin im Sulmtal, Austria",,Q16970,,
Catholicism,"Pfarrkirche hl. Martin, Greith bei Neumarkt",Q28381823,1,1,2,"parish church with cemetery in Neumarkt in der Steiermark, Austria",,Q16970|Q39614,,
Catholicism,"Pfarrkirche hl. Martin, Donnerskirchen",Q27302400,1,1,2,"church building in Donnerskirchen, Austria",,Q16970,,
Catholicism,Pfarrkirche hl. Martin in der Wart,Q23799272,1,1,2,"church building in Burgenland, Austria",,Q16970,,
Catholicism,Pfarrkirche hl. Martin,Q15840319,1,1,2,"church building in Ladis, Austria",,Q317557|Q16970,,
Catholicism,Pfarrkirche hl. Martin,Q27259300,1,1,2,"church building in Mattersburg, Austria",,Q16970,,
Catholicism,Pfarrkirche Hl. Martin,Q18629830,1,1,2,"church building in Krumbach, Austria",,Q317557|Q16970,,
Catholicism,Pfarrkirche hl. Martin,Q33080329,1,1,2,"church building in Hörbranz, Austria",,Q16970,,
Catholicism,Pfarrkirche Schachendorf,Q20640562,1,1,2,"church building in Burgenland, Austria",Pfarrkirche hl. Martin,Q16970,,
Catholicism,Pichl bei Wels,Q677221,1,1,2,"municipality in Wels-Land District, Upper Austria, Austria",,Q562061|Q667509,,Pichl bei Wels
Catholicism,Pichl bei Wels,Q134317682,1,1,2,"cadastral municipality in Wels-Land district, Austria",,Q17376095,,
Parish church of Weißkirchen an der Traun,Parish church of Weißkirchen an der Traun,Q26236626,2,0,1,"church with adjoining cemetery in Weißkirchen an der Traun, Upper Austria, Austria",,Q16970|Q39614,,
Parish church of Weißkirchen an der Traun,parish church,Q317557,2,0,2,church which acts as the religious centre of a parish,"parochial church|Parish church, parochial church|church",,Q16970,Parish church
Parish church of Weißkirchen an der Traun,Catholic parish church,Q55876909,2,0,2,church building that acts as the religious center of a Catholic parish,church|parish church|parish,Q811102,Q317557|Q1088552|Q17334923,
Parish church of Weißkirchen an der Traun,Parish Church,Q27973525,2,0,2,painting by Patrick Caulfield,,Q3305213,,
Parish church of Weißkirchen an der Traun,St Cennych's Church,Q29498437,2,0,2,"church in Llangennech, Carmarthenshire, Wales","St Gwynog's|Parish church|St Cennych's Church, Llangennech|St Cennych or St Gwynog's Church, Llangennech",Q16970,,
Parish church of Weißkirchen an der Traun,parish church,Q23689631,2,0,2,"parish church in Mooskirchen, Austria",,Q317557,,
Parish church of Weißkirchen an der Traun,Santa Maria Assunta church,Q55110064,2,0,2,"building in Calavino, Italy",parish church,Q16970|Q317557,,
Parish church of Weißkirchen an der Traun,Parish Church,Q17548751,2,0,2,"church in Throckmorton, Worcestershire, England, UK",Throckmorton Church|Throckmorton Chapelry,Q16970,,
Parish church of Weißkirchen an der Traun,Parish Church,Q17529278,2,0,2,"church in Easton Grey, Wiltshire, England, UK",Easton Grey Parish Church,Q16970,,
Parish church of Weißkirchen an der Traun,Church of Saint Eustace,Q55110576,2,0,2,"building in Campo di Giove, Italy",Mother Church of Saint Eustace|Parish Church of Saint Eustace,Q16970,,
Parish church of Weißkirchen an der Traun,Brecon Cathedral,Q2469048,2,0,2,"Grade I listed cathedral in Brecon, Powys",Cathedral Church Of St John The Baptist|Eglwys Gadeiriol Aberhonddu|Parish Church of St John the Evangelist|Priory Church of St. John the Evangelist|Brecon Priory,Q56242250,,Brecon Cathedral
Parish church of Weißkirchen an der Traun,Weißkirchen an der Traun,Q678423,2,0,2,"municipality in Wels-Land District, Upper Austria, Austria",,Q1802801|Q667509,,Weißkirchen an der Traun
Parish church of Weißkirchen an der Traun,Catholic Church,Q9592,2,0,2,"largest Christian Church, made up of 24 autonomous Churches in communion with the Pope, part of the Latin Church aka Latin Christianity a.k.a. western Christianity",Roman Catholic Church|Roman Apostolic Catholic Church|Roman Rite Catholic Church,Q879146|Q4204511|Q34651|Q2638480,,Catholic Church
Parish church of Weißkirchen an der Traun,Catholic church building,Q1088552,2,0,2,church building in the Catholic Church,Catholic church|Roman Rite Catholic church|Roman Rite Catholic church building|Catholic temple,Q811102,Q140454931,Catholic church building
Parish church of Weißkirchen an der Traun,Catholic Church,Q110209751,2,0,2,gouache - Michel Jean Cazabon,,Q21281546,,
Parish church of Weißkirchen an der Traun,Catholic Church in the United States,Q769585,2,0,2,part of the worldwide Roman Catholic Church,Roman Catholic Church in the United States|American Catholicism,Q13073773|Q23955632,Q15717693|Q4116393,Catholic Church in the United States
Parish church of Weißkirchen an der Traun,Catholic church,Q106842044,2,0,2,"church building in Hesse, Germany",,Q16970,,
Parish church of Weißkirchen an der Traun,Catholic Church,Q1487180,2,0,2,"church building in Langnau im Emmental in the canton of Bern, Switzerland",Katholische Kirche|Kirche Heilig Kreuz,Q1088552,,
Parish church of Weißkirchen an der Traun,Catholic Church sexual abuse cases,Q573565,2,0,2,sexual abuse cases by Catholic clergy,Catholic sex abuse cases,Q5801919|Q26553,,Catholic Church sexual abuse cases
Parish church of Weißkirchen an der Traun,Catholic Church in the Czech Republic,Q1201779,2,0,2,,,Q13073773|Q23955632,Q15717693|Q12032243,Catholic Church in the Czech Republic
Parish church of Weißkirchen an der Traun,Catholic church,Q1537908,2,0,2,"church building in Richterswil in the canton of Zurich, Switzerland",Katholische Kirche Richterswil,Q1088552,,
Parish church of Weißkirchen an der Traun,political Catholicism,Q834554,2,0,2,"interplay of Catholicism with religious, and later secular, politics",Catholic Church and politics,Q12909644,Q1841|Q4116798,Catholic Church and politics
Catholicism,Catholicism,Q1841,2,1,1,Christian doctrine professed by the Catholic Church,Catholic faith|Catholic religion|Roman Catholicism|Christianity,Q123129246|Q71966963,Q842798|Q2711500|Q5043,Catholicism
Catholicism,Catholicism: The Story of Catholic Christianity,Q56048148,2,1,1,academic book by Gerald O'Collins & Mario Farrugia,Catholicism,Q47461344,,
Catholicism,Catholic Church and health care,Q12193139,2,1,1,relationship between the Catholic Church and health care,Catholic hospitals|Catholic healthcare|Catholic health care|Roman Catholic hospitals|Catholicism and healthcare|Roman Catholicism and healthcare,Q21040055,,Catholic Church and health care
Catholicism,Catholic Church in Canada,Q1205551,2,1,1,part of the worldwide Catholic Church in Canada,Catholicism in Canada|Roman Catholicism in Canada|Roman Catholic Church in Canada,Q13073773|Q23955632,Q15717693|Q12193115,Catholic Church in Canada
Catholicism,Catholic Church in Italy,Q1201891,2,1,1,part of the worldwide Catholic Church,Roman Catholicism in Italy|Catholicism in Italy,Q13073773,Q15717693|Q378478,Catholic Church in Italy
Catholicism,Catholic Church in Japan,Q1205621,2,1,1,the practice of Latin Catholicism in the eastern island nation of Japan,Latin Catholicism in Japan|Catholicism in Japan|Western Catholicism in Japan|Roman Catholicism in Japan,Q13073773,Q15717693|Q427945,Catholic Church in Japan
Catholicism,Catholicism and Crisis in Modern France,Q140146939,2,1,1,book published by Princeton University Press (1962),,Q3331189,,
Catholicism,Catholicism contending with modernity : Roman Catholic modernism and anti-modernism in historical context,Q139540249,2,1,1,book published in 2000,,Q3331189,,
Catholicism,"Catholicism and the Great War: Religion and Everyday Life in Germany and Austria-Hungary, 1914–1922",Q111134191,2,1,1,,,Q7725634,,
Catholicism,Catholic Church in Bosnia and Herzegovina,Q1572396,2,1,1,part of the worldwide Catholic Church,Catholicism in Bosnia and Herzegovina,Q13073773,Q15717693|Q12193037,Catholic Church in Bosnia and Herzegovina
Catholicism,Catholic Church,Q9592,2,1,2,"largest Christian Church, made up of 24 autonomous Churches in communion with the Pope, part of the Latin Church aka Latin Christianity a.k.a. western Christianity",Roman Catholic Church|Roman Apostolic Catholic Church|Roman Rite Catholic Church,Q879146|Q4204511|Q34651|Q2638480,,Catholic Church
Catholicism,Catholic church building,Q1088552,2,1,2,church building in the Catholic Church,Catholic church|Roman Rite Catholic church|Roman Rite Catholic church building|Catholic temple,Q811102,Q140454931,Catholic church building
Catholicism,Catholic Church,Q110209751,2,1,2,gouache - Michel Jean Cazabon,,Q21281546,,
Catholicism,Catholic Church in the United States,Q769585,2,1,2,part of the worldwide Roman Catholic Church,Roman Catholic Church in the United States|American Catholicism,Q13073773|Q23955632,Q15717693|Q4116393,Catholic Church in the United States
Catholicism,Catholic church,Q106842044,2,1,2,"church building in Hesse, Germany",,Q16970,,
Catholicism,Catholic Church,Q1487180,2,1,2,"church building in Langnau im Emmental in the canton of Bern, Switzerland",Katholische Kirche|Kirche Heilig Kreuz,Q1088552,,
Catholicism,Catholic Church sexual abuse cases,Q573565,2,1,2,sexual abuse cases by Catholic clergy,Catholic sex abuse cases,Q5801919|Q26553,,Catholic Church sexual abuse cases
Catholicism,Catholic Church in the Czech Republic,Q1201779,2,1,2,,,Q13073773|Q23955632,Q15717693|Q12032243,Catholic Church in the Czech Republic
Catholicism,Catholic church,Q1537908,2,1,2,"church building in Richterswil in the canton of Zurich, Switzerland",Katholische Kirche Richterswil,Q1088552,,
Catholicism,political Catholicism,Q834554,2,1,2,"interplay of Catholicism with religious, and later secular, politics",Catholic Church and politics,Q12909644,Q1841|Q4116798,Catholic Church and politics
Catholicism,parish church,Q317557,2,1,2,church which acts as the religious centre of a parish,"parochial church|Parish church, parochial church|church",,Q16970,Parish church
Catholicism,Catholic parish church,Q55876909,2,1,2,church building that acts as the religious center of a Catholic parish,church|parish church|parish,Q811102,Q317557|Q1088552|Q17334923,
Catholicism,Parish Church,Q27973525,2,1,2,painting by Patrick Caulfield,,Q3305213,,
Catholicism,St Cennych's Church,Q29498437,2,1,2,"church in Llangennech, Carmarthenshire, Wales","St Gwynog's|Parish church|St Cennych's Church, Llangennech|St Cennych or St Gwynog's Church, Llangennech",Q16970,,
Catholicism,parish church,Q23689631,2,1,2,"parish church in Mooskirchen, Austria",,Q317557,,
Catholicism,Santa Maria Assunta church,Q55110064,2,1,2,"building in Calavino, Italy",parish church,Q16970|Q317557,,
Catholicism,Parish Church,Q17548751,2,1,2,"church in Throckmorton, Worcestershire, England, UK",Throckmorton Church|Throckmorton Chapelry,Q16970,,
Catholicism,Parish Church,Q17529278,2,1,2,"church in Easton Grey, Wiltshire, England, UK",Easton Grey Parish Church,Q16970,,
Catholicism,Church of Saint Eustace,Q55110576,2,1,2,"building in Campo di Giove, Italy",Mother Church of Saint Eustace|Parish Church of Saint Eustace,Q16970,,
Catholicism,Brecon Cathedral,Q2469048,2,1,2,"Grade I listed cathedral in Brecon, Powys",Cathedral Church Of St John The Baptist|Eglwys Gadeiriol Aberhonddu|Parish Church of St John the Evangelist|Priory Church of St. John the Evangelist|Brecon Priory,Q56242250,,Brecon Cathedral
Thalheim parish church near Wels,Thalheim parish church near Wels,Q26215044,3,0,1,"church with adjoining cemetery in Thalheim near Wels in Upper Austria, Austria",Saint Stephen Church,Q16970|Q39614,,
Catholicism,Catholicism,Q1841,3,1,1,Christian doctrine professed by the Catholic Church,Catholic faith|Catholic religion|Roman Catholicism|Christianity,Q123129246|Q71966963,Q842798|Q2711500|Q5043,Catholicism
Catholicism,Catholicism: The Story of Catholic Christianity,Q56048148,3,1,1,academic book by Gerald O'Collins & Mario Farrugia,Catholicism,Q47461344,,
Catholicism,Catholic Church and health care,Q12193139,3,1,1,relationship between the Catholic Church and health care,Catholic hospitals|Catholic healthcare|Catholic health care|Roman Catholic hospitals|Catholicism and healthcare|Roman Catholicism and healthcare,Q21040055,,Catholic Church and health care
Catholicism,Catholic Church in Canada,Q1205551,3,1,1,part of the worldwide Catholic Church in Canada,Catholicism in Canada|Roman Catholicism in Canada|Roman Catholic Church in Canada,Q13073773|Q23955632,Q15717693|Q12193115,Catholic Church in Canada
Catholicism,Catholic Church in Italy,Q1201891,3,1,1,part of the worldwide Catholic Church,Roman Catholicism in Italy|Catholicism in Italy,Q13073773,Q15717693|Q378478,Catholic Church in Italy
Catholicism,Catholic Church in Japan,Q1205621,3,1,1,the practice of Latin Catholicism in the eastern island nation of Japan,Latin Catholicism in Japan|Catholicism in Japan|Western Catholicism in Japan|Roman Catholicism in Japan,Q13073773,Q15717693|Q427945,Catholic Church in Japan
Catholicism,Catholicism and Crisis in Modern France,Q140146939,3,1,1,book published by Princeton University Press (1962),,Q3331189,,
Catholicism,Catholicism contending with modernity : Roman Catholic modernism and anti-modernism in historical context,Q139540249,3,1,1,book published in 2000,,Q3331189,,
Catholicism,"Catholicism and the Great War: Religion and Everyday Life in Germany and Austria-Hungary, 1914–1922",Q111134191,3,1,1,,,Q7725634,,
Catholicism,Catholic Church in Bosnia and Herzegovina,Q1572396,3,1,1,part of the worldwide Catholic Church,Catholicism in Bosnia and Herzegovina,Q13073773,Q15717693|Q12193037,Catholic Church in Bosnia and Herzegovina
Catholicism,Catholic Church,Q9592,3,1,2,"largest Christian Church, made up of 24 autonomous Churches in communion with the Pope, part of the Latin Church aka Latin Christianity a.k.a. western Christianity",Roman Catholic Church|Roman Apostolic Catholic Church|Roman Rite Catholic Church,Q879146|Q4204511|Q34651|Q2638480,,Catholic Church
Catholicism,Catholic church building,Q1088552,3,1,2,church building in the Catholic Church,Catholic church|Roman Rite Catholic church|Roman Rite Catholic church building|Catholic temple,Q811102,Q140454931,Catholic church building
Catholicism,Catholic Church,Q110209751,3,1,2,gouache - Michel Jean Cazabon,,Q21281546,,
Catholicism,Catholic Church in the United States,Q769585,3,1,2,part of the worldwide Roman Catholic Church,Roman Catholic Church in the United States|American Catholicism,Q13073773|Q23955632,Q15717693|Q4116393,Catholic Church in the United States
Catholicism,Catholic church,Q106842044,3,1,2,"church building in Hesse, Germany",,Q16970,,
Catholicism,Catholic Church,Q1487180,3,1,2,"church building in Langnau im Emmental in the canton of Bern, Switzerland",Katholische Kirche|Kirche Heilig Kreuz,Q1088552,,
Catholicism,Catholic Church sexual abuse cases,Q573565,3,1,2,sexual abuse cases by Catholic clergy,Catholic sex abuse cases,Q5801919|Q26553,,Catholic Church sexual abuse cases
Catholicism,Catholic Church in the Czech Republic,Q1201779,3,1,2,,,Q13073773|Q23955632,Q15717693|Q12032243,Catholic Church in the Czech Republic
Catholicism,Catholic church,Q1537908,3,1,2,"church building in Richterswil in the canton of Zurich, Switzerland",Katholische Kirche Richterswil,Q1088552,,
Catholicism,political Catholicism,Q834554,3,1,2,"interplay of Catholicism with religious, and later secular, politics",Catholic Church and politics,Q12909644,Q1841|Q4116798,Catholic Church and politics
Catholicism,Thalheim parish church near Wels,Q26215044,3,1,2,"church with adjoining cemetery in Thalheim near Wels in Upper Austria, Austria",Saint Stephen Church,Q16970|Q39614,,
Krenglbach Parish Church,Krenglbach Parish Church,Q26215012,4,0,1,"church building with cemetery in Krenglbach, Upper Austria",,Q16970|Q39614,,
Krenglbach Parish Church,Catholic Church,Q9592,4,0,2,"largest Christian Church, made up of 24 autonomous Churches in communion with the Pope, part of the Latin Church aka Latin Christianity a.k.a. western Christianity",Roman Catholic Church|Roman Apostolic Catholic Church|Roman Rite Catholic Church,Q879146|Q4204511|Q34651|Q2638480,,Catholic Church
Krenglbach Parish Church,Catholic church building,Q1088552,4,0,2,church building in the Catholic Church,Catholic church|Roman Rite Catholic church|Roman Rite Catholic church building|Catholic temple,Q811102,Q140454931,Catholic church building
Krenglbach Parish Church,Catholic Church,Q110209751,4,0,2,gouache - Michel Jean Cazabon,,Q21281546,,
Krenglbach Parish Church,Catholic Church in the United States,Q769585,4,0,2,part of the worldwide Roman Catholic Church,Roman Catholic Church in the United States|American Catholicism,Q13073773|Q23955632,Q15717693|Q4116393,Catholic Church in the United States
Krenglbach Parish Church,Catholic church,Q106842044,4,0,2,"church building in Hesse, Germany",,Q16970,,
Krenglbach Parish Church,Catholic Church,Q1487180,4,0,2,"church building in Langnau im Emmental in the canton of Bern, Switzerland",Katholische Kirche|Kirche Heilig Kreuz,Q1088552,,
Krenglbach Parish Church,Catholic Church sexual abuse cases,Q573565,4,0,2,sexual abuse cases by Catholic clergy,Catholic sex abuse cases,Q5801919|Q26553,,Catholic Church sexual abuse cases
Krenglbach Parish Church,Catholic Church in the Czech Republic,Q1201779,4,0,2,,,Q13073773|Q23955632,Q15717693|Q12032243,Catholic Church in the Czech Republic
Krenglbach Parish Church,Catholic church,Q1537908,4,0,2,"church building in Richterswil in the canton of Zurich, Switzerland",Katholische Kirche Richterswil,Q1088552,,
Krenglbach Parish Church,political Catholicism,Q834554,4,0,2,"interplay of Catholicism with religious, and later secular, politics",Catholic Church and politics,Q12909644,Q1841|Q4116798,Catholic Church and politics
Krenglbach Parish Church,parish church,Q317557,4,0,2,church which acts as the religious centre of a parish,"parochial church|Parish church, parochial church|church",,Q16970,Parish church
Krenglbach Parish Church,Catholic parish church,Q55876909,4,0,2,church building that acts as the religious center of a Catholic parish,church|parish church|parish,Q811102,Q317557|Q1088552|Q17334923,
Krenglbach Parish Church,Parish Church,Q27973525,4,0,2,painting by Patrick Caulfield,,Q3305213,,
Krenglbach Parish Church,St Cennych's Church,Q29498437,4,0,2,"church in Llangennech, Carmarthenshire, Wales","St Gwynog's|Parish church|St Cennych's Church, Llangennech|St Cennych or St Gwynog's Church, Llangennech",Q16970,,
Krenglbach Parish Church,parish church,Q23689631,4,0,2,"parish church in Mooskirchen, Austria",,Q317557,,
Krenglbach Parish Church,Santa Maria Assunta church,Q55110064,4,0,2,"building in Calavino, Italy",parish church,Q16970|Q317557,,
Krenglbach Parish Church,Parish Church,Q17548751,4,0,2,"church in Throckmorton, Worcestershire, England, UK",Throckmorton Church|Throckmorton Chapelry,Q16970,,
Krenglbach Parish Church,Parish Church,Q17529278,4,0,2,"church in Easton Grey, Wiltshire, England, UK",Easton Grey Parish Church,Q16970,,
Krenglbach Parish Church,Church of Saint Eustace,Q55110576,4,0,2,"building in Campo di Giove, Italy",Mother Church of Saint Eustace|Parish Church of Saint Eustace,Q16970,,
Krenglbach Parish Church,Brecon Cathedral,Q2469048,4,0,2,"Grade I listed cathedral in Brecon, Powys",Cathedral Church Of St John The Baptist|Eglwys Gadeiriol Aberhonddu|Parish Church of St John the Evangelist|Priory Church of St. John the Evangelist|Brecon Priory,Q56242250,,Brecon Cathedral
Catholicism,Catholicism,Q1841,4,1,1,Christian doctrine professed by the Catholic Church,Catholic faith|Catholic religion|Roman Catholicism|Christianity,Q123129246|Q71966963,Q842798|Q2711500|Q5043,Catholicism
Catholicism,Catholicism: The Story of Catholic Christianity,Q56048148,4,1,1,academic book by Gerald O'Collins & Mario Farrugia,Catholicism,Q47461344,,
Catholicism,Catholic Church and health care,Q12193139,4,1,1,relationship between the Catholic Church and health care,Catholic hospitals|Catholic healthcare|Catholic health care|Roman Catholic hospitals|Catholicism and healthcare|Roman Catholicism and healthcare,Q21040055,,Catholic Church and health care
Catholicism,Catholic Church in Canada,Q1205551,4,1,1,part of the worldwide Catholic Church in Canada,Catholicism in Canada|Roman Catholicism in Canada|Roman Catholic Church in Canada,Q13073773|Q23955632,Q15717693|Q12193115,Catholic Church in Canada
Catholicism,Catholic Church in Italy,Q1201891,4,1,1,part of the worldwide Catholic Church,Roman Catholicism in Italy|Catholicism in Italy,Q13073773,Q15717693|Q378478,Catholic Church in Italy
Catholicism,Catholic Church in Japan,Q1205621,4,1,1,the practice of Latin Catholicism in the eastern island nation of Japan,Latin Catholicism in Japan|Catholicism in Japan|Western Catholicism in Japan|Roman Catholicism in Japan,Q13073773,Q15717693|Q427945,Catholic Church in Japan
Catholicism,Catholicism and Crisis in Modern France,Q140146939,4,1,1,book published by Princeton University Press (1962),,Q3331189,,
Catholicism,Catholicism contending with modernity : Roman Catholic modernism and anti-modernism in historical context,Q139540249,4,1,1,book published in 2000,,Q3331189,,
Catholicism,"Catholicism and the Great War: Religion and Everyday Life in Germany and Austria-Hungary, 1914–1922",Q111134191,4,1,1,,,Q7725634,,
Catholicism,Catholic Church in Bosnia and Herzegovina,Q1572396,4,1,1,part of the worldwide Catholic Church,Catholicism in Bosnia and Herzegovina,Q13073773,Q15717693|Q12193037,Catholic Church in Bosnia and Herzegovina
Catholicism,Catholic Church,Q9592,4,1,2,"largest Christian Church, made up of 24 autonomous Churches in communion with the Pope, part of the Latin Church aka Latin Christianity a.k.a. western Christianity",Roman Catholic Church|Roman Apostolic Catholic Church|Roman Rite Catholic Church,Q879146|Q4204511|Q34651|Q2638480,,Catholic Church
Catholicism,Catholic church building,Q1088552,4,1,2,church building in the Catholic Church,Catholic church|Roman Rite Catholic church|Roman Rite Catholic church building|Catholic temple,Q811102,Q140454931,Catholic church building
Catholicism,Catholic Church,Q110209751,4,1,2,gouache - Michel Jean Cazabon,,Q21281546,,
Catholicism,Catholic Church in the United States,Q769585,4,1,2,part of the worldwide Roman Catholic Church,Roman Catholic Church in the United States|American Catholicism,Q13073773|Q23955632,Q15717693|Q4116393,Catholic Church in the United States
Catholicism,Catholic church,Q106842044,4,1,2,"church building in Hesse, Germany",,Q16970,,
Catholicism,Catholic Church,Q1487180,4,1,2,"church building in Langnau im Emmental in the canton of Bern, Switzerland",Katholische Kirche|Kirche Heilig Kreuz,Q1088552,,
Catholicism,Catholic Church sexual abuse cases,Q573565,4,1,2,sexual abuse cases by Catholic clergy,Catholic sex abuse cases,Q5801919|Q26553,,Catholic Church sexual abuse cases
Catholicism,Catholic Church in the Czech Republic,Q1201779,4,1,2,,,Q13073773|Q23955632,Q15717693|Q12032243,Catholic Church in the Czech Republic
Catholicism,Catholic church,Q1537908,4,1,2,"church building in Richterswil in the canton of Zurich, Switzerland",Katholische Kirche Richterswil,Q1088552,,
Catholicism,political Catholicism,Q834554,4,1,2,"interplay of Catholicism with religious, and later secular, politics",Catholic Church and politics,Q12909644,Q1841|Q4116798,Catholic Church and politics
Catholicism,Latin Church,Q597526,4,1,2,autonomous particular church making up of most of the Western world Catholics,Latin Catholic Church|Western Catholic Church|Roman Catholic Church,Q6566418|Q879146,Q842798,Latin Church
Catholicism,Roman Catholic Church,Q104699267,4,1,2,subject category of the 20th Century Press Archives,d7 Sm2 Roman Catholic Church,Q92707903,,
Catholicism,Basilica of Our Lady of Graces,Q4867358,4,1,2,Kirche in Indien,Roman Catholic Church,Q16970|Q120560,,Basilica of Our Lady of Graces
Catholicism,Ignacy Krauze,Q10303361,4,1,2,Bishop,Roman Catholic Church,Q5,,
Catholicism,roman-catholic church,Q1514195,4,1,2,"church building in Waltenschwil in the canton of Aargau, Switzerland",Römisch-katholische Kirche,Q811979|Q1088552,,
Catholicism,Roman Catholic Church,Q17613419,4,1,2,"church in Loenen, Apeldoorn, Netherlands",,Q5191724,,
Catholicism,Roman Catholic Church in Eritrea,Q2428493,4,1,2,,Roman Catholic Church in Eritrea,Q104699267,Q1077738|Q1078448,Catholic Church in Eritrea
Catholicism,Roman Catholic Church of St. George in Kula,Q108211801,4,1,2,"church building in Kula, Serbia",,Q16970,,
Gunskirchen Parish Church,Gunskirchen Parish Church,Q26214997,5,0,1,"church building in Gunskirchen, Upper Austria",,Q16970|Q39614,,
Gunskirchen Parish Church,Catholic Church,Q9592,5,0,2,"largest Christian Church, made up of 24 autonomous Churches in communion with the Pope, part of the Latin Church aka Latin Christianity a.k.a. western Christianity",Roman Catholic Church|Roman Apostolic Catholic Church|Roman Rite Catholic Church,Q879146|Q4204511|Q34651|Q2638480,,Catholic Church
Gunskirchen Parish Church,Catholic church building,Q1088552,5,0,2,church building in the Catholic Church,Catholic church|Roman Rite Catholic church|Roman Rite Catholic church building|Catholic temple,Q811102,Q140454931,Catholic church building
Gunskirchen Parish Church,Catholic Church,Q110209751,5,0,2,gouache - Michel Jean Cazabon,,Q21281546,,
Gunskirchen Parish Church,Catholic Church in the United States,Q769585,5,0,2,part of the worldwide Roman Catholic Church,Roman Catholic Church in the United States|American Catholicism,Q13073773|Q23955632,Q15717693|Q4116393,Catholic Church in the United States
Gunskirchen Parish Church,Catholic church,Q106842044,5,0,2,"church building in Hesse, Germany",,Q16970,,
Gunskirchen Parish Church,Catholic Church,Q1487180,5,0,2,"church building in Langnau im Emmental in the canton of Bern, Switzerland",Katholische Kirche|Kirche Heilig Kreuz,Q1088552,,
Gunskirchen Parish Church,Catholic Church sexual abuse cases,Q573565,5,0,2,sexual abuse cases by Catholic clergy,Catholic sex abuse cases,Q5801919|Q26553,,Catholic Church sexual abuse cases
Gunskirchen Parish Church,Catholic Church in the Czech Republic,Q1201779,5,0,2,,,Q13073773|Q23955632,Q15717693|Q12032243,Catholic Church in the Czech Republic
Gunskirchen Parish Church,Catholic church,Q1537908,5,0,2,"church building in Richterswil in the canton of Zurich, Switzerland",Katholische Kirche Richterswil,Q1088552,,
Gunskirchen Parish Church,political Catholicism,Q834554,5,0,2,"interplay of Catholicism with religious, and later secular, politics",Catholic Church and politics,Q12909644,Q1841|Q4116798,Catholic Church and politics
Gunskirchen Parish Church,parish church,Q317557,5,0,2,church which acts as the religious centre of a parish,"parochial church|Parish church, parochial church|church",,Q16970,Parish church
Gunskirchen Parish Church,Catholic parish church,Q55876909,5,0,2,church building that acts as the religious center of a Catholic parish,church|parish church|parish,Q811102,Q317557|Q1088552|Q17334923,
Gunskirchen Parish Church,Parish Church,Q27973525,5,0,2,painting by Patrick Caulfield,,Q3305213,,
Gunskirchen Parish Church,St Cennych's Church,Q29498437,5,0,2,"church in Llangennech, Carmarthenshire, Wales","St Gwynog's|Parish church|St Cennych's Church, Llangennech|St Cennych or St Gwynog's Church, Llangennech",Q16970,,
Gunskirchen Parish Church,parish church,Q23689631,5,0,2,"parish church in Mooskirchen, Austria",,Q317557,,
Gunskirchen Parish Church,Santa Maria Assunta church,Q55110064,5,0,2,"building in Calavino, Italy",parish church,Q16970|Q317557,,
Gunskirchen Parish Church,Parish Church,Q17548751,5,0,2,"church in Throckmorton, Worcestershire, England, UK",Throckmorton Church|Throckmorton Chapelry,Q16970,,
Gunskirchen Parish Church,Parish Church,Q17529278,5,0,2,"church in Easton Grey, Wiltshire, England, UK",Easton Grey Parish Church,Q16970,,
Gunskirchen Parish Church,Church of Saint Eustace,Q55110576,5,0,2,"building in Campo di Giove, Italy",Mother Church of Saint Eustace|Parish Church of Saint Eustace,Q16970,,
Gunskirchen Parish Church,Brecon Cathedral,Q2469048,5,0,2,"Grade I listed cathedral in Brecon, Powys",Cathedral Church Of St John The Baptist|Eglwys Gadeiriol Aberhonddu|Parish Church of St John the Evangelist|Priory Church of St. John the Evangelist|Brecon Priory,Q56242250,,Brecon Cathedral
Catholicism,Catholicism,Q1841,5,1,1,Christian doctrine professed by the Catholic Church,Catholic faith|Catholic religion|Roman Catholicism|Christianity,Q123129246|Q71966963,Q842798|Q2711500|Q5043,Catholicism
Catholicism,Catholicism: The Story of Catholic Christianity,Q56048148,5,1,1,academic book by Gerald O'Collins & Mario Farrugia,Catholicism,Q47461344,,
Catholicism,Catholic Church and health care,Q12193139,5,1,1,relationship between the Catholic Church and health care,Catholic hospitals|Catholic healthcare|Catholic health care|Roman Catholic hospitals|Catholicism and healthcare|Roman Catholicism and healthcare,Q21040055,,Catholic Church and health care
Catholicism,Catholic Church in Canada,Q1205551,5,1,1,part of the worldwide Catholic Church in Canada,Catholicism in Canada|Roman Catholicism in Canada|Roman Catholic Church in Canada,Q13073773|Q23955632,Q15717693|Q12193115,Catholic Church in Canada
Catholicism,Catholic Church in Italy,Q1201891,5,1,1,part of the worldwide Catholic Church,Roman Catholicism in Italy|Catholicism in Italy,Q13073773,Q15717693|Q378478,Catholic Church in Italy
Catholicism,Catholic Church in Japan,Q1205621,5,1,1,the practice of Latin Catholicism in the eastern island nation of Japan,Latin Catholicism in Japan|Catholicism in Japan|Western Catholicism in Japan|Roman Catholicism in Japan,Q13073773,Q15717693|Q427945,Catholic Church in Japan
Catholicism,Catholicism and Crisis in Modern France,Q140146939,5,1,1,book published by Princeton University Press (1962),,Q3331189,,
Catholicism,Catholicism contending with modernity : Roman Catholic modernism and anti-modernism in historical context,Q139540249,5,1,1,book published in 2000,,Q3331189,,
Catholicism,"Catholicism and the Great War: Religion and Everyday Life in Germany and Austria-Hungary, 1914–1922",Q111134191,5,1,1,,,Q7725634,,
Catholicism,Catholic Church in Bosnia and Herzegovina,Q1572396,5,1,1,part of the worldwide Catholic Church,Catholicism in Bosnia and Herzegovina,Q13073773,Q15717693|Q12193037,Catholic Church in Bosnia and Herzegovina
Catholicism,Catholic Church,Q9592,5,1,2,"largest Christian Church, made up of 24 autonomous Churches in communion with the Pope, part of the Latin Church aka Latin Christianity a.k.a. western Christianity",Roman Catholic Church|Roman Apostolic Catholic Church|Roman Rite Catholic Church,Q879146|Q4204511|Q34651|Q2638480,,Catholic Church
Catholicism,Catholic church building,Q1088552,5,1,2,church building in the Catholic Church,Catholic church|Roman Rite Catholic church|Roman Rite Catholic church building|Catholic temple,Q811102,Q140454931,Catholic church building
Catholicism,Catholic Church,Q110209751,5,1,2,gouache - Michel Jean Cazabon,,Q21281546,,
Catholicism,Catholic Church in the United States,Q769585,5,1,2,part of the worldwide Roman Catholic Church,Roman Catholic Church in the United States|American Catholicism,Q13073773|Q23955632,Q15717693|Q4116393,Catholic Church in the United States
Catholicism,Catholic church,Q106842044,5,1,2,"church building in Hesse, Germany",,Q16970,,
Catholicism,Catholic Church,Q1487180,5,1,2,"church building in Langnau im Emmental in the canton of Bern, Switzerland",Katholische Kirche|Kirche Heilig Kreuz,Q1088552,,
Catholicism,Catholic Church sexual abuse cases,Q573565,5,1,2,sexual abuse cases by Catholic clergy,Catholic sex abuse cases,Q5801919|Q26553,,Catholic Church sexual abuse cases
Catholicism,Catholic Church in the Czech Republic,Q1201779,5,1,2,,,Q13073773|Q23955632,Q15717693|Q12032243,Catholic Church in the Czech Republic
Catholicism,Catholic church,Q1537908,5,1,2,"church building in Richterswil in the canton of Zurich, Switzerland",Katholische Kirche Richterswil,Q1088552,,
Catholicism,political Catholicism,Q834554,5,1,2,"interplay of Catholicism with religious, and later secular, politics",Catholic Church and politics,Q12909644,Q1841|Q4116798,Catholic Church and politics
Catholicism,Latin Church,Q597526,5,1,2,autonomous particular church making up of most of the Western world Catholics,Latin Catholic Church|Western Catholic Church|Roman Catholic Church,Q6566418|Q879146,Q842798,Latin Church
Catholicism,Roman Catholic Church,Q104699267,5,1,2,subject category of the 20th Century Press Archives,d7 Sm2 Roman Catholic Church,Q92707903,,
Catholicism,Basilica of Our Lady of Graces,Q4867358,5,1,2,Kirche in Indien,Roman Catholic Church,Q16970|Q120560,,Basilica of Our Lady of Graces
Catholicism,Ignacy Krauze,Q10303361,5,1,2,Bishop,Roman Catholic Church,Q5,,
Catholicism,roman-catholic church,Q1514195,5,1,2,"church building in Waltenschwil in the canton of Aargau, Switzerland",Römisch-katholische Kirche,Q811979|Q1088552,,
Catholicism,Roman Catholic Church,Q17613419,5,1,2,"church in Loenen, Apeldoorn, Netherlands",,Q5191724,,
Catholicism,Roman Catholic Church in Eritrea,Q2428493,5,1,2,,Roman Catholic Church in Eritrea,Q104699267,Q1077738|Q1078448,Catholic Church in Eritrea
Catholicism,Roman Catholic Church of St. George in Kula,Q108211801,5,1,2,"church building in Kula, Serbia",,Q16970,,
Catholicism,Catholic Church in France,Q795240,5,1,2,part of the worldwide Roman Catholic Church,Roman Catholicism in France|French Catholic Church,Q13073773,Q15717693|Q2965819,Catholic Church in France
Catholicism,Catholic Church in Brazil,Q1426688,5,1,2,overview of the role of the Catholic Church in Brazil,Roman Catholicism in Brazil,Q13073773|Q1530022,Q15717693|Q9674773,Catholic Church in Brazil
Catholicism,Catholic Church in Germany,Q570555,5,1,2,overview of the role of the Catholic Church in Germany,Roman Catholicism in Germany,Q13073773|Q23955632,Q15717693|Q12193019,Catholic Church in Germany
Catholicism,Catholic Church in Poland,Q1152005,5,1,2,overview of the role of the Catholic Church in Poland,Roman Catholicism in Poland,Q13073773,Q15717693|Q21655815,Catholic Church in Poland
Catholicism,Catholic Church in Hungary,Q221433,5,1,2,part of the worldwide Roman Catholic Church,Roman Catholicism in Hungary,Q13073773|Q23955632,Q15717693|Q1107527,Catholic Church in Hungary
Parish Church of Pennewang,Parish Church of Pennewang,Q26161231,6,0,1,"church building with adjoining cemetery in Pennewang, Upper Austria",,Q16970|Q39614,,
Parish Church of Pennewang,parish church,Q317557,6,0,2,church which acts as the religious centre of a parish,"parochial church|Parish church, parochial church|church",,Q16970,Parish church
Parish Church of Pennewang,Catholic parish church,Q55876909,6,0,2,church building that acts as the religious center of a Catholic parish,church|parish church|parish,Q811102,Q317557|Q1088552|Q17334923,
Parish Church of Pennewang,Parish Church,Q27973525,6,0,2,painting by Patrick Caulfield,,Q3305213,,
Parish Church of Pennewang,St Cennych's Church,Q29498437,6,0,2,"church in Llangennech, Carmarthenshire, Wales","St Gwynog's|Parish church|St Cennych's Church, Llangennech|St Cennych or St Gwynog's Church, Llangennech",Q16970,,
Parish Church of Pennewang,parish church,Q23689631,6,0,2,"parish church in Mooskirchen, Austria",,Q317557,,
Parish Church of Pennewang,Santa Maria Assunta church,Q55110064,6,0,2,"building in Calavino, Italy",parish church,Q16970|Q317557,,
Parish Church of Pennewang,Parish Church,Q17548751,6,0,2,"church in Throckmorton, Worcestershire, England, UK",Throckmorton Church|Throckmorton Chapelry,Q16970,,
Parish Church of Pennewang,Parish Church,Q17529278,6,0,2,"church in Easton Grey, Wiltshire, England, UK",Easton Grey Parish Church,Q16970,,
Parish Church of Pennewang,Church of Saint Eustace,Q55110576,6,0,2,"building in Campo di Giove, Italy",Mother Church of Saint Eustace|Parish Church of Saint Eustace,Q16970,,
Parish Church of Pennewang,Brecon Cathedral,Q2469048,6,0,2,"Grade I listed cathedral in Brecon, Powys",Cathedral Church Of St John The Baptist|Eglwys Gadeiriol Aberhonddu|Parish Church of St John the Evangelist|Priory Church of St. John the Evangelist|Brecon Priory,Q56242250,,Brecon Cathedral
Catholicism,Catholicism,Q1841,6,1,1,Christian doctrine professed by the Catholic Church,Catholic faith|Catholic religion|Roman Catholicism|Christianity,Q123129246|Q71966963,Q842798|Q2711500|Q5043,Catholicism
Catholicism,Catholicism: The Story of Catholic Christianity,Q56048148,6,1,1,academic book by Gerald O'Collins & Mario Farrugia,Catholicism,Q47461344,,
Catholicism,Catholic Church and health care,Q12193139,6,1,1,relationship between the Catholic Church and health care,Catholic hospitals|Catholic healthcare|Catholic health care|Roman Catholic hospitals|Catholicism and healthcare|Roman Catholicism and healthcare,Q21040055,,Catholic Church and health care
Catholicism,Catholic Church in Canada,Q1205551,6,1,1,part of the worldwide Catholic Church in Canada,Catholicism in Canada|Roman Catholicism in Canada|Roman Catholic Church in Canada,Q13073773|Q23955632,Q15717693|Q12193115,Catholic Church in Canada
Catholicism,Catholic Church in Italy,Q1201891,6,1,1,part of the worldwide Catholic Church,Roman Catholicism in Italy|Catholicism in Italy,Q13073773,Q15717693|Q378478,Catholic Church in Italy
Catholicism,Catholic Church in Japan,Q1205621,6,1,1,the practice of Latin Catholicism in the eastern island nation of Japan,Latin Catholicism in Japan|Catholicism in Japan|Western Catholicism in Japan|Roman Catholicism in Japan,Q13073773,Q15717693|Q427945,Catholic Church in Japan
Catholicism,Catholicism and Crisis in Modern France,Q140146939,6,1,1,book published by Princeton University Press (1962),,Q3331189,,
Catholicism,Catholicism contending with modernity : Roman Catholic modernism and anti-modernism in historical context,Q139540249,6,1,1,book published in 2000,,Q3331189,,
Catholicism,"Catholicism and the Great War: Religion and Everyday Life in Germany and Austria-Hungary, 1914–1922",Q111134191,6,1,1,,,Q7725634,,
Catholicism,Catholic Church in Bosnia and Herzegovina,Q1572396,6,1,1,part of the worldwide Catholic Church,Catholicism in Bosnia and Herzegovina,Q13073773,Q15717693|Q12193037,Catholic Church in Bosnia and Herzegovina
Catholicism,Catholic Church,Q9592,6,1,2,"largest Christian Church, made up of 24 autonomous Churches in communion with the Pope, part of the Latin Church aka Latin Christianity a.k.a. western Christianity",Roman Catholic Church|Roman Apostolic Catholic Church|Roman Rite Catholic Church,Q879146|Q4204511|Q34651|Q2638480,,Catholic Church
Catholicism,Catholic church building,Q1088552,6,1,2,church building in the Catholic Church,Catholic church|Roman Rite Catholic church|Roman Rite Catholic church building|Catholic temple,Q811102,Q140454931,Catholic church building
Catholicism,Catholic Church,Q110209751,6,1,2,gouache - Michel Jean Cazabon,,Q21281546,,
Catholicism,Catholic Church in the United States,Q769585,6,1,2,part of the worldwide Roman Catholic Church,Roman Catholic Church in the United States|American Catholicism,Q13073773|Q23955632,Q15717693|Q4116393,Catholic Church in the United States
Catholicism,Catholic church,Q106842044,6,1,2,"church building in Hesse, Germany",,Q16970,,
Catholicism,Catholic Church,Q1487180,6,1,2,"church building in Langnau im Emmental in the canton of Bern, Switzerland",Katholische Kirche|Kirche Heilig Kreuz,Q1088552,,
Catholicism,Catholic Church sexual abuse cases,Q573565,6,1,2,sexual abuse cases by Catholic clergy,Catholic sex abuse cases,Q5801919|Q26553,,Catholic Church sexual abuse cases
Catholicism,Catholic Church in the Czech Republic,Q1201779,6,1,2,,,Q13073773|Q23955632,Q15717693|Q12032243,Catholic Church in the Czech Republic
Catholicism,Catholic church,Q1537908,6,1,2,"church building in Richterswil in the canton of Zurich, Switzerland",Katholische Kirche Richterswil,Q1088552,,
Catholicism,political Catholicism,Q834554,6,1,2,"interplay of Catholicism with religious, and later secular, politics",Catholic Church and politics,Q12909644,Q1841|Q4116798,Catholic Church and politics
Catholicism,parish church,Q317557,6,1,2,church which acts as the religious centre of a parish,"parochial church|Parish church, parochial church|church",,Q16970,Parish church
Catholicism,Catholic parish church,Q55876909,6,1,2,church building that acts as the religious center of a Catholic parish,church|parish church|parish,Q811102,Q317557|Q1088552|Q17334923,
Catholicism,Parish Church,Q27973525,6,1,2,painting by Patrick Caulfield,,Q3305213,,
Catholicism,St Cennych's Church,Q29498437,6,1,2,"church in Llangennech, Carmarthenshire, Wales","St Gwynog's|Parish church|St Cennych's Church, Llangennech|St Cennych or St Gwynog's Church, Llangennech",Q16970,,
Catholicism,parish church,Q23689631,6,1,2,"parish church in Mooskirchen, Austria",,Q317557,,
Catholicism,Santa Maria Assunta church,Q55110064,6,1,2,"building in Calavino, Italy",parish church,Q16970|Q317557,,
Catholicism,Parish Church,Q17548751,6,1,2,"church in Throckmorton, Worcestershire, England, UK",Throckmorton Church|Throckmorton Chapelry,Q16970,,
Catholicism,Parish Church,Q17529278,6,1,2,"church in Easton Grey, Wiltshire, England, UK",Easton Grey Parish Church,Q16970,,
Catholicism,Church of Saint Eustace,Q55110576,6,1,2,"building in Campo di Giove, Italy",Mother Church of Saint Eustace|Parish Church of Saint Eustace,Q16970,,
Catholicism,Brecon Cathedral,Q2469048,6,1,2,"Grade I listed cathedral in Brecon, Powys",Cathedral Church Of St John The Baptist|Eglwys Gadeiriol Aberhonddu|Parish Church of St John the Evangelist|Priory Church of St. John the Evangelist|Brecon Priory,Q56242250,,Brecon Cathedral
Parish church in Neukirchen near Lambach,Parish church in Neukirchen near Lambach,Q26160979,7,0,1,church with adjoining cemetery in Neukirchen near Lambach in Upper Austria,,Q16970|Q39614,,
Parish church in Neukirchen near Lambach,parish church,Q317557,7,0,2,church which acts as the religious centre of a parish,"parochial church|Parish church, parochial church|church",,Q16970,Parish church
Parish church in Neukirchen near Lambach,Catholic parish church,Q55876909,7,0,2,church building that acts as the religious center of a Catholic parish,church|parish church|parish,Q811102,Q317557|Q1088552|Q17334923,
Parish church in Neukirchen near Lambach,Parish Church,Q27973525,7,0,2,painting by Patrick Caulfield,,Q3305213,,
Parish church in Neukirchen near Lambach,St Cennych's Church,Q29498437,7,0,2,"church in Llangennech, Carmarthenshire, Wales","St Gwynog's|Parish church|St Cennych's Church, Llangennech|St Cennych or St Gwynog's Church, Llangennech",Q16970,,
Parish church in Neukirchen near Lambach,parish church,Q23689631,7,0,2,"parish church in Mooskirchen, Austria",,Q317557,,
Parish church in Neukirchen near Lambach,Santa Maria Assunta church,Q55110064,7,0,2,"building in Calavino, Italy",parish church,Q16970|Q317557,,
Parish church in Neukirchen near Lambach,Parish Church,Q17548751,7,0,2,"church in Throckmorton, Worcestershire, England, UK",Throckmorton Church|Throckmorton Chapelry,Q16970,,
Parish church in Neukirchen near Lambach,Parish Church,Q17529278,7,0,2,"church in Easton Grey, Wiltshire, England, UK",Easton Grey Parish Church,Q16970,,
Parish church in Neukirchen near Lambach,Church of Saint Eustace,Q55110576,7,0,2,"building in Campo di Giove, Italy",Mother Church of Saint Eustace|Parish Church of Saint Eustace,Q16970,,
Parish church in Neukirchen near Lambach,Brecon Cathedral,Q2469048,7,0,2,"Grade I listed cathedral in Brecon, Powys",Cathedral Church Of St John The Baptist|Eglwys Gadeiriol Aberhonddu|Parish Church of St John the Evangelist|Priory Church of St. John the Evangelist|Brecon Priory,Q56242250,,Brecon Cathedral
Parish church in Neukirchen near Lambach,Neukirchen/Erzgeb.,Q57804,7,0,2,"municipality of Germany in the Erzgebirgskreis, Saxony",,Q116457956,,"Neukirchen, Erzgebirgskreis"
Parish church in Neukirchen near Lambach,Neukirchen,Q105536294,7,0,2,family name,,Q101352,,
Parish church in Neukirchen near Lambach,Neukirchen,Q14551006,7,0,2,human settlement in Upper Austria,,Q11183787,,
Parish church in Neukirchen near Lambach,Neukirchen,Q1980777,7,0,2,"village in the municipality of Thierhaupten, Germany",,Q253019|Q532|Q1493533,,
Parish church in Neukirchen near Lambach,Neukirchen,Q15122771,7,0,2,"district of Rheinbach, Germany",,Q2983893,,
Parish church in Neukirchen near Lambach,Neukirchen,Q120310,7,0,2,"municipality in Schleswig-Holstein, Germany",,Q116457956,,"Neukirchen, Ostholstein"
Parish church in Neukirchen near Lambach,Neukirchen,Q17124,7,0,2,"municipality in the district Zwickau, in Saxony, Germany",,Q116457956,,"Neukirchen, Zwickau"
Parish church in Neukirchen near Lambach,Neukirchen,Q581616,7,0,2,"municipality in Straubing-Bogen, Lower Bavaria, Bavaria, Germany",Neukirchen (Niederbayern),Q116457956,,"Neukirchen, Lower Bavaria"
Parish church in Neukirchen near Lambach,Neukirchen,Q524034,7,0,2,"municipality in Nordfriesland, in Schleswig-Holstein, Germany",,Q116457956,,"Neukirchen, Nordfriesland"
Parish church in Neukirchen near Lambach,Neukirchen am Ostrong,Q76849332,7,0,2,locality in Melk District,,Q11183787,,
Parish church in Neukirchen near Lambach,Lambach,Q22919,7,0,2,"commune in Moselle, France",,Q484170,,"Lambach, Moselle"
Parish church in Neukirchen near Lambach,Lambach,Q37556121,7,0,2,family name,,Q101352,,
Parish church in Neukirchen near Lambach,Lambach,Q69350159,7,0,2,locality in Bruck-Mürzzuschlag District,,Q11183787,,
Parish church in Neukirchen near Lambach,Lambach,Q686750,7,0,2,market town in the Wels-Land district of the Austrian state of Upper Austria,,Q562061|Q667509,,Lambach
Parish church in Neukirchen near Lambach,Lambach,Q878072,7,0,2,"river in North Rhine-Westphalia, Germany",,Q4022,,Lambach (Loper Bach)
Parish church in Neukirchen near Lambach,Lambach,Q830979,7,0,2,river in Germany,,Q4022,,Lambach (Eickumer Mühlenbach)
Parish church in Neukirchen near Lambach,Lambacher,Q111765037,7,0,2,family name,,Q101352,,
Parish church in Neukirchen near Lambach,Lambach Abbey,Q315889,7,0,2,"Benedictine Abbey in Wels-Land, Upper Austria",,Q160742|Q317557|Q33506|Q44613,,Lambach Abbey
Parish church in Neukirchen near Lambach,Lambach,Q1801314,7,0,2,human settlement in Germany,,Q253019,,
Parish church in Neukirchen near Lambach,Lambach,Q21868819,7,0,2,"watercourse in the Radstädter Tauern in Salzburg, tributary of Großarler Ache",,Q355304,,
Parish church in Neukirchen near Lambach,Catholic Church,Q9592,7,0,2,"largest Christian Church, made up of 24 autonomous Churches in communion with the Pope, part of the Latin Church aka Latin Christianity a.k.a. western Christianity",Roman Catholic Church|Roman Apostolic Catholic Church|Roman Rite Catholic Church,Q879146|Q4204511|Q34651|Q2638480,,Catholic Church
Parish church in Neukirchen near Lambach,Catholic church building,Q1088552,7,0,2,church building in the Catholic Church,Catholic church|Roman Rite Catholic church|Roman Rite Catholic church building|Catholic temple,Q811102,Q140454931,Catholic church building
Parish church in Neukirchen near Lambach,Catholic Church,Q110209751,7,0,2,gouache - Michel Jean Cazabon,,Q21281546,,
Parish church in Neukirchen near Lambach,Catholic Church in the United States,Q769585,7,0,2,part of the worldwide Roman Catholic Church,Roman Catholic Church in the United States|American Catholicism,Q13073773|Q23955632,Q15717693|Q4116393,Catholic Church in the United States
Parish church in Neukirchen near Lambach,Catholic church,Q106842044,7,0,2,"church building in Hesse, Germany",,Q16970,,
Parish church in Neukirchen near Lambach,Catholic Church,Q1487180,7,0,2,"church building in Langnau im Emmental in the canton of Bern, Switzerland",Katholische Kirche|Kirche Heilig Kreuz,Q1088552,,
Parish church in Neukirchen near Lambach,Catholic Church sexual abuse cases,Q573565,7,0,2,sexual abuse cases by Catholic clergy,Catholic sex abuse cases,Q5801919|Q26553,,Catholic Church sexual abuse cases
Parish church in Neukirchen near Lambach,Catholic Church in the Czech Republic,Q1201779,7,0,2,,,Q13073773|Q23955632,Q15717693|Q12032243,Catholic Church in the Czech Republic
Parish church in Neukirchen near Lambach,Catholic church,Q1537908,7,0,2,"church building in Richterswil in the canton of Zurich, Switzerland",Katholische Kirche Richterswil,Q1088552,,
Parish church in Neukirchen near Lambach,political Catholicism,Q834554,7,0,2,"interplay of Catholicism with religious, and later secular, politics",Catholic Church and politics,Q12909644,Q1841|Q4116798,Catholic Church and politics
Catholicism,Catholicism,Q1841,7,1,1,Christian doctrine professed by the Catholic Church,Catholic faith|Catholic religion|Roman Catholicism|Christianity,Q123129246|Q71966963,Q842798|Q2711500|Q5043,Catholicism
Catholicism,Catholicism: The Story of Catholic Christianity,Q56048148,7,1,1,academic book by Gerald O'Collins & Mario Farrugia,Catholicism,Q47461344,,
Catholicism,Catholic Church and health care,Q12193139,7,1,1,relationship between the Catholic Church and health care,Catholic hospitals|Catholic healthcare|Catholic health care|Roman Catholic hospitals|Catholicism and healthcare|Roman Catholicism and healthcare,Q21040055,,Catholic Church and health care
Catholicism,Catholic Church in Canada,Q1205551,7,1,1,part of the worldwide Catholic Church in Canada,Catholicism in Canada|Roman Catholicism in Canada|Roman Catholic Church in Canada,Q13073773|Q23955632,Q15717693|Q12193115,Catholic Church in Canada
Catholicism,Catholic Church in Italy,Q1201891,7,1,1,part of the worldwide Catholic Church,Roman Catholicism in Italy|Catholicism in Italy,Q13073773,Q15717693|Q378478,Catholic Church in Italy
Catholicism,Catholic Church in Japan,Q1205621,7,1,1,the practice of Latin Catholicism in the eastern island nation of Japan,Latin Catholicism in Japan|Catholicism in Japan|Western Catholicism in Japan|Roman Catholicism in Japan,Q13073773,Q15717693|Q427945,Catholic Church in Japan
Catholicism,Catholicism and Crisis in Modern France,Q140146939,7,1,1,book published by Princeton University Press (1962),,Q3331189,,
Catholicism,Catholicism contending with modernity : Roman Catholic modernism and anti-modernism in historical context,Q139540249,7,1,1,book published in 2000,,Q3331189,,
Catholicism,"Catholicism and the Great War: Religion and Everyday Life in Germany and Austria-Hungary, 1914–1922",Q111134191,7,1,1,,,Q7725634,,
Catholicism,Catholic Church in Bosnia and Herzegovina,Q1572396,7,1,1,part of the worldwide Catholic Church,Catholicism in Bosnia and Herzegovina,Q13073773,Q15717693|Q12193037,Catholic Church in Bosnia and Herzegovina
Catholicism,Catholic Church,Q9592,7,1,2,"largest Christian Church, made up of 24 autonomous Churches in communion with the Pope, part of the Latin Church aka Latin Christianity a.k.a. western Christianity",Roman Catholic Church|Roman Apostolic Catholic Church|Roman Rite Catholic Church,Q879146|Q4204511|Q34651|Q2638480,,Catholic Church
Catholicism,Catholic church building,Q1088552,7,1,2,church building in the Catholic Church,Catholic church|Roman Rite Catholic church|Roman Rite Catholic church building|Catholic temple,Q811102,Q140454931,Catholic church building
Catholicism,Catholic Church,Q110209751,7,1,2,gouache - Michel Jean Cazabon,,Q21281546,,
Catholicism,Catholic Church in the United States,Q769585,7,1,2,part of the worldwide Roman Catholic Church,Roman Catholic Church in the United States|American Catholicism,Q13073773|Q23955632,Q15717693|Q4116393,Catholic Church in the United States
Catholicism,Catholic church,Q106842044,7,1,2,"church building in Hesse, Germany",,Q16970,,
Catholicism,Catholic Church,Q1487180,7,1,2,"church building in Langnau im Emmental in the canton of Bern, Switzerland",Katholische Kirche|Kirche Heilig Kreuz,Q1088552,,
Catholicism,Catholic Church sexual abuse cases,Q573565,7,1,2,sexual abuse cases by Catholic clergy,Catholic sex abuse cases,Q5801919|Q26553,,Catholic Church sexual abuse cases
Catholicism,Catholic Church in the Czech Republic,Q1201779,7,1,2,,,Q13073773|Q23955632,Q15717693|Q12032243,Catholic Church in the Czech Republic
Catholicism,Catholic church,Q1537908,7,1,2,"church building in Richterswil in the canton of Zurich, Switzerland",Katholische Kirche Richterswil,Q1088552,,
Catholicism,political Catholicism,Q834554,7,1,2,"interplay of Catholicism with religious, and later secular, politics",Catholic Church and politics,Q12909644,Q1841|Q4116798,Catholic Church and politics
Catholicism,parish church,Q317557,7,1,2,church which acts as the religious centre of a parish,"parochial church|Parish church, parochial church|church",,Q16970,Parish church
Catholicism,Catholic parish church,Q55876909,7,1,2,church building that acts as the religious center of a Catholic parish,church|parish church|parish,Q811102,Q317557|Q1088552|Q17334923,
Catholicism,Parish Church,Q27973525,7,1,2,painting by Patrick Caulfield,,Q3305213,,
Catholicism,St Cennych's Church,Q29498437,7,1,2,"church in Llangennech, Carmarthenshire, Wales","St Gwynog's|Parish church|St Cennych's Church, Llangennech|St Cennych or St Gwynog's Church, Llangennech",Q16970,,
Catholicism,parish church,Q23689631,7,1,2,"parish church in Mooskirchen, Austria",,Q317557,,
Catholicism,Santa Maria Assunta church,Q55110064,7,1,2,"building in Calavino, Italy",parish church,Q16970|Q317557,,
Catholicism,Parish Church,Q17548751,7,1,2,"church in Throckmorton, Worcestershire, England, UK",Throckmorton Church|Throckmorton Chapelry,Q16970,,
Catholicism,Parish Church,Q17529278,7,1,2,"church in Easton Grey, Wiltshire, England, UK",Easton Grey Parish Church,Q16970,,
Catholicism,Church of Saint Eustace,Q55110576,7,1,2,"building in Campo di Giove, Italy",Mother Church of Saint Eustace|Parish Church of Saint Eustace,Q16970,,
Catholicism,Brecon Cathedral,Q2469048,7,1,2,"Grade I listed cathedral in Brecon, Powys",Cathedral Church Of St John The Baptist|Eglwys Gadeiriol Aberhonddu|Parish Church of St John the Evangelist|Priory Church of St. John the Evangelist|Brecon Priory,Q56242250,,Brecon Cathedral
Geboltskirchen Parish Church,Geboltskirchen Parish Church,Q25935497,8,0,1,parish church with a cemetery in Geboltskirchen in Upper Austria,Saint Nicholas Church,Q16970|Q39614,,
Catholicism,Catholicism,Q1841,8,1,1,Christian doctrine professed by the Catholic Church,Catholic faith|Catholic religion|Roman Catholicism|Christianity,Q123129246|Q71966963,Q842798|Q2711500|Q5043,Catholicism
Catholicism,Catholicism: The Story of Catholic Christianity,Q56048148,8,1,1,academic book by Gerald O'Collins & Mario Farrugia,Catholicism,Q47461344,,
Catholicism,Catholic Church and health care,Q12193139,8,1,1,relationship between the Catholic Church and health care,Catholic hospitals|Catholic healthcare|Catholic health care|Roman Catholic hospitals|Catholicism and healthcare|Roman Catholicism and healthcare,Q21040055,,Catholic Church and health care
Catholicism,Catholic Church in Canada,Q1205551,8,1,1,part of the worldwide Catholic Church in Canada,Catholicism in Canada|Roman Catholicism in Canada|Roman Catholic Church in Canada,Q13073773|Q23955632,Q15717693|Q12193115,Catholic Church in Canada
Catholicism,Catholic Church in Italy,Q1201891,8,1,1,part of the worldwide Catholic Church,Roman Catholicism in Italy|Catholicism in Italy,Q13073773,Q15717693|Q378478,Catholic Church in Italy
Catholicism,Catholic Church in Japan,Q1205621,8,1,1,the practice of Latin Catholicism in the eastern island nation of Japan,Latin Catholicism in Japan|Catholicism in Japan|Western Catholicism in Japan|Roman Catholicism in Japan,Q13073773,Q15717693|Q427945,Catholic Church in Japan
Catholicism,Catholicism and Crisis in Modern France,Q140146939,8,1,1,book published by Princeton University Press (1962),,Q3331189,,
Catholicism,Catholicism contending with modernity : Roman Catholic modernism and anti-modernism in historical context,Q139540249,8,1,1,book published in 2000,,Q3331189,,
Catholicism,"Catholicism and the Great War: Religion and Everyday Life in Germany and Austria-Hungary, 1914–1922",Q111134191,8,1,1,,,Q7725634,,
Catholicism,Catholic Church in Bosnia and Herzegovina,Q1572396,8,1,1,part of the worldwide Catholic Church,Catholicism in Bosnia and Herzegovina,Q13073773,Q15717693|Q12193037,Catholic Church in Bosnia and Herzegovina
Catholicism,Catholic Church,Q9592,8,1,2,"largest Christian Church, made up of 24 autonomous Churches in communion with the Pope, part of the Latin Church aka Latin Christianity a.k.a. western Christianity",Roman Catholic Church|Roman Apostolic Catholic Church|Roman Rite Catholic Church,Q879146|Q4204511|Q34651|Q2638480,,Catholic Church
Catholicism,Catholic church building,Q1088552,8,1,2,church building in the Catholic Church,Catholic church|Roman Rite Catholic church|Roman Rite Catholic church building|Catholic temple,Q811102,Q140454931,Catholic church building
Catholicism,Catholic Church,Q110209751,8,1,2,gouache - Michel Jean Cazabon,,Q21281546,,
Catholicism,Catholic Church in the United States,Q769585,8,1,2,part of the worldwide Roman Catholic Church,Roman Catholic Church in the United States|American Catholicism,Q13073773|Q23955632,Q15717693|Q4116393,Catholic Church in the United States
Catholicism,Catholic church,Q106842044,8,1,2,"church building in Hesse, Germany",,Q16970,,
Catholicism,Catholic Church,Q1487180,8,1,2,"church building in Langnau im Emmental in the canton of Bern, Switzerland",Katholische Kirche|Kirche Heilig Kreuz,Q1088552,,
Catholicism,Catholic Church sexual abuse cases,Q573565,8,1,2,sexual abuse cases by Catholic clergy,Catholic sex abuse cases,Q5801919|Q26553,,Catholic Church sexual abuse cases
Catholicism,Catholic Church in the Czech Republic,Q1201779,8,1,2,,,Q13073773|Q23955632,Q15717693|Q12032243,Catholic Church in the Czech Republic
Catholicism,Catholic church,Q1537908,8,1,2,"church building in Richterswil in the canton of Zurich, Switzerland",Katholische Kirche Richterswil,Q1088552,,
Catholicism,political Catholicism,Q834554,8,1,2,"interplay of Catholicism with religious, and later secular, politics",Catholic Church and politics,Q12909644,Q1841|Q4116798,Catholic Church and politics
Catholicism,Latin Church,Q597526,8,1,2,autonomous particular church making up of most of the Western world Catholics,Latin Catholic Church|Western Catholic Church|Roman Catholic Church,Q6566418|Q879146,Q842798,Latin Church
Catholicism,Roman Catholic Church,Q104699267,8,1,2,subject category of the 20th Century Press Archives,d7 Sm2 Roman Catholic Church,Q92707903,,
Catholicism,Basilica of Our Lady of Graces,Q4867358,8,1,2,Kirche in Indien,Roman Catholic Church,Q16970|Q120560,,Basilica of Our Lady of Graces
Catholicism,Ignacy Krauze,Q10303361,8,1,2,Bishop,Roman Catholic Church,Q5,,
Catholicism,roman-catholic church,Q1514195,8,1,2,"church building in Waltenschwil in the canton of Aargau, Switzerland",Römisch-katholische Kirche,Q811979|Q1088552,,
Catholicism,Roman Catholic Church,Q17613419,8,1,2,"church in Loenen, Apeldoorn, Netherlands",,Q5191724,,
Catholicism,Roman Catholic Church in Eritrea,Q2428493,8,1,2,,Roman Catholic Church in Eritrea,Q104699267,Q1077738|Q1078448,Catholic Church in Eritrea
Catholicism,Roman Catholic Church of St. George in Kula,Q108211801,8,1,2,"church building in Kula, Serbia",,Q16970,,
Bachmanning Parish Church,Bachmanning Parish Church,Q25935370,9,0,1,"church and churchyard in Bachmanning in Upper Austria, Austria",,Q16970|Q39614,,
Catholicism,Catholicism,Q1841,9,1,1,Christian doctrine professed by the Catholic Church,Catholic faith|Catholic religion|Roman Catholicism|Christianity,Q123129246|Q71966963,Q842798|Q2711500|Q5043,Catholicism
Catholicism,Catholicism: The Story of Catholic Christianity,Q56048148,9,1,1,academic book by Gerald O'Collins & Mario Farrugia,Catholicism,Q47461344,,
Catholicism,Catholic Church and health care,Q12193139,9,1,1,relationship between the Catholic Church and health care,Catholic hospitals|Catholic healthcare|Catholic health care|Roman Catholic hospitals|Catholicism and healthcare|Roman Catholicism and healthcare,Q21040055,,Catholic Church and health care
Catholicism,Catholic Church in Canada,Q1205551,9,1,1,part of the worldwide Catholic Church in Canada,Catholicism in Canada|Roman Catholicism in Canada|Roman Catholic Church in Canada,Q13073773|Q23955632,Q15717693|Q12193115,Catholic Church in Canada
Catholicism,Catholic Church in Italy,Q1201891,9,1,1,part of the worldwide Catholic Church,Roman Catholicism in Italy|Catholicism in Italy,Q13073773,Q15717693|Q378478,Catholic Church in Italy
Catholicism,Catholic Church in Japan,Q1205621,9,1,1,the practice of Latin Catholicism in the eastern island nation of Japan,Latin Catholicism in Japan|Catholicism in Japan|Western Catholicism in Japan|Roman Catholicism in Japan,Q13073773,Q15717693|Q427945,Catholic Church in Japan
Catholicism,Catholicism and Crisis in Modern France,Q140146939,9,1,1,book published by Princeton University Press (1962),,Q3331189,,
Catholicism,Catholicism contending with modernity : Roman Catholic modernism and anti-modernism in historical context,Q139540249,9,1,1,book published in 2000,,Q3331189,,
Catholicism,"Catholicism and the Great War: Religion and Everyday Life in Germany and Austria-Hungary, 1914–1922",Q111134191,9,1,1,,,Q7725634,,
Catholicism,Catholic Church in Bosnia and Herzegovina,Q1572396,9,1,1,part of the worldwide Catholic Church,Catholicism in Bosnia and Herzegovina,Q13073773,Q15717693|Q12193037,Catholic Church in Bosnia and Herzegovina
Catholicism,Catholic Church,Q9592,9,1,2,"largest Christian Church, made up of 24 autonomous Churches in communion with the Pope, part of the Latin Church aka Latin Christianity a.k.a. western Christianity",Roman Catholic Church|Roman Apostolic Catholic Church|Roman Rite Catholic Church,Q879146|Q4204511|Q34651|Q2638480,,Catholic Church
Catholicism,Catholic church building,Q1088552,9,1,2,church building in the Catholic Church,Catholic church|Roman Rite Catholic church|Roman Rite Catholic church building|Catholic temple,Q811102,Q140454931,Catholic church building
Catholicism,Catholic Church,Q110209751,9,1,2,gouache - Michel Jean Cazabon,,Q21281546,,
Catholicism,Catholic Church in the United States,Q769585,9,1,2,part of the worldwide Roman Catholic Church,Roman Catholic Church in the United States|American Catholicism,Q13073773|Q23955632,Q15717693|Q4116393,Catholic Church in the United States
Catholicism,Catholic church,Q106842044,9,1,2,"church building in Hesse, Germany",,Q16970,,
Catholicism,Catholic Church,Q1487180,9,1,2,"church building in Langnau im Emmental in the canton of Bern, Switzerland",Katholische Kirche|Kirche Heilig Kreuz,Q1088552,,
Catholicism,Catholic Church sexual abuse cases,Q573565,9,1,2,sexual abuse cases by Catholic clergy,Catholic sex abuse cases,Q5801919|Q26553,,Catholic Church sexual abuse cases
Catholicism,Catholic Church in the Czech Republic,Q1201779,9,1,2,,,Q13073773|Q23955632,Q15717693|Q12032243,Catholic Church in the Czech Republic
Catholicism,Catholic church,Q1537908,9,1,2,"church building in Richterswil in the canton of Zurich, Switzerland",Katholische Kirche Richterswil,Q1088552,,
Catholicism,political Catholicism,Q834554,9,1,2,"interplay of Catholicism with religious, and later secular, politics",Catholic Church and politics,Q12909644,Q1841|Q4116798,Catholic Church and politics
Catholicism,Bachmanning Parish Church,Q25935370,9,1,2,"church and churchyard in Bachmanning in Upper Austria, Austria",,Q16970|Q39614,,
Catholicism,parish church,Q317557,9,1,2,church which acts as the religious centre of a parish,"parochial church|Parish church, parochial church|church",,Q16970,Parish church
Catholicism,Catholic parish church,Q55876909,9,1,2,church building that acts as the religious center of a Catholic parish,church|parish church|parish,Q811102,Q317557|Q1088552|Q17334923,
Catholicism,Parish Church,Q27973525,9,1,2,painting by Patrick Caulfield,,Q3305213,,
Catholicism,St Cennych's Church,Q29498437,9,1,2,"church in Llangennech, Carmarthenshire, Wales","St Gwynog's|Parish church|St Cennych's Church, Llangennech|St Cennych or St Gwynog's Church, Llangennech",Q16970,,
Catholicism,parish church,Q23689631,9,1,2,"parish church in Mooskirchen, Austria",,Q317557,,
Catholicism,Santa Maria Assunta church,Q55110064,9,1,2,"building in Calavino, Italy",parish church,Q16970|Q317557,,
Catholicism,Parish Church,Q17548751,9,1,2,"church in Throckmorton, Worcestershire, England, UK",Throckmorton Church|Throckmorton Chapelry,Q16970,,
Catholicism,Parish Church,Q17529278,9,1,2,"church in Easton Grey, Wiltshire, England, UK",Easton Grey Parish Church,Q16970,,
Catholicism,Church of Saint Eustace,Q55110576,9,1,2,"building in Campo di Giove, Italy",Mother Church of Saint Eustace|Parish Church of Saint Eustace,Q16970,,
Catholicism,Brecon Cathedral,Q2469048,9,1,2,"Grade I listed cathedral in Brecon, Powys",Cathedral Church Of St John The Baptist|Eglwys Gadeiriol Aberhonddu|Parish Church of St John the Evangelist|Priory Church of St. John the Evangelist|Brecon Priory,Q56242250,,Brecon Cathedral
Lutheran cemetery in Guty,Lutheran cemetery in Guty,Q27665833,10,0,1,,,Q39614,,
Lutheran cemetery in Guty,Vaskrasienskija Cemetery in Mahilioŭ,Q107014813,10,0,2,"cemetery in Mahiljou, Belarus",Lutheran cemetery|German cemetery,Q39614,,
Lutheran cemetery in Guty,All Faiths Cemetery,Q96371778,10,0,2,"cemetery in Middle Village, Queens, New York City",All Faiths Lutheran Cemetery|Lutheran Cemetery|Lutheran All Faiths Cemetery,Q39614,,All Faiths Cemetery
Lutheran cemetery in Guty,Union Cemetery,Q111077684,10,0,2,"cemetery in Somerset, Pennsylvania",Lutheran Cemetery,Q39614,,
Lutheran cemetery in Guty,Danish Cemetery,Q20857204,10,0,2,"cemetery in Charlotte Amalie, St. Thomas, United States Virgin Islands",Lutheran Cemetery,Q39614,,
Lutheran cemetery in Guty,Lutheran cemetery,Q1381230,10,0,2,,cemetery,,Q109229401,
Lutheran cemetery in Guty,Lutheran Cemetery,Q61044221,10,0,2,"cemetery in Decorah, Iowa",Decorah Lutheran Cemetery,Q39614,,
Lutheran cemetery in Guty,Binford Cemetery,Q117559352,10,0,2,"cemetery in Griggs County, North Dakota, United States",Lutheran Cemetery,Q39614,,
Lutheran cemetery in Guty,First Lutheran Cemetery,Q117584188,10,0,2,"cemetery in Nobles County, Minnesota, United States",Lutheran Cemetery,Q39614,,
Lutheran cemetery in Guty,Lutheran Cemetery,Q117641718,10,0,2,"cemetery in Runnels County, Texas, United States",,Q39614,,
Lutheran cemetery in Guty,France Cemetery,Q117587564,10,0,2,"cemetery in Huntington County, Indiana, United States",Lutheran Cemetery,Q39614,,
Silesian Evangelical Church of the Augsburg Confession,Silesian Evangelical Church of the Augsburg Confession,Q1470190,10,1,1,Lutheran church in the Czech Republic,,Q34651,,Silesian Evangelical Church of the Augsburg Confession
Silesian Evangelical Church of the Augsburg Confession,Augsburg Confession,Q154483,10,1,2,1530 primary confession of faith of the Lutheran Church,Augustana|AC,Q183770|Q47461344,,Augsburg Confession
Silesian Evangelical Church of the Augsburg Confession,Augsburg Confession Variata,Q4820468,10,1,2,later version of the Lutheran Augsburg Confession revised by Melanchthon,,Q183770,,Augsburg Confession Variata
Silesian Evangelical Church of the Augsburg Confession,Augsburg Confession VII: an unnecessary controversy,Q108165780,10,1,2,scholarly article published in Concordia Theological Quarterly,,Q13442814,,
Silesian Evangelical Church of the Augsburg Confession,Augsburg Confession VII revisited,Q108165796,10,1,2,scholarly article published in Concordia Theological Quarterly,,Q13442814,,
Silesian Evangelical Church of the Augsburg Confession,Vaskrasienskija Cemetery in Mahilioŭ,Q107014813,10,1,2,"cemetery in Mahiljou, Belarus",Lutheran cemetery|German cemetery,Q39614,,
Silesian Evangelical Church of the Augsburg Confession,All Faiths Cemetery,Q96371778,10,1,2,"cemetery in Middle Village, Queens, New York City",All Faiths Lutheran Cemetery|Lutheran Cemetery|Lutheran All Faiths Cemetery,Q39614,,All Faiths Cemetery
Silesian Evangelical Church of the Augsburg Confession,Union Cemetery,Q111077684,10,1,2,"cemetery in Somerset, Pennsylvania",Lutheran Cemetery,Q39614,,
Silesian Evangelical Church of the Augsburg Confession,Danish Cemetery,Q20857204,10,1,2,"cemetery in Charlotte Amalie, St. Thomas, United States Virgin Islands",Lutheran Cemetery,Q39614,,
Silesian Evangelical Church of the Augsburg Confession,Lutheran cemetery,Q1381230,10,1,2,,cemetery,,Q109229401,
Silesian Evangelical Church of the Augsburg Confession,Lutheran Cemetery,Q61044221,10,1,2,"cemetery in Decorah, Iowa",Decorah Lutheran Cemetery,Q39614,,
Silesian Evangelical Church of the Augsburg Confession,Binford Cemetery,Q117559352,10,1,2,"cemetery in Griggs County, North Dakota, United States",Lutheran Cemetery,Q39614,,
Silesian Evangelical Church of the Augsburg Confession,First Lutheran Cemetery,Q117584188,10,1,2,"cemetery in Nobles County, Minnesota, United States",Lutheran Cemetery,Q39614,,
Silesian Evangelical Church of the Augsburg Confession,Lutheran Cemetery,Q117641718,10,1,2,"cemetery in Runnels County, Texas, United States",,Q39614,,
Silesian Evangelical Church of the Augsburg Confession,France Cemetery,Q117587564,10,1,2,"cemetery in Huntington County, Indiana, United States",Lutheran Cemetery,Q39614,,
Silesian Evangelical Church of the Augsburg Confession,Guty,Q849894,10,1,2,neighborhood of Třinec,,Q20871353|Q61089180,,Guty (Třinec)
Silesian Evangelical Church of the Augsburg Confession,Guty,Q3121435,10,1,2,"village in Gmina Gizycko, Poland",,Q3558970,,"Guty, Giżycko County"
Silesian Evangelical Church of the Augsburg Confession,Guty,Q703605,10,1,2,"village in Tulchyn Hromada, Tulchyn Raion, Vinnytsia Oblast, Ukraine",,Q21672098,,
Silesian Evangelical Church of the Augsburg Confession,Guty,Q1611977,10,1,2,village of Poland,,Q3558970,,"Guty, Sokołów County"
Silesian Evangelical Church of the Augsburg Confession,Guty,Q5621961,10,1,2,"village in Warmian-Masurian, Poland",,Q3558970,,"Guty, Olecko County"
Silesian Evangelical Church of the Augsburg Confession,Guty Cárdenas,Q3393871,10,1,2,Mexican singer and composer (1905-1932),Guty Cardenas|Augusto Alejandro Cárdenas Pinelo,Q5,,Guty Cárdenas
Silesian Evangelical Church of the Augsburg Confession,Gutyn ap Gruffudd ab Ieuan Gethin ap Madog Cyffin,Q112533644,10,1,2,,,Q5,,
Silesian Evangelical Church of the Augsburg Confession,Guty,Q5621959,10,1,2,"village in Masovian, Poland",,Q3558970,,"Guty, Legionowo County"
Silesian Evangelical Church of the Augsburg Confession,Griffith Williams,Q15244394,10,1,2,"Welsh poet, called Gutyn Peris",Gutyn Peris|Guten Peris,Q5,,Griffith Williams (Gutyn Peris)
Silesian Evangelical Church of the Augsburg Confession,Guty Carrera,Q97570968,10,1,2,Peruvian actor and TV personality,,Q5,,
Lutheran cemetery in Lyžbice,Lutheran cemetery in Lyžbice,Q27135904,11,0,1,,,Q39614,,
Lutheran cemetery in Lyžbice,Vaskrasienskija Cemetery in Mahilioŭ,Q107014813,11,0,2,"cemetery in Mahiljou, Belarus",Lutheran cemetery|German cemetery,Q39614,,
Lutheran cemetery in Lyžbice,All Faiths Cemetery,Q96371778,11,0,2,"cemetery in Middle Village, Queens, New York City",All Faiths Lutheran Cemetery|Lutheran Cemetery|Lutheran All Faiths Cemetery,Q39614,,All Faiths Cemetery
Lutheran cemetery in Lyžbice,Union Cemetery,Q111077684,11,0,2,"cemetery in Somerset, Pennsylvania",Lutheran Cemetery,Q39614,,
Lutheran cemetery in Lyžbice,Danish Cemetery,Q20857204,11,0,2,"cemetery in Charlotte Amalie, St. Thomas, United States Virgin Islands",Lutheran Cemetery,Q39614,,
Lutheran cemetery in Lyžbice,Lutheran cemetery,Q1381230,11,0,2,,cemetery,,Q109229401,
Lutheran cemetery in Lyžbice,Lutheran Cemetery,Q61044221,11,0,2,"cemetery in Decorah, Iowa",Decorah Lutheran Cemetery,Q39614,,
Lutheran cemetery in Lyžbice,Binford Cemetery,Q117559352,11,0,2,"cemetery in Griggs County, North Dakota, United States",Lutheran Cemetery,Q39614,,
Lutheran cemetery in Lyžbice,First Lutheran Cemetery,Q117584188,11,0,2,"cemetery in Nobles County, Minnesota, United States",Lutheran Cemetery,Q39614,,
Lutheran cemetery in Lyžbice,Lutheran Cemetery,Q117641718,11,0,2,"cemetery in Runnels County, Texas, United States",,Q39614,,
Lutheran cemetery in Lyžbice,France Cemetery,Q117587564,11,0,2,"cemetery in Huntington County, Indiana, United States",Lutheran Cemetery,Q39614,,
Silesian Evangelical Church of the Augsburg Confession,Silesian Evangelical Church of the Augsburg Confession,Q1470190,11,1,1,Lutheran church in the Czech Republic,,Q34651,,Silesian Evangelical Church of the Augsburg Confession
Silesian Evangelical Church of the Augsburg Confession,Augsburg Confession,Q154483,11,1,2,1530 primary confession of faith of the Lutheran Church,Augustana|AC,Q183770|Q47461344,,Augsburg Confession
Silesian Evangelical Church of the Augsburg Confession,Augsburg Confession Variata,Q4820468,11,1,2,later version of the Lutheran Augsburg Confession revised by Melanchthon,,Q183770,,Augsburg Confession Variata
Silesian Evangelical Church of the Augsburg Confession,Augsburg Confession VII: an unnecessary controversy,Q108165780,11,1,2,scholarly article published in Concordia Theological Quarterly,,Q13442814,,
Silesian Evangelical Church of the Augsburg Confession,Augsburg Confession VII revisited,Q108165796,11,1,2,scholarly article published in Concordia Theological Quarterly,,Q13442814,,
Silesian Evangelical Church of the Augsburg Confession,Vaskrasienskija Cemetery in Mahilioŭ,Q107014813,11,1,2,"cemetery in Mahiljou, Belarus",Lutheran cemetery|German cemetery,Q39614,,
Silesian Evangelical Church of the Augsburg Confession,All Faiths Cemetery,Q96371778,11,1,2,"cemetery in Middle Village, Queens, New York City",All Faiths Lutheran Cemetery|Lutheran Cemetery|Lutheran All Faiths Cemetery,Q39614,,All Faiths Cemetery
Silesian Evangelical Church of the Augsburg Confession,Union Cemetery,Q111077684,11,1,2,"cemetery in Somerset, Pennsylvania",Lutheran Cemetery,Q39614,,
Silesian Evangelical Church of the Augsburg Confession,Danish Cemetery,Q20857204,11,1,2,"cemetery in Charlotte Amalie, St. Thomas, United States Virgin Islands",Lutheran Cemetery,Q39614,,
Silesian Evangelical Church of the Augsburg Confession,Lutheran cemetery,Q1381230,11,1,2,,cemetery,,Q109229401,
Silesian Evangelical Church of the Augsburg Confession,Lutheran Cemetery,Q61044221,11,1,2,"cemetery in Decorah, Iowa",Decorah Lutheran Cemetery,Q39614,,
Silesian Evangelical Church of the Augsburg Confession,Binford Cemetery,Q117559352,11,1,2,"cemetery in Griggs County, North Dakota, United States",Lutheran Cemetery,Q39614,,
Silesian Evangelical Church of the Augsburg Confession,First Lutheran Cemetery,Q117584188,11,1,2,"cemetery in Nobles County, Minnesota, United States",Lutheran Cemetery,Q39614,,
Silesian Evangelical Church of the Augsburg Confession,Lutheran Cemetery,Q117641718,11,1,2,"cemetery in Runnels County, Texas, United States",,Q39614,,
Silesian Evangelical Church of the Augsburg Confession,France Cemetery,Q117587564,11,1,2,"cemetery in Huntington County, Indiana, United States",Lutheran Cemetery,Q39614,,
Silesian Evangelical Church of the Augsburg Confession,Lyžbice,Q3499826,11,1,2,neighborhood of Třinec,,Q20871353|Q61089180,,Lyžbice
Protestant cemetery in Lískovec,Protestant cemetery in Lískovec,Q27685210,12,0,1,protestant cemetery in the Czech Republic,,Q39614,,
Protestant cemetery in Lískovec,Old Protestant Cemetery,Q3504601,12,0,2,cemetery in Macau,Protestant Cemetery,Q39614|Q210272|Q109229401,,Old Protestant Cemetery (Macau)
Protestant cemetery in Lískovec,Protestant cemetery in Montpellier,Q23021852,12,0,2,"cemetery located in Hérault, in France",Protestant Cemetery|Cimetière Protestant,Q39614,,"Protestant Cemetery, Montpellier"
Protestant cemetery in Lískovec,protestant cemetery,Q109229401,12,0,2,cemetery where the faithful of any of the Protestant churches are buried,cemetery,,Q107685861,
Protestant cemetery in Lískovec,"English Cemetery, Florence",Q1092134,12,0,2,cemetery,Cimitero Accatolico|Protestant Cemetery|Cimitero Degli Inglesi,Q39614|Q92755865|Q614316,,"English Cemetery, Florence"
Protestant cemetery in Lískovec,"Protestant Cemetery, Rome",Q1187723,12,0,2,"cemetery in Rome, Italy; located near Porta San Paolo",Cimitero protestante|Cimitero acattolico|Cimitero degli Inglesi|Non-Catholic Cemetery of Rome|The Non-Catholic Cemetery for Foreigners in Testaccio|Campo Cestio|Rome Testaccio Cemetery|Cimitero Acattolico di Roma|The Old Cemetery For Non Catholic Foreigners,Q39614,,"Protestant Cemetery, Rome"
Protestant cemetery in Lískovec,Los Angeles City Cemetery,Q110759338,12,0,2,"former cemetery in Los Angeles, California",Fort Moore Hill Cemetery|The Hill Cemetery|Protestant Cemetery,Q21751045,,
Protestant cemetery in Lískovec,Gates Cemetery,Q117673070,12,0,2,"cemetery in Jefferson County, New York, United States",Sterlingville Protestant Cemetery|Sterlingville Cemetery|Protestant Cemetery,Q39614,,
Protestant cemetery in Lískovec,Moore Cemetery,Q117516409,12,0,2,"cemetery in Powell County, Montana, United States",Old Cemetery|Protestant Cemetery,Q39614,,
Protestant cemetery in Lískovec,Protestant Cemetery,Q117618125,12,0,2,"cemetery in Franklin County, New York, United States",,Q39614,,
Protestant cemetery in Lískovec,Protestant Cemetery,Q117619110,12,0,2,"cemetery in Iberville Parish, Louisiana, United States",,Q39614,,
Protestant cemetery in Lískovec,Trinity Lutheran Cemetery,Q117675364,12,0,2,"cemetery in Snyder County, Pennsylvania, United States",Selinsgrove New Lutheran Cemetery|Evangelical Church Cemetery|New Lutheran Cemetery,Q39614,,
Protestant cemetery in Lískovec,Pleasant Hill United Methodist Church Cemetery,Q117649060,12,0,2,"cemetery in Hocking County, Ohio, United States",Evangelical Church Cemetery|Pleasant Hill Cemetery|Evangelical Cemetery,Q39614,,
Protestant cemetery in Lískovec,Salix Evangelical Church Cemetery,Q117508746,12,0,2,"cemetery in Cambria County, Pennsylvania, United States",Evangelical Church Cemetery|Shiloh Cemetery,Q39614,,
Protestant cemetery in Lískovec,Saint Paul's Cemetery,Q117649693,12,0,2,"cemetery in Snyder County, Pennsylvania, United States",Evangelical Church Cemetery|Saint Paul's United Methodist Church Cemetery|Penns Creek Community Cemetery,Q39614,,
Evangelical Church of Czech Brethren,Evangelical Church of Czech Brethren,Q782911,12,1,1,Christian Denomination,,Q879146|Q966577,Q23540,Evangelical Church of Czech Brethren
Evangelical Church of Czech Brethren,Evangelical Church of Czech Brethren in Nosislav,Q11994049,12,1,1,Parish of Evangelical Church of Czech Brethren,,Q1989839,,
Evangelical Church of Czech Brethren,Evangelical Church of Czech Brethren in Strmilov,Q11994947,12,1,1,Parish of Evangelical Church of Czech Brethren,,Q1989839|Q12029047,,
Evangelical Church of Czech Brethren,Evangelical Church of Czech Brethren in Proseč,Q11994546,12,1,1,Parish of Evangelical Church of Czech Brethren,,Q1989839,,
Evangelical Church of Czech Brethren,Czech Brethren evangelical church in Český Těšín,Q30413345,12,1,2,protestant church in Český Těšín,,Q16970,,
Church of St Helen,St Helen's Bishopsgate,Q7593309,13,0,1,"church in City of London, England, UK",Church of St Helen,Q16970,,"St Helen's Church, Bishopsgate"
Church of St Helen,"St Helen's Church, St Helens",Q18157642,13,0,1,"grade II listed church in St Helens, Merseyside, England, UK","Church Of St Helen|St Helen's Church, St Helens, Merseyside",Q16970,,St Helens Minster
Church of St Helen,Church of St Helen,Q17537257,13,0,1,"church in Norwich, Norfolk, England, UK","St Helen's Church, Norwich|St Helen Bishopgate|St Helen's, Bishopgate, Norwich",Q16970,,"St Helen's Church, Norwich"
Church of St Helen,"St Helen's Church, Grove",Q7588298,13,0,1,"parish church in Grove, Nottinghamshire, England, UK",Church of St Helen,Q16970,,"St Helen's Church, Grove"
Church of St Helen,Church of St Helen,Q17533633,13,0,1,"church in Kirmington, Lincolnshire, England, UK","St Helen's, Kirmington",Q16970,,
Church of St Helen,Sainte-Hélène Church,Q99095522,13,0,1,"Catholic church in Sainte-Hélène-de-Kamouraska, Quebec, Canada",église Sainte-Hélène|église de Sainte-Hélène|église de Sainte-Hélène-de-Kamouraska|Church of St. Helen|Church of St Helen,Q16970,,
Church of St Helen,Church of St Helen,Q14912692,13,0,1,"church in Ranworth, Norfolk, England, UK","St Helen's, Ranworth|St Helens, Ranworth",Q16970|Q11499278,,"Church of St Helen, Ranworth"
Church of St Helen,"St Helen's Church, Brant Broughton",Q7588297,13,0,1,"church in Brant Broughton, North Kesteven, Lincolnshire, England, UK",Church of St Helen,Q16970,,"St Helen's Church, Brant Broughton"
Church of St Helen,"St Helen's Church, Hangleton",Q7593313,13,0,1,"church in Brighton and Hove, East Sussex, England, UK",Church Of St Helen,Q16970,,"St Helen's Church, Hangleton"
Church of St Helen,Church of St Helen,Q17525750,13,0,1,"church in Etwall, South Derbyshire, England, UK","St Helen's Church, Etwall",Q16970,,"St Helen's Church, Etwall"
Church of St Helen,"Old Cambus, St Helen's Church",Q17567767,13,0,2,"church building in Scottish Borders, Scotland, UK","St Helen’s Church|St Helen's Church, Old Cambus",Q16970,,
Church of St Helen,"St Helen's Church, Wheldrake",Q17530531,13,0,2,"church in Wheldrake, North Yorkshire, England, UK",St Helen's Church|Church of Saint Helen,Q16970,,"St Helen's Church, Wheldrake"
Church of St Helen,Remains of Church of St Helen,Q17527909,13,0,2,"Grade I listed church ruin in South Wheatley, Nottinghamshire, England, UK","St Helen's Church|St Helen's Church ruins, South Wheatley",Q17485079,,
Church of St Helen,"St Helen's Church, Sefton Village",Q7593317,13,0,2,"Grade I listed church in Sefton, Merseyside, England, UK","St Helen's Church, Sefton",Q16970,,"St Helen's Church, Sefton"
Church of St Helen,St Helen's Chapel,Q26542965,13,0,2,"chapel in Skelton-on-Ure, Harrogate, North Yorkshire, England, UK","St Helen's Church|St Helen's Church, Skelton on Ure",Q108325,,"St Helen's Church, Skelton-on-Ure"
Church of St Helen,St Helen's Church,Q26453793,13,0,2,"church building in Barmby on the Marsh, East Riding of Yorkshire, England, UK","St Helen's Church, Barmby on the Marsh|Church of St Helen",Q16970,,"St Helen's Church, Barmby on the Marsh"
Church of St Helen,St Helen's Church,Q131278438,13,0,2,"church in Hastings, East Sussex, England","St Helen's Church, Ore, East Sussex",Q16970,,
Church of St Helen,St Helen's Church,Q137834064,13,0,2,"former church building in West Burton, Bassetlaw, Nottinghamshire, England, UK",,Q16970,,
Church of St Helen,"Church of St Helen, Gate Burton",Q26317330,13,0,2,"church building in Gate Burton, Lincolnshire, England, UK",St Helen's church,Q16970,,
Church of St Helen,"St Helen's Church, Ashby-de-la-Zouch",Q7593310,13,0,2,"church in North West Leicestershire, England, UK",,Q16970,,"St Helen's Church, Ashby-de-la-Zouch"
Anglicanism,Anglicanism,Q6423963,13,1,1,"Christian tradition developing out of the practices, liturgy and identity of the Church of England",Anglican Church,Q123129246,Q23540,Anglicanism
Anglicanism,Category:Anglicanism,Q6469674,13,1,1,Wikimedia category,Anglicanism,Q4167836,,Category:Anglicanism
Anglicanism,Church of England,Q82708,13,1,1,Christian church in England and the Mother Church of the worldwide Anglican Communion,C of E|The Church of England,Q2325038|Q3586152|Q879146,,Church of England
Anglicanism,Anglicanism in Sichuan,Q112692694,13,1,1,history and status of the Anglican Church in Sichuan,Anglicanism in Szechwan|Anglican Church in Szechwan|Anglican Church in Sichuan|Sichuanese Anglican|Sichuanese Anglicans|Sichuanese Anglican Church|West China Anglican Mission|Church of England in Sichuan|Church of England in Szechuan|Church of England in Szechwan|history of Anglicanism in Sichuan,Q12830429|Q94670589,Q6423963|Q112692678,History of Anglicanism in Sichuan
Anglicanism,homosexuality and the Anglican Communion,Q1065098,13,1,1,gay and lesbian sexuality and the Anglican Communion,homosexuality and Anglicanism|Anglicanism and homosexuality|Anglican Communion and homosexuality,,Q767892,Homosexuality and the Anglican Communion
Anglicanism,Anglican Communion,Q193312,13,1,1,international association of churches,,Q879146,,Anglican Communion
Anglicanism,Anglicanism in Spain,Q115112689,13,1,1,Spanish religious minority,,Q12830429,Q6423963|Q58040978,Anglicanism in Spain
Anglicanism,Anglicanism in Russia,Q4065178,13,1,1,,,Q12830429,Q6423963|Q4381717,
Anglicanism,Anglicanism: A Very Short Introduction,Q114004893,13,1,1,,,Q3331189,,
Anglicanism,Anglicanism in Mianyang,Q123600360,13,1,1,historical Christian denomination,Anglicanism in Mienchow|Anglicanism in Miencheo,Q12830429|Q94670589,Q112692694|Q123600419,Anglicanism in Mianyang
Anglicanism,St Helen's Bishopsgate,Q7593309,13,1,2,"church in City of London, England, UK",Church of St Helen,Q16970,,"St Helen's Church, Bishopsgate"
Anglicanism,"St Helen's Church, St Helens",Q18157642,13,1,2,"grade II listed church in St Helens, Merseyside, England, UK","Church Of St Helen|St Helen's Church, St Helens, Merseyside",Q16970,,St Helens Minster
Anglicanism,Church of St Helen,Q17537257,13,1,2,"church in Norwich, Norfolk, England, UK","St Helen's Church, Norwich|St Helen Bishopgate|St Helen's, Bishopgate, Norwich",Q16970,,"St Helen's Church, Norwich"
Anglicanism,"St Helen's Church, Grove",Q7588298,13,1,2,"parish church in Grove, Nottinghamshire, England, UK",Church of St Helen,Q16970,,"St Helen's Church, Grove"
Anglicanism,Church of St Helen,Q17533633,13,1,2,"church in Kirmington, Lincolnshire, England, UK","St Helen's, Kirmington",Q16970,,
Anglicanism,Sainte-Hélène Church,Q99095522,13,1,2,"Catholic church in Sainte-Hélène-de-Kamouraska, Quebec, Canada",église Sainte-Hélène|église de Sainte-Hélène|église de Sainte-Hélène-de-Kamouraska|Church of St. Helen|Church of St Helen,Q16970,,
Anglicanism,Church of St Helen,Q14912692,13,1,2,"church in Ranworth, Norfolk, England, UK","St Helen's, Ranworth|St Helens, Ranworth",Q16970|Q11499278,,"Church of St Helen, Ranworth"
Anglicanism,"St Helen's Church, Brant Broughton",Q7588297,13,1,2,"church in Brant Broughton, North Kesteven, Lincolnshire, England, UK",Church of St Helen,Q16970,,"St Helen's Church, Brant Broughton"
Anglicanism,"St Helen's Church, Hangleton",Q7593313,13,1,2,"church in Brighton and Hove, East Sussex, England, UK",Church Of St Helen,Q16970,,"St Helen's Church, Hangleton"
Anglicanism,Church of St Helen,Q17525750,13,1,2,"church in Etwall, South Derbyshire, England, UK","St Helen's Church, Etwall",Q16970,,"St Helen's Church, Etwall"
Lutheran cemetery in Dolní Žukov,Lutheran cemetery in Dolní Žukov,Q26721275,14,0,1,,,Q39614,,
Lutheran cemetery in Dolní Žukov,Vaskrasienskija Cemetery in Mahilioŭ,Q107014813,14,0,2,"cemetery in Mahiljou, Belarus",Lutheran cemetery|German cemetery,Q39614,,
Lutheran cemetery in Dolní Žukov,All Faiths Cemetery,Q96371778,14,0,2,"cemetery in Middle Village, Queens, New York City",All Faiths Lutheran Cemetery|Lutheran Cemetery|Lutheran All Faiths Cemetery,Q39614,,All Faiths Cemetery
Lutheran cemetery in Dolní Žukov,Union Cemetery,Q111077684,14,0,2,"cemetery in Somerset, Pennsylvania",Lutheran Cemetery,Q39614,,
Lutheran cemetery in Dolní Žukov,Danish Cemetery,Q20857204,14,0,2,"cemetery in Charlotte Amalie, St. Thomas, United States Virgin Islands",Lutheran Cemetery,Q39614,,
Lutheran cemetery in Dolní Žukov,Lutheran cemetery,Q1381230,14,0,2,,cemetery,,Q109229401,
Lutheran cemetery in Dolní Žukov,Lutheran Cemetery,Q61044221,14,0,2,"cemetery in Decorah, Iowa",Decorah Lutheran Cemetery,Q39614,,
Lutheran cemetery in Dolní Žukov,Binford Cemetery,Q117559352,14,0,2,"cemetery in Griggs County, North Dakota, United States",Lutheran Cemetery,Q39614,,
Lutheran cemetery in Dolní Žukov,First Lutheran Cemetery,Q117584188,14,0,2,"cemetery in Nobles County, Minnesota, United States",Lutheran Cemetery,Q39614,,
Lutheran cemetery in Dolní Žukov,Lutheran Cemetery,Q117641718,14,0,2,"cemetery in Runnels County, Texas, United States",,Q39614,,
Lutheran cemetery in Dolní Žukov,France Cemetery,Q117587564,14,0,2,"cemetery in Huntington County, Indiana, United States",Lutheran Cemetery,Q39614,,
Silesian Evangelical Church of the Augsburg Confession,Silesian Evangelical Church of the Augsburg Confession,Q1470190,14,1,1,Lutheran church in the Czech Republic,,Q34651,,Silesian Evangelical Church of the Augsburg Confession
Silesian Evangelical Church of the Augsburg Confession,Augsburg Confession,Q154483,14,1,2,1530 primary confession of faith of the Lutheran Church,Augustana|AC,Q183770|Q47461344,,Augsburg Confession
Silesian Evangelical Church of the Augsburg Confession,Augsburg Confession Variata,Q4820468,14,1,2,later version of the Lutheran Augsburg Confession revised by Melanchthon,,Q183770,,Augsburg Confession Variata
Silesian Evangelical Church of the Augsburg Confession,Augsburg Confession VII: an unnecessary controversy,Q108165780,14,1,2,scholarly article published in Concordia Theological Quarterly,,Q13442814,,
Silesian Evangelical Church of the Augsburg Confession,Augsburg Confession VII revisited,Q108165796,14,1,2,scholarly article published in Concordia Theological Quarterly,,Q13442814,,
Silesian Evangelical Church of the Augsburg Confession,Vaskrasienskija Cemetery in Mahilioŭ,Q107014813,14,1,2,"cemetery in Mahiljou, Belarus",Lutheran cemetery|German cemetery,Q39614,,
Silesian Evangelical Church of the Augsburg Confession,All Faiths Cemetery,Q96371778,14,1,2,"cemetery in Middle Village, Queens, New York City",All Faiths Lutheran Cemetery|Lutheran Cemetery|Lutheran All Faiths Cemetery,Q39614,,All Faiths Cemetery
Silesian Evangelical Church of the Augsburg Confession,Union Cemetery,Q111077684,14,1,2,"cemetery in Somerset, Pennsylvania",Lutheran Cemetery,Q39614,,
Silesian Evangelical Church of the Augsburg Confession,Danish Cemetery,Q20857204,14,1,2,"cemetery in Charlotte Amalie, St. Thomas, United States Virgin Islands",Lutheran Cemetery,Q39614,,
Silesian Evangelical Church of the Augsburg Confession,Lutheran cemetery,Q1381230,14,1,2,,cemetery,,Q109229401,
Silesian Evangelical Church of the Augsburg Confession,Lutheran Cemetery,Q61044221,14,1,2,"cemetery in Decorah, Iowa",Decorah Lutheran Cemetery,Q39614,,
Silesian Evangelical Church of the Augsburg Confession,Binford Cemetery,Q117559352,14,1,2,"cemetery in Griggs County, North Dakota, United States",Lutheran Cemetery,Q39614,,
Silesian Evangelical Church of the Augsburg Confession,First Lutheran Cemetery,Q117584188,14,1,2,"cemetery in Nobles County, Minnesota, United States",Lutheran Cemetery,Q39614,,
Silesian Evangelical Church of the Augsburg Confession,Lutheran Cemetery,Q117641718,14,1,2,"cemetery in Runnels County, Texas, United States",,Q39614,,
Silesian Evangelical Church of the Augsburg Confession,France Cemetery,Q117587564,14,1,2,"cemetery in Huntington County, Indiana, United States",Lutheran Cemetery,Q39614,,
Silesian Evangelical Church of the Augsburg Confession,Dolní Žukov,Q3499819,14,1,2,neighborhood of Český Těšín,,Q20871353|Q61089180,,Dolní Žukov
Cemetery in Hradiště,Cemetery in Hradiště,Q26700169,15,0,1,,,Q39614,,
Silesian Evangelical Church of the Augsburg Confession,Silesian Evangelical Church of the Augsburg Confession,Q1470190,15,1,1,Lutheran church in the Czech Republic,,Q34651,,Silesian Evangelical Church of the Augsburg Confession
Silesian Evangelical Church of the Augsburg Confession,Augsburg Confession,Q154483,15,1,2,1530 primary confession of faith of the Lutheran Church,Augustana|AC,Q183770|Q47461344,,Augsburg Confession
Silesian Evangelical Church of the Augsburg Confession,Augsburg Confession Variata,Q4820468,15,1,2,later version of the Lutheran Augsburg Confession revised by Melanchthon,,Q183770,,Augsburg Confession Variata
Silesian Evangelical Church of the Augsburg Confession,Augsburg Confession VII: an unnecessary controversy,Q108165780,15,1,2,scholarly article published in Concordia Theological Quarterly,,Q13442814,,
Silesian Evangelical Church of the Augsburg Confession,Augsburg Confession VII revisited,Q108165796,15,1,2,scholarly article published in Concordia Theological Quarterly,,Q13442814,,
Cemetery in Poděbrady,Cemetery in Poděbrady,Q26868353,16,0,1,,,Q39614,,
Evangelical Church of Czech Brethren,Evangelical Church of Czech Brethren,Q782911,16,1,1,Christian Denomination,,Q879146|Q966577,Q23540,Evangelical Church of Czech Brethren
Evangelical Church of Czech Brethren,Evangelical Church of Czech Brethren in Nosislav,Q11994049,16,1,1,Parish of Evangelical Church of Czech Brethren,,Q1989839,,
Evangelical Church of Czech Brethren,Evangelical Church of Czech Brethren in Strmilov,Q11994947,16,1,1,Parish of Evangelical Church of Czech Brethren,,Q1989839|Q12029047,,
Evangelical Church of Czech Brethren,Evangelical Church of Czech Brethren in Proseč,Q11994546,16,1,1,Parish of Evangelical Church of Czech Brethren,,Q1989839,,
Evangelical Church of Czech Brethren,Czech Brethren evangelical church in Český Těšín,Q30413345,16,1,2,protestant church in Český Těšín,,Q16970,,
Cimitirul Evreiesc,Cimitirul Evreiesc,Q26257378,17,0,1,,,Q39614,,
Cimitirul Evreiesc,Cimitirul Evreiesc,Q128305294,17,0,1,Bucharest tram stop,,Q2175765,,
Cimitirul Evreiesc,Mount of Olives Jewish Cemetery,Q12404547,17,0,1,"cemetery in Jerusalem, Israel",,Q846659,,Mount of Olives Jewish Cemetery
Cimitirul Evreiesc,Okopowa Street Jewish Cemetery,Q1716786,17,0,1,"cemetery in Warsaw, Poland","Jewish Cemetery, Warsaw",Q846659|Q811165,,"Jewish Cemetery, Warsaw"
Cimitirul Evreiesc,Cimitirul evreiesc,Q124317937,17,0,1,historical monument of national importance in Moldova,,Q39614,,
Cimitirul Evreiesc,Jewish cemetery in Brno,Q9193759,17,0,1,"cemetery in Brno, Czech Republic",,Q846659,,
Cimitirul Evreiesc,Cimitirul evreiesc,Q43059066,17,0,1,,,Q39614,,
Cimitirul Evreiesc,Giurgiului Jewish Cemetery,Q28649285,17,0,1,,,Q846659,,
Cimitirul Evreiesc,Jewish cemetery of Besançon,Q613337,17,0,1,"cemetery located in Doubs, in France",,Q846659,,"Jewish cemetery, Besançon"
Cimitirul Evreiesc,Jewish cemetery of Chernivtsi,Q251366,17,0,1,cemetery in Chernivtsi,Chernivtsi Jewish cemetery,Q39614|Q846659,,"Jewish cemetery, Chernivtsi"
Cimitirul Evreiesc,Jewish cemetery,Q846659,17,0,2,cemetery for Jewish people,kirkut|cemetery|bet kevarot,,Q39614|Q1370598,Jewish cemetery
Cimitirul Evreiesc,"Mosaic Cemetery, Northern Cemetery",Q28007260,17,0,2,cemetery in Stockholm,Jewish cemetery|Northern Cemetery,Q846659|Q39614,,
Cimitirul Evreiesc,Jewish Cemetery,Q573209,17,0,2,cemetery in Worms,"Jewish Cemetery, Worms|Heiliger Sand",Q846659,,"Jewish Cemetery, Worms"
Cimitirul Evreiesc,Jewish Cemetery,Q55046178,17,0,2,"cemetery in County Dublin, Ireland",,Q846659,,
Cimitirul Evreiesc,Jewish cemetery,Q1716665,17,0,2,"cemetery in Endingen in the canton of Aargau, Switzerland",Jewish cemetery of Endingen,Q846659|Q39614,,Jüdischer Friedhof Endingen
Cimitirul Evreiesc,Jewish cemetery,Q1716309,17,0,2,"former Jewish cemetery southeast of Kleinbardorf, Germany","cultural heritage monument D-6-73-173-29 (0) in Sulzfeld (im Grabfeld), Bavaria",Q846659,,"Jewish cemetery, Kleinbardorf"
Cimitirul Evreiesc,Jewish cemetery,Q1409350,17,0,2,"Jewish cemetery in Bad Schwalbach, Germany",,Q846659,,
Cimitirul Evreiesc,Jewish cemetery,Q17445603,17,0,2,"cemetery in Venlo, Netherlands",,Q846659,,
Judaism,Judaism,Q9268,17,1,1,Abrahamic monotheistic ethnic religion of the Jews,Jewish religion,Q9174|Q1189816|Q32090|Q19842652,Q19842652|Q47280,Judaism
Judaism,Judaism,Q23859759,17,1,1,article in Otto's encyclopedia,,Q13433827,,
Judaism,Judaism adherents population present,Q111270503,17,1,1,,,Q851990,Q56229478|Q65250032,
Judaism,Judaism,Q15767270,17,1,1,journal,,Q737498,,
Judaism,Judaism,Q21387441,17,1,1,encyclopedic article,,Q13433827,,
Judaism,Judaïsme Ancien - Ancient Judaism,Q91777694,17,1,1,academic journal,,Q5633421|Q737498,,
Judaism,comparison of Judaism and Christianity,Q2297875,17,1,1,comparison of two religions,Christianity and Judaism|Judaism and Christianity|Christian-Jewish relations|Jewish-Christian relations|Jewish-Christian dialogue|Christian-Jewish dialogue,Q1720648|Q4162051,Q5110487,Christianity and Judaism
Judaism,Second Temple Judaism,Q4205363,17,1,1,Jewish religion c. 516 BCE–70 CE,ancient Judaism|Judaism in antiquity,Q11514315|Q9174,Q9268,Second Temple Judaism
Judaism,Judaism,Q124353465,17,1,1,"forty-eighth chapter in The Oxford Handbook of Roman Studies, 2010",,Q21481766,,
Judaism,Textbooks > Religion & Spirituality > Judaism,Q110593819,17,1,1,iTunes Textbooks genre,Judaism|Textbooks - Religion & Spirituality - Judaism,Q110592261,,
Judaism,Cimitirul Evreiesc,Q26257378,17,1,2,,,Q39614,,
Judaism,Cimitirul Evreiesc,Q128305294,17,1,2,Bucharest tram stop,,Q2175765,,
Judaism,Mount of Olives Jewish Cemetery,Q12404547,17,1,2,"cemetery in Jerusalem, Israel",,Q846659,,Mount of Olives Jewish Cemetery
Judaism,Okopowa Street Jewish Cemetery,Q1716786,17,1,2,"cemetery in Warsaw, Poland","Jewish Cemetery, Warsaw",Q846659|Q811165,,"Jewish Cemetery, Warsaw"
Judaism,Cimitirul evreiesc,Q124317937,17,1,2,historical monument of national importance in Moldova,,Q39614,,
Judaism,Jewish cemetery in Brno,Q9193759,17,1,2,"cemetery in Brno, Czech Republic",,Q846659,,
Judaism,Cimitirul evreiesc,Q43059066,17,1,2,,,Q39614,,
Judaism,Giurgiului Jewish Cemetery,Q28649285,17,1,2,,,Q846659,,
Judaism,Jewish cemetery of Besançon,Q613337,17,1,2,"cemetery located in Doubs, in France",,Q846659,,"Jewish cemetery, Besançon"
Judaism,Jewish cemetery of Chernivtsi,Q251366,17,1,2,cemetery in Chernivtsi,Chernivtsi Jewish cemetery,Q39614|Q846659,,"Jewish cemetery, Chernivtsi"
Military Cemetery of Cebeci,Military Cemetery of Cebeci,Q29950645,18,0,1,martyrs' cemetery in Mamak District,,Q39614|Q1241568,,
Islam,Islam,Q432,18,1,1,monotheistic Abrahamic religion founded by Muhammad,Muslim religion|al-’islām|religion of the Muslims|Mohammedanism|Islamic religion,Q6957341,Q47280,Islam
Islam,Islam,Q3802541,18,1,1,male given name,,Q12308941,,Islam (name)
Islam,Iran,Q794,18,1,1,country in Western Asia,Islamic Republic of Iran|ir|Islamic Rep. Iran|IRI,Q3624078|Q6256|Q127693126,,Iran
Islam,Pakistan,Q843,18,1,1,sovereign state in South Asia,Islamic Republic of Pakistan|Republic of Pakistan|pk|Hồi Quốc|Tây Hồi,Q3624078|Q6256,,Pakistan
Islam,Islamabad,Q1362,18,1,1,capital city of Pakistan,,Q56061|Q1549591|Q257391,,Islamabad
Islam,Islam,Q12486801,18,1,1,"subdistrict in Manado City, North Sulawesi, Indonesia",,Q965568,,
Islam,Mauritania,Q1025,18,1,1,sovereign state in West Africa and North Africa,Islamic Republic of Mauritania|Muritanya|Agawej|Gànnaar|Murutaane|Moritani|mr|Gannaar|Mauretania,Q672729|Q3624078|Q6256,,Mauritania
Islam,The Gambia,Q1005,18,1,1,sovereign state in West Africa,Islamic Republic of the Gambia|Republic of the Gambia|Gambia,Q3624078|Q6256,,The Gambia
Islam,Islamic calendar,Q28892,18,1,1,lunar calendar used by Muslims to determine religious observances,Arabic calendar|Muslim calendar|lunar Hijri calendar|Arab calendar|Hijri calendar,Q185688,Q17154131,Islamic calendar
Islam,Islamic Republic of Iran Broadcasting,Q1674127,18,1,1,Iranian state-owned media company,IRIB,Q43229|Q15265344,,Islamic Republic of Iran Broadcasting
Islam,Muhammad,Q5837762,18,1,2,male given name (محمد),Mohamed|Mohammad,Q12308941,,Muhammad (name)
Islam,Muhammad,Q9458,18,1,2,Arabian political leader and the founder of Islam (c. 570–632),Mahomet,Q5,,Muhammad
Islam,Partai Persatuan Pembangunan,Q2669302,18,1,2,political party in Indonesia,PPP|Partai Persatuan Pembangunan|P3|Partai Ka’bah|Green Party|Partai Hijau|Partai PPP|Ka’bah Party|United Development Party|Mohammad Syafaat Mintaredja|Mintaredja|Muhammad Syafaat Mintaredja|Muhammad|Mohammad|Syafaat,Q7278,,United Development Party
Islam,Muhammad Ali,Q36107,18,1,2,American boxer (1942–2016),Cassius Clay|Cassius Marcellus Clay Jr.|The Greatest|Muhammad Ali Clay,Q5,,Muhammad Ali
Islam,Muhammad Khan (Ilkhan),Q5964503,18,1,2,Claimant to the throne of the Ilkhanate,Muhammad,Q5,,Muhammad Khan (Ilkhan)
Islam,Muhammad,Q26905901,18,1,2,family name,,Q101352,,
Islam,Muhammad Aftab Alam,Q113624127,18,1,2,business management researcher,,Q5,,
Islam,Al-Biruni,Q11826,18,1,2,11th-century Persian scholar and polymath (973–1048),Al Biruni|Biruni|Abu Rayhan al-Biruni|Abū Rayḥān al-Bīrūnī|Abu al-Rayhan al-Biruni|Abū al-Rayḥān al-Bīrūnī|Albirunius|Beruni|Muḥammad ibn Aḥmad Bīrūnī,Q5,,Al-Biruni
Islam,Muhammadu Buhari,Q361567,18,1,2,former President of Nigeria from 1983 to 1985 and 2015 to 2025 (born 1942–2025),Dogo dan Daura,Q5,,Muhammadu Buhari
Islam,Muhammad Mala Tijjani,Q114742540,18,1,2,politician,Muhammad,Q5,,
Islam,Sacred Prophetic Chamber,Q12186187,18,1,2,place of Islamic prophet Muhammad's tomb,Sacred Chamber|Prophetic Compartment|al hujratu n-nabawīyatu|al-maqsūratu n-nabawīya|al hujratu l-sharīfa|Prophetic Cabin|Noble Prophet's Chamber|Prophet Muhammad’s Grave,Q180516|Q2404995,,Hujra
Islam,children of Muhammad,Q19892185,18,1,2,"one of up to 7 children born to Muhammad and Khadija (his first wife) or Maria al-Qibtiyya, all of whom except Fatimah predeceased their father and were childless",Muhammad children|Son of Muhammad|Daughter of Muhammad|Sons of Prophet Muhammad|Prophet Muhammad's Children,Q16334295,,Children of Muhammad
Islam,Prophet Muhammad and Kalki Avatar,Q18517681,18,1,2,book on Muhammad and Kalki Avatar,Kalki Avatar Aur Muhammad Saheb|Kalki Avatar and Muhammad,Q7725634,,
Islam,Prophet Muhammad - (PBUH) Mosque,Q138050523,18,1,2,Mosque in Saudi Arabia,,Q32815,,
Islam,Prophet Muhammad’s (pbuh) Opposition in Mecca,Q128670205,18,1,2,scholarly article,,Q13442814,,
Lutheran cemetery in Česká Ves,Lutheran cemetery in Česká Ves,Q28035780,19,0,1,protestant cemetery in the Czech Republic,,Q39614,,
"German Evangelical Church in Bohemia, Moravia and Silesia","German Evangelical Church in Bohemia, Moravia and Silesia",Q822516,19,1,1,,,Q879146,,"German Evangelical Church in Bohemia, Moravia and Silesia"
"German Evangelical Church in Bohemia, Moravia and Silesia",German Evangelical Church,Q134895695,19,1,2,"historic building in Westmoreland, Kansas, United States",,Q16970,,
"German Evangelical Church in Bohemia, Moravia and Silesia",German Evangelical Church (Belgrade),Q85996900,19,1,2,"former evangelical church in Belgrade, Serbia",,Q56242063|Q24354,,
"German Evangelical Church in Bohemia, Moravia and Silesia",German Evangelical Church of Christ Complex,Q5551085,19,1,2,"church building in Kentucky, United States of America",,Q16970,,German Evangelical Church of Christ Complex
"German Evangelical Church in Bohemia, Moravia and Silesia",German Evangelical Church Cemetery,Q117685967,19,1,2,"cemetery in Erie County, New York, United States",Angle Road Community Church Cemetery,Q39614,,
"German Evangelical Church in Bohemia, Moravia and Silesia",Immanuel United Methodist Church Cemetery,Q117544459,19,1,2,"cemetery in Wyoming County, New York, United States",German Cemetery|German Evangelical Church Cemetery|Town Line Cemetery,Q39614,,
"German Evangelical Church in Bohemia, Moravia and Silesia",German Evangelical Church Cemetery,Q117571625,19,1,2,"cemetery in Cape Girardeau County, Missouri, United States",Swamp Church Cemetery|Geiser Cemetery,Q39614,,
"German Evangelical Church in Bohemia, Moravia and Silesia",German Evangelical Church Day (DEKT),Q1204748,19,1,2,Wikimedia disambiguation page,,Q4167410,,
"German Evangelical Church in Bohemia, Moravia and Silesia",Moravia and Silesia,Q119584430,19,1,2,Wikimedia disambiguation page,,Q4167410,,Moravia and Silesia
Jorinji temple,Jorinji temple,Q21019073,20,0,1,"Buddhist temple in Shinjuku, Tokyo",,Q5393308|Q39614,,
Nichiren Shū,Nichiren Shū,Q206611,20,1,1,confederation of four of the original Nichiren Buddhist schools,,Q222516,Q871371,Nichiren-shū
Nichiren Shū,Nichirenism,Q11510297,20,1,1,nationalistic interpretation of the teachings of Nichiren,,Q1826286,,Nichirenism
Nichiren Shū,Nichirenshū Fuju-fuse-ha,Q1602277,20,1,1,,,Q222516,Q17216459,
Nichiren Shū,Jorinji temple,Q21019073,20,1,2,"Buddhist temple in Shinjuku, Tokyo",,Q5393308|Q39614,,
Nichiren Shū,Nichiren Buddhism,Q871371,20,1,2,branch of Buddhism based on the teachings of the 13th-century Japanese monk Nichiren,,Q222516,Q11650874,Nichiren Buddhism
Nichiren Shū,Category:Nichiren Buddhism,Q8678917,20,1,2,Wikimedia category,Nichiren Buddhism,Q4167836,,Category:Nichiren Buddhism
Nichiren Shū,Nichiren Buddhism and Deweyan Pragmatism: An Eastern-Western Integration of Thought,Q128216469,20,1,2,scholarly article,,Q13442814,,
Nichiren Shū,Soka Gakkai International,Q11398042,20,1,2,international Nichiren Buddhist movement founded in 1975 by Daisaku Ikeda,"SGI|Soka Gakkai International, SGI",Q1530022|Q484652|Q163740,,Soka Gakkai International
Nichiren Shū,Soka Gakkai,Q617717,20,1,2,Japanese Buddhist religious movement,Sōka Gakkai,Q9174|Q1530022,,Soka Gakkai
Nichiren Shū,Soka Gakkai International of New Zealand,Q136753729,20,1,2,charity from New Zealand,,Q163740,,
