data,candidates,QID,row,columns,quality,description,aliases,P31,P279,sitelink
2007 NBA layoffs,National Basketball Association,Q155223,0,0,2,North American professional basketball league,NBA|Basketball Association of America|National Basketball Assn.|Nat'l Basketball Assn.|BAA,Q15986354|Q18536323|Q15991290|Q7094076,,National Basketball Association
2007 NBA layoffs,NBA G League,Q842793,0,0,2,American men's basketball minor league,NBA D-League|National Basketball Development League|NBDL|NBA Development League|NBA Gatorade League|D-League|D League|G League|NBA G-League|G-League,Q18536323,,NBA G League
2007 NBA layoffs,National Book Award,Q572316,0,0,2,United States literary award in five categories,American National Book Award|NBA|American NBA|ANBA,Q378427,Q618779|Q5257307,National Book Award
2007 NBA layoffs,NBA,Q60768275,0,0,2,2005 basketball video game released by Sony,,Q7889,,NBA (2005 video game)
2007 NBA layoffs,YoungBoy Never Broke Again,Q36490532,0,0,2,American rapper (born 1999),YoungBoy|NBA YoungBoy|Kentrell DeSean Gaulden|Kentrell Gaulden,Q5,,YoungBoy Never Broke Again
2007 NBA layoffs,NBA 2K13,Q2680871,0,0,2,2012 basketball video game,,Q7889,,NBA 2K13
2007 NBA layoffs,NBA 2K14,Q13715618,0,0,2,2013 basketball video game,,Q7889,,NBA 2K14
2007 NBA layoffs,NBA 2K19,Q54871545,0,0,2,2018 basketball simulation video game developed by Visual Concepts,,Q7889|Q112144412,,NBA 2K19
2007 NBA layoffs,NBA 2K16,Q20049240,0,0,2,2015 basketball video game,,Q7889,,NBA 2K16
2007 NBA layoffs,NBA Jam,Q1959943,0,0,2,1993 video game,NBA JAM,Q7889,,NBA Jam (1993 video game)
2007 NBA layoffs,National Basketball Association draft,Q622521,0,0,2,National Basketball Association annual event,NBA draft,Q15275719,Q31603,NBA draft
2007 NBA layoffs,NBA Finals,Q842375,0,0,2,"championship series of the National Basketball Association, annual from 1950; officially includes 1947 to 1949 BAA Finals; officially called the National Basketball Association World Championship Series through 1987",BAA Finals [1947–49]|BAA World Championship Series [1947-49]|National Basketball Association World Championship Series [until 1987]|NBA World Championship Series [until 1987]|Basketball Association of America World Championship Series [1947-49]|NBA title,Q18608583,Q1366722,NBA Finals
2007 NBA layoffs,NBA Playoffs,Q2265397,0,0,2,best-of-seven elimination tournament annually held after the NBA,National Basketball Association Playoffs,,Q17269186,NBA playoffs
2007 NBA layoffs,NBA Sixth Man of the Year Award,Q844517,0,0,2,award given annually to the league's best bench player,National Basketball Association's Sixth Man of the Year Award,Q618779|Q38033430,Q105763590,NBA Sixth Man of the Year
2007 NBA layoffs,NBA draft lottery,Q3259974,0,0,2,lottery process to determine the order of the NBA draft,National Basketball Association draft lottery,Q189409,,NBA draft lottery
2007 NBA layoffs,National Basketball Association Christmas games,Q26987,0,0,2,NBA matchups scheduled on Christmas Day,,,,NBA Christmas games
2007 NBA layoffs,National Basketball Association rivalries,Q6970941,0,0,2,Wikimedia list article,,Q13406463,,List of NBA rivalries
2007 NBA layoffs,National Basketball Association Cheerleading,Q6970934,0,0,2,cheerleading and dancing in the NBA,,Q623109,,NBA cheerleading
2007 NBA layoffs,National Basketball Association on television,Q6970938,0,0,2,overview about the National Basketball Association on television,National Basketball Association in television|National Basketball Association (television),,,NBA on television
2007 NBA layoffs,basketball league,Q18536323,0,0,2,basketball league series,,,Q623109,
2007 NBA layoffs,Basketball League of Serbia,Q1513746,0,0,2,sports league,KLS,Q18536323,,Basketball League of Serbia
2007 NBA layoffs,Basketball League Belgium,Q2269559,0,0,2,Eerste klasse basketbal heren (België),,Q623109,,Pro Basketball League
2007 NBA layoffs,Basketball League of Serbia B,Q3816728,0,0,2,basketball league,,Q18536323,,Second Basketball League of Serbia
2007 NBA layoffs,Basketball League Belgium,Q28224498,0,0,2,basketball org. in Belgium,,,,Basketball League Belgium
2007 NBA layoffs,Basketball League Belgium Division I All-Defensive Team,Q55604961,0,0,2,,,,,Pro Basketball League All-Defensive Team
2007 NBA layoffs,list of Ethias League season blocks leaders,Q17106743,0,0,2,Wikimedia list article,Basketball League Belgium Division I blocks title,Q13406463,,List of Pro Basketball League season blocks leaders
2007 NBA layoffs,BLNO,Q2608351,0,0,2,Norwegian men's basketball top division,,Q18536323,,Basketligaen Norge
2007 NBA layoffs,2015–16 Belgian Basketball League,Q23022139,0,0,2,basketball league season,2015-16 Belgian Basketball League,Q27020041,,2015–16 Basketball League Belgium Division I
2007 NBA layoffs,2013–14 Ethias League,Q16244406,0,0,2,basketball league season,2013-14 Ethias League,Q27020041,,2013–14 Basketball League Belgium Division I
basketball,basketball,Q5372,0,1,1,team sport played on a court with baskets on either end,hoops|b-ball|basket ball|BB|Basketball|basket,Q31629|Q212434|Q47728,Q877517|Q216048|Q128305747|Q1368898,Basketball
basketball,basketball player,Q3665646,0,1,1,person who plays in basketball,basketballer|professional basketball player|hoopster|cager|basketeer,Q28640,Q2066131|Q18536342|Q136722009,Basketball player
basketball,Basketball,Q4867640,0,1,1,1980 sports video game,NBA Basketball|1980 Basketball|Intellivision Basketball,Q7889,,Basketball (1980 video game)
basketball,Basketball,Q2887242,0,1,1,1978 basketball video game,Atari Basketball|1978 Basketball,Q7889,,Basketball (1978 video game)
basketball,Basketball,Q31815466,0,1,1,1974 video game,TV Basketball,Q7889,,
basketball,Basketball,Q25218914,0,1,1,arcade game,,Q7889,,Basketball (1979 video game)
basketball,National Basketball Association,Q155223,0,1,1,North American professional basketball league,NBA|Basketball Association of America|National Basketball Assn.|Nat'l Basketball Assn.|BAA,Q15986354|Q18536323|Q15991290|Q7094076,,National Basketball Association
basketball,basketball coach,Q5137571,0,1,1,one who directs and strategizes the behavior of a basketball team or player,basketball trainer,Q28640|Q4164871|Q104437412,Q41583|Q136722009,Coach (basketball)
basketball,center,Q222052,0,1,1,basketball position,pivot|basketball center|basketball pivot,Q1148974,,Center (basketball)
basketball,basketball team season,Q26894053,0,1,1,type of season,basketball season|season of basketball team,Q27020041,Q1539532,
basketball,Michael Jordan,Q41421,0,1,2,American basketball player and businessman (born 1963),,Q5,,Michael Jordan
basketball,Michael Jordan,Q1928047,0,1,2,"German draughtsperson, artist and comics artist",,Q5,,
basketball,Michael Jordan,Q6831716,0,1,2,English footballer (born 1984),Michael William Jordan,Q5,,Michael Jordan (footballer)
basketball,Michael I. Jordan,Q3308285,0,1,2,"American computer scientist, University of California, Berkeley",Michael Irwin Jordan|Michael Jordan,Q5,,Michael I. Jordan
basketball,Michael B. Jordan,Q3308007,0,1,2,American actor (born 1987),,Q5,,Michael B. Jordan
basketball,Michael Jordan,Q6831719,0,1,2,"British mycologist, writer, and television presenter",,Q5,,Michael Jordan (mycologist)
basketball,Michael Jordan,Q126207492,0,1,2,1941--,,Q5,,
basketball,Michael Jordan,Q108883102,0,1,2,main protagonist in the 1996 film Space Jam,Air Jordan|Michael Jeffrey Jordan|His Airness|Michael Jordan (Space Jam),Q15632617|Q15711870,,
basketball,Mike Jordan,Q63929174,0,1,2,British political candidate,Michael Jordan,Q5,,
basketball,Michael Jordan,Q975131,0,1,2,Wikimedia disambiguation page,,Q22808320,,Michael Jordan (disambiguation)
basketball,Shaquille O'Neal,Q169452,0,1,2,American basketball player (born 1972),Shaq O'Neal|Shaquille Rashaun O'Neal|Shaquille|Shaquille O’Neal|Shaquille Rashaun O’Neal|Shaq,Q5,,Shaquille O'Neal
basketball,Shaquille O'Neal,Q125446160,0,1,2,episode of All That (S5 E3),,Q21191270,,
basketball,Shaquille O'Neal Motors,Q114535400,0,1,2,episode of Fresh Off the Boat (S2 E3),,Q21191270,,
basketball,Shaquille O'Neal discography,Q7489328,0,1,2,artist discography,discography of Shaquille O'Neal|discography from Shaquille O'Neal,Q273057,,Shaquille O'Neal discography
basketball,"Shaquille O'Neal Presents His Superfriends, Vol. 1",Q7489330,0,1,2,album by Shaquille O'Neal,,Q482994,,"Shaquille O'Neal Presents His Superfriends, Vol. 1"
basketball,Shaquille Allen,Q106725550,0,1,2,American football player,Shaquille O'Neal Allen,Q5,,
basketball,Shaquille Cleare,Q61953486,0,1,2,Bahamian basketball player (born 1993),Shaquille O'Neal Cleare,Q5,,
basketball,Shaq Belson,Q106725566,0,1,2,American American football player,Shaquille Belson|Shaquille O'Neal Belson,Q5,,
basketball,Shaquille O'Neal collectie,Q126176858,0,1,2,,,Q2668072,,
basketball,Kobe Bryant,Q25369,0,1,2,American basketball player (1978–2020),Black Mamba|KB24|Kobe|Kobe B. Bryant,Q5,,Kobe Bryant
basketball,Kobe Bryant in NBA Courtside,Q3198120,0,1,2,1998 video game,,Q7889,,Kobe Bryant in NBA Courtside
basketball,NBA All-Star Game Kobe Bryant Most Valuable Player Award,Q31391,0,1,2,basketball award of the National Basketball Association (NBA),NBA All-Star Game Kobe Bryant MVP Award|Kobe Bryant Most Valuable Player Award|Kobe Bryant MVP Award,Q652965,,NBA All-Star Game Most Valuable Player
basketball,death of Kobe Bryant,Q83737550,0,1,2,26 January 2020 death of Kobe Bryant in helicopter crash,Kobe Bryant's death|Kobe Bryant death,Q4,,Death of Kobe Bryant
basketball,Kobe Bryant's 81-point game,Q55709453,0,1,2,"National Basketball Association regular-season game played on January 22, 2006","Toronto Raptors at Los Angeles Lakers, Sunday, January 22, 2006|Toronto Raptors at Los Angeles Lakers, 22 January 2006",Q18431960,,Kobe Bryant's 81-point game
basketball,Kobe Bryant sexual assault case,Q6424298,0,1,2,legal case,,Q2334719,,Kobe Bryant sexual assault allegations
basketball,Kobe Bryant Day,Q98969272,0,1,2,proposed Federal Holiday,,Q1445650,,Kobe Bryant Day
basketball,Kobe Bryant China Fund,Q6424297,0,1,2,"for education, sports, and culture programs for children from China and the United States",,Q4551254,,Kobe Bryant China Fund
basketball,Kobe Bryant in 2020,Q136474729,0,1,2,,,Q47465437,,
basketball,Kobe Bryant Boulevard,Q107299206,0,1,2,proposed street renaming in Los Angeles,,Q83620,,Kobe Bryant Boulevard
basketball,LeBron James,Q36159,0,1,2,American basketball player (born 1984),LeBron Raymone James|LeBron Raymone James Sr.|King James|LBJ|LeBron James Sr.|The Chosen One|LeBron,Q5,,LeBron James
basketball,LeBron James,Q108870659,0,1,2,"fictional character in Teen Titans Go! The Simpsons, Trainwreck, The Cleveland Show, Entourage, SpongeBob SquarePants, Space Jam: A New Legacy, House Party and much more based on the real-life LeBron James",LeBron Raymone James Sr.|King James|LBJ|LeBron James Sr.,Q15632617|Q15773347|Q15711870,,
basketball,lebron james,Q1035043,0,1,2,species of plant,,Q16521,,Capsicum chacoense
basketball,Bronny James,Q22302425,0,1,2,American basketball player (born 2004),LeBron James Jr.|LeBron Raymone James Jr.,Q5,,Bronny James
basketball,LeBron James,Q138754293,0,1,2,fictional character from the 2021 film Space Jam: A New Legacy,Space Jam LeBron James,Q138751725|Q15773347|Q15711870,,
basketball,James family,Q110539680,0,1,2,fictional family from Space Jam: A New Legacy,LeBron James' family|Space Jam James' family,Q15331236,,
basketball,The James Residence,Q110540318,0,1,2,fictional location from 2021 film Space Jam: A New Legacy,LeBron James' Residence,Q20751022,,
basketball,LeBron James/Kanye West,Q110036904,0,1,2,episode of Saturday Night Live (S33 E1),"Saturday Night Live S33E1|Saturday Night Live, season 33 episode 1",Q21191270,,
basketball,LeBron James beard,Q112632449,0,1,2,facial hair named after American basketball player LeBron James,,,Q42804,
basketball,LeBron James in 2023,Q116025573,0,1,2,,,Q47465437,,
basketball,Dwyane Wade,Q31683,0,1,2,American basketball player (born 1982),"Dwyane Tyrone Wade, Jr.|D-Wade|Flash|WOW (Way of Wade)|Pookie|Father Prime",Q5,,Dwyane Wade
basketball,Carmelo Anthony,Q129041,0,1,2,American basketball player (born 1984),Melo|Carmelo K. Anthony,Q5,,Carmelo Anthony
basketball,Carmelo K. Anthony Basketball Center,Q5043379,0,1,2,Syracuse University basketball practice facility,Carmelo Anthony Basketball Center|Ingwald and Lillian Hicker Basketball Plaza|Melo Center,Q641226|Q1076486,,Carmelo K. Anthony Basketball Center
basketball,Chris Paul,Q100985124,0,1,2,college basketball player (1969–1970) Abilene Christian,,Q5,,
basketball,Chris Paul,Q46040,0,1,2,American basketball player (born 1985),Christopher Emmanuel Paul|CP3|Point God,Q5,,Chris Paul
basketball,Christopher Paul,Q42823064,0,1,2,researcher,Christopher J. Paul|Chris Paul,Q5,,
basketball,Chris Ponting,Q5107785,0,1,2,British computational geneticist,Chris Paul Ponting|Ponting CP,Q5,,Chris Ponting
basketball,Chris Paul,Q56754195,0,1,2,,,Q5,,
basketball,Chris Paul,Q112030100,0,1,2,American football player (born 1998),Christopher Paul,Q5,,Chris Paul (offensive lineman)
basketball,Chris Paul,Q1077636,0,1,2,German psychotherapist,,Q5,,
basketball,Chris Paul,Q125467145,0,1,2,episode of The Substitute (S2 E3),,Q21191270,,
basketball,Chris Gardner,Q381471,0,1,2,American businessman and motivational speaker,Chris Paul Gardner|Christopher Paul Gardener,Q5,,Chris Gardner
basketball,Chris Paul Jr.,Q130707140,0,1,2,American football player (born 2002),Christopher Paul Jr.,Q5,,Chris Paul Jr.
basketball,Deron Williams,Q298496,0,1,2,American basketball player (born 1984),Deron Michael Williams|D-Will,Q5,,Deron Williams
Turkish Basketball Super League Fipals MVP,Basketball Super League,Q1324416,1,0,2,top men's basketball league in Turkey,Basketbol Super Ligi|BSL,Q623109,Q3270632,Basketbol Süper Ligi
Turkish Basketball Super League Fipals MVP,Turkish Basketball Super League Finals MVP,Q4001327,1,0,2,,,Q13406554,,Basketbol Süper Ligi Finals MVP
basketball,basketball,Q5372,1,1,1,team sport played on a court with baskets on either end,hoops|b-ball|basket ball|BB|Basketball|basket,Q31629|Q212434|Q47728,Q877517|Q216048|Q128305747|Q1368898,Basketball
basketball,basketball player,Q3665646,1,1,1,person who plays in basketball,basketballer|professional basketball player|hoopster|cager|basketeer,Q28640,Q2066131|Q18536342|Q136722009,Basketball player
basketball,Basketball,Q4867640,1,1,1,1980 sports video game,NBA Basketball|1980 Basketball|Intellivision Basketball,Q7889,,Basketball (1980 video game)
basketball,Basketball,Q2887242,1,1,1,1978 basketball video game,Atari Basketball|1978 Basketball,Q7889,,Basketball (1978 video game)
basketball,Basketball,Q31815466,1,1,1,1974 video game,TV Basketball,Q7889,,
basketball,Basketball,Q25218914,1,1,1,arcade game,,Q7889,,Basketball (1979 video game)
basketball,National Basketball Association,Q155223,1,1,1,North American professional basketball league,NBA|Basketball Association of America|National Basketball Assn.|Nat'l Basketball Assn.|BAA,Q15986354|Q18536323|Q15991290|Q7094076,,National Basketball Association
basketball,basketball coach,Q5137571,1,1,1,one who directs and strategizes the behavior of a basketball team or player,basketball trainer,Q28640|Q4164871|Q104437412,Q41583|Q136722009,Coach (basketball)
basketball,center,Q222052,1,1,1,basketball position,pivot|basketball center|basketball pivot,Q1148974,,Center (basketball)
basketball,basketball team season,Q26894053,1,1,1,type of season,basketball season|season of basketball team,Q27020041,Q1539532,
basketball,basketball team,Q13393265,1,1,2,collective name of a constituted group of players of basketball,basket club,,Q12973014,Basketball team
basketball,Basketball Team,Q117247086,1,1,2,photograph by Kors (20th century),,Q125191,,
basketball,Basketball teams in South Sudan,Q135451555,1,1,2,Wikimedia list article,,Q13406463,,
basketball,Basketball teams of Switzerland,Q138655531,1,1,2,Wikimedia list article,List of basketball teams of Switzerland,Q13406463,,
basketball,Basketball teams of Slovakia,Q137186037,1,1,2,Wikimedia list article,,Q13406463,,
basketball,Basketball teams in Senegal,Q138030691,1,1,2,Wikimedia list article,,Q13406463,,
basketball,Basketball teams in Costa Rica,Q137209727,1,1,2,Wikimedia list article,,Q13406463,,
basketball,Basketball teams in Singapore,Q138796164,1,1,2,Wikimedia list article,,Q13406463,,
basketball,Basketball teams in Qatar,Q138412398,1,1,2,Wikimedia list article,,Q13406463,,
basketball,Basketball Super League,Q1324416,1,1,2,top men's basketball league in Turkey,Basketbol Super Ligi|BSL,Q623109,Q3270632,Basketbol Süper Ligi
basketball,Turkish Basketball Super League Finals MVP,Q4001327,1,1,2,,,Q13406554,,Basketbol Süper Ligi Finals MVP
Supermonp,,,2,0,0,,,,,
motorsport,motorsport,Q5367,2,1,1,sporting competition and recreation activities which primarily involve the use of motorised vehicles,motorsports|motor sport|motor sports|motor racing,Q31629,Q349,Motorsport
motorsport,MotorSport,Q42598513,2,1,1,"2017 single by Migos, Nicki Minaj and Cardi B",,Q134556,,MotorSport (song)
motorsport,motorsport racing track,Q2338524,2,1,1,race track for motor vehicles,speedway|motor racing circuit|raceway|racing circuit|auto racing track|race circuit|motor racing track|closed race track,,Q1777138|Q1076486,Car track
motorsport,auto racing team,Q20074337,2,1,1,sports team participating in a vehicle racing competition,race car team|race team|motorsport team|racing team|motorsports team|motor racing team|racingteam,,Q12973014|Q1300510,
motorsport,Motorsport Games,Q109060082,2,1,1,American video game developer and publisher,,Q783794|Q210167|Q1137109,,Motorsport Games
motorsport,Motorsport Manager,Q28127264,2,1,1,2016 video game,,Q7889,,Motorsport Manager (video game)
motorsport,motorcycle sport,Q328716,2,1,1,sporting aspects of motorcycling,motorbike sport,Q31629,Q5367,Motorcycle sport
motorsport,Motorsport Manager Mobile 2,Q64075069,2,1,1,2017 video game,,Q7889,,
motorsport,MotorSport,Q25451146,2,1,1,television series,,Q5398426,,
motorsport,Motorsport Manager for Nintendo Switch,Q64076304,2,1,1,2019 video game,,Q7889,,
Formla 1000,Formula One,Q1968,3,0,2,motorsport championship held worldwide,FIA Formula One World Championship|The Formula One race team,Q60147807|Q1344963|Q349,,Formula One
Formla 1000,F1,Q1437614,3,0,2,video game series by Codemasters,Formula 1|Formula One|F1 (video game series),Q7058673,,
Formla 1000,Formula 1,Q2418753,3,0,2,1996 racing video game by Bizarre,,Q7889,,Formula 1 (video game)
Formla 1000,Formula One car,Q1002954,3,0,2,class of formula race car,Formula 1 car|F1 car,Q836985,Q5399907,Formula One car
Formla 1000,Formula 1 97,Q1775040,3,0,2,1997 video game,Formula 1 Championship Edition|F1 97|f1 97,Q7889,,Formula 1 97
Formla 1000,Formula 1 98,Q3283304,3,0,2,1998 video game,,Q7889,,Formula 1 98
Formla 1000,Gekisō! Ruben Kaiser,Q11566079,3,0,2,Japanese car racing anime series,Gekisō! Rubenkaiser|Gekisou! Ruben Kaiser|Gekisou! Rubenkaiser|Racing! Ruben Kaiser|Formula 1,Q63952888,,
Formla 1000,Formula 1,Q23724840,3,0,2,board game,,Q131436,,Formula 1 (board game)
Formla 1000,Formuła,Q25413302,3,0,2,"steel launched roller coaster in Energylandia, Poland",F1|Formula 1,Q2389789|Q1144661,,Formuła (Energylandia)
Formla 1000,Formula 1 Simulator,Q65235531,3,0,2,1985 video game,,Q7889,,
Formla 1000,Formula 1 Grand Prix,Q11860636,3,0,2,board game,,Q131436,,
Formla 1000,2018 Monaco Grand Prix,Q48311119,3,0,2,6th round of the 2018 Formula One season,Formula 1 Grand Prix de Monaco 2018,Q9102|Q114609228,,2018 Monaco Grand Prix
Formla 1000,2015 Monaco Grand Prix,Q19787992,3,0,2,Formula One motor race held in 2015,Grand Prix de Monaco 2015|Formula 1 Grand Prix de Monaco 2015,Q114609228,,2015 Monaco Grand Prix
Formla 1000,2018 Canadian Grand Prix,Q48311139,3,0,2,motor car race,Formula 1 Grand Prix Heineken du Canada 2018,Q114609228,,2018 Canadian Grand Prix
Formla 1000,2019 Monaco Grand Prix,Q61366337,3,0,2,Formula One race,Formula 1 Grand Prix de Monaco 2019,Q114609228,,2019 Monaco Grand Prix
Formla 1000,2013 Monaco Grand Prix,Q6352450,3,0,2,Formula One motor race,Formula 1 Grand Prix de Monaco 2013,Q114609228,,2013 Monaco Grand Prix
Formla 1000,Formula One Grand Prix,Q11924610,3,0,2,,F1 Grand Prix,,Q87267404|Q18131152,
Formla 1000,2017 Monaco Grand Prix,Q28747719,3,0,2,6th round of the 2017 Formula One season,,Q9102|Q114609228,,2017 Monaco Grand Prix
Formla 1000,2017 Canadian Grand Prix,Q28924289,3,0,2,motor car race,2017 Canada Grand Prix,Q114609228,,2017 Canadian Grand Prix
Formla 1000,2016 Canadian Grand Prix,Q23045166,3,0,2,formula 1 race,,Q114609228,,2016 Canadian Grand Prix
Formla 1000,Formula One World Championship: Beyond the Limit,Q3077549,3,0,2,1994 Formula 1 video game,,Q7889,,Formula One World Championship: Beyond the Limit
motorsport,motorsport,Q5367,3,1,1,sporting competition and recreation activities which primarily involve the use of motorised vehicles,motorsports|motor sport|motor sports|motor racing,Q31629,Q349,Motorsport
motorsport,MotorSport,Q42598513,3,1,1,"2017 single by Migos, Nicki Minaj and Cardi B",,Q134556,,MotorSport (song)
motorsport,motorsport racing track,Q2338524,3,1,1,race track for motor vehicles,speedway|motor racing circuit|raceway|racing circuit|auto racing track|race circuit|motor racing track|closed race track,,Q1777138|Q1076486,Car track
motorsport,auto racing team,Q20074337,3,1,1,sports team participating in a vehicle racing competition,race car team|race team|motorsport team|racing team|motorsports team|motor racing team|racingteam,,Q12973014|Q1300510,
motorsport,Motorsport Games,Q109060082,3,1,1,American video game developer and publisher,,Q783794|Q210167|Q1137109,,Motorsport Games
motorsport,Motorsport Manager,Q28127264,3,1,1,2016 video game,,Q7889,,Motorsport Manager (video game)
motorsport,motorcycle sport,Q328716,3,1,1,sporting aspects of motorcycling,motorbike sport,Q31629,Q5367,Motorcycle sport
motorsport,Motorsport Manager Mobile 2,Q64075069,3,1,1,2017 video game,,Q7889,,
motorsport,MotorSport,Q25451146,3,1,1,television series,,Q5398426,,
motorsport,Motorsport Manager for Nintendo Switch,Q64076304,3,1,1,2019 video game,,Q7889,,
motorsport,Formula 1000,Q2704602,3,1,2,open wheel class of Formula car racing,F1000,Q13406554|Q10708051,,Formula 1000
motorsport,auto racing,Q5386,3,1,2,motorsport involving the racing of cars for competition,automobile racing|motorcar racing|car racing|motor racing,Q31629|Q2312410,Q5367|Q878123|Q9340418,Auto racing
motorsport,"Car Racing Highway Driving Simulator, real parking driver sim speed traffic deluxe 2023",Q122307110,3,1,2,2023 video game,,Q7889,,
motorsport,Car racing in Cuba,Q60862683,3,1,2,Wikimedia category,,Q4167836,,
motorsport,automobile racing series,Q60147807,3,1,2,series of car races of a class,auto racing series,Q23662496|Q10708051,Q500834|Q13406554|Q1079023,
motorsport,Car Racing in a Simulator: Validation and Assessment of Brake Pedal Stiffness,Q61949963,3,1,2,scientific article published in February 2011,,Q13442814,,
2013 American Le Mans#Series season,Ford GT,Q750788,4,0,2,sports car model series,,Q59773381,Q815679,Ford GT
2013 American Le Mans#Series season,Ford GT,Q23856323,4,0,2,"sports car, second generation of the Ford GT",Ford GT (2017)|Ford GT Mk II,Q3231690,,
2013 American Le Mans#Series season,Ford GT40,Q291149,4,0,2,high-performance endurance racing car,GT40,Q90834785,,Ford GT40
2013 American Le Mans#Series season,Ford GT90,Q653729,4,0,2,Ford concept supercar,GT90,Q3231690|Q850270,Q850270,Ford GT90
2013 American Le Mans#Series season,Ford GT (2004–2006),Q90416964,4,0,2,sports car model (first generation),,Q3231690,Q815679|Q274586,
2013 American Le Mans#Series season,Ford GT40 Mk IV,Q3747972,4,0,2,racing automobile,,Q90834785,,
2013 American Le Mans#Series season,Ford GT70,Q1261627,4,0,2,rally car,GT70,Q3231690,Q1420,Ford GT70
2013 American Le Mans#Series season,Ford GTB,Q97274596,4,0,2,motor vehicle,,,Q1420,Ford GTB
2013 American Le Mans#Series season,Ford GT (GTE),Q60851743,4,0,2,car model,,Q90834785,,
2013 American Le Mans#Series season,Ford GT90 engine,Q109255038,4,0,2,motor vehicle engine,,Q15057021,,Ford GT90 engine
2013 American Le Mans#Series season,Audi R8,Q758778,4,0,2,sports car model,,Q3231690,,Audi R8
2013 American Le Mans#Series season,Audi R8,Q758775,4,0,2,Le Mans Prototype race car,,Q90834785,Q972011,Audi R8 (LMP)
2013 American Le Mans#Series season,Audi R8 42,Q23737533,4,0,2,first generation of the R8 sports car manufactured by German automobile manufacturer Audi from 2006–2015,Audi R8,Q3231690,,Audi R8 (Type 42)
2013 American Le Mans#Series season,Audi R8 4S,Q25382191,4,0,2,second generation of the R8 sports car manufactured by German automobile manufacturer Audi,Audi R8 (Type 4S),Q3231690,,Audi R8 (Type 4S)
2013 American Le Mans#Series season,Audi R8 LMS,Q758774,4,0,2,,,Q3231690,,
2013 American Le Mans#Series season,Audi R8 e-tron,Q19903387,4,0,2,,Audi R8 etron,Q1420,,Audi R8 etron
2013 American Le Mans#Series season,Audi R8 LMS ultra,Q17064519,4,0,2,,,Q3231690,,
2013 American Le Mans#Series season,Audi R8R,Q13581439,4,0,2,car model,,Q90834785,Q972011,Audi R8R
2013 American Le Mans#Series season,Audi R8 Le Mans Concept,Q6478287,4,0,2,car model,Audi R8 TDI Le Mans,Q3231690|Q850270,,Audi R8 Le Mans Concept
2013 American Le Mans#Series season,Audi R8 LMS (2016),Q21092510,4,0,2,,,Q3231690,,
2013 American Le Mans#Series season,Porsche 911,Q219357,4,0,2,car model series,Porsche 911 GT3|Porsche 911 Carrera,Q59773381,Q274586,Porsche 911
2013 American Le Mans#Series season,Porsche 993,Q1075802,4,0,2,"sports car, 1993-1998 models of the Porsche 911",Porsche 911|993,Q3231690,Q274586,Porsche 911 (993)
2013 American Le Mans#Series season,1963-1989 Porsche 911,Q2104548,4,0,2,"sports car, first and second generations of the Porsche 911",Porsche 911 classic|Porsche 911 (classic),Q3231690,,Porsche 911 (classic)
2013 American Le Mans#Series season,Porsche 911 RSR,Q113564428,4,0,2,motor vehicle,Porsche 991 RSR,Q90834785,Q704234,
2013 American Le Mans#Series season,Porsche 911 RSR,Q30765667,4,0,2,car model,Porsche 911 RSR (991)|Porsche 911 RSR-13,Q90834785,,
2013 American Le Mans#Series season,Porsche 911 GT3 R,Q30766344,4,0,2,,Porsche 991 GT3 R,Q90834785,,
2013 American Le Mans#Series season,Porsche 930,Q1700734,4,0,2,German sports car turbocharged variant,Porsche 911 (930)|Porsche 911 Turbo (930)|1975-1989 Porsche 911 Turbo,Q3231690,Q274586,Porsche 911 (930)
2013 American Le Mans#Series season,Porsche 996,Q936953,4,0,2,"sports car, 1999-2004 Porsche 911, first water-cooled 911 models",Porsche 911 (996)|1999-2004 Porsche 911,Q3231690|Q59773381,Q274586,Porsche 911 (996)
2013 American Le Mans#Series season,Porsche 997,Q1338466,4,0,2,2005–2012 sports car,Porsche 911 (2005-2012)|2005-2012 Porsche 911|Porsche 911 (997),Q3231690|Q59773381,Q274586,Porsche 911 (997)
2013 American Le Mans#Series season,Porsche 964,Q1428966,4,0,2,"sports car, third generation of the Porsche 911",Porsche 911 (964)|1989-1994 Porsche 911,Q3231690,,Porsche 911 (964)
2013 American Le Mans#Series season,Chevrolet Corvette,Q56166,4,0,2,sports car by the Chevrolet division of General Motors (GM),,Q59773381,Q274586,Chevrolet Corvette
2013 American Le Mans#Series season,Chevrolet Corvette (C4),Q1071134,4,0,2,sports car produced by Chevrolet for the 1984 through 1996 model years,,Q3231690,,Chevrolet Corvette (C4)
2013 American Le Mans#Series season,Chevrolet Corvette C1,Q1135708,4,0,2,sports car,,Q3231690,,Chevrolet Corvette (C1)
2013 American Le Mans#Series season,Chevrolet Corvette C7,Q1135713,4,0,2,sports car,,Q3231690|Q59773381,Q744620,Chevrolet Corvette (C7)
2013 American Le Mans#Series season,Chevrolet Corvette C6,Q1119538,4,0,2,sports car,Chevrolet Corvette ZR1,Q3231690,,Chevrolet Corvette (C6)
2013 American Le Mans#Series season,Chevrolet Corvette C5,Q1135711,4,0,2,sports car,,Q3231690,,Chevrolet Corvette (C5)
2013 American Le Mans#Series season,Chevrolet Corvette C2,Q1135703,4,0,2,sports car,,Q3231690,,Chevrolet Corvette (C2)
2013 American Le Mans#Series season,Chevrolet Corvette C7.R,Q16957322,4,0,2,race car developed from Corvette C7 for grand tourer competition,Corvette C7.R|C7.R|C7R,Q90834785,,Chevrolet Corvette C7.R
2013 American Le Mans#Series season,Chevrolet Corvette C6.R,Q1071146,4,0,2,car model,,Q90834785,,Chevrolet Corvette C6.R
2013 American Le Mans#Series season,Chevrolet Corvette C3,Q1135709,4,0,2,sports car,,Q3231690,,Chevrolet Corvette (C3)
motorsport,motorsport,Q5367,4,1,1,sporting competition and recreation activities which primarily involve the use of motorised vehicles,motorsports|motor sport|motor sports|motor racing,Q31629,Q349,Motorsport
motorsport,MotorSport,Q42598513,4,1,1,"2017 single by Migos, Nicki Minaj and Cardi B",,Q134556,,MotorSport (song)
motorsport,motorsport racing track,Q2338524,4,1,1,race track for motor vehicles,speedway|motor racing circuit|raceway|racing circuit|auto racing track|race circuit|motor racing track|closed race track,,Q1777138|Q1076486,Car track
motorsport,auto racing team,Q20074337,4,1,1,sports team participating in a vehicle racing competition,race car team|race team|motorsport team|racing team|motorsports team|motor racing team|racingteam,,Q12973014|Q1300510,
motorsport,Motorsport Games,Q109060082,4,1,1,American video game developer and publisher,,Q783794|Q210167|Q1137109,,Motorsport Games
motorsport,Motorsport Manager,Q28127264,4,1,1,2016 video game,,Q7889,,Motorsport Manager (video game)
motorsport,motorcycle sport,Q328716,4,1,1,sporting aspects of motorcycling,motorbike sport,Q31629,Q5367,Motorcycle sport
motorsport,Motorsport Manager Mobile 2,Q64075069,4,1,1,2017 video game,,Q7889,,
motorsport,MotorSport,Q25451146,4,1,1,television series,,Q5398426,,
motorsport,Motorsport Manager for Nintendo Switch,Q64076304,4,1,1,2019 video game,,Q7889,,
motorsport,American Le Mans Series,Q465450,4,1,2,auto racing championship in the United States,ALMS|American Le Mans,Q60147807|Q22833321,Q28025056,American Le Mans Series
motorsport,2012 American Le Mans Series season,Q82325,4,1,2,sports season,,Q27020041,,2012 American Le Mans Series
motorsport,2009 American Le Mans Series season,Q294480,4,1,2,series of auto racing events,2009 ALMS season,Q27020041,,2009 American Le Mans Series
motorsport,2011 American Le Mans Series season,Q1840408,4,1,2,41st season of the racing series organized by IMSA,,Q27020041,,2011 American Le Mans Series
motorsport,2008 American Le Mans Series season,Q294481,4,1,2,sports season,2008 in ALMS|Alms 2008,Q27020041,,2008 American Le Mans Series
motorsport,2010 American Le Mans Series season,Q2035390,4,1,2,40th season of the racing series organized by IMSA,,Q27020041,,2010 American Le Mans Series
motorsport,2013 American Le Mans Series season,Q2654809,4,1,2,43rd season of the racing series organized by IMSA,,Q27020041,,2013 American Le Mans Series
motorsport,2005 American Le Mans Series season,Q2842966,4,1,2,35th season of the racing series organized by IMSA,,Q27020041,,2005 American Le Mans Series
motorsport,2002 American Le Mans Series season,Q294472,4,1,2,sports season,,Q27020041,,2002 American Le Mans Series
motorsport,2000 American Le Mans Series season,Q294461,4,1,2,sports season,2000 ALMS season,Q27020041,,2000 American Le Mans Series
motorsport,Le Mans Series,Q28025056,4,1,2,,continental Le Mans Series,Q60147807,,
motorsport,European Le Mans Series,Q1376760,4,1,2,auto racing championship in Europe,,Q60147807|Q22833321,Q28025056,European Le Mans Series
motorsport,2021 European Le Mans Series,Q101043085,4,1,2,european racing series held in 2021,,Q27020041,,2021 European Le Mans Series
motorsport,2019 European Le Mans Series,Q56684553,4,1,2,,,Q27020041,,2019 European Le Mans Series
motorsport,2022 European Le Mans Series,Q108416788,4,1,2,2022 ELMS season,,Q27020041,,2022 European Le Mans Series
motorsport,2020 European Le Mans Series,Q68593785,4,1,2,Motor racing series,European Le Mans Series 2020,Q27020041,,2020 European Le Mans Series
motorsport,2011 Le Mans Series season,Q1583184,4,1,2,Motorsport season,,Q27020041,,2011 Le Mans Series
motorsport,2012 European Le Mans Series season,Q1376305,4,1,2,,,Q27020041,,2012 European Le Mans Series
motorsport,2015 European Le Mans Series season,Q19823536,4,1,2,,,Q27020041,,2015 European Le Mans Series
motorsport,2010 Le Mans Series season,Q1039089,4,1,2,7th season of sports car racing series,,Q27020041,,2010 Le Mans Series
Trofeo dello Scdlatore,,,5,0,0,,,,,
road bicycle racing,road bicycle racing,Q3609,5,1,1,bicycle racing sport,bicycle road cycling|bicycle road race|road bicycle race|road cycling race|road cycle racing|road bike racing|cycle race,Q2312410,Q2215841|Q3493900|Q7339484|Q119778717,Road bicycle racing
road bicycle racing,cycling race,Q15091377,5,1,1,sporting event with bicycles,bicycle race|cycle race,,Q22938576|Q121680288,
road bicycle racing,road bicycle racing at the 2013 European Youth Summer Olympic Festival,Q17354370,5,1,1,,,Q51031626,,
road bicycle racing,road bicycle racing at the 2016 Summer Olympics,Q25390440,5,1,1,,,Q26132862,,
road bicycle racing,road bicycle racing at the Summer Olympics,Q76451412,5,1,1,,,Q18608583,Q26132862,
road bicycle racing,road bicycle racing at the Olympic Games,Q44198061,5,1,1,,,Q18608583,Q18536594,
road bicycle racing,road bicycle racing in Spain,Q121030234,5,1,1,overview of road bicycle racing in Spain,,Q29791211,Q3181499,
Tour de Mubai,Tour de Mumbai,Q1627987,6,0,2,Sports,,Q2912397,Q22231111,Tour de India
Tour de Mubai,Tour de Mumbai,Q3996081,6,0,2,defunct Cycling Event,,Q13406554|Q18608583,,Tour de Mumbai
Tour de Mubai,Tour de Mumbai 2011,Q1341532,6,0,2,,,Q27020041,,
road bicycle racing,road bicycle racing,Q3609,6,1,1,bicycle racing sport,bicycle road cycling|bicycle road race|road bicycle race|road cycling race|road cycle racing|road bike racing|cycle race,Q2312410,Q2215841|Q3493900|Q7339484|Q119778717,Road bicycle racing
road bicycle racing,cycling race,Q15091377,6,1,1,sporting event with bicycles,bicycle race|cycle race,,Q22938576|Q121680288,
road bicycle racing,road bicycle racing at the 2013 European Youth Summer Olympic Festival,Q17354370,6,1,1,,,Q51031626,,
road bicycle racing,road bicycle racing at the 2016 Summer Olympics,Q25390440,6,1,1,,,Q26132862,,
road bicycle racing,road bicycle racing at the Summer Olympics,Q76451412,6,1,1,,,Q18608583,Q26132862,
road bicycle racing,road bicycle racing at the Olympic Games,Q44198061,6,1,1,,,Q18608583,Q18536594,
road bicycle racing,road bicycle racing in Spain,Q121030234,6,1,1,overview of road bicycle racing in Spain,,Q29791211,Q3181499,
road bicycle racing,cycle sport,Q2215841,6,1,2,competitive physical activity using bicycles,bicycle sport|bike sport|cycling sport|sport cycling|sports cycling|cycling sports,Q31629,Q53121|Q349|Q212434,Cycle sport
road bicycle racing,Bicycle racing,Q106010424,6,1,2,Hong Kong documentary photo in 1960s,,Q125191,,
road bicycle racing,Bicycle Racing Act,Q11613144,6,1,2,1948 Japanese statute,,Q820655,,
road bicycle racing,Bicycle racing,Q48704282,6,1,2,scientific article published in February 2003,,Q13442814,,
road bicycle racing,"Bicycle racing, Raynaud's phenomenon, and gastrointestinal bleeding",Q72764337,6,1,2,scientific article published on 01 February 1994,,Q13442814,,
road bicycle racing,Bicycle racing for minors,Q80758587,6,1,2,scientific article published on 01 June 1950,,Q13442814,,
road bicycle racing,road cycling,Q7339484,6,1,2,"form of cycling including recreational, racing, and utility cycling",,,Q53121,Road cycling
road bicycle racing,Volta a Catalunya,Q755125,6,1,2,"cycling road race held in Catalonia, Spain",Road Cycling in Catalonia|Road in Catalonia|Volta,Q1318941,Q22231109|Q101052547|Q22231107,Volta a Catalunya
road bicycle racing,road cycling at the 2015 European Games,Q20428239,6,1,2,,,Q13406554,,
road bicycle racing,road cycling at the 2024 Summer Olympics,Q118248082,6,1,2,,,Q26132862,,
road bicycle racing,road cycling at the 2020 Summer Olympics,Q109019661,6,1,2,,,Q13406554,,
road bicycle racing,road cycling at the 2018 Asian Games,Q60855139,6,1,2,,,,,
road bicycle racing,Cycling at the 2020 Summer Paralympics – Road race,Q122925332,6,1,2,,road cycling at the 2020 Summer Paralympics,Q50393057,,
road bicycle racing,road cycling at the European Games,Q118948802,6,1,2,,,,,
road bicycle racing,road cycling at the 2017 Invictus Games,Q124072077,6,1,2,,,Q51031626,,
our du Condroz,Condroz,Q1124673,7,0,2,geographical object,,Q1970725,,Condroz
our du Condroz,Condroz Rally,Q3418207,7,0,2,,Condroz-Huy Rally,Q20107484|Q18608583,,
our du Condroz,Condroz ardennais,Q2860720,7,0,2,,,Q1414991,,
our du Condroz,road bicycle racing,Q3609,7,0,2,bicycle racing sport,bicycle road cycling|bicycle road race|road bicycle race|road cycling race|road cycle racing|road bike racing|cycle race,Q2312410,Q2215841|Q3493900|Q7339484|Q119778717,Road bicycle racing
our du Condroz,road cycling,Q7339484,7,0,2,"form of cycling including recreational, racing, and utility cycling",,,Q53121,Road cycling
our du Condroz,Volta a Catalunya,Q755125,7,0,2,"cycling road race held in Catalonia, Spain",Road Cycling in Catalonia|Road in Catalonia|Volta,Q1318941,Q22231109|Q101052547|Q22231107,Volta a Catalunya
our du Condroz,road cycling at the 2015 European Games,Q20428239,7,0,2,,,Q13406554,,
our du Condroz,road cycling at the 2024 Summer Olympics,Q118248082,7,0,2,,,Q26132862,,
our du Condroz,road cycling at the 2020 Summer Olympics,Q109019661,7,0,2,,,Q13406554,,
our du Condroz,road cycling at the 2018 Asian Games,Q60855139,7,0,2,,,,,
our du Condroz,Cycling at the 2020 Summer Paralympics – Road race,Q122925332,7,0,2,,road cycling at the 2020 Summer Paralympics,Q50393057,,
our du Condroz,road cycling at the European Games,Q118948802,7,0,2,,,,,
our du Condroz,road cycling at the 2017 Invictus Games,Q124072077,7,0,2,,,Q51031626,,
road bicycle racing,road bicycle racing,Q3609,7,1,1,bicycle racing sport,bicycle road cycling|bicycle road race|road bicycle race|road cycling race|road cycle racing|road bike racing|cycle race,Q2312410,Q2215841|Q3493900|Q7339484|Q119778717,Road bicycle racing
road bicycle racing,cycling race,Q15091377,7,1,1,sporting event with bicycles,bicycle race|cycle race,,Q22938576|Q121680288,
road bicycle racing,road bicycle racing at the 2013 European Youth Summer Olympic Festival,Q17354370,7,1,1,,,Q51031626,,
road bicycle racing,road bicycle racing at the 2016 Summer Olympics,Q25390440,7,1,1,,,Q26132862,,
road bicycle racing,road bicycle racing at the Summer Olympics,Q76451412,7,1,1,,,Q18608583,Q26132862,
road bicycle racing,road bicycle racing at the Olympic Games,Q44198061,7,1,1,,,Q18608583,Q18536594,
road bicycle racing,road bicycle racing in Spain,Q121030234,7,1,1,overview of road bicycle racing in Spain,,Q29791211,Q3181499,
road bicycle racing,road cycling,Q7339484,7,1,2,"form of cycling including recreational, racing, and utility cycling",,,Q53121,Road cycling
road bicycle racing,Volta a Catalunya,Q755125,7,1,2,"cycling road race held in Catalonia, Spain",Road Cycling in Catalonia|Road in Catalonia|Volta,Q1318941,Q22231109|Q101052547|Q22231107,Volta a Catalunya
road bicycle racing,road cycling at the 2015 European Games,Q20428239,7,1,2,,,Q13406554,,
road bicycle racing,road cycling at the 2024 Summer Olympics,Q118248082,7,1,2,,,Q26132862,,
road bicycle racing,road cycling at the 2020 Summer Olympics,Q109019661,7,1,2,,,Q13406554,,
road bicycle racing,road cycling at the 2018 Asian Games,Q60855139,7,1,2,,,,,
road bicycle racing,Cycling at the 2020 Summer Paralympics – Road race,Q122925332,7,1,2,,road cycling at the 2020 Summer Paralympics,Q50393057,,
road bicycle racing,road cycling at the European Games,Q118948802,7,1,2,,,,,
road bicycle racing,road cycling at the 2017 Invictus Games,Q124072077,7,1,2,,,Q51031626,,
road bicycle racing,Road Race,Q114477154,7,1,2,episode of The Adventures of Ozzie and Harriet (S6 E14),,Q21191270,,
road bicycle racing,Road Race Showcase,Q4532940,7,1,2,annual sports car race in Wisconsin,Road America 500,Q18608583,Q97667346,SportsCar Endurance Grand Prix
road bicycle racing,individual road race,Q51541990,7,1,2,road bicycle race for individuals that is finished within one day,road race (individual),Q2312410,Q2912397|Q3609,
road bicycle racing,Road Races (Amendment) Act (Northern Ireland) 2014,Q100271228,7,1,2,Act of the Northern Ireland Assembly,2014 c. 1 (N.I.)|2014 c1 (NI),Q100271152,,
road bicycle racing,Road race „Zittau–Leipzig“ (204km),Q112008380,7,1,2,"German blog post in nfg.hypotheses.org, 2022",,Q17928402|Q134550,,
road bicycle racing,Road race at the Olympics,Q101427964,7,1,2,olympic sport,,Q476300,,Road race at the Olympics
road bicycle racing,road race in paracycing,Q140439727,7,1,2,,,Q2312410,,
road bicycle racing,motorcycle road racer,Q139564118,7,1,2,,road racing motorcycle rider|road racer,Q12737077,Q3014296,
road bicycle racing,The Great American Cross-Country Road Race,Q7737637,7,1,2,1985 video game,,Q7889,,The Great American Cross-Country Road Race
road bicycle racing,2020 IMSA SportsCar Weekend,Q105807073,7,1,2,fourth round of the 2020 IMSA SportsCar Championship season,,Q4532940,,2020 IMSA SportsCar Weekend
Livonia Cp,,,8,0,0,,,,,
association football,association football,Q2736,8,1,1,sport that is practiced between two teams of eleven players,football|soccer|footie|footy|futbol|futebol|association soccer|foot ball,Q31629|Q216048|Q212434|Q4356073|Q47728,Q877517,Association football
association football,association football player,Q937857,8,1,1,person who plays association football (soccer),football player|association footballer|footballer|soccer player|player|association soccer player,Q28640|Q12737077,Q117321337|Q18536342|Q116763437,
association football,goalkeeper,Q201330,8,1,1,position in association football,football goalkeeper|soccer goalkeeper|GK|goalie|goal keeper|keeper|association football goalkeeper,Q4611891,Q172964,Goalkeeper (association football)
association football,association football club,Q476028,8,1,1,sports club devoted to association football (soccer),football club|soccer club|association soccer club|FC|F.C.,,Q17270000|Q847017,Football club (association football)
association football,association football coach,Q628099,8,1,1,person doing training of association footballers (profession/occupation); for team position (head coach or manager) use Q136659823,soccer manager|football coach|football manager|coach|manager|soccer coach,Q28640,Q41583,Manager (association football)
association football,association football referee,Q859528,8,1,1,supervisor of a game of association football,soccer referee|football referee|association soccer referee,Q28640,Q202648|Q38088701|Q116763437,Referee (association football)
association football,association football team season,Q26887310,8,1,1,association football team during season,soccer team season|football team season,,Q1539532,
association football,association football club match,Q109623729,8,1,1,association football match between club teams,,,Q12166442,
association football,association football players who play in this club,Q56465024,8,1,1,Wikidata metaclass,footballers of this club|footballers who play in this club|footballers of this national team,Q19478619,Q937857|Q58840094,
association football,captain,Q715772,8,1,1,team captain of an association football team,skipper|association football captain,Q4611891,Q584540|Q937857,Captain (association football)
association football,American football,Q41323,8,1,2,form of team game played with an oval ball on a field marked out as a gridiron,gridiron football|football|American rules football,Q216048,Q1546270,American football
association football,Australian rules football,Q50776,8,1,2,contact sport invented in Melbourne,football|footy|Aussie rules|Australian football|Aussie rules football|AFL|VFL|Victorian rules|Victorian rules football,Q31629,Q1081491,Australian rules football
association football,Canadian football,Q248534,8,1,2,"Canadian sport in which opposing teams of twelve players attempt to score by advancing a ball by running, passing and kicking",football|gridiron football,Q2312410|Q216048,Q1546270,Canadian football
association football,Football,Q102309178,8,1,2,1986 video game,,Q7889,,Football (1986 video game)
association football,American football player,Q19204627,8,1,2,athlete who plays American football,American footballer|player of American football|footballer|football player,Q28640,Q14128148,
association football,Soccerdonna,Q41779610,8,1,2,multilingual website with a focus on women's football,,Q35127,,
association football,Soccer,Q2338283,8,1,2,1985 video game,NES Soccer|1985 Soccer,Q7889,,Soccer (1985 video game)
association football,midfielder,Q193592,8,1,2,association football position,MF|M|mid-fielder|soccer midfielder,Q4611891,Q937857,Midfielder
association football,Soccer,Q7550286,8,1,2,1991 video game,Football International|Game Boy Soccer|1991 Soccer,Q7889,,Soccer (1991 video game)
association football,forward,Q280658,8,1,2,association football position played near the opponent's goal,attacker|striker|FW|soccer forward|soccer attacker|soccer striker,Q4611891,Q3446915,Forward (association football)
CONCDCAF Championship,,,9,0,0,,,,,
association football,association football,Q2736,9,1,1,sport that is practiced between two teams of eleven players,football|soccer|footie|footy|futbol|futebol|association soccer|foot ball,Q31629|Q216048|Q212434|Q4356073|Q47728,Q877517,Association football
association football,association football player,Q937857,9,1,1,person who plays association football (soccer),football player|association footballer|footballer|soccer player|player|association soccer player,Q28640|Q12737077,Q117321337|Q18536342|Q116763437,
association football,goalkeeper,Q201330,9,1,1,position in association football,football goalkeeper|soccer goalkeeper|GK|goalie|goal keeper|keeper|association football goalkeeper,Q4611891,Q172964,Goalkeeper (association football)
association football,association football club,Q476028,9,1,1,sports club devoted to association football (soccer),football club|soccer club|association soccer club|FC|F.C.,,Q17270000|Q847017,Football club (association football)
association football,association football coach,Q628099,9,1,1,person doing training of association footballers (profession/occupation); for team position (head coach or manager) use Q136659823,soccer manager|football coach|football manager|coach|manager|soccer coach,Q28640,Q41583,Manager (association football)
association football,association football referee,Q859528,9,1,1,supervisor of a game of association football,soccer referee|football referee|association soccer referee,Q28640,Q202648|Q38088701|Q116763437,Referee (association football)
association football,association football team season,Q26887310,9,1,1,association football team during season,soccer team season|football team season,,Q1539532,
association football,association football club match,Q109623729,9,1,1,association football match between club teams,,,Q12166442,
association football,association football players who play in this club,Q56465024,9,1,1,Wikidata metaclass,footballers of this club|footballers who play in this club|footballers of this national team,Q19478619,Q937857|Q58840094,
association football,captain,Q715772,9,1,1,team captain of an association football team,skipper|association football captain,Q4611891,Q584540|Q937857,Captain (association football)
association football,American football,Q41323,9,1,2,form of team game played with an oval ball on a field marked out as a gridiron,gridiron football|football|American rules football,Q216048,Q1546270,American football
association football,Australian rules football,Q50776,9,1,2,contact sport invented in Melbourne,football|footy|Aussie rules|Australian football|Aussie rules football|AFL|VFL|Victorian rules|Victorian rules football,Q31629,Q1081491,Australian rules football
association football,Canadian football,Q248534,9,1,2,"Canadian sport in which opposing teams of twelve players attempt to score by advancing a ball by running, passing and kicking",football|gridiron football,Q2312410|Q216048,Q1546270,Canadian football
association football,Football,Q102309178,9,1,2,1986 video game,,Q7889,,Football (1986 video game)
association football,American football player,Q19204627,9,1,2,athlete who plays American football,American footballer|player of American football|footballer|football player,Q28640,Q14128148,
association football,Soccerdonna,Q41779610,9,1,2,multilingual website with a focus on women's football,,Q35127,,
association football,Soccer,Q2338283,9,1,2,1985 video game,NES Soccer|1985 Soccer,Q7889,,Soccer (1985 video game)
association football,midfielder,Q193592,9,1,2,association football position,MF|M|mid-fielder|soccer midfielder,Q4611891,Q937857,Midfielder
association football,Soccer,Q7550286,9,1,2,1991 video game,Football International|Game Boy Soccer|1991 Soccer,Q7889,,Soccer (1991 video game)
association football,forward,Q280658,9,1,2,association football position played near the opponent's goal,attacker|striker|FW|soccer forward|soccer attacker|soccer striker,Q4611891,Q3446915,Forward (association football)
Soviet Firtt League,Soviet First League,Q2668623,10,0,2,Association football league in the Soviet Union,,Q13406554|Q18608583,,Soviet First League
Soviet Firtt League,Soviet First League 1991,Q4510781,10,0,2,football league season,,Q27020041,,1991 Soviet First League
Soviet Firtt League,Soviet First League 1989,Q7571676,10,0,2,football league season,,Q27020041,,1989 Soviet First League
Soviet Firtt League,Soviet First League 1988,Q7571675,10,0,2,football league season,,Q27020041,,1988 Soviet First League
Soviet Firtt League,Soviet First League 1977,Q4510750,10,0,2,football league season,,Q27020041,,1977 Soviet First League
Soviet Firtt League,Soviet First League 1987,Q7571674,10,0,2,football league season,,Q27020041,,1987 Soviet First League
Soviet Firtt League,Soviet First League 1963,Q7571669,10,0,2,football league season,,Q27020041,,1963 Soviet Class A Second Group
Soviet Firtt League,Soviet First League 1984,Q4510765,10,0,2,football league season,,Q27020041,,1984 Soviet First League
Soviet Firtt League,Soviet First League 1978,Q4510751,10,0,2,football league season,,Q27020041,,1978 Soviet First League
Soviet Firtt League,Soviet First League 1986,Q7571673,10,0,2,details about the 1986 results in Soviet First League (the second highest division of Soviet football),"USSR football championship, 1986 (First League)",Q27020041,,1986 Soviet First League
Soviet Firtt League,Soviet Top League,Q490700,10,0,2,highest football division (1936 to 1991),USSR Championship in football: Top League,Q15991303|Q18608583,,Soviet Top League
association football,association football,Q2736,10,1,1,sport that is practiced between two teams of eleven players,football|soccer|footie|footy|futbol|futebol|association soccer|foot ball,Q31629|Q216048|Q212434|Q4356073|Q47728,Q877517,Association football
association football,association football player,Q937857,10,1,1,person who plays association football (soccer),football player|association footballer|footballer|soccer player|player|association soccer player,Q28640|Q12737077,Q117321337|Q18536342|Q116763437,
association football,goalkeeper,Q201330,10,1,1,position in association football,football goalkeeper|soccer goalkeeper|GK|goalie|goal keeper|keeper|association football goalkeeper,Q4611891,Q172964,Goalkeeper (association football)
association football,association football club,Q476028,10,1,1,sports club devoted to association football (soccer),football club|soccer club|association soccer club|FC|F.C.,,Q17270000|Q847017,Football club (association football)
association football,association football coach,Q628099,10,1,1,person doing training of association footballers (profession/occupation); for team position (head coach or manager) use Q136659823,soccer manager|football coach|football manager|coach|manager|soccer coach,Q28640,Q41583,Manager (association football)
association football,association football referee,Q859528,10,1,1,supervisor of a game of association football,soccer referee|football referee|association soccer referee,Q28640,Q202648|Q38088701|Q116763437,Referee (association football)
association football,association football team season,Q26887310,10,1,1,association football team during season,soccer team season|football team season,,Q1539532,
association football,association football club match,Q109623729,10,1,1,association football match between club teams,,,Q12166442,
association football,association football players who play in this club,Q56465024,10,1,1,Wikidata metaclass,footballers of this club|footballers who play in this club|footballers of this national team,Q19478619,Q937857|Q58840094,
association football,captain,Q715772,10,1,1,team captain of an association football team,skipper|association football captain,Q4611891,Q584540|Q937857,Captain (association football)
association football,American football,Q41323,10,1,2,form of team game played with an oval ball on a field marked out as a gridiron,gridiron football|football|American rules football,Q216048,Q1546270,American football
association football,Australian rules football,Q50776,10,1,2,contact sport invented in Melbourne,football|footy|Aussie rules|Australian football|Aussie rules football|AFL|VFL|Victorian rules|Victorian rules football,Q31629,Q1081491,Australian rules football
association football,Canadian football,Q248534,10,1,2,"Canadian sport in which opposing teams of twelve players attempt to score by advancing a ball by running, passing and kicking",football|gridiron football,Q2312410|Q216048,Q1546270,Canadian football
association football,Football,Q102309178,10,1,2,1986 video game,,Q7889,,Football (1986 video game)
association football,American football player,Q19204627,10,1,2,athlete who plays American football,American footballer|player of American football|footballer|football player,Q28640,Q14128148,
association football,Soccerdonna,Q41779610,10,1,2,multilingual website with a focus on women's football,,Q35127,,
association football,Soccer,Q2338283,10,1,2,1985 video game,NES Soccer|1985 Soccer,Q7889,,Soccer (1985 video game)
association football,midfielder,Q193592,10,1,2,association football position,MF|M|mid-fielder|soccer midfielder,Q4611891,Q937857,Midfielder
association football,Soccer,Q7550286,10,1,2,1991 video game,Football International|Game Boy Soccer|1991 Soccer,Q7889,,Soccer (1991 video game)
association football,forward,Q280658,10,1,2,association football position played near the opponent's goal,attacker|striker|FW|soccer forward|soccer attacker|soccer striker,Q4611891,Q3446915,Forward (association football)
UEFU Cup,,,11,0,0,,,,,
association football,association football,Q2736,11,1,1,sport that is practiced between two teams of eleven players,football|soccer|footie|footy|futbol|futebol|association soccer|foot ball,Q31629|Q216048|Q212434|Q4356073|Q47728,Q877517,Association football
association football,association football player,Q937857,11,1,1,person who plays association football (soccer),football player|association footballer|footballer|soccer player|player|association soccer player,Q28640|Q12737077,Q117321337|Q18536342|Q116763437,
association football,goalkeeper,Q201330,11,1,1,position in association football,football goalkeeper|soccer goalkeeper|GK|goalie|goal keeper|keeper|association football goalkeeper,Q4611891,Q172964,Goalkeeper (association football)
association football,association football club,Q476028,11,1,1,sports club devoted to association football (soccer),football club|soccer club|association soccer club|FC|F.C.,,Q17270000|Q847017,Football club (association football)
association football,association football coach,Q628099,11,1,1,person doing training of association footballers (profession/occupation); for team position (head coach or manager) use Q136659823,soccer manager|football coach|football manager|coach|manager|soccer coach,Q28640,Q41583,Manager (association football)
association football,association football referee,Q859528,11,1,1,supervisor of a game of association football,soccer referee|football referee|association soccer referee,Q28640,Q202648|Q38088701|Q116763437,Referee (association football)
association football,association football team season,Q26887310,11,1,1,association football team during season,soccer team season|football team season,,Q1539532,
association football,association football club match,Q109623729,11,1,1,association football match between club teams,,,Q12166442,
association football,association football players who play in this club,Q56465024,11,1,1,Wikidata metaclass,footballers of this club|footballers who play in this club|footballers of this national team,Q19478619,Q937857|Q58840094,
association football,captain,Q715772,11,1,1,team captain of an association football team,skipper|association football captain,Q4611891,Q584540|Q937857,Captain (association football)
UAE Viee Presidents Cup,United Arab Emirates,Q878,12,0,2,country in Western Asia,U.A.E.|ae|Emirates|the United Arab Emirates|the UAE|the U.A.E.|the Emirates,Q3624078|Q6256,,United Arab Emirates
UAE Viee Presidents Cup,UTC+04:00,Q6779,12,0,2,identifier for a time offset from UTC of +4,Mauritius Time|Seychelles Time|Samara Time|United Arab Emirates Standard Time|UAE Standard Time|Gulf Standard Time,Q17272482,,UTC+04:00
UAE Viee Presidents Cup,UAE Team L'IMAD,Q1420281,12,0,2,Italian cycling team,Alé–Cipollini–Galassia|MCipollini–Giordana|Alé–Cipollini|Alé BTC Ljubljana|UAE Team ADQ,Q2466826|Q80425135,,UAE Team L'Imad
UAE Viee Presidents Cup,Abdelmalek Essaâdi University,Q3551367,12,0,2,university in Morocco,Abdelmalek Essaadi University|UAE,Q3918|Q121614922,,Abdelmalek Essaâdi University
UAE Viee Presidents Cup,UAE,Q471007,12,0,2,computer emulator which emulates the hardware of Commodore International's Amiga range of computers,Ubiquitous Amiga Emulator|Ultimate Amiga Emulator|Universal Amiga Emulator|Unix Amiga Emulator|Unusable Amiga Emulator,Q166142|Q202871,Q28169064,UAE (emulator)
UAE Viee Presidents Cup,UAE Team Emirates XRG,Q135837,12,0,2,cycling team,,Q20653563|Q20638319|Q6154783|Q20639847,,UAE Team Emirates XRG
UAE Viee Presidents Cup,Emirates men's national football team,Q235910,12,0,2,men's national association football team representing the Emirates,Emirates national football team|UAE men's national football team.|United Arab Emirates men's national football team.|UAE FC,Q135408445,Q1194951,United Arab Emirates national football team
UAE Viee Presidents Cup,United Arab Emirates University,Q1544739,12,0,2,university,University of the United Arab Emirates|UAEU|UAE University,Q3918,,United Arab Emirates University
UAE Viee Presidents Cup,Union des Anciens Etudiants de l'Universite Libre de Bruxelles,Q99390906,12,0,2,Belgian alumni association,UAE,Q447877,,
UAE Viee Presidents Cup,Mount Aue,Q35282156,12,0,2,airport in Papua New Guinea,UAE,Q1248784,,
UAE Viee Presidents Cup,livestock,Q103459,12,0,2,"domesticated animals raised in an agricultural setting to produce commodities such as food, fiber and labor",farm animals|stock,Q136772238,Q1797813|Q57812559|Q622852,Livestock
UAE Viee Presidents Cup,Presidents Cup,Q1647788,12,0,2,golf tournament between the United States and an international team,,Q18608583,Q2990946,Presidents Cup
UAE Viee Presidents Cup,Presidents Cup,Q7241500,12,0,2,lacrosse championship,,,,Presidents Cup (box lacrosse)
UAE Viee Presidents Cup,Presidents Cup,Q104845480,12,0,2,Annual rugby competition in New South Wales,,,,Presidents Cup (rugby league)
UAE Viee Presidents Cup,Presidents-cup Dmel_CG12993,Q29817620,12,0,2,protein found in Drosophila melanogaster,p-cup|CG12993 gene product from transcript CG12993-RA|p-cup-PA|CG12993-PA|presidents-cup,Q8054,,
UAE Viee Presidents Cup,p-cup,Q29727442,12,0,2,protein-coding gene in the species Drosophila melanogaster,presidents-cup|Dmel_CG12993|Dmel\CG12993|CG12993,Q7187,,
UAE Viee Presidents Cup,Presidents Cup (KRA),Q11438486,12,0,2,,,Q3001412,,
UAE Viee Presidents Cup,2022 Presidents Cup,Q110316915,12,0,2,"Golf competition in Charlotte, North Carolina",,Q27020041,,2022 Presidents Cup
UAE Viee Presidents Cup,2019 Presidents Cup,Q48797591,12,0,2,Golf tournament,,Q27020041,,2019 Presidents Cup
UAE Viee Presidents Cup,2024 Presidents Cup,Q129176222,12,0,2,"golf competition in Montreal, Quebec, Canada",,Q1647788,,2024 Presidents Cup
UAE Viee Presidents Cup,2011 Presidents Cup,Q2682297,12,0,2,Golf match in Australia,,Q1647788,,2011 Presidents Cup
UAE Viee Presidents Cup,association football,Q2736,12,0,2,sport that is practiced between two teams of eleven players,football|soccer|footie|footy|futbol|futebol|association soccer|foot ball,Q31629|Q216048|Q212434|Q4356073|Q47728,Q877517,Association football
UAE Viee Presidents Cup,association football player,Q937857,12,0,2,person who plays association football (soccer),football player|association footballer|footballer|soccer player|player|association soccer player,Q28640|Q12737077,Q117321337|Q18536342|Q116763437,
UAE Viee Presidents Cup,goalkeeper,Q201330,12,0,2,position in association football,football goalkeeper|soccer goalkeeper|GK|goalie|goal keeper|keeper|association football goalkeeper,Q4611891,Q172964,Goalkeeper (association football)
UAE Viee Presidents Cup,association football club,Q476028,12,0,2,sports club devoted to association football (soccer),football club|soccer club|association soccer club|FC|F.C.,,Q17270000|Q847017,Football club (association football)
UAE Viee Presidents Cup,association football coach,Q628099,12,0,2,person doing training of association footballers (profession/occupation); for team position (head coach or manager) use Q136659823,soccer manager|football coach|football manager|coach|manager|soccer coach,Q28640,Q41583,Manager (association football)
UAE Viee Presidents Cup,association football referee,Q859528,12,0,2,supervisor of a game of association football,soccer referee|football referee|association soccer referee,Q28640,Q202648|Q38088701|Q116763437,Referee (association football)
UAE Viee Presidents Cup,association football team season,Q26887310,12,0,2,association football team during season,soccer team season|football team season,,Q1539532,
UAE Viee Presidents Cup,association football club match,Q109623729,12,0,2,association football match between club teams,,,Q12166442,
UAE Viee Presidents Cup,association football players who play in this club,Q56465024,12,0,2,Wikidata metaclass,footballers of this club|footballers who play in this club|footballers of this national team,Q19478619,Q937857|Q58840094,
UAE Viee Presidents Cup,captain,Q715772,12,0,2,team captain of an association football team,skipper|association football captain,Q4611891,Q584540|Q937857,Captain (association football)
association football,association football,Q2736,12,1,1,sport that is practiced between two teams of eleven players,football|soccer|footie|footy|futbol|futebol|association soccer|foot ball,Q31629|Q216048|Q212434|Q4356073|Q47728,Q877517,Association football
association football,association football player,Q937857,12,1,1,person who plays association football (soccer),football player|association footballer|footballer|soccer player|player|association soccer player,Q28640|Q12737077,Q117321337|Q18536342|Q116763437,
association football,goalkeeper,Q201330,12,1,1,position in association football,football goalkeeper|soccer goalkeeper|GK|goalie|goal keeper|keeper|association football goalkeeper,Q4611891,Q172964,Goalkeeper (association football)
association football,association football club,Q476028,12,1,1,sports club devoted to association football (soccer),football club|soccer club|association soccer club|FC|F.C.,,Q17270000|Q847017,Football club (association football)
association football,association football coach,Q628099,12,1,1,person doing training of association footballers (profession/occupation); for team position (head coach or manager) use Q136659823,soccer manager|football coach|football manager|coach|manager|soccer coach,Q28640,Q41583,Manager (association football)
association football,association football referee,Q859528,12,1,1,supervisor of a game of association football,soccer referee|football referee|association soccer referee,Q28640,Q202648|Q38088701|Q116763437,Referee (association football)
association football,association football team season,Q26887310,12,1,1,association football team during season,soccer team season|football team season,,Q1539532,
association football,association football club match,Q109623729,12,1,1,association football match between club teams,,,Q12166442,
association football,association football players who play in this club,Q56465024,12,1,1,Wikidata metaclass,footballers of this club|footballers who play in this club|footballers of this national team,Q19478619,Q937857|Q58840094,
association football,captain,Q715772,12,1,1,team captain of an association football team,skipper|association football captain,Q4611891,Q584540|Q937857,Captain (association football)
association football,American football,Q41323,12,1,2,form of team game played with an oval ball on a field marked out as a gridiron,gridiron football|football|American rules football,Q216048,Q1546270,American football
association football,Australian rules football,Q50776,12,1,2,contact sport invented in Melbourne,football|footy|Aussie rules|Australian football|Aussie rules football|AFL|VFL|Victorian rules|Victorian rules football,Q31629,Q1081491,Australian rules football
association football,Canadian football,Q248534,12,1,2,"Canadian sport in which opposing teams of twelve players attempt to score by advancing a ball by running, passing and kicking",football|gridiron football,Q2312410|Q216048,Q1546270,Canadian football
association football,Football,Q102309178,12,1,2,1986 video game,,Q7889,,Football (1986 video game)
association football,American football player,Q19204627,12,1,2,athlete who plays American football,American footballer|player of American football|footballer|football player,Q28640,Q14128148,
association football,Soccerdonna,Q41779610,12,1,2,multilingual website with a focus on women's football,,Q35127,,
association football,Soccer,Q2338283,12,1,2,1985 video game,NES Soccer|1985 Soccer,Q7889,,Soccer (1985 video game)
association football,midfielder,Q193592,12,1,2,association football position,MF|M|mid-fielder|soccer midfielder,Q4611891,Q937857,Midfielder
association football,Soccer,Q7550286,12,1,2,1991 video game,Football International|Game Boy Soccer|1991 Soccer,Q7889,,Soccer (1991 video game)
association football,forward,Q280658,12,1,2,association football position played near the opponent's goal,attacker|striker|FW|soccer forward|soccer attacker|soccer striker,Q4611891,Q3446915,Forward (association football)
UE FA Cup,FA Cup,Q11151,13,0,2,annual knockout football competition,Football Association Challenge Cup,Q8463186,,FA Cup
UE FA Cup,FA Cup Final,Q4484477,13,0,2,last match in the Football Association Challenge Cup,,Q18608583,Q65770283|Q109623729,FA Cup final
UE FA Cup,1990 FA Cup Final,Q4484517,13,0,2,football match,FA Cup Final 1990,Q4484477|Q12166442,,1990 FA Cup final
UE FA Cup,FA Cup Malaysia,Q3000209,13,0,2,football tournament,Malaysia FA Cup,Q8463186,,Malaysia FA Cup
UE FA Cup,Scottish Cup,Q308822,13,0,2,competition for men's association football clubs in Scotland,The Scottish Cup,Q8463186,,Scottish Cup
UE FA Cup,1948–49 FA Cup Qualifying Rounds,Q4566441,13,0,2,football tournament season,1948-49 FA Cup Qualifying Rounds|FA Cup 1948–49,Q2122052,,1948–49 FA Cup qualifying rounds
UE FA Cup,FA Cup semi-finals,Q5424533,13,0,2,phase in the FA Cup,,,Q599999,FA Cup semi-finals
UE FA Cup,FA Cup trophy,Q18117368,13,0,2,Trophy awarded to winners of the FA Cup,,Q381165,,FA Cup trophy
UE FA Cup,FA Cup Final referees,Q5424531,13,0,2,Wikimedia list article,,Q13406463,,FA Cup final referees
UE FA Cup,FA Cup final : 68-page souvenir special,Q76534691,13,0,2,book (work),,Q47461344,,
association football,association football,Q2736,13,1,1,sport that is practiced between two teams of eleven players,football|soccer|footie|footy|futbol|futebol|association soccer|foot ball,Q31629|Q216048|Q212434|Q4356073|Q47728,Q877517,Association football
association football,association football player,Q937857,13,1,1,person who plays association football (soccer),football player|association footballer|footballer|soccer player|player|association soccer player,Q28640|Q12737077,Q117321337|Q18536342|Q116763437,
association football,goalkeeper,Q201330,13,1,1,position in association football,football goalkeeper|soccer goalkeeper|GK|goalie|goal keeper|keeper|association football goalkeeper,Q4611891,Q172964,Goalkeeper (association football)
association football,association football club,Q476028,13,1,1,sports club devoted to association football (soccer),football club|soccer club|association soccer club|FC|F.C.,,Q17270000|Q847017,Football club (association football)
association football,association football coach,Q628099,13,1,1,person doing training of association footballers (profession/occupation); for team position (head coach or manager) use Q136659823,soccer manager|football coach|football manager|coach|manager|soccer coach,Q28640,Q41583,Manager (association football)
association football,association football referee,Q859528,13,1,1,supervisor of a game of association football,soccer referee|football referee|association soccer referee,Q28640,Q202648|Q38088701|Q116763437,Referee (association football)
association football,association football team season,Q26887310,13,1,1,association football team during season,soccer team season|football team season,,Q1539532,
association football,association football club match,Q109623729,13,1,1,association football match between club teams,,,Q12166442,
association football,association football players who play in this club,Q56465024,13,1,1,Wikidata metaclass,footballers of this club|footballers who play in this club|footballers of this national team,Q19478619,Q937857|Q58840094,
association football,captain,Q715772,13,1,1,team captain of an association football team,skipper|association football captain,Q4611891,Q584540|Q937857,Captain (association football)
association football,FA Cup,Q11151,13,1,2,annual knockout football competition,Football Association Challenge Cup,Q8463186,,FA Cup
association football,FA Cup Final,Q4484477,13,1,2,last match in the Football Association Challenge Cup,,Q18608583,Q65770283|Q109623729,FA Cup final
association football,1990 FA Cup Final,Q4484517,13,1,2,football match,FA Cup Final 1990,Q4484477|Q12166442,,1990 FA Cup final
association football,FA Cup Malaysia,Q3000209,13,1,2,football tournament,Malaysia FA Cup,Q8463186,,Malaysia FA Cup
association football,Scottish Cup,Q308822,13,1,2,competition for men's association football clubs in Scotland,The Scottish Cup,Q8463186,,Scottish Cup
association football,1948–49 FA Cup Qualifying Rounds,Q4566441,13,1,2,football tournament season,1948-49 FA Cup Qualifying Rounds|FA Cup 1948–49,Q2122052,,1948–49 FA Cup qualifying rounds
association football,FA Cup semi-finals,Q5424533,13,1,2,phase in the FA Cup,,,Q599999,FA Cup semi-finals
association football,FA Cup trophy,Q18117368,13,1,2,Trophy awarded to winners of the FA Cup,,Q381165,,FA Cup trophy
association football,FA Cup Final referees,Q5424531,13,1,2,Wikimedia list article,,Q13406463,,FA Cup final referees
association football,FA Cup final : 68-page souvenir special,Q76534691,13,1,2,book (work),,Q47461344,,
association football,FA Cup final : 68-page souvenir special,Q74497137,13,1,2,edition; published in 2008,,Q3331189,,
association football,1991 FA Cup Final,Q765577,13,1,2,football match,,Q4484477,,1991 FA Cup final
association football,1927 FA Cup Final,Q4484483,13,1,2,English football championship,,Q4484477,,1927 FA Cup final
association football,1890 FA Cup Final,Q796678,13,1,2,football match,,Q4484477,,1890 FA Cup final
association football,1926 FA Cup Final,Q4561885,13,1,2,football match,,Q4484477,,1926 FA Cup final
association football,1933 FA Cup Final,Q4563218,13,1,2,football match,,Q4484477,,1933 FA Cup final
Taçi Oil Cu,Taçi Oil Cup,Q3999460,14,0,1,football tournament,,Q13406554|Q1079023|Q18608583,,Taçi Oil Cup
association football,association football,Q2736,14,1,1,sport that is practiced between two teams of eleven players,football|soccer|footie|footy|futbol|futebol|association soccer|foot ball,Q31629|Q216048|Q212434|Q4356073|Q47728,Q877517,Association football
association football,association football player,Q937857,14,1,1,person who plays association football (soccer),football player|association footballer|footballer|soccer player|player|association soccer player,Q28640|Q12737077,Q117321337|Q18536342|Q116763437,
association football,goalkeeper,Q201330,14,1,1,position in association football,football goalkeeper|soccer goalkeeper|GK|goalie|goal keeper|keeper|association football goalkeeper,Q4611891,Q172964,Goalkeeper (association football)
association football,association football club,Q476028,14,1,1,sports club devoted to association football (soccer),football club|soccer club|association soccer club|FC|F.C.,,Q17270000|Q847017,Football club (association football)
association football,association football coach,Q628099,14,1,1,person doing training of association footballers (profession/occupation); for team position (head coach or manager) use Q136659823,soccer manager|football coach|football manager|coach|manager|soccer coach,Q28640,Q41583,Manager (association football)
association football,association football referee,Q859528,14,1,1,supervisor of a game of association football,soccer referee|football referee|association soccer referee,Q28640,Q202648|Q38088701|Q116763437,Referee (association football)
association football,association football team season,Q26887310,14,1,1,association football team during season,soccer team season|football team season,,Q1539532,
association football,association football club match,Q109623729,14,1,1,association football match between club teams,,,Q12166442,
association football,association football players who play in this club,Q56465024,14,1,1,Wikidata metaclass,footballers of this club|footballers who play in this club|footballers of this national team,Q19478619,Q937857|Q58840094,
association football,captain,Q715772,14,1,1,team captain of an association football team,skipper|association football captain,Q4611891,Q584540|Q937857,Captain (association football)
association football,American football,Q41323,14,1,2,form of team game played with an oval ball on a field marked out as a gridiron,gridiron football|football|American rules football,Q216048,Q1546270,American football
association football,Australian rules football,Q50776,14,1,2,contact sport invented in Melbourne,football|footy|Aussie rules|Australian football|Aussie rules football|AFL|VFL|Victorian rules|Victorian rules football,Q31629,Q1081491,Australian rules football
association football,Canadian football,Q248534,14,1,2,"Canadian sport in which opposing teams of twelve players attempt to score by advancing a ball by running, passing and kicking",football|gridiron football,Q2312410|Q216048,Q1546270,Canadian football
association football,Football,Q102309178,14,1,2,1986 video game,,Q7889,,Football (1986 video game)
association football,American football player,Q19204627,14,1,2,athlete who plays American football,American footballer|player of American football|footballer|football player,Q28640,Q14128148,
association football,Soccerdonna,Q41779610,14,1,2,multilingual website with a focus on women's football,,Q35127,,
association football,Soccer,Q2338283,14,1,2,1985 video game,NES Soccer|1985 Soccer,Q7889,,Soccer (1985 video game)
association football,midfielder,Q193592,14,1,2,association football position,MF|M|mid-fielder|soccer midfielder,Q4611891,Q937857,Midfielder
association football,Soccer,Q7550286,14,1,2,1991 video game,Football International|Game Boy Soccer|1991 Soccer,Q7889,,Soccer (1991 video game)
association football,forward,Q280658,14,1,2,association football position played near the opponent's goal,attacker|striker|FW|soccer forward|soccer attacker|soccer striker,Q4611891,Q3446915,Forward (association football)
Troieo Spagnolo,,,15,0,0,,,,,
association football,association football,Q2736,15,1,1,sport that is practiced between two teams of eleven players,football|soccer|footie|footy|futbol|futebol|association soccer|foot ball,Q31629|Q216048|Q212434|Q4356073|Q47728,Q877517,Association football
association football,association football player,Q937857,15,1,1,person who plays association football (soccer),football player|association footballer|footballer|soccer player|player|association soccer player,Q28640|Q12737077,Q117321337|Q18536342|Q116763437,
association football,goalkeeper,Q201330,15,1,1,position in association football,football goalkeeper|soccer goalkeeper|GK|goalie|goal keeper|keeper|association football goalkeeper,Q4611891,Q172964,Goalkeeper (association football)
association football,association football club,Q476028,15,1,1,sports club devoted to association football (soccer),football club|soccer club|association soccer club|FC|F.C.,,Q17270000|Q847017,Football club (association football)
association football,association football coach,Q628099,15,1,1,person doing training of association footballers (profession/occupation); for team position (head coach or manager) use Q136659823,soccer manager|football coach|football manager|coach|manager|soccer coach,Q28640,Q41583,Manager (association football)
association football,association football referee,Q859528,15,1,1,supervisor of a game of association football,soccer referee|football referee|association soccer referee,Q28640,Q202648|Q38088701|Q116763437,Referee (association football)
association football,association football team season,Q26887310,15,1,1,association football team during season,soccer team season|football team season,,Q1539532,
association football,association football club match,Q109623729,15,1,1,association football match between club teams,,,Q12166442,
association football,association football players who play in this club,Q56465024,15,1,1,Wikidata metaclass,footballers of this club|footballers who play in this club|footballers of this national team,Q19478619,Q937857|Q58840094,
association football,captain,Q715772,15,1,1,team captain of an association football team,skipper|association football captain,Q4611891,Q584540|Q937857,Captain (association football)
association football,Association Football Club,Q5709550,15,1,2,Peruvian football club,Association F.B.C.,Q476028,,
association football,Royale Union Tubize-Braine,Q291937,15,1,2,association football club in Belgium,A F C Tubize|A. F. C. Tubize|AFC Tubize|F.C. Tubize|FC Tubize|Association Football Clubs Tubize,Q476028,,Royale Union Tubize-Braine
association football,Hornchurch F.C.,Q4500008,15,1,2,"association football club in Hornchurch, England",Association Football Club Hornchurch|Hornchurch Football Club|Hornchurch FC|Hornchurch|HFC|The Urchins|A.F.C. Hornchurch,Q476028,,Hornchurch F.C.
association football,A.F.C. Totton,Q4390395,15,1,2,English football club,Association Football Club Totton,Q476028,,A.F.C. Totton
association football,association football club names,Q363511,15,1,2,names given to football teams,football club names|football team names|soccer team names|soccer club names,,Q82799,Association football club names
association football,AFC Wimbledon,Q48851,15,1,2,"association football club in London, England",Wimbledon|The Dons|AFCW|A.F.C. Wimbledon,Q476028,,AFC Wimbledon
association football,AFC Telford United,Q18505,15,1,2,"association football club in Wellington, England",Telford United|The Bucks|Telford|AFCTU|United|A.F.C. Telford United,Q476028,,AFC Telford United
association football,Aurillac FC2A,Q2871902,15,1,2,French football club,,Q476028,,FC Aurillac Arpajon Cantal Auvergne
Trofeo Cidad de Zaragoza,,,16,0,0,,,,,
association football,association football,Q2736,16,1,1,sport that is practiced between two teams of eleven players,football|soccer|footie|footy|futbol|futebol|association soccer|foot ball,Q31629|Q216048|Q212434|Q4356073|Q47728,Q877517,Association football
association football,association football player,Q937857,16,1,1,person who plays association football (soccer),football player|association footballer|footballer|soccer player|player|association soccer player,Q28640|Q12737077,Q117321337|Q18536342|Q116763437,
association football,goalkeeper,Q201330,16,1,1,position in association football,football goalkeeper|soccer goalkeeper|GK|goalie|goal keeper|keeper|association football goalkeeper,Q4611891,Q172964,Goalkeeper (association football)
association football,association football club,Q476028,16,1,1,sports club devoted to association football (soccer),football club|soccer club|association soccer club|FC|F.C.,,Q17270000|Q847017,Football club (association football)
association football,association football coach,Q628099,16,1,1,person doing training of association footballers (profession/occupation); for team position (head coach or manager) use Q136659823,soccer manager|football coach|football manager|coach|manager|soccer coach,Q28640,Q41583,Manager (association football)
association football,association football referee,Q859528,16,1,1,supervisor of a game of association football,soccer referee|football referee|association soccer referee,Q28640,Q202648|Q38088701|Q116763437,Referee (association football)
association football,association football team season,Q26887310,16,1,1,association football team during season,soccer team season|football team season,,Q1539532,
association football,association football club match,Q109623729,16,1,1,association football match between club teams,,,Q12166442,
association football,association football players who play in this club,Q56465024,16,1,1,Wikidata metaclass,footballers of this club|footballers who play in this club|footballers of this national team,Q19478619,Q937857|Q58840094,
association football,captain,Q715772,16,1,1,team captain of an association football team,skipper|association football captain,Q4611891,Q584540|Q937857,Captain (association football)
association football,American football,Q41323,16,1,2,form of team game played with an oval ball on a field marked out as a gridiron,gridiron football|football|American rules football,Q216048,Q1546270,American football
association football,Australian rules football,Q50776,16,1,2,contact sport invented in Melbourne,football|footy|Aussie rules|Australian football|Aussie rules football|AFL|VFL|Victorian rules|Victorian rules football,Q31629,Q1081491,Australian rules football
association football,Canadian football,Q248534,16,1,2,"Canadian sport in which opposing teams of twelve players attempt to score by advancing a ball by running, passing and kicking",football|gridiron football,Q2312410|Q216048,Q1546270,Canadian football
association football,Football,Q102309178,16,1,2,1986 video game,,Q7889,,Football (1986 video game)
association football,American football player,Q19204627,16,1,2,athlete who plays American football,American footballer|player of American football|footballer|football player,Q28640,Q14128148,
association football,Soccerdonna,Q41779610,16,1,2,multilingual website with a focus on women's football,,Q35127,,
association football,Soccer,Q2338283,16,1,2,1985 video game,NES Soccer|1985 Soccer,Q7889,,Soccer (1985 video game)
association football,midfielder,Q193592,16,1,2,association football position,MF|M|mid-fielder|soccer midfielder,Q4611891,Q937857,Midfielder
association football,Soccer,Q7550286,16,1,2,1991 video game,Football International|Game Boy Soccer|1991 Soccer,Q7889,,Soccer (1991 video game)
association football,forward,Q280658,16,1,2,association football position played near the opponent's goal,attacker|striker|FW|soccer forward|soccer attacker|soccer striker,Q4611891,Q3446915,Forward (association football)
rofeo Cappelli e Ferania,,,17,0,0,,,,,
association football,association football,Q2736,17,1,1,sport that is practiced between two teams of eleven players,football|soccer|footie|footy|futbol|futebol|association soccer|foot ball,Q31629|Q216048|Q212434|Q4356073|Q47728,Q877517,Association football
association football,association football player,Q937857,17,1,1,person who plays association football (soccer),football player|association footballer|footballer|soccer player|player|association soccer player,Q28640|Q12737077,Q117321337|Q18536342|Q116763437,
association football,goalkeeper,Q201330,17,1,1,position in association football,football goalkeeper|soccer goalkeeper|GK|goalie|goal keeper|keeper|association football goalkeeper,Q4611891,Q172964,Goalkeeper (association football)
association football,association football club,Q476028,17,1,1,sports club devoted to association football (soccer),football club|soccer club|association soccer club|FC|F.C.,,Q17270000|Q847017,Football club (association football)
association football,association football coach,Q628099,17,1,1,person doing training of association footballers (profession/occupation); for team position (head coach or manager) use Q136659823,soccer manager|football coach|football manager|coach|manager|soccer coach,Q28640,Q41583,Manager (association football)
association football,association football referee,Q859528,17,1,1,supervisor of a game of association football,soccer referee|football referee|association soccer referee,Q28640,Q202648|Q38088701|Q116763437,Referee (association football)
association football,association football team season,Q26887310,17,1,1,association football team during season,soccer team season|football team season,,Q1539532,
association football,association football club match,Q109623729,17,1,1,association football match between club teams,,,Q12166442,
association football,association football players who play in this club,Q56465024,17,1,1,Wikidata metaclass,footballers of this club|footballers who play in this club|footballers of this national team,Q19478619,Q937857|Q58840094,
association football,captain,Q715772,17,1,1,team captain of an association football team,skipper|association football captain,Q4611891,Q584540|Q937857,Captain (association football)
association football,American football,Q41323,17,1,2,form of team game played with an oval ball on a field marked out as a gridiron,gridiron football|football|American rules football,Q216048,Q1546270,American football
association football,Australian rules football,Q50776,17,1,2,contact sport invented in Melbourne,football|footy|Aussie rules|Australian football|Aussie rules football|AFL|VFL|Victorian rules|Victorian rules football,Q31629,Q1081491,Australian rules football
association football,Canadian football,Q248534,17,1,2,"Canadian sport in which opposing teams of twelve players attempt to score by advancing a ball by running, passing and kicking",football|gridiron football,Q2312410|Q216048,Q1546270,Canadian football
association football,Football,Q102309178,17,1,2,1986 video game,,Q7889,,Football (1986 video game)
association football,American football player,Q19204627,17,1,2,athlete who plays American football,American footballer|player of American football|footballer|football player,Q28640,Q14128148,
association football,Soccerdonna,Q41779610,17,1,2,multilingual website with a focus on women's football,,Q35127,,
association football,Soccer,Q2338283,17,1,2,1985 video game,NES Soccer|1985 Soccer,Q7889,,Soccer (1985 video game)
association football,midfielder,Q193592,17,1,2,association football position,MF|M|mid-fielder|soccer midfielder,Q4611891,Q937857,Midfielder
association football,Soccer,Q7550286,17,1,2,1991 video game,Football International|Game Boy Soccer|1991 Soccer,Q7889,,Soccer (1991 video game)
association football,forward,Q280658,17,1,2,association football position played near the opponent's goal,attacker|striker|FW|soccer forward|soccer attacker|soccer striker,Q4611891,Q3446915,Forward (association football)
Football League Centenary Touunamept,Manchester United F.C.,Q18656,18,0,2,"association football club in Manchester, England",Man United|MUFC|Manchester United Football Club|Manchester United FC|Manchester United|Man Utd|Red Devils|Man U,Q476028|Q4830453|Q103229495|Q891723,,Manchester United F.C.
Football League Centenary Touunamept,Manchester United,Q55353307,18,0,2,1990 computer game by Teque,2019 3 72019 3 7,Q7889,,
Football League Centenary Touunamept,Manchester United W.F.C.,Q54818167,18,0,2,professional football club,Manchester United Women Football Club|Manchester United WFC|MUWFC,Q476028|Q28140340,,Manchester United W.F.C.
Football League Centenary Touunamept,Manchester United,Q5478948,18,0,2,video game series,Manchester United (video game series)|manchester united,Q7058673,,Manchester United (video game series)
Football League Centenary Touunamept,Manchester United,Q6747538,18,0,2,1976 single by Manchester United F.C.,,Q134556,,Manchester United (song)
Football League Centenary Touunamept,MUTV,Q2986336,18,0,2,television channel owned and operated by Manchester United,Manchester United Television|MUTV (Manchester United F.C.)|Manchester United TV,Q1616075,,MUTV (Manchester United F.C.)
Football League Centenary Touunamept,Old Trafford,Q83457,18,0,2,"football stadium in Manchester, England",Theatre of Dreams|Old Trafford Stadium|Manchester United Stadium,Q1154710,,Old Trafford
Football League Centenary Touunamept,Manchester United Championship Soccer,Q6747540,18,0,2,1995 soccer video game,,Q7889,,Manchester United Championship Soccer
Football League Centenary Touunamept,Manchester United Europe,Q54817655,18,0,2,1992 video game,,Q7889,,Manchester United Europe
Football League Centenary Touunamept,Manchester United plc,Q27346385,18,0,2,Cayman Islands holding company,Manchester|Manchester United Ltd.,Q4830453|Q6881511|Q891723,,
Football League Centenary Touunamept,Liverpool F.C.,Q1130849,18,0,2,"association football club in Liverpool, England",Liverpool|LiverpoolFC|LiverpoolF.C.|L.F.C.,Q476028,,Liverpool F.C.
Football League Centenary Touunamept,Liverpool F.C. Women,Q588085,18,0,2,"association football club in Liverpool, England",Liverpool Ladies Football Club|Liverpool Ladies F.C.|Liverpool L.F.C.|Liverpool FC Women|LFC Women|L.F.C. Women,Q28140340,,Liverpool F.C. Women
Football League Centenary Touunamept,Liverpool F.C. (Montevideo),Q1131189,18,0,2,"football club in Montevideo, Uruguay",Liverpool Fútbol Club,Q476028,,Liverpool F.C. (Montevideo)
Football League Centenary Touunamept,"Liverpool FC-4-0-FC Barcelona, 8 April 2019",Q97959736,18,0,2,,,Q109623729,,Liverpool F.C. 4–0 FC Barcelona
Football League Centenary Touunamept,Liverpool FC: příběhy legend,Q122017437,18,0,2,book edition published in 2018,,Q3331189,,
Football League Centenary Touunamept,Liverpool FC Spanish Armada,Q2679493,18,0,2,group of Spanish footballers,,Q327245,,
Football League Centenary Touunamept,Liverpool F.C. Reserves and Academy,Q2380229,18,0,2,reserve team of Liverpool,Liverpool F.C. Reserves,Q476028|Q134468886,,Liverpool F.C. Reserves and Academy
Football League Centenary Touunamept,history of Liverpool FC,Q24661087,18,0,2,,Liverpool FC history,Q17524420,,
Football League Centenary Touunamept,"Liverpool FC v AS Roma, 23 Jul 2014",Q123746822,18,0,2,,,Q109623729,,
Football League Centenary Touunamept,Liverpool FC gegen 1. FSV Mainz 05 (Testspiel 23. Juli 2021),Q123746821,18,0,2,,,Q109623729,,
Football League Centenary Touunamept,Arsenal F.C.,Q9617,18,0,2,"association football club in London, England",AFC|Arsenal Football Club|The Arsenal|The Ars|The Arsenal F.C.|The Arsenal FC|A.F.C.|Arsenal London,Q476028,,Arsenal F.C.
Football League Centenary Touunamept,Arsenal F.C. Under-21s and Academy,Q4384231,18,0,2,Arsenal football academy,Arsenal FC Youth Team,Q476028|Q134468886,,Arsenal F.C. Under-21s and Academy
Football League Centenary Touunamept,"Arsenal FC v Tottenham Hotspur FC, 17 November 2012",Q123737327,18,0,2,,,Q109623729,,
Football League Centenary Touunamept,Arsenal FC (U19) vs Shakhtar Donetsk (U19) 25-02-2014,Q123737304,18,0,2,"association football match at Meadow Park football ground, Borehamwood during 2013–14 UEFA Youth League with score 3:1",2014-02-25 Arsenal U-19 vs Shakhtar Donetsk U-19,Q109623729,,
Football League Centenary Touunamept,"Arsenal FC v Olympique de Marseille, 26 Nov 2013",Q123737322,18,0,2,,,Q109623729,,
Football League Centenary Touunamept,"Arsenal FC v Everton FC, 28 Oct 2006",Q123737316,18,0,2,,,Q109623729,,
Football League Centenary Touunamept,Arsenal FC (U19) vs Olympique de Marseille (U19) 25-11-2013,Q123737302,18,0,2,,,Q109623729,,
Football League Centenary Touunamept,"Arsenal FC v Bayern Munich, 19 Feb 2014",Q123737313,18,0,2,,,Q109623729,,
Football League Centenary Touunamept,"Arsenal FC v Southampton FC, 15 September, 2012",Q123737325,18,0,2,,,Q109623729,,
Football League Centenary Touunamept,"Arsenal FC v Fulham FC, 12 August 2007",Q123737318,18,0,2,,,Q109623729,,
Football League Centenary Touunamept,Tottenham Hotspur F.C.,Q18741,18,0,2,"association football club in London, England",Tottenham Hotspur Football Club|THFC|Spurs|The Lilywhites|Tottenham Hotspur FC|Tottenham Hotspur|Tottenham|Hotspur,Q476028,,Tottenham Hotspur F.C.
Football League Centenary Touunamept,Tottenham Hotspur Stadium,Q55074091,18,0,2,"stadium in London, England",New White Hart Lane|Tottenham Stadium,Q1049757|Q483110,,Tottenham Hotspur Stadium
Football League Centenary Touunamept,Tottenham Hotspur F.C. Women,Q14641974,18,0,2,English women's football club,,Q28140340,,Tottenham Hotspur F.C. Women
Football League Centenary Touunamept,Tottenham Hotspur Superleague Formula Team,Q774642,18,0,2,"Superleague Formula team, run by the English football team",Tottenham Hotspur,Q12973014,,Tottenham Hotspur (Superleague Formula team)
Football League Centenary Touunamept,Tottenham Hotspur F.C. Reserves and Academy,Q7828451,18,0,2,football club,,Q476028|Q134468886,,Tottenham Hotspur F.C. Under-21s and Academy
Football League Centenary Touunamept,history of Tottenham Hotspur F.C.,Q13636247,18,0,2,aspect of history,Tottenham Hotspur F.C. history,Q17524420,,History of Tottenham Hotspur F.C.
Football League Centenary Touunamept,Tottenham Hotspur F.C. in European football,Q4483045,18,0,2,Wikimedia list article,,Q13406463,,Tottenham Hotspur F.C. in European football
Football League Centenary Touunamept,Tottenham Hotspur F.C. supporters,Q65041364,18,0,2,fan base,,Q773944,,Tottenham Hotspur F.C. supporters
Football League Centenary Touunamept,Tottenham Hotspur F.C. 3–4 Manchester City F.C.,Q48699779,18,0,2,football match,,Q109623729,,Tottenham Hotspur F.C. 3–4 Manchester City F.C. (2004)
Football League Centenary Touunamept,Tottenham Hotspur F.C. Women's Academy,Q139073745,18,0,2,football club,,Q476028,,Tottenham Hotspur F.C. Women's Academy
Football League Centenary Touunamept,Everton F.C.,Q5794,18,0,2,"association football club in Liverpool, England",Everton|Everton Football Club|The Blues|Everton FC|The Toffees|EFC,Q476028,,Everton F.C.
Football League Centenary Touunamept,Everton F.C. Intelligensia,Q1811824,18,0,2,1990 video game,Everton FC Intelligensia|The Official Everton F.C. Intelligensia,Q7889,,
Football League Centenary Touunamept,Everton F.C. Women,Q3061505,18,0,2,"women's football club based in Liverpool, England",Everton Ladies Football Club|Everton Ladies|Everton L.F.C.|Everton Women,Q28140340,,Everton F.C. Women
Football League Centenary Touunamept,Everton F.C. Reserves and Academy,Q16838884,18,0,2,The Dream Factory,,Q476028|Q134468886,,Everton F.C. Under-21s and Academy
Football League Centenary Touunamept,2017–18 Everton F.C. season,Q30328220,18,0,2,season of football team,,Q26887310,,2017–18 Everton F.C. season
Football League Centenary Touunamept,2010–11 Everton F.C. season,Q4480198,18,0,2,season of football team,,Q26887310,,2010–11 Everton F.C. season
Football League Centenary Touunamept,2008–09 Everton F.C. season,Q4612613,18,0,2,season of football team,,Q26887310,,2008–09 Everton F.C. season
Football League Centenary Touunamept,2009–10 Everton F.C. season,Q4615714,18,0,2,season of football team,,Q26887310,,2009–10 Everton F.C. season
Football League Centenary Touunamept,2007–08 Everton F.C. season,Q4609982,18,0,2,season of football team,,Q26887310,,2007–08 Everton F.C. season
Football League Centenary Touunamept,2006–07 Everton F.C. season,Q4607424,18,0,2,season of football team,,Q26887310,,2006–07 Everton F.C. season
Football League Centenary Touunamept,West Ham United F.C.,Q18747,18,0,2,"association football club in London, England",West Ham United Football Club|West Ham United FC|West Ham United|West Ham|The Irons|The Hammers|WHUFC|United|WHU,Q476028,,West Ham United F.C.
Football League Centenary Touunamept,West Ham United F.C. Women,Q7985296,18,0,2,English women's association football team,West Ham United Ladies Football Club|West Ham United L.F.C.|West Ham United W.F.C.|West Ham United Women's Football Club|West Ham United F. C. Women,Q28140340,,West Ham United F.C. Women
Football League Centenary Touunamept,West Ham United F.C. in European football,Q6366853,18,0,2,Wikimedia list article,,Q13406463,,West Ham United F.C. in European football
Football League Centenary Touunamept,West Ham United F.C. Reserves and Academy,Q7985294,18,0,2,,,Q12973014,,West Ham United F.C. Reserves
Football League Centenary Touunamept,West Ham United who's who: a player by player guide to West Ham United F.C.,Q27982148,18,0,2,book on football,,Q3331189,,
Football League Centenary Touunamept,West Ham United F.C. managers,Q16225403,18,0,2,Wikimedia list article,,Q138587933,,List of West Ham United F.C. managers
Football League Centenary Touunamept,West Ham United F.C. Under-23s,Q28448932,18,0,2,,,,,West Ham United F.C. Under-23s
Football League Centenary Touunamept,history of West Ham United F.C.,Q5867190,18,0,2,aspect of history,West Ham United F.C. history,Q17524420,,History of West Ham United F.C.
Football League Centenary Touunamept,West Ham United F.C. supporters,Q2261008,18,0,2,name of supporters,,,,West Ham United F.C. supporters
Football League Centenary Touunamept,"West Ham United vs Manchester City, 23 January 2016",Q123752750,18,0,2,,,Q12166442,,
Football League Centenary Touunamept,Sheffield United F.C.,Q19607,18,0,2,"association football club in Sheffield, England",Sheffield United Football Club|Sheffield United FC|Sheffield United|The Blades|SUFC|United|Sheff Utd|Sheff. Utd.,Q476028,,Sheffield United F.C.
Football League Centenary Touunamept,Sheffield United W.F.C.,Q25350274,18,0,2,English women's football club,,Q28140340,,Sheffield United W.F.C.
Football League Centenary Touunamept,Sheffield United Football Club: who's who,Q19960599,18,0,2,non-fiction work by Denis Clarebrough,,Q7725634,,
Football League Centenary Touunamept,Sheffield United F.C. Academy,Q7492769,18,0,2,football club,,Q476028,,Sheffield United F.C. Academy
Football League Centenary Touunamept,Sheffield United Limited,Q59521568,18,0,2,company that owns Sheffield United F.C.,Sheffield United Ltd,Q4830453,,
Football League Centenary Touunamept,Sheffield United Gas Light Company Offices,Q7492773,18,0,2,"architectural structure in Sheffield, South Yorkshire, England, UK",,Q811979,,"Canada House, Sheffield"
Football League Centenary Touunamept,history of Sheffield United F.C.,Q5866459,18,0,2,aspect of history,Sheffield United F.C. history,Q17524420,,History of Sheffield United F.C.
Football League Centenary Touunamept,Sheffield United relegated from English Football League Championship,Q17660778,18,0,2,Wikinews article,,Q17633526,,
Football League Centenary Touunamept,Sheffield United Community Foundation L.F.C.,Q121045944,18,0,2,football club,,Q476028,,Sheffield United Community Foundation F.C. Women
Football League Centenary Touunamept,Sheffield United F.C. league record by opponent,Q7492770,18,0,2,,,,,Sheffield United F.C. league record by opponent
Football League Centenary Touunamept,Leeds United F.C.,Q1128631,18,0,2,"association football club in Leeds, England",Leeds United Football Club|Leeds United FC|Leeds United|Leeds United Association Football Club|Leeds United A.F.C.|Leeds United AFC|Leeds|United|The Peacocks|LUFC|L.U.F.C.|Leeds Utd|LeedsUnited,Q476028,,Leeds United F.C.
Football League Centenary Touunamept,Leeds United,Q1812080,18,0,2,single released by the English football team Leeds United AFC,,Q105543609,,Leeds United (song)
Football League Centenary Touunamept,Leeds United,Q27940435,18,0,2,1974 filmed television play,,Q7697093,,Leeds United!
Football League Centenary Touunamept,Leeds United L.F.C.,Q3106835,18,0,2,British women's association football team,Leeds United Ladies Football Club|Leeds Carnegie Ladies Football Club,Q28140340,,Leeds United W.F.C.
Football League Centenary Touunamept,Leeds United Champions,Q126184432,18,0,2,1992 video game,,Q7889,,
Football League Centenary Touunamept,Leeds United F.C. in European football,Q3519085,18,0,2,Wikimedia list article,,Q13406463,,Leeds United F.C. in European football
Football League Centenary Touunamept,history of Leeds United F.C.,Q10897006,18,0,2,aspect of history,Leeds United F.C. history,Q17524420,,History of Leeds United F.C.
Football League Centenary Touunamept,Leeds United Television,Q6516146,18,0,2,,,,,Leeds United Television
Football League Centenary Touunamept,Leeds United A.F.C.–Manchester United F.C. rivalry,Q2658538,18,0,2,football rivalry,,Q40434727,,Leeds United F.C.–Manchester United F.C. rivalry
Football League Centenary Touunamept,Leeds United F.C. Under-21s and Academy,Q6516136,18,0,2,Leeds United reserve squad,Leeds United A.F.C. Reserves and Youth Team,Q476028|Q134468886,,Leeds United F.C. Under-21s and Academy
association football,association football,Q2736,18,1,1,sport that is practiced between two teams of eleven players,football|soccer|footie|footy|futbol|futebol|association soccer|foot ball,Q31629|Q216048|Q212434|Q4356073|Q47728,Q877517,Association football
association football,association football player,Q937857,18,1,1,person who plays association football (soccer),football player|association footballer|footballer|soccer player|player|association soccer player,Q28640|Q12737077,Q117321337|Q18536342|Q116763437,
association football,goalkeeper,Q201330,18,1,1,position in association football,football goalkeeper|soccer goalkeeper|GK|goalie|goal keeper|keeper|association football goalkeeper,Q4611891,Q172964,Goalkeeper (association football)
association football,association football club,Q476028,18,1,1,sports club devoted to association football (soccer),football club|soccer club|association soccer club|FC|F.C.,,Q17270000|Q847017,Football club (association football)
association football,association football coach,Q628099,18,1,1,person doing training of association footballers (profession/occupation); for team position (head coach or manager) use Q136659823,soccer manager|football coach|football manager|coach|manager|soccer coach,Q28640,Q41583,Manager (association football)
association football,association football referee,Q859528,18,1,1,supervisor of a game of association football,soccer referee|football referee|association soccer referee,Q28640,Q202648|Q38088701|Q116763437,Referee (association football)
association football,association football team season,Q26887310,18,1,1,association football team during season,soccer team season|football team season,,Q1539532,
association football,association football club match,Q109623729,18,1,1,association football match between club teams,,,Q12166442,
association football,association football players who play in this club,Q56465024,18,1,1,Wikidata metaclass,footballers of this club|footballers who play in this club|footballers of this national team,Q19478619,Q937857|Q58840094,
association football,captain,Q715772,18,1,1,team captain of an association football team,skipper|association football captain,Q4611891,Q584540|Q937857,Captain (association football)
association football,Football League Centenary Tournament,Q3994738,18,1,2,football tournament season,,Q13406554,,Football League Centenary Tournament
1967 Torneio Robhrto Gomes Pedrosa,1967 Torneio Roberto Gomes Pedrosa,Q3994647,19,0,2,Brazilian football league season,,Q27020041,,1967 Campeonato Brasileiro Série A (Torneio Roberto Gomes Pedrosa)
association football,association football,Q2736,19,1,1,sport that is practiced between two teams of eleven players,football|soccer|footie|footy|futbol|futebol|association soccer|foot ball,Q31629|Q216048|Q212434|Q4356073|Q47728,Q877517,Association football
association football,association football player,Q937857,19,1,1,person who plays association football (soccer),football player|association footballer|footballer|soccer player|player|association soccer player,Q28640|Q12737077,Q117321337|Q18536342|Q116763437,
association football,goalkeeper,Q201330,19,1,1,position in association football,football goalkeeper|soccer goalkeeper|GK|goalie|goal keeper|keeper|association football goalkeeper,Q4611891,Q172964,Goalkeeper (association football)
association football,association football club,Q476028,19,1,1,sports club devoted to association football (soccer),football club|soccer club|association soccer club|FC|F.C.,,Q17270000|Q847017,Football club (association football)
association football,association football coach,Q628099,19,1,1,person doing training of association footballers (profession/occupation); for team position (head coach or manager) use Q136659823,soccer manager|football coach|football manager|coach|manager|soccer coach,Q28640,Q41583,Manager (association football)
association football,association football referee,Q859528,19,1,1,supervisor of a game of association football,soccer referee|football referee|association soccer referee,Q28640,Q202648|Q38088701|Q116763437,Referee (association football)
association football,association football team season,Q26887310,19,1,1,association football team during season,soccer team season|football team season,,Q1539532,
association football,association football club match,Q109623729,19,1,1,association football match between club teams,,,Q12166442,
association football,association football players who play in this club,Q56465024,19,1,1,Wikidata metaclass,footballers of this club|footballers who play in this club|footballers of this national team,Q19478619,Q937857|Q58840094,
association football,captain,Q715772,19,1,1,team captain of an association football team,skipper|association football captain,Q4611891,Q584540|Q937857,Captain (association football)
association football,American football,Q41323,19,1,2,form of team game played with an oval ball on a field marked out as a gridiron,gridiron football|football|American rules football,Q216048,Q1546270,American football
association football,Australian rules football,Q50776,19,1,2,contact sport invented in Melbourne,football|footy|Aussie rules|Australian football|Aussie rules football|AFL|VFL|Victorian rules|Victorian rules football,Q31629,Q1081491,Australian rules football
association football,Canadian football,Q248534,19,1,2,"Canadian sport in which opposing teams of twelve players attempt to score by advancing a ball by running, passing and kicking",football|gridiron football,Q2312410|Q216048,Q1546270,Canadian football
association football,Football,Q102309178,19,1,2,1986 video game,,Q7889,,Football (1986 video game)
association football,American football player,Q19204627,19,1,2,athlete who plays American football,American footballer|player of American football|footballer|football player,Q28640,Q14128148,
association football,Soccerdonna,Q41779610,19,1,2,multilingual website with a focus on women's football,,Q35127,,
association football,Soccer,Q2338283,19,1,2,1985 video game,NES Soccer|1985 Soccer,Q7889,,Soccer (1985 video game)
association football,midfielder,Q193592,19,1,2,association football position,MF|M|mid-fielder|soccer midfielder,Q4611891,Q937857,Midfielder
association football,Soccer,Q7550286,19,1,2,1991 video game,Football International|Game Boy Soccer|1991 Soccer,Q7889,,Soccer (1991 video game)
association football,forward,Q280658,19,1,2,association football position played near the opponent's goal,attacker|striker|FW|soccer forward|soccer attacker|soccer striker,Q4611891,Q3446915,Forward (association football)
Under-20 Four Nations Tournamet,Under-20 Four Nations Tournament,Q3994638,20,0,2,football tournament,,Q13406554|Q18608583,,Under-20 Four Nations Tournament
association football,association football,Q2736,20,1,1,sport that is practiced between two teams of eleven players,football|soccer|footie|footy|futbol|futebol|association soccer|foot ball,Q31629|Q216048|Q212434|Q4356073|Q47728,Q877517,Association football
association football,association football player,Q937857,20,1,1,person who plays association football (soccer),football player|association footballer|footballer|soccer player|player|association soccer player,Q28640|Q12737077,Q117321337|Q18536342|Q116763437,
association football,goalkeeper,Q201330,20,1,1,position in association football,football goalkeeper|soccer goalkeeper|GK|goalie|goal keeper|keeper|association football goalkeeper,Q4611891,Q172964,Goalkeeper (association football)
association football,association football club,Q476028,20,1,1,sports club devoted to association football (soccer),football club|soccer club|association soccer club|FC|F.C.,,Q17270000|Q847017,Football club (association football)
association football,association football coach,Q628099,20,1,1,person doing training of association footballers (profession/occupation); for team position (head coach or manager) use Q136659823,soccer manager|football coach|football manager|coach|manager|soccer coach,Q28640,Q41583,Manager (association football)
association football,association football referee,Q859528,20,1,1,supervisor of a game of association football,soccer referee|football referee|association soccer referee,Q28640,Q202648|Q38088701|Q116763437,Referee (association football)
association football,association football team season,Q26887310,20,1,1,association football team during season,soccer team season|football team season,,Q1539532,
association football,association football club match,Q109623729,20,1,1,association football match between club teams,,,Q12166442,
association football,association football players who play in this club,Q56465024,20,1,1,Wikidata metaclass,footballers of this club|footballers who play in this club|footballers of this national team,Q19478619,Q937857|Q58840094,
association football,captain,Q715772,20,1,1,team captain of an association football team,skipper|association football captain,Q4611891,Q584540|Q937857,Captain (association football)
association football,American football,Q41323,20,1,2,form of team game played with an oval ball on a field marked out as a gridiron,gridiron football|football|American rules football,Q216048,Q1546270,American football
association football,Australian rules football,Q50776,20,1,2,contact sport invented in Melbourne,football|footy|Aussie rules|Australian football|Aussie rules football|AFL|VFL|Victorian rules|Victorian rules football,Q31629,Q1081491,Australian rules football
association football,Canadian football,Q248534,20,1,2,"Canadian sport in which opposing teams of twelve players attempt to score by advancing a ball by running, passing and kicking",football|gridiron football,Q2312410|Q216048,Q1546270,Canadian football
association football,Football,Q102309178,20,1,2,1986 video game,,Q7889,,Football (1986 video game)
association football,American football player,Q19204627,20,1,2,athlete who plays American football,American footballer|player of American football|footballer|football player,Q28640,Q14128148,
association football,Soccerdonna,Q41779610,20,1,2,multilingual website with a focus on women's football,,Q35127,,
association football,Soccer,Q2338283,20,1,2,1985 video game,NES Soccer|1985 Soccer,Q7889,,Soccer (1985 video game)
association football,midfielder,Q193592,20,1,2,association football position,MF|M|mid-fielder|soccer midfielder,Q4611891,Q937857,Midfielder
association football,Soccer,Q7550286,20,1,2,1991 video game,Football International|Game Boy Soccer|1991 Soccer,Q7889,,Soccer (1991 video game)
association football,forward,Q280658,20,1,2,association football position played near the opponent's goal,attacker|striker|FW|soccer forward|soccer attacker|soccer striker,Q4611891,Q3446915,Forward (association football)
