data,candidates,QID,row,columns,quality,description,aliases,P31,P279,sitelink
Atlantis The Lost Empire,Atlantis The Lost Empire: Trial by Fire,Q3628240,0,0,1,2001 video game,,Q7889,,Atlantis: The Lost Empire – Trial by Fire
Atlantis The Lost Empire,Atlantis The Lost Empire: Search for the Journal,Q4816737,0,0,1,2001 video game,,Q7889,,Atlantis: The Lost Empire – Search for the Journal
Atlantis The Lost Empire,Atlantis,Q25373,0,0,2,mythological large island in Plato's dialogues,,Q129264|Q6949155|Q33513999|Q6619693,,Atlantis
Atlantis The Lost Empire,Atlantis,Q701529,0,0,2,German auxiliary cruiser,,Q1569963,,German auxiliary cruiser Atlantis
Atlantis The Lost Empire,Atlantis,Q5710888,0,0,2,genus of insects,,Q16521,,
Atlantis The Lost Empire,Atlantis,Q2869414,0,0,2,video game series,,Q7058673,,
Atlantis The Lost Empire,Atlantis,Q50744461,0,0,2,"taxon, subgenus of Laparocerus",,Q16521,,
Atlantis The Lost Empire,Atlantis,Q2869418,0,0,2,video game published in 1982,,Q7889,,Atlantis (video game)
Atlantis The Lost Empire,Atlantis,Q15784300,0,0,2,2013 studio album of Andrea Berg,,Q482994,,Atlantis (Andrea Berg album)
Atlantis The Lost Empire,Atlantis,Q65666397,0,0,2,Amstrad CPC Cass. ; 1985 Anirog Soft.,,Q7889,,
Atlantis The Lost Empire,Atlantis,Q54381,0,0,2,American Space Shuttle orbiter,Space Shuttle Atlantis|OV-104|OV104|Orbital Vehicle 104,Q1064394|Q9252000,,Space Shuttle Atlantis
Atlantis The Lost Empire,Atlantis: The Lost Tales,Q756646,0,0,2,1997 video game,,Q7889,,Atlantis: The Lost Tales
Atlantis The Lost Empire,The Monkey King,Q3222142,0,0,2,2001 American television mini-series directed by Peter MacDonald,The lost empire|Monkey King|the lost empire:Monkey King,Q1259759,,The Monkey King (miniseries)
Atlantis The Lost Empire,The Lost Empire,Q3988093,0,0,2,1985 film by Jim Wynorski,Lost Empire,Q11424,,The Lost Empire (1984 film)
Atlantis The Lost Empire,The Lost Empire,Q139972361,0,0,2,novel by Bob Byrd,,Q7725634,,
Atlantis The Lost Empire,The Lost Empire of Koomba,Q134702718,0,0,2,novel by Tony Abbott,,Q7725634,,
Atlantis The Lost Empire,"The Lost Empire; Or, Larry Hannon Carries On",Q133568742,0,0,2,1934 novel by Norton Hughes Jonathan,,Q7725634,,
Atlantis The Lost Empire,The Lost Empire,Q16884546,0,0,2,Wikimedia disambiguation page,,Q4167410,,The Lost Empire
Patrick Delage,Patrick Delage,Q3369375,0,2,1,French animator and film director,,Q5,,
Patrick Delage,Patrick Delage,Q66019806,0,2,1,French official,,Q5,,
Atlantis - Das Geheimnis der verlorenen Stadt,Atlantis - Das Geheimnis der verlorenen Stadt,Q27907544,0,3,1,German dubbing of Disney's Atlantis: The Lost Empire (2001),,Q26204053,,
Atlantis - Das Geheimnis der verlorenen Stadt,Atlantis: The Lost Empire,Q318975,0,3,1,2001 animated film directed by Gary Trousdale and Kirk Wise,,Q202866,,Atlantis: The Lost Empire
Atlantis - Das Geheimnis der verlorenen Stadt,Atlantis,Q25373,0,3,2,mythological large island in Plato's dialogues,,Q129264|Q6949155|Q33513999|Q6619693,,Atlantis
Atlantis - Das Geheimnis der verlorenen Stadt,Atlantis,Q701529,0,3,2,German auxiliary cruiser,,Q1569963,,German auxiliary cruiser Atlantis
Atlantis - Das Geheimnis der verlorenen Stadt,Atlantis,Q5710888,0,3,2,genus of insects,,Q16521,,
Atlantis - Das Geheimnis der verlorenen Stadt,Atlantis,Q2869414,0,3,2,video game series,,Q7058673,,
Atlantis - Das Geheimnis der verlorenen Stadt,Atlantis,Q50744461,0,3,2,"taxon, subgenus of Laparocerus",,Q16521,,
Atlantis - Das Geheimnis der verlorenen Stadt,Atlantis,Q2869418,0,3,2,video game published in 1982,,Q7889,,Atlantis (video game)
Atlantis - Das Geheimnis der verlorenen Stadt,Atlantis,Q15784300,0,3,2,2013 studio album of Andrea Berg,,Q482994,,Atlantis (Andrea Berg album)
Atlantis - Das Geheimnis der verlorenen Stadt,Atlantis,Q65666397,0,3,2,Amstrad CPC Cass. ; 1985 Anirog Soft.,,Q7889,,
Atlantis - Das Geheimnis der verlorenen Stadt,Atlantis,Q54381,0,3,2,American Space Shuttle orbiter,Space Shuttle Atlantis|OV-104|OV104|Orbital Vehicle 104,Q1064394|Q9252000,,Space Shuttle Atlantis
Atlantis - Das Geheimnis der verlorenen Stadt,Atlantis: The Lost Tales,Q756646,0,3,2,1997 video game,,Q7889,,Atlantis: The Lost Tales
Atlantis - Das Geheimnis der verlorenen Stadt,The Monkey King,Q3222142,0,3,2,2001 American television mini-series directed by Peter MacDonald,The lost empire|Monkey King|the lost empire:Monkey King,Q1259759,,The Monkey King (miniseries)
Atlantis - Das Geheimnis der verlorenen Stadt,The Lost Empire,Q3988093,0,3,2,1985 film by Jim Wynorski,Lost Empire,Q11424,,The Lost Empire (1984 film)
Atlantis - Das Geheimnis der verlorenen Stadt,The Lost Empire,Q139972361,0,3,2,novel by Bob Byrd,,Q7725634,,
Atlantis - Das Geheimnis der verlorenen Stadt,The Lost Empire of Koomba,Q134702718,0,3,2,novel by Tony Abbott,,Q7725634,,
Atlantis - Das Geheimnis der verlorenen Stadt,"The Lost Empire; Or, Larry Hannon Carries On",Q133568742,0,3,2,1934 novel by Norton Hughes Jonathan,,Q7725634,,
Atlantis - Das Geheimnis der verlorenen Stadt,The Lost Empire,Q16884546,0,3,2,Wikimedia disambiguation page,,Q4167410,,The Lost Empire
Atlantis - Das Geheimnis der verlorenen Stadt,Patrick Delage,Q3369375,0,3,2,French animator and film director,,Q5,,
Atlantis - Das Geheimnis der verlorenen Stadt,Patrick Delage,Q66019806,0,3,2,French official,,Q5,,
Asterix Conquers Amerlca,Asterix Conquers America,Q704708,1,0,2,1994 film,Asterix in America,Q202866,,Asterix Conquers America
Asterix Conquers Amerlca,Asterix Conquers America,Q50822822,1,0,2,English dubbing of the film by Gerhard Hahn,,Q26204053,,
Asterix Conquers Amerlca,Asterix and the Great Crossing,Q1218560,1,0,2,comic book album,,Q2831984,,Asterix and the Great Crossing
Albert Uderzo,Albert Uderzo,Q206685,1,1,1,French comic book artist (1927–2020),Uderzo|Al Uderzo|Alberto Aleandro Uderzo,Q5,,Albert Uderzo
Albert Uderzo,Asterix,Q42490,1,1,1,series of French comic books,The Adventures of Asterix,Q14406742,,Asterix
Albert Uderzo,"Albert Uderzo, 92, Co-Creator of French Comic Series Asterix, Dies",Q123551263,1,1,1,"The New York Times article (March 25, 2020)",,Q309481,,
Albert Uderzo,Albert Uderzo ha muerto,Q97395612,1,1,1,,,Q17633526,,
Bill Speers,Bill Speers,Q95899458,1,2,1,,,Q5,,
Bill Speers,Albert Uderzo,Q206685,1,2,2,French comic book artist (1927–2020),Uderzo|Al Uderzo|Alberto Aleandro Uderzo,Q5,,Albert Uderzo
Bill Speers,Asterix,Q42490,1,2,2,series of French comic books,The Adventures of Asterix,Q14406742,,Asterix
Bill Speers,"Albert Uderzo, 92, Co-Creator of French Comic Series Asterix, Dies",Q123551263,1,2,2,"The New York Times article (March 25, 2020)",,Q309481,,
Bill Speers,Albert Uderzo ha muerto,Q97395612,1,2,2,,,Q17633526,,
Asterix Conquers America,Asterix Conquers America,Q704708,1,3,1,1994 film,Asterix in America,Q202866,,Asterix Conquers America
Asterix Conquers America,Asterix Conquers America,Q50822822,1,3,1,English dubbing of the film by Gerhard Hahn,,Q26204053,,
Asterix Conquers America,Albert Uderzo,Q206685,1,3,2,French comic book artist (1927–2020),Uderzo|Al Uderzo|Alberto Aleandro Uderzo,Q5,,Albert Uderzo
Asterix Conquers America,Asterix,Q42490,1,3,2,series of French comic books,The Adventures of Asterix,Q14406742,,Asterix
Asterix Conquers America,"Albert Uderzo, 92, Co-Creator of French Comic Series Asterix, Dies",Q123551263,1,3,2,"The New York Times article (March 25, 2020)",,Q309481,,
Asterix Conquers America,Albert Uderzo ha muerto,Q97395612,1,3,2,,,Q17633526,,
Asterix Conquers America,Bill Speers,Q95899458,1,3,2,,,Q5,,
Peter Paq,Peter Paquet,Q138982696,2,0,1,,,Q5,,
Peter Paq,Peter Pan,Q107190,2,0,2,fictional character created by J. M. Barrie,Peter Banning|The Boy Who Wouldn't Grow Up,Q15632617|Q3658341|Q15773347|Q15773317,,Peter Pan (character)
Peter Paq,Peter Pan,Q65672905,2,0,2,Commodore Amiga Soft. ; 1988 Coktel Vision,,Q7889,,
Peter Paq,Peter Pan,Q3900906,2,0,2,1991 album by Enrico Ruggeri,,Q482994,,
Peter Paq,Peter Pan,Q110878663,2,0,2,(1903-1990) actor,,Q5,,
Peter Paq,Kurt Tucholsky,Q57386,2,0,2,"Jewish-German journalist, satirist and writer (1890–1935)",Kaspar Hauser|Peter Panter|Theobald Tiger|Ignaz Wrobel|Paulus Bünzly|Theobald Körner,Q5,,Kurt Tucholsky
Peter Paq,Peter Pan,Q1266422,2,0,2,German cabaret artist (1909-1976),Alfred Nathan,Q5,,
Peter Paq,IMO 9217242,Q1712123,2,0,2,RoPax ferry,Peter Pan|Tinker Bell,Q1760328,,
Peter Paq,Peter Pan,Q107377031,2,0,2,1984 video game,,Q7889,,Peter Pan (video game)
Peter Paq,Peter Pan,Q270470,2,0,2,1953 animated fantasy-adventure film by Disney,,Q11424|Q202866,,Peter Pan (1953 film)
Peter Paq,Peter Pan,Q3435337,2,0,2,play and novel by James Matthew Barrie,"Peter and Wendy|Peter Pan; or, the Boy Who Wouldn't Grow Up",Q7725634,,Peter Pan (play and novel)
Peter Paq,J. M. Barrie,Q81796,2,0,2,Scottish writer and playwright (1860–1937),"James Matthew Barrie|J.M. Barrie|Sir James Matthew Barrie, 1st Baronet|James Barrie|JM Barrie|James M. Barrie",Q5,,J. M. Barrie
Peter Paq,J. M. Barrie,Q63893888,2,0,2,"musical character in the musical Finding Neverland by Gary Barlow; the creator of Peter Pan, a Scottish playwright who still has a child inside of him.",,Q15632617|Q63975020,,
Peter Paq,J. M. Barrie's St Bernard Glen ('Porthos'),Q119852058,2,0,2,"painting by unknown artist, National Trust for Scotland, J. M. Barrie's Birthplace",,Q3305213,,
Peter Paq,Wash House,Q17777891,2,0,2,"wash house of 9 Brechin Road, Kirriemuir, the birthplace of J. M. Barrie, used by him as his ""Little Theatre"" in his youth","Barrie's Little Theatre|Barrie's First Theatre|Wash House, 9 Brechin Road, Kirriemuir",Q1690211|Q24354,,
J. M. Barrie,J. M. Barrie,Q81796,2,1,1,Scottish writer and playwright (1860–1937),"James Matthew Barrie|J.M. Barrie|Sir James Matthew Barrie, 1st Baronet|James Barrie|JM Barrie|James M. Barrie",Q5,,J. M. Barrie
J. M. Barrie,J. M. Barrie,Q63893888,2,1,1,"musical character in the musical Finding Neverland by Gary Barlow; the creator of Peter Pan, a Scottish playwright who still has a child inside of him.",,Q15632617|Q63975020,,
J. M. Barrie,J. M. Barrie's St Bernard Glen ('Porthos'),Q119852058,2,1,1,"painting by unknown artist, National Trust for Scotland, J. M. Barrie's Birthplace",,Q3305213,,
J. M. Barrie,Wash House,Q17777891,2,1,1,"wash house of 9 Brechin Road, Kirriemuir, the birthplace of J. M. Barrie, used by him as his ""Little Theatre"" in his youth","Barrie's Little Theatre|Barrie's First Theatre|Wash House, 9 Brechin Road, Kirriemuir",Q1690211|Q24354,,
J. M. Barrie,Peter Pan,Q107190,2,1,2,fictional character created by J. M. Barrie,Peter Banning|The Boy Who Wouldn't Grow Up,Q15632617|Q3658341|Q15773347|Q15773317,,Peter Pan (character)
J. M. Barrie,Peter Pan,Q65672905,2,1,2,Commodore Amiga Soft. ; 1988 Coktel Vision,,Q7889,,
J. M. Barrie,Peter Pan,Q3900906,2,1,2,1991 album by Enrico Ruggeri,,Q482994,,
J. M. Barrie,Peter Pan,Q110878663,2,1,2,(1903-1990) actor,,Q5,,
J. M. Barrie,Kurt Tucholsky,Q57386,2,1,2,"Jewish-German journalist, satirist and writer (1890–1935)",Kaspar Hauser|Peter Panter|Theobald Tiger|Ignaz Wrobel|Paulus Bünzly|Theobald Körner,Q5,,Kurt Tucholsky
J. M. Barrie,Peter Pan,Q1266422,2,1,2,German cabaret artist (1909-1976),Alfred Nathan,Q5,,
J. M. Barrie,IMO 9217242,Q1712123,2,1,2,RoPax ferry,Peter Pan|Tinker Bell,Q1760328,,
J. M. Barrie,Peter Pan,Q107377031,2,1,2,1984 video game,,Q7889,,Peter Pan (video game)
J. M. Barrie,Peter Pan,Q270470,2,1,2,1953 animated fantasy-adventure film by Disney,,Q11424|Q202866,,Peter Pan (1953 film)
J. M. Barrie,Peter Pan,Q3435337,2,1,2,play and novel by James Matthew Barrie,"Peter and Wendy|Peter Pan; or, the Boy Who Wouldn't Grow Up",Q7725634,,Peter Pan (play and novel)
Norm Ferguson,Norm Ferguson,Q280187,2,2,1,American animator (1902–1957),William Norman Ferguson,Q5,,Norm Ferguson (animator)
Norm Ferguson,Norm Ferguson,Q3343699,2,2,1,Canadian ice hockey player,Norman Gerard Ferguson,Q5,,Norm Ferguson (ice hockey)
Norm Ferguson,Norm Ferguson,Q138032471,2,2,1,Canadian political candidate from Nova Scotia,,Q5,,
Norm Ferguson,Norm Ferguson,Q95985087,2,2,1,Wikimedia disambiguation page,,Q4167410,,
Norm Ferguson,J. M. Barrie,Q81796,2,2,2,Scottish writer and playwright (1860–1937),"James Matthew Barrie|J.M. Barrie|Sir James Matthew Barrie, 1st Baronet|James Barrie|JM Barrie|James M. Barrie",Q5,,J. M. Barrie
Norm Ferguson,J. M. Barrie,Q63893888,2,2,2,"musical character in the musical Finding Neverland by Gary Barlow; the creator of Peter Pan, a Scottish playwright who still has a child inside of him.",,Q15632617|Q63975020,,
Norm Ferguson,J. M. Barrie's St Bernard Glen ('Porthos'),Q119852058,2,2,2,"painting by unknown artist, National Trust for Scotland, J. M. Barrie's Birthplace",,Q3305213,,
Norm Ferguson,Wash House,Q17777891,2,2,2,"wash house of 9 Brechin Road, Kirriemuir, the birthplace of J. M. Barrie, used by him as his ""Little Theatre"" in his youth","Barrie's Little Theatre|Barrie's First Theatre|Wash House, 9 Brechin Road, Kirriemuir",Q1690211|Q24354,,
Peter Pan,Peter Pan,Q107190,2,3,1,fictional character created by J. M. Barrie,Peter Banning|The Boy Who Wouldn't Grow Up,Q15632617|Q3658341|Q15773347|Q15773317,,Peter Pan (character)
Peter Pan,Peter Pan,Q65672905,2,3,1,Commodore Amiga Soft. ; 1988 Coktel Vision,,Q7889,,
Peter Pan,Peter Pan,Q3900906,2,3,1,1991 album by Enrico Ruggeri,,Q482994,,
Peter Pan,Peter Pan,Q110878663,2,3,1,(1903-1990) actor,,Q5,,
Peter Pan,Kurt Tucholsky,Q57386,2,3,1,"Jewish-German journalist, satirist and writer (1890–1935)",Kaspar Hauser|Peter Panter|Theobald Tiger|Ignaz Wrobel|Paulus Bünzly|Theobald Körner,Q5,,Kurt Tucholsky
Peter Pan,Peter Pan,Q1266422,2,3,1,German cabaret artist (1909-1976),Alfred Nathan,Q5,,
Peter Pan,IMO 9217242,Q1712123,2,3,1,RoPax ferry,Peter Pan|Tinker Bell,Q1760328,,
Peter Pan,Peter Pan,Q107377031,2,3,1,1984 video game,,Q7889,,Peter Pan (video game)
Peter Pan,Peter Pan,Q270470,2,3,1,1953 animated fantasy-adventure film by Disney,,Q11424|Q202866,,Peter Pan (1953 film)
Peter Pan,Peter Pan,Q3435337,2,3,1,play and novel by James Matthew Barrie,"Peter and Wendy|Peter Pan; or, the Boy Who Wouldn't Grow Up",Q7725634,,Peter Pan (play and novel)
Peter Pan,J. M. Barrie,Q81796,2,3,2,Scottish writer and playwright (1860–1937),"James Matthew Barrie|J.M. Barrie|Sir James Matthew Barrie, 1st Baronet|James Barrie|JM Barrie|James M. Barrie",Q5,,J. M. Barrie
Peter Pan,J. M. Barrie,Q63893888,2,3,2,"musical character in the musical Finding Neverland by Gary Barlow; the creator of Peter Pan, a Scottish playwright who still has a child inside of him.",,Q15632617|Q63975020,,
Peter Pan,J. M. Barrie's St Bernard Glen ('Porthos'),Q119852058,2,3,2,"painting by unknown artist, National Trust for Scotland, J. M. Barrie's Birthplace",,Q3305213,,
Peter Pan,Wash House,Q17777891,2,3,2,"wash house of 9 Brechin Road, Kirriemuir, the birthplace of J. M. Barrie, used by him as his ""Little Theatre"" in his youth","Barrie's Little Theatre|Barrie's First Theatre|Wash House, 9 Brechin Road, Kirriemuir",Q1690211|Q24354,,
Peter Pan,Norm Ferguson,Q280187,2,3,2,American animator (1902–1957),William Norman Ferguson,Q5,,Norm Ferguson (animator)
Peter Pan,Norm Ferguson,Q3343699,2,3,2,Canadian ice hockey player,Norman Gerard Ferguson,Q5,,Norm Ferguson (ice hockey)
Peter Pan,Norm Ferguson,Q138032471,2,3,2,Canadian political candidate from Nova Scotia,,Q5,,
Peter Pan,Norm Ferguson,Q95985087,2,3,2,Wikimedia disambiguation page,,Q4167410,,
umbo,shield boss,Q721086,3,0,1,part of shield,umbo|boss,Q13196193,Q111468217|Q1229071,Shield boss
umbo,Otto Maximilian Umbehr,Q68231,3,0,1,German photographer and journalist (1902-1980),Umbo|Otto Umbehr|Otto Massimiliano Umber,Q5,,Otto Umbehr
umbo,Umbonula,Q4180187,3,0,1,genus of bryozoans,,Q16521,,Umbonula
umbo,Umbonia,Q10709102,3,0,1,genus of insects,,Q16521,,Umbonia
umbo,Umbonium,Q7881356,3,0,1,genus of molluscs,,Q16521,,Umbonium
umbo,umbo,Q4003513,3,0,1,highest part of each valve of the shell of a bivalve or univalve mollusk,,Q2910873,,Umbo (bivalve)
umbo,Umbonulidae,Q4182510,3,0,1,family of bryozoans,,Q310890,,Umbonulidae
umbo,Umbonichiton,Q10709122,3,0,1,genus of insects,,Q16521,,
umbo,umbo of tympanic membrane,Q7881349,3,0,1,region of tympanic membrane,umbo,Q113147341,Q66553450,Umbo of tympanic membrane
umbo,Umbonia crassicornis,Q7881355,3,0,1,species of insect,epañol,Q16521,,Umbonia crassicornis
umbo,Dumbo,Q27688828,3,0,2,protagonist from Disney's Dumbo,Dumbo (Disney)|Jumbo Jr.,Q24577122|Q15711870,,
umbo,Dumbo,Q40895,3,0,2,1941 animated film directed by Ben Sharpsteen,,Q202866,,Dumbo
umbo,Dumbo,Q136525616,3,0,2,"2017 original song written by Vianney Bureau, and performed by Vianney",,Q105543609,,
umbo,Dumbo,Q136525641,3,0,2,vocal track by Vianney; 2016 studio recording,,Q55850593,,
umbo,Dumbo,Q1264951,3,0,2,"neighborhood of Brooklyn in New York City, United States","Down Under the Manhattan Bridge Overpass|Dumbo, Brooklyn|DUMBO",Q61298320,,"Dumbo, Brooklyn"
umbo,Dumbo,Q24284798,3,0,2,2019 film directed by Tim Burton,,Q11424,,Dumbo (2019 film)
umbo,Walt Disney's Dumbo,Q27074247,3,0,2,"1957 soundtrack album by Ned Washington, Frank Churchill and Oliver Wallace",Dumbo,Q482994,,
umbo,Dumbo,Q2750318,3,0,2,fictional elephant by Helen Aberson,,Q3658341|Q24577122,,
umbo,Dumbo Raya,Q19725501,3,0,2,"district in Gorontalo City, Gorontalo Province, Indonesia",Dumbo Raya District,Q3700011,,Dumbo Raya
umbo,Dumbo,Q100159046,3,0,2,fictional character from the 1987–1996 Teenage Mutant Ninja Turtles animated television series,1987 Dumbo|Short Fat Punk|Bald Punk|1987 Short Fat Punk|1987 Bald Punk,Q73502689|Q73755406|Q15632617|Q15773317|Q15711870,,
Helen Aberson,Helen Aberson,Q3129587,3,1,1,American writer (1907–1999),Helen Aberson-Meyer|Helen Aberson-Mayer|Helen Pearl,Q5,,Helen Aberson-Mayer
Andy Engman,Andy Engman,Q2849103,3,2,1,American animator (1911-2004),John Engman|Andrew Engman,Q5,,Andy Engman
Dumbo,Dumbo,Q27688828,3,3,1,protagonist from Disney's Dumbo,Dumbo (Disney)|Jumbo Jr.,Q24577122|Q15711870,,
Dumbo,Dumbo,Q40895,3,3,1,1941 animated film directed by Ben Sharpsteen,,Q202866,,Dumbo
Dumbo,Dumbo,Q136525616,3,3,1,"2017 original song written by Vianney Bureau, and performed by Vianney",,Q105543609,,
Dumbo,Dumbo,Q136525641,3,3,1,vocal track by Vianney; 2016 studio recording,,Q55850593,,
Dumbo,Dumbo,Q1264951,3,3,1,"neighborhood of Brooklyn in New York City, United States","Down Under the Manhattan Bridge Overpass|Dumbo, Brooklyn|DUMBO",Q61298320,,"Dumbo, Brooklyn"
Dumbo,Dumbo,Q24284798,3,3,1,2019 film directed by Tim Burton,,Q11424,,Dumbo (2019 film)
Dumbo,Walt Disney's Dumbo,Q27074247,3,3,1,"1957 soundtrack album by Ned Washington, Frank Churchill and Oliver Wallace",Dumbo,Q482994,,
Dumbo,Dumbo,Q2750318,3,3,1,fictional elephant by Helen Aberson,,Q3658341|Q24577122,,
Dumbo,Dumbo Raya,Q19725501,3,3,1,"district in Gorontalo City, Gorontalo Province, Indonesia",Dumbo Raya District,Q3700011,,Dumbo Raya
Dumbo,Dumbo,Q100159046,3,3,1,fictional character from the 1987–1996 Teenage Mutant Ninja Turtles animated television series,1987 Dumbo|Short Fat Punk|Bald Punk|1987 Short Fat Punk|1987 Bald Punk,Q73502689|Q73755406|Q15632617|Q15773317|Q15711870,,
Dumbo,Helen Aberson,Q3129587,3,3,2,American writer (1907–1999),Helen Aberson-Meyer|Helen Aberson-Mayer|Helen Pearl,Q5,,Helen Aberson-Mayer
Dumbo,Andy Engman,Q2849103,3,3,2,American animator (1911-2004),John Engman|Andrew Engman,Q5,,Andy Engman
The Hunchbadk of Notre Dame,Victor Hugo,Q535,4,0,2,"French novelist, poet, dramatist and politician (1802–1885)",Homme océan|Ocean Man,Q5,,Victor Hugo
The Hunchbadk of Notre Dame,Victor Hugo,Q1459231,4,0,2,Paris Métro station,,Q928830|Q22808403,,Victor Hugo station
The Hunchbadk of Notre Dame,Victor Hugo,Q55714009,4,0,2,male given name,,Q12308941|Q1243157,,
The Hunchbadk of Notre Dame,Victor Hugo,Q3557372,4,0,2,Leon Gambetta-class armoured cruiser,,Q847478,,French cruiser Victor Hugo
The Hunchbadk of Notre Dame,Victor Hugo,Q111292834,4,0,2,,,Q5,,
The Hunchbadk of Notre Dame,Victor Hugo,Q116197974,4,0,2,French painter,Victor Hugo (1883-1956)|Victor Adolphe Hugo,Q5,,
The Hunchbadk of Notre Dame,Victor Hugo,Q108816232,4,0,2,Venezuelan salsa singer,,Q5,,
The Hunchbadk of Notre Dame,Víctor Hugo,Q56817501,4,0,2,male given name,,Q12308941|Q1243157,,
The Hunchbadk of Notre Dame,Victor H. Valiati,Q21390349,4,0,2,Brazilian mammalogist,Victor Hugo Valiati|V. H. Valiati,Q5,,
The Hunchbadk of Notre Dame,Victor Hugo,Q401446,4,0,2,Wikimedia disambiguation page,,Q22808320,,Victor Hugo (disambiguation)
The Hunchbadk of Notre Dame,Notre-Dame de Paris,Q2981,4,0,2,cathedral in Paris,Cathedral Notre Dame de Paris|Notre Dame cathedral|Notre Dame de Paris|Cathedral Basilica of Our Lady of Paris,Q56242215|Q120560|Q317557,,Notre-Dame de Paris
The Hunchbadk of Notre Dame,Mary,Q345,4,0,2,mother of Jesus Christ,"St Mary the Virgin|Madonna|The Blessed Virgin Mary|Queen of the Universe|Saint Mary|God-Bearer|Maria|Miriam|Mother of God|Blessed Virgin|Our Lady|Virgin God-Bearer|Holy Mary|Mary the Virgin|Holy Virgin|Mary, mother of Jesus|Mīryām|Blessed Virgin Mary|Most Blessed|Blessed Mother|Immaculate Mary|The Blessed Virgin|Maryam|Mother of Jesus|The Madonna|Mary, Mother of our Lord|The Blessed Mother|Notre Dame|the Virgin Mary|Theotokos|Virgin Mary",Q20643955|Q5,,"Mary, mother of Jesus"
The Hunchbadk of Notre Dame,Notre Dame,Q746071,4,0,2,"census-designated place in St. Joseph County, Indiana, United States","Notre Dame, Indiana|Notre Dame, IN",Q498162,,"Notre Dame, Indiana"
The Hunchbadk of Notre Dame,University of Notre Dame,Q178848,4,0,2,"Catholic university located in Notre Dame, Indiana, United States","University of Notre Dame du Lac|University of Notre Dame, South Bend|Notre Dame University|Notre Dame",Q902104|Q23002054|Q557206|Q96888669|Q45400320,,University of Notre Dame
The Hunchbadk of Notre Dame,Notre-Dame,Q3344659,4,0,2,"former municipality in Quebec, Canada, merged into Brossard",Notre-Dame-du-Sacre-Coeur|Notre-Dame-du-Sacré-Cœur,Q28203007|Q27676428|Q27676428|Q19730508,,Notre-Dame-du-Sacré-Cœur
The Hunchbadk of Notre Dame,Notre-Dame-de-Monts,Q1413572,4,0,2,"commune in Vendée, France",Notre-Dame de Monts,Q484170,,Notre-Dame-de-Monts
The Hunchbadk of Notre Dame,Notre-Dame-des-Landes,Q733497,4,0,2,"commune in Loire-Atlantique, France",Notre-Dame des Landes,Q484170,,Notre-Dame-des-Landes
The Hunchbadk of Notre Dame,Notre-Dame-de-l'Isle,Q1073051,4,0,2,"commune in Eure, France",Notre-Dame de l'Isle,Q484170,,Notre-Dame-de-l'Isle
The Hunchbadk of Notre Dame,Notre-Dame-de-Bellecombe,Q819065,4,0,2,"commune in Savoie, France",Notre-Dame de Bellecombe,Q484170|Q130003,,Notre-Dame-de-Bellecombe
The Hunchbadk of Notre Dame,Notre-Dame-de-Commiers,Q1155557,4,0,2,"commune in Isère, France",Notre-Dame de Commiers,Q484170,,Notre-Dame-de-Commiers
The Hunchbadk of Notre Dame,The Hunchback of Notre Dame,Q213787,4,0,2,1996 animated film directed by Gary Trousdale and Kirk Wise,Hunchback of Notre Dame|The Bells of Notre Dame,Q202866,,The Hunchback of Notre Dame (1996 film)
The Hunchbadk of Notre Dame,The Hunchback of Notre Dame,Q191380,4,0,2,novel by Victor Hugo,The Hunchback of Notre-Dame|Notre-Dame de Paris,Q7725634,,The Hunchback of Notre-Dame
The Hunchbadk of Notre Dame,The Hunchback of Notre Dame,Q1193924,4,0,2,1939 film by William Dieterle,Hunchback of Notre Dame,Q11424,,The Hunchback of Notre Dame (1939 film)
The Hunchbadk of Notre Dame,The Hunchback of Notre Dame,Q1164043,4,0,2,1999 musical,,Q58483083,,The Hunchback of Notre Dame (musical)
The Hunchbadk of Notre Dame,The Hunchback of Notre Dame,Q1193923,4,0,2,1956 film by Jean Delannoy,Hunchback of Notre Dame|Notre-Dame de Paris,Q11424,,The Hunchback of Notre Dame (1956 film)
The Hunchbadk of Notre Dame,The Hunchback of Notre Dame,Q288425,4,0,2,1923 film directed by Wallace Worsley,Hunchback of Notre Dame,Q11424,,The Hunchback of Notre Dame (1923 film)
The Hunchbadk of Notre Dame,The Hunchback of Notre Dame,Q7740945,4,0,2,1911 film by Albert Capellani,Hunchback of Notre Dame,Q24862,,The Hunchback of Notre Dame (1911 film)
The Hunchbadk of Notre Dame,The Hunchback of Notre-Dame,Q378748,4,0,2,1982 film directed by Michael Tuchner,Hunchback of Notre-Dame|The Hunchback of Notre Dame,Q506240,,The Hunchback of Notre Dame (1982 film)
The Hunchbadk of Notre Dame,The Hunchback of Notre Dame,Q7740963,4,0,2,1986 film directed by Geoff Collins,Hunchback of Notre Dame,Q11424,,The Hunchback of Notre Dame (1986 film)
The Hunchbadk of Notre Dame,The Hunchback of Notre Dame,Q7740949,4,0,2,1976 television film directed by Alan Cooke,Hunchback of Notre Dame,Q506240,,The Hunchback of Notre Dame (1976 film)
The Hunchbadk of Notre Dame,Der Glöckner von Notre Dame,Q27837192,4,0,2,German dubbing of Disney's The Hunchback of Notre Dame,,Q26204053,,
The Hunchbadk of Notre Dame,The Hunchback,Q260008,4,0,2,1997 television film directed by Peter Medak,Hunchback,Q506240,,The Hunchback (1997 film)
The Hunchbadk of Notre Dame,Der Glöckner von Notre-Dame. Oper in vier Akten,Q126499104,4,0,2,performing arts production of the Theater Basel during the season 1860-1861,,Q43099500,,
The Hunchbadk of Notre Dame,Der Glöckner von Notre-Dame. Oper in vier Akten,Q126499395,4,0,2,performing arts production of the Theater Basel during the season 1851-1852,,Q43099500,,
Victor Hugo,Victor Hugo,Q535,4,1,1,"French novelist, poet, dramatist and politician (1802–1885)",Homme océan|Ocean Man,Q5,,Victor Hugo
Victor Hugo,Victor Hugo,Q1459231,4,1,1,Paris Métro station,,Q928830|Q22808403,,Victor Hugo station
Victor Hugo,Victor Hugo,Q55714009,4,1,1,male given name,,Q12308941|Q1243157,,
Victor Hugo,Victor Hugo,Q3557372,4,1,1,Leon Gambetta-class armoured cruiser,,Q847478,,French cruiser Victor Hugo
Victor Hugo,Victor Hugo,Q111292834,4,1,1,,,Q5,,
Victor Hugo,Victor Hugo,Q116197974,4,1,1,French painter,Victor Hugo (1883-1956)|Victor Adolphe Hugo,Q5,,
Victor Hugo,Victor Hugo,Q108816232,4,1,1,Venezuelan salsa singer,,Q5,,
Victor Hugo,Víctor Hugo,Q56817501,4,1,1,male given name,,Q12308941|Q1243157,,
Victor Hugo,Victor H. Valiati,Q21390349,4,1,1,Brazilian mammalogist,Victor Hugo Valiati|V. H. Valiati,Q5,,
Victor Hugo,Victor Hugo,Q401446,4,1,1,Wikimedia disambiguation page,,Q22808320,,Victor Hugo (disambiguation)
Victor Hugo,Notre-Dame de Paris,Q2981,4,1,2,cathedral in Paris,Cathedral Notre Dame de Paris|Notre Dame cathedral|Notre Dame de Paris|Cathedral Basilica of Our Lady of Paris,Q56242215|Q120560|Q317557,,Notre-Dame de Paris
Victor Hugo,Mary,Q345,4,1,2,mother of Jesus Christ,"St Mary the Virgin|Madonna|The Blessed Virgin Mary|Queen of the Universe|Saint Mary|God-Bearer|Maria|Miriam|Mother of God|Blessed Virgin|Our Lady|Virgin God-Bearer|Holy Mary|Mary the Virgin|Holy Virgin|Mary, mother of Jesus|Mīryām|Blessed Virgin Mary|Most Blessed|Blessed Mother|Immaculate Mary|The Blessed Virgin|Maryam|Mother of Jesus|The Madonna|Mary, Mother of our Lord|The Blessed Mother|Notre Dame|the Virgin Mary|Theotokos|Virgin Mary",Q20643955|Q5,,"Mary, mother of Jesus"
Victor Hugo,Notre Dame,Q746071,4,1,2,"census-designated place in St. Joseph County, Indiana, United States","Notre Dame, Indiana|Notre Dame, IN",Q498162,,"Notre Dame, Indiana"
Victor Hugo,University of Notre Dame,Q178848,4,1,2,"Catholic university located in Notre Dame, Indiana, United States","University of Notre Dame du Lac|University of Notre Dame, South Bend|Notre Dame University|Notre Dame",Q902104|Q23002054|Q557206|Q96888669|Q45400320,,University of Notre Dame
Victor Hugo,Notre-Dame,Q3344659,4,1,2,"former municipality in Quebec, Canada, merged into Brossard",Notre-Dame-du-Sacre-Coeur|Notre-Dame-du-Sacré-Cœur,Q28203007|Q27676428|Q27676428|Q19730508,,Notre-Dame-du-Sacré-Cœur
Victor Hugo,Notre-Dame-de-Monts,Q1413572,4,1,2,"commune in Vendée, France",Notre-Dame de Monts,Q484170,,Notre-Dame-de-Monts
Victor Hugo,Notre-Dame-des-Landes,Q733497,4,1,2,"commune in Loire-Atlantique, France",Notre-Dame des Landes,Q484170,,Notre-Dame-des-Landes
Victor Hugo,Notre-Dame-de-l'Isle,Q1073051,4,1,2,"commune in Eure, France",Notre-Dame de l'Isle,Q484170,,Notre-Dame-de-l'Isle
Victor Hugo,Notre-Dame-de-Bellecombe,Q819065,4,1,2,"commune in Savoie, France",Notre-Dame de Bellecombe,Q484170|Q130003,,Notre-Dame-de-Bellecombe
Victor Hugo,Notre-Dame-de-Commiers,Q1155557,4,1,2,"commune in Isère, France",Notre-Dame de Commiers,Q484170,,Notre-Dame-de-Commiers
Victor Hugo,The Hunchback of Notre Dame,Q213787,4,1,2,1996 animated film directed by Gary Trousdale and Kirk Wise,Hunchback of Notre Dame|The Bells of Notre Dame,Q202866,,The Hunchback of Notre Dame (1996 film)
Victor Hugo,The Hunchback of Notre Dame,Q1193924,4,1,2,1939 film by William Dieterle,Hunchback of Notre Dame,Q11424,,The Hunchback of Notre Dame (1939 film)
Victor Hugo,The Hunchback of Notre Dame,Q1193923,4,1,2,1956 film by Jean Delannoy,Hunchback of Notre Dame|Notre-Dame de Paris,Q11424,,The Hunchback of Notre Dame (1956 film)
Victor Hugo,The Hunchback of Notre Dame,Q288425,4,1,2,1923 film directed by Wallace Worsley,Hunchback of Notre Dame,Q11424,,The Hunchback of Notre Dame (1923 film)
Victor Hugo,The Hunchback of Notre Dame,Q7740945,4,1,2,1911 film by Albert Capellani,Hunchback of Notre Dame,Q24862,,The Hunchback of Notre Dame (1911 film)
Victor Hugo,The Hunchback of Notre-Dame,Q378748,4,1,2,1982 film directed by Michael Tuchner,Hunchback of Notre-Dame|The Hunchback of Notre Dame,Q506240,,The Hunchback of Notre Dame (1982 film)
Victor Hugo,The Hunchback of Notre Dame,Q7740963,4,1,2,1986 film directed by Geoff Collins,Hunchback of Notre Dame,Q11424,,The Hunchback of Notre Dame (1986 film)
Victor Hugo,The Hunchback of Notre Dame,Q7740949,4,1,2,1976 television film directed by Alan Cooke,Hunchback of Notre Dame,Q506240,,The Hunchback of Notre Dame (1976 film)
Victor Hugo,The Hunchback of Notre Dame: Topsy Turvy Games,Q18150856,4,1,2,1996 video game,Topsy Turvy Games|Disney's The Hunchback of Notre Dame: Topsy Turvy Games|Hunchback of Notre Dame: Topsy Turvy Games|Disney's The Hunchback of Notre Dame: 5 Foolishly Fun Topsy Turvy Games|The Hunchback of Notre Dame: 5 Foolishly Fun Topsy Turvy Games|5 Foolishly Fun Topsy Turvy Games,Q7889,,The Hunchback of Notre Dame: Topsy Turvy Games
Victor Hugo,The Hunchback of Notre Dame,Q20874801,4,1,2,Disney franchise,Hunchback of Notre Dame|Disney's The Hunchback of Notre Dame|Disney's Hunchback of Notre Dame|The Hunchback of Notre Dame franchise|Hunchback of Notre Dame franchise,Q196600,,The Hunchback of Notre Dame (franchise)
Victor Hugo,The Hunchback of Notre Dame,Q191380,4,1,2,novel by Victor Hugo,The Hunchback of Notre-Dame|Notre-Dame de Paris,Q7725634,,The Hunchback of Notre-Dame
Victor Hugo,The Hunchback of Notre Dame,Q1164043,4,1,2,1999 musical,,Q58483083,,The Hunchback of Notre Dame (musical)
Victor Hugo,Der Glöckner von Notre Dame,Q27837192,4,1,2,German dubbing of Disney's The Hunchback of Notre Dame,,Q26204053,,
Victor Hugo,The Hunchback,Q260008,4,1,2,1997 television film directed by Peter Medak,Hunchback,Q506240,,The Hunchback (1997 film)
Victor Hugo,Der Glöckner von Notre-Dame. Oper in vier Akten,Q126499104,4,1,2,performing arts production of the Theater Basel during the season 1860-1861,,Q43099500,,
Victor Hugo,Der Glöckner von Notre-Dame. Oper in vier Akten,Q126499395,4,1,2,performing arts production of the Theater Basel during the season 1851-1852,,Q43099500,,
Jeff Topping,Jeff Topping,Q29017583,4,2,1,animator,,Q5,,
Jeff Topping,Victor Hugo,Q535,4,2,2,"French novelist, poet, dramatist and politician (1802–1885)",Homme océan|Ocean Man,Q5,,Victor Hugo
Jeff Topping,Victor Hugo,Q1459231,4,2,2,Paris Métro station,,Q928830|Q22808403,,Victor Hugo station
Jeff Topping,Victor Hugo,Q55714009,4,2,2,male given name,,Q12308941|Q1243157,,
Jeff Topping,Victor Hugo,Q3557372,4,2,2,Leon Gambetta-class armoured cruiser,,Q847478,,French cruiser Victor Hugo
Jeff Topping,Victor Hugo,Q111292834,4,2,2,,,Q5,,
Jeff Topping,Victor Hugo,Q116197974,4,2,2,French painter,Victor Hugo (1883-1956)|Victor Adolphe Hugo,Q5,,
Jeff Topping,Victor Hugo,Q108816232,4,2,2,Venezuelan salsa singer,,Q5,,
Jeff Topping,Víctor Hugo,Q56817501,4,2,2,male given name,,Q12308941|Q1243157,,
Jeff Topping,Victor H. Valiati,Q21390349,4,2,2,Brazilian mammalogist,Victor Hugo Valiati|V. H. Valiati,Q5,,
Jeff Topping,Victor Hugo,Q401446,4,2,2,Wikimedia disambiguation page,,Q22808320,,Victor Hugo (disambiguation)
Der Glöckner von Notre Dame,Der Glöckner von Notre Dame,Q27837192,4,3,1,German dubbing of Disney's The Hunchback of Notre Dame,,Q26204053,,
Der Glöckner von Notre Dame,The Hunchback of Notre Dame,Q213787,4,3,1,1996 animated film directed by Gary Trousdale and Kirk Wise,Hunchback of Notre Dame|The Bells of Notre Dame,Q202866,,The Hunchback of Notre Dame (1996 film)
Der Glöckner von Notre Dame,The Hunchback of Notre Dame,Q191380,4,3,1,novel by Victor Hugo,The Hunchback of Notre-Dame|Notre-Dame de Paris,Q7725634,,The Hunchback of Notre-Dame
Der Glöckner von Notre Dame,The Hunchback of Notre Dame,Q1193924,4,3,1,1939 film by William Dieterle,Hunchback of Notre Dame,Q11424,,The Hunchback of Notre Dame (1939 film)
Der Glöckner von Notre Dame,The Hunchback of Notre Dame,Q1164043,4,3,1,1999 musical,,Q58483083,,The Hunchback of Notre Dame (musical)
Der Glöckner von Notre Dame,The Hunchback,Q260008,4,3,1,1997 television film directed by Peter Medak,Hunchback,Q506240,,The Hunchback (1997 film)
Der Glöckner von Notre Dame,The Hunchback of Notre Dame,Q1193923,4,3,1,1956 film by Jean Delannoy,Hunchback of Notre Dame|Notre-Dame de Paris,Q11424,,The Hunchback of Notre Dame (1956 film)
Der Glöckner von Notre Dame,The Hunchback of Notre Dame,Q288425,4,3,1,1923 film directed by Wallace Worsley,Hunchback of Notre Dame,Q11424,,The Hunchback of Notre Dame (1923 film)
Der Glöckner von Notre Dame,Der Glöckner von Notre-Dame. Oper in vier Akten,Q126499104,4,3,1,performing arts production of the Theater Basel during the season 1860-1861,,Q43099500,,
Der Glöckner von Notre Dame,Der Glöckner von Notre-Dame. Oper in vier Akten,Q126499395,4,3,1,performing arts production of the Theater Basel during the season 1851-1852,,Q43099500,,
Der Glöckner von Notre Dame,Notre-Dame de Paris,Q2981,4,3,2,cathedral in Paris,Cathedral Notre Dame de Paris|Notre Dame cathedral|Notre Dame de Paris|Cathedral Basilica of Our Lady of Paris,Q56242215|Q120560|Q317557,,Notre-Dame de Paris
Der Glöckner von Notre Dame,Notre-Dame Cathedral,Q1348719,4,3,2,Roman Catholic cathedral of Luxembourg,Kathedral Notre-Dame|Cathédrale Notre-Dame|Cathedrale Notre-Dame,Q2977|Q56395672,,"Notre-Dame Cathedral, Luxembourg"
Der Glöckner von Notre Dame,Notre Dame Cathedral,Q951277,4,3,2,church on the island of Nuku Hiva,,Q2977,,"Notre Dame Cathedral, Taiohae"
Der Glöckner von Notre Dame,Notre Dame Cathedral,Q2942753,4,3,2,"demolished church in Phnom Penh, Cambodia",Cathedral of Phnom Penh,Q2977,,Roman Catholic Cathedral of Phnom Penh
Der Glöckner von Notre Dame,2019 fire at Notre-Dame de Paris,Q63167656,4,3,2,"2019 church fire in Paris, France",Notre Dame cathedral in Paris fire|Notre-Dame fire|2019 Notre-Dame de Paris fire|2019 Notre Dame fire|2019 Notre Dame cathedral fire|Notre-Dame de Paris fire|Notre Dame de Paris fire|Notre Dame cathedral fire,Q7625093,,Notre-Dame fire
Der Glöckner von Notre Dame,Notre Dame de l'Assomption,Q137260326,4,3,2,"church building in Arichat, Nova Scotia, Canada",Notre Dame Cathedral,Q16970|Q35112127,,
Der Glöckner von Notre Dame,Saigon Notre-Dame Basilica,Q428129,4,3,2,"cathedral located in Ho Chi Minh City, Vietnam",Basilica of Our Lady of The Immaculate Conception|Notre-Dame Cathedral Basilica of Saigon,Q2977|Q120560,,Notre-Dame Cathedral Basilica of Saigon
Der Glöckner von Notre Dame,Notre-Dame Cathedral Basilica,Q1051168,4,3,2,"church in Ottawa, Ontario, Canada",,Q56242215|Q120560,,Notre-Dame Cathedral Basilica
Der Glöckner von Notre Dame,Notre Dame-Cathedral Latin School,Q7063350,4,3,2,"private, coeducational school in Chardon, , Ohio, United States",,Q428602,,Notre Dame-Cathedral Latin School
Der Glöckner von Notre Dame,"Notre Dame Cathedral, Paris, 1888",Q64574210,4,3,2,painting by Childe Hassam,,Q3305213,,
Der Glöckner von Notre Dame,Victor Hugo,Q535,4,3,2,"French novelist, poet, dramatist and politician (1802–1885)",Homme océan|Ocean Man,Q5,,Victor Hugo
Der Glöckner von Notre Dame,Victor Hugo,Q1459231,4,3,2,Paris Métro station,,Q928830|Q22808403,,Victor Hugo station
Der Glöckner von Notre Dame,Victor Hugo,Q55714009,4,3,2,male given name,,Q12308941|Q1243157,,
Der Glöckner von Notre Dame,Victor Hugo,Q3557372,4,3,2,Leon Gambetta-class armoured cruiser,,Q847478,,French cruiser Victor Hugo
Der Glöckner von Notre Dame,Victor Hugo,Q111292834,4,3,2,,,Q5,,
Der Glöckner von Notre Dame,Victor Hugo,Q116197974,4,3,2,French painter,Victor Hugo (1883-1956)|Victor Adolphe Hugo,Q5,,
Der Glöckner von Notre Dame,Victor Hugo,Q108816232,4,3,2,Venezuelan salsa singer,,Q5,,
Der Glöckner von Notre Dame,Víctor Hugo,Q56817501,4,3,2,male given name,,Q12308941|Q1243157,,
Der Glöckner von Notre Dame,Victor H. Valiati,Q21390349,4,3,2,Brazilian mammalogist,Victor Hugo Valiati|V. H. Valiati,Q5,,
Der Glöckner von Notre Dame,Victor Hugo,Q401446,4,3,2,Wikimedia disambiguation page,,Q22808320,,Victor Hugo (disambiguation)
Der Glöckner von Notre Dame,The Hunchback of Notre Dame,Q7740945,4,3,2,1911 film by Albert Capellani,Hunchback of Notre Dame,Q24862,,The Hunchback of Notre Dame (1911 film)
Der Glöckner von Notre Dame,The Hunchback of Notre-Dame,Q378748,4,3,2,1982 film directed by Michael Tuchner,Hunchback of Notre-Dame|The Hunchback of Notre Dame,Q506240,,The Hunchback of Notre Dame (1982 film)
Der Glöckner von Notre Dame,The Hunchback of Notre Dame,Q7740963,4,3,2,1986 film directed by Geoff Collins,Hunchback of Notre Dame,Q11424,,The Hunchback of Notre Dame (1986 film)
Der Glöckner von Notre Dame,The Hunchback of Notre Dame,Q7740949,4,3,2,1976 television film directed by Alan Cooke,Hunchback of Notre Dame,Q506240,,The Hunchback of Notre Dame (1976 film)
The Little Mermai,The Little Mermaid,Q105944212,5,0,1,2013 studio album by Victor Argonov Project; electronic opera,Rusalochka|Mermaid,Q482994,,
The Little Mermai,The Little Mermaid,Q3952040,5,0,1,1991 Capcom video game,,Q7889,,The Little Mermaid (video game)
The Little Mermai,The Little Mermaid,Q190135,5,0,1,1989 animated film directed by John Musker and Ron Clements,Little Mermaid|TLM|1989 The Little Mermaid|1989 Little Mermaid,Q202866,,The Little Mermaid (1989 film)
The Little Mermai,The Little Mermaid: Magic in Two Kingdoms,Q4051158,5,0,1,2006 video game,,Q7889,,The Little Mermaid: Magic in Two Kingdoms
The Little Mermai,The Little Mermaid 2: Pinball Frenzy,Q16259740,5,0,1,2000 video game,,Q7889,,The Little Mermaid II: Pinball Frenzy
The Little Mermai,The Little Mermaid,Q11859,5,0,1,fairy tale by H. C. Andersen,Den lille havfrue,Q7725634|Q699,,The Little Mermaid
The Little Mermai,The Little Mermaid: Ariel’s Undersea Adventure,Q4051159,5,0,1,Nintendo DS video game,,Q7889,,The Little Mermaid: Ariel's Undersea Adventure (video game)
The Little Mermai,The Little Mermaid Pinball,Q106097281,5,0,1,2005 video game,Disney's The Little Mermaid Pinball,Q7889,,The Little Mermaid Pinball
The Little Mermai,Ariel,Q892442,5,0,1,title character of Disney's 1989 animated film The Little Mermaid and its franchise,Princess Ariel|Ariel (Disney)|The Little Mermaid,Q30168533|Q15711870|Q15632617|Q15773347,,Ariel (The Little Mermaid)
The Little Mermai,The Little Mermaid,Q944287,5,0,1,American animated television series,Disney's The Little Mermaid,Q117467246,,The Little Mermaid (TV series)
The Little Mermai,Hans Christian Andersen,Q5673,5,0,2,Danish writer and poet (1805–1875),Hans Andersen,Q5,,Hans Christian Andersen
The Little Mermai,Hans Christian Andersen,Q11973984,5,0,2,"Norwegian musician, radio personality",HC Andersen,Q5,,
The Little Mermai,Hans-Christian Andersen,Q111781404,5,0,2,,,Q5,,
The Little Mermai,Hans Christian Andersen,Q146141,5,0,2,1952 film by Charles Vidor,,Q11424,,Hans Christian Andersen (film)
The Little Mermai,Rosa 'H.C. Andersen',Q83664936,5,0,2,rose cultivar,H.C. Andersen|Rosa 'Hans Christian Andersen'|Hans Christian Andersen|Rosa 'America's Choice'|Rosa 'Andersen'|Rosa 'H.C. Handersen'|Rosa 'POUlander'|Rosa 'Touraine'|America's Choice|Andersen|POUlander|Touraine,Q26817508,,
The Little Mermai,Hans Christian Andersen,Q113663896,5,0,2,,,Q721747,,
The Little Mermai,Hans Christian Andersen,Q30591194,5,0,2,statue in Copenhagen,,Q179700,,"Statue of Hans Christian Andersen, Rosenborg Castle Gardens"
The Little Mermai,Hans Christian Andersen,Q52751121,5,0,2,"kindergarten in Caltanissetta, Caltanissetta, Sicily, Italy",,Q126807,,
The Little Mermai,Hans Christian Andersen,Q52804362,5,0,2,"kindergarten in Pollenza, Macerata, Marche, Italy",,Q126807,,
The Little Mermai,Hans Christian Andersen,Q52928579,5,0,2,"kindergarten in Sassuolo, Modena, Emilia-Romagna, Italy",,Q126807,,
The Little Mermai,The Little Mermaid,Q131783230,5,0,2,composition by Lera Auerbach,,Q105543609|Q58483088,,
The Little Mermai,The Little Mermaid,Q214619,5,0,2,"1913 bronze statue by Edvard Eriksen in Copenhagen, Denmark",Little Mermaid|Den lille Havfrue,Q860861,,The Little Mermaid (statue)
The Little Mermai,The Little Mermaid,Q24357415,5,0,2,2023 film directed by Rob Marshall,Little Mermaid|2023 The Little Mermaid|2023 Little Mermaid,Q11424,,The Little Mermaid (2023 film)
The Little Mermai,Disney's The Little Mermaid,Q7747662,5,0,2,media franchise spun off from the 1989 animated film based on the Danish fairy tale of the same name,The Little Mermaid,Q196600,,The Little Mermaid (franchise)
The Little Mermai,"Arielle, die Meerjungfrau",Q27537065,5,0,2,first German dubbing of Disney's The Little Mermaid (1990),Arielle die Meerjungfrau,Q26204053,,
The Little Mermai,"Arielle, die Meerjungfrau",Q27537202,5,0,2,second German dubbing of Disney's The Little Mermaid (1998),Arielle die Meerjungfrau,Q26204053,,
The Little Mermai,The Little Mermaid II: Return to the Sea,Q467678,5,0,2,2000 animated film directed by Jim Kammerud,Little Mermaid II: Return to the Sea|Little Mermaid II|Little Mermaid Two|The Little Mermaid two|The Little Mermaid II|The Little Mermaid 2|Little Mermaid 2,Q202866,,The Little Mermaid II: Return to the Sea
The Little Mermai,The Little Mermaid: Ariel's Beginning,Q659725,5,0,2,2008 animated film directed by Peggy Holmes,Little Mermaid: Ariel's Beginning,Q202866|Q11424,,The Little Mermaid: Ariel's Beginning
The Little Mermai,list of The Little Mermaid episodes,Q6599789,5,0,2,Wikimedia list article,List of The Little Mermaid episodes,Q13406463,,List of The Little Mermaid episodes
The Little Mermai,"Arielle, die Meerjungfrau",Q19834788,5,0,2,Wikimedia disambiguation page,Arielle die Meerjungfrau,Q4167410,,
Hans Christian Andersen,Hans Christian Andersen,Q5673,5,1,1,Danish writer and poet (1805–1875),Hans Andersen,Q5,,Hans Christian Andersen
Hans Christian Andersen,Hans Christian Andersen,Q11973984,5,1,1,"Norwegian musician, radio personality",HC Andersen,Q5,,
Hans Christian Andersen,Hans-Christian Andersen,Q111781404,5,1,1,,,Q5,,
Hans Christian Andersen,Hans Christian Andersen,Q146141,5,1,1,1952 film by Charles Vidor,,Q11424,,Hans Christian Andersen (film)
Hans Christian Andersen,Rosa 'H.C. Andersen',Q83664936,5,1,1,rose cultivar,H.C. Andersen|Rosa 'Hans Christian Andersen'|Hans Christian Andersen|Rosa 'America's Choice'|Rosa 'Andersen'|Rosa 'H.C. Handersen'|Rosa 'POUlander'|Rosa 'Touraine'|America's Choice|Andersen|POUlander|Touraine,Q26817508,,
Hans Christian Andersen,Hans Christian Andersen,Q113663896,5,1,1,,,Q721747,,
Hans Christian Andersen,Hans Christian Andersen,Q30591194,5,1,1,statue in Copenhagen,,Q179700,,"Statue of Hans Christian Andersen, Rosenborg Castle Gardens"
Hans Christian Andersen,Hans Christian Andersen,Q52751121,5,1,1,"kindergarten in Caltanissetta, Caltanissetta, Sicily, Italy",,Q126807,,
Hans Christian Andersen,Hans Christian Andersen,Q52804362,5,1,1,"kindergarten in Pollenza, Macerata, Marche, Italy",,Q126807,,
Hans Christian Andersen,Hans Christian Andersen,Q52928579,5,1,1,"kindergarten in Sassuolo, Modena, Emilia-Romagna, Italy",,Q126807,,
Hans Christian Andersen,The Little Mermaid,Q105944212,5,1,2,2013 studio album by Victor Argonov Project; electronic opera,Rusalochka|Mermaid,Q482994,,
Hans Christian Andersen,The Little Mermaid,Q3952040,5,1,2,1991 Capcom video game,,Q7889,,The Little Mermaid (video game)
Hans Christian Andersen,The Little Mermaid,Q190135,5,1,2,1989 animated film directed by John Musker and Ron Clements,Little Mermaid|TLM|1989 The Little Mermaid|1989 Little Mermaid,Q202866,,The Little Mermaid (1989 film)
Hans Christian Andersen,The Little Mermaid,Q11859,5,1,2,fairy tale by H. C. Andersen,Den lille havfrue,Q7725634|Q699,,The Little Mermaid
Hans Christian Andersen,The Little Mermaid,Q131783230,5,1,2,composition by Lera Auerbach,,Q105543609|Q58483088,,
Hans Christian Andersen,Ariel,Q892442,5,1,2,title character of Disney's 1989 animated film The Little Mermaid and its franchise,Princess Ariel|Ariel (Disney)|The Little Mermaid,Q30168533|Q15711870|Q15632617|Q15773347,,Ariel (The Little Mermaid)
Hans Christian Andersen,The Little Mermaid,Q944287,5,1,2,American animated television series,Disney's The Little Mermaid,Q117467246,,The Little Mermaid (TV series)
Hans Christian Andersen,The Little Mermaid,Q214619,5,1,2,"1913 bronze statue by Edvard Eriksen in Copenhagen, Denmark",Little Mermaid|Den lille Havfrue,Q860861,,The Little Mermaid (statue)
Hans Christian Andersen,The Little Mermaid,Q24357415,5,1,2,2023 film directed by Rob Marshall,Little Mermaid|2023 The Little Mermaid|2023 Little Mermaid,Q11424,,The Little Mermaid (2023 film)
Hans Christian Andersen,Disney's The Little Mermaid,Q7747662,5,1,2,media franchise spun off from the 1989 animated film based on the Danish fairy tale of the same name,The Little Mermaid,Q196600,,The Little Mermaid (franchise)
Hans Christian Andersen,Andreas Deja,Q64046,5,1,2,German-American animator (born 1957),,Q5,,Andreas Deja
Hans Christian Andersen,Andreas Dejardin,Q115825124,5,1,2,,,Q5,,
Hans Christian Andersen,Arielle,Q16479530,5,1,2,female given name,Arielle (first name)|Arielle (given name),Q11879590,,Arielle (given name)
Hans Christian Andersen,Arielle Dombasle,Q284731,5,1,2,American-born French-Mexican actress and singer,Arielle Laure Maxime Sonnery|Arielle Sonnery De Fromental|Arielle Laure Maxime Sonnery de Fromental,Q5,,Arielle Dombasle
Hans Christian Andersen,Saint Urielle,Q3552305,5,1,2,Breton saint,Arielle|Curielle|Eurielle|Urielle,Q5,,Saint Urielle
Hans Christian Andersen,Arielle Kayabaga,Q108628484,5,1,2,Canadian politician,,Q5,,Arielle Kayabaga
Hans Christian Andersen,Arielle Gordon,Q104028480,5,1,2,American programmer and writer,,Q5,,
Hans Christian Andersen,Arielle Keil,Q101535807,5,1,2,Filipino-New Zealander beauty pageant contestant,,Q5,,Arielle Keil
Hans Christian Andersen,Arielle,Q3622565,5,1,2,potato cultivar,,Q16682342,,
Hans Christian Andersen,Aarielle Alexis,Q20605278,5,1,2,pornographic performer (b. 1986),Arielle|Arielle Alexis,Q5,,
Hans Christian Andersen,Arielle Boulin-Prat,Q2861256,5,1,2,French television presenter,,Q5,,
Hans Christian Andersen,Arielle Palermo,Q115298281,5,1,2,Canadian volleyball player,,Q5,,
Andreas Deja,Andreas Deja,Q64046,5,2,1,German-American animator (born 1957),,Q5,,Andreas Deja
Andreas Deja,Andreas Dejardin,Q115825124,5,2,1,,,Q5,,
Andreas Deja,Hans Christian Andersen,Q5673,5,2,2,Danish writer and poet (1805–1875),Hans Andersen,Q5,,Hans Christian Andersen
Andreas Deja,Hans Christian Andersen,Q11973984,5,2,2,"Norwegian musician, radio personality",HC Andersen,Q5,,
Andreas Deja,Hans-Christian Andersen,Q111781404,5,2,2,,,Q5,,
Andreas Deja,Hans Christian Andersen,Q146141,5,2,2,1952 film by Charles Vidor,,Q11424,,Hans Christian Andersen (film)
Andreas Deja,Rosa 'H.C. Andersen',Q83664936,5,2,2,rose cultivar,H.C. Andersen|Rosa 'Hans Christian Andersen'|Hans Christian Andersen|Rosa 'America's Choice'|Rosa 'Andersen'|Rosa 'H.C. Handersen'|Rosa 'POUlander'|Rosa 'Touraine'|America's Choice|Andersen|POUlander|Touraine,Q26817508,,
Andreas Deja,Hans Christian Andersen,Q113663896,5,2,2,,,Q721747,,
Andreas Deja,Hans Christian Andersen,Q30591194,5,2,2,statue in Copenhagen,,Q179700,,"Statue of Hans Christian Andersen, Rosenborg Castle Gardens"
Andreas Deja,Hans Christian Andersen,Q52751121,5,2,2,"kindergarten in Caltanissetta, Caltanissetta, Sicily, Italy",,Q126807,,
Andreas Deja,Hans Christian Andersen,Q52804362,5,2,2,"kindergarten in Pollenza, Macerata, Marche, Italy",,Q126807,,
Andreas Deja,Hans Christian Andersen,Q52928579,5,2,2,"kindergarten in Sassuolo, Modena, Emilia-Romagna, Italy",,Q126807,,
"Arielle, die Meerjungfrau","Arielle, die Meerjungfrau",Q27537065,5,3,1,first German dubbing of Disney's The Little Mermaid (1990),Arielle die Meerjungfrau,Q26204053,,
"Arielle, die Meerjungfrau","Arielle, die Meerjungfrau",Q27537202,5,3,1,second German dubbing of Disney's The Little Mermaid (1998),Arielle die Meerjungfrau,Q26204053,,
"Arielle, die Meerjungfrau",The Little Mermaid,Q190135,5,3,1,1989 animated film directed by John Musker and Ron Clements,Little Mermaid|TLM|1989 The Little Mermaid|1989 Little Mermaid,Q202866,,The Little Mermaid (1989 film)
"Arielle, die Meerjungfrau",The Little Mermaid,Q944287,5,3,1,American animated television series,Disney's The Little Mermaid,Q117467246,,The Little Mermaid (TV series)
"Arielle, die Meerjungfrau",The Little Mermaid,Q24357415,5,3,1,2023 film directed by Rob Marshall,Little Mermaid|2023 The Little Mermaid|2023 Little Mermaid,Q11424,,The Little Mermaid (2023 film)
"Arielle, die Meerjungfrau",Disney's The Little Mermaid,Q7747662,5,3,1,media franchise spun off from the 1989 animated film based on the Danish fairy tale of the same name,The Little Mermaid,Q196600,,The Little Mermaid (franchise)
"Arielle, die Meerjungfrau",The Little Mermaid II: Return to the Sea,Q467678,5,3,1,2000 animated film directed by Jim Kammerud,Little Mermaid II: Return to the Sea|Little Mermaid II|Little Mermaid Two|The Little Mermaid two|The Little Mermaid II|The Little Mermaid 2|Little Mermaid 2,Q202866,,The Little Mermaid II: Return to the Sea
"Arielle, die Meerjungfrau",The Little Mermaid: Ariel's Beginning,Q659725,5,3,1,2008 animated film directed by Peggy Holmes,Little Mermaid: Ariel's Beginning,Q202866|Q11424,,The Little Mermaid: Ariel's Beginning
"Arielle, die Meerjungfrau",list of The Little Mermaid episodes,Q6599789,5,3,1,Wikimedia list article,List of The Little Mermaid episodes,Q13406463,,List of The Little Mermaid episodes
"Arielle, die Meerjungfrau","Arielle, die Meerjungfrau",Q19834788,5,3,1,Wikimedia disambiguation page,Arielle die Meerjungfrau,Q4167410,,
"Arielle, die Meerjungfrau",Arielle,Q16479530,5,3,2,female given name,Arielle (first name)|Arielle (given name),Q11879590,,Arielle (given name)
"Arielle, die Meerjungfrau",Arielle Dombasle,Q284731,5,3,2,American-born French-Mexican actress and singer,Arielle Laure Maxime Sonnery|Arielle Sonnery De Fromental|Arielle Laure Maxime Sonnery de Fromental,Q5,,Arielle Dombasle
"Arielle, die Meerjungfrau",Saint Urielle,Q3552305,5,3,2,Breton saint,Arielle|Curielle|Eurielle|Urielle,Q5,,Saint Urielle
"Arielle, die Meerjungfrau",Arielle Kayabaga,Q108628484,5,3,2,Canadian politician,,Q5,,Arielle Kayabaga
"Arielle, die Meerjungfrau",Arielle Gordon,Q104028480,5,3,2,American programmer and writer,,Q5,,
"Arielle, die Meerjungfrau",Arielle Keil,Q101535807,5,3,2,Filipino-New Zealander beauty pageant contestant,,Q5,,Arielle Keil
"Arielle, die Meerjungfrau",Arielle,Q3622565,5,3,2,potato cultivar,,Q16682342,,
"Arielle, die Meerjungfrau",Aarielle Alexis,Q20605278,5,3,2,pornographic performer (b. 1986),Arielle|Arielle Alexis,Q5,,
"Arielle, die Meerjungfrau",Arielle Boulin-Prat,Q2861256,5,3,2,French television presenter,,Q5,,
"Arielle, die Meerjungfrau",Arielle Palermo,Q115298281,5,3,2,Canadian volleyball player,,Q5,,
"Arielle, die Meerjungfrau",The Little Mermaid (musical),Q911906,5,3,2,"2008 musical based on the 1989 Disney film ""The Little Mermaid""; book by Doug Wright, music by Alan Menken, lyrics by Howard Ashman, with additional lyrics by Glenn Slater",Little Mermaid,Q58483083,,The Little Mermaid (musical)
"Arielle, die Meerjungfrau",The Little Mermaid,Q214619,5,3,2,"1913 bronze statue by Edvard Eriksen in Copenhagen, Denmark",Little Mermaid|Den lille Havfrue,Q860861,,The Little Mermaid (statue)
"Arielle, die Meerjungfrau",The Little Mermaid,Q1219608,5,3,2,1976 film by Vladimir Bychkov,Little Mermaid,Q11424,,The Little Mermaid (1976 Russian film)
"Arielle, die Meerjungfrau",Little Mermaid,Q16606663,5,3,2,main character in Hans Christian Andersen's The Little Mermaid,,Q69379490,,
"Arielle, die Meerjungfrau",The Little Mermaid,Q14857809,5,3,2,1976 Czech film directed by Karel Kachyňa,Malá mořská víla|Little Mermaid,Q11424,,The Little Mermaid (1976 Czech film)
"Arielle, die Meerjungfrau",The Little Mermaid,Q4400248,5,3,2,1968 film directed by Ivan Aksenchuk,Little Mermaid,Q202866,,The Little Mermaid (1968 film)
"Arielle, die Meerjungfrau",The Little Mermaid,Q28970981,5,3,2,2017 film by Blake Harris and Chris Bouchard,Little Mermaid,Q11424,,The Little Mermaid (2018 film)
"Arielle, die Meerjungfrau",The Little Mermaid,Q7747661,5,3,2,1992 film,Little Mermaid,Q11424,,
"Arielle, die Meerjungfrau",Hans Christian Andersen,Q5673,5,3,2,Danish writer and poet (1805–1875),Hans Andersen,Q5,,Hans Christian Andersen
"Arielle, die Meerjungfrau",Hans Christian Andersen,Q11973984,5,3,2,"Norwegian musician, radio personality",HC Andersen,Q5,,
"Arielle, die Meerjungfrau",Hans-Christian Andersen,Q111781404,5,3,2,,,Q5,,
"Arielle, die Meerjungfrau",Hans Christian Andersen,Q146141,5,3,2,1952 film by Charles Vidor,,Q11424,,Hans Christian Andersen (film)
"Arielle, die Meerjungfrau",Rosa 'H.C. Andersen',Q83664936,5,3,2,rose cultivar,H.C. Andersen|Rosa 'Hans Christian Andersen'|Hans Christian Andersen|Rosa 'America's Choice'|Rosa 'Andersen'|Rosa 'H.C. Handersen'|Rosa 'POUlander'|Rosa 'Touraine'|America's Choice|Andersen|POUlander|Touraine,Q26817508,,
"Arielle, die Meerjungfrau",Hans Christian Andersen,Q113663896,5,3,2,,,Q721747,,
"Arielle, die Meerjungfrau",Hans Christian Andersen,Q30591194,5,3,2,statue in Copenhagen,,Q179700,,"Statue of Hans Christian Andersen, Rosenborg Castle Gardens"
"Arielle, die Meerjungfrau",Hans Christian Andersen,Q52751121,5,3,2,"kindergarten in Caltanissetta, Caltanissetta, Sicily, Italy",,Q126807,,
"Arielle, die Meerjungfrau",Hans Christian Andersen,Q52804362,5,3,2,"kindergarten in Pollenza, Macerata, Marche, Italy",,Q126807,,
"Arielle, die Meerjungfrau",Hans Christian Andersen,Q52928579,5,3,2,"kindergarten in Sassuolo, Modena, Emilia-Romagna, Italy",,Q126807,,
"Arielle, die Meerjungfrau",Andreas Deja,Q64046,5,3,2,German-American animator (born 1957),,Q5,,Andreas Deja
"Arielle, die Meerjungfrau",Andreas Dejardin,Q115825124,5,3,2,,,Q5,,
Broher Bear,Thierry Chaffoin,Q28913046,6,0,2,animator,,Q5,,
Broher Bear,Bärenbrüder,Q27943184,6,0,2,German dubbing of Disney's Brother Bear (2004),,Q26204053,,
Broher Bear,Brother Bear,Q215365,6,0,2,2003 animated film directed by Aaron Blaise and Robert Walker,,Q202866,,Brother Bear
Broher Bear,Brother Bear,Q63908779,6,0,2,film series,,Q24856,,
Broher Bear,Brother Bear 2,Q641310,6,0,2,2006 animated film by Ben Gluck,,Q202866,,Brother Bear 2
Broher Bear,Brother Bear universe,Q124071904,6,0,2,fictional universe,,Q559618,,
Thierry Chaffoin,Thierry Chaffoin,Q28913046,6,2,1,animator,,Q5,,
Bärenbrüder,Bärenbrüder,Q27943184,6,3,1,German dubbing of Disney's Brother Bear (2004),,Q26204053,,
Bärenbrüder,Brother Bear,Q215365,6,3,1,2003 animated film directed by Aaron Blaise and Robert Walker,,Q202866,,Brother Bear
Bärenbrüder,Brother Bear,Q63908779,6,3,1,film series,,Q24856,,
Bärenbrüder,Brother Bear 2,Q641310,6,3,1,2006 animated film by Ben Gluck,,Q202866,,Brother Bear 2
Bärenbrüder,Brother Bear universe,Q124071904,6,3,1,fictional universe,,Q559618,,
Bärenbrüder,Thierry Chaffoin,Q28913046,6,3,2,animator,,Q5,,
Bärenbrüder,Disney's Brother Bear,Q17514208,6,3,2,2003 video game,Brother Bear,Q7889,,Disney's Brother Bear (video game)
Bärenbrüder,Brother Bear – An Original Walt Disney Records Soundtrack,Q1948057,6,3,2,2023 soundtrack album by Phil Collins and Mark Mancina,Brother Bear: An Original Walt Disney Records Soundtrack|Brother Bear soundtrack,Q482994,,Brother Bear (soundtrack)
Bärenbrüder,Brother Bear,Q20760526,6,3,2,Wikimedia disambiguation page,,Q4167410,,
Beauty and theBeast,Beauty and the Beast,Q111255303,7,0,2,2018 video game,Beauty and the Beast: Hidden Object Fairy Tale. HOG,Q7889,,
Beauty and theBeast,Beauty and the Beast,Q17508441,7,0,2,1994 video game,Disney's Beauty and the Beast,Q7889,,Beauty and the Beast (1994 video game)
Beauty and theBeast,Beauty and the Beast,Q61349854,7,0,2,vocal track by Angela Lansbury; 1991 original soundtrack recording,,Q55850593,,
Beauty and theBeast,Beauty and the Beast,Q27611637,7,0,2,vocal track by Céline Dion and Peabo Bryson; 1991 studio recording,,Q55850593,,
Beauty and theBeast,Beauty and the Beast,Q33810403,7,0,2,vocal track by Jump5; 2002 studio recording; cover version,,Q55850593,,
Beauty and theBeast,Beauty and the Beast,Q4877923,7,0,2,1996 video game,,Q7889,,
Beauty and theBeast,Beauty & the Beast,Q30611814,7,0,2,1982 video game,Beauty and the Beast,Q7889,,Beauty & the Beast (1982 video game)
Beauty and theBeast,Beauty and the Beast,Q33229929,7,0,2,vocal track by Ariana Grande and John Legend; 2017 original soundtrack recording,,Q55850593,,
Beauty and theBeast,Beauty and the Beast,Q33810414,7,0,2,vocal track by Jordin Sparks,,Q55850593,,
Beauty and theBeast,Beauty and the Beast,Q54481676,7,0,2,vocal track by Beth Fowler; 1994 studio recording,,Q55850593,,
Beauty and theBeast,Beauty and the Beast,Q3821426,7,0,2,1977 film by Luigi Russo,La bella e la bestia,Q11424,,
Beauty and theBeast,La bella e la bestia,Q97178531,7,0,2,"1992 soundtrack single by Gino Paoli, Amanda Sandrelli",,Q134556,,
Beauty and theBeast,La bella e la bestia,Q117842367,7,0,2,"1992 Italian dubbing of ""Beatuty and the Beast""",,Q26204053,,
Beauty and theBeast,La bella e la bestia,Q117842462,7,0,2,"translated song; Italian-language version of ""Beauty and the Beast"", lyrics adapted by Gino Paoli",,Q105543609,,
Beauty and theBeast,La bella e la bestia,Q117842251,7,0,2,vocal track by Gino Paoli and Amanda Sandrelli; 1992 original soundtrack recording,,Q55850593,,
Beauty and theBeast,Beauty and the Beast,Q179673,7,0,2,1991 animated film directed by Gary Trousdale and Kirk Wise,Beauty and the Beast (1991 film),Q202866,,Beauty and the Beast (1991 film)
Beauty and theBeast,Beauty and the Beast,Q19946102,7,0,2,2017 film directed by Bill Condon,Beauty & the Beast,Q11424,,Beauty and the Beast (2017 film)
Beauty and theBeast,Beauty and the Beast,Q495442,7,0,2,folktale type (ATU 425C),La Belle et la Bête,Q47451145|Q699|Q1221280,,Beauty and the Beast
Beauty and theBeast,Beauty and the Beast,Q16155122,7,0,2,Disney media franchise spun off from the 1991 animated film based on the French fairy tale of the same name,Disney's Beauty and the Beast,Q196600,,Beauty and the Beast (franchise)
Beauty and theBeast,Beauty and the Beast,Q2454384,7,0,2,original song written and composed by Alan Menken (music) and Howard Ashman (words),,Q105543609,,Beauty and the Beast (Disney song)
Jeanne-Marie Leprince de Beaumont,Jeanne Marie Leprince de Beaumont,Q466788,7,1,1,French author (1711–1776),Madame leprince de Beaumont,Q5,,Jeanne-Marie Leprince de Beaumont
Jeanne-Marie Leprince de Beaumont,Beauty and the Beast,Q111255303,7,1,2,2018 video game,Beauty and the Beast: Hidden Object Fairy Tale. HOG,Q7889,,
Jeanne-Marie Leprince de Beaumont,Beauty and the Beast,Q17508441,7,1,2,1994 video game,Disney's Beauty and the Beast,Q7889,,Beauty and the Beast (1994 video game)
Jeanne-Marie Leprince de Beaumont,Beauty and the Beast,Q61349854,7,1,2,vocal track by Angela Lansbury; 1991 original soundtrack recording,,Q55850593,,
Jeanne-Marie Leprince de Beaumont,Beauty and the Beast,Q27611637,7,1,2,vocal track by Céline Dion and Peabo Bryson; 1991 studio recording,,Q55850593,,
Jeanne-Marie Leprince de Beaumont,Beauty and the Beast,Q33810403,7,1,2,vocal track by Jump5; 2002 studio recording; cover version,,Q55850593,,
Jeanne-Marie Leprince de Beaumont,Beauty and the Beast,Q4877923,7,1,2,1996 video game,,Q7889,,
Jeanne-Marie Leprince de Beaumont,Beauty & the Beast,Q30611814,7,1,2,1982 video game,Beauty and the Beast,Q7889,,Beauty & the Beast (1982 video game)
Jeanne-Marie Leprince de Beaumont,Beauty and the Beast,Q33229929,7,1,2,vocal track by Ariana Grande and John Legend; 2017 original soundtrack recording,,Q55850593,,
Jeanne-Marie Leprince de Beaumont,Beauty and the Beast,Q33810414,7,1,2,vocal track by Jordin Sparks,,Q55850593,,
Jeanne-Marie Leprince de Beaumont,Beauty and the Beast,Q54481676,7,1,2,vocal track by Beth Fowler; 1994 studio recording,,Q55850593,,
Jeanne-Marie Leprince de Beaumont,Beauty and the Beast,Q3821426,7,1,2,1977 film by Luigi Russo,La bella e la bestia,Q11424,,
Jeanne-Marie Leprince de Beaumont,La bella e la bestia,Q97178531,7,1,2,"1992 soundtrack single by Gino Paoli, Amanda Sandrelli",,Q134556,,
Jeanne-Marie Leprince de Beaumont,La bella e la bestia,Q117842367,7,1,2,"1992 Italian dubbing of ""Beatuty and the Beast""",,Q26204053,,
Jeanne-Marie Leprince de Beaumont,La bella e la bestia,Q117842462,7,1,2,"translated song; Italian-language version of ""Beauty and the Beast"", lyrics adapted by Gino Paoli",,Q105543609,,
Jeanne-Marie Leprince de Beaumont,La bella e la bestia,Q117842251,7,1,2,vocal track by Gino Paoli and Amanda Sandrelli; 1992 original soundtrack recording,,Q55850593,,
Jeanne-Marie Leprince de Beaumont,Beauty and the Beast,Q179673,7,1,2,1991 animated film directed by Gary Trousdale and Kirk Wise,Beauty and the Beast (1991 film),Q202866,,Beauty and the Beast (1991 film)
Jeanne-Marie Leprince de Beaumont,Beauty and the Beast,Q19946102,7,1,2,2017 film directed by Bill Condon,Beauty & the Beast,Q11424,,Beauty and the Beast (2017 film)
Jeanne-Marie Leprince de Beaumont,Beauty and the Beast,Q495442,7,1,2,folktale type (ATU 425C),La Belle et la Bête,Q47451145|Q699|Q1221280,,Beauty and the Beast
Jeanne-Marie Leprince de Beaumont,Beauty and the Beast,Q16155122,7,1,2,Disney media franchise spun off from the 1991 animated film based on the French fairy tale of the same name,Disney's Beauty and the Beast,Q196600,,Beauty and the Beast (franchise)
Jeanne-Marie Leprince de Beaumont,Beauty and the Beast,Q2454384,7,1,2,original song written and composed by Alan Menken (music) and Howard Ashman (words),,Q105543609,,Beauty and the Beast (Disney song)
Tony Anselmo,Tony Anselmo,Q719196,7,2,1,American animator and voice actor (born 1960),,Q5,,Tony Anselmo
Tony Anselmo,Tony Anselmo,Q7821764,7,2,1,Calgary community leader (1918–2009),Anthony Garry Anselmo|Anthony G. Anselmo,Q5,,Tony Anselmo (Canadian football)
La bella e la bestia,Beauty and the Beast,Q3821426,7,3,1,1977 film by Luigi Russo,La bella e la bestia,Q11424,,
La bella e la bestia,La bella e la bestia,Q97178531,7,3,1,"1992 soundtrack single by Gino Paoli, Amanda Sandrelli",,Q134556,,
La bella e la bestia,La bella e la bestia,Q117842367,7,3,1,"1992 Italian dubbing of ""Beatuty and the Beast""",,Q26204053,,
La bella e la bestia,La bella e la bestia,Q117842462,7,3,1,"translated song; Italian-language version of ""Beauty and the Beast"", lyrics adapted by Gino Paoli",,Q105543609,,
La bella e la bestia,La bella e la bestia,Q117842251,7,3,1,vocal track by Gino Paoli and Amanda Sandrelli; 1992 original soundtrack recording,,Q55850593,,
La bella e la bestia,Beauty and the Beast,Q179673,7,3,1,1991 animated film directed by Gary Trousdale and Kirk Wise,Beauty and the Beast (1991 film),Q202866,,Beauty and the Beast (1991 film)
La bella e la bestia,Beauty and the Beast,Q19946102,7,3,1,2017 film directed by Bill Condon,Beauty & the Beast,Q11424,,Beauty and the Beast (2017 film)
La bella e la bestia,Beauty and the Beast,Q495442,7,3,1,folktale type (ATU 425C),La Belle et la Bête,Q47451145|Q699|Q1221280,,Beauty and the Beast
La bella e la bestia,Beauty and the Beast,Q16155122,7,3,1,Disney media franchise spun off from the 1991 animated film based on the French fairy tale of the same name,Disney's Beauty and the Beast,Q196600,,Beauty and the Beast (franchise)
La bella e la bestia,Beauty and the Beast,Q2454384,7,3,1,original song written and composed by Alan Menken (music) and Howard Ashman (words),,Q105543609,,Beauty and the Beast (Disney song)
La bella e la bestia,Beauty and the Beast,Q111255303,7,3,2,2018 video game,Beauty and the Beast: Hidden Object Fairy Tale. HOG,Q7889,,
La bella e la bestia,Beauty and the Beast,Q17508441,7,3,2,1994 video game,Disney's Beauty and the Beast,Q7889,,Beauty and the Beast (1994 video game)
La bella e la bestia,Beauty and the Beast,Q61349854,7,3,2,vocal track by Angela Lansbury; 1991 original soundtrack recording,,Q55850593,,
La bella e la bestia,Beauty and the Beast,Q27611637,7,3,2,vocal track by Céline Dion and Peabo Bryson; 1991 studio recording,,Q55850593,,
La bella e la bestia,Beauty and the Beast,Q33810403,7,3,2,vocal track by Jump5; 2002 studio recording; cover version,,Q55850593,,
La bella e la bestia,Beauty and the Beast,Q4877923,7,3,2,1996 video game,,Q7889,,
La bella e la bestia,Beauty & the Beast,Q30611814,7,3,2,1982 video game,Beauty and the Beast,Q7889,,Beauty & the Beast (1982 video game)
La bella e la bestia,Beauty and the Beast,Q33229929,7,3,2,vocal track by Ariana Grande and John Legend; 2017 original soundtrack recording,,Q55850593,,
La bella e la bestia,Beauty and the Beast,Q33810414,7,3,2,vocal track by Jordin Sparks,,Q55850593,,
La bella e la bestia,Beauty and the Beast,Q54481676,7,3,2,vocal track by Beth Fowler; 1994 studio recording,,Q55850593,,
La bella e la bestia,La bella y la bestia,Q52356811,7,3,2,"song of Porta, Norykko and Santaflow",,Q105543609,,
La bella e la bestia,La Bella y la Bestia,Q125643902,7,3,2,written work by Jordi Sierra i Fabra,,Q47461344,,
La bella e la bestia,Beauty and the Beast,Q3206615,7,3,2,2014 film directed by Christophe Gans,La Belle et la Bête|La Belle et la Bete,Q11424,,Beauty and the Beast (2014 film)
La bella e la bestia,Beauty and the Beast,Q152715,7,3,2,"1994 musical composed by Alan Menken, lyrics by Howard Ashman and Tim Rice",,Q58483083,,Beauty and the Beast (musical)
La bella e la bestia,Beauty and the Beast,Q1216187,7,3,2,American drama series,,Q5398426,,Beauty and the Beast (1987 TV series)
La bella e la bestia,Beauty and the Beast,Q927048,7,3,2,"1946 film by Jean Cocteau, René Clément",La Belle et la Bête|La Belle et la Bete,Q11424,,Beauty and the Beast (1946 film)
La bella e la bestia,Panna a netvor,Q3206614,7,3,2,1978 Czechoslovak film,,Q11424,,Beauty and the Beast (1978 film)
La bella e la bestia,Jeanne Marie Leprince de Beaumont,Q466788,7,3,2,French author (1711–1776),Madame leprince de Beaumont,Q5,,Jeanne-Marie Leprince de Beaumont
La bella e la bestia,Tony Anselmo,Q719196,7,3,2,American animator and voice actor (born 1960),,Q5,,Tony Anselmo
La bella e la bestia,Tony Anselmo,Q7821764,7,3,2,Calgary community leader (1918–2009),Anthony Garry Anselmo|Anthony G. Anselmo,Q5,,Tony Anselmo (Canadian football)
The Lion Kng,Lion King,Q106980799,8,0,2,American football player,,Q5,,
The Lion Kng,The Lion King,Q36479,8,0,2,1994 animated film directed by Roger Allers and Rob Minkoff,Lion King|1994 The Lion King|1994 Lion King,Q202866,,The Lion King
The Lion Kng,The Lion King,Q27044293,8,0,2,2019 film directed by Jon Favreau,Lion King|The Lion King (2019 film)|2019 The Lion King|2019 Lion King,Q11424|Q202866,,The Lion King (2019 film)
The Lion Kng,The Lion King,Q2901452,8,0,2,Disney media franchise,Lion King,Q196600,,The Lion King (franchise)
The Lion Kng,The Lion King,Q134138,8,0,2,1994 video game,,Q7889,,The Lion King (video game)
The Lion Kng,The Lion King II: Simba's Pride,Q191803,8,0,2,1998 film directed by Darrell Rooney,Lion King II: Simba's Pride|The Lion King II|The Lion King 2: Simba's Pride|The Lion King 2|Simba's Pride|Lion King 2,Q202866,,The Lion King II: Simba's Pride
The Lion Kng,The Lion King,Q1195106,8,0,2,"1997 stage musical with music by Elton John, lyrics by Tim Rice, and book by Roger Allers and Irene Mecchi based on the 1994 Disney animated film of the same name",The Lion King Musical|Lion King the musical|Lion King musical|The Lion King (musical),Q58483083,,The Lion King (musical)
The Lion Kng,The Lion King 1½,Q223217,8,0,2,2004 animated film directed by Bradley Raymond,The Lion King 3: Hakuna Matata|Lion King 1½|The Lion King One and a Half|The Lion King 1 1/2|The Lion King 1,Q202866,,The Lion King 1½
The Lion Kng,The Lion King,Q140188874,8,0,2,1994 home video release of Disney's animated film The Lion King,Lion King,Q47544035,,
The Lion Kng,Lion King,Q84253394,8,0,2,ship built in 2012,,Q11446,,
The Lion Kng,The Lion King: Simba's Mighty Adventure,Q4742157,8,0,2,2000 video game,Disney's The Lion King: Simba's Mighty Adventure,Q7889,,The Lion King: Simba's Mighty Adventure
The Lion Kng,The Lion King 1½,Q3226597,8,0,2,2003 video game,,Q7889,,The Lion King 1½ (video game)
The Lion Kng,The Lion King Collection,Q25426963,8,0,2,1999 compilation album; various artists,Disney’s The Lion King Collection,Q482994,,
The Lion Kng,The Lion King – Original Motion Picture Soundtrack,Q65428547,8,0,2,2019 soundtrack album by various artists,,Q482994,,The Lion King (2019 soundtrack)
The Lion Kng,The Lion King: Activity Center,Q16654294,8,0,2,1999 video game,,Q7889,,
The Lion Kng,Der König der Löwen,Q27662139,8,0,2,German dubbing of Disney's Lion King (1994),,Q26204053,,
The Lion Kng,The Lion King – Original Motion Picture Soundtrack,Q1154894,8,0,2,1994 soundtrack album by Elton John and Hans Zimmer with various artists,The Lion King (1994 soundtrack),Q482994,,The Lion King (1994 soundtrack)
The Lion Kng,The Lion King universe,Q73544451,8,0,2,fictional universe where The Lion King franchise is set in,,Q559618,,
Lou Dellarosa,Lou Dellarosa,Q28813488,8,2,1,animator,,Q5,,
Der König der Löwen,Der König der Löwen,Q27662139,8,3,1,German dubbing of Disney's Lion King (1994),,Q26204053,,
Der König der Löwen,The Lion King,Q36479,8,3,1,1994 animated film directed by Roger Allers and Rob Minkoff,Lion King|1994 The Lion King|1994 Lion King,Q202866,,The Lion King
Der König der Löwen,The Lion King,Q27044293,8,3,1,2019 film directed by Jon Favreau,Lion King|The Lion King (2019 film)|2019 The Lion King|2019 Lion King,Q11424|Q202866,,The Lion King (2019 film)
Der König der Löwen,The Lion King,Q2901452,8,3,1,Disney media franchise,Lion King,Q196600,,The Lion King (franchise)
Der König der Löwen,The Lion King,Q1195106,8,3,1,"1997 stage musical with music by Elton John, lyrics by Tim Rice, and book by Roger Allers and Irene Mecchi based on the 1994 Disney animated film of the same name",The Lion King Musical|Lion King the musical|Lion King musical|The Lion King (musical),Q58483083,,The Lion King (musical)
Der König der Löwen,The Lion King – Original Motion Picture Soundtrack,Q1154894,8,3,1,1994 soundtrack album by Elton John and Hans Zimmer with various artists,The Lion King (1994 soundtrack),Q482994,,The Lion King (1994 soundtrack)
Der König der Löwen,The Lion King,Q134138,8,3,1,1994 video game,,Q7889,,The Lion King (video game)
Der König der Löwen,The Lion King II: Simba's Pride,Q191803,8,3,1,1998 film directed by Darrell Rooney,Lion King II: Simba's Pride|The Lion King II|The Lion King 2: Simba's Pride|The Lion King 2|Simba's Pride|Lion King 2,Q202866,,The Lion King II: Simba's Pride
Der König der Löwen,The Lion King 1½,Q223217,8,3,1,2004 animated film directed by Bradley Raymond,The Lion King 3: Hakuna Matata|Lion King 1½|The Lion King One and a Half|The Lion King 1 1/2|The Lion King 1,Q202866,,The Lion King 1½
Der König der Löwen,The Lion King universe,Q73544451,8,3,1,fictional universe where The Lion King franchise is set in,,Q559618,,
Der König der Löwen,The Lion Guard: Return of the Roar,Q21577191,8,3,2,2015 film directed by Howy Parkins,Lion Guard: Return of the Roar|The Lion Guard: Return of Roar,Q506240,,The Lion Guard: Return of Roar
Der König der Löwen,The Lion King: Simba's Mighty Adventure,Q4742157,8,3,2,2000 video game,Disney's The Lion King: Simba's Mighty Adventure,Q7889,,The Lion King: Simba's Mighty Adventure
Der König der Löwen,The Lion King 1½,Q3226597,8,3,2,2003 video game,,Q7889,,The Lion King 1½ (video game)
Der König der Löwen,The Lion King Collection,Q25426963,8,3,2,1999 compilation album; various artists,Disney’s The Lion King Collection,Q482994,,
Der König der Löwen,The Lion King – Original Motion Picture Soundtrack,Q65428547,8,3,2,2019 soundtrack album by various artists,,Q482994,,The Lion King (2019 soundtrack)
Der König der Löwen,The Lion King: Activity Center,Q16654294,8,3,2,1999 video game,,Q7889,,
Der König der Löwen,Lion King,Q106980799,8,3,2,American football player,,Q5,,
Der König der Löwen,The Lion King,Q140188874,8,3,2,1994 home video release of Disney's animated film The Lion King,Lion King,Q47544035,,
Der König der Löwen,Lion King,Q84253394,8,3,2,ship built in 2012,,Q11446,,
The Sword in the Utone,The Sword in the Stone,Q204662,9,0,2,1963 animated film directed by Wolfgang Reitherman,Sword in the Stone,Q202866,,The Sword in the Stone (1963 film)
The Sword in the Utone,The Sword in the Stone,Q3205402,9,0,2,1938 novel by T. H. White,,Q7725634,,The Sword in the Stone (novel)
The Sword in the Utone,Sword in the Stone,Q23652372,9,0,2,2019 film project,The Sword in the Stone,Q18011172,,The Sword in the Stone (upcoming film)
The Sword in the Utone,The Sword in the Stone,Q136522153,9,0,2,1993 hardcover edition (en),,Q3331189,,
The Sword in the Utone,The Sword in the Stone (Part 2),Q50933159,9,0,2,episode of Merlin (S4 E13),,Q21191270,,
The Sword in the Utone,The Sword in the Stone (Part 1),Q50933158,9,0,2,episode of Merlin (S4 E12),,Q21191270,,
The Sword in the Utone,The Sword in the Stoned,Q138755346,9,0,2,5th episode of the 2nd season of Ted,,Q21191270,,The Sword in the Stoned
The Sword in the Utone,The Sword in the Stone,Q398290,9,0,2,Wikimedia disambiguation page,,Q4167410,,The Sword in the Stone
T. H. White,T. H. White,Q453410,9,1,1,English author (1906–1964),T.H. White|Terence Hanbury White|James Aston,Q5,,T. H. White
Ollie Johnston,Ollie Johnston,Q443540,9,2,1,American animator (1912-2008),"Ollie Johnson|Oliver M. Johnston|Oliver Johnston|Oliver Johnston, Jr.",Q5,,Ollie Johnston
Ollie Johnston,"Ollie Johnston, 95, Classic Disney Animator, Is Dead",Q123736262,9,2,1,"The New York Times article (April 16, 2008)",,Q309481,,
Ollie Johnston,T. H. White,Q453410,9,2,2,English author (1906–1964),T.H. White|Terence Hanbury White|James Aston,Q5,,T. H. White
Ollie Johnston,Die Hexe und der Zauberer,Q27182044,9,2,2,German dubbing of Disney's The Sword in the Stone (1964),,Q26204053,,
Ollie Johnston,The Sword in the Stone,Q204662,9,2,2,1963 animated film directed by Wolfgang Reitherman,Sword in the Stone,Q202866,,The Sword in the Stone (1963 film)
Die Hexe und der Zauberer,Die Hexe und der Zauberer,Q27182044,9,3,1,German dubbing of Disney's The Sword in the Stone (1964),,Q26204053,,
Die Hexe und der Zauberer,The Sword in the Stone,Q204662,9,3,1,1963 animated film directed by Wolfgang Reitherman,Sword in the Stone,Q202866,,The Sword in the Stone (1963 film)
Die Hexe und der Zauberer,Witch riding backwards on a goat,Q18338520,9,3,2,Engraving by Albrecht Dürer,Witch Riding on a Goat|The Witch|Witches' Sabbath,Q18887969,,
Die Hexe und der Zauberer,Die Hexenprinzessin,Q101445672,9,3,2,2020 television film directed by The Chau Ngo,,Q506240,,
Die Hexe und der Zauberer,Die Hexe,Q30901495,9,3,2,1921 film,,Q11424,,
Die Hexe und der Zauberer,Jarmila,Q11722278,9,3,2,opera by Theodor Václav Brodský,Die Hexe vom Rhein,Q58483083,,
Die Hexe und der Zauberer,The Witch,Q3212904,9,3,2,short story by Anton Chekhov,,Q7725634,,The Witch (short story)
Die Hexe und der Zauberer,Die Hexenprobe,Q115732167,9,3,2,"German article in Die Gartenlaube, 1884, no. 52",,Q191067,,
Die Hexe und der Zauberer,Die Hexe von Glaustädt,Q62617206,9,3,2,"German article in Die Gartenlaube, 1897, no. 20–37",,Q191067,,
Die Hexe und der Zauberer,Die Hexe vom Triesnerberg,Q131363623,9,3,2,historical novel by Marianne Maidorf,,Q7725634,,
Die Hexe und der Zauberer,Häxan,Q1438966,9,3,2,1922 film by Benjamin Christensen,Witchcraft Through the Ages,Q11424,,Häxan
Die Hexe und der Zauberer,Der Zaubrer,Q123762242,9,3,2,opera (singspiel) by Franz Andreas Holly,Der Zauberer,Q58483083,,
Die Hexe und der Zauberer,Der Zauberer von Rom,Q111239475,9,3,2,novel by Karl Gutzkow,,Q7725634,,
Die Hexe und der Zauberer,Der Zauberer von Berlin,Q62611385,9,3,2,"German article in Die Gartenlaube, 1860, no. 51",,Q191067,,
Die Hexe und der Zauberer,Der Zauberer Oz,Q80658975,9,3,2,"article by Hannes Stein published in Merkur (2005), no. 672, pp. 350-354.",,Q191067,,
Die Hexe und der Zauberer,The Magic Mountain,Q212898,9,3,2,1924 novel by Thomas Mann,,Q7725634,,The Magic Mountain
Die Hexe und der Zauberer,Der Zauberer vom Kilima-Ndjaro,Q62616056,9,3,2,"German article in Die Gartenlaube, 1887, no. 48",,Q191067,,
Die Hexe und der Zauberer,Der Zauberer von Meßkirch,Q126954880,9,3,2,1989 documentary film,,Q11424,,Der Zauberer von Meßkirch
Die Hexe und der Zauberer,Der Zauberer vom Rom,Q42197811,9,3,2,,,Q17537576,,
Die Hexe und der Zauberer,Der Zauberer und das Lachkräutlein,Q126492626,9,3,2,performing arts production of the Theater Basel during the season 1937-1938,,Q43099500,,
Die Hexe und der Zauberer,Der Zauberer von Oz. Märchenoper für Kinder ab sechs Jahren,Q137197050,9,3,2,performing arts production during the season 2016/17,,Q43099500,,
Oliver & Fompany,Oliver & Company,Q25396727,10,0,2,1989 video game,Oliver and Company,Q7889,,
Oliver & Fompany,Oliver & Company,Q216929,10,0,2,1988 animated film directed by George Scribner,Oliver and Company,Q202866,,Oliver & Company
Oliver & Fompany,Oliver & Company – Original Motion Picture Soundtrack,Q27495830,10,0,2,soundtrack from the 1988 Disney animated film Oliver & Company,,Q482994,,Oliver & Company (soundtrack)
Oliver & Fompany,Oliver & Company universe,Q124026048,10,0,2,fictional universe,,Q559618,,
Oliver & Fompany,Oliver & Co.,Q27495379,10,0,2,German dubbing of Disney's Oliver & Company (1989),,Q26204053,,
Charles Dickens,Charles Dickens,Q5686,10,1,1,English novelist and social critic (1812–1870),Dickens|Boz|C. Dickens,Q5,,Charles Dickens
Charles Dickens,Charles Dickens,Q130950046,10,1,1,researcher (ORCID 0000-0002-0368-6859),,Q5,,
Charles Dickens,"Charles Dickens, Jr.",Q4775087,10,1,1,eldest child of Victorian-era novelist Charles Dickens,Charles Dickens Jr.|Charles Culliford Boz Dickens|Charles Dickens,Q5,,Charles Dickens Jr.
Charles Dickens,Charles Dickens,Q28049516,10,1,1,painting by Daniel Maclise,,Q3305213,,Portrait of Charles Dickens
Charles Dickens,Charles Dickens,Q28050059,10,1,1,painting by Ary Scheffer,,Q3305213,,Portrait of Charles Dickens (Scheffer)
Charles Dickens,Charles Dickens,Q20634843,10,1,1,painting by Francis Alexander,,Q3305213,,
Charles Dickens,Charles Dickens,Q19030974,10,1,1,Book by G. K. Chesterton published in 1906,,Q3331189|Q19389637,,
Charles Dickens,Charles Dickens,Q63203984,10,1,1,critical article by George Stott,,Q7725634,,
Charles Dickens,Charles Dickens,Q55015385,10,1,1,portrait by Friedrich Bruckmann,,Q125191,,
Charles Dickens,Charles Dickens,Q65525224,10,1,1,Book by Gerhard Gran published in 1925,,Q3331189,,
Charles Dickens,Oliver Twist,Q164974,10,1,2,1838 novel by Charles Dickens,The Adventures of Oliver Twist|The Parish Boy's Progress,Q7725634|Q1347298,,Oliver Twist
Charles Dickens,Oliver Twist,Q861202,10,1,2,2005 drama film directed by Roman Polanski,,Q11424,,Oliver Twist (2005 film)
Charles Dickens,Oliver Twist,Q7087902,10,1,2,title character and the protagonist of the novel Oliver Twist by Charles Dickens,,Q15632617|Q3658341|Q19324463,,Oliver Twist (character)
Charles Dickens,Oliver Twist,Q645752,10,1,2,1948 film directed by David Lean,,Q11424,,Oliver Twist (1948 film)
Charles Dickens,Oliver Twist,Q3881809,10,1,2,1916 film by James Young,,Q11424,,Oliver Twist (1916 film)
Charles Dickens,Oliver Twist,Q7087891,10,1,2,1912 British silent drama film directed by Thomas Bentley and produced by the Hepworth Company,,Q11424,,Oliver Twist (1912 British film)
Charles Dickens,Oliver Twist,Q2265019,10,1,2,1922 film directed by Frank Lloyd,,Q11424,,Oliver Twist (1922 film)
Charles Dickens,Oliver Twist,Q373141,10,1,2,1933 American film directed by William J. Cowen,,Q11424,,Oliver Twist (1933 film)
Charles Dickens,Oliver Twist,Q4890733,10,1,2,1909 film directed by J. Stuart Blackton,,Q24862,,Oliver Twist (1909 film)
Charles Dickens,Oliver Twist,Q51930071,10,1,2,1974 film directed by Hal Sutherland,,Q11424,,Oliver Twist (1974 film)
Charles Dickens,Oliver & Company,Q25396727,10,1,2,1989 video game,Oliver and Company,Q7889,,
Charles Dickens,Oliver & Company,Q216929,10,1,2,1988 animated film directed by George Scribner,Oliver and Company,Q202866,,Oliver & Company
Charles Dickens,Oliver & Company – Original Motion Picture Soundtrack,Q27495830,10,1,2,soundtrack from the 1988 Disney animated film Oliver & Company,,Q482994,,Oliver & Company (soundtrack)
Charles Dickens,Oliver & Company universe,Q124026048,10,1,2,fictional universe,,Q559618,,
Mark Henn,Mark Henn,Q2396556,10,2,1,American animator (born 1958),Mark Alan Henn,Q5,,Mark Henn
Mark Henn,Mark Hennessey,Q100802278,10,2,1,basketball player,,Q5,,
Mark Henn,Mark Henniger,Q100802284,10,2,1,college basketball player (2011–2014) Kent State,,Q5,,
Mark Henn,Mark Henning,Q125846363,10,2,1,,,Q5,,
Mark Henn,Mark Henniker,Q18529044,10,2,1,"(1906–1991), army officer and author","Sir Mark Chandos Auberon Henniker, 8th Baronet|Sir Mark Henniker, 8th Baronet|Mark Chandos Auberon Henniker|Brigadier Sir Mark Chandos Auberon Henniker, 8th Bt.",Q5,,
Mark Henn,Mark Hennessy,Q6768000,10,2,1,American singer,Mark Tom Hennessy,Q5,,Mark Hennessy
Mark Henn,Mark Hennessy,Q65983744,10,2,1,Irish university teacher (geography) and writer,,Q5,,
Mark Henn,Mark Hennessy,Q65992269,10,2,1,American film actor,,Q5,,
Mark Henn,Mark Hennessy,Q65988152,10,2,1,Irish linguist and teaching assistant,,Q5,,
Mark Henn,Mark Gerald Henninger,Q105882978,10,2,1,American Jesuit philosopher (1948-),Mark G. Henninger|Mark Henninger,Q5,,Mark G. Henninger
Mark Henn,Charles Dickens,Q5686,10,2,2,English novelist and social critic (1812–1870),Dickens|Boz|C. Dickens,Q5,,Charles Dickens
Mark Henn,Charles Dickens,Q130950046,10,2,2,researcher (ORCID 0000-0002-0368-6859),,Q5,,
Mark Henn,"Charles Dickens, Jr.",Q4775087,10,2,2,eldest child of Victorian-era novelist Charles Dickens,Charles Dickens Jr.|Charles Culliford Boz Dickens|Charles Dickens,Q5,,Charles Dickens Jr.
Mark Henn,Charles Dickens,Q28049516,10,2,2,painting by Daniel Maclise,,Q3305213,,Portrait of Charles Dickens
Mark Henn,Charles Dickens,Q28050059,10,2,2,painting by Ary Scheffer,,Q3305213,,Portrait of Charles Dickens (Scheffer)
Mark Henn,Charles Dickens,Q20634843,10,2,2,painting by Francis Alexander,,Q3305213,,
Mark Henn,Charles Dickens,Q19030974,10,2,2,Book by G. K. Chesterton published in 1906,,Q3331189|Q19389637,,
Mark Henn,Charles Dickens,Q63203984,10,2,2,critical article by George Stott,,Q7725634,,
Mark Henn,Charles Dickens,Q55015385,10,2,2,portrait by Friedrich Bruckmann,,Q125191,,
Mark Henn,Charles Dickens,Q65525224,10,2,2,Book by Gerhard Gran published in 1925,,Q3331189,,
Oliver & Co,Oliver & Company,Q216929,10,3,1,1988 animated film directed by George Scribner,Oliver and Company,Q202866,,Oliver & Company
Oliver & Co,Oliver & Company – Original Motion Picture Soundtrack,Q27495830,10,3,1,soundtrack from the 1988 Disney animated film Oliver & Company,,Q482994,,Oliver & Company (soundtrack)
Oliver & Co,Oliver & Company,Q25396727,10,3,1,1989 video game,Oliver and Company,Q7889,,
Oliver & Co,Oliver & Co.,Q27495379,10,3,1,German dubbing of Disney's Oliver & Company (1989),,Q26204053,,
Oliver & Co,Oliver & Company universe,Q124026048,10,3,1,fictional universe,,Q559618,,
Oliver & Co,Oliver & Columbine,Q2020026,10,3,1,,,Q14406742,,
Oliver & Co,Charles Dickens,Q5686,10,3,2,English novelist and social critic (1812–1870),Dickens|Boz|C. Dickens,Q5,,Charles Dickens
Oliver & Co,Charles Dickens,Q130950046,10,3,2,researcher (ORCID 0000-0002-0368-6859),,Q5,,
Oliver & Co,"Charles Dickens, Jr.",Q4775087,10,3,2,eldest child of Victorian-era novelist Charles Dickens,Charles Dickens Jr.|Charles Culliford Boz Dickens|Charles Dickens,Q5,,Charles Dickens Jr.
Oliver & Co,Charles Dickens,Q28049516,10,3,2,painting by Daniel Maclise,,Q3305213,,Portrait of Charles Dickens
Oliver & Co,Charles Dickens,Q28050059,10,3,2,painting by Ary Scheffer,,Q3305213,,Portrait of Charles Dickens (Scheffer)
Oliver & Co,Charles Dickens,Q20634843,10,3,2,painting by Francis Alexander,,Q3305213,,
Oliver & Co,Charles Dickens,Q19030974,10,3,2,Book by G. K. Chesterton published in 1906,,Q3331189|Q19389637,,
Oliver & Co,Charles Dickens,Q63203984,10,3,2,critical article by George Stott,,Q7725634,,
Oliver & Co,Charles Dickens,Q55015385,10,3,2,portrait by Friedrich Bruckmann,,Q125191,,
Oliver & Co,Charles Dickens,Q65525224,10,3,2,Book by Gerhard Gran published in 1925,,Q3331189,,
Oliver & Co,Mark Henn,Q2396556,10,3,2,American animator (born 1958),Mark Alan Henn,Q5,,Mark Henn
Oliver & Co,Mark Hennessey,Q100802278,10,3,2,basketball player,,Q5,,
Oliver & Co,Mark Henniger,Q100802284,10,3,2,college basketball player (2011–2014) Kent State,,Q5,,
Oliver & Co,Mark Henning,Q125846363,10,3,2,,,Q5,,
Oliver & Co,Mark Henniker,Q18529044,10,3,2,"(1906–1991), army officer and author","Sir Mark Chandos Auberon Henniker, 8th Baronet|Sir Mark Henniker, 8th Baronet|Mark Chandos Auberon Henniker|Brigadier Sir Mark Chandos Auberon Henniker, 8th Bt.",Q5,,
Oliver & Co,Mark Hennessy,Q6768000,10,3,2,American singer,Mark Tom Hennessy,Q5,,Mark Hennessy
Oliver & Co,Mark Hennessy,Q65983744,10,3,2,Irish university teacher (geography) and writer,,Q5,,
Oliver & Co,Mark Hennessy,Q65992269,10,3,2,American film actor,,Q5,,
Oliver & Co,Mark Hennessy,Q65988152,10,3,2,Irish linguist and teaching assistant,,Q5,,
Oliver & Co,Mark Gerald Henninger,Q105882978,10,3,2,American Jesuit philosopher (1948-),Mark G. Henninger|Mark Henninger,Q5,,Mark G. Henninger
Thg Plague Dogs,Richard Adams,Q313289,11,0,2,English novelist best known as the author of Watership Down,Richard George Adams,Q5,,Richard Adams
Thg Plague Dogs,Richard Adams,Q7323635,11,0,2,American politician from Ohio,Dick Adams,Q5,,Richard Adams (Ohio politician)
Thg Plague Dogs,Richard Adams,Q108104176,11,0,2,(1726–1800),"Col. Richard Adams, Jr.",Q5,,
Thg Plague Dogs,Richard Adams,Q7323632,11,0,2,British Labour Party politician (1912-1978),Harold Richard Adams,Q5,,Richard Adams (British politician)
Thg Plague Dogs,Richard D. Adams,Q51202237,11,0,2,American chemist,Richard Adams,Q5,,
Thg Plague Dogs,Richard Adams,Q112542843,11,0,2,,,Q5,,
Thg Plague Dogs,Richard Adams,Q112368415,11,0,2,English teacher and writer (born 1938),,Q5,,
Thg Plague Dogs,Richard Adams,Q123669379,11,0,2,16 Mar 1734 - 23 Dec 1810,,Q5,,
Thg Plague Dogs,Richard Adams,Q123678563,11,0,2,,,Q5,,
Thg Plague Dogs,Richard Adams,Q56426072,11,0,2,researcher (ORCID 0000-0003-3915-7243),,Q5,,
Thg Plague Dogs,Retta Scott,Q4977804,11,0,2,American artist (1916-1990),,Q5,,Retta Scott
Thg Plague Dogs,Retta Davidson,Q7317109,11,0,2,American animator (1921 - 1998),Retta Scott,Q5,,Retta Davidson
Richard Adams,Richard Adams,Q313289,11,1,1,English novelist best known as the author of Watership Down,Richard George Adams,Q5,,Richard Adams
Richard Adams,Richard Adams,Q7323635,11,1,1,American politician from Ohio,Dick Adams,Q5,,Richard Adams (Ohio politician)
Richard Adams,Richard Adams,Q108104176,11,1,1,(1726–1800),"Col. Richard Adams, Jr.",Q5,,
Richard Adams,Richard Adams,Q7323632,11,1,1,British Labour Party politician (1912-1978),Harold Richard Adams,Q5,,Richard Adams (British politician)
Richard Adams,Richard D. Adams,Q51202237,11,1,1,American chemist,Richard Adams,Q5,,
Richard Adams,Richard Adams,Q112542843,11,1,1,,,Q5,,
Richard Adams,Richard Adams,Q112368415,11,1,1,English teacher and writer (born 1938),,Q5,,
Richard Adams,Richard Adams,Q123669379,11,1,1,16 Mar 1734 - 23 Dec 1810,,Q5,,
Richard Adams,Richard Adams,Q123678563,11,1,1,,,Q5,,
Richard Adams,Richard Adams,Q56426072,11,1,1,researcher (ORCID 0000-0003-3915-7243),,Q5,,
Richard Adams,Retta Scott,Q4977804,11,1,2,American artist (1916-1990),,Q5,,Retta Scott
Richard Adams,Retta Davidson,Q7317109,11,1,2,American animator (1921 - 1998),Retta Scott,Q5,,Retta Davidson
Retta Scott,Retta Scott,Q4977804,11,2,1,American artist (1916-1990),,Q5,,Retta Scott
Retta Scott,Retta Davidson,Q7317109,11,2,1,American animator (1921 - 1998),Retta Scott,Q5,,Retta Davidson
Zortopic,Chad Sellers,Q28007087,12,0,2,digital artist and animator,,Q5,,
Zortopic,Zoomania,Q28035758,12,0,2,German dubbing of Disney's Zootopia (2016),,Q26160672|Q26204053,,
Zortopic,Zootopia,Q15270647,12,0,2,2016 animated film directed by Byron Howard and Rich Moore,Zootropolis,Q202866,,Zootopia
Zortopic,Zootopia,Q24387968,12,0,2,fictional metropolis from Zootopia,,Q1964689,,
Zortopic,Zootopia,Q116753708,12,0,2,Disney media franchise,,Q196600,,Zootopia (franchise)
Zortopic,Zootopia universe,Q99972737,12,0,2,narrative universe of the eponymous 2016 Walt Disney Animation Studios film,Zootropolis universe,Q559618,,
Zortopic,Zootopia+,Q108325631,12,0,2,American animated television series,,Q117467246|Q1259759,,Zootopia+
Zortopic,Zootopia Police Department,Q24136201,12,0,2,fictional police department,ZPD,Q56670043,,
Zortopic,Zootopia 2,Q116764712,12,0,2,2025 animated film directed by Jared Bush and Byron Howard,Zootropolis 2,Q202866|Q11424,,Zootopia 2
Chad Sellers,Chad Sellers,Q28007087,12,2,1,digital artist and animator,,Q5,,
Chad Sellers,Zoomania,Q28035758,12,2,2,German dubbing of Disney's Zootopia (2016),,Q26160672|Q26204053,,
Chad Sellers,Zootopia,Q15270647,12,2,2,2016 animated film directed by Byron Howard and Rich Moore,Zootropolis,Q202866,,Zootopia
Chad Sellers,Zootopia,Q24387968,12,2,2,fictional metropolis from Zootopia,,Q1964689,,
Chad Sellers,Zootopia,Q116753708,12,2,2,Disney media franchise,,Q196600,,Zootopia (franchise)
Chad Sellers,Zootopia universe,Q99972737,12,2,2,narrative universe of the eponymous 2016 Walt Disney Animation Studios film,Zootropolis universe,Q559618,,
Chad Sellers,Zootopia+,Q108325631,12,2,2,American animated television series,,Q117467246|Q1259759,,Zootopia+
Chad Sellers,Zootopia Police Department,Q24136201,12,2,2,fictional police department,ZPD,Q56670043,,
Chad Sellers,Zootopia 2,Q116764712,12,2,2,2025 animated film directed by Jared Bush and Byron Howard,Zootropolis 2,Q202866|Q11424,,Zootopia 2
Zoomania,Zoomania,Q28035758,12,3,1,German dubbing of Disney's Zootopia (2016),,Q26160672|Q26204053,,
Zoomania,Zootopia,Q15270647,12,3,1,2016 animated film directed by Byron Howard and Rich Moore,Zootropolis,Q202866,,Zootopia
Zoomania,Zootopia,Q24387968,12,3,1,fictional metropolis from Zootopia,,Q1964689,,
Zoomania,Zootopia,Q116753708,12,3,1,Disney media franchise,,Q196600,,Zootopia (franchise)
Zoomania,Zootopia universe,Q99972737,12,3,1,narrative universe of the eponymous 2016 Walt Disney Animation Studios film,Zootropolis universe,Q559618,,
Zoomania,Zootopia+,Q108325631,12,3,1,American animated television series,,Q117467246|Q1259759,,Zootopia+
Zoomania,Zootopia Police Department,Q24136201,12,3,1,fictional police department,ZPD,Q56670043,,
Zoomania,Zootopia 2,Q116764712,12,3,1,2025 animated film directed by Jared Bush and Byron Howard,Zootropolis 2,Q202866|Q11424,,Zootopia 2
Zoomania,Chad Sellers,Q28007087,12,3,2,digital artist and animator,,Q5,,
Snow White and theSven Dwarfs,Snow White and the Seven Dwarfs,Q134430,13,0,2,1937 American animated film,Snow White and the 7 Dwarfs|Snow White and the Seven Dwarves|Snow White and the 7 Dwarves|1937 Snow White,Q202866,,Snow White and the Seven Dwarfs (1937 film)
Snow White and theSven Dwarfs,Snow White and the Seven Dwarfs,Q7548351,13,0,2,1912 play by Winthrop Ames,,Q7725634,,Snow White and the Seven Dwarfs (1912 play)
Snow White and theSven Dwarfs,Snow White and the Seven Dwarfs,Q2905942,13,0,2,2001 video game,,Q7889,,
Snow White and theSven Dwarfs,Snow White,Q11831,13,0,2,fairy tale version published by the Brothers Grimm,Snowdrop|Snow-drop|The History of the Snow-Maiden|Snow-white and the seven dwarfs|Little Snow-white,Q7725634|Q699,,Snow White
Snow White and theSven Dwarfs,Snow White and the Seven Dwarfs,Q7548357,13,0,2,musical,,Q58483083,,Snow White and the Seven Dwarfs (musical)
Snow White and theSven Dwarfs,Snow White and the Seven Dwarfs,Q16532946,13,0,2,1984 television film directed by Peter Medak,,Q506240,,
Snow White and theSven Dwarfs,Snow White and the Seven Dwarfs,Q2247470,13,0,2,1955 German film directed by Erich Kobler,,Q11424,,Snow White and the Seven Dwarfs (1955 film)
Snow White and theSven Dwarfs,Snow White and the Seven Dwarfs,Q55115920,13,0,2,1913 edition of Winthrop Ames' 1912 play,,Q3331189,,
Snow White and theSven Dwarfs,Snow White and the Seven Dwarfs soundtrack releases,Q7548355,13,0,2,Wikipedia article covering multiple soundtrack releases,,Q107974527,,Snow White and the Seven Dwarfs (soundtrack)
Snow White and theSven Dwarfs,Snow White and the Seven Dwarfs,Q2247493,13,0,2,1992 television film directed by Ludvík Ráža,Schneewittchen und das Geheimnis der Zwerge,Q506240,,
Snow White and theSven Dwarfs,Snehvide og de syv dværge,Q114894537,13,0,2,1938 Danish dubbing of the Disney animated film,,Q26204053,,
Snow White and theSven Dwarfs,Snehvide og de syv dværge,Q114894947,13,0,2,1982 Danish dubbing of the Disney animated film,,Q26204053,,
Robert Wickersham,Robert Wickersham,Q29363531,13,2,1,director and animator (1911–1962),Bob Wickersham,Q5,,
Robert Wickersham,Robert H Wickersham,Q89876180,13,2,1,researcher,Robert Wickersham,Q5,,
Snehvide og de syv dværge,Snehvide og de syv dværge,Q114894537,13,3,1,1938 Danish dubbing of the Disney animated film,,Q26204053,,
Snehvide og de syv dværge,Snehvide og de syv dværge,Q114894947,13,3,1,1982 Danish dubbing of the Disney animated film,,Q26204053,,
Snehvide og de syv dværge,Snow White and the Seven Dwarfs,Q134430,13,3,1,1937 American animated film,Snow White and the 7 Dwarfs|Snow White and the Seven Dwarves|Snow White and the 7 Dwarves|1937 Snow White,Q202866,,Snow White and the Seven Dwarfs (1937 film)
Snehvide og de syv dværge,Snow White and the Seven Dwarfs,Q7548351,13,3,2,1912 play by Winthrop Ames,,Q7725634,,Snow White and the Seven Dwarfs (1912 play)
Snehvide og de syv dværge,Snow White and the Seven Dwarfs,Q2905942,13,3,2,2001 video game,,Q7889,,
Snehvide og de syv dværge,Snow White,Q11831,13,3,2,fairy tale version published by the Brothers Grimm,Snowdrop|Snow-drop|The History of the Snow-Maiden|Snow-white and the seven dwarfs|Little Snow-white,Q7725634|Q699,,Snow White
Snehvide og de syv dværge,Snow White and the Seven Dwarfs,Q7548357,13,3,2,musical,,Q58483083,,Snow White and the Seven Dwarfs (musical)
Snehvide og de syv dværge,Snow White and the Seven Dwarfs,Q16532946,13,3,2,1984 television film directed by Peter Medak,,Q506240,,
Snehvide og de syv dværge,Snow White and the Seven Dwarfs,Q2247470,13,3,2,1955 German film directed by Erich Kobler,,Q11424,,Snow White and the Seven Dwarfs (1955 film)
Snehvide og de syv dværge,Snow White and the Seven Dwarfs,Q55115920,13,3,2,1913 edition of Winthrop Ames' 1912 play,,Q3331189,,
Snehvide og de syv dværge,Snow White and the Seven Dwarfs soundtrack releases,Q7548355,13,3,2,Wikipedia article covering multiple soundtrack releases,,Q107974527,,Snow White and the Seven Dwarfs (soundtrack)
Snehvide og de syv dværge,Snow White and the Seven Dwarfs,Q2247493,13,3,2,1992 television film directed by Ludvík Ráža,Schneewittchen und das Geheimnis der Zwerge,Q506240,,
Snehvide og de syv dværge,Robert Wickersham,Q29363531,13,3,2,director and animator (1911–1962),Bob Wickersham,Q5,,
Snehvide og de syv dværge,Robert H Wickersham,Q89876180,13,3,2,researcher,Robert Wickersham,Q5,,
The Brave Litle Toaster,The Brave Little Toaster,Q1199692,14,0,2,1987 American animated film,Brave Little Toaster,Q202866,,The Brave Little Toaster
The Brave Litle Toaster,The Brave Little Toaster,Q5234815,14,0,2,1980 novelette by Thomas M. Disch,,Q7725634,,The Brave Little Toaster (novel)
The Brave Litle Toaster,The Brave Little Toaster,Q131516916,14,0,2,2011 short story by Cory Doctorow,,Q7725634,,
The Brave Litle Toaster,The Brave Little Toaster to the Rescue,Q924184,14,0,2,1997 film,Brave Little Toaster to the Rescue,Q202866,,The Brave Little Toaster to the Rescue
The Brave Litle Toaster,The Brave Little Toaster Goes to Mars,Q762082,14,0,2,1998 film by Robert C. Ramirez,Brave Little Toaster Goes to Mars,Q11424,,The Brave Little Toaster Goes to Mars
The Brave Litle Toaster,The Brave Little Toaster Goes to Mars,Q97900950,14,0,2,1988 novel,,Q7725634,,
The Brave Litle Toaster,Thomas M. Disch,Q708581,14,0,2,American science fiction author and poet (1940–2008),Cassandra Knye|Leonie Hargrave|Thom Demijohn|Victor Hastings|Tom Disch|Thomas Disch,Q5,,Thomas M. Disch
The Brave Litle Toaster,Amnesia,Q4747366,14,0,2,1986 text adventure computer game,Thomas M. Disch's Amnesia,Q7889,,Amnesia (1986 video game)
The Brave Litle Toaster,Ah Da,Q2827391,14,0,2,Chinese film director and caricaturist (1934-1987),,Q5,,
The Brave Litle Toaster,Ah Danzade,Q29949805,14,0,2,"theatre troupe from Zurich, Switzerland",,Q2416217,,
The Brave Litle Toaster,Ah Dang,Q140425706,14,0,2,"character in Doctor, Live Again",,Q1114461|Q15632617,,
The Brave Litle Toaster,"Ah dal pianto, dal singhiozzo",Q54985553,14,0,2,"aria from the opera La Finta Giardiniera by Mozart, Wolfgang Amadeus",,Q105543609,,
The Brave Litle Toaster,Ah dagli scanni eternei,Q54988845,14,0,2,aria from the opera Stiffelio by Giuseppe Verdi,,Q105543609,,
Thomas M. Disch,Thomas M. Disch,Q708581,14,1,1,American science fiction author and poet (1940–2008),Cassandra Knye|Leonie Hargrave|Thom Demijohn|Victor Hastings|Tom Disch|Thomas Disch,Q5,,Thomas M. Disch
Thomas M. Disch,Amnesia,Q4747366,14,1,1,1986 text adventure computer game,Thomas M. Disch's Amnesia,Q7889,,Amnesia (1986 video game)
Thomas M. Disch,The Brave Little Toaster,Q1199692,14,1,2,1987 American animated film,Brave Little Toaster,Q202866,,The Brave Little Toaster
Thomas M. Disch,The Brave Little Toaster,Q5234815,14,1,2,1980 novelette by Thomas M. Disch,,Q7725634,,The Brave Little Toaster (novel)
Thomas M. Disch,The Brave Little Toaster,Q131516916,14,1,2,2011 short story by Cory Doctorow,,Q7725634,,
Thomas M. Disch,The Brave Little Toaster to the Rescue,Q924184,14,1,2,1997 film,Brave Little Toaster to the Rescue,Q202866,,The Brave Little Toaster to the Rescue
Thomas M. Disch,The Brave Little Toaster Goes to Mars,Q762082,14,1,2,1998 film by Robert C. Ramirez,Brave Little Toaster Goes to Mars,Q11424,,The Brave Little Toaster Goes to Mars
Thomas M. Disch,The Brave Little Toaster Goes to Mars,Q97900950,14,1,2,1988 novel,,Q7725634,,
Thomas M. Disch,Ah Da,Q2827391,14,1,2,Chinese film director and caricaturist (1934-1987),,Q5,,
Thomas M. Disch,Ah Danzade,Q29949805,14,1,2,"theatre troupe from Zurich, Switzerland",,Q2416217,,
Thomas M. Disch,Ah Dang,Q140425706,14,1,2,"character in Doctor, Live Again",,Q1114461|Q15632617,,
Thomas M. Disch,"Ah dal pianto, dal singhiozzo",Q54985553,14,1,2,"aria from the opera La Finta Giardiniera by Mozart, Wolfgang Amadeus",,Q105543609,,
Thomas M. Disch,Ah dagli scanni eternei,Q54988845,14,1,2,aria from the opera Stiffelio by Giuseppe Verdi,,Q105543609,,
Ah Da,Ah Da,Q2827391,14,2,1,Chinese film director and caricaturist (1934-1987),,Q5,,
Ah Da,Ah Danzade,Q29949805,14,2,1,"theatre troupe from Zurich, Switzerland",,Q2416217,,
Ah Da,Ah Dang,Q140425706,14,2,1,"character in Doctor, Live Again",,Q1114461|Q15632617,,
Ah Da,"Ah dal pianto, dal singhiozzo",Q54985553,14,2,1,"aria from the opera La Finta Giardiniera by Mozart, Wolfgang Amadeus",,Q105543609,,
Ah Da,Ah dagli scanni eternei,Q54988845,14,2,1,aria from the opera Stiffelio by Giuseppe Verdi,,Q105543609,,
Ah Da,Thomas M. Disch,Q708581,14,2,2,American science fiction author and poet (1940–2008),Cassandra Knye|Leonie Hargrave|Thom Demijohn|Victor Hastings|Tom Disch|Thomas Disch,Q5,,Thomas M. Disch
Ah Da,Amnesia,Q4747366,14,2,2,1986 text adventure computer game,Thomas M. Disch's Amnesia,Q7889,,Amnesia (1986 video game)
The Emperor't New Groove,The Emperor's New Groove,Q820527,15,0,2,2000 video game,Emperor’s New Groove|Disney's The Emperor's New Groove,Q7889,,The Emperor's New Groove (video game)
The Emperor't New Groove,The Emperor's New Groove,Q18149646,15,0,2,soundtrack from Disney's The Emperor's New Groove,,Q482994,,The Emperor's New Groove (soundtrack)
The Emperor't New Groove,The Emperor's New Groove,Q223163,15,0,2,2000 animated film directed by Mark Dindal,Emperor's New Groove,Q202866,,The Emperor's New Groove
The Emperor't New Groove,The Emperor's New Groove,Q18149639,15,0,2,Disney media franchise,,Q196600,,The Emperor's New Groove (franchise)
The Emperor't New Groove,Kronk's New Groove,Q937486,15,0,2,2005 American animated film,The Emperor's New Groove 2: Kronk's New Groove|The Emperor's New Groove 2|The Emperor's New Groove II: Kronk's New Groove|The Emperor's New Groove II,Q202866,,Kronk's New Groove
The Emperor't New Groove,The Emperor's New Groove universe,Q68208528,15,0,2,narrative universe of the eponymous 2000 Walt Disney Animation Studios film,,Q559618,,
The Emperor't New Groove,The Emperor's New Groove.,Q51000667,15,0,2,scientific article published in April 2004,,Q13442814,,
The Emperor't New Groove,The Emperor's New Groove,Q60244677,15,0,2,Wikimedia disambiguation page,,Q4167410,,The Emperor's New Groove (disambiguation)
Matthew Jacobs,Matthew Jacobs,Q6790729,15,1,1,British writer,,Q5,,Matthew Jacobs
Matthew Jacobs,Matthew R Jacobs,Q56965034,15,1,1,researcher,Matthew Jacobs,Q5,,
Matthew Jacobs,Matthew P. Jacobson,Q42585539,15,1,1,researcher,Matthew Jacobson,Q5,,
Matthew Jacobs,Matthew Jacobs,Q6790730,15,1,1,English rugby union player,,Q5,,Matthew Jacobs (rugby union)
Matthew Jacobs,Matthew M Jacobsen,Q42292816,15,1,1,researcher,Matthew M. Jacobsen|Matthew Jacobsen,Q5,,
Matthew Jacobs,Matthew K Jacobsen,Q87217065,15,1,1,researcher,Matthew Jacobsen,Q5,,
Matthew Jacobs,Matt Jacobson,Q135267408,15,1,1,,,Q5,,
Matthew Jacobs,Matthew Jacob,Q111251908,15,1,2,Photography,,Q5,,
Matthew Jacobs,Matthew Jacob,Q92446721,15,1,2,researcher (ORCID 0000-0002-5692-8241),,Q5,,
Matthew Jacobs,Matthew Jacob Roberts,Q103238098,15,1,2,numerical analysis Ph.D. Michigan Technological University 2019,,Q5,,
Matthew Jacobs,Matthew Jacob Gledstanes,Q111442972,15,1,2,,,Q5,,
Matthew Jacobs,Matthew Jacob Sobel,Q102164190,15,1,2,Ph.D. Stanford University 1967,Matthew J. Sobel,Q5,,
Matthew Jacobs,Matthew Jacob Thazhuthaveetil,Q130978527,15,1,2,researcher,,Q5,,
Matthew Jacobs,Matthew Claassen,Q140033895,15,1,2,insurance agent,Matthew Jacob Claassen,Q5,,
Matthew Jacobs,Matt Jacobson,Q6788838,15,1,2,American businessman,,Q5,,
Matthew Jacobs,Matt Jacobsen,Q88498337,15,1,2,researcher,,Q5,,
Matthew Jacobs,Matt Jacobson,Q27892553,15,1,2,Wikimedia disambiguation page,,Q4167410,,Matthew Jacobson
Dale Baer,Dale Baer,Q211619,15,2,1,American animator,Dale L. Baer|The Baer Animation Company,Q5,,Dale Baer
Dale Baer,Matthew Jacobs,Q6790729,15,2,2,British writer,,Q5,,Matthew Jacobs
Dale Baer,Matthew R Jacobs,Q56965034,15,2,2,researcher,Matthew Jacobs,Q5,,
Dale Baer,Matthew P. Jacobson,Q42585539,15,2,2,researcher,Matthew Jacobson,Q5,,
Dale Baer,Matthew Jacobs,Q6790730,15,2,2,English rugby union player,,Q5,,Matthew Jacobs (rugby union)
Dale Baer,Matthew M Jacobsen,Q42292816,15,2,2,researcher,Matthew M. Jacobsen|Matthew Jacobsen,Q5,,
Dale Baer,Matthew K Jacobsen,Q87217065,15,2,2,researcher,Matthew Jacobsen,Q5,,
Dale Baer,Matt Jacobson,Q135267408,15,2,2,,,Q5,,
Ein Königreich für ein Lama,Ein Königreich für ein Lama,Q27892912,15,3,1,German dubbing of Disney's The Emperor's New Groove (2001),,Q26204053,,
Ein Königreich für ein Lama,The Emperor's New Groove,Q223163,15,3,1,2000 animated film directed by Mark Dindal,Emperor's New Groove,Q202866,,The Emperor's New Groove
Ein Königreich für ein Lama,The Emperor's New Groove,Q820527,15,3,1,2000 video game,Emperor’s New Groove|Disney's The Emperor's New Groove,Q7889,,The Emperor's New Groove (video game)
Ein Königreich für ein Lama,The Emperor's New Groove,Q18149639,15,3,1,Disney media franchise,,Q196600,,The Emperor's New Groove (franchise)
Ein Königreich für ein Lama,Kronk's New Groove,Q937486,15,3,1,2005 American animated film,The Emperor's New Groove 2: Kronk's New Groove|The Emperor's New Groove 2|The Emperor's New Groove II: Kronk's New Groove|The Emperor's New Groove II,Q202866,,Kronk's New Groove
Ein Königreich für ein Lama,The Emperor's New Groove universe,Q68208528,15,3,1,narrative universe of the eponymous 2000 Walt Disney Animation Studios film,,Q559618,,
Ein Königreich für ein Lama,The Emperor's New Groove,Q18149646,15,3,2,soundtrack from Disney's The Emperor's New Groove,,Q482994,,The Emperor's New Groove (soundtrack)
Ein Königreich für ein Lama,The Emperor's New Groove.,Q51000667,15,3,2,scientific article published in April 2004,,Q13442814,,
Ein Königreich für ein Lama,The Emperor's New Groove,Q60244677,15,3,2,Wikimedia disambiguation page,,Q4167410,,The Emperor's New Groove (disambiguation)
Ein Königreich für ein Lama,Matthew Jacobs,Q6790729,15,3,2,British writer,,Q5,,Matthew Jacobs
Ein Königreich für ein Lama,Matthew R Jacobs,Q56965034,15,3,2,researcher,Matthew Jacobs,Q5,,
Ein Königreich für ein Lama,Matthew P. Jacobson,Q42585539,15,3,2,researcher,Matthew Jacobson,Q5,,
Ein Königreich für ein Lama,Matthew Jacobs,Q6790730,15,3,2,English rugby union player,,Q5,,Matthew Jacobs (rugby union)
Ein Königreich für ein Lama,Matthew M Jacobsen,Q42292816,15,3,2,researcher,Matthew M. Jacobsen|Matthew Jacobsen,Q5,,
Ein Königreich für ein Lama,Matthew K Jacobsen,Q87217065,15,3,2,researcher,Matthew Jacobsen,Q5,,
Ein Königreich für ein Lama,Matt Jacobson,Q135267408,15,3,2,,,Q5,,
Ein Königreich für ein Lama,Dale Baer,Q211619,15,3,2,American animator,Dale L. Baer|The Baer Animation Company,Q5,,Dale Baer
Lady and thg Tramp,Lady and the Tramp,Q172284,16,0,2,"1955 animated film by Hamilton Luske, Clyde Geronimi and Wilfred Jackson",,Q202866,,Lady and the Tramp
Lady and thg Tramp,Lady and the Tramp,Q56596746,16,0,2,2019 film directed by Charlie Bean,,Q11424,,Lady and the Tramp (2019 film)
Lady and thg Tramp,Lady and the Tramp,Q17636348,16,0,2,novel by Ward Greene,,Q7725634,,
Lady and thg Tramp,Lady and the Tramp II: Scamp's Adventure,Q244434,16,0,2,2001 American direct-to-video animated film,Lady and the Tramp 2: Scamp's Adventure|Lady and the Tramp 2|Lady and the Tramp II,Q202866,,Lady and the Tramp II: Scamp's Adventure
Lady and thg Tramp,Lady and the Tramp,Q139300933,16,0,2,,,Q11060274,,
Lady and thg Tramp,Lady and the Tramp – Original Motion Picture Soundtrack,Q27119741,16,0,2,1997 soundtrack album; from Disney's Lady and the Tramp (1955),,Q482994,,
Lady and thg Tramp,Lady and the Tramp – Original Soundtrack,Q115821152,16,0,2,2019 soundtrack album by various artists,,Q482994,,Lady and the Tramp (soundtrack)
Lady and thg Tramp,Lady and the Tramp universe,Q124024848,16,0,2,fictional universe,,Q559618,,
Lady and thg Tramp,Lady and the Tramp film series,Q123289855,16,0,2,film series,,Q24856,,
Lady and thg Tramp,Lady and the Tramp,Q66309569,16,0,2,Wikimedia disambiguation page,,Q4167410,,
Ward Greene,Ward Greene,Q4018179,16,1,1,"American novelist, journalist and comic strip writer",Frank Dudley|Jean Greene,Q5,,Ward Greene
Dale Oliver,Dale Oliver,Q28790214,16,2,1,animator (1919–2003),,Q5,,
Dale Oliver,Dale Oliver,Q3701025,16,2,1,American musician,,Q5,,Dale Oliver
Lady og vagabonden,Lady og vagabonden,Q114876470,16,3,1,1955 Danish dub of Disney's Lady and the Tramp,,Q26204053,,
Lady og vagabonden,Lady og vagabonden,Q114876747,16,3,1,1997 Danish dub of Disney's Lady and the Tramp,,Q26204053,,
Lady og vagabonden,Lady and the Tramp,Q172284,16,3,1,"1955 animated film by Hamilton Luske, Clyde Geronimi and Wilfred Jackson",,Q202866,,Lady and the Tramp
Lady og vagabonden,Lady and the Tramp,Q56596746,16,3,1,2019 film directed by Charlie Bean,,Q11424,,Lady and the Tramp (2019 film)
Lady og vagabonden,Lady and the Tramp – Original Motion Picture Soundtrack,Q27119741,16,3,1,1997 soundtrack album; from Disney's Lady and the Tramp (1955),,Q482994,,
Lady og vagabonden,Lady and the Tramp II: Scamp's Adventure,Q244434,16,3,1,2001 American direct-to-video animated film,Lady and the Tramp 2: Scamp's Adventure|Lady and the Tramp 2|Lady and the Tramp II,Q202866,,Lady and the Tramp II: Scamp's Adventure
Lady og vagabonden,Lady and the Tramp,Q17636348,16,3,2,novel by Ward Greene,,Q7725634,,
Lady og vagabonden,Lady and the Tramp,Q139300933,16,3,2,,,Q11060274,,
Lady og vagabonden,Lady and the Tramp – Original Soundtrack,Q115821152,16,3,2,2019 soundtrack album by various artists,,Q482994,,Lady and the Tramp (soundtrack)
Lady og vagabonden,Lady and the Tramp universe,Q124024848,16,3,2,fictional universe,,Q559618,,
Lady og vagabonden,Lady and the Tramp film series,Q123289855,16,3,2,film series,,Q24856,,
Lady og vagabonden,Lady and the Tramp,Q66309569,16,3,2,Wikimedia disambiguation page,,Q4167410,,
Lady og vagabonden,Ward Greene,Q4018179,16,3,2,"American novelist, journalist and comic strip writer",Frank Dudley|Jean Greene,Q5,,Ward Greene
Lady og vagabonden,Dale Oliver,Q28790214,16,3,2,animator (1919–2003),,Q5,,
Lady og vagabonden,Dale Oliver,Q3701025,16,3,2,American musician,,Q5,,Dale Oliver
Lilo & Stivch,Lilo & Stitch,Q36092,17,0,2,2002 animated film directed by Chris Sanders and Dean DeBlois,Lilo and Stitch|Lilo & Stitch (2002)|Lilo and Stitch (2002),Q202866,,Lilo & Stitch
Lilo & Stivch,Lilo & Stitch,Q6548398,17,0,2,Disney media franchise about extraterrestrials living with humans on Earth,Stitch|Lilo and Stitch|Lilo & Stitch franchise|Lilo and Stitch franchise|Stitch franchise|Disney's Lilo & Stitch|Disney's Lilo and Stitch|Disney's Stitch|Disney Lilo & Stitch|Disney Lilo and Stitch|Disney Stitch,Q196600,,Lilo & Stitch (franchise)
Lilo & Stivch,Disney's Lilo & Stitch,Q48817628,17,0,2,2002 Game Boy Advance video game tie-in to Lilo & Stitch,Lilo & Stitch|Lilo & Stitch (Game Boy Advance)|Lilo & Stitch (GBA)|Lilo & Stitch GBA|Lilo and Stitch|Lilo and Stitch (Game Boy Advance)|Lilo and Stitch (GBA)|Lilo and Stitch GBA,Q7889,,Disney's Lilo & Stitch (Game Boy Advance video game)
Lilo & Stivch,Lilo & Stitch,Q27921385,17,0,2,2002 compilation soundtrack album; various artists,Disney's Lilo & Stitch|Lilo & Stitch: An Original Walt Disney Records Soundtrack|Lilo and Stitch: An Original Walt Disney Records Soundtrack|Lilo & Stitch (2002 soundtrack)|Lilo and Stitch (2002 soundtrack)|Lilo & Stitch soundtrack|Lilo and Stitch soundtrack,Q482994,,Lilo & Stitch (2002 soundtrack)
Lilo & Stivch,Lilo & Stitch,Q98113469,17,0,2,pair of fictional characters,Lilo and Stitch|Lilo Pelekai & Stitch|Lilo Pelekai and Stitch,Q21190845,,
Lilo & Stivch,Lilo & Stitch: Trouble in Paradise,Q28127102,17,0,2,2002 platform video game tie-in to Lilo & Stitch developed by Blitz Games,Disney's Lilo & Stitch: Trouble in Paradise|Disney's Lilo & Stitch|Lilo & Stitch|Disney's Lilo and Stitch: Trouble in Paradise|Disney's Lilo and Stitch|Lilo and Stitch|Disney's Lilo & Stitch (PlayStation)|Disney's Lilo & Stitch (PS)|Disney's Lilo & Stitch (PS1)|Lilo & Stitch (PlayStation)|Lilo & Stitch (PS)|Lilo & Stitch (PS1)|Disney's Lilo and Stitch (PlayStation)|Disney's Lilo and Stitch (PS)|Disney's Lilo and Stitch (PS1)|Lilo and Stitch (PlayStation)|Lilo and Stitch (PS)|Lilo and Stitch (PS1),Q7889,,Lilo & Stitch: Trouble in Paradise
Lilo & Stivch,Lilo & Stitch: The Series,Q590166,17,0,2,2003–2006 animated TV sequel spin-off of Lilo & Stitch,Lilo & Stitch|Lilo and Stitch: The Series|Lilo and Stitch|Disney's Lilo & Stitch|Disney's Lilo & Stitch: The Series|Disney's Lilo and Stitch: The Series|Lilo & Stitch (2003)|Lilo and Stitch (2003)|Disney's Lilo and Stitch,Q117467246,,Lilo & Stitch: The Series
Lilo & Stivch,genetic experiment,Q76388782,17,0,2,class of fictional artificial extraterrestrial lifeforms from Disney's Lilo & Stitch franchise,Jumba's experiments|Jumba's genetic experiments|Stitch's cousins|Lilo & Stitch experiment|Lilo and Stitch experiment|Lilo & Stitch genetic experiment|Lilo and Stitch genetic experiment|Jumba Jookiba's experiments|Jumba Jookiba's genetic experiments|experiment|experiment species|experiment (Lilo & Stitch)|experiment (Lilo and Stitch)|genetic experiment (Lilo & Stitch)|genetic experiment (Lilo and Stitch)|experiment (Disney)|genetic experiment (Disney),Q15831596,Q99662445|Q30017383|Q98142361,
Lilo & Stivch,Lilo & Stitch universe,Q111592219,17,0,2,narrative universe of the eponymous 2002 Walt Disney Animation Studios film and its sequels and spin-offs,Stitch universe|Lilo and Stitch universe|Disney Stitch universe,Q559618,,
Lilo & Stivch,Lilo & Stitch,Q27916586,17,0,2,German dubbing of Disney's Lilo & Stitch,,Q26204053,,
Lilo & Stivch,Stitch,Q602854,17,0,2,fictional extraterrestrial character from Disney's Lilo & Stitch franchise,Experiment 626|626|X-626|Stitch 626,Q89050913|Q15711870|Q76388782|Q80447738|Q1569167|Q137999552|Q15773317|Q15773347,,Stitch (Lilo & Stitch)
Lilo & Stivch,Stitch,Q37154849,17,0,2,family name,,Q101352,,
Lilo & Stivch,Stitch,Q124286954,17,0,2,South Korean Overwatch player,Lee Chung-hee,Q5,,
Lilo & Stivch,embroidery stitch,Q934569,17,0,2,decorative stitch used primarily in embroidery,stitch,,Q4389726,Embroidery stitch
Lilo & Stivch,Stellaria,Q156694,17,0,2,genus of plants,stitchwort,Q16521,,Stellaria
Lilo & Stivch,embroiderer,Q1509440,17,0,2,person engaged in embroidery,broderer|embroideress|stitch maker,Q28640,Q10694573|Q28966333,
Lilo & Stivch,seamstress,Q67205775,17,0,2,person who engages in the act of sewing textiles,seamster|sempstress|sempster|stitcher,Q12737077,Q28966333,
Lilo & Stivch,Lilo,Q19689476,17,0,2,unisex given name,Lilo (first name)|Lilo (given name),Q3409032,,
Lilo & Stivch,Linux loader,Q861940,17,0,2,boot loader,LILO,Q836795|Q180256|Q341,,LILO (bootloader)
Lilo & Stivch,Lilo,Q3240921,17,0,2,German-born French singer and actress (1921-2022),,Q5,,Lilo (actress)
Lilo & Stivch,Lilo,Q37162108,17,0,2,family name,,Q101352,,
Lilo & Stivch,Lilo,Q24578569,17,0,2,"village in South Central Timor Regency, East Nusa Tenggara, Indonesia",Desa Lilo,Q26211545,,
Lilo & Stivch,Lilo Pelekai,Q3243336,17,0,2,fictional Hawaiian character from Disney's Lilo & Stitch franchise,Lilo|Lilo (character)|Lilo (Disney character)|Lilo (Disney)|Lilo (Lilo & Stitch)|Lilo (Lilo and Stitch),Q15632617|Q15711870,,Lilo Pelekai
Lilo & Stivch,Liloan,Q316056,17,0,2,municipality of the Philippines in the province of Cebu,,Q24764,,Liloan
Chris Sanders,Chris Sanders,Q201641,17,1,1,"American filmmaker, animator, and voice actor (born 1962)",Christopher Michael Sanders|Christopher Sanders,Q5,,Chris Sanders
Chris Sanders,Chris Sanders,Q112443438,17,1,1,,,Q5,,
Chris Sanders,Chris Sanders,Q91714407,17,1,1,researcher (ORCID 0000-0003-3133-8883),,Q5,,
Chris Sanders,Chris Sanders,Q5107976,17,1,1,Wikimedia disambiguation page,,Q22808320,,Chris Sanders (disambiguation)
Chris Sanders,Chris Sanders,Q100919611,17,1,1,college basketball player (2002–2003) IUPUI,,Q5,,
Chris Sanders,Chris Sanders,Q5107979,17,1,1,American football player (born 1972),Christopher Dwayne Sanders,Q5,,Chris Sanders (wide receiver)
Chris Sanders,Chris Sanders,Q5107978,17,1,1,American football player,Christopher Sanders,Q5,,Chris Sanders (running back)
Chris Sanders,Chris Sanders,Q5107977,17,1,1,American football player (born 1977),Christopher Sanders,Q5,,Chris Sanders (quarterback)
Chris Sanders,Chris Sanders,Q61918939,17,1,1,English first-class cricketer born 1998,Christopher William Gibbon Sanders,Q5,,Chris Sanders (cricketer)
Chris Sanders,Chris Sanders,Q5107975,17,1,1,American rock guitarist and composer,,Q5,,
Chris Sanders,Lilo & Stitch,Q36092,17,1,2,2002 animated film directed by Chris Sanders and Dean DeBlois,Lilo and Stitch|Lilo & Stitch (2002)|Lilo and Stitch (2002),Q202866,,Lilo & Stitch
Chris Sanders,Lilo & Stitch,Q6548398,17,1,2,Disney media franchise about extraterrestrials living with humans on Earth,Stitch|Lilo and Stitch|Lilo & Stitch franchise|Lilo and Stitch franchise|Stitch franchise|Disney's Lilo & Stitch|Disney's Lilo and Stitch|Disney's Stitch|Disney Lilo & Stitch|Disney Lilo and Stitch|Disney Stitch,Q196600,,Lilo & Stitch (franchise)
Chris Sanders,Disney's Lilo & Stitch,Q48817628,17,1,2,2002 Game Boy Advance video game tie-in to Lilo & Stitch,Lilo & Stitch|Lilo & Stitch (Game Boy Advance)|Lilo & Stitch (GBA)|Lilo & Stitch GBA|Lilo and Stitch|Lilo and Stitch (Game Boy Advance)|Lilo and Stitch (GBA)|Lilo and Stitch GBA,Q7889,,Disney's Lilo & Stitch (Game Boy Advance video game)
Chris Sanders,Lilo & Stitch,Q27921385,17,1,2,2002 compilation soundtrack album; various artists,Disney's Lilo & Stitch|Lilo & Stitch: An Original Walt Disney Records Soundtrack|Lilo and Stitch: An Original Walt Disney Records Soundtrack|Lilo & Stitch (2002 soundtrack)|Lilo and Stitch (2002 soundtrack)|Lilo & Stitch soundtrack|Lilo and Stitch soundtrack,Q482994,,Lilo & Stitch (2002 soundtrack)
Chris Sanders,Lilo & Stitch,Q98113469,17,1,2,pair of fictional characters,Lilo and Stitch|Lilo Pelekai & Stitch|Lilo Pelekai and Stitch,Q21190845,,
Chris Sanders,Lilo & Stitch: Trouble in Paradise,Q28127102,17,1,2,2002 platform video game tie-in to Lilo & Stitch developed by Blitz Games,Disney's Lilo & Stitch: Trouble in Paradise|Disney's Lilo & Stitch|Lilo & Stitch|Disney's Lilo and Stitch: Trouble in Paradise|Disney's Lilo and Stitch|Lilo and Stitch|Disney's Lilo & Stitch (PlayStation)|Disney's Lilo & Stitch (PS)|Disney's Lilo & Stitch (PS1)|Lilo & Stitch (PlayStation)|Lilo & Stitch (PS)|Lilo & Stitch (PS1)|Disney's Lilo and Stitch (PlayStation)|Disney's Lilo and Stitch (PS)|Disney's Lilo and Stitch (PS1)|Lilo and Stitch (PlayStation)|Lilo and Stitch (PS)|Lilo and Stitch (PS1),Q7889,,Lilo & Stitch: Trouble in Paradise
Chris Sanders,Lilo & Stitch: The Series,Q590166,17,1,2,2003–2006 animated TV sequel spin-off of Lilo & Stitch,Lilo & Stitch|Lilo and Stitch: The Series|Lilo and Stitch|Disney's Lilo & Stitch|Disney's Lilo & Stitch: The Series|Disney's Lilo and Stitch: The Series|Lilo & Stitch (2003)|Lilo and Stitch (2003)|Disney's Lilo and Stitch,Q117467246,,Lilo & Stitch: The Series
Chris Sanders,genetic experiment,Q76388782,17,1,2,class of fictional artificial extraterrestrial lifeforms from Disney's Lilo & Stitch franchise,Jumba's experiments|Jumba's genetic experiments|Stitch's cousins|Lilo & Stitch experiment|Lilo and Stitch experiment|Lilo & Stitch genetic experiment|Lilo and Stitch genetic experiment|Jumba Jookiba's experiments|Jumba Jookiba's genetic experiments|experiment|experiment species|experiment (Lilo & Stitch)|experiment (Lilo and Stitch)|genetic experiment (Lilo & Stitch)|genetic experiment (Lilo and Stitch)|experiment (Disney)|genetic experiment (Disney),Q15831596,Q99662445|Q30017383|Q98142361,
Chris Sanders,Lilo & Stitch universe,Q111592219,17,1,2,narrative universe of the eponymous 2002 Walt Disney Animation Studios film and its sequels and spin-offs,Stitch universe|Lilo and Stitch universe|Disney Stitch universe,Q559618,,
Chris Sanders,Lilo & Stitch,Q27916586,17,1,2,German dubbing of Disney's Lilo & Stitch,,Q26204053,,
Chris Sanders,James G. Crossley,Q104773574,17,1,2,UK biblical scholar,James Crossley,Q5,,
Chris Sanders,James Crossley,Q6131966,17,1,2,British writer (1800-83),,Q5,,James Crossley (author)
Chris Sanders,James Crossley,Q29032935,17,1,2,animator,James Michael Crossley,Q5,,
Chris Sanders,James Crossley,Q20815164,17,1,2,Wikimedia disambiguation page,,Q22808320,,James Crossley
Chris Sanders,James Crossley,Q6131969,17,1,2,English rugby league footballer,,Q5,,James Crossley (rugby league)
Chris Sanders,James Crossley,Q6131964,17,1,2,British bodybuilder,,Q5,,James Crossley (bodybuilder)
Chris Sanders,James Crossley Eno,Q28971922,17,1,2,British pharmacist,John Crossley Eno,Q5,,James Crossley Eno
Chris Sanders,Jim Raymond,Q6197681,17,1,2,American cartoonist (1917-1981),James C. Raymond|James Crossley Raymond,Q5,,Jim Raymond
Chris Sanders,James Crossley Cunningham,Q19933180,17,1,2,British Army officer,,Q5,,
Chris Sanders,James Crossley (1800–1883),Q119830857,17,1,2,"painting by John Hanson Walker (1844–1933), Chetham's Library",,Q3305213,,
James Crossley,James G. Crossley,Q104773574,17,2,1,UK biblical scholar,James Crossley,Q5,,
James Crossley,James Crossley,Q6131966,17,2,1,British writer (1800-83),,Q5,,James Crossley (author)
James Crossley,James Crossley,Q29032935,17,2,1,animator,James Michael Crossley,Q5,,
James Crossley,James Crossley,Q20815164,17,2,1,Wikimedia disambiguation page,,Q22808320,,James Crossley
James Crossley,James Crossley,Q6131969,17,2,1,English rugby league footballer,,Q5,,James Crossley (rugby league)
James Crossley,James Crossley,Q6131964,17,2,1,British bodybuilder,,Q5,,James Crossley (bodybuilder)
James Crossley,James Crossley Eno,Q28971922,17,2,1,British pharmacist,John Crossley Eno,Q5,,James Crossley Eno
James Crossley,Jim Raymond,Q6197681,17,2,1,American cartoonist (1917-1981),James C. Raymond|James Crossley Raymond,Q5,,Jim Raymond
James Crossley,James Crossley Cunningham,Q19933180,17,2,1,British Army officer,,Q5,,
James Crossley,James Crossley (1800–1883),Q119830857,17,2,1,"painting by John Hanson Walker (1844–1933), Chetham's Library",,Q3305213,,
Lilo & Stitch,Lilo & Stitch,Q36092,17,3,1,2002 animated film directed by Chris Sanders and Dean DeBlois,Lilo and Stitch|Lilo & Stitch (2002)|Lilo and Stitch (2002),Q202866,,Lilo & Stitch
Lilo & Stitch,Lilo & Stitch,Q6548398,17,3,1,Disney media franchise about extraterrestrials living with humans on Earth,Stitch|Lilo and Stitch|Lilo & Stitch franchise|Lilo and Stitch franchise|Stitch franchise|Disney's Lilo & Stitch|Disney's Lilo and Stitch|Disney's Stitch|Disney Lilo & Stitch|Disney Lilo and Stitch|Disney Stitch,Q196600,,Lilo & Stitch (franchise)
Lilo & Stitch,Disney's Lilo & Stitch,Q48817628,17,3,1,2002 Game Boy Advance video game tie-in to Lilo & Stitch,Lilo & Stitch|Lilo & Stitch (Game Boy Advance)|Lilo & Stitch (GBA)|Lilo & Stitch GBA|Lilo and Stitch|Lilo and Stitch (Game Boy Advance)|Lilo and Stitch (GBA)|Lilo and Stitch GBA,Q7889,,Disney's Lilo & Stitch (Game Boy Advance video game)
Lilo & Stitch,Lilo & Stitch,Q27921385,17,3,1,2002 compilation soundtrack album; various artists,Disney's Lilo & Stitch|Lilo & Stitch: An Original Walt Disney Records Soundtrack|Lilo and Stitch: An Original Walt Disney Records Soundtrack|Lilo & Stitch (2002 soundtrack)|Lilo and Stitch (2002 soundtrack)|Lilo & Stitch soundtrack|Lilo and Stitch soundtrack,Q482994,,Lilo & Stitch (2002 soundtrack)
Lilo & Stitch,Lilo & Stitch,Q98113469,17,3,1,pair of fictional characters,Lilo and Stitch|Lilo Pelekai & Stitch|Lilo Pelekai and Stitch,Q21190845,,
Lilo & Stitch,Lilo & Stitch: Trouble in Paradise,Q28127102,17,3,1,2002 platform video game tie-in to Lilo & Stitch developed by Blitz Games,Disney's Lilo & Stitch: Trouble in Paradise|Disney's Lilo & Stitch|Lilo & Stitch|Disney's Lilo and Stitch: Trouble in Paradise|Disney's Lilo and Stitch|Lilo and Stitch|Disney's Lilo & Stitch (PlayStation)|Disney's Lilo & Stitch (PS)|Disney's Lilo & Stitch (PS1)|Lilo & Stitch (PlayStation)|Lilo & Stitch (PS)|Lilo & Stitch (PS1)|Disney's Lilo and Stitch (PlayStation)|Disney's Lilo and Stitch (PS)|Disney's Lilo and Stitch (PS1)|Lilo and Stitch (PlayStation)|Lilo and Stitch (PS)|Lilo and Stitch (PS1),Q7889,,Lilo & Stitch: Trouble in Paradise
Lilo & Stitch,Lilo & Stitch: The Series,Q590166,17,3,1,2003–2006 animated TV sequel spin-off of Lilo & Stitch,Lilo & Stitch|Lilo and Stitch: The Series|Lilo and Stitch|Disney's Lilo & Stitch|Disney's Lilo & Stitch: The Series|Disney's Lilo and Stitch: The Series|Lilo & Stitch (2003)|Lilo and Stitch (2003)|Disney's Lilo and Stitch,Q117467246,,Lilo & Stitch: The Series
Lilo & Stitch,genetic experiment,Q76388782,17,3,1,class of fictional artificial extraterrestrial lifeforms from Disney's Lilo & Stitch franchise,Jumba's experiments|Jumba's genetic experiments|Stitch's cousins|Lilo & Stitch experiment|Lilo and Stitch experiment|Lilo & Stitch genetic experiment|Lilo and Stitch genetic experiment|Jumba Jookiba's experiments|Jumba Jookiba's genetic experiments|experiment|experiment species|experiment (Lilo & Stitch)|experiment (Lilo and Stitch)|genetic experiment (Lilo & Stitch)|genetic experiment (Lilo and Stitch)|experiment (Disney)|genetic experiment (Disney),Q15831596,Q99662445|Q30017383|Q98142361,
Lilo & Stitch,Lilo & Stitch universe,Q111592219,17,3,1,narrative universe of the eponymous 2002 Walt Disney Animation Studios film and its sequels and spin-offs,Stitch universe|Lilo and Stitch universe|Disney Stitch universe,Q559618,,
Lilo & Stitch,Lilo & Stitch,Q27916586,17,3,1,German dubbing of Disney's Lilo & Stitch,,Q26204053,,
Lilo & Stitch,Chris Sanders,Q201641,17,3,2,"American filmmaker, animator, and voice actor (born 1962)",Christopher Michael Sanders|Christopher Sanders,Q5,,Chris Sanders
Lilo & Stitch,Chris Sanders,Q112443438,17,3,2,,,Q5,,
Lilo & Stitch,Chris Sanders,Q91714407,17,3,2,researcher (ORCID 0000-0003-3133-8883),,Q5,,
Lilo & Stitch,Chris Sanders,Q5107976,17,3,2,Wikimedia disambiguation page,,Q22808320,,Chris Sanders (disambiguation)
Lilo & Stitch,Chris Sanders,Q100919611,17,3,2,college basketball player (2002–2003) IUPUI,,Q5,,
Lilo & Stitch,Chris Sanders,Q5107979,17,3,2,American football player (born 1972),Christopher Dwayne Sanders,Q5,,Chris Sanders (wide receiver)
Lilo & Stitch,Chris Sanders,Q5107978,17,3,2,American football player,Christopher Sanders,Q5,,Chris Sanders (running back)
Lilo & Stitch,Chris Sanders,Q5107977,17,3,2,American football player (born 1977),Christopher Sanders,Q5,,Chris Sanders (quarterback)
Lilo & Stitch,Chris Sanders,Q61918939,17,3,2,English first-class cricketer born 1998,Christopher William Gibbon Sanders,Q5,,Chris Sanders (cricketer)
Lilo & Stitch,Chris Sanders,Q5107975,17,3,2,American rock guitarist and composer,,Q5,,
Lilo & Stitch,James G. Crossley,Q104773574,17,3,2,UK biblical scholar,James Crossley,Q5,,
Lilo & Stitch,James Crossley,Q6131966,17,3,2,British writer (1800-83),,Q5,,James Crossley (author)
Lilo & Stitch,James Crossley,Q29032935,17,3,2,animator,James Michael Crossley,Q5,,
Lilo & Stitch,James Crossley,Q20815164,17,3,2,Wikimedia disambiguation page,,Q22808320,,James Crossley
Lilo & Stitch,James Crossley,Q6131969,17,3,2,English rugby league footballer,,Q5,,James Crossley (rugby league)
Lilo & Stitch,James Crossley,Q6131964,17,3,2,British bodybuilder,,Q5,,James Crossley (bodybuilder)
Lilo & Stitch,James Crossley Eno,Q28971922,17,3,2,British pharmacist,John Crossley Eno,Q5,,James Crossley Eno
Lilo & Stitch,Jim Raymond,Q6197681,17,3,2,American cartoonist (1917-1981),James C. Raymond|James Crossley Raymond,Q5,,Jim Raymond
Lilo & Stitch,James Crossley Cunningham,Q19933180,17,3,2,British Army officer,,Q5,,
Lilo & Stitch,James Crossley (1800–1883),Q119830857,17,3,2,"painting by John Hanson Walker (1844–1933), Chetham's Library",,Q3305213,,
The Blacm Cauldron,The Black Cauldron,Q1670993,18,0,2,1986 video game,,Q7889,,The Black Cauldron (video game)
The Blacm Cauldron,The Black Cauldron,Q329316,18,0,2,1985 animated film directed by Ted Berman and Richard Rich,Black Cauldron,Q202866,,The Black Cauldron (film)
The Blacm Cauldron,The Black Cauldron,Q3234634,18,0,2,novel by Lloyd Alexander,,Q47461344,,The Black Cauldron (novel)
The Blacm Cauldron,The Black Cauldron,Q115817554,18,0,2,1985 soundtrack album by Elmer Bernstein conducting Utah Symphony Orchestra,,Q482994,,The Black Cauldron (soundtrack)
The Blacm Cauldron,The Black Cauldron universe,Q124026116,18,0,2,fictional universe,,Q559618,,
The Blacm Cauldron,The Black Cauldron,Q1174904,18,0,2,Wikimedia disambiguation page,,Q4167410,,The Black Cauldron
Lloyd Alexander,Lloyd Alexander,Q366643,18,1,1,American children's writer (1924-2007),,Q5,,Lloyd Alexander
Lloyd Alexander,Lloyd Alexander Carvill Chapman,Q102415192,18,1,1,D.Phil. University of Oxford 2015,,Q5,,
Lloyd Alexander,Lloyd A. Murdock,Q140382470,18,1,1,Canadian minister (1943–2018),Lloyd Alexander Murdock|Rev. Lloyd A. Murdock,Q5,,
Lloyd Alexander,Lloyd Pantages,Q110784574,18,1,1,American actor,Lloyd Alexander Pantages,Q5,,
Lloyd Alexander,Lloyd A. Jeffress,Q25752034,18,1,1,American scientist,Lloyd Alexander Jeffress,Q5,,Lloyd A. Jeffress
Lloyd Alexander,Lloyd Everitt,Q113517588,18,1,1,Welsh actor,Lloyd Alexander A. Everitt,Q5,,Lloyd Everitt
Lloyd Alexander,Lloyd Alexander Frua,Q114496062,18,1,1,,,Q3231690,,
Lloyd Alexander,Lloyd McIntyre,Q16078952,18,1,1,Canadian ice hockey player (1908-1984),Lloyd Alexander McIntyre,Q5,,Lloyd McIntyre
Lloyd Alexander,"Lloyd Alexander, Author of Fantasy Novels, Is Dead at 83",Q123744074,18,1,1,"The New York Times article (May 19, 2007)",,Q309481,,
Lloyd Alexander,Lloyd 600,Q1763415,18,1,1,Borgward carmodel,,Q3231690,,Lloyd 600
Lloyd Alexander,Dave Brain,Q28802207,18,1,2,American animator,David M. Brain|David Brain,Q5,,
Lloyd Alexander,Dave Brain,Q5228401,18,1,2,American baseball player (1879-1959),David Leonard Brain,Q5,,Dave Brain
Lloyd Alexander,David Brain,Q125391273,18,1,2,researcher,Dave Brain|David Andrew Brain|David A. Brain|David A Brain|D A Brain|D. A. Brain|D.A. Brain,Q5,,
Lloyd Alexander,Dave Brainard,Q17859746,18,1,2,Music Producer,David Gregory Brainard,Q5,,Dave Brainard
Lloyd Alexander,Taran und der Zauberkessel,Q27463781,18,1,2,German dubbing of Disney's The Black Cauldron (1985),,Q26204053,,
Lloyd Alexander,The Black Cauldron,Q329316,18,1,2,1985 animated film directed by Ted Berman and Richard Rich,Black Cauldron,Q202866,,The Black Cauldron (film)
Lloyd Alexander,The Black Cauldron,Q3234634,18,1,2,novel by Lloyd Alexander,,Q47461344,,The Black Cauldron (novel)
Lloyd Alexander,The Black Cauldron,Q1670993,18,1,2,1986 video game,,Q7889,,The Black Cauldron (video game)
Lloyd Alexander,The Black Cauldron universe,Q124026116,18,1,2,fictional universe,,Q559618,,
Dave Brain,Dave Brain,Q28802207,18,2,1,American animator,David M. Brain|David Brain,Q5,,
Dave Brain,Dave Brain,Q5228401,18,2,1,American baseball player (1879-1959),David Leonard Brain,Q5,,Dave Brain
Dave Brain,David Brain,Q125391273,18,2,1,researcher,Dave Brain|David Andrew Brain|David A. Brain|David A Brain|D A Brain|D. A. Brain|D.A. Brain,Q5,,
Dave Brain,Dave Brainard,Q17859746,18,2,1,Music Producer,David Gregory Brainard,Q5,,Dave Brainard
Dave Brain,Taran,Q12718901,18,2,2,unisex given name,Taran (first name)|Taran (given name),Q3409032,,Taran (name)
Dave Brain,Taran Killam,Q2706805,18,2,2,American actor and comedian,,Q5,,Taran Killam
Dave Brain,Taranto,Q13498,18,2,2,Italian comune,Taras|Tarentum,Q747074|Q515|Q1549591|Q1200957|Q148837,,Taranto
Dave Brain,Rockstar Lincoln,Q1831780,18,2,2,British video game developer,Tarantula Studios|Spidersoft,Q210167,,Rockstar Lincoln
Dave Brain,Tarantino,Q21487819,18,2,2,family name,,Q101352,,Tarantino (surname)
Dave Brain,Taranis,Q4900502,18,2,2,genus of molluscs,,Q16521,,Taranis (gastropod)
Dave Brain,Theraphosidae,Q213383,18,2,2,family of spiders,tarantulas,Q16521,,Tarantula
Dave Brain,Beimbet Mailin District,Q431619,18,2,2,district of Kazakhstan,Taranovskiy Rayon|Taran District,Q2643128,,Beimbet Mailin District
Dave Brain,Tehran,Q3616,18,2,2,capital city of Iran,Ṭihrán,Q56557504|Q174844|Q208511|Q108178728,,Tehran
Dave Brain,Taranto Sport,Q29400,18,2,2,"football club in Taranto, Italy",Taranto F.C. 1927|Arsenale Taranto|Taranto Calcio,Q476028,,SS Taranto Calcio
Dave Brain,Lloyd Alexander,Q366643,18,2,2,American children's writer (1924-2007),,Q5,,Lloyd Alexander
Dave Brain,Lloyd Alexander Carvill Chapman,Q102415192,18,2,2,D.Phil. University of Oxford 2015,,Q5,,
Dave Brain,Lloyd A. Murdock,Q140382470,18,2,2,Canadian minister (1943–2018),Lloyd Alexander Murdock|Rev. Lloyd A. Murdock,Q5,,
Dave Brain,Lloyd Pantages,Q110784574,18,2,2,American actor,Lloyd Alexander Pantages,Q5,,
Dave Brain,Lloyd A. Jeffress,Q25752034,18,2,2,American scientist,Lloyd Alexander Jeffress,Q5,,Lloyd A. Jeffress
Dave Brain,Lloyd Everitt,Q113517588,18,2,2,Welsh actor,Lloyd Alexander A. Everitt,Q5,,Lloyd Everitt
Dave Brain,Lloyd Alexander Frua,Q114496062,18,2,2,,,Q3231690,,
Dave Brain,Lloyd McIntyre,Q16078952,18,2,2,Canadian ice hockey player (1908-1984),Lloyd Alexander McIntyre,Q5,,Lloyd McIntyre
Dave Brain,"Lloyd Alexander, Author of Fantasy Novels, Is Dead at 83",Q123744074,18,2,2,"The New York Times article (May 19, 2007)",,Q309481,,
Dave Brain,Lloyd 600,Q1763415,18,2,2,Borgward carmodel,,Q3231690,,Lloyd 600
Taran und der Zauberkessel,Taran und der Zauberkessel,Q27463781,18,3,1,German dubbing of Disney's The Black Cauldron (1985),,Q26204053,,
Taran und der Zauberkessel,The Black Cauldron,Q329316,18,3,1,1985 animated film directed by Ted Berman and Richard Rich,Black Cauldron,Q202866,,The Black Cauldron (film)
Taran und der Zauberkessel,The Black Cauldron,Q3234634,18,3,1,novel by Lloyd Alexander,,Q47461344,,The Black Cauldron (novel)
Taran und der Zauberkessel,The Black Cauldron,Q1670993,18,3,1,1986 video game,,Q7889,,The Black Cauldron (video game)
Taran und der Zauberkessel,The Black Cauldron universe,Q124026116,18,3,1,fictional universe,,Q559618,,
Taran und der Zauberkessel,Taran,Q12718901,18,3,2,unisex given name,Taran (first name)|Taran (given name),Q3409032,,Taran (name)
Taran und der Zauberkessel,Taran Killam,Q2706805,18,3,2,American actor and comedian,,Q5,,Taran Killam
Taran und der Zauberkessel,Taranto,Q13498,18,3,2,Italian comune,Taras|Tarentum,Q747074|Q515|Q1549591|Q1200957|Q148837,,Taranto
Taran und der Zauberkessel,Rockstar Lincoln,Q1831780,18,3,2,British video game developer,Tarantula Studios|Spidersoft,Q210167,,Rockstar Lincoln
Taran und der Zauberkessel,Tarantino,Q21487819,18,3,2,family name,,Q101352,,Tarantino (surname)
Taran und der Zauberkessel,Taranis,Q4900502,18,3,2,genus of molluscs,,Q16521,,Taranis (gastropod)
Taran und der Zauberkessel,Theraphosidae,Q213383,18,3,2,family of spiders,tarantulas,Q16521,,Tarantula
Taran und der Zauberkessel,Beimbet Mailin District,Q431619,18,3,2,district of Kazakhstan,Taranovskiy Rayon|Taran District,Q2643128,,Beimbet Mailin District
Taran und der Zauberkessel,Tehran,Q3616,18,3,2,capital city of Iran,Ṭihrán,Q56557504|Q174844|Q208511|Q108178728,,Tehran
Taran und der Zauberkessel,Taranto Sport,Q29400,18,3,2,"football club in Taranto, Italy",Taranto F.C. 1927|Arsenale Taranto|Taranto Calcio,Q476028,,SS Taranto Calcio
Taran und der Zauberkessel,The Black Cauldron,Q115817554,18,3,2,1985 soundtrack album by Elmer Bernstein conducting Utah Symphony Orchestra,,Q482994,,The Black Cauldron (soundtrack)
Taran und der Zauberkessel,The Black Cauldron,Q1174904,18,3,2,Wikimedia disambiguation page,,Q4167410,,The Black Cauldron
Taran und der Zauberkessel,Lloyd Alexander,Q366643,18,3,2,American children's writer (1924-2007),,Q5,,Lloyd Alexander
Taran und der Zauberkessel,Lloyd Alexander Carvill Chapman,Q102415192,18,3,2,D.Phil. University of Oxford 2015,,Q5,,
Taran und der Zauberkessel,Lloyd A. Murdock,Q140382470,18,3,2,Canadian minister (1943–2018),Lloyd Alexander Murdock|Rev. Lloyd A. Murdock,Q5,,
Taran und der Zauberkessel,Lloyd Pantages,Q110784574,18,3,2,American actor,Lloyd Alexander Pantages,Q5,,
Taran und der Zauberkessel,Lloyd A. Jeffress,Q25752034,18,3,2,American scientist,Lloyd Alexander Jeffress,Q5,,Lloyd A. Jeffress
Taran und der Zauberkessel,Lloyd Everitt,Q113517588,18,3,2,Welsh actor,Lloyd Alexander A. Everitt,Q5,,Lloyd Everitt
Taran und der Zauberkessel,Lloyd Alexander Frua,Q114496062,18,3,2,,,Q3231690,,
Taran und der Zauberkessel,Lloyd McIntyre,Q16078952,18,3,2,Canadian ice hockey player (1908-1984),Lloyd Alexander McIntyre,Q5,,Lloyd McIntyre
Taran und der Zauberkessel,"Lloyd Alexander, Author of Fantasy Novels, Is Dead at 83",Q123744074,18,3,2,"The New York Times article (May 19, 2007)",,Q309481,,
Taran und der Zauberkessel,Lloyd 600,Q1763415,18,3,2,Borgward carmodel,,Q3231690,,Lloyd 600
Taran und der Zauberkessel,Dave Brain,Q28802207,18,3,2,American animator,David M. Brain|David Brain,Q5,,
Taran und der Zauberkessel,Dave Brain,Q5228401,18,3,2,American baseball player (1879-1959),David Leonard Brain,Q5,,Dave Brain
Taran und der Zauberkessel,David Brain,Q125391273,18,3,2,researcher,Dave Brain|David Andrew Brain|David A. Brain|David A Brain|D A Brain|D. A. Brain|D.A. Brain,Q5,,
Taran und der Zauberkessel,Dave Brainard,Q17859746,18,3,2,Music Producer,David Gregory Brainard,Q5,,Dave Brainard
hf Many Adventures of Winnie the Pooh,Winnie the Pooh,Q111953262,19,0,2,2011 soundtrack album; various artists,,Q482994,,Winnie the Pooh (soundtrack)
hf Many Adventures of Winnie the Pooh,Winnie the Pooh,Q188574,19,0,2,fictional character created by A. A. Milne,Winnie-the-Pooh|Pooh Bear|Edward Bear,Q66425507|Q3658341|Q101137740|Q47068459|Q15711870,,Winnie-the-Pooh
hf Many Adventures of Winnie the Pooh,The Many Adventures of Winnie the Pooh,Q498434,19,0,2,1977 animated film directed by Wolfgang Reitherman and John Lounsbery,Many Adventures of Winnie the Pooh|Winnie the Pooh,Q202866,,The Many Adventures of Winnie the Pooh
hf Many Adventures of Winnie the Pooh,Winnie the Pooh,Q17984894,19,0,2,Disney media franchise about the stuffed animals from A. A. Milne's books,Pooh|Winnie-the-Pooh|Disney's Winnie the Pooh,Q196600,,Winnie the Pooh (franchise)
hf Many Adventures of Winnie the Pooh,Winnie the Pooh,Q922193,19,0,2,2011 animated film directed by Stephen J. Anderson and Don Hall,,Q202866,,Winnie the Pooh (2011 film)
hf Many Adventures of Winnie the Pooh,Winnie-the-Pooh,Q140201043,19,0,2,,,Q193495,,
hf Many Adventures of Winnie the Pooh,Winnie-the-Pooh,Q3766392,19,0,2,1926 book by A. A. Milne,Winnie the Pooh,Q7725634,,Winnie-the-Pooh (book)
hf Many Adventures of Winnie the Pooh,Winnie the Pooh,Q1427030,19,0,2,fictional anthropomorphic teddy bear character from Disney's Winnie the Pooh franchise,Pooh|Pooh Bear,Q15711870|Q27132946|Q66425507|Q112078124,,Winnie the Pooh (Disney character)
hf Many Adventures of Winnie the Pooh,Winnie-the-Pooh,Q404535,19,0,2,1969 Soviet animated film directed by Fyodor Khitruk,,Q17517379,,Winnie-the-Pooh (1969 film)
hf Many Adventures of Winnie the Pooh,Winnie the Pooh's Rumbly Tumbly Adventure,Q4355812,19,0,2,2005 video game,Disney's Winnie the Pooh's Rumbly Tumbly Adventure,Q7889,,Winnie the Pooh's Rumbly Tumbly Adventure
hf Many Adventures of Winnie the Pooh,The Many Adventures of Winnie the Pooh,Q2785728,19,0,2,dark ride at Disney theme parks themed after Disney's Winnie the Pooh,,Q1144661,,The Many Adventures of Winnie the Pooh (attraction)
hf Many Adventures of Winnie the Pooh,Die vielen Abenteuer von Winnie Puuh,Q27303335,19,0,2,"first German dubbing of Disney's The many Adventures of Winnie the Pooh"" (1977)""",,Q26204053,,
hf Many Adventures of Winnie the Pooh,Die vielen Abenteuer von Winnie Puuh,Q27303486,19,0,2,second German dubbing of Disney's The many Adventures of Winnie the Pooh (1996),,Q26204053,,
A. A. Milne,A. A. Milne,Q207036,19,1,1,British author known for creating Winnie-the-Pooh (1882–1956),,Q5,,A. A. Milne
A. A. Milne,A. A. Milne: sources of his creativity,Q40896016,19,1,1,"scientific article published on January 1, 1977",,Q13442814,,
Andy Gaskill,Andy Gaskill,Q101539890,19,2,1,American animator,Andrew Gaskill|Andrew Alan Gaskill,Q5,,Andy Gaskill
Andy Gaskill,A. A. Milne,Q207036,19,2,2,British author known for creating Winnie-the-Pooh (1882–1956),,Q5,,A. A. Milne
Andy Gaskill,A. A. Milne: sources of his creativity,Q40896016,19,2,2,"scientific article published on January 1, 1977",,Q13442814,,
Die vielen Abenteuer von Winnie Puuh,Die vielen Abenteuer von Winnie Puuh,Q27303335,19,3,1,"first German dubbing of Disney's The many Adventures of Winnie the Pooh"" (1977)""",,Q26204053,,
Die vielen Abenteuer von Winnie Puuh,Die vielen Abenteuer von Winnie Puuh,Q27303486,19,3,1,second German dubbing of Disney's The many Adventures of Winnie the Pooh (1996),,Q26204053,,
Die vielen Abenteuer von Winnie Puuh,The Many Adventures of Winnie the Pooh,Q498434,19,3,1,1977 animated film directed by Wolfgang Reitherman and John Lounsbery,Many Adventures of Winnie the Pooh|Winnie the Pooh,Q202866,,The Many Adventures of Winnie the Pooh
Die vielen Abenteuer von Winnie Puuh,Winnie the Pooh,Q111953262,19,3,2,2011 soundtrack album; various artists,,Q482994,,Winnie the Pooh (soundtrack)
Die vielen Abenteuer von Winnie Puuh,Winnie the Pooh,Q188574,19,3,2,fictional character created by A. A. Milne,Winnie-the-Pooh|Pooh Bear|Edward Bear,Q66425507|Q3658341|Q101137740|Q47068459|Q15711870,,Winnie-the-Pooh
Die vielen Abenteuer von Winnie Puuh,Winnie the Pooh,Q17984894,19,3,2,Disney media franchise about the stuffed animals from A. A. Milne's books,Pooh|Winnie-the-Pooh|Disney's Winnie the Pooh,Q196600,,Winnie the Pooh (franchise)
Die vielen Abenteuer von Winnie Puuh,Winnie the Pooh,Q922193,19,3,2,2011 animated film directed by Stephen J. Anderson and Don Hall,,Q202866,,Winnie the Pooh (2011 film)
Die vielen Abenteuer von Winnie Puuh,Winnie-the-Pooh,Q140201043,19,3,2,,,Q193495,,
Die vielen Abenteuer von Winnie Puuh,Winnie-the-Pooh,Q3766392,19,3,2,1926 book by A. A. Milne,Winnie the Pooh,Q7725634,,Winnie-the-Pooh (book)
Die vielen Abenteuer von Winnie Puuh,Winnie the Pooh,Q1427030,19,3,2,fictional anthropomorphic teddy bear character from Disney's Winnie the Pooh franchise,Pooh|Pooh Bear,Q15711870|Q27132946|Q66425507|Q112078124,,Winnie the Pooh (Disney character)
Die vielen Abenteuer von Winnie Puuh,Winnie-the-Pooh,Q404535,19,3,2,1969 Soviet animated film directed by Fyodor Khitruk,,Q17517379,,Winnie-the-Pooh (1969 film)
Die vielen Abenteuer von Winnie Puuh,Winnie the Pooh's Rumbly Tumbly Adventure,Q4355812,19,3,2,2005 video game,Disney's Winnie the Pooh's Rumbly Tumbly Adventure,Q7889,,Winnie the Pooh's Rumbly Tumbly Adventure
Die vielen Abenteuer von Winnie Puuh,A. A. Milne,Q207036,19,3,2,British author known for creating Winnie-the-Pooh (1882–1956),,Q5,,A. A. Milne
Die vielen Abenteuer von Winnie Puuh,A. A. Milne: sources of his creativity,Q40896016,19,3,2,"scientific article published on January 1, 1977",,Q13442814,,
Die vielen Abenteuer von Winnie Puuh,The Many Adventures of Winnie the Pooh,Q2785728,19,3,2,dark ride at Disney theme parks themed after Disney's Winnie the Pooh,,Q1144661,,The Many Adventures of Winnie the Pooh (attraction)
Trzan,Tržan,Q66667503,20,0,1,family name,,Q101352,,
Trzan,Trzanj,Q3541217,20,0,1,"village in Federation of Bosnia and Herzegovina, Bosnia and Herzegovina",,Q618123,,Trzanj
Trzan,Tržan Castle in Modruš,Q1014307,20,0,1,castle,,Q23413,,Tržan Castle in Modruš
Trzan,Goca Tržan,Q468970,20,0,1,Serbian singer,Gordana Marinković|Gordana Tržan,Q5,,Goca Tržan
Trzan,twitching,Q21117302,20,0,1,symptom,Jerking|Muscle twitch|muscle twitching,Q169872|Q112965645,Q1397878|Q102187423|Q127006,
Trzan,Třanovice,Q2300608,20,0,1,village in Frýdek-Místek District of Moravian Silesian region,,Q5153359,,Třanovice
Trzan,facial muscle twitching,Q102186681,20,0,1,symptom,,Q112965645,Q21117302|Q115728415,
Trzan,jerking limbs,Q21117532,20,0,1,,,Q169872,Q2608695|Q11361883,
Trzan,Trzanska džamija,Q31365252,20,0,1,,,Q32815,,
Trzan,Tarzan,Q27868261,20,0,2,protagonist in Disney's Tarzan,,Q15632617|Q15711870|Q112078124|Q15773347,,
Trzan,Tarzan,Q28966664,20,0,2,1986 video game,,Q7889,,
Trzan,Tarzan,Q170241,20,0,2,fictional character by Edgar Rice Burroughs,John Clayton II|Viscount Greystoke|Lord Greystoke,Q3658341|Q15773347|Q15632617,,Tarzan
Trzan,Tarzan,Q208696,20,0,2,1999 animated film directed by Kevin Lima and Chris Buck,1999 Tarzan|Tarzan (Disney),Q202866,,Tarzan (1999 film)
Trzan,Tarzana,Q2708222,20,0,2,"suburban neighborhood in the San Fernando Valley region of Los Angeles, California, United States","Tarzana, Los Angeles|Tarzana, California|Tarzana, CA",Q52154375,,"Tarzana, Los Angeles"
Trzan,Tarzan,Q124342954,20,0,2,composition by Noel Rosa,,Q105543609,,
Trzan,Tarzan,Q5965446,20,0,2,novel series by Edgar Rice Burroughs,,Q1667921,,Tarzan (book series)
Trzan,Disney's Tarzan,Q3515891,20,0,2,1999 video game,,Q7889,,Tarzan (video game)
Trzan,Tarzan,Q2479534,20,0,2,1966 TV series,,Q5398426,,Tarzan (1966 TV series)
Trzan,Tarzán,Q3755648,20,0,2,television series,Tarzan,Q5398426,,Tarzán
Edgar Rice Burroughs,Edgar Rice Burroughs,Q148234,20,1,1,American writer (1875–1950),Norman Bean,Q5,,Edgar Rice Burroughs
Edgar Rice Burroughs,"Edgar Rice Burroughs, Inc.",Q4037931,20,1,1,American company founded by author Edgar Rice Burroughs,,Q4830453,,"Edgar Rice Burroughs, Inc."
Edgar Rice Burroughs,Master of Adventure: The Worlds of Edgar Rice Burroughs,Q6785147,20,1,1,book by Richard A. Lupoff,Edgar Rice Burroughs: Master of Adventure|Master of Adventure,Q7725634,,Master of Adventure: The Worlds of Edgar Rice Burroughs
Edgar Rice Burroughs,Edgar Rice Burroughs bibliography,Q5337438,20,1,1,,,Q1631107,,Edgar Rice Burroughs bibliography
Edgar Rice Burroughs,Tarzana Ranch,Q136260288,20,1,1,"historic ranch in Tarzana, Los Angeles, owned by author Edgar Rice Burroughs (1919–1934), later site of the Tarzana Army Camp during World War II",Casa Mil Flores|Edgar Rice Burroughs Ranch,Q16884952|Q1198413,,
Edgar Rice Burroughs,"Edgar Rice Burroughs Tarzan: The Complete Russ Manning Newspaper Strips, Volume One, 1967-1969",Q109416589,20,1,1,,,Q47461344,,
Edgar Rice Burroughs,Tarzan,Q27868261,20,1,2,protagonist in Disney's Tarzan,,Q15632617|Q15711870|Q112078124|Q15773347,,
Edgar Rice Burroughs,Tarzan,Q28966664,20,1,2,1986 video game,,Q7889,,
Edgar Rice Burroughs,Tarzan,Q170241,20,1,2,fictional character by Edgar Rice Burroughs,John Clayton II|Viscount Greystoke|Lord Greystoke,Q3658341|Q15773347|Q15632617,,Tarzan
Edgar Rice Burroughs,Tarzan,Q208696,20,1,2,1999 animated film directed by Kevin Lima and Chris Buck,1999 Tarzan|Tarzan (Disney),Q202866,,Tarzan (1999 film)
Edgar Rice Burroughs,Tarzana,Q2708222,20,1,2,"suburban neighborhood in the San Fernando Valley region of Los Angeles, California, United States","Tarzana, Los Angeles|Tarzana, California|Tarzana, CA",Q52154375,,"Tarzana, Los Angeles"
Edgar Rice Burroughs,Tarzan,Q124342954,20,1,2,composition by Noel Rosa,,Q105543609,,
Edgar Rice Burroughs,Tarzan,Q5965446,20,1,2,novel series by Edgar Rice Burroughs,,Q1667921,,Tarzan (book series)
Edgar Rice Burroughs,Disney's Tarzan,Q3515891,20,1,2,1999 video game,,Q7889,,Tarzan (video game)
Edgar Rice Burroughs,Tarzan,Q2479534,20,1,2,1966 TV series,,Q5398426,,Tarzan (1966 TV series)
Edgar Rice Burroughs,Tarzán,Q3755648,20,1,2,television series,Tarzan,Q5398426,,Tarzán
Dale Baer,Dale Baer,Q211619,20,2,1,American animator,Dale L. Baer|The Baer Animation Company,Q5,,Dale Baer
Dale Baer,Edgar Rice Burroughs,Q148234,20,2,2,American writer (1875–1950),Norman Bean,Q5,,Edgar Rice Burroughs
Dale Baer,"Edgar Rice Burroughs, Inc.",Q4037931,20,2,2,American company founded by author Edgar Rice Burroughs,,Q4830453,,"Edgar Rice Burroughs, Inc."
Dale Baer,Master of Adventure: The Worlds of Edgar Rice Burroughs,Q6785147,20,2,2,book by Richard A. Lupoff,Edgar Rice Burroughs: Master of Adventure|Master of Adventure,Q7725634,,Master of Adventure: The Worlds of Edgar Rice Burroughs
Dale Baer,Edgar Rice Burroughs bibliography,Q5337438,20,2,2,,,Q1631107,,Edgar Rice Burroughs bibliography
Dale Baer,Tarzana Ranch,Q136260288,20,2,2,"historic ranch in Tarzana, Los Angeles, owned by author Edgar Rice Burroughs (1919–1934), later site of the Tarzana Army Camp during World War II",Casa Mil Flores|Edgar Rice Burroughs Ranch,Q16884952|Q1198413,,
Dale Baer,"Edgar Rice Burroughs Tarzan: The Complete Russ Manning Newspaper Strips, Volume One, 1967-1969",Q109416589,20,2,2,,,Q47461344,,
Tarzan,Tarzan,Q27868261,20,3,1,protagonist in Disney's Tarzan,,Q15632617|Q15711870|Q112078124|Q15773347,,
Tarzan,Tarzan,Q28966664,20,3,1,1986 video game,,Q7889,,
Tarzan,Tarzan,Q170241,20,3,1,fictional character by Edgar Rice Burroughs,John Clayton II|Viscount Greystoke|Lord Greystoke,Q3658341|Q15773347|Q15632617,,Tarzan
Tarzan,Tarzan,Q208696,20,3,1,1999 animated film directed by Kevin Lima and Chris Buck,1999 Tarzan|Tarzan (Disney),Q202866,,Tarzan (1999 film)
Tarzan,Tarzana,Q2708222,20,3,1,"suburban neighborhood in the San Fernando Valley region of Los Angeles, California, United States","Tarzana, Los Angeles|Tarzana, California|Tarzana, CA",Q52154375,,"Tarzana, Los Angeles"
Tarzan,Tarzan,Q124342954,20,3,1,composition by Noel Rosa,,Q105543609,,
Tarzan,Tarzan,Q5965446,20,3,1,novel series by Edgar Rice Burroughs,,Q1667921,,Tarzan (book series)
Tarzan,Disney's Tarzan,Q3515891,20,3,1,1999 video game,,Q7889,,Tarzan (video game)
Tarzan,Tarzan,Q2479534,20,3,1,1966 TV series,,Q5398426,,Tarzan (1966 TV series)
Tarzan,Tarzán,Q3755648,20,3,1,television series,Tarzan,Q5398426,,Tarzán
Tarzan,Edgar Rice Burroughs,Q148234,20,3,2,American writer (1875–1950),Norman Bean,Q5,,Edgar Rice Burroughs
Tarzan,"Edgar Rice Burroughs, Inc.",Q4037931,20,3,2,American company founded by author Edgar Rice Burroughs,,Q4830453,,"Edgar Rice Burroughs, Inc."
Tarzan,Master of Adventure: The Worlds of Edgar Rice Burroughs,Q6785147,20,3,2,book by Richard A. Lupoff,Edgar Rice Burroughs: Master of Adventure|Master of Adventure,Q7725634,,Master of Adventure: The Worlds of Edgar Rice Burroughs
Tarzan,Edgar Rice Burroughs bibliography,Q5337438,20,3,2,,,Q1631107,,Edgar Rice Burroughs bibliography
Tarzan,Tarzana Ranch,Q136260288,20,3,2,"historic ranch in Tarzana, Los Angeles, owned by author Edgar Rice Burroughs (1919–1934), later site of the Tarzana Army Camp during World War II",Casa Mil Flores|Edgar Rice Burroughs Ranch,Q16884952|Q1198413,,
Tarzan,"Edgar Rice Burroughs Tarzan: The Complete Russ Manning Newspaper Strips, Volume One, 1967-1969",Q109416589,20,3,2,,,Q47461344,,
Tarzan,Dale Baer,Q211619,20,3,2,American animator,Dale L. Baer|The Baer Animation Company,Q5,,Dale Baer
Robin Hod,"Robin Hodgson, Baron Hodgson of Astley Abbotts",Q1267670,21,0,1,British politician (born 1942),"Robin Baron Hodgson of Astley Abbotts Hodgson|Robin Granville Hodgson, Baron Hodgson of Astley Abbotts",Q5,,"Robin Hodgson, Baron Hodgson of Astley Abbotts"
Robin Hod,Robin R Hodges,Q88493405,21,0,1,researcher,Robin Hodges,Q5,,
Robin Hod,Robin Hodder,Q7352470,21,0,1,field hockey player (1937-2006),Robin Godfrey Hodder,Q5,,Robin Hodder
Robin Hod,Robin Hodgson,Q139319380,21,0,1,,,Q5,,
Robin Hod,Robin Hood,Q50100143,21,0,2,1983 video game,,Q7889,,
Robin Hod,Robin Hood,Q66436623,21,0,2,1988 ; Systems Editoriale s.r.l./Commodore (Software) Club ; Shoot'em Up - SEUCK,,Q7889,,
Robin Hod,Robin Hood,Q122634,21,0,2,"heroic outlaw in English folklore, a highly skilled archer and swordsman",Robyn Hode|Robyn Hod|Robin of Sherwood|Robin of Loxley|Robin of Locksley|Robert Fitzooth|Robin de Courtenay|Robert Hode|Robert Huntingdon,Q12334344|Q15632617|Q15773347|Q80447738,,Robin Hood
Robin Hod,Robin Hood,Q19090,21,0,2,1973 animated film directed by Wolfgang Reitherman,1973 Robin Hood,Q202866,,Robin Hood (1973 film)
Robin Hod,Robin Hood,Q132798385,21,0,2,television series,Robin Hood (2025 TV series),Q5398426,,Robin Hood (2025 TV series)
Robin Hod,Robin Hood,Q40028,21,0,2,British television programme (2006–2009),,Q5398426,,Robin Hood (2006 TV series)
Robin Hod,Robin Hood,Q113860629,21,0,2,New Zealand diver and diving administrator,Robin Michael Newton Hood,Q5,,
Robin Hod,Robin Hood,Q223559,21,0,2,2010 film by Ridley Scott,,Q11424,,Robin Hood (2010 film)
Robin Hod,Robin Hood: Prince of Thieves,Q486822,21,0,2,1991 film directed by Kevin Reynolds,1991 Robin Hood,Q11424,,Robin Hood: Prince of Thieves
Robin Hod,Robin Hood,Q27266011,21,0,2,legend of Robin Hood,,Q7832362|Q42109240,,
Stan Green,Stan Green,Q125245358,21,2,1,British architect,,Q5,,
Stan Green,Stan Green,Q28798124,21,2,1,animator (1921–1997),Stanley Green,Q5,,
Stan Green,Stan Green,Q93488488,21,2,1,"American record producer, songwriter",Stanley Greenberg,Q5,,
Stan Green,Stanley B. Greenberg,Q472549,21,2,1,American pollster (1945-),Stanley Bernard Greenberg|Stan Greenberg,Q5,,Stan Greenberg
Stan Green,Stan Greene,Q100797576,21,2,1,college basketball player (1976–1978) Pennsylvania,,Q5,,
Stan Green,Stan Greenberg,Q100797513,21,2,1,college basketball player (1959–1962) Dayton,,Q5,,
Stan Green,Stan Greene,Q55219403,21,2,1,Canadian (Coast Salish); artist (born 1953),,Q5,,
Stan Green,"Robin Hodgson, Baron Hodgson of Astley Abbotts",Q1267670,21,2,2,British politician (born 1942),"Robin Baron Hodgson of Astley Abbotts Hodgson|Robin Granville Hodgson, Baron Hodgson of Astley Abbotts",Q5,,"Robin Hodgson, Baron Hodgson of Astley Abbotts"
Stan Green,Robin R Hodges,Q88493405,21,2,2,researcher,Robin Hodges,Q5,,
Stan Green,Robin Hodder,Q7352470,21,2,2,field hockey player (1937-2006),Robin Godfrey Hodder,Q5,,Robin Hodder
Stan Green,Robin Hodgson,Q139319380,21,2,2,,,Q5,,
Stan Green,Robin Hood,Q50100143,21,2,2,1983 video game,,Q7889,,
Stan Green,Robin Hood,Q66436623,21,2,2,1988 ; Systems Editoriale s.r.l./Commodore (Software) Club ; Shoot'em Up - SEUCK,,Q7889,,
Stan Green,Robin Hood,Q122634,21,2,2,"heroic outlaw in English folklore, a highly skilled archer and swordsman",Robyn Hode|Robyn Hod|Robin of Sherwood|Robin of Loxley|Robin of Locksley|Robert Fitzooth|Robin de Courtenay|Robert Hode|Robert Huntingdon,Q12334344|Q15632617|Q15773347|Q80447738,,Robin Hood
Stan Green,Robin Hood,Q19090,21,2,2,1973 animated film directed by Wolfgang Reitherman,1973 Robin Hood,Q202866,,Robin Hood (1973 film)
Stan Green,Robin Hood,Q132798385,21,2,2,television series,Robin Hood (2025 TV series),Q5398426,,Robin Hood (2025 TV series)
Stan Green,Robin Hood,Q40028,21,2,2,British television programme (2006–2009),,Q5398426,,Robin Hood (2006 TV series)
Stan Green,Robin Hood,Q113860629,21,2,2,New Zealand diver and diving administrator,Robin Michael Newton Hood,Q5,,
Stan Green,Robin Hood,Q223559,21,2,2,2010 film by Ridley Scott,,Q11424,,Robin Hood (2010 film)
Stan Green,Robin Hood: Prince of Thieves,Q486822,21,2,2,1991 film directed by Kevin Reynolds,1991 Robin Hood,Q11424,,Robin Hood: Prince of Thieves
Stan Green,Robin Hood,Q27266011,21,2,2,legend of Robin Hood,,Q7832362|Q42109240,,
Robin Hood,Robin Hood,Q50100143,21,3,1,1983 video game,,Q7889,,
Robin Hood,Robin Hood,Q66436623,21,3,1,1988 ; Systems Editoriale s.r.l./Commodore (Software) Club ; Shoot'em Up - SEUCK,,Q7889,,
Robin Hood,Robin Hood,Q122634,21,3,1,"heroic outlaw in English folklore, a highly skilled archer and swordsman",Robyn Hode|Robyn Hod|Robin of Sherwood|Robin of Loxley|Robin of Locksley|Robert Fitzooth|Robin de Courtenay|Robert Hode|Robert Huntingdon,Q12334344|Q15632617|Q15773347|Q80447738,,Robin Hood
Robin Hood,Robin Hood,Q19090,21,3,1,1973 animated film directed by Wolfgang Reitherman,1973 Robin Hood,Q202866,,Robin Hood (1973 film)
Robin Hood,Robin Hood,Q132798385,21,3,1,television series,Robin Hood (2025 TV series),Q5398426,,Robin Hood (2025 TV series)
Robin Hood,Robin Hood,Q40028,21,3,1,British television programme (2006–2009),,Q5398426,,Robin Hood (2006 TV series)
Robin Hood,Robin Hood,Q113860629,21,3,1,New Zealand diver and diving administrator,Robin Michael Newton Hood,Q5,,
Robin Hood,Robin Hood,Q223559,21,3,1,2010 film by Ridley Scott,,Q11424,,Robin Hood (2010 film)
Robin Hood,Robin Hood: Prince of Thieves,Q486822,21,3,1,1991 film directed by Kevin Reynolds,1991 Robin Hood,Q11424,,Robin Hood: Prince of Thieves
Robin Hood,Robin Hood,Q27266011,21,3,1,legend of Robin Hood,,Q7832362|Q42109240,,
Robin Hood,"Robin Hodgson, Baron Hodgson of Astley Abbotts",Q1267670,21,3,2,British politician (born 1942),"Robin Baron Hodgson of Astley Abbotts Hodgson|Robin Granville Hodgson, Baron Hodgson of Astley Abbotts",Q5,,"Robin Hodgson, Baron Hodgson of Astley Abbotts"
Robin Hood,Robin R Hodges,Q88493405,21,3,2,researcher,Robin Hodges,Q5,,
Robin Hood,Robin Hodder,Q7352470,21,3,2,field hockey player (1937-2006),Robin Godfrey Hodder,Q5,,Robin Hodder
Robin Hood,Robin Hodgson,Q139319380,21,3,2,,,Q5,,
he Rescueru,Bernard und Bianca - Die Mäusepolizei,Q27429772,22,0,2,German dubbing of Disney's The Rescuers (1977),,Q26204053,,
he Rescueru,The Rescuers,Q39722,22,0,2,"1977 animated film directed by Wolfgang Reitherman, John Lounsbery and Art Stevens",Rescuers,Q202866,,The Rescuers
Margery Sharp,Margery Sharp,Q439059,22,1,1,English writer (1905–1991),Clara Margery Melita Sharp Castle|Clara Margery Melita Sharp,Q5,,Margery Sharp
Margery Sharp,Andy Gaskill,Q101539890,22,1,2,American animator,Andrew Gaskill|Andrew Alan Gaskill,Q5,,Andy Gaskill
Margery Sharp,Bernard und Bianca - Die Mäusepolizei,Q27429772,22,1,2,German dubbing of Disney's The Rescuers (1977),,Q26204053,,
Margery Sharp,The Rescuers,Q39722,22,1,2,"1977 animated film directed by Wolfgang Reitherman, John Lounsbery and Art Stevens",Rescuers,Q202866,,The Rescuers
Andy Gaskill,Andy Gaskill,Q101539890,22,2,1,American animator,Andrew Gaskill|Andrew Alan Gaskill,Q5,,Andy Gaskill
Bernard und Bianca - Die Mäusepolizei,Bernard und Bianca - Die Mäusepolizei,Q27429772,22,3,1,German dubbing of Disney's The Rescuers (1977),,Q26204053,,
Bernard und Bianca - Die Mäusepolizei,The Rescuers,Q39722,22,3,1,"1977 animated film directed by Wolfgang Reitherman, John Lounsbery and Art Stevens",Rescuers,Q202866,,The Rescuers
Bernard und Bianca - Die Mäusepolizei,The Rescue,Q5226297,22,3,2,2005 album by Explosions in the Sky,,Q482994|Q169930,,The Rescue (Explosions in the Sky album)
Bernard und Bianca - Die Mäusepolizei,The Rescue,Q3079177,22,3,2,Doctor Who serial,,Q28225717,,The Rescue (Doctor Who)
Bernard und Bianca - Die Mäusepolizei,Chapter 16: The Rescue,Q101421646,22,3,2,8th episode of the 2nd season of The Mandalorian,The Rescue,Q21191270,,Chapter 16: The Rescue
Bernard und Bianca - Die Mäusepolizei,Bleach: Soul Society: The Rescue,Q435242,22,3,2,season of television series,"Bleach, season 3|The Rescue",Q100269041,,Bleach season 3
Bernard und Bianca - Die Mäusepolizei,The Rescue,Q1090228,22,3,2,novel by Joseph Conrad,"The Rescue, A Romance of the Shallows",Q47461344,,The Rescue (Conrad novel)
Bernard und Bianca - Die Mäusepolizei,The Rescue,Q22237248,22,3,2,episode of Doctor Who,,Q21191270,,
Bernard und Bianca - Die Mäusepolizei,The Rescue,Q114538858,22,3,2,episode of Dynasty (S6 E29),,Q21191270,,
Bernard und Bianca - Die Mäusepolizei,The Rescue,Q114465869,22,3,2,episode of Dynasty (S5 E4),,Q21191270,,
Bernard und Bianca - Die Mäusepolizei,The Rescue,Q1175910,22,3,2,painting by John Everett Millais,,Q3305213,,The Rescue (painting)
Bernard und Bianca - Die Mäusepolizei,The Rescue,Q51154415,22,3,2,episode of The O.C. (S1 E8),,Q21191270,,
Bernard und Bianca - Die Mäusepolizei,Margery Sharp,Q439059,22,3,2,English writer (1905–1991),Clara Margery Melita Sharp Castle|Clara Margery Melita Sharp,Q5,,Margery Sharp
Bernard und Bianca - Die Mäusepolizei,Andy Gaskill,Q101539890,22,3,2,American animator,Andrew Gaskill|Andrew Alan Gaskill,Q5,,Andy Gaskill
