data,candidates,QID,row,columns,quality,description,aliases,P31,P279,sitelink
The Adventure of the Clapham Cook,The Adventure of the Clapham Cook,Q17174468,0,0,1,short story by Agatha Christie,,Q7725634,,The Adventure of the Clapham Cook (short story)
The Adventure of the Clapham Cook,The Adventure of the Clapham Cook,Q3208019,0,0,1,1989 television film directed by Edward Bennett,,Q506240|Q21191270,,
The Adventure of the Clapham Cook,The Adventure of the Clapham Cook,Q3519703,0,0,1,Wikimedia disambiguation page,,Q4167410,,The Adventure of the Clapham Cook
The Adventure of the Clapham Cook,Agatha Christie,Q35064,0,0,2,English mystery and detective writer (1890–1976),Agatha Mary Clarissa Miller|Dame Agatha Mary Clarissa Christie|Agatha Christie Mallowan|Lady Mallowan|Queen of Crime|Mary Westmacott,Q5,,Agatha Christie
The Adventure of the Clapham Cook,Agatha Christie,Q391042,0,0,2,Russian punk/synth rock band,Agata Kristi,Q215380,,Agatha Christie (band)
The Adventure of the Clapham Cook,Agatha Christie: The ABC Murders,Q22683400,0,0,2,2016 video game,,Q7889,,Agatha Christie: The ABC Murders (2016 video game)
The Adventure of the Clapham Cook,Agatha Christie: Evil Under the Sun,Q1167453,0,0,2,2007 video game,,Q7889,,Agatha Christie: Evil Under the Sun
The Adventure of the Clapham Cook,Agatha Christie,Q2826457,0,0,2,video game series,,Q7058673,,Agatha Christie (video game series)
The Adventure of the Clapham Cook,Agatha Christie: And Then There Were None,Q2533543,0,0,2,2005 adventure video game,And Then There Were None,Q7889,,Agatha Christie: And Then There Were None
The Adventure of the Clapham Cook,Agatha Christie: Murder on the Orient Express,Q2352386,0,0,2,2006 video game,Agatha Christie: Murder on Orient Express|Murder on the Orient Express|Murder on Orient Express,Q7889,,Agatha Christie: Murder on the Orient Express
The Adventure of the Clapham Cook,Agatha Christie: The ABC Murders,Q4691493,0,0,2,2009 video game for Nintendo DS,,Q7889,,Agatha Christie: The ABC Murders (2009 video game)
The Adventure of the Clapham Cook,Agatha Christie - Hercule Poirot: The First Cases,Q111966896,0,0,2,2021 video game,Agatha Christie:Hercule Poirot: The First Cases|Agatha Christie Hercule Poirot: The First Cases,Q7889,,
The Adventure of the Clapham Cook,Agatha Christie: Death on the Nile,Q17332965,0,0,2,2009 video game,Agatha Christie's: Death on the Nile|Agatha Christie's Death on the Nile|Death on the Nile|Death on Nile,Q7889,,
The Adventure of the Clapham Cook,Agatha Christie's Poirot,Q391101,0,0,2,British television detective series (1989–2013),Poirot,Q5398426,,Agatha Christie's Poirot
The Adventure of the Clapham Cook,Poirot,Q36918949,0,0,2,family name,,Q101352,,Poirot (surname)
The Adventure of the Clapham Cook,Pierre Achille Poirot,Q3383633,0,0,2,French painter (1797-1852),Pierre-Achille Poirot|Poirot,Q5,,
The Adventure of the Clapham Cook,Parcas Dmel_CG7761,Q29810124,0,0,2,protein found in Drosophila melanogaster,poirot|pcs-PB|parcas|parkas|CG7761-PB|pcs|CG7761 gene product from transcript CG7761-RB,Q8054,,
The Adventure of the Clapham Cook,Poirot Investigates,Q1418731,0,0,2,short story collection,,Q7725634,,Poirot Investigates
The Adventure of the Clapham Cook,Poirot,Q123680943,0,0,2,episode of Lessons in Chemistry (S1 E6),,Q21191270,,
The Adventure of the Clapham Cook,Dumb Witness,Q337944,0,0,2,1937 novel by Agatha Christie,Poirot Loses a Client|Mystery At Littlegreen House|Murder At Littlegreen House,Q7725634,,Dumb Witness
The Adventure of the Clapham Cook,Poirot's Early Cases,Q1507576,0,0,2,Short story collection,,Q7725634,,Poirot's Early Cases
The Adventure of the Clapham Cook,Hercule Poirot,Q170534,0,0,2,fictional Belgian detective by Agatha Christie,,Q15632617|Q3658341|Q15773317|Q15773347,,Hercule Poirot
The Adventure of the Clapham Cook,Poirot-Delpech,Q84699027,0,0,2,family name,Poirot-Delpech (family name)|Poirot-Delpech (surname),Q101352|Q29042997,,
The Adventure of the Clapham Cook,Clive Exton,Q2979430,0,0,2,British writer (1930–2007),,Q5,,Clive Exton
Agatha Christie's Poirot,Agatha Christie's Poirot,Q391101,0,1,1,British television detective series (1989–2013),Poirot,Q5398426,,Agatha Christie's Poirot
Agatha Christie's Poirot,"Agatha Christie's Poirot, season 10",Q3729527,0,1,1,season of television series,,Q3464665,,
Agatha Christie's Poirot,"Agatha Christie's Poirot, season 12",Q3729530,0,1,1,season of television series,,Q3464665,,
Agatha Christie's Poirot,"Agatha Christie's Poirot, season 11",Q3729540,0,1,1,season of television series,,Q3464665,,
Agatha Christie's Poirot,"Agatha Christie's Poirot, season 13",Q3464702,0,1,1,season of television series,,Q3464665,,
Agatha Christie's Poirot,"Agatha Christie's Poirot, season 2",Q3729536,0,1,1,season of television series,,Q3464665,,
Agatha Christie's Poirot,"Agatha Christie's Poirot, season 1",Q3729532,0,1,1,season of television series,,Q3464665,,
Agatha Christie's Poirot,"Agatha Christie's Poirot, season 5",Q3729535,0,1,1,season of television series,,Q3464665,,
Agatha Christie's Poirot,"Agatha Christie's Poirot, season 3",Q3729542,0,1,1,season of television series,,Q3464665,,
Agatha Christie's Poirot,"Agatha Christie's Poirot, season 9",Q3729528,0,1,1,season of television series,,Q3464665,,
Agatha Christie's Poirot,Agatha Christie,Q35064,0,1,2,English mystery and detective writer (1890–1976),Agatha Mary Clarissa Miller|Dame Agatha Mary Clarissa Christie|Agatha Christie Mallowan|Lady Mallowan|Queen of Crime|Mary Westmacott,Q5,,Agatha Christie
Agatha Christie's Poirot,Agatha Christie,Q391042,0,1,2,Russian punk/synth rock band,Agata Kristi,Q215380,,Agatha Christie (band)
Agatha Christie's Poirot,Agatha Christie: The ABC Murders,Q22683400,0,1,2,2016 video game,,Q7889,,Agatha Christie: The ABC Murders (2016 video game)
Agatha Christie's Poirot,Agatha Christie: Evil Under the Sun,Q1167453,0,1,2,2007 video game,,Q7889,,Agatha Christie: Evil Under the Sun
Agatha Christie's Poirot,Agatha Christie,Q2826457,0,1,2,video game series,,Q7058673,,Agatha Christie (video game series)
Agatha Christie's Poirot,Agatha Christie: And Then There Were None,Q2533543,0,1,2,2005 adventure video game,And Then There Were None,Q7889,,Agatha Christie: And Then There Were None
Agatha Christie's Poirot,Agatha Christie: Murder on the Orient Express,Q2352386,0,1,2,2006 video game,Agatha Christie: Murder on Orient Express|Murder on the Orient Express|Murder on Orient Express,Q7889,,Agatha Christie: Murder on the Orient Express
Agatha Christie's Poirot,Agatha Christie: The ABC Murders,Q4691493,0,1,2,2009 video game for Nintendo DS,,Q7889,,Agatha Christie: The ABC Murders (2009 video game)
Agatha Christie's Poirot,Agatha Christie - Hercule Poirot: The First Cases,Q111966896,0,1,2,2021 video game,Agatha Christie:Hercule Poirot: The First Cases|Agatha Christie Hercule Poirot: The First Cases,Q7889,,
Agatha Christie's Poirot,Agatha Christie: Death on the Nile,Q17332965,0,1,2,2009 video game,Agatha Christie's: Death on the Nile|Agatha Christie's Death on the Nile|Death on the Nile|Death on Nile,Q7889,,
Agatha Christie's Poirot,Poirot,Q36918949,0,1,2,family name,,Q101352,,Poirot (surname)
Agatha Christie's Poirot,Pierre Achille Poirot,Q3383633,0,1,2,French painter (1797-1852),Pierre-Achille Poirot|Poirot,Q5,,
Agatha Christie's Poirot,Parcas Dmel_CG7761,Q29810124,0,1,2,protein found in Drosophila melanogaster,poirot|pcs-PB|parcas|parkas|CG7761-PB|pcs|CG7761 gene product from transcript CG7761-RB,Q8054,,
Agatha Christie's Poirot,Poirot Investigates,Q1418731,0,1,2,short story collection,,Q7725634,,Poirot Investigates
Agatha Christie's Poirot,Poirot,Q123680943,0,1,2,episode of Lessons in Chemistry (S1 E6),,Q21191270,,
Agatha Christie's Poirot,Dumb Witness,Q337944,0,1,2,1937 novel by Agatha Christie,Poirot Loses a Client|Mystery At Littlegreen House|Murder At Littlegreen House,Q7725634,,Dumb Witness
Agatha Christie's Poirot,Poirot's Early Cases,Q1507576,0,1,2,Short story collection,,Q7725634,,Poirot's Early Cases
Agatha Christie's Poirot,Hercule Poirot,Q170534,0,1,2,fictional Belgian detective by Agatha Christie,,Q15632617|Q3658341|Q15773317|Q15773347,,Hercule Poirot
Agatha Christie's Poirot,Poirot-Delpech,Q84699027,0,1,2,family name,Poirot-Delpech (family name)|Poirot-Delpech (surname),Q101352|Q29042997,,
Agatha Christie's Poirot,The Adventure of the Clapham Cook,Q17174468,0,1,2,short story by Agatha Christie,,Q7725634,,The Adventure of the Clapham Cook (short story)
Agatha Christie's Poirot,The Adventure of the Clapham Cook,Q3208019,0,1,2,1989 television film directed by Edward Bennett,,Q506240|Q21191270,,
Agatha Christie's Poirot,The Adventure of the Clapham Cook,Q3519703,0,1,2,Wikimedia disambiguation page,,Q4167410,,The Adventure of the Clapham Cook
Agatha Christie's Poirot,Clive Exton,Q2979430,0,1,2,British writer (1930–2007),,Q5,,Clive Exton
Clive Exton,Clive Exton,Q2979430,0,2,1,British writer (1930–2007),,Q5,,Clive Exton
Clive Exton,Agatha Christie,Q35064,0,2,2,English mystery and detective writer (1890–1976),Agatha Mary Clarissa Miller|Dame Agatha Mary Clarissa Christie|Agatha Christie Mallowan|Lady Mallowan|Queen of Crime|Mary Westmacott,Q5,,Agatha Christie
Clive Exton,Agatha Christie,Q391042,0,2,2,Russian punk/synth rock band,Agata Kristi,Q215380,,Agatha Christie (band)
Clive Exton,Agatha Christie: The ABC Murders,Q22683400,0,2,2,2016 video game,,Q7889,,Agatha Christie: The ABC Murders (2016 video game)
Clive Exton,Agatha Christie: Evil Under the Sun,Q1167453,0,2,2,2007 video game,,Q7889,,Agatha Christie: Evil Under the Sun
Clive Exton,Agatha Christie,Q2826457,0,2,2,video game series,,Q7058673,,Agatha Christie (video game series)
Clive Exton,Agatha Christie: And Then There Were None,Q2533543,0,2,2,2005 adventure video game,And Then There Were None,Q7889,,Agatha Christie: And Then There Were None
Clive Exton,Agatha Christie: Murder on the Orient Express,Q2352386,0,2,2,2006 video game,Agatha Christie: Murder on Orient Express|Murder on the Orient Express|Murder on Orient Express,Q7889,,Agatha Christie: Murder on the Orient Express
Clive Exton,Agatha Christie: The ABC Murders,Q4691493,0,2,2,2009 video game for Nintendo DS,,Q7889,,Agatha Christie: The ABC Murders (2009 video game)
Clive Exton,Agatha Christie - Hercule Poirot: The First Cases,Q111966896,0,2,2,2021 video game,Agatha Christie:Hercule Poirot: The First Cases|Agatha Christie Hercule Poirot: The First Cases,Q7889,,
Clive Exton,Agatha Christie: Death on the Nile,Q17332965,0,2,2,2009 video game,Agatha Christie's: Death on the Nile|Agatha Christie's Death on the Nile|Death on the Nile|Death on Nile,Q7889,,
Clive Exton,Agatha Christie's Poirot,Q391101,0,2,2,British television detective series (1989–2013),Poirot,Q5398426,,Agatha Christie's Poirot
Clive Exton,Poirot,Q36918949,0,2,2,family name,,Q101352,,Poirot (surname)
Clive Exton,Pierre Achille Poirot,Q3383633,0,2,2,French painter (1797-1852),Pierre-Achille Poirot|Poirot,Q5,,
Clive Exton,Parcas Dmel_CG7761,Q29810124,0,2,2,protein found in Drosophila melanogaster,poirot|pcs-PB|parcas|parkas|CG7761-PB|pcs|CG7761 gene product from transcript CG7761-RB,Q8054,,
Clive Exton,Poirot Investigates,Q1418731,0,2,2,short story collection,,Q7725634,,Poirot Investigates
Clive Exton,Poirot,Q123680943,0,2,2,episode of Lessons in Chemistry (S1 E6),,Q21191270,,
Clive Exton,Dumb Witness,Q337944,0,2,2,1937 novel by Agatha Christie,Poirot Loses a Client|Mystery At Littlegreen House|Murder At Littlegreen House,Q7725634,,Dumb Witness
Clive Exton,Poirot's Early Cases,Q1507576,0,2,2,Short story collection,,Q7725634,,Poirot's Early Cases
Clive Exton,Hercule Poirot,Q170534,0,2,2,fictional Belgian detective by Agatha Christie,,Q15632617|Q3658341|Q15773317|Q15773347,,Hercule Poirot
Clive Exton,Poirot-Delpech,Q84699027,0,2,2,family name,Poirot-Delpech (family name)|Poirot-Delpech (surname),Q101352|Q29042997,,
Clive Exton,The Adventure of the Clapham Cook,Q17174468,0,2,2,short story by Agatha Christie,,Q7725634,,The Adventure of the Clapham Cook (short story)
Clive Exton,The Adventure of the Clapham Cook,Q3208019,0,2,2,1989 television film directed by Edward Bennett,,Q506240|Q21191270,,
Clive Exton,The Adventure of the Clapham Cook,Q3519703,0,2,2,Wikimedia disambiguation page,,Q4167410,,The Adventure of the Clapham Cook
Tatort: Die Abrechnung,Tatort: Die Abrechnung,Q1502764,1,0,1,1975 television film directed by Wolfgang Becker,,Q506240,,
Tatort: Die Abrechnung,Tatort: Die Abrechnung,Q22712218,1,0,1,1996 television film directed by Markus Fischer,,Q506240,,
Tatort: Die Abrechnung,Tatort: Die Abrechnung,Q1225349,1,0,1,Wikimedia disambiguation page,,Q4167410,,
Tatort: Die Abrechnung,Karl-Heinz Willschrei,Q1731570,1,0,2,German screenwriter (1939-2003),,Q5,,
Tatort with Willi Kreutzer,Tatort with Willi Kreutzer,Q110896434,1,1,1,television series,,Q5398426,,
Tatort with Willi Kreutzer,Tatort,Q689438,1,1,2,long-running German/Austrian/Swiss crime television series,,Q5398426,,Tatort
Tatort with Willi Kreutzer,urban area in Sweden,Q12813115,1,1,2,"def.: population ≥ 200, < 200 m between buildings, etc",urban area,Q15700808,Q6566301|Q702492|Q15042037|Q56061,Urban areas in Sweden
Tatort with Willi Kreutzer,"Tätorter 2015; befolkning 2010–2018, landareal, andel som överlappas av fritidshusområden",Q37276725,1,1,2,census from Statistics Sweden (SCB),,Q39825|Q11028,,
Tatort with Willi Kreutzer,Tatort: Schneetreiben,Q1665500,1,1,2,2005 television film directed by Tobias Ineichen,,Q506240,,
Tatort with Willi Kreutzer,Tatort: Zweikampf,Q1661575,1,1,2,1974 television film directed by Wolfgang Becker,,Q506240,,
Tatort with Willi Kreutzer,Tatort: Scherbenhaufen,Q1487811,1,1,2,2012 television film directed by Johannes Grieser,,Q506240,,
Tatort with Willi Kreutzer,Tatort: Telefongeld,Q19850701,1,1,2,1991 television film directed by Hans Noever,,Q506240,,
Tatort with Willi Kreutzer,Tatort: Der Tote im Nachtzug,Q1567144,1,1,2,2011 television film directed by Lars Kraume,,Q506240,,
Tatort with Willi Kreutzer,Tatort: Keine Polizei,Q1628582,1,1,2,2012 television film directed by Kaspar Heidelbach,,Q506240,,
Tatort with Willi Kreutzer,Tatort: Gebrochene Blüten,Q1517412,1,1,2,1988 television film directed by Hajo Gies,,Q506240,,
Tatort with Willi Kreutzer,Die Abrechnung,Q65186292,1,1,2,song by Eko Fresh,,Q105543609,,
Tatort with Willi Kreutzer,Die Abrechnung,Q42184822,1,1,2,,,Q17537576,,
Tatort with Willi Kreutzer,Paycheck,Q247516,1,1,2,2003 film directed by John Woo,,Q11424,,Paycheck (film)
Tatort with Willi Kreutzer,Badge,Q15872845,1,1,2,episode of Law & Order: Criminal Intent (S1 E20),,Q21191270,,
Tatort with Willi Kreutzer,L'Addition,Q3201457,1,1,2,1984 film by Denis Amar,,Q11424,,
Tatort with Willi Kreutzer,Führer-Ex: Memoirs of a Former Neo-Nazi,Q117804302,1,1,2,1993 memoir by Ingo Hasselbach,,Q7725634,,
Tatort with Willi Kreutzer,Tatort: Die Abrechnung,Q1502764,1,1,2,1975 television film directed by Wolfgang Becker,,Q506240,,
Tatort with Willi Kreutzer,Comrades,Q15917607,1,1,2,episode of The Americans (S2 E1),,Q21191270,,Comrades (The Americans)
Tatort with Willi Kreutzer,Chapter 7: The Reckoning,Q81636258,1,1,2,7th episode of the 1st season of The Mandalorian,The Reckoning,Q21191270,,Chapter 7: The Reckoning
Tatort with Willi Kreutzer,Tatort: Die Abrechnung,Q22712218,1,1,2,1996 television film directed by Markus Fischer,,Q506240,,
Tatort with Willi Kreutzer,Karl-Heinz Willschrei,Q1731570,1,1,2,German screenwriter (1939-2003),,Q5,,
Karl-Heinz Willschrei,Karl-Heinz Willschrei,Q1731570,1,2,1,German screenwriter (1939-2003),,Q5,,
The Mystery of the Blue Train,The Mystery of the Blue Train,Q636815,2,0,1,novel by Agatha Christie,,Q7725634,,The Mystery of the Blue Train
The Mystery of the Blue Train,The Mystery of the Blue Train,Q1198370,2,0,1,2005 film by Hettie MacDonald,Mystery of the Blue Train,Q506240|Q21191270,,The Mystery of the Blue Train (film)
The Mystery of the Blue Train,The Mystery of the Blue Train,Q124357299,2,0,1,"1928 US edition of the novel, published by Dodd, Mead and Company",Mystery of the Blue Train,Q3331189,,
The Mystery of the Blue Train,The Mystery of the Blue Train,Q1198367,2,0,1,Wikimedia disambiguation page,,Q4167410,,
The Mystery of the Blue Train,Agatha Christie,Q35064,2,0,2,English mystery and detective writer (1890–1976),Agatha Mary Clarissa Miller|Dame Agatha Mary Clarissa Christie|Agatha Christie Mallowan|Lady Mallowan|Queen of Crime|Mary Westmacott,Q5,,Agatha Christie
The Mystery of the Blue Train,Agatha Christie,Q391042,2,0,2,Russian punk/synth rock band,Agata Kristi,Q215380,,Agatha Christie (band)
The Mystery of the Blue Train,Agatha Christie: The ABC Murders,Q22683400,2,0,2,2016 video game,,Q7889,,Agatha Christie: The ABC Murders (2016 video game)
The Mystery of the Blue Train,Agatha Christie: Evil Under the Sun,Q1167453,2,0,2,2007 video game,,Q7889,,Agatha Christie: Evil Under the Sun
The Mystery of the Blue Train,Agatha Christie,Q2826457,2,0,2,video game series,,Q7058673,,Agatha Christie (video game series)
The Mystery of the Blue Train,Agatha Christie: And Then There Were None,Q2533543,2,0,2,2005 adventure video game,And Then There Were None,Q7889,,Agatha Christie: And Then There Were None
The Mystery of the Blue Train,Agatha Christie: Murder on the Orient Express,Q2352386,2,0,2,2006 video game,Agatha Christie: Murder on Orient Express|Murder on the Orient Express|Murder on Orient Express,Q7889,,Agatha Christie: Murder on the Orient Express
The Mystery of the Blue Train,Agatha Christie: The ABC Murders,Q4691493,2,0,2,2009 video game for Nintendo DS,,Q7889,,Agatha Christie: The ABC Murders (2009 video game)
The Mystery of the Blue Train,Agatha Christie - Hercule Poirot: The First Cases,Q111966896,2,0,2,2021 video game,Agatha Christie:Hercule Poirot: The First Cases|Agatha Christie Hercule Poirot: The First Cases,Q7889,,
The Mystery of the Blue Train,Agatha Christie: Death on the Nile,Q17332965,2,0,2,2009 video game,Agatha Christie's: Death on the Nile|Agatha Christie's Death on the Nile|Death on the Nile|Death on Nile,Q7889,,
The Mystery of the Blue Train,Agatha Christie's Poirot,Q391101,2,0,2,British television detective series (1989–2013),Poirot,Q5398426,,Agatha Christie's Poirot
The Mystery of the Blue Train,Poirot,Q36918949,2,0,2,family name,,Q101352,,Poirot (surname)
The Mystery of the Blue Train,Pierre Achille Poirot,Q3383633,2,0,2,French painter (1797-1852),Pierre-Achille Poirot|Poirot,Q5,,
The Mystery of the Blue Train,Parcas Dmel_CG7761,Q29810124,2,0,2,protein found in Drosophila melanogaster,poirot|pcs-PB|parcas|parkas|CG7761-PB|pcs|CG7761 gene product from transcript CG7761-RB,Q8054,,
The Mystery of the Blue Train,Poirot Investigates,Q1418731,2,0,2,short story collection,,Q7725634,,Poirot Investigates
The Mystery of the Blue Train,Poirot,Q123680943,2,0,2,episode of Lessons in Chemistry (S1 E6),,Q21191270,,
The Mystery of the Blue Train,Dumb Witness,Q337944,2,0,2,1937 novel by Agatha Christie,Poirot Loses a Client|Mystery At Littlegreen House|Murder At Littlegreen House,Q7725634,,Dumb Witness
The Mystery of the Blue Train,Poirot's Early Cases,Q1507576,2,0,2,Short story collection,,Q7725634,,Poirot's Early Cases
The Mystery of the Blue Train,Hercule Poirot,Q170534,2,0,2,fictional Belgian detective by Agatha Christie,,Q15632617|Q3658341|Q15773317|Q15773347,,Hercule Poirot
The Mystery of the Blue Train,Poirot-Delpech,Q84699027,2,0,2,family name,Poirot-Delpech (family name)|Poirot-Delpech (surname),Q101352|Q29042997,,
The Mystery of the Blue Train,Guy Andrews,Q3121516,2,0,2,English TV/writer,,Q5,,Guy Andrews
The Mystery of the Blue Train,Guy Andrews,Q133028975,2,0,2,,,Q5,,
The Mystery of the Blue Train,Guy Andrews Ham,Q106484059,2,0,2,"politician in Massachusetts, US",Guy Ham|Guy A. Ham|G. A. Ham,Q5,,
Agatha Christie's Poirot,Agatha Christie's Poirot,Q391101,2,1,1,British television detective series (1989–2013),Poirot,Q5398426,,Agatha Christie's Poirot
Agatha Christie's Poirot,"Agatha Christie's Poirot, season 10",Q3729527,2,1,1,season of television series,,Q3464665,,
Agatha Christie's Poirot,"Agatha Christie's Poirot, season 12",Q3729530,2,1,1,season of television series,,Q3464665,,
Agatha Christie's Poirot,"Agatha Christie's Poirot, season 11",Q3729540,2,1,1,season of television series,,Q3464665,,
Agatha Christie's Poirot,"Agatha Christie's Poirot, season 13",Q3464702,2,1,1,season of television series,,Q3464665,,
Agatha Christie's Poirot,"Agatha Christie's Poirot, season 2",Q3729536,2,1,1,season of television series,,Q3464665,,
Agatha Christie's Poirot,"Agatha Christie's Poirot, season 1",Q3729532,2,1,1,season of television series,,Q3464665,,
Agatha Christie's Poirot,"Agatha Christie's Poirot, season 5",Q3729535,2,1,1,season of television series,,Q3464665,,
Agatha Christie's Poirot,"Agatha Christie's Poirot, season 3",Q3729542,2,1,1,season of television series,,Q3464665,,
Agatha Christie's Poirot,"Agatha Christie's Poirot, season 9",Q3729528,2,1,1,season of television series,,Q3464665,,
Agatha Christie's Poirot,Agatha Christie,Q35064,2,1,2,English mystery and detective writer (1890–1976),Agatha Mary Clarissa Miller|Dame Agatha Mary Clarissa Christie|Agatha Christie Mallowan|Lady Mallowan|Queen of Crime|Mary Westmacott,Q5,,Agatha Christie
Agatha Christie's Poirot,Agatha Christie,Q391042,2,1,2,Russian punk/synth rock band,Agata Kristi,Q215380,,Agatha Christie (band)
Agatha Christie's Poirot,Agatha Christie: The ABC Murders,Q22683400,2,1,2,2016 video game,,Q7889,,Agatha Christie: The ABC Murders (2016 video game)
Agatha Christie's Poirot,Agatha Christie: Evil Under the Sun,Q1167453,2,1,2,2007 video game,,Q7889,,Agatha Christie: Evil Under the Sun
Agatha Christie's Poirot,Agatha Christie,Q2826457,2,1,2,video game series,,Q7058673,,Agatha Christie (video game series)
Agatha Christie's Poirot,Agatha Christie: And Then There Were None,Q2533543,2,1,2,2005 adventure video game,And Then There Were None,Q7889,,Agatha Christie: And Then There Were None
Agatha Christie's Poirot,Agatha Christie: Murder on the Orient Express,Q2352386,2,1,2,2006 video game,Agatha Christie: Murder on Orient Express|Murder on the Orient Express|Murder on Orient Express,Q7889,,Agatha Christie: Murder on the Orient Express
Agatha Christie's Poirot,Agatha Christie: The ABC Murders,Q4691493,2,1,2,2009 video game for Nintendo DS,,Q7889,,Agatha Christie: The ABC Murders (2009 video game)
Agatha Christie's Poirot,Agatha Christie - Hercule Poirot: The First Cases,Q111966896,2,1,2,2021 video game,Agatha Christie:Hercule Poirot: The First Cases|Agatha Christie Hercule Poirot: The First Cases,Q7889,,
Agatha Christie's Poirot,Agatha Christie: Death on the Nile,Q17332965,2,1,2,2009 video game,Agatha Christie's: Death on the Nile|Agatha Christie's Death on the Nile|Death on the Nile|Death on Nile,Q7889,,
Agatha Christie's Poirot,Poirot,Q36918949,2,1,2,family name,,Q101352,,Poirot (surname)
Agatha Christie's Poirot,Pierre Achille Poirot,Q3383633,2,1,2,French painter (1797-1852),Pierre-Achille Poirot|Poirot,Q5,,
Agatha Christie's Poirot,Parcas Dmel_CG7761,Q29810124,2,1,2,protein found in Drosophila melanogaster,poirot|pcs-PB|parcas|parkas|CG7761-PB|pcs|CG7761 gene product from transcript CG7761-RB,Q8054,,
Agatha Christie's Poirot,Poirot Investigates,Q1418731,2,1,2,short story collection,,Q7725634,,Poirot Investigates
Agatha Christie's Poirot,Poirot,Q123680943,2,1,2,episode of Lessons in Chemistry (S1 E6),,Q21191270,,
Agatha Christie's Poirot,Dumb Witness,Q337944,2,1,2,1937 novel by Agatha Christie,Poirot Loses a Client|Mystery At Littlegreen House|Murder At Littlegreen House,Q7725634,,Dumb Witness
Agatha Christie's Poirot,Poirot's Early Cases,Q1507576,2,1,2,Short story collection,,Q7725634,,Poirot's Early Cases
Agatha Christie's Poirot,Hercule Poirot,Q170534,2,1,2,fictional Belgian detective by Agatha Christie,,Q15632617|Q3658341|Q15773317|Q15773347,,Hercule Poirot
Agatha Christie's Poirot,Poirot-Delpech,Q84699027,2,1,2,family name,Poirot-Delpech (family name)|Poirot-Delpech (surname),Q101352|Q29042997,,
Agatha Christie's Poirot,The Mystery of the Blue Train,Q636815,2,1,2,novel by Agatha Christie,,Q7725634,,The Mystery of the Blue Train
Agatha Christie's Poirot,The Mystery of the Blue Train,Q1198370,2,1,2,2005 film by Hettie MacDonald,Mystery of the Blue Train,Q506240|Q21191270,,The Mystery of the Blue Train (film)
Agatha Christie's Poirot,The Mystery of the Blue Train,Q124357299,2,1,2,"1928 US edition of the novel, published by Dodd, Mead and Company",Mystery of the Blue Train,Q3331189,,
Agatha Christie's Poirot,The Mystery of the Blue Train,Q1198367,2,1,2,Wikimedia disambiguation page,,Q4167410,,
Agatha Christie's Poirot,Guy Andrews,Q3121516,2,1,2,English TV/writer,,Q5,,Guy Andrews
Agatha Christie's Poirot,Guy Andrews,Q133028975,2,1,2,,,Q5,,
Agatha Christie's Poirot,Guy Andrews Ham,Q106484059,2,1,2,"politician in Massachusetts, US",Guy Ham|Guy A. Ham|G. A. Ham,Q5,,
Guy Andrews,Guy Andrews,Q3121516,2,2,1,English TV/writer,,Q5,,Guy Andrews
Guy Andrews,Guy Andrews,Q133028975,2,2,1,,,Q5,,
Guy Andrews,Guy Andrews Ham,Q106484059,2,2,1,"politician in Massachusetts, US",Guy Ham|Guy A. Ham|G. A. Ham,Q5,,
Guy Andrews,Agatha Christie,Q35064,2,2,2,English mystery and detective writer (1890–1976),Agatha Mary Clarissa Miller|Dame Agatha Mary Clarissa Christie|Agatha Christie Mallowan|Lady Mallowan|Queen of Crime|Mary Westmacott,Q5,,Agatha Christie
Guy Andrews,Agatha Christie,Q391042,2,2,2,Russian punk/synth rock band,Agata Kristi,Q215380,,Agatha Christie (band)
Guy Andrews,Agatha Christie: The ABC Murders,Q22683400,2,2,2,2016 video game,,Q7889,,Agatha Christie: The ABC Murders (2016 video game)
Guy Andrews,Agatha Christie: Evil Under the Sun,Q1167453,2,2,2,2007 video game,,Q7889,,Agatha Christie: Evil Under the Sun
Guy Andrews,Agatha Christie,Q2826457,2,2,2,video game series,,Q7058673,,Agatha Christie (video game series)
Guy Andrews,Agatha Christie: And Then There Were None,Q2533543,2,2,2,2005 adventure video game,And Then There Were None,Q7889,,Agatha Christie: And Then There Were None
Guy Andrews,Agatha Christie: Murder on the Orient Express,Q2352386,2,2,2,2006 video game,Agatha Christie: Murder on Orient Express|Murder on the Orient Express|Murder on Orient Express,Q7889,,Agatha Christie: Murder on the Orient Express
Guy Andrews,Agatha Christie: The ABC Murders,Q4691493,2,2,2,2009 video game for Nintendo DS,,Q7889,,Agatha Christie: The ABC Murders (2009 video game)
Guy Andrews,Agatha Christie - Hercule Poirot: The First Cases,Q111966896,2,2,2,2021 video game,Agatha Christie:Hercule Poirot: The First Cases|Agatha Christie Hercule Poirot: The First Cases,Q7889,,
Guy Andrews,Agatha Christie: Death on the Nile,Q17332965,2,2,2,2009 video game,Agatha Christie's: Death on the Nile|Agatha Christie's Death on the Nile|Death on the Nile|Death on Nile,Q7889,,
Guy Andrews,Hercule Poirot,Q170534,2,2,2,fictional Belgian detective by Agatha Christie,,Q15632617|Q3658341|Q15773317|Q15773347,,Hercule Poirot
Guy Andrews,Hercule Poirot,Q113841447,2,2,2,film series by Kenneth Branagh,,Q24856,,Hercule Poirot (film series)
Guy Andrews,Hercule Poirot,Q60193323,2,2,2,episode of General Electric Theater,,Q21191270,,
Guy Andrews,Hercule Poirot in literature,Q5736399,2,2,2,Wikimedia list article,,Q13406463,,Hercule Poirot in literature
Guy Andrews,Hercule Poirot,Q97707952,2,2,2,UK radio series,,Q1555508,,Hercule Poirot (British radio series)
Guy Andrews,Hercule Poirot,Q125101808,2,2,2,American radio mystery series (1945–1947),,,,Hercule Poirot (American radio series)
Guy Andrews,canon of Hercule Poirot,Q122441953,2,2,2,"group of novels, short stories and one play written by Agatha Christie",Hercule Poirot,Q277759,,
Guy Andrews,Hercule Poirot's Christmas,Q377710,2,2,2,1938 novel by Agatha Christie,Murder for Christmas,Q7725634,,Hercule Poirot's Christmas
Guy Andrews,Hercule Poirot's Christmas,Q3225071,2,2,2,1994 film by Edward Bennett,,Q506240|Q21191270,,
Guy Andrews,Agatha Christie's Poirot,Q391101,2,2,2,British television detective series (1989–2013),Poirot,Q5398426,,Agatha Christie's Poirot
Guy Andrews,The Mystery of the Blue Train,Q636815,2,2,2,novel by Agatha Christie,,Q7725634,,The Mystery of the Blue Train
Guy Andrews,The Mystery of the Blue Train,Q1198370,2,2,2,2005 film by Hettie MacDonald,Mystery of the Blue Train,Q506240|Q21191270,,The Mystery of the Blue Train (film)
Guy Andrews,The Mystery of the Blue Train,Q124357299,2,2,2,"1928 US edition of the novel, published by Dodd, Mead and Company",Mystery of the Blue Train,Q3331189,,
Guy Andrews,The Mystery of the Blue Train,Q1198367,2,2,2,Wikimedia disambiguation page,,Q4167410,,
Stigma,Stigma,Q10821851,3,0,1,genus of insects,,Q16521,,
Stigma,Stigma,Q25412732,3,0,1,album by EMF,,Q482994,,Stigma (EMF album)
Stigma,Stigmatomyces,Q7616502,3,0,1,genus of fungi,,Q16521,,Stigmatomyces
Stigma,Stigmaphyllon,Q5637764,3,0,1,genus of plants,,Q16521,,Stigmaphyllon
Stigma,Stigmaeidae,Q10679925,3,0,1,family of arthropods,,Q16521,,Stigmaeidae
Stigma,social stigma,Q1137326,3,0,1,type of discrimination or disapproval based on perceivable social characteristics that serve to distinguish a person from other members of a society,stigma|stigmatization,Q33104129,Q169207,Social stigma
Stigma,Stigma,Q65236648,3,0,1,1995 studio album by Jack in the Box,,Q482994,,
Stigma,Stigma,Q140044075,3,0,1,episode of S.W.A.T. (s3 e18),,Q21191270,,
Stigma,Stigmatea,Q7616491,3,0,1,genus of fungi,,Q16521,,Stigmatea
Stigma,Stigmatomma,Q16928402,3,0,1,genus of insects,,Q16521,,Stigmatomma
A Ghost Story for Christmas,A Ghost Story for Christmas,Q4656988,3,1,1,television series,,Q5398426,,A Ghost Story for Christmas
Clive Exton,Clive Exton,Q2979430,3,2,1,British writer (1930–2007),,Q5,,Clive Exton
Zwerg Nase,Zwerg Nase,Q244020,4,0,1,1953 German fairytale film directed by Francesco Stefani,,Q11424,,
Zwerg Nase,Zwerg Nase,Q244023,4,0,1,2008 television film directed by Felicitas Darschin,,Q506240,,
Zwerg Nase,Zwerg Nase,Q110249859,4,0,1,2021 film by Ngo The Chau,,Q506240,,
Zwerg Nase,Zwerg Nase,Q124470347,4,0,1,performing arts production of the Schauspielhaus Zürich during the season 2011-2012,,Q43099500,,
Zwerg Nase,Zwerg Nase,Q126493760,4,0,1,performing arts production of the Theater Basel during the season 1952-1953,,Q43099500,,
Zwerg Nase,Zwerg Nase,Q123537226,4,0,1,1986 Short film,,Q24862,,
Zwerg Nase,Little Longnose,Q244019,4,0,1,2003 Russian traditionally-animated feature film directed by Ilya Maksimov,,Q202866,,Little Longnose
Zwerg Nase,Zwerg Nase. Ein Weihnachtsmärchenspiel,Q122914027,4,0,1,performing arts production of Stadttheater Bern during the season 1958-1959,,Q43099500,,
Zwerg Nase,Zwerg Nase. Märchenspiel in acht Bildern,Q122914092,4,0,1,performing arts production of Stadttheater Bern during the season 1949-1950,,Q43099500,,
Zwerg Nase,Zwerg Nase. Märchenspiel in acht Bildern,Q126496038,4,0,1,performing arts production of the Theater Basel during the season 1920-1921,,Q43099500,,
Zwerg Nase,Märchenperlen,Q1957405,4,0,2,,,Q15416,,
Zwerg Nase,The sweet porridge,Q58930065,4,0,2,2018 film by Frank Stoye,,Q506240,,
Zwerg Nase,Felicitas Darschin,Q23059527,4,0,2,German screenwriter,,Q5,,
Märchenperlen,Märchenperlen,Q1957405,4,1,1,,,Q15416,,
Märchenperlen,The sweet porridge,Q58930065,4,1,1,2018 film by Frank Stoye,,Q506240,,
Felicitas Darschin,Felicitas Darschin,Q23059527,4,2,1,German screenwriter,,Q5,,
Felicitas Darschin,Zwerg Nase,Q244020,4,2,2,1953 German fairytale film directed by Francesco Stefani,,Q11424,,
Felicitas Darschin,Zwerg Nase,Q244023,4,2,2,2008 television film directed by Felicitas Darschin,,Q506240,,
Felicitas Darschin,Zwerg Nase,Q110249859,4,2,2,2021 film by Ngo The Chau,,Q506240,,
Felicitas Darschin,Zwerg Nase,Q124470347,4,2,2,performing arts production of the Schauspielhaus Zürich during the season 2011-2012,,Q43099500,,
Felicitas Darschin,Zwerg Nase,Q126493760,4,2,2,performing arts production of the Theater Basel during the season 1952-1953,,Q43099500,,
Felicitas Darschin,Zwerg Nase,Q123537226,4,2,2,1986 Short film,,Q24862,,
Felicitas Darschin,Little Longnose,Q244019,4,2,2,2003 Russian traditionally-animated feature film directed by Ilya Maksimov,,Q202866,,Little Longnose
Felicitas Darschin,Zwerg Nase. Ein Weihnachtsmärchenspiel,Q122914027,4,2,2,performing arts production of Stadttheater Bern during the season 1958-1959,,Q43099500,,
Felicitas Darschin,Zwerg Nase. Märchenspiel in acht Bildern,Q122914092,4,2,2,performing arts production of Stadttheater Bern during the season 1949-1950,,Q43099500,,
Felicitas Darschin,Zwerg Nase. Märchenspiel in acht Bildern,Q126496038,4,2,2,performing arts production of the Theater Basel during the season 1920-1921,,Q43099500,,
Felicitas Darschin,Märchenperlen,Q1957405,4,2,2,,,Q15416,,
Felicitas Darschin,The sweet porridge,Q58930065,4,2,2,2018 film by Frank Stoye,,Q506240,,
Rusty Bugles,Rusty Bugles,Q110653839,5,0,1,play written by Sumner Locke Elliott,,Q7725634,,Rusty Bugles
Rusty Bugles,Rusty Bugles,Q7382576,5,0,1,1965 television film directed by Alan Burke,,Q506240|Q21191270,,Rusty Bugles (Wednesday Theatre)
Rusty Bugles,Rusty Bugles,Q110653855,5,0,1,1981 television film,,Q506240,,
Rusty Bugles,Wednesday Theatre,Q24997573,5,0,2,television series,,Q5398426,,Wednesday Theatre
Rusty Bugles,John Warwick,Q116026544,5,0,2,Sep 1709 -,,Q5,,
Rusty Bugles,John Warwick,Q6263123,5,0,2,Australian actor,John McIntosh Beattie,Q5,,John Warwick
Rusty Bugles,John J. Warwick,Q107456692,5,0,2,environmental engineer,John J Warwick|John Warwick,Q5,,
Rusty Bugles,John Warwick Montgomery,Q279183,5,0,2,"Lawyer, Professor of Philosophy, theologian and author (1931–2024)",,Q5,,John Warwick Montgomery
Rusty Bugles,John Warwick,Q17319056,5,0,2,MP for Totnes (fl. 1406),,Q5,,John Warwick (MP for Totnes)
Rusty Bugles,John Warwick,Q24204787,5,0,2,MP for Cambridgeshire (fl. 1405-1429),,Q5,,
Rusty Bugles,John Warwick,Q24204783,5,0,2,MP for Northamptonshire (fl. 1380-1419),,Q5,,
Rusty Bugles,John Warwick,Q76128590,5,0,2,Peerage person ID=550885,,Q5,,
Rusty Bugles,John Warwick Brooke,Q29267899,5,0,2,British photographer (1886–1929),Warwick Brooke,Q5,,
Rusty Bugles,John Warwick Smith,Q11728002,5,0,2,British watercolour landscape painter and illustrator (1749-1831),Italian Smith|Smith l'Italien|Warwich Smith|Warwick Smith|John 'Warwick' Smith|John Smith|John Irthington Smith|I. Smith|J. Smith,Q5,,John Warwick Smith
Wednesday Theatre,Wednesday Theatre,Q24997573,5,1,1,television series,,Q5398426,,Wednesday Theatre
Wednesday Theatre,Rusty Bugles,Q110653839,5,1,2,play written by Sumner Locke Elliott,,Q7725634,,Rusty Bugles
Wednesday Theatre,Rusty Bugles,Q7382576,5,1,2,1965 television film directed by Alan Burke,,Q506240|Q21191270,,Rusty Bugles (Wednesday Theatre)
Wednesday Theatre,Rusty Bugles,Q110653855,5,1,2,1981 television film,,Q506240,,
Wednesday Theatre,John Warwick,Q116026544,5,1,2,Sep 1709 -,,Q5,,
Wednesday Theatre,John Warwick,Q6263123,5,1,2,Australian actor,John McIntosh Beattie,Q5,,John Warwick
Wednesday Theatre,John J. Warwick,Q107456692,5,1,2,environmental engineer,John J Warwick|John Warwick,Q5,,
Wednesday Theatre,John Warwick Montgomery,Q279183,5,1,2,"Lawyer, Professor of Philosophy, theologian and author (1931–2024)",,Q5,,John Warwick Montgomery
Wednesday Theatre,John Warwick,Q17319056,5,1,2,MP for Totnes (fl. 1406),,Q5,,John Warwick (MP for Totnes)
Wednesday Theatre,John Warwick,Q24204787,5,1,2,MP for Cambridgeshire (fl. 1405-1429),,Q5,,
Wednesday Theatre,John Warwick,Q24204783,5,1,2,MP for Northamptonshire (fl. 1380-1419),,Q5,,
Wednesday Theatre,John Warwick,Q76128590,5,1,2,Peerage person ID=550885,,Q5,,
Wednesday Theatre,John Warwick Brooke,Q29267899,5,1,2,British photographer (1886–1929),Warwick Brooke,Q5,,
Wednesday Theatre,John Warwick Smith,Q11728002,5,1,2,British watercolour landscape painter and illustrator (1749-1831),Italian Smith|Smith l'Italien|Warwich Smith|Warwick Smith|John 'Warwick' Smith|John Smith|John Irthington Smith|I. Smith|J. Smith,Q5,,John Warwick Smith
John Warwick,John Warwick,Q116026544,5,2,1,Sep 1709 -,,Q5,,
John Warwick,John Warwick,Q6263123,5,2,1,Australian actor,John McIntosh Beattie,Q5,,John Warwick
John Warwick,John J. Warwick,Q107456692,5,2,1,environmental engineer,John J Warwick|John Warwick,Q5,,
John Warwick,John Warwick Montgomery,Q279183,5,2,1,"Lawyer, Professor of Philosophy, theologian and author (1931–2024)",,Q5,,John Warwick Montgomery
John Warwick,John Warwick,Q17319056,5,2,1,MP for Totnes (fl. 1406),,Q5,,John Warwick (MP for Totnes)
John Warwick,John Warwick,Q24204787,5,2,1,MP for Cambridgeshire (fl. 1405-1429),,Q5,,
John Warwick,John Warwick,Q24204783,5,2,1,MP for Northamptonshire (fl. 1380-1419),,Q5,,
John Warwick,John Warwick,Q76128590,5,2,1,Peerage person ID=550885,,Q5,,
John Warwick,John Warwick Brooke,Q29267899,5,2,1,British photographer (1886–1929),Warwick Brooke,Q5,,
John Warwick,John Warwick Smith,Q11728002,5,2,1,British watercolour landscape painter and illustrator (1749-1831),Italian Smith|Smith l'Italien|Warwich Smith|Warwick Smith|John 'Warwick' Smith|John Smith|John Irthington Smith|I. Smith|J. Smith,Q5,,John Warwick Smith
Rose Hill,Rose Hill,Q2180662,6,0,1,English actress and operatic soprano (1914-2003),Rose Lilian Hill,Q5,,Rose Hill (actress)
Rose Hill,Rose Hill,Q1107182,6,0,1,"neighborhood in Manhattan, New York City",,Q61297932,,"Rose Hill, Manhattan"
Rose Hill,Rose Hill,Q1925699,6,0,1,"city in Mahaska County, Iowa, United States","Rose Hill, Iowa|Rose Hill, IA",Q1093829,,"Rose Hill, Iowa"
Rose Hill,Rose Hill,Q2024757,6,0,1,"human settlement in Duplin County, North Carolina, United States of America","Rose Hill, Carolina del Norte|Rose Hill, Carolina del Norte, EE.UU.",Q15127012|Q132680629,,"Rose Hill, North Carolina"
Rose Hill,Rose Hill,Q413231,6,0,1,Wikimedia disambiguation page,,Q22808320,,Rose Hill
Rose Hill,Rose Hill,Q1150755,6,0,1,"city in Butler County, Kansas, United States","Rose Hill, Kansas|Rose Hill, KS",Q1093829,,"Rose Hill, Kansas"
Rose Hill,Rose Z Hill,Q88117962,6,0,1,researcher,Rose Hill,Q5,,
Rose Hill,Rose Hill,Q3459997,6,0,1,"census-designated place in Lee County, Virginia","Rose Hill, Lee County|Rose Hill, VA",Q498162,,"Rose Hill, Lee County, Virginia"
Rose Hill,Rose Ariel Hill,Q76293104,6,0,1,Peerage person ID=668374,Rose Hill|Rose Hughes-Onslow,Q5,,
Rose Hill,Rose Hill,Q110897514,6,0,1,street in the London Borough of Sutton,"Rose Hill, Sutton",Q79007,,
Rose Hill,Hallmark Hall of Fame,Q1247468,6,0,2,American television anthology series,Hallmark Television Playhouse,Q5398426,,Hallmark Hall of Fame
Rose Hill,list of Hallmark Hall of Fame episodes,Q16191689,6,0,2,Wikimedia list article,Hallmark Hall of Fame episode list,Q13406463,,List of Hallmark Hall of Fame episodes
Rose Hill,April Morning,Q50332238,6,0,2,1988 film by Delbert Mann,Hallmark Hall of Fame: April Morning,Q506240,,
Rose Hill,Inherit the Wind,Q6033768,6,0,2,1965 film by George Schaefer,,Q11424,,Inherit the Wind (Hallmark Hall of Fame)
Rose Hill,Back When We Were Grownups,Q101067773,6,0,2,2004 television film directed by Ron Underwood,,Q506240,,
Rose Hill,Earl W. Wallace,Q1277190,6,0,2,American screenwriter (1942–2018),,Q5,,Earl W. Wallace
Hallmark Hall of Fame,Hallmark Hall of Fame,Q1247468,6,1,1,American television anthology series,Hallmark Television Playhouse,Q5398426,,Hallmark Hall of Fame
Hallmark Hall of Fame,list of Hallmark Hall of Fame episodes,Q16191689,6,1,1,Wikimedia list article,Hallmark Hall of Fame episode list,Q13406463,,List of Hallmark Hall of Fame episodes
Hallmark Hall of Fame,April Morning,Q50332238,6,1,1,1988 film by Delbert Mann,Hallmark Hall of Fame: April Morning,Q506240,,
Hallmark Hall of Fame,Inherit the Wind,Q6033768,6,1,1,1965 film by George Schaefer,,Q11424,,Inherit the Wind (Hallmark Hall of Fame)
Hallmark Hall of Fame,Back When We Were Grownups,Q101067773,6,1,1,2004 television film directed by Ron Underwood,,Q506240,,
Hallmark Hall of Fame,Rose Hill,Q2180662,6,1,2,English actress and operatic soprano (1914-2003),Rose Lilian Hill,Q5,,Rose Hill (actress)
Hallmark Hall of Fame,Rose Hill,Q1107182,6,1,2,"neighborhood in Manhattan, New York City",,Q61297932,,"Rose Hill, Manhattan"
Hallmark Hall of Fame,Rose Hill,Q1925699,6,1,2,"city in Mahaska County, Iowa, United States","Rose Hill, Iowa|Rose Hill, IA",Q1093829,,"Rose Hill, Iowa"
Hallmark Hall of Fame,Rose Hill,Q2024757,6,1,2,"human settlement in Duplin County, North Carolina, United States of America","Rose Hill, Carolina del Norte|Rose Hill, Carolina del Norte, EE.UU.",Q15127012|Q132680629,,"Rose Hill, North Carolina"
Hallmark Hall of Fame,Rose Hill,Q413231,6,1,2,Wikimedia disambiguation page,,Q22808320,,Rose Hill
Hallmark Hall of Fame,Rose Hill,Q1150755,6,1,2,"city in Butler County, Kansas, United States","Rose Hill, Kansas|Rose Hill, KS",Q1093829,,"Rose Hill, Kansas"
Hallmark Hall of Fame,Rose Z Hill,Q88117962,6,1,2,researcher,Rose Hill,Q5,,
Hallmark Hall of Fame,Rose Hill,Q3459997,6,1,2,"census-designated place in Lee County, Virginia","Rose Hill, Lee County|Rose Hill, VA",Q498162,,"Rose Hill, Lee County, Virginia"
Hallmark Hall of Fame,Rose Ariel Hill,Q76293104,6,1,2,Peerage person ID=668374,Rose Hill|Rose Hughes-Onslow,Q5,,
Hallmark Hall of Fame,Rose Hill,Q110897514,6,1,2,street in the London Borough of Sutton,"Rose Hill, Sutton",Q79007,,
Hallmark Hall of Fame,Earl W. Wallace,Q1277190,6,1,2,American screenwriter (1942–2018),,Q5,,Earl W. Wallace
Earl W. Wallace,Earl W. Wallace,Q1277190,6,2,1,American screenwriter (1942–2018),,Q5,,Earl W. Wallace
Earl W. Wallace,Earl Wallace Urquhart,Q5326148,6,2,2,Canadian politician,Earl Wallace Urquhart,Q5,,Earl Wallace Urquhart
There's Always Vanilla,There's Always Vanilla,Q2700297,7,0,1,1971 film by George A. Romero,,Q11424,,There's Always Vanilla
There's Always Vanilla,There's Always Vanilla,Q2101899,7,0,1,2011 episode of Polizeiruf 110 directed by Bernd Böhlich,,Q506240,,
There's Always Vanilla,Polizeiruf 110,Q698522,7,0,2,German detective television series,,Q5398426,,Polizeiruf 110
There's Always Vanilla,Polizeiruf 110: Hexenjagd,Q19850804,7,0,2,2014 German crime movie directed by Angelina Maccarone,,Q506240,,
There's Always Vanilla,Polizeiruf 110: Wölfe,Q26825329,7,0,2,2016 German TV crime movie of Polizeiruf 110 series directed by Christian Petzold,,Q506240,,
There's Always Vanilla,"Polizeiruf 110: Die Lücke, die der Teufel lässt",Q20817076,7,0,2,2010 television film directed by Lars Montag,,Q506240,,
There's Always Vanilla,Polizeiruf 110: Wie ist die Welt so stille,Q15169420,7,0,2,2008 episode of Polizeiruf 110 directed by Alain Gsponer,,Q506240,,
There's Always Vanilla,Polizeiruf 110: Heimkehr in den Tod,Q24205139,7,0,2,2005 television film directed by Karola Hattop,,Q506240,,
There's Always Vanilla,Polizeiruf 110: Der Preis der Freiheit,Q23854300,7,0,2,2016 television film directed by Stephan Rick,,Q506240,,
There's Always Vanilla,Polizeiruf 110: Fischerkrieg,Q20815688,7,0,2,2013 television film directed by Alexander Dierbach,,Q506240,,
There's Always Vanilla,Polizeiruf 110: Ikarus,Q20354508,7,0,2,2015 television film directed by Peter Kahane,,Q506240,,
There's Always Vanilla,"Polizeiruf 110: Denn sie wissen nicht, was sie tun",Q14916683,7,0,2,2011 television film directed by Hans Steinbichler,,Q506240,,
There's Always Vanilla,Annette Hess,Q566588,7,0,2,German writer and screenwriter,,Q5,,
There's Always Vanilla,Annette Hess,Q139028114,7,0,2,,,Q5,,
There's Always Vanilla,Annette Hessen Bjerke,Q138230748,7,0,2,researcher,,Q5,,
Polizeiruf 110,Polizeiruf 110,Q698522,7,1,1,German detective television series,,Q5398426,,Polizeiruf 110
Polizeiruf 110,Polizeiruf 110: Hexenjagd,Q19850804,7,1,1,2014 German crime movie directed by Angelina Maccarone,,Q506240,,
Polizeiruf 110,Polizeiruf 110: Wölfe,Q26825329,7,1,1,2016 German TV crime movie of Polizeiruf 110 series directed by Christian Petzold,,Q506240,,
Polizeiruf 110,"Polizeiruf 110: Die Lücke, die der Teufel lässt",Q20817076,7,1,1,2010 television film directed by Lars Montag,,Q506240,,
Polizeiruf 110,Polizeiruf 110: Wie ist die Welt so stille,Q15169420,7,1,1,2008 episode of Polizeiruf 110 directed by Alain Gsponer,,Q506240,,
Polizeiruf 110,Polizeiruf 110: Heimkehr in den Tod,Q24205139,7,1,1,2005 television film directed by Karola Hattop,,Q506240,,
Polizeiruf 110,Polizeiruf 110: Der Preis der Freiheit,Q23854300,7,1,1,2016 television film directed by Stephan Rick,,Q506240,,
Polizeiruf 110,Polizeiruf 110: Fischerkrieg,Q20815688,7,1,1,2013 television film directed by Alexander Dierbach,,Q506240,,
Polizeiruf 110,Polizeiruf 110: Ikarus,Q20354508,7,1,1,2015 television film directed by Peter Kahane,,Q506240,,
Polizeiruf 110,"Polizeiruf 110: Denn sie wissen nicht, was sie tun",Q14916683,7,1,1,2011 television film directed by Hans Steinbichler,,Q506240,,
Annette Hess,Annette Hess,Q566588,7,2,1,German writer and screenwriter,,Q5,,
Annette Hess,Annette Hess,Q139028114,7,2,1,,,Q5,,
Annette Hess,Annette Hessen Bjerke,Q138230748,7,2,1,researcher,,Q5,,
The Scarlet and the Black,The Scarlet and the Black,Q1659531,8,0,1,1983 film directed by Jerry London,Scarlet and the Black,Q506240,,The Scarlet and the Black
The Scarlet and the Black,The Scarlet and the Black,Q62097071,8,0,1,Wikimedia disambiguation page,,Q4167410,,The Scarlet and the Black (disambiguation)
The Scarlet and the Black,David Butler,Q15491632,8,0,2,British political scientist,David Henry Edgeworth Butler|Sir David Edgeworth Butler,Q5,,David Butler (psephologist)
The Scarlet and the Black,David Butler,Q983092,8,0,2,"American actor, film director, film producer, screenwriter and television director (1894-1979)",,Q5,,David Butler (director)
The Scarlet and the Black,David Butler,Q56797777,8,0,2,water researcher,,Q5,,
The Scarlet and the Black,David Butler,Q110174047,8,0,2,researcher (psychology),,Q5,,
The Scarlet and the Black,David Butler,Q112476047,8,0,2,artist and writer (born 1965),,Q5,,
The Scarlet and the Black,David Butler,Q64692383,8,0,2,UK politician and author (1936- ),,Q5,,
The Scarlet and the Black,David Butler,Q112461809,8,0,2,musicologist (born 1943),,Q5,,
The Scarlet and the Black,David Butler,Q127359982,8,0,2,"college soccer player (1970–1972), Syracuse",,Q5,,
The Scarlet and the Black,David Butler,Q125283686,8,0,2,American architect,,Q5,,
The Scarlet and the Black,David Butler,Q1173876,8,0,2,Scottish screenwriter (1927-2006),David Dalrymple Butler,Q5,,David Butler (screenwriter)
The Scarlet and the Black,Category III,Q23830578,8,0,2,category in the Filmiroda rating system,Filmiroda III.|Filmiroda 16,Q23830575,,
The Scarlet and the Black,Category III,Q21571488,8,0,2,category in the NMHH rating system,12|Not recommended for audiences under the age of twelve|NMHH III.|NMHH 12,Q23683425,,
The Scarlet and the Black,Category III,Q100711985,8,0,2,Hong Kong motion picture rating: restricted to people 18 years of age and over,Persons Aged 18 and Above Only|Approved for Exhibition Only to Persons who have Attained the Age of 18 Years|Hong Kong Category III|Hong Kong Category 3,Q100711986,,
The Scarlet and the Black,category III. freight station,Q113027205,8,0,2,railway station category in Hungary,,Q113027198,Q55488|Q55678,
The Scarlet and the Black,category III. passenger station,Q113027201,8,0,2,railway station category in Hungary,,Q113027198,Q55488|Q55678,
The Scarlet and the Black,Category III,Q15873772,8,0,2,Asian film classification,,Q5962346,,
The Scarlet and the Black,Category III chronic prostatitis/chronic pelvic pain syndrome: insights from the National Institutes of Health Chronic Prostatitis Collaborative Research Network studies,Q33693347,8,0,2,scientific article,,Q13442814,,
The Scarlet and the Black,Category III chronic prostatitis/chronic pelvic pain syndrome: Insights from the National Institutes of Health Chronic Prostatitis Collaborative Research Network studies,Q57529622,8,0,2,article,,Q13442814,,
The Scarlet and the Black,Category III: Catch-22,Q77600031,8,0,2,scientific article published on 01 June 1987,,Q13442814,,
David Butler,David Butler,Q15491632,8,2,1,British political scientist,David Henry Edgeworth Butler|Sir David Edgeworth Butler,Q5,,David Butler (psephologist)
David Butler,David Butler,Q983092,8,2,1,"American actor, film director, film producer, screenwriter and television director (1894-1979)",,Q5,,David Butler (director)
David Butler,David Butler,Q56797777,8,2,1,water researcher,,Q5,,
David Butler,David Butler,Q110174047,8,2,1,researcher (psychology),,Q5,,
David Butler,David Butler,Q112476047,8,2,1,artist and writer (born 1965),,Q5,,
David Butler,David Butler,Q64692383,8,2,1,UK politician and author (1936- ),,Q5,,
David Butler,David Butler,Q112461809,8,2,1,musicologist (born 1943),,Q5,,
David Butler,David Butler,Q125283686,8,2,1,American architect,,Q5,,
David Butler,David Butler,Q127359982,8,2,1,"college soccer player (1970–1972), Syracuse",,Q5,,
David Butler,David Butler,Q1173876,8,2,1,Scottish screenwriter (1927-2006),David Dalrymple Butler,Q5,,David Butler (screenwriter)
Category III,Category III,Q23830578,8,3,1,category in the Filmiroda rating system,Filmiroda III.|Filmiroda 16,Q23830575,,
Category III,Category III,Q21571488,8,3,1,category in the NMHH rating system,12|Not recommended for audiences under the age of twelve|NMHH III.|NMHH 12,Q23683425,,
Category III,Category III,Q100711985,8,3,1,Hong Kong motion picture rating: restricted to people 18 years of age and over,Persons Aged 18 and Above Only|Approved for Exhibition Only to Persons who have Attained the Age of 18 Years|Hong Kong Category III|Hong Kong Category 3,Q100711986,,
Category III,category III. freight station,Q113027205,8,3,1,railway station category in Hungary,,Q113027198,Q55488|Q55678,
Category III,category III. passenger station,Q113027201,8,3,1,railway station category in Hungary,,Q113027198,Q55488|Q55678,
Category III,Category III,Q15873772,8,3,1,Asian film classification,,Q5962346,,
Category III,Category III chronic prostatitis/chronic pelvic pain syndrome: insights from the National Institutes of Health Chronic Prostatitis Collaborative Research Network studies,Q33693347,8,3,1,scientific article,,Q13442814,,
Category III,Category III chronic prostatitis/chronic pelvic pain syndrome: Insights from the National Institutes of Health Chronic Prostatitis Collaborative Research Network studies,Q57529622,8,3,1,article,,Q13442814,,
Category III,Category III: Catch-22,Q77600031,8,3,1,scientific article published on 01 June 1987,,Q13442814,,
Category III,Category 3,Q22964969,8,3,2,class of vehicles for Severn Bridge and Second Severn Crossing tolls,,,,
Category III,category 3 railway station,Q18681688,8,3,2,"railway station category in Germany, usually featuring a station hall where travellers can buy tickets and groceries, but these stations are usually not permanently staffed",,Q550637,Q55488,
Category III,Category 3 hurricane,Q63100595,8,3,2,NHC/CPHC Saffir–Simpson classification for a hurricane with 1-min sustained winds of 96–112 knots,,Q139601177,,Category 3 hurricane
Category III,category 3 severe tropical cyclone,Q63183653,8,3,2,BOM/FMS classification for a cyclone with 1-min sustained winds of 72–97 knots,category 3 tropical cyclone,Q140042838,,
Category III,category 3 cable,Q3555425,8,3,2,"unshielded twisted pair cable used in telephone wiring, designed to reliably carry data up to 10 Mbit/s",Cat-3|CAT3|Cat 3|Cat-3 cable|Cat 3 cable,,Q3741962,Category 3 cable
Category III,category 2 heritage site in Belarus,Q28464212,8,3,2,site of national importance,category 3 heritage site in Belarus,,Q358|Q2079150,
Category III,Cyclone Zelia,Q132157248,8,3,2,Category 3 Australian region cyclone in 2011,,Q79602,,
Category III,Category 3 and 4 Controlled Drugs Users' Perceptions of Participating in Drug-Abuse-Health Prevention Lectures in Taiwan,Q47309906,8,3,2,scientific article published on 12 April 2017,,Q13442814,,
Category III,Category 3,Q5051828,8,3,2,Wikimedia disambiguation page,,Q4167410,,Category 3
Sanctimony,Sanctimony,Q509805,9,0,1,2000 film by Uwe Boll,,Q506240,,Sanctimony (film)
Sanctimony,Sanctimony,Q4049034,9,0,1,,,Q215380,,
Sanctimony,Uwe Boll,Q61347,9,0,2,German filmmaker (born 1965),,Q5,,Uwe Boll
Sanctimony,Uwe Boll Talks About Auschwitz (Video 2010),Q135223662,9,0,2,"documentary, Germany 2010, director(s): Alexander Bartole; Adolfo J. Kolmerer",,Q11424,,
Sanctimony,Category IV,Q21571489,9,0,2,category in the NMHH rating system,16|Not recommended for audiences under the age of sixteen|NMHH IV.|NMHH 16,Q23683425,,
Sanctimony,Category IV,Q23830579,9,0,2,category in the Filmiroda rating system,Filmiroda IV.|Filmiroda 18,Q23830575,,
Sanctimony,category IV. passenger station,Q113027202,9,0,2,railway station category in Hungary,,Q113027198,Q55488|Q55678,
Sanctimony,Category IV indications for therapeutic apheresis: ASFA fourth special issue,Q36766561,9,0,2,scientific article published on June 2007,,Q13442814,,
Uwe Boll,Uwe Boll,Q61347,9,2,1,German filmmaker (born 1965),,Q5,,Uwe Boll
Uwe Boll,Uwe Boll Talks About Auschwitz (Video 2010),Q135223662,9,2,1,"documentary, Germany 2010, director(s): Alexander Bartole; Adolfo J. Kolmerer",,Q11424,,
Uwe Boll,Sanctimony,Q509805,9,2,2,2000 film by Uwe Boll,,Q506240,,Sanctimony (film)
Uwe Boll,Sanctimony,Q4049034,9,2,2,,,Q215380,,
Uwe Boll,Category IV,Q21571489,9,2,2,category in the NMHH rating system,16|Not recommended for audiences under the age of sixteen|NMHH IV.|NMHH 16,Q23683425,,
Uwe Boll,Category IV,Q23830579,9,2,2,category in the Filmiroda rating system,Filmiroda IV.|Filmiroda 18,Q23830575,,
Uwe Boll,category IV. passenger station,Q113027202,9,2,2,railway station category in Hungary,,Q113027198,Q55488|Q55678,
Uwe Boll,Category IV indications for therapeutic apheresis: ASFA fourth special issue,Q36766561,9,2,2,scientific article published on June 2007,,Q13442814,,
Category IV,Category IV,Q21571489,9,3,1,category in the NMHH rating system,16|Not recommended for audiences under the age of sixteen|NMHH IV.|NMHH 16,Q23683425,,
Category IV,Category IV,Q23830579,9,3,1,category in the Filmiroda rating system,Filmiroda IV.|Filmiroda 18,Q23830575,,
Category IV,category IV. passenger station,Q113027202,9,3,1,railway station category in Hungary,,Q113027198,Q55488|Q55678,
Category IV,Category IV indications for therapeutic apheresis: ASFA fourth special issue,Q36766561,9,3,1,scientific article published on June 2007,,Q13442814,,
Perth,Perth,Q3183,10,0,1,"capital city of Western Australia, Australia","Perth, Western Australia|Perth, Australia|Perth, W.A.|Perth, AUS|Boorloo|Boorloo, Western Australia",Q515|Q1549591,,Perth
Perth,Perth,Q203000,10,0,1,"city in Perth and Kinross, Scotland, United Kingdom","Perth, Perth and Kinross|Fair City|Peairt|Pairth",Q515|Q6489113,,"Perth, Scotland"
Perth,Perth,Q2428683,10,0,1,"town seat of Lanark County in Eastern Ontario, Canada","Perth, Ontario|Perth, ON",Q3957|Q15210668,,"Perth, Ontario"
Perth,Perth,Q1009433,10,0,1,"town in Tasmania, Australia","Perth, Tasmania|Perth, Tasmania, Australia",Q3957|Q98433835,,"Perth, Tasmania"
Perth,Perth,Q68816359,10,0,1,"Scottish parish in Perth and Kinross, Scotland, UK",,Q5124673,,
Perth,Perth Glory FC,Q852033,10,0,1,"soccer club based in Perth, Australia",Perth Glory Football Club|Perth Glory F.C.|Perth|Glory|The Glory|PGFC|Perth Glory,Q476028,,Perth Glory FC
Perth,Perth and Kinross,Q207679,10,0,1,"council area of Scotland, United Kingdom",Perth & Kinross,Q15060255|Q202435,,Perth and Kinross
Perth,Perth,Q14229145,10,0,1,"suburb of Perth, Western Australia","Perth (suburb)|Perth, Western Australia|Perth, Western Australia, Australia|Perth CBD",Q738570|Q23010647,,Perth (suburb)
Perth,Perthshire,Q67442430,10,0,1,historic county of Scotland,County of Perth|Siorrachd Pheairt,Q67376938|Q1350181,,Perthshire
Perth,Perth,Q125622613,10,0,1,French Thoroughbred racehorse and sire,,Q726|Q26401003,,
Perth,Perth Airport,Q45935,10,0,2,"international airport in Perth, Western Australia",Perth International Airport|Perth Domestic Airport|Guildford Aerodrome|PER|PERTH,Q644371|Q94993988,,Perth Airport
Perth,Perth Airport,Q3915010,10,0,2,"airport in Perth, Scotland",Scone Aerodrome|Perth (Scone) Airport|PSL|EGPT,Q62447|Q695850,,Perth Airport (Scotland)
Perth,Perth Airport,Q7170808,10,0,2,"suburb of Perth, Western Australia","Perth Airport, Western Australia|Perth Airport, Western Australia, Australia",Q23010647,,Perth Airport (suburb)
Perth,Airport Line,Q109448267,10,0,2,"railway service in Perth, Western Australia","Perth Airport Line|Airport Line, Perth|High Wycombe Line|Airport railway line",Q1192191|Q15141321|Q1412403,,"Airport line, Perth"
Perth,PERTH AIRPORT,Q123618906,10,0,2,"weather station in Western Australia, Australia from 1944",009021|94610,Q190107,,
Perth,Perth Airport Terminal 1 - International,Q89217857,10,0,2,Airport terminal in Western Australia,,Q849706,,
Perth,Skybridge,Q116757086,10,0,2,"Elevated walkway at Perth Airport, Perth, Western Australia",Perth Airport Skybridge,Q1361100|Q12280,,
Perth,Perth Airport Terminal 3,Q89218108,10,0,2,Airport terminal in Western Australia,,Q849706,,
Perth,Perth Airport viewing platform,Q124407875,10,0,2,lookout in Western Australia,,Q6017969,,
Perth,Perth Airport control tower,Q94101636,10,0,2,Airport control tower in Western Australia,,Q918324,,
Perth,Perth Zoo,Q3082583,10,0,2,"zoo in Perth, Western Australia","Perth Zoological Gardens|Zoological Gardens, Perth|Zoological Gardens, South Perth|Zoological and Botanical Gardens, Perth|Perth Zoological and Botanical Gardens|South Perth Zoo|Zoological Gardens and Acclimatisation Society",Q43501,,Perth Zoo
Perth,Perth Zoo Other,Q139756821,10,0,2,other in Western Australia,Perth Zoo,Q473972,,
Perth,Perth Zoo Twilight Outdoor Cinema,Q45922552,10,0,2,"cinema in South Perth, Western Australia, Australia",,Q41253,,
Das Traumschiff,Das Traumschiff,Q370296,10,1,1,German television series,,Q5398426,,Das Traumschiff
Das Traumschiff,Das Traumschiff,Q1170581,10,1,1,1956 film by Herbert Ballmann,,Q11424,,
Das Traumschiff,Das Traumschiff: Uruguay,Q96280165,10,1,1,television film directed by Stefan Bartmann,,Q506240,,
Das Traumschiff,Das Traumschiff: Thailand,Q104587798,10,1,1,television film,,Q506240,,
Das Traumschiff,Das Traumschiff: Rio,Q104587796,10,1,1,television film,,Q506240,,
Das Traumschiff,Das Traumschiff: Karibik,Q104587777,10,1,1,television film,,Q506240,,
Das Traumschiff,Das Traumschiff: Kenia,Q104587776,10,1,1,television film,,Q506240,,
Das Traumschiff,Das Traumschiff: Tansania,Q106832343,10,1,1,television film,,Q506240,,
Das Traumschiff,Das Traumschiff: Kenia,Q104587778,10,1,1,television film,,Q506240,,
Das Traumschiff,Das Traumschiff: Los Angeles,Q106856455,10,1,1,television film,,Q506240,,
Das Traumschiff,Jürgen Werner,Q95324132,10,1,2,,,Q5,,
Das Traumschiff,Jürgen Werner,Q1717824,10,1,2,German classical philologist (1931–2021),,Q5,,
Das Traumschiff,Jürgen Werner,Q130641096,10,1,2,,,Q5,,
Das Traumschiff,Jürgen Werner,Q20655561,10,1,2,German screenwriter,,Q5,,
Das Traumschiff,Jürgen Werner,Q2508716,10,1,2,German cyclist,,Q5,,Jürgen Werner (cyclist)
Das Traumschiff,Jürgen Werner,Q1240542,10,1,2,Austrian association football player,Jüprgen Werner,Q5,,"Jürgen Werner (footballer, born 1961)"
Das Traumschiff,Jürgen Werner,Q535730,10,1,2,German footballer (1935-2002),,Q5,,"Jürgen Werner (footballer, born 1935)"
Das Traumschiff,Jürgen Werner,Q1582916,10,1,2,Wikimedia disambiguation page,,Q22808320,,Jürgen Werner
Das Traumschiff,Jürgen Werner,Q1717823,10,1,2,Austrian footballer,,Q5,,"Jürgen Werner (footballer, born 1967)"
Das Traumschiff,Jürgen Werner,Q1717821,10,1,2,German association football player (1942-2014),,Q5,,
Das Traumschiff,Perth,Q3183,10,1,2,"capital city of Western Australia, Australia","Perth, Western Australia|Perth, Australia|Perth, W.A.|Perth, AUS|Boorloo|Boorloo, Western Australia",Q515|Q1549591,,Perth
Das Traumschiff,Perth,Q203000,10,1,2,"city in Perth and Kinross, Scotland, United Kingdom","Perth, Perth and Kinross|Fair City|Peairt|Pairth",Q515|Q6489113,,"Perth, Scotland"
Das Traumschiff,Perth,Q2428683,10,1,2,"town seat of Lanark County in Eastern Ontario, Canada","Perth, Ontario|Perth, ON",Q3957|Q15210668,,"Perth, Ontario"
Das Traumschiff,Perth,Q1009433,10,1,2,"town in Tasmania, Australia","Perth, Tasmania|Perth, Tasmania, Australia",Q3957|Q98433835,,"Perth, Tasmania"
Das Traumschiff,Perth,Q68816359,10,1,2,"Scottish parish in Perth and Kinross, Scotland, UK",,Q5124673,,
Das Traumschiff,Perth Glory FC,Q852033,10,1,2,"soccer club based in Perth, Australia",Perth Glory Football Club|Perth Glory F.C.|Perth|Glory|The Glory|PGFC|Perth Glory,Q476028,,Perth Glory FC
Das Traumschiff,Perth and Kinross,Q207679,10,1,2,"council area of Scotland, United Kingdom",Perth & Kinross,Q15060255|Q202435,,Perth and Kinross
Das Traumschiff,Perth,Q14229145,10,1,2,"suburb of Perth, Western Australia","Perth (suburb)|Perth, Western Australia|Perth, Western Australia, Australia|Perth CBD",Q738570|Q23010647,,Perth (suburb)
Das Traumschiff,Perthshire,Q67442430,10,1,2,historic county of Scotland,County of Perth|Siorrachd Pheairt,Q67376938|Q1350181,,Perthshire
Das Traumschiff,Perth,Q125622613,10,1,2,French Thoroughbred racehorse and sire,,Q726|Q26401003,,
Jürgen Werner,Jürgen Werner,Q95324132,10,2,1,,,Q5,,
Jürgen Werner,Jürgen Werner,Q1717824,10,2,1,German classical philologist (1931–2021),,Q5,,
Jürgen Werner,Jürgen Werner,Q130641096,10,2,1,,,Q5,,
Jürgen Werner,Jürgen Werner,Q20655561,10,2,1,German screenwriter,,Q5,,
Jürgen Werner,Jürgen Werner,Q2508716,10,2,1,German cyclist,,Q5,,Jürgen Werner (cyclist)
Jürgen Werner,Jürgen Werner,Q1240542,10,2,1,Austrian association football player,Jüprgen Werner,Q5,,"Jürgen Werner (footballer, born 1961)"
Jürgen Werner,Jürgen Werner,Q535730,10,2,1,German footballer (1935-2002),,Q5,,"Jürgen Werner (footballer, born 1935)"
Jürgen Werner,Jürgen Werner,Q1582916,10,2,1,Wikimedia disambiguation page,,Q22808320,,Jürgen Werner
Jürgen Werner,Jürgen Werner,Q1717823,10,2,1,Austrian footballer,,Q5,,"Jürgen Werner (footballer, born 1967)"
Jürgen Werner,Jürgen Werner,Q1717821,10,2,1,German association football player (1942-2014),,Q5,,
Supervolcano,supervolcano,Q332614,11,0,1,volcano that has erupted 1000 cubic km in a single eruption,,,Q8072,Supervolcano
Supervolcano,Supervolcano,Q471304,11,0,1,2005 BBC One television film directed by Tony Mitchell,,Q506240,,Supervolcano (film)
Supervolcano,Supervolcanoes and their explosive supereruptions,Q63987586,11,0,1,scholarly article,,Q13442814,,
Supervolcano,"Supervolcanoes within an ancient volcanic province in Arabia Terra, Mars",Q29029724,11,0,1,scientific article (publication date: 2 October 2013),,Q13442814,,
Supervolcano,Supervolcano eruptions driven by melt buoyancy in large silicic magma chambers,Q114148518,11,0,1,scholarly article,,Q13442814,,
Supervolcano,Supervolcanoes and Metallic Ore Deposits,Q57638437,11,0,1,scientific article published in 2008,,Q13442814,,
Supervolcano,Supervolcano's hidden secrets,Q129370637,11,0,1,scholarly article,,Q13442814,,
Supervolcano,Supervolcano,Q3504832,11,0,1,Wikimedia disambiguation page,,Q4167410,,Supervolcano (disambiguation)
Supervolcano,volcano,Q8072,11,0,2,"natural, surface vent or fissure usually in a mountainous form",,,Q8502|Q29025902,Volcano
Supervolcano,Volcano,Q28939624,11,0,2,2017 album by Temples,,Q482994,,Volcano (Temples album)
Supervolcano,Volcano,Q127600905,11,0,2,1985 video game published by Computer Magic,,Q7889,,Volcano (1985 video game)
Supervolcano,Volcano,Q2428769,11,0,2,"census-designated place (CDP) in Hawaii County, Hawaii, United States","Volcano, Hawaii|Volcano, HI",Q498162,,"Volcano, Hawaii"
Supervolcano,Volcano,Q1416590,11,0,2,1999 studio album by Satyricon,,Q482994,,Volcano (Satyricon album)
Supervolcano,Volcano,Q904391,11,0,2,2011 film directed by Rúnar Rúnarsson,Eldfjall,Q11424,,Volcano (2011 film)
Supervolcano,Volcano,Q1059532,11,0,2,1997 film by Mick Jackson,,Q11424,,Volcano (1997 film)
Supervolcano,Volcano,Q478060,11,0,2,2nd episode of the 1st season of South Park,,Q21191270,,Volcano (South Park)
Supervolcano,Volcano Entertainment,Q127289,11,0,2,American record label,"Volcano Records|Volcano Entertainment, III",Q18127,,Volcano Entertainment
Supervolcano,volcanic eruption,Q7692360,11,0,2,"natural phenomenon where lava, hot gases or other substances are emitted suddenly from a geological feature",eruption|volcano eruption|volcanic Eruptions,,Q8065|Q29436423|Q123349687,Volcanic eruption
Supervolcano,caldera,Q159954,11,0,2,cauldron-like volcanic feature usually formed by the collapse of land following a volcanic eruption,Caldera|volcanic caldera,,Q190429|Q29025902,Caldera
Supervolcano,Caldera,Q49958682,11,0,2,"town in Asientos Municipality, State of Aguascalientes, Mexico",,Q20202352,,
Supervolcano,Caldera,Q49957605,11,0,2,,,Q20202352,,
Supervolcano,Caldera,Q135453129,11,0,2,2024 video game developed by Robert William Bonner,,Q7889,,
Supervolcano,Caldera,Q3708,11,0,2,Chilean city,Caldera and Bahía Inglesa,Q1840161|Q25412763,,"Caldera, Chile"
Supervolcano,Caldera,Q37509929,11,0,2,family name,,Q101352,,
Supervolcano,SCO Group,Q8824673,11,0,2,defunct American software company,"SCO|TSG|The SCO Group|Caldera|Caldera International|The TSG Group|UnXis|UnXis, Inc.|Caldera Systems",Q4830453|Q6881511,,SCO Group
Supervolcano,Caldera,Q5019027,11,0,2,former American jazz fusion band,,Q215380,,Caldera (band)
Supervolcano,Caldera,Q5019031,11,0,2,company,Caldera Systems|Caldera International,Q4830453,,Caldera (company)
Supervolcano,Caldera,Q2795815,11,0,2,Belgian band,,Q215380,,
Edward Canfor-Dumas,Edward Canfor-Dumas,Q5342201,11,2,1,British writer,Eddy Canfor-Dumas|Edward Alexander Canfor-Dumas,Q5,,Edward Canfor-Dumas
Edward Canfor-Dumas,supervolcano,Q332614,11,2,2,volcano that has erupted 1000 cubic km in a single eruption,,,Q8072,Supervolcano
Edward Canfor-Dumas,Supervolcano,Q471304,11,2,2,2005 BBC One television film directed by Tony Mitchell,,Q506240,,Supervolcano (film)
Edward Canfor-Dumas,Supervolcanoes and their explosive supereruptions,Q63987586,11,2,2,scholarly article,,Q13442814,,
Edward Canfor-Dumas,"Supervolcanoes within an ancient volcanic province in Arabia Terra, Mars",Q29029724,11,2,2,scientific article (publication date: 2 October 2013),,Q13442814,,
Edward Canfor-Dumas,Supervolcano eruptions driven by melt buoyancy in large silicic magma chambers,Q114148518,11,2,2,scholarly article,,Q13442814,,
Edward Canfor-Dumas,Supervolcanoes and Metallic Ore Deposits,Q57638437,11,2,2,scientific article published in 2008,,Q13442814,,
Edward Canfor-Dumas,Supervolcano's hidden secrets,Q129370637,11,2,2,scholarly article,,Q13442814,,
Edward Canfor-Dumas,Supervolcano,Q3504832,11,2,2,Wikimedia disambiguation page,,Q4167410,,Supervolcano (disambiguation)
Edward Canfor-Dumas,Category III,Q23830578,11,2,2,category in the Filmiroda rating system,Filmiroda III.|Filmiroda 16,Q23830575,,
Edward Canfor-Dumas,Category III,Q21571488,11,2,2,category in the NMHH rating system,12|Not recommended for audiences under the age of twelve|NMHH III.|NMHH 12,Q23683425,,
Edward Canfor-Dumas,Category III,Q100711985,11,2,2,Hong Kong motion picture rating: restricted to people 18 years of age and over,Persons Aged 18 and Above Only|Approved for Exhibition Only to Persons who have Attained the Age of 18 Years|Hong Kong Category III|Hong Kong Category 3,Q100711986,,
Edward Canfor-Dumas,category III. freight station,Q113027205,11,2,2,railway station category in Hungary,,Q113027198,Q55488|Q55678,
Edward Canfor-Dumas,category III. passenger station,Q113027201,11,2,2,railway station category in Hungary,,Q113027198,Q55488|Q55678,
Edward Canfor-Dumas,Category III,Q15873772,11,2,2,Asian film classification,,Q5962346,,
Edward Canfor-Dumas,Category III chronic prostatitis/chronic pelvic pain syndrome: insights from the National Institutes of Health Chronic Prostatitis Collaborative Research Network studies,Q33693347,11,2,2,scientific article,,Q13442814,,
Edward Canfor-Dumas,Category III chronic prostatitis/chronic pelvic pain syndrome: Insights from the National Institutes of Health Chronic Prostatitis Collaborative Research Network studies,Q57529622,11,2,2,article,,Q13442814,,
Edward Canfor-Dumas,Category III: Catch-22,Q77600031,11,2,2,scientific article published on 01 June 1987,,Q13442814,,
Category III,Category III,Q23830578,11,3,1,category in the Filmiroda rating system,Filmiroda III.|Filmiroda 16,Q23830575,,
Category III,Category III,Q21571488,11,3,1,category in the NMHH rating system,12|Not recommended for audiences under the age of twelve|NMHH III.|NMHH 12,Q23683425,,
Category III,Category III,Q100711985,11,3,1,Hong Kong motion picture rating: restricted to people 18 years of age and over,Persons Aged 18 and Above Only|Approved for Exhibition Only to Persons who have Attained the Age of 18 Years|Hong Kong Category III|Hong Kong Category 3,Q100711986,,
Category III,category III. freight station,Q113027205,11,3,1,railway station category in Hungary,,Q113027198,Q55488|Q55678,
Category III,category III. passenger station,Q113027201,11,3,1,railway station category in Hungary,,Q113027198,Q55488|Q55678,
Category III,Category III,Q15873772,11,3,1,Asian film classification,,Q5962346,,
Category III,Category III chronic prostatitis/chronic pelvic pain syndrome: insights from the National Institutes of Health Chronic Prostatitis Collaborative Research Network studies,Q33693347,11,3,1,scientific article,,Q13442814,,
Category III,Category III chronic prostatitis/chronic pelvic pain syndrome: Insights from the National Institutes of Health Chronic Prostatitis Collaborative Research Network studies,Q57529622,11,3,1,article,,Q13442814,,
Category III,Category III: Catch-22,Q77600031,11,3,1,scientific article published on 01 June 1987,,Q13442814,,
Category III,supervolcano,Q332614,11,3,2,volcano that has erupted 1000 cubic km in a single eruption,,,Q8072,Supervolcano
Category III,Supervolcano,Q471304,11,3,2,2005 BBC One television film directed by Tony Mitchell,,Q506240,,Supervolcano (film)
Category III,Supervolcanoes and their explosive supereruptions,Q63987586,11,3,2,scholarly article,,Q13442814,,
Category III,"Supervolcanoes within an ancient volcanic province in Arabia Terra, Mars",Q29029724,11,3,2,scientific article (publication date: 2 October 2013),,Q13442814,,
Category III,Supervolcano eruptions driven by melt buoyancy in large silicic magma chambers,Q114148518,11,3,2,scholarly article,,Q13442814,,
Category III,Supervolcanoes and Metallic Ore Deposits,Q57638437,11,3,2,scientific article published in 2008,,Q13442814,,
Category III,Supervolcano's hidden secrets,Q129370637,11,3,2,scholarly article,,Q13442814,,
Category III,Supervolcano,Q3504832,11,3,2,Wikimedia disambiguation page,,Q4167410,,Supervolcano (disambiguation)
Category III,Edward Canfor-Dumas,Q5342201,11,3,2,British writer,Eddy Canfor-Dumas|Edward Alexander Canfor-Dumas,Q5,,Edward Canfor-Dumas
In Two Minds,In Two Minds,Q2103729,12,0,1,2007 live album by Bill Bruford and Michiel Borstlap,,Q482994,,
In Two Minds,In Two Minds,Q17507253,12,0,1,1967 television play by Ken Loach,,Q506240,,In Two Minds
In Two Minds,In Two Minds,Q123305325,12,0,1,1973 film by Peter Robinson,,Q24862,,
In Two Minds,In Two Minds: A Heuristic Enquiry Into My Experience of Ambivalence,Q112955973,12,0,1,2021 master's thesis by Deborah Lyn Lyons at Auckland University of Technology,,Q1907875,,
In Two Minds,In two minds : exploring co-composition as a performer/composer collaboration,Q112885775,12,0,1,2011 doctoral thesis by Ashley Brown at University of Auckland,,Q187685,,
In Two Minds,In two minds: dual-process accounts of reasoning,Q48175836,12,0,1,"scientific article published on October 1, 2003",,Q13442814,,
In Two Minds,Duvidha,Q5317629,12,0,1,1973 film by Mani Kaul,Undecision,Q11424,,Duvidha
In Two Minds,In two minds,Q48717831,12,0,1,scientific article published in May 1998,,Q13442814,,
In Two Minds,In two minds,Q59015273,12,0,1,scientific article published in Nature,,Q13442814,,
In Two Minds,In Two Minds,Q41883769,12,0,1,scientific article published on January 1967,,Q13442814,,
In Two Minds,The Wednesday Play,Q7774096,12,0,2,television series,rhino,Q5398426,,The Wednesday Play
In Two Minds,David Mercer,Q110275906,12,0,2,American & international political consultant,,Q5,,David Mercer (political commentator)
In Two Minds,David Mercer,Q112489140,12,0,2,,,Q5,,
In Two Minds,David Mercer,Q5237515,12,0,2,English playwright and screenwriter (1928-1980),,Q5,,David Mercer (playwright)
In Two Minds,David Mercer,Q48049876,12,0,2,historian,,Q5,,
In Two Minds,David Mercer,Q5237509,12,0,2,British sports broadcaster,,Q5,,David Mercer (broadcaster)
In Two Minds,David Mercer,Q536151,12,0,2,British weightlifter,David Robert Mercer,Q5,,David Mercer (weightlifter)
In Two Minds,David Mercer,Q1037851,12,0,2,Wikimedia disambiguation page,,Q22808320,,David Mercer
In Two Minds,David Mercer,Q5237512,12,0,2,English footballer (1893-1950),,Q5,,"David Mercer (footballer, born 1893)"
In Two Minds,David Mercer,Q5237513,12,0,2,British racing driver,,Q5,,David Mercer (racing driver)
In Two Minds,David Mercer,Q5237511,12,0,2,English cricketer (born 1962),David Jeremy Matthew Mercer,Q5,,David Mercer (cricketer)
The Wednesday Play,The Wednesday Play,Q7774096,12,1,1,television series,rhino,Q5398426,,The Wednesday Play
The Wednesday Play,David Mercer,Q110275906,12,1,2,American & international political consultant,,Q5,,David Mercer (political commentator)
The Wednesday Play,David Mercer,Q112489140,12,1,2,,,Q5,,
The Wednesday Play,David Mercer,Q5237515,12,1,2,English playwright and screenwriter (1928-1980),,Q5,,David Mercer (playwright)
The Wednesday Play,David Mercer,Q48049876,12,1,2,historian,,Q5,,
The Wednesday Play,David Mercer,Q5237509,12,1,2,British sports broadcaster,,Q5,,David Mercer (broadcaster)
The Wednesday Play,David Mercer,Q536151,12,1,2,British weightlifter,David Robert Mercer,Q5,,David Mercer (weightlifter)
The Wednesday Play,David Mercer,Q1037851,12,1,2,Wikimedia disambiguation page,,Q22808320,,David Mercer
The Wednesday Play,David Mercer,Q5237512,12,1,2,English footballer (1893-1950),,Q5,,"David Mercer (footballer, born 1893)"
The Wednesday Play,David Mercer,Q5237513,12,1,2,British racing driver,,Q5,,David Mercer (racing driver)
The Wednesday Play,David Mercer,Q5237511,12,1,2,English cricketer (born 1962),David Jeremy Matthew Mercer,Q5,,David Mercer (cricketer)
David Mercer,David Mercer,Q110275906,12,2,1,American & international political consultant,,Q5,,David Mercer (political commentator)
David Mercer,David Mercer,Q112489140,12,2,1,,,Q5,,
David Mercer,David Mercer,Q5237515,12,2,1,English playwright and screenwriter (1928-1980),,Q5,,David Mercer (playwright)
David Mercer,David Mercer,Q48049876,12,2,1,historian,,Q5,,
David Mercer,David Mercer,Q5237509,12,2,1,British sports broadcaster,,Q5,,David Mercer (broadcaster)
David Mercer,David Mercer,Q536151,12,2,1,British weightlifter,David Robert Mercer,Q5,,David Mercer (weightlifter)
David Mercer,David Mercer,Q1037851,12,2,1,Wikimedia disambiguation page,,Q22808320,,David Mercer
David Mercer,David Mercer,Q5237512,12,2,1,English footballer (1893-1950),,Q5,,"David Mercer (footballer, born 1893)"
David Mercer,David Mercer,Q5237513,12,2,1,British racing driver,,Q5,,David Mercer (racing driver)
David Mercer,David Mercer,Q5237511,12,2,1,English cricketer (born 1962),David Jeremy Matthew Mercer,Q5,,David Mercer (cricketer)
Cards on the Table,Cards on the Table,Q733639,13,0,1,1936 novel by Agatha Christie,,Q7725634,,Cards on the Table
Cards on the Table,Cards on the Table,Q1939391,13,0,1,2005 film,,Q506240|Q21191270,,
Cards on the Table,Cards on the Table,Q109906404,13,0,1,episode of Last Man Standing,,Q21191270,,
Cards on the Table,Cards on the Table,Q10833105,13,0,1,1982-1987 films,,Q24856,,Cards on the Table (Vietnamese telefilm)
Cards on the Table,Cards on the Table,Q17354122,13,0,1,play by Leslie Darbon,,Q7725634,,
Cards on the Table,Cards on the table,Q102425649,13,0,1,Think tank for youth,Cartes sur table,Q43229|Q155271,,
Cards on the Table,Cards on the table,Q88560104,13,0,1,scientific article published on 01 June 2010,,Q13442814,,
Cards on the Table,CARDS on the table: should everybody with type 2 diabetes take a statin?,Q46422777,13,0,1,scientific article published in March 2005,,Q13442814,,
Cards on the Table,Cards on the Table: Efficiency and Welfare Effects of the No-Surcharge Rule,Q129010834,13,0,1,scholarly article,,Q13442814,,
Cards on the Table,Cards on the Table,Q1530719,13,0,1,Wikimedia disambiguation page,,Q4167410,,
Cards on the Table,Agatha Christie,Q35064,13,0,2,English mystery and detective writer (1890–1976),Agatha Mary Clarissa Miller|Dame Agatha Mary Clarissa Christie|Agatha Christie Mallowan|Lady Mallowan|Queen of Crime|Mary Westmacott,Q5,,Agatha Christie
Cards on the Table,Agatha Christie,Q391042,13,0,2,Russian punk/synth rock band,Agata Kristi,Q215380,,Agatha Christie (band)
Cards on the Table,Agatha Christie: The ABC Murders,Q22683400,13,0,2,2016 video game,,Q7889,,Agatha Christie: The ABC Murders (2016 video game)
Cards on the Table,Agatha Christie: Evil Under the Sun,Q1167453,13,0,2,2007 video game,,Q7889,,Agatha Christie: Evil Under the Sun
Cards on the Table,Agatha Christie,Q2826457,13,0,2,video game series,,Q7058673,,Agatha Christie (video game series)
Cards on the Table,Agatha Christie: And Then There Were None,Q2533543,13,0,2,2005 adventure video game,And Then There Were None,Q7889,,Agatha Christie: And Then There Were None
Cards on the Table,Agatha Christie: Murder on the Orient Express,Q2352386,13,0,2,2006 video game,Agatha Christie: Murder on Orient Express|Murder on the Orient Express|Murder on Orient Express,Q7889,,Agatha Christie: Murder on the Orient Express
Cards on the Table,Agatha Christie: The ABC Murders,Q4691493,13,0,2,2009 video game for Nintendo DS,,Q7889,,Agatha Christie: The ABC Murders (2009 video game)
Cards on the Table,Agatha Christie - Hercule Poirot: The First Cases,Q111966896,13,0,2,2021 video game,Agatha Christie:Hercule Poirot: The First Cases|Agatha Christie Hercule Poirot: The First Cases,Q7889,,
Cards on the Table,Agatha Christie: Death on the Nile,Q17332965,13,0,2,2009 video game,Agatha Christie's: Death on the Nile|Agatha Christie's Death on the Nile|Death on the Nile|Death on Nile,Q7889,,
Cards on the Table,Agatha Christie's Poirot,Q391101,13,0,2,British television detective series (1989–2013),Poirot,Q5398426,,Agatha Christie's Poirot
Cards on the Table,Poirot,Q36918949,13,0,2,family name,,Q101352,,Poirot (surname)
Cards on the Table,Pierre Achille Poirot,Q3383633,13,0,2,French painter (1797-1852),Pierre-Achille Poirot|Poirot,Q5,,
Cards on the Table,Parcas Dmel_CG7761,Q29810124,13,0,2,protein found in Drosophila melanogaster,poirot|pcs-PB|parcas|parkas|CG7761-PB|pcs|CG7761 gene product from transcript CG7761-RB,Q8054,,
Cards on the Table,Poirot Investigates,Q1418731,13,0,2,short story collection,,Q7725634,,Poirot Investigates
Cards on the Table,Poirot,Q123680943,13,0,2,episode of Lessons in Chemistry (S1 E6),,Q21191270,,
Cards on the Table,Dumb Witness,Q337944,13,0,2,1937 novel by Agatha Christie,Poirot Loses a Client|Mystery At Littlegreen House|Murder At Littlegreen House,Q7725634,,Dumb Witness
Cards on the Table,Poirot's Early Cases,Q1507576,13,0,2,Short story collection,,Q7725634,,Poirot's Early Cases
Cards on the Table,Hercule Poirot,Q170534,13,0,2,fictional Belgian detective by Agatha Christie,,Q15632617|Q3658341|Q15773317|Q15773347,,Hercule Poirot
Cards on the Table,Poirot-Delpech,Q84699027,13,0,2,family name,Poirot-Delpech (family name)|Poirot-Delpech (surname),Q101352|Q29042997,,
Cards on the Table,Nick Dear,Q1780331,13,0,2,"British writer for stage, screen and radio (born 1955)",,Q5,,Nick Dear
Agatha Christie's Poirot,Agatha Christie's Poirot,Q391101,13,1,1,British television detective series (1989–2013),Poirot,Q5398426,,Agatha Christie's Poirot
Agatha Christie's Poirot,"Agatha Christie's Poirot, season 10",Q3729527,13,1,1,season of television series,,Q3464665,,
Agatha Christie's Poirot,"Agatha Christie's Poirot, season 12",Q3729530,13,1,1,season of television series,,Q3464665,,
Agatha Christie's Poirot,"Agatha Christie's Poirot, season 11",Q3729540,13,1,1,season of television series,,Q3464665,,
Agatha Christie's Poirot,"Agatha Christie's Poirot, season 13",Q3464702,13,1,1,season of television series,,Q3464665,,
Agatha Christie's Poirot,"Agatha Christie's Poirot, season 2",Q3729536,13,1,1,season of television series,,Q3464665,,
Agatha Christie's Poirot,"Agatha Christie's Poirot, season 1",Q3729532,13,1,1,season of television series,,Q3464665,,
Agatha Christie's Poirot,"Agatha Christie's Poirot, season 5",Q3729535,13,1,1,season of television series,,Q3464665,,
Agatha Christie's Poirot,"Agatha Christie's Poirot, season 3",Q3729542,13,1,1,season of television series,,Q3464665,,
Agatha Christie's Poirot,"Agatha Christie's Poirot, season 9",Q3729528,13,1,1,season of television series,,Q3464665,,
Agatha Christie's Poirot,Agatha Christie,Q35064,13,1,2,English mystery and detective writer (1890–1976),Agatha Mary Clarissa Miller|Dame Agatha Mary Clarissa Christie|Agatha Christie Mallowan|Lady Mallowan|Queen of Crime|Mary Westmacott,Q5,,Agatha Christie
Agatha Christie's Poirot,Agatha Christie,Q391042,13,1,2,Russian punk/synth rock band,Agata Kristi,Q215380,,Agatha Christie (band)
Agatha Christie's Poirot,Agatha Christie: The ABC Murders,Q22683400,13,1,2,2016 video game,,Q7889,,Agatha Christie: The ABC Murders (2016 video game)
Agatha Christie's Poirot,Agatha Christie: Evil Under the Sun,Q1167453,13,1,2,2007 video game,,Q7889,,Agatha Christie: Evil Under the Sun
Agatha Christie's Poirot,Agatha Christie,Q2826457,13,1,2,video game series,,Q7058673,,Agatha Christie (video game series)
Agatha Christie's Poirot,Agatha Christie: And Then There Were None,Q2533543,13,1,2,2005 adventure video game,And Then There Were None,Q7889,,Agatha Christie: And Then There Were None
Agatha Christie's Poirot,Agatha Christie: Murder on the Orient Express,Q2352386,13,1,2,2006 video game,Agatha Christie: Murder on Orient Express|Murder on the Orient Express|Murder on Orient Express,Q7889,,Agatha Christie: Murder on the Orient Express
Agatha Christie's Poirot,Agatha Christie: The ABC Murders,Q4691493,13,1,2,2009 video game for Nintendo DS,,Q7889,,Agatha Christie: The ABC Murders (2009 video game)
Agatha Christie's Poirot,Agatha Christie - Hercule Poirot: The First Cases,Q111966896,13,1,2,2021 video game,Agatha Christie:Hercule Poirot: The First Cases|Agatha Christie Hercule Poirot: The First Cases,Q7889,,
Agatha Christie's Poirot,Agatha Christie: Death on the Nile,Q17332965,13,1,2,2009 video game,Agatha Christie's: Death on the Nile|Agatha Christie's Death on the Nile|Death on the Nile|Death on Nile,Q7889,,
Agatha Christie's Poirot,Poirot,Q36918949,13,1,2,family name,,Q101352,,Poirot (surname)
Agatha Christie's Poirot,Pierre Achille Poirot,Q3383633,13,1,2,French painter (1797-1852),Pierre-Achille Poirot|Poirot,Q5,,
Agatha Christie's Poirot,Parcas Dmel_CG7761,Q29810124,13,1,2,protein found in Drosophila melanogaster,poirot|pcs-PB|parcas|parkas|CG7761-PB|pcs|CG7761 gene product from transcript CG7761-RB,Q8054,,
Agatha Christie's Poirot,Poirot Investigates,Q1418731,13,1,2,short story collection,,Q7725634,,Poirot Investigates
Agatha Christie's Poirot,Poirot,Q123680943,13,1,2,episode of Lessons in Chemistry (S1 E6),,Q21191270,,
Agatha Christie's Poirot,Dumb Witness,Q337944,13,1,2,1937 novel by Agatha Christie,Poirot Loses a Client|Mystery At Littlegreen House|Murder At Littlegreen House,Q7725634,,Dumb Witness
Agatha Christie's Poirot,Poirot's Early Cases,Q1507576,13,1,2,Short story collection,,Q7725634,,Poirot's Early Cases
Agatha Christie's Poirot,Hercule Poirot,Q170534,13,1,2,fictional Belgian detective by Agatha Christie,,Q15632617|Q3658341|Q15773317|Q15773347,,Hercule Poirot
Agatha Christie's Poirot,Poirot-Delpech,Q84699027,13,1,2,family name,Poirot-Delpech (family name)|Poirot-Delpech (surname),Q101352|Q29042997,,
Agatha Christie's Poirot,Cards on the Table,Q733639,13,1,2,1936 novel by Agatha Christie,,Q7725634,,Cards on the Table
Agatha Christie's Poirot,Cards on the Table,Q1939391,13,1,2,2005 film,,Q506240|Q21191270,,
Agatha Christie's Poirot,Cards on the Table,Q109906404,13,1,2,episode of Last Man Standing,,Q21191270,,
Agatha Christie's Poirot,Cards on the Table,Q10833105,13,1,2,1982-1987 films,,Q24856,,Cards on the Table (Vietnamese telefilm)
Agatha Christie's Poirot,Cards on the Table,Q17354122,13,1,2,play by Leslie Darbon,,Q7725634,,
Agatha Christie's Poirot,Cards on the table,Q102425649,13,1,2,Think tank for youth,Cartes sur table,Q43229|Q155271,,
Agatha Christie's Poirot,Cards on the table,Q88560104,13,1,2,scientific article published on 01 June 2010,,Q13442814,,
Agatha Christie's Poirot,CARDS on the table: should everybody with type 2 diabetes take a statin?,Q46422777,13,1,2,scientific article published in March 2005,,Q13442814,,
Agatha Christie's Poirot,Cards on the Table: Efficiency and Welfare Effects of the No-Surcharge Rule,Q129010834,13,1,2,scholarly article,,Q13442814,,
Agatha Christie's Poirot,Cards on the Table,Q1530719,13,1,2,Wikimedia disambiguation page,,Q4167410,,
Agatha Christie's Poirot,Nick Dear,Q1780331,13,1,2,"British writer for stage, screen and radio (born 1955)",,Q5,,Nick Dear
Nick Dear,Nick Dear,Q1780331,13,2,1,"British writer for stage, screen and radio (born 1955)",,Q5,,Nick Dear
Nick Dear,Agatha Christie,Q35064,13,2,2,English mystery and detective writer (1890–1976),Agatha Mary Clarissa Miller|Dame Agatha Mary Clarissa Christie|Agatha Christie Mallowan|Lady Mallowan|Queen of Crime|Mary Westmacott,Q5,,Agatha Christie
Nick Dear,Agatha Christie,Q391042,13,2,2,Russian punk/synth rock band,Agata Kristi,Q215380,,Agatha Christie (band)
Nick Dear,Agatha Christie: The ABC Murders,Q22683400,13,2,2,2016 video game,,Q7889,,Agatha Christie: The ABC Murders (2016 video game)
Nick Dear,Agatha Christie: Evil Under the Sun,Q1167453,13,2,2,2007 video game,,Q7889,,Agatha Christie: Evil Under the Sun
Nick Dear,Agatha Christie,Q2826457,13,2,2,video game series,,Q7058673,,Agatha Christie (video game series)
Nick Dear,Agatha Christie: And Then There Were None,Q2533543,13,2,2,2005 adventure video game,And Then There Were None,Q7889,,Agatha Christie: And Then There Were None
Nick Dear,Agatha Christie: Murder on the Orient Express,Q2352386,13,2,2,2006 video game,Agatha Christie: Murder on Orient Express|Murder on the Orient Express|Murder on Orient Express,Q7889,,Agatha Christie: Murder on the Orient Express
Nick Dear,Agatha Christie: The ABC Murders,Q4691493,13,2,2,2009 video game for Nintendo DS,,Q7889,,Agatha Christie: The ABC Murders (2009 video game)
Nick Dear,Agatha Christie - Hercule Poirot: The First Cases,Q111966896,13,2,2,2021 video game,Agatha Christie:Hercule Poirot: The First Cases|Agatha Christie Hercule Poirot: The First Cases,Q7889,,
Nick Dear,Agatha Christie: Death on the Nile,Q17332965,13,2,2,2009 video game,Agatha Christie's: Death on the Nile|Agatha Christie's Death on the Nile|Death on the Nile|Death on Nile,Q7889,,
Nick Dear,Agatha Christie's Poirot,Q391101,13,2,2,British television detective series (1989–2013),Poirot,Q5398426,,Agatha Christie's Poirot
Nick Dear,Poirot,Q36918949,13,2,2,family name,,Q101352,,Poirot (surname)
Nick Dear,Pierre Achille Poirot,Q3383633,13,2,2,French painter (1797-1852),Pierre-Achille Poirot|Poirot,Q5,,
Nick Dear,Parcas Dmel_CG7761,Q29810124,13,2,2,protein found in Drosophila melanogaster,poirot|pcs-PB|parcas|parkas|CG7761-PB|pcs|CG7761 gene product from transcript CG7761-RB,Q8054,,
Nick Dear,Poirot Investigates,Q1418731,13,2,2,short story collection,,Q7725634,,Poirot Investigates
Nick Dear,Poirot,Q123680943,13,2,2,episode of Lessons in Chemistry (S1 E6),,Q21191270,,
Nick Dear,Dumb Witness,Q337944,13,2,2,1937 novel by Agatha Christie,Poirot Loses a Client|Mystery At Littlegreen House|Murder At Littlegreen House,Q7725634,,Dumb Witness
Nick Dear,Poirot's Early Cases,Q1507576,13,2,2,Short story collection,,Q7725634,,Poirot's Early Cases
Nick Dear,Hercule Poirot,Q170534,13,2,2,fictional Belgian detective by Agatha Christie,,Q15632617|Q3658341|Q15773317|Q15773347,,Hercule Poirot
Nick Dear,Poirot-Delpech,Q84699027,13,2,2,family name,Poirot-Delpech (family name)|Poirot-Delpech (surname),Q101352|Q29042997,,
Tatort: Kassensturz,Tatort: Kassensturz,Q20817088,14,0,1,1976 television film directed by Michael Braun,,Q506240,,
Tatort: Kassensturz,Tatort: Kassensturz,Q15171700,14,0,1,2009 television film directed by Lars Montag,Kassensturz,Q506240,,
Tatort: Kassensturz,Tatort: Kassensturz,Q15850163,14,0,1,Wikimedia disambiguation page,,Q4167410,,
Tatort: Kassensturz,Kassensturz,Q95595052,14,0,2,television film,,Q506240,,
Tatort: Kassensturz,Kassensturz: Interviews mit Laura Castellanos,Q139891571,14,0,2,2009 German edition,,Q3331189,,
Tatort: Kassensturz,Kassensturz,Q62115891,14,0,2,episode of Lindenstraße,,Q21191270,,
Tatort: Kassensturz,Kassensturz,Q63106510,14,0,2,2011 television film directed by Kaspar Heidelbach,,Q506240,,
Tatort: Kassensturz,Kassensturz,Q104450574,14,0,2,1983 film directed by Rolf Silber,,Q11424,,
Tatort: Kassensturz,Kassensturz,Q1735237,14,0,2,,,Q15416,,
Tatort: Kassensturz,Kassensturz (Wohmann),Q21559895,14,0,2,,,Q7725634,,
Tatort: Kassensturz,Kassensturz: Interviews mit Laura Castellanos,Q117235958,14,0,2,book by Laura Castellanos and Subcomandante Marcos,,Q7725634,,
Tatort,Tatort,Q689438,14,1,1,long-running German/Austrian/Swiss crime television series,,Q5398426,,Tatort
Tatort,urban area in Sweden,Q12813115,14,1,1,"def.: population ≥ 200, < 200 m between buildings, etc",urban area,Q15700808,Q6566301|Q702492|Q15042037|Q56061,Urban areas in Sweden
Tatort,"Tätorter 2015; befolkning 2010–2018, landareal, andel som överlappas av fritidshusområden",Q37276725,14,1,1,census from Statistics Sweden (SCB),,Q39825|Q11028,,
Tatort,Tatort: Schneetreiben,Q1665500,14,1,1,2005 television film directed by Tobias Ineichen,,Q506240,,
Tatort,Tatort: Zweikampf,Q1661575,14,1,1,1974 television film directed by Wolfgang Becker,,Q506240,,
Tatort,Tatort: Scherbenhaufen,Q1487811,14,1,1,2012 television film directed by Johannes Grieser,,Q506240,,
Tatort,Tatort: Telefongeld,Q19850701,14,1,1,1991 television film directed by Hans Noever,,Q506240,,
Tatort,Tatort: Der Tote im Nachtzug,Q1567144,14,1,1,2011 television film directed by Lars Kraume,,Q506240,,
Tatort,Tatort: Keine Polizei,Q1628582,14,1,1,2012 television film directed by Kaspar Heidelbach,,Q506240,,
Tatort,Tatort: Gebrochene Blüten,Q1517412,14,1,1,1988 television film directed by Hajo Gies,,Q506240,,
Tatort,Tatort: Kassensturz,Q15171700,14,1,2,2009 television film directed by Lars Montag,Kassensturz,Q506240,,
Tatort,Kassensturz,Q95595052,14,1,2,television film,,Q506240,,
Tatort,Kassensturz: Interviews mit Laura Castellanos,Q139891571,14,1,2,2009 German edition,,Q3331189,,
Tatort,Tatort: Kassensturz,Q20817088,14,1,2,1976 television film directed by Michael Braun,,Q506240,,
Tatort,Kassensturz,Q62115891,14,1,2,episode of Lindenstraße,,Q21191270,,
Tatort,Kassensturz,Q63106510,14,1,2,2011 television film directed by Kaspar Heidelbach,,Q506240,,
Tatort,Kassensturz,Q104450574,14,1,2,1983 film directed by Rolf Silber,,Q11424,,
Tatort,Kassensturz,Q1735237,14,1,2,,,Q15416,,
Tatort,Kassensturz (Wohmann),Q21559895,14,1,2,,,Q7725634,,
Tatort,Kassensturz: Interviews mit Laura Castellanos,Q117235958,14,1,2,book by Laura Castellanos and Subcomandante Marcos,,Q7725634,,
Tatort,Hasso Plötze,Q94892258,14,1,2,"German writer, screen writer",Hasso Hecht,Q5,,
Hasso Plötze,Hasso Plötze,Q94892258,14,2,1,"German writer, screen writer",Hasso Hecht,Q5,,
Tatort: Kassensturz,Tatort: Kassensturz,Q20817088,15,0,1,1976 television film directed by Michael Braun,,Q506240,,
Tatort: Kassensturz,Tatort: Kassensturz,Q15171700,15,0,1,2009 television film directed by Lars Montag,Kassensturz,Q506240,,
Tatort: Kassensturz,Tatort: Kassensturz,Q15850163,15,0,1,Wikimedia disambiguation page,,Q4167410,,
Tatort,Tatort,Q689438,15,1,1,long-running German/Austrian/Swiss crime television series,,Q5398426,,Tatort
Tatort,urban area in Sweden,Q12813115,15,1,1,"def.: population ≥ 200, < 200 m between buildings, etc",urban area,Q15700808,Q6566301|Q702492|Q15042037|Q56061,Urban areas in Sweden
Tatort,"Tätorter 2015; befolkning 2010–2018, landareal, andel som överlappas av fritidshusområden",Q37276725,15,1,1,census from Statistics Sweden (SCB),,Q39825|Q11028,,
Tatort,Tatort: Schneetreiben,Q1665500,15,1,1,2005 television film directed by Tobias Ineichen,,Q506240,,
Tatort,Tatort: Zweikampf,Q1661575,15,1,1,1974 television film directed by Wolfgang Becker,,Q506240,,
Tatort,Tatort: Scherbenhaufen,Q1487811,15,1,1,2012 television film directed by Johannes Grieser,,Q506240,,
Tatort,Tatort: Telefongeld,Q19850701,15,1,1,1991 television film directed by Hans Noever,,Q506240,,
Tatort,Tatort: Der Tote im Nachtzug,Q1567144,15,1,1,2011 television film directed by Lars Kraume,,Q506240,,
Tatort,Tatort: Keine Polizei,Q1628582,15,1,1,2012 television film directed by Kaspar Heidelbach,,Q506240,,
Tatort,Tatort: Gebrochene Blüten,Q1517412,15,1,1,1988 television film directed by Hajo Gies,,Q506240,,
Tatort,Tatort: Kassensturz,Q20817088,15,1,2,1976 television film directed by Michael Braun,,Q506240,,
Tatort,Tatort: Kassensturz,Q15171700,15,1,2,2009 television film directed by Lars Montag,Kassensturz,Q506240,,
Tatort,Tatort: Kassensturz,Q15850163,15,1,2,Wikimedia disambiguation page,,Q4167410,,
Tatort,Lars Montag,Q1806295,15,1,2,German film director and screen writer,,Q5,,
Lars Montag,Lars Montag,Q1806295,15,2,1,German film director and screen writer,,Q5,,
Lars Montag,Tatort: Kassensturz,Q20817088,15,2,2,1976 television film directed by Michael Braun,,Q506240,,
Lars Montag,Tatort: Kassensturz,Q15171700,15,2,2,2009 television film directed by Lars Montag,Kassensturz,Q506240,,
Lars Montag,Tatort: Kassensturz,Q15850163,15,2,2,Wikimedia disambiguation page,,Q4167410,,
Dead Man's Folly,Dead Man's Folly,Q1130299,16,0,1,1956 novel by Agatha Christie,,Q7725634,,Dead Man's Folly
Dead Man's Folly,Dead Man's Folly,Q5245275,16,0,1,1986 television film directed by Clive Donner,,Q506240,,Dead Man's Folly (film)
Dead Man's Folly,Dead Man's Folly,Q16670534,16,0,1,2013 television film directed by Tom Vaughan,,Q506240|Q21191270,,
Dead Man's Folly,Dead Man's Folly,Q132877207,16,0,1,1977 paperback edition (en),,Q3331189,,
Dead Man's Folly,Dead Man's Folly,Q3704206,16,0,1,Wikimedia disambiguation page,,Q4167410,,
Dead Man's Folly,Agatha Christie's Poirot,Q391101,16,0,2,British television detective series (1989–2013),Poirot,Q5398426,,Agatha Christie's Poirot
Dead Man's Folly,"Agatha Christie's Poirot, season 10",Q3729527,16,0,2,season of television series,,Q3464665,,
Dead Man's Folly,"Agatha Christie's Poirot, season 12",Q3729530,16,0,2,season of television series,,Q3464665,,
Dead Man's Folly,"Agatha Christie's Poirot, season 11",Q3729540,16,0,2,season of television series,,Q3464665,,
Dead Man's Folly,"Agatha Christie's Poirot, season 13",Q3464702,16,0,2,season of television series,,Q3464665,,
Dead Man's Folly,"Agatha Christie's Poirot, season 2",Q3729536,16,0,2,season of television series,,Q3464665,,
Dead Man's Folly,"Agatha Christie's Poirot, season 1",Q3729532,16,0,2,season of television series,,Q3464665,,
Dead Man's Folly,"Agatha Christie's Poirot, season 5",Q3729535,16,0,2,season of television series,,Q3464665,,
Dead Man's Folly,"Agatha Christie's Poirot, season 3",Q3729542,16,0,2,season of television series,,Q3464665,,
Dead Man's Folly,"Agatha Christie's Poirot, season 9",Q3729528,16,0,2,season of television series,,Q3464665,,
Dead Man's Folly,Category III,Q23830578,16,0,2,category in the Filmiroda rating system,Filmiroda III.|Filmiroda 16,Q23830575,,
Dead Man's Folly,Category III,Q21571488,16,0,2,category in the NMHH rating system,12|Not recommended for audiences under the age of twelve|NMHH III.|NMHH 12,Q23683425,,
Dead Man's Folly,Category III,Q100711985,16,0,2,Hong Kong motion picture rating: restricted to people 18 years of age and over,Persons Aged 18 and Above Only|Approved for Exhibition Only to Persons who have Attained the Age of 18 Years|Hong Kong Category III|Hong Kong Category 3,Q100711986,,
Dead Man's Folly,category III. freight station,Q113027205,16,0,2,railway station category in Hungary,,Q113027198,Q55488|Q55678,
Dead Man's Folly,category III. passenger station,Q113027201,16,0,2,railway station category in Hungary,,Q113027198,Q55488|Q55678,
Dead Man's Folly,Category III,Q15873772,16,0,2,Asian film classification,,Q5962346,,
Dead Man's Folly,Category III chronic prostatitis/chronic pelvic pain syndrome: insights from the National Institutes of Health Chronic Prostatitis Collaborative Research Network studies,Q33693347,16,0,2,scientific article,,Q13442814,,
Dead Man's Folly,Category III chronic prostatitis/chronic pelvic pain syndrome: Insights from the National Institutes of Health Chronic Prostatitis Collaborative Research Network studies,Q57529622,16,0,2,article,,Q13442814,,
Dead Man's Folly,Category III: Catch-22,Q77600031,16,0,2,scientific article published on 01 June 1987,,Q13442814,,
Agatha Christie's Poirot,Agatha Christie's Poirot,Q391101,16,1,1,British television detective series (1989–2013),Poirot,Q5398426,,Agatha Christie's Poirot
Agatha Christie's Poirot,"Agatha Christie's Poirot, season 10",Q3729527,16,1,1,season of television series,,Q3464665,,
Agatha Christie's Poirot,"Agatha Christie's Poirot, season 12",Q3729530,16,1,1,season of television series,,Q3464665,,
Agatha Christie's Poirot,"Agatha Christie's Poirot, season 11",Q3729540,16,1,1,season of television series,,Q3464665,,
Agatha Christie's Poirot,"Agatha Christie's Poirot, season 13",Q3464702,16,1,1,season of television series,,Q3464665,,
Agatha Christie's Poirot,"Agatha Christie's Poirot, season 2",Q3729536,16,1,1,season of television series,,Q3464665,,
Agatha Christie's Poirot,"Agatha Christie's Poirot, season 1",Q3729532,16,1,1,season of television series,,Q3464665,,
Agatha Christie's Poirot,"Agatha Christie's Poirot, season 5",Q3729535,16,1,1,season of television series,,Q3464665,,
Agatha Christie's Poirot,"Agatha Christie's Poirot, season 3",Q3729542,16,1,1,season of television series,,Q3464665,,
Agatha Christie's Poirot,"Agatha Christie's Poirot, season 9",Q3729528,16,1,1,season of television series,,Q3464665,,
Agatha Christie's Poirot,Agatha Christie,Q35064,16,1,2,English mystery and detective writer (1890–1976),Agatha Mary Clarissa Miller|Dame Agatha Mary Clarissa Christie|Agatha Christie Mallowan|Lady Mallowan|Queen of Crime|Mary Westmacott,Q5,,Agatha Christie
Agatha Christie's Poirot,Agatha Christie,Q391042,16,1,2,Russian punk/synth rock band,Agata Kristi,Q215380,,Agatha Christie (band)
Agatha Christie's Poirot,Agatha Christie: The ABC Murders,Q22683400,16,1,2,2016 video game,,Q7889,,Agatha Christie: The ABC Murders (2016 video game)
Agatha Christie's Poirot,Agatha Christie: Evil Under the Sun,Q1167453,16,1,2,2007 video game,,Q7889,,Agatha Christie: Evil Under the Sun
Agatha Christie's Poirot,Agatha Christie,Q2826457,16,1,2,video game series,,Q7058673,,Agatha Christie (video game series)
Agatha Christie's Poirot,Agatha Christie: And Then There Were None,Q2533543,16,1,2,2005 adventure video game,And Then There Were None,Q7889,,Agatha Christie: And Then There Were None
Agatha Christie's Poirot,Agatha Christie: Murder on the Orient Express,Q2352386,16,1,2,2006 video game,Agatha Christie: Murder on Orient Express|Murder on the Orient Express|Murder on Orient Express,Q7889,,Agatha Christie: Murder on the Orient Express
Agatha Christie's Poirot,Agatha Christie: The ABC Murders,Q4691493,16,1,2,2009 video game for Nintendo DS,,Q7889,,Agatha Christie: The ABC Murders (2009 video game)
Agatha Christie's Poirot,Agatha Christie - Hercule Poirot: The First Cases,Q111966896,16,1,2,2021 video game,Agatha Christie:Hercule Poirot: The First Cases|Agatha Christie Hercule Poirot: The First Cases,Q7889,,
Agatha Christie's Poirot,Agatha Christie: Death on the Nile,Q17332965,16,1,2,2009 video game,Agatha Christie's: Death on the Nile|Agatha Christie's Death on the Nile|Death on the Nile|Death on Nile,Q7889,,
Agatha Christie's Poirot,Poirot,Q36918949,16,1,2,family name,,Q101352,,Poirot (surname)
Agatha Christie's Poirot,Pierre Achille Poirot,Q3383633,16,1,2,French painter (1797-1852),Pierre-Achille Poirot|Poirot,Q5,,
Agatha Christie's Poirot,Parcas Dmel_CG7761,Q29810124,16,1,2,protein found in Drosophila melanogaster,poirot|pcs-PB|parcas|parkas|CG7761-PB|pcs|CG7761 gene product from transcript CG7761-RB,Q8054,,
Agatha Christie's Poirot,Poirot Investigates,Q1418731,16,1,2,short story collection,,Q7725634,,Poirot Investigates
Agatha Christie's Poirot,Poirot,Q123680943,16,1,2,episode of Lessons in Chemistry (S1 E6),,Q21191270,,
Agatha Christie's Poirot,Dumb Witness,Q337944,16,1,2,1937 novel by Agatha Christie,Poirot Loses a Client|Mystery At Littlegreen House|Murder At Littlegreen House,Q7725634,,Dumb Witness
Agatha Christie's Poirot,Poirot's Early Cases,Q1507576,16,1,2,Short story collection,,Q7725634,,Poirot's Early Cases
Agatha Christie's Poirot,Hercule Poirot,Q170534,16,1,2,fictional Belgian detective by Agatha Christie,,Q15632617|Q3658341|Q15773317|Q15773347,,Hercule Poirot
Agatha Christie's Poirot,Poirot-Delpech,Q84699027,16,1,2,family name,Poirot-Delpech (family name)|Poirot-Delpech (surname),Q101352|Q29042997,,
Agatha Christie's Poirot,Dead Man's Folly,Q1130299,16,1,2,1956 novel by Agatha Christie,,Q7725634,,Dead Man's Folly
Agatha Christie's Poirot,Dead Man's Folly,Q5245275,16,1,2,1986 television film directed by Clive Donner,,Q506240,,Dead Man's Folly (film)
Agatha Christie's Poirot,Dead Man's Folly,Q16670534,16,1,2,2013 television film directed by Tom Vaughan,,Q506240|Q21191270,,
Agatha Christie's Poirot,Dead Man's Folly,Q132877207,16,1,2,1977 paperback edition (en),,Q3331189,,
Agatha Christie's Poirot,Dead Man's Folly,Q3704206,16,1,2,Wikimedia disambiguation page,,Q4167410,,
Category III,Category III,Q23830578,16,3,1,category in the Filmiroda rating system,Filmiroda III.|Filmiroda 16,Q23830575,,
Category III,Category III,Q21571488,16,3,1,category in the NMHH rating system,12|Not recommended for audiences under the age of twelve|NMHH III.|NMHH 12,Q23683425,,
Category III,Category III,Q100711985,16,3,1,Hong Kong motion picture rating: restricted to people 18 years of age and over,Persons Aged 18 and Above Only|Approved for Exhibition Only to Persons who have Attained the Age of 18 Years|Hong Kong Category III|Hong Kong Category 3,Q100711986,,
Category III,category III. freight station,Q113027205,16,3,1,railway station category in Hungary,,Q113027198,Q55488|Q55678,
Category III,category III. passenger station,Q113027201,16,3,1,railway station category in Hungary,,Q113027198,Q55488|Q55678,
Category III,Category III,Q15873772,16,3,1,Asian film classification,,Q5962346,,
Category III,Category III chronic prostatitis/chronic pelvic pain syndrome: insights from the National Institutes of Health Chronic Prostatitis Collaborative Research Network studies,Q33693347,16,3,1,scientific article,,Q13442814,,
Category III,Category III chronic prostatitis/chronic pelvic pain syndrome: Insights from the National Institutes of Health Chronic Prostatitis Collaborative Research Network studies,Q57529622,16,3,1,article,,Q13442814,,
Category III,Category III: Catch-22,Q77600031,16,3,1,scientific article published on 01 June 1987,,Q13442814,,
Camp Rock,Camp Rock,Q217250,17,0,1,2008 television film directed by Matthew Diamond,,Q506240,,Camp Rock
Camp Rock,Camp Rock,Q732494,17,0,1,soundtrack album,,Q482994,,Camp Rock (soundtrack)
Camp Rock,Camp Rock,Q12478211,17,0,1,,,Q24856,,
Camp Rock,Mitchie Torres,Q42530215,17,0,1,character from 2008 film 'Camp Rock',camp rock,Q15632617|Q15773347,,
Camp Rock,Camp Rock,Q19600652,17,0,1,"mountain in Virginia, United States of America",,Q8502,,Camp Rock (Virginia)
Camp Rock,Camp Rock 2: The Final Jam,Q276279,17,0,1,2010 television film directed by Paul Hoen,Camp Rock 2,Q506240,,Camp Rock 2: The Final Jam
Camp Rock,Camp Rock,Q22392781,17,0,1,"shoal in Nova Scotia, Canada",,Q28337,,
Camp Rock,Camp Rock 2: The Final Jam,Q1029972,17,0,1,2010 soundtrack album; various artists,,Q482994,,Camp Rock 2: The Final Jam (soundtrack)
Camp Rock,Camp Rock-Emerson-Copper Mountain fault zone,Q98924171,17,0,1,,,Q47089,,
Camp Rock,Fort Tilden,Q5472178,17,0,1,park and historic military installation in New York City,Camp Rockaway Beach,Q1785071,,Fort Tilden
Camp Rock,Camp Rock,Q217250,17,1,1,2008 television film directed by Matthew Diamond,,Q506240,,Camp Rock
Camp Rock,Camp Rock,Q732494,17,1,1,soundtrack album,,Q482994,,Camp Rock (soundtrack)
Camp Rock,Camp Rock,Q12478211,17,1,1,,,Q24856,,
Camp Rock,Mitchie Torres,Q42530215,17,1,1,character from 2008 film 'Camp Rock',camp rock,Q15632617|Q15773347,,
Camp Rock,Camp Rock,Q19600652,17,1,1,"mountain in Virginia, United States of America",,Q8502,,Camp Rock (Virginia)
Camp Rock,Camp Rock 2: The Final Jam,Q276279,17,1,1,2010 television film directed by Paul Hoen,Camp Rock 2,Q506240,,Camp Rock 2: The Final Jam
Camp Rock,Camp Rock,Q22392781,17,1,1,"shoal in Nova Scotia, Canada",,Q28337,,
Camp Rock,Camp Rock 2: The Final Jam,Q1029972,17,1,1,2010 soundtrack album; various artists,,Q482994,,Camp Rock 2: The Final Jam (soundtrack)
Camp Rock,Camp Rock-Emerson-Copper Mountain fault zone,Q98924171,17,1,1,,,Q47089,,
Camp Rock,Fort Tilden,Q5472178,17,1,1,park and historic military installation in New York City,Camp Rockaway Beach,Q1785071,,Fort Tilden
Paul Brown,Paul Brown,Q19396015,17,2,1,British costume designer and scenographer (1960-2017),Paul Gareth Brown,Q5,,Paul Brown (costume designer)
Paul Brown,Paul Brown,Q115459722,17,2,1,statistics researcher at University of Waikato in New Zealand,Paul Tamataatoi Brown|P. T. Brown|Paul T. Brown,Q5,,
Paul Brown,Paul Brown,Q1678408,17,2,1,American politician (1880-1961),,Q5,,Paul Brown (Georgia politician)
Paul Brown,Paul Louis Brown,Q115691692,17,2,1,American painter,Paul Brown,Q5,,
Paul Brown,Paul Brown,Q7149547,17,2,1,British footballer (born 1984),Paul Henry Brown,Q5,,Paul Brown (English footballer)
Paul Brown,Paul Brown,Q7149549,17,2,1,"American racing driver, born 1969",,Q5,,Paul Brown (racing driver)
Paul Brown,Paul Brown,Q123474624,17,2,1,British digital artist based in Australia,,Q5,,Paul Brown (artist)
Paul Brown,Paul Brown,Q116476459,17,2,1,rugby league footballer (born 1970),,Q5,,
Paul Brown,Paul Brown,Q123759589,17,2,1,Archaeologist,,Q5,,
Paul Brown,Paul Brown,Q112433189,17,2,1,,,Q5,,
Tatort: Spielverderber,Tatort: Spielverderber,Q2396013,18,0,1,1987 film directed by Pete Ariel,,Q506240,,
Tatort: Spielverderber,Tatort: Spielverderber,Q21899396,18,0,1,2015 television film directed by Hartmut Schoen,,Q506240,,
Tatort: Spielverderber,Tatort: Spielverderber,Q21921448,18,0,1,Wikimedia disambiguation page,,Q4167410,,
Tatort: Spielverderber,Tatort,Q689438,18,0,2,long-running German/Austrian/Swiss crime television series,,Q5398426,,Tatort
Tatort: Spielverderber,urban area in Sweden,Q12813115,18,0,2,"def.: population ≥ 200, < 200 m between buildings, etc",urban area,Q15700808,Q6566301|Q702492|Q15042037|Q56061,Urban areas in Sweden
Tatort: Spielverderber,"Tätorter 2015; befolkning 2010–2018, landareal, andel som överlappas av fritidshusområden",Q37276725,18,0,2,census from Statistics Sweden (SCB),,Q39825|Q11028,,
Tatort: Spielverderber,Tatort: Schneetreiben,Q1665500,18,0,2,2005 television film directed by Tobias Ineichen,,Q506240,,
Tatort: Spielverderber,Tatort: Zweikampf,Q1661575,18,0,2,1974 television film directed by Wolfgang Becker,,Q506240,,
Tatort: Spielverderber,Tatort: Scherbenhaufen,Q1487811,18,0,2,2012 television film directed by Johannes Grieser,,Q506240,,
Tatort: Spielverderber,Tatort: Telefongeld,Q19850701,18,0,2,1991 television film directed by Hans Noever,,Q506240,,
Tatort: Spielverderber,Tatort: Der Tote im Nachtzug,Q1567144,18,0,2,2011 television film directed by Lars Kraume,,Q506240,,
Tatort: Spielverderber,Tatort: Keine Polizei,Q1628582,18,0,2,2012 television film directed by Kaspar Heidelbach,,Q506240,,
Tatort: Spielverderber,Tatort: Gebrochene Blüten,Q1517412,18,0,2,1988 television film directed by Hajo Gies,,Q506240,,
Tatort: Spielverderber,Spielverderber,Q62116357,18,0,2,episode of Lindenstraße,,Q21191270,,
Tatort: Spielverderber,A Class Act,Q114464099,18,0,2,episode of 227 (S4 E12),,Q21191270,,
Tatort: Spielverderber,White Party Pooper,Q114486024,18,0,2,episode of The Real Housewives of Beverly Hills (S3 E14),,Q21191270,,
Tatort: Spielverderber,Spielverderber,Q106718412,18,0,2,documentary film,,Q11424,,
Tatort: Spielverderber,Party pooper,Q140032238,18,0,2,one who spoils others peoples pleasure,wet blanket|drag,,Q215627,
Tatort: Spielverderber,Throwdown,Q928050,18,0,2,episode of Glee (S1 E7),,Q21191270,,Throwdown (Glee)
Tatort: Spielverderber,Spielverderber,Q109289771,18,0,2,Wikimedia disambiguation page,,Q4167410,,
Tatort with Schimanski and Thanner,Tatort with Schimanski and Thanner,Q110892151,18,1,1,,,Q5398426,,
Tatort with Schimanski and Thanner,Tatort,Q689438,18,1,2,long-running German/Austrian/Swiss crime television series,,Q5398426,,Tatort
Tatort with Schimanski and Thanner,urban area in Sweden,Q12813115,18,1,2,"def.: population ≥ 200, < 200 m between buildings, etc",urban area,Q15700808,Q6566301|Q702492|Q15042037|Q56061,Urban areas in Sweden
Tatort with Schimanski and Thanner,"Tätorter 2015; befolkning 2010–2018, landareal, andel som överlappas av fritidshusområden",Q37276725,18,1,2,census from Statistics Sweden (SCB),,Q39825|Q11028,,
Tatort with Schimanski and Thanner,Tatort: Schneetreiben,Q1665500,18,1,2,2005 television film directed by Tobias Ineichen,,Q506240,,
Tatort with Schimanski and Thanner,Tatort: Zweikampf,Q1661575,18,1,2,1974 television film directed by Wolfgang Becker,,Q506240,,
Tatort with Schimanski and Thanner,Tatort: Scherbenhaufen,Q1487811,18,1,2,2012 television film directed by Johannes Grieser,,Q506240,,
Tatort with Schimanski and Thanner,Tatort: Telefongeld,Q19850701,18,1,2,1991 television film directed by Hans Noever,,Q506240,,
Tatort with Schimanski and Thanner,Tatort: Der Tote im Nachtzug,Q1567144,18,1,2,2011 television film directed by Lars Kraume,,Q506240,,
Tatort with Schimanski and Thanner,Tatort: Keine Polizei,Q1628582,18,1,2,2012 television film directed by Kaspar Heidelbach,,Q506240,,
Tatort with Schimanski and Thanner,Tatort: Gebrochene Blüten,Q1517412,18,1,2,1988 television film directed by Hajo Gies,,Q506240,,
Tatort with Schimanski and Thanner,Tatort: Spielverderber,Q2396013,18,1,2,1987 film directed by Pete Ariel,,Q506240,,
Tatort with Schimanski and Thanner,Tatort: Spielverderber,Q21899396,18,1,2,2015 television film directed by Hartmut Schoen,,Q506240,,
Tatort with Schimanski and Thanner,Spielverderber,Q62116357,18,1,2,episode of Lindenstraße,,Q21191270,,
Tatort with Schimanski and Thanner,A Class Act,Q114464099,18,1,2,episode of 227 (S4 E12),,Q21191270,,
Tatort with Schimanski and Thanner,White Party Pooper,Q114486024,18,1,2,episode of The Real Housewives of Beverly Hills (S3 E14),,Q21191270,,
Tatort with Schimanski and Thanner,Spielverderber,Q106718412,18,1,2,documentary film,,Q11424,,
Tatort with Schimanski and Thanner,Party pooper,Q140032238,18,1,2,one who spoils others peoples pleasure,wet blanket|drag,,Q215627,
Tatort with Schimanski and Thanner,Throwdown,Q928050,18,1,2,episode of Glee (S1 E7),,Q21191270,,Throwdown (Glee)
Tatort with Schimanski and Thanner,Spielverderber,Q109289771,18,1,2,Wikimedia disambiguation page,,Q4167410,,
Tatort with Schimanski and Thanner,Felix Huby,Q123819,18,1,2,German author and director (1938–2022),,Q5,,
Tatort with Schimanski and Thanner,Schimanski,Q28836837,18,1,2,German television series,,Q5398426,,
Tatort with Schimanski and Thanner,Schimanski,Q28836825,18,1,2,family name,,Q101352,,
Tatort with Schimanski and Thanner,Schimanski: Schicht im Schacht,Q2235941,18,1,2,film directed by Thomas Jauch,,Q506240,,
Tatort with Schimanski and Thanner,Schimanski: Muttertag,Q2235938,18,1,2,film directed by Mark Schlichter,,Q506240,,
Tatort with Schimanski and Thanner,Horst Schimanski,Q505721,18,1,2,character in the German television series Tatort,,Q15632617|Q15773317|Q110857263,,Horst Schimanski
Tatort with Schimanski and Thanner,Zabou,Q139043,18,1,2,1987 film directed by Hajo Gies,The Crack Connection,Q11424|Q506240,,
Tatort with Schimanski and Thanner,Scene of the Crime: A Tooth for a Tooth,Q140918,18,1,2,1985 film directed by Hajo Gies,,Q506240,,
Tatort with Schimanski and Thanner,Tatort: Blutspur,Q2395777,18,1,2,1989 television film directed by Werner Masten,Blutspur,Q506240,,
Tatort with Schimanski and Thanner,Tatort: Medizinmänner,Q2395949,18,1,2,1990 television film,,Q506240,,
Tatort with Schimanski and Thanner,Thanner,Q72105133,18,1,2,family name,,Q101352,,
Tatort with Schimanski and Thanner,Thanner,Q95125367,18,1,2,,,Q5,,
Tatort with Schimanski and Thanner,"Thanner (Tanner), Adam (BLKÖ)",Q90797678,18,1,2,"entry in the Biographisches Lexikon des Kaiserthums Oesterreich (vol. 44, p. 177)",,Q19389637,,
Tatort with Schimanski and Thanner,Thanner (Baron) (BLKÖ),Q90797677,18,1,2,"entry in the Biographisches Lexikon des Kaiserthums Oesterreich (vol. 44, p. 180)",,Q19389637,,
Tatort with Schimanski and Thanner,"Thanner, Raphael (BLKÖ)",Q90797682,18,1,2,"entry in the Biographisches Lexikon des Kaiserthums Oesterreich (vol. 44, p. 180)",,Q19389637,,
Tatort with Schimanski and Thanner,"Thanner, Franz Ignaz",Q27598725,18,1,2,entry in the Allgemeine Deutsche Biographie,"Thanner, Franz Ignaz (ADB)",Q19389637,,
Tatort with Schimanski and Thanner,"Thanner, Ignaz (BLKÖ)",Q90797679,18,1,2,"entry in the Biographisches Lexikon des Kaiserthums Oesterreich (vol. 44, p. 172)",,Q19389637,,
Tatort with Schimanski and Thanner,"Thanner, Jakob",Q27598730,18,1,2,entry in the Allgemeine Deutsche Biographie,"Thanner, Jakob (ADB)",Q19389637,,
Tatort with Schimanski and Thanner,Thanner Hubel,Q31665719,18,1,2,mountain in France,,Q8502,,
Tatort with Schimanski and Thanner,Thanner Grund mit angrenzenden Waldgebieten,Q59637233,18,1,2,"protected landscape in Bavaria, Germany",,Q21503788|Q473972,,
Felix Huby,Felix Huby,Q123819,18,2,1,German author and director (1938–2022),,Q5,,
Operation Delta Force,Operation Delta Force,Q2026040,19,0,1,1997 television film directed by Sam Firstenberg,,Q506240,,
Operation Delta Force,Operation Delta Force,Q105456335,19,0,1,film series,,Q24856,,Operation Delta Force
Operation Delta Force,Operation Delta Force 5: Random Fire,Q3883951,19,0,1,2000 film directed by Yossi Wein,Operation Delta Force V,Q11424,,Operation Delta Force 5: Random Fire
Operation Delta Force,Operation Delta Force II,Q16710154,19,0,1,1997 film directed by Yossi Wein,Operation Delta Force II: Mayday,Q11424,,
Operation Delta Force,Operation Delta Force 3: Clear Target,Q3705223,19,0,1,1999 film by Mark Roper,,Q11424,,
Operation Delta Force,Operation Delta Force 4: Deep Fault,Q16710158,19,0,1,1999 film directed by Mark Roper,,Q11424,,
Operation Delta Force,Delta Force,Q4037172,19,0,2,2007 mobile game,Delta Force Mobile,Q7889,,
Operation Delta Force,Delta Force,Q126187152,19,0,2,1992 video game compilation,,Q16070115,,
Operation Delta Force,The Delta Force,Q971630,19,0,2,1986 film by Menahem Golan,Delta Force,Q11424,,The Delta Force
Operation Delta Force,1st Special Forces Operational Detachment-Delta,Q209114,19,0,2,United States Army special operations unit,Delta Force|Combat Applications Group (CAG)|SFOD-D (A),Q234497,,Delta Force
Operation Delta Force,Delta Force,Q4037173,19,0,2,video game series,,Q7058673,,Delta Force (series)
Operation Delta Force,Delta Force,Q1184892,19,0,2,1998 video game,,Q7889,,Delta Force (video game)
Operation Delta Force,Delta Force,Q123138197,19,0,2,2025 video game developed by TiMi,DFHO|DF: HO|Delta Force: Hawk Ops|Delta Force Hawk Ops|DF,Q7889,,Delta Force (2025 video game)
Operation Delta Force,Delta Force: Black Hawk Down,Q1324541,19,0,2,2003 first-person shooter video-game,,Q7889,,Delta Force: Black Hawk Down
Operation Delta Force,Delta Force,Q3461318,19,0,2,film series,,Q24856,,
Operation Delta Force,Delta Force: Urban Warfare,Q4037178,19,0,2,2002 video game,,Q7889,,Delta Force: Urban Warfare
Operation Delta Force,Operation Delta Force,Q2026040,19,1,1,1997 television film directed by Sam Firstenberg,,Q506240,,
Operation Delta Force,Operation Delta Force,Q105456335,19,1,1,film series,,Q24856,,Operation Delta Force
Operation Delta Force,Operation Delta Force 5: Random Fire,Q3883951,19,1,1,2000 film directed by Yossi Wein,Operation Delta Force V,Q11424,,Operation Delta Force 5: Random Fire
Operation Delta Force,Operation Delta Force II,Q16710154,19,1,1,1997 film directed by Yossi Wein,Operation Delta Force II: Mayday,Q11424,,
Operation Delta Force,Operation Delta Force 3: Clear Target,Q3705223,19,1,1,1999 film by Mark Roper,,Q11424,,
Operation Delta Force,Operation Delta Force 4: Deep Fault,Q16710158,19,1,1,1999 film directed by Mark Roper,,Q11424,,
Operation Delta Force,Delta Force,Q4037172,19,1,2,2007 mobile game,Delta Force Mobile,Q7889,,
Operation Delta Force,Delta Force,Q126187152,19,1,2,1992 video game compilation,,Q16070115,,
Operation Delta Force,The Delta Force,Q971630,19,1,2,1986 film by Menahem Golan,Delta Force,Q11424,,The Delta Force
Operation Delta Force,1st Special Forces Operational Detachment-Delta,Q209114,19,1,2,United States Army special operations unit,Delta Force|Combat Applications Group (CAG)|SFOD-D (A),Q234497,,Delta Force
Operation Delta Force,Delta Force,Q4037173,19,1,2,video game series,,Q7058673,,Delta Force (series)
Operation Delta Force,Delta Force,Q1184892,19,1,2,1998 video game,,Q7889,,Delta Force (video game)
Operation Delta Force,Delta Force,Q123138197,19,1,2,2025 video game developed by TiMi,DFHO|DF: HO|Delta Force: Hawk Ops|Delta Force Hawk Ops|DF,Q7889,,Delta Force (2025 video game)
Operation Delta Force,Delta Force: Black Hawk Down,Q1324541,19,1,2,2003 first-person shooter video-game,,Q7889,,Delta Force: Black Hawk Down
Operation Delta Force,Delta Force,Q3461318,19,1,2,film series,,Q24856,,
Operation Delta Force,Delta Force: Urban Warfare,Q4037178,19,1,2,2002 video game,,Q7889,,Delta Force: Urban Warfare
Danny Lerner,Danny Lerner,Q1164677,19,2,1,"Israeli film producer, director and screenwriter (1952-2015)",,Q5,,
Danny Lerner,Danny Lerner,Q7030020,19,2,1,Israeli film director,,Q5,,
Tatort: Aus der Traum,Tatort: Aus der Traum,Q22061089,20,0,1,1986 German television film,,Q506240,,
Tatort: Aus der Traum,Tatort: Aus der Traum,Q15171346,20,0,1,2006 television film directed by Rolf Schübel,,Q506240,,
Tatort: Aus der Traum,Tatort: Aus der Traum,Q15850162,20,0,1,Wikimedia disambiguation page,,Q4167410,,
Tatort,Tatort,Q689438,20,1,1,long-running German/Austrian/Swiss crime television series,,Q5398426,,Tatort
Tatort,urban area in Sweden,Q12813115,20,1,1,"def.: population ≥ 200, < 200 m between buildings, etc",urban area,Q15700808,Q6566301|Q702492|Q15042037|Q56061,Urban areas in Sweden
Tatort,"Tätorter 2015; befolkning 2010–2018, landareal, andel som överlappas av fritidshusområden",Q37276725,20,1,1,census from Statistics Sweden (SCB),,Q39825|Q11028,,
Tatort,Tatort: Schneetreiben,Q1665500,20,1,1,2005 television film directed by Tobias Ineichen,,Q506240,,
Tatort,Tatort: Zweikampf,Q1661575,20,1,1,1974 television film directed by Wolfgang Becker,,Q506240,,
Tatort,Tatort: Scherbenhaufen,Q1487811,20,1,1,2012 television film directed by Johannes Grieser,,Q506240,,
Tatort,Tatort: Telefongeld,Q19850701,20,1,1,1991 television film directed by Hans Noever,,Q506240,,
Tatort,Tatort: Der Tote im Nachtzug,Q1567144,20,1,1,2011 television film directed by Lars Kraume,,Q506240,,
Tatort,Tatort: Keine Polizei,Q1628582,20,1,1,2012 television film directed by Kaspar Heidelbach,,Q506240,,
Tatort,Tatort: Gebrochene Blüten,Q1517412,20,1,1,1988 television film directed by Hajo Gies,,Q506240,,
Tatort,Tatort: Aus der Traum,Q22061089,20,1,2,1986 German television film,,Q506240,,
Tatort,Tatort: Aus der Traum,Q15171346,20,1,2,2006 television film directed by Rolf Schübel,,Q506240,,
Tatort,Tatort: Aus der Traum,Q15850162,20,1,2,Wikimedia disambiguation page,,Q4167410,,
Tatort,Fred Breinersdorfer,Q113909,20,1,2,German screenwriter,,Q5,,Fred Breinersdorfer
Fred Breinersdorfer,Fred Breinersdorfer,Q113909,20,2,1,German screenwriter,,Q5,,Fred Breinersdorfer
Zahn um Zahn,Zahn um Zahn,Q140917,21,0,1,German television series,,Q5398426,,Zahn um Zahn
Zahn um Zahn,Scene of the Crime: A Tooth for a Tooth,Q140918,21,0,1,1985 film directed by Hajo Gies,,Q506240,,
Zahn um Zahn,Brian the Closer,Q18378973,21,0,1,episode of Family Guy (S13 E4),,Q21191270,,Brian the Closer
Zahn um Zahn,Decaying Morality,Q28648547,21,0,1,episode of Law & Order: Special Victims Unit,,Q21191270,,
Zahn um Zahn,Smile,Q15882150,21,0,1,episode of Law & Order: Criminal Intent (S7 E3),,Q21191270,,
Zahn um Zahn,End Run,Q51268745,21,0,1,episode of Burn Notice (S3 E3),,Q21191270,,
Zahn um Zahn,To the Last Will I Grapple with Thee,Q114489576,21,0,1,"episode of Murder, She Wrote (S8 E17)",,Q21191270,,
Zahn um Zahn,Tooth or Consequences,Q108890805,21,0,1,episode of Roseanne,,Q21191270,,
Zahn um Zahn,Knockout,Q111845052,21,0,1,episode of Rizzoli & Isles,,Q21191270,,
Zahn um Zahn,The Fight,Q114527992,21,0,1,episode of Diff'rent Strokes (S1 E10),,Q21191270,,
Zahn um Zahn,Tatort,Q689438,21,0,2,long-running German/Austrian/Swiss crime television series,,Q5398426,,Tatort
Zahn um Zahn,urban area in Sweden,Q12813115,21,0,2,"def.: population ≥ 200, < 200 m between buildings, etc",urban area,Q15700808,Q6566301|Q702492|Q15042037|Q56061,Urban areas in Sweden
Zahn um Zahn,"Tätorter 2015; befolkning 2010–2018, landareal, andel som överlappas av fritidshusområden",Q37276725,21,0,2,census from Statistics Sweden (SCB),,Q39825|Q11028,,
Zahn um Zahn,Tatort: Schneetreiben,Q1665500,21,0,2,2005 television film directed by Tobias Ineichen,,Q506240,,
Zahn um Zahn,Tatort: Zweikampf,Q1661575,21,0,2,1974 television film directed by Wolfgang Becker,,Q506240,,
Zahn um Zahn,Tatort: Scherbenhaufen,Q1487811,21,0,2,2012 television film directed by Johannes Grieser,,Q506240,,
Zahn um Zahn,Tatort: Telefongeld,Q19850701,21,0,2,1991 television film directed by Hans Noever,,Q506240,,
Zahn um Zahn,Tatort: Der Tote im Nachtzug,Q1567144,21,0,2,2011 television film directed by Lars Kraume,,Q506240,,
Zahn um Zahn,Tatort: Keine Polizei,Q1628582,21,0,2,2012 television film directed by Kaspar Heidelbach,,Q506240,,
Zahn um Zahn,Tatort: Gebrochene Blüten,Q1517412,21,0,2,1988 television film directed by Hajo Gies,,Q506240,,
Zahn um Zahn,Schimanski,Q28836837,21,0,2,German television series,,Q5398426,,
Zahn um Zahn,Schimanski,Q28836825,21,0,2,family name,,Q101352,,
Zahn um Zahn,Schimanski: Schicht im Schacht,Q2235941,21,0,2,film directed by Thomas Jauch,,Q506240,,
Zahn um Zahn,Schimanski: Muttertag,Q2235938,21,0,2,film directed by Mark Schlichter,,Q506240,,
Zahn um Zahn,Horst Schimanski,Q505721,21,0,2,character in the German television series Tatort,,Q15632617|Q15773317|Q110857263,,Horst Schimanski
Zahn um Zahn,Zabou,Q139043,21,0,2,1987 film directed by Hajo Gies,The Crack Connection,Q11424|Q506240,,
Zahn um Zahn,Tatort: Blutspur,Q2395777,21,0,2,1989 television film directed by Werner Masten,Blutspur,Q506240,,
Zahn um Zahn,Tatort: Medizinmänner,Q2395949,21,0,2,1990 television film,,Q506240,,
Zahn um Zahn,Thanner,Q72105133,21,0,2,family name,,Q101352,,
Zahn um Zahn,Thanner,Q95125367,21,0,2,,,Q5,,
Zahn um Zahn,"Thanner (Tanner), Adam (BLKÖ)",Q90797678,21,0,2,"entry in the Biographisches Lexikon des Kaiserthums Oesterreich (vol. 44, p. 177)",,Q19389637,,
Zahn um Zahn,Thanner (Baron) (BLKÖ),Q90797677,21,0,2,"entry in the Biographisches Lexikon des Kaiserthums Oesterreich (vol. 44, p. 180)",,Q19389637,,
Zahn um Zahn,"Thanner, Raphael (BLKÖ)",Q90797682,21,0,2,"entry in the Biographisches Lexikon des Kaiserthums Oesterreich (vol. 44, p. 180)",,Q19389637,,
Zahn um Zahn,"Thanner, Franz Ignaz",Q27598725,21,0,2,entry in the Allgemeine Deutsche Biographie,"Thanner, Franz Ignaz (ADB)",Q19389637,,
Zahn um Zahn,"Thanner, Ignaz (BLKÖ)",Q90797679,21,0,2,"entry in the Biographisches Lexikon des Kaiserthums Oesterreich (vol. 44, p. 172)",,Q19389637,,
Zahn um Zahn,"Thanner, Jakob",Q27598730,21,0,2,entry in the Allgemeine Deutsche Biographie,"Thanner, Jakob (ADB)",Q19389637,,
Zahn um Zahn,Thanner Hubel,Q31665719,21,0,2,mountain in France,,Q8502,,
Zahn um Zahn,Thanner Grund mit angrenzenden Waldgebieten,Q59637233,21,0,2,"protected landscape in Bavaria, Germany",,Q21503788|Q473972,,
Zahn um Zahn,Thomas Wittenburg,Q22268628,21,0,2,screenwriter,,Q5,,
Tatort with Schimanski and Thanner,Tatort with Schimanski and Thanner,Q110892151,21,1,1,,,Q5398426,,
Tatort with Schimanski and Thanner,Tatort,Q689438,21,1,2,long-running German/Austrian/Swiss crime television series,,Q5398426,,Tatort
Tatort with Schimanski and Thanner,urban area in Sweden,Q12813115,21,1,2,"def.: population ≥ 200, < 200 m between buildings, etc",urban area,Q15700808,Q6566301|Q702492|Q15042037|Q56061,Urban areas in Sweden
Tatort with Schimanski and Thanner,"Tätorter 2015; befolkning 2010–2018, landareal, andel som överlappas av fritidshusområden",Q37276725,21,1,2,census from Statistics Sweden (SCB),,Q39825|Q11028,,
Tatort with Schimanski and Thanner,Tatort: Schneetreiben,Q1665500,21,1,2,2005 television film directed by Tobias Ineichen,,Q506240,,
Tatort with Schimanski and Thanner,Tatort: Zweikampf,Q1661575,21,1,2,1974 television film directed by Wolfgang Becker,,Q506240,,
Tatort with Schimanski and Thanner,Tatort: Scherbenhaufen,Q1487811,21,1,2,2012 television film directed by Johannes Grieser,,Q506240,,
Tatort with Schimanski and Thanner,Tatort: Telefongeld,Q19850701,21,1,2,1991 television film directed by Hans Noever,,Q506240,,
Tatort with Schimanski and Thanner,Tatort: Der Tote im Nachtzug,Q1567144,21,1,2,2011 television film directed by Lars Kraume,,Q506240,,
Tatort with Schimanski and Thanner,Tatort: Keine Polizei,Q1628582,21,1,2,2012 television film directed by Kaspar Heidelbach,,Q506240,,
Tatort with Schimanski and Thanner,Tatort: Gebrochene Blüten,Q1517412,21,1,2,1988 television film directed by Hajo Gies,,Q506240,,
Tatort with Schimanski and Thanner,Schimanski,Q28836837,21,1,2,German television series,,Q5398426,,
Tatort with Schimanski and Thanner,Schimanski,Q28836825,21,1,2,family name,,Q101352,,
Tatort with Schimanski and Thanner,Schimanski: Schicht im Schacht,Q2235941,21,1,2,film directed by Thomas Jauch,,Q506240,,
Tatort with Schimanski and Thanner,Schimanski: Muttertag,Q2235938,21,1,2,film directed by Mark Schlichter,,Q506240,,
Tatort with Schimanski and Thanner,Horst Schimanski,Q505721,21,1,2,character in the German television series Tatort,,Q15632617|Q15773317|Q110857263,,Horst Schimanski
Tatort with Schimanski and Thanner,Zabou,Q139043,21,1,2,1987 film directed by Hajo Gies,The Crack Connection,Q11424|Q506240,,
Tatort with Schimanski and Thanner,Scene of the Crime: A Tooth for a Tooth,Q140918,21,1,2,1985 film directed by Hajo Gies,,Q506240,,
Tatort with Schimanski and Thanner,Tatort: Blutspur,Q2395777,21,1,2,1989 television film directed by Werner Masten,Blutspur,Q506240,,
Tatort with Schimanski and Thanner,Tatort: Medizinmänner,Q2395949,21,1,2,1990 television film,,Q506240,,
Tatort with Schimanski and Thanner,Thanner,Q72105133,21,1,2,family name,,Q101352,,
Tatort with Schimanski and Thanner,Thanner,Q95125367,21,1,2,,,Q5,,
Tatort with Schimanski and Thanner,"Thanner (Tanner), Adam (BLKÖ)",Q90797678,21,1,2,"entry in the Biographisches Lexikon des Kaiserthums Oesterreich (vol. 44, p. 177)",,Q19389637,,
Tatort with Schimanski and Thanner,Thanner (Baron) (BLKÖ),Q90797677,21,1,2,"entry in the Biographisches Lexikon des Kaiserthums Oesterreich (vol. 44, p. 180)",,Q19389637,,
Tatort with Schimanski and Thanner,"Thanner, Raphael (BLKÖ)",Q90797682,21,1,2,"entry in the Biographisches Lexikon des Kaiserthums Oesterreich (vol. 44, p. 180)",,Q19389637,,
Tatort with Schimanski and Thanner,"Thanner, Franz Ignaz",Q27598725,21,1,2,entry in the Allgemeine Deutsche Biographie,"Thanner, Franz Ignaz (ADB)",Q19389637,,
Tatort with Schimanski and Thanner,"Thanner, Ignaz (BLKÖ)",Q90797679,21,1,2,"entry in the Biographisches Lexikon des Kaiserthums Oesterreich (vol. 44, p. 172)",,Q19389637,,
Tatort with Schimanski and Thanner,"Thanner, Jakob",Q27598730,21,1,2,entry in the Allgemeine Deutsche Biographie,"Thanner, Jakob (ADB)",Q19389637,,
Tatort with Schimanski and Thanner,Thanner Hubel,Q31665719,21,1,2,mountain in France,,Q8502,,
Tatort with Schimanski and Thanner,Thanner Grund mit angrenzenden Waldgebieten,Q59637233,21,1,2,"protected landscape in Bavaria, Germany",,Q21503788|Q473972,,
Thomas Wittenburg,Thomas Wittenburg,Q22268628,21,2,1,screenwriter,,Q5,,
