data,candidates,QID,row,columns,quality,description,aliases,P31,P279,sitelink
Tupy,Tupy,Q25484543,0,0,1,family name,,Q101352,,
Tupy,Tupý,Q7853614,0,0,1,family name,,Q101352,,Tupý
Tupy,Tupy de Brás de Pina,Q10287698,0,0,1,,Tupy,Q2641403,,
Tupy,Tupy S.A.,Q139099205,0,0,1,Brazilian manufacturer of cast iron structural components for capital goods,,Q891723,,
Tupy,Tupyi,Q4167555,0,0,1,mountain range in Ukrainian Carpathians,,Q46831,,
Tupy,Tupy,Q48879132,0,0,1,,,Q3624938,,
Tupy,Tupy,Q119856195,0,0,1,composition by Paulino Sacramento,,Q105543609,,
Tupy,Tupychiv,Q4465626,0,0,1,"village in Horodnia Raion, Chernihiv Oblast, Ukraine",,Q21672098,,
Tupy,Tupynambá,Q128938040,0,0,1,family name,,Q101352,,
Tupy,Tupyj,Q111777496,0,0,1,family name,Tupyj (family name)|Tupyj (surname),Q101352,,
Tupy,Tupí people,Q120684,0,0,2,ethnic group indigenous to Brazil,Tupi|Tupi people,Q103817,Q4465585,Tupi people
Tupy,Tupi,Q56944,0,0,2,extinct Tupian language of Brazil,Old Tupi|Classical Tupi|Tupi language|Ancient Tupi|tp|Tupinambá,Q45762|Q38058796|Q34770,Q148610|Q34070,Tupi language
Tupy,Tupi languages,Q104170922,0,0,2,language group,Tupi–Guarani subgroup III,Q941501,,Tupi languages
Tupy,Tupi-language literature,Q10318963,0,0,2,,,Q109551565,,
Brazil,Brazil,Q155,0,1,1,country in South America,Federative Republic of Brazil,Q3624078|Q859563|Q6256,,Brazil
Brazil,Brazil,Q16860380,0,1,1,family name,,Q101352,,Brazil (surname)
Brazil,Brazil,Q25094860,0,1,1,1975 debut studio album by The Ritchie Family,Brazil...,Q482994,,Brazil (The Ritchie Family album)
Brazil,Brazilian Portuguese,Q750553,0,1,1,set of varieties of the Portuguese language spoken in Brazil,Português brasileiro|Brazilian|Português do Brasil|Portugues brasileiro|Portugues do Brasil|Portuguese (Brazil),Q33384,Q5146,Brazilian Portuguese
Brazil,Brazil,Q96336868,0,1,1,vocal track by Frank Sinatra; 1957 studio recording; cover version,,Q55850593,,
Brazil,Brazil,Q96336800,0,1,1,vocal track by The Ritchie Family; 1975 studio recording; cover version,,Q55850593,,
Brazil,Brazilian Journal of Medical and Biological Research,Q2025772,0,1,1,scientific journal,,Q5633421|Q773668|Q737498|Q16024164,,Brazilian Journal of Medical and Biological Research
Brazil,Brazil,Q1998364,0,1,1,"city in Clay County, Indiana, United States","Brazil, Indiana|Brazil, IN",Q1093829,,"Brazil, Indiana"
Brazil,Brazilian Social Democracy Party,Q1322897,0,1,1,political party in Brazil,PSDB|Partido da Social Democracia Brasileira,Q7278,,Brazilian Social Democracy Party
Brazil,Brazilian Advisory Rating System,Q26323090,0,1,1,Content Rating System in Brazil,BARS|ClassInd|DJCTQ,Q14775294|Q3232092|Q1062352|Q130735522,,Brazilian advisory rating system
Brazil,South America,Q18,0,1,2,continent located mainly in the southwestern quadrant of the Earth,S. America|South American continent|S America,Q5107|Q855697|Q15042037|Q2418896,,South America
Brazil,Saimiri sciureus,Q476930,0,1,2,species of mammal,South American squirrel monkey|Common squirrel monkey,Q16521,,Guianan squirrel monkey
Brazil,paracoccidioidomycosis,Q247096,0,1,2,"primary systemic mycosis that results in systemic fungal infection located in mucosa, located in lymph nodes, located in bone, located in skin or located in lungs, has material basis in Paracoccidioides brasiliensis","Mucocutaneous-lymphangitic paracoccidioidomycosis|Mucocutaneous-lymphangitic paracoccidioidomycosis (disorder)|Paracoccidioidomycosis (disorder)|Paracoccidioidomycosis NOS (disorder)|Paracoccidioidomycosis, unspecified (disorder)|paracoccidioidal mycosis|Paracoccidioidomycosis|PCM|Lobo disease|South american blastomycosis|Paracoccidioidal granuloma|Lutz-Splendore-Almeida disease|Paracoccidiomycosis",Q112193867,Q18553244|Q4941552|Q18558262|Q3392853|Q876887|Q464067|Q18123741,Paracoccidioidomycosis
Brazil,Crotalus durissus,Q854864,0,1,2,species of reptile,South American rattlesnake|tropical rattlesnake,Q16521,,Crotalus durissus
Brazil,South America,Q99290067,0,1,2,continent of South America as depicted in Star Trek,Star Trek South America,Q17199338|Q15796005,,
Brazil,South American Journal of Herpetology,Q21385774,0,1,2,journal,ISSN 1808-9798,Q5633421,,
Brazil,South America,Q20201199,0,1,2,painting by John Wesley,,Q3305213,,
Brazil,South American Coati,Q148462,0,1,2,species of mammal,Nasua nasua,Q16521,,South American coati
Brazil,Indigenous peoples of South America,Q1479328,0,1,2,pre-Columbian inhabitants of South America,"Indigenous people of South America|Amerindians of South America|South American Indians|Indigenous South Americans|Indians, South American",Q41710|Q851990|Q103817,Q36747|Q10374742,Indigenous peoples of South America
Brazil,South America,Q23639894,0,1,2,"artwork by Aimé Millet in Paris, France",,Q179700,,
Brazil,Latin America,Q12585,0,1,2,region of the Americas where Romance languages are primarily spoken,LatAm|Central and South America|Central & South America|Romance-speaking America|South and Central America,Q137186904|Q3502482,,Latin America
Brazil,Latin American Antiquity,Q6496198,0,1,2,academic journal,,Q737498|Q21834496,,Latin American Antiquity
Brazil,Latin America,Q139868100,0,1,2,,,Q571,,
Brazil,Latin American Spanish,Q56649449,0,1,2,dialects of Spanish spoken in Latin American countries,es-419|es_419|Latam Spanish|Spanish (Latin America)|ES-419|ES_419,Q33384,Q3058369,Latin American Spanish
Brazil,music of Latin America,Q727781,0,1,2,"collective term for the dances, rhythms and styles of music from Latin America",Latin American music|Latin America music|music in Latin America,Q75054287|Q188451,Q18345375|Q3328669,Music of Latin America
Brazil,Latin American literature,Q1147454,0,1,2,set of literary works from Latin America,literature of Latin America,Q109551565|Q11862829,,Latin American literature
Brazil,history of Latin America,Q2365406,0,1,2,history of the Latin American region,Latin American history|Latin America history,Q17524420|Q11862829,Q690256,History of Latin America
Brazil,Latin American studies,Q28617,0,1,2,academic discipline focused on the analysis of Latin American culture,Latinx studies,Q11862829|Q4671286,Q928786,Latin American studies
Brazil,Latin American Journal of Content and Language Integrated Learning,Q50806865,0,1,2,"Academic journal published by Universidad de La Sabana, covering the subjects: Education: Special aspects of education",LACLIL|Latin american jorunal of content and language integrated learning,Q737498|Q773668,,
Brazil,Latin American journal of aquatic research,Q27723975,0,1,2,journal,Lat Am J Aquat Res|LAJAR|Latin American Journal of Aquatic Research,Q5633421|Q737498|Q773668|Q108440863,,
Brazil,Rio de Janeiro,Q8678,0,1,2,"city of Rio de Janeiro state, Brazil",Rio de Janeiro city|Río de Janeiro City|City of Río de Janeiro,Q3184121|Q1549591|Q174844|Q257391|Q129268952,,Rio de Janeiro
Brazil,Rio de Janeiro,Q41428,0,1,2,state of Brazil,RJ|BR-RJ|State of Rio de Janeiro|Rio de Janeiro (state)|Rio de Janeiro State|Estado do Rio de Janeiro,Q485258,,Rio de Janeiro (state)
Brazil,HMS Agincourt,Q1193053,0,1,2,1913 dreadnought battleship,Rio de Janeiro|Sultan Osman-ı Evvel,Q847109,,HMS Agincourt (1913)
Brazil,Rio de Janeiro,Q28801401,0,1,2,"painting by Alessandro Ciccarelli, Pinacoteca do Estado de São Paulo",Rio de Janeiro (atribuído),Q3305213,,
Brazil,Río de Janeiro,Q3352487,0,1,2,Buenos Aires Metro station,Rio de Janeiro,Q928830|Q22808403,,Río de Janeiro (Buenos Aires Underground)
Brazil,2016 Summer Olympics,Q8613,0,1,2,"Games of the XXXI Olympiad, in Rio de Janeiro, Brazil",Rio de Janeiro 2016|Games of the XXXI Olympiad|Rio 2016|The Games of the XXXI Olympiad|Rio Olympics|2016 Summer Olympic Games|2016 Olympics|Rio de Janeiro Olympic Games,Q135976384|Q14547231,,2016 Summer Olympics
Brazil,Rio de Janeiro,Q53657911,0,1,2,constituency of the Chamber of Deputies of Brazil,,Q53657274,,
Brazil,Rio de Janeiro,Q135264437,0,1,2,Tony Hawk's Downhill Jam level,Rio,Q1046315,,
Brazil,Rio de Janeiro,Q138662002,0,1,2,"2025 luxury photography coffee table book by Assouline, written by Bruno Astuto",Rio de Janeiro (Assouline)|Rio de Janeiro by Bruno Astuto,Q3331189,,
Brazil,2016 Summer Paralympics,Q1142161,0,1,2,"multi-parasport event in Rio de Janeiro, Brazil",2016 Paralympics|2016 Rio Paralympics|Rio 2016 Paralympics|Summer Paralympics 2016|2016 Summer Paralympic Games|Rio de Janeiro 2016,Q3327913|Q114609228|Q167170,,2016 Summer Paralympics
Brazil,São Paulo,Q174,0,1,2,"largest city of Brazil, and capital of the State of São Paulo",City of São Paulo|Saint Paul|St. Paul|Sao Paulo,Q3184121|Q51929311|Q1549591|Q174844|Q515,,São Paulo
Brazil,São Paulo,Q175,0,1,2,state in the Southeast Region of Brazil,SP|State of São Paulo|São Paulo State|São Paulo (state),Q485258,,São Paulo (state)
Brazil,São Paulo,Q9561,0,1,2,1909 Minas Geraes-class battleship,,Q847109,,Brazilian battleship São Paulo
Brazil,São Paulo FC,Q38568,0,1,2,Brazilian professional football club,São Paulo Futebol Clube,Q476028,,São Paulo FC
Brazil,São Paulo,Q53657905,0,1,2,constituency of the Chamber of Deputies of Brazil,,Q53657274,,
Brazil,São Paulo,Q130734087,0,1,2,2024 single by the Weeknd and Anitta,,Q105543609,,São Paulo (song)
Brazil,São Paulo,Q124291998,0,1,2,composition by Chiquinha Gonzaga,,Q105543609,,
Brazil,Luanda,Q3897,0,1,2,capital of Angola,"São Paulo da Assunção de Loanda|Luanda, Angola|Loanda|Loanda, Angola|St Paul of Loanda|St Paul of Luanda|St. Paul of Loanda|St. Paul of Luanda|Saint Paul of Loanda|Saint Paul of Luanda|São Paulo de Loanda|Sao Paulo de Loanda|São Paulo, Angola|Sao Paulo, Angola",Q515|Q2264924|Q1549591|Q108178728,,Luanda
Brazil,São Paulo State University,Q1817137,0,1,2,public university in São Paulo,Universidade Estadual Paulista Júlio de Mesquita Filho|UNESP|Universidade Estadual Paulista Julio de Mesquita Filho|Universidade Estadual Paulista Júlio de Mesquita Filho (UNESP)|Universidade Estadual Paulista,Q875538|Q23002037|Q45400320|Q38723,,São Paulo State University
Brazil,São Paulo Museum of Art,Q82941,0,1,2,"art museum in São Paulo, Brazil",The São Paulo Museum of Art|Museu de Arte de São Paulo|MASP|Museu de Arte de São Paulo Assis Chateaubriand,Q207694|Q1329623,,São Paulo Museum of Art
Brazil,Amazon rainforest,Q177567,0,1,2,large rainforest in South America,Amazonas|Amazonian rainforest|Amazon rain forest|Amazonian rain forest|Amazon forest|Amazonia|Brazilian Amazon|Amazons,Q199403,,Amazon rainforest
Brazil,música popular brasileira,Q1046768,0,1,2,trend in post-bossa nova urban popular music in Brazil,MPB|musica popular brasileira|Brazilian pop,Q188451|Q28820001,Q899215,Música popular brasileira
Brazil,Brazilian federal deputy,Q20058725,0,1,2,member of the Chamber of Deputies of Brazil,deputy of Brazil|Brazilian deputy|Federal deputy,Q294414|Q17279032,Q1055894,Federal deputy
Brazil,Brazilian National Dam Safety Information System,Q62007231,0,1,2,Brazilian national database of information on dams,Sistema Nacional de Informações de Segurança de Barragens,Q121182|Q2352616,,
Brazil,Brazilian Socialist Party,Q2054789,0,1,2,political party in Brazil,PSB,Q7278,,Brazilian Socialist Party
Bory,Bory,Q37457039,1,0,1,family name,,Q101352,,
Bory,Jean-Baptiste Bory de Saint-Vincent,Q1345319,1,0,1,"French naturalist, geographer and officer (1778-1846)",Bory|Colonel Bory|Bory de Saint-Vincent|Jean Baptiste Bory de Saint-Vincent,Q5,,Jean-Baptiste Bory de Saint-Vincent
Bory,Boryeong,Q42098,1,0,1,"city in Chungcheongnam-do, South Korea",Boryeong City|Boryeong-si,Q29045252|Q1549591,,Boryeong
Bory,Bory,Q894301,1,0,1,village in Žďár nad Sázavou District of Vysočina region,,Q5153359,,Bory (Žďár nad Sázavou District)
Bory,Bory,Q45377422,1,0,1,"street in Řevnice, Czech Republic",,Q79007,,
Bory,Borys Szyc,Q2911384,1,0,1,Polish actor,Borys Michalak,Q5,,Borys Szyc
Bory,Borys Kit,Q24259209,1,0,1,writer at The Hollywood Reporter,,Q5,,
Bory,Borya,Q2911373,1,0,1,genus of plants,,Q16521,,Borya
Bory,Borys,Q20682286,1,0,1,male given name,,Q12308941,,
Bory,Bory,Q834916,1,0,1,municipality of Slovakia in Levice district,,Q6784672,,"Bory, Levice District"
Bory,Boryslav,Q157525,1,0,2,city of Ukraine,Borysław,Q5123999,,Boryslav
Bory,Borysław,Q121980788,1,0,2,male given name,,Q12308941,,
Bory,"Borysław, Łódź Voivodeship",Q4946892,1,0,2,"village in Łódź, Poland",Borysław,Q3558970,,"Borysław, Łódź Voivodeship"
Bory,Borysław Kozielski,Q64615010,1,0,2,"Polish podcaster, wikipedian",,Q5,,
Bory,Borysław Paulewicz,Q90648398,1,0,2,Polish psychologist,Borys Paulewicz,Q5,,
Bory,Boryslawski,Q121142772,1,0,2,family name,,Q101352,,
Bory,Borysławice Kościelne,Q4946895,1,0,2,"village in Greater Poland, Poland",,Q3558970,,Borysławice Kościelne
Bory,Borysławice,Q4946894,1,0,2,"village in Łódź Voivodeship, Poland",,Q3558970,,Borysławice
Bory,Borysławice Zamkowe,Q11688660,1,0,2,"village in Greater Poland, Poland",,Q3558970,,Borysławice Zamkowe
Bory,Borysławski,Q27987895,1,0,2,family name,,Q101352,,
Poland,Poland,Q36,1,1,1,country in Central Europe,Republic of Poland,Q3624078|Q6256|Q63791824|Q127693126,,Poland
Poland,Polish–Lithuanian Commonwealth,Q172107,1,1,1,historical multinational monarchist state in Eastern Europe (Crown of the Kingdom of Poland and the Grand Duchy of Lithuania),Republic of Both Nations|Commonwealth of Poland|First Republic of Poland|Poland|Poland–Lithuania|Polish-Lithuanian Commonwealth|Poland-Lithuania,Q3624078|Q3024240|Q1088391,,Polish–Lithuanian Commonwealth
Poland,Poland,Q7208891,1,1,1,family name,,Q101352,,Poland (surname)
Poland,Poland,Q63197748,1,1,1,badminton player,,Q5,,
Poland,Crown of the Kingdom of Poland,Q171348,1,1,1,1385–1795 territorial possessions of the King of Poland,Kingdom of Poland|Poland,Q3024240|Q1250464|Q5473816,,Crown of the Kingdom of Poland
Poland,Poland,Q60379511,1,1,1,1983 edition,,Q3331189,,
Poland,Gregory A. Poland,Q22096751,1,1,1,American physician and vaccinologist,Gregory A Poland|Gregory Poland|G. A. Poland|G A Poland|G. Poland|G Poland|Poland|Poland G|Poland G.|Poland G. A.|Poland GA,Q5,,Gregory Poland
Poland,Poland,Q7208888,1,1,1,constituency of the European Parliament,,Q2631496,,Poland (European Parliament constituency)
Poland,1939 Invasion of Poland,Q150812,1,1,1,"German, Soviet, and Slovak attack on and takeover of Poland that marked the start of World War II",Poland Campaign|Polish Campaign|1939 Defensive War|September Campaign|Invasion of Poland,Q645883|Q831663|Q467011,,Invasion of Poland
Poland,Poland men's national football team,Q166196,1,1,1,men's national association football team representing Poland,Poland national football team|Poland national association football team|Poland men's national association football team,Q135408445,Q1194951,Poland national football team
Poland,Republic of Poland: Financial Sector Assessment Program-Technical Note-Cooperative Banks and Credit Unions,Q127637412,1,1,2,scholarly article,,Q13442814,,
Poland,Republic of Poland: Technical Assistance Report - Building Forward Estimates and Standardizing the Chart of Accounts,Q130014422,1,1,2,scholarly article published in 2018,,Q13442814,,
Poland,Republic of Poland: Financial Sector Assessment Program-Technical Note-Insurance Sector Regulation and Supervision,Q127741936,1,1,2,scholarly article,,Q13442814,,
Poland,Republic of Poland: Financial Sector Assessment Program-Technical Note-Macroprudential Policy Framework,Q127751638,1,1,2,scholarly article,,Q13442814,,
Poland,Republic of Poland: Financial Sector Assessment Program-Technical Note-Stress Testing and Systemic Risk Analysis,Q127737267,1,1,2,scholarly article,,Q13442814,,
Poland,Republic of Poland--Review Under the Flexible Credit Line Arrangement-Staff Report; Press Release on the Executive Board Discussion; and Statement by the Executive Director for Republic of Poland: Review Under the Flexible Credit Line Arrangement-Sta,Q60043403,1,1,2,article,,Q13442814,,
Poland,Rzeczpospolita Polska,Q7385687,1,1,2,magazine,,Q1002697,,Rzeczpospolita Polska (magazine)
Poland,Rzeczpospolita,Q5153902,1,1,2,name of the Polish State,,Q1969448,,Rzeczpospolita
Poland,Rzeczpospolita,Q2178518,1,1,2,Wikimedia disambiguation page,Rzeczpospolita Polska,Q4167410,,Rzeczpospolita (disambiguation)
Poland,Rzeczpospolita Polska Oi!,Q131868568,1,1,2,,,Q215380,,
Poland,Polish Republic,Q454590,1,1,2,Wikimedia disambiguation page,,Q4167410,,Polish Republics
Hihifo,Hihifo,Q2563164,2,0,1,village in Tonga,,Q532,,Hihifo
Hihifo,Hihifo,Q3785577,2,0,1,Northern district of Wallis island,,Q149621,,Hihifo District
Hihifo,Hihifo,Q3785576,2,0,1,district of the Tonga island,,Q22671115,,
Hihifo,Hihifo,Q124446039,2,0,1,,,Q3257686,,
Hihifo,Hihifo Airport,Q182259,2,0,1,airport in Wallis and Futuna,WLS|NLWW|WALLIS-HIHIFO,Q1248784|Q94993988,,Hihifo Airport
Hihifo,Hihifo weather station,Q117883313,2,0,1,"weather station located in Wallis-et-Futuna, in France",,Q190107,,
Hihifo,Hihifo,Q71116881,2,0,1,Wikimedia disambiguation page,,Q4167410,,
Hihifo,French Polynesia,Q30971,2,0,2,French overseas country in the southern Pacific Ocean,pf|French Oceania|French Settlements in Oceania|French Establishments in Oceania|Territory of French Polynesia,Q719487|Q2327385|Q1451600,,French Polynesia
Hihifo,2020 COVID-19 pandemic in French Polynesia,Q87496121,2,0,2,viral outbreak in Polynésie française,"2020 coronavirus outbreak in Polynésie française|2020 French Polynesia COVID-19 pandemic|French Polynesia COVID-19 pandemic|2020 COVID pandemic in French Polynesia|2020 COVID-19 pandemic in French Polynesia, France|COVID-19 pandemic in French Polynesia, France",Q3241045,,COVID-19 pandemic in French Polynesia
Hihifo,French Polynesia's 1st constituency,Q3402094,2,0,2,constituency of the French Fifth Republic,,Q15620943,,French Polynesia's 1st constituency
Hihifo,flag of French Polynesia,Q232591,2,0,2,flag,French Polynesia flag,Q22807280,,Flag of French Polynesia
Hihifo,geography of French Polynesia,Q3123379,2,0,2,,French Polynesia geography,Q46865913,Q498466,Geography of French Polynesia
Hihifo,French Polynesia's 2nd constituency,Q3025222,2,0,2,constituency of the French Fifth Republic,,Q15620943,,French Polynesia's 2nd constituency
Hihifo,French Polynesians,Q110891836,2,0,2,residents of or people from French Polynesia,French Polynesian people,Q33829,Q121842|Q2065556|Q22947,
Hihifo,French Polynesian legislative election,Q25532583,2,0,2,,,Q107359024,Q2618461,
Hihifo,history of French Polynesia,Q3137113,2,0,2,,French Polynesia history,Q17524420,,History of French Polynesia
Hihifo,coat of arms of French Polynesia,Q927263,2,0,2,coat of arms,French Polynesia coat of arms,Q14659,,Coat of arms of French Polynesia
France,France,Q142,2,1,1,"country in Western Europe and other continents (through its overseas territories in America, Africa and Oceania)",French Republic,Q3624078|Q20181813|Q51576574|Q7270|Q6256,,France
France,France,Q3080569,2,1,1,unisex given name,France (first name)|France (given name),Q3409032|Q11879590|Q12308941,,
France,France,Q16275867,2,1,1,family name,,Q101352,,France (name)
France,Francesco,Q2268455,2,1,1,male given name,Francesco (first name)|Francesco (given name),Q12308941,,Francesco
France,France men's national association football team,Q47774,2,1,1,national association football team representing France,France national football team|France|France national soccer team|France national association football team|France men's national football team|Les Bleus,Q135408445,Q1194951,France national football team
France,Frances,Q1440778,2,1,1,female given name,,Q11879590,,Frances
France,French State,Q3591845,2,1,1,French public collective and all public authorities,France,Q7275,,
France,France,Q49644,2,1,1,1912 Courbet-class battleship,French battleship France,Q847109,,French battleship France
France,Francesca,Q2695945,2,1,1,female given name,Francesca (first name)|Francesca (given name),Q11879590,,Francesca
France,Petrarch,Q1401,2,1,1,Italian scholar and poet (1304-1374),Francesco Petrarca|Peetrarque|Petrarque|Francesco Peetrarque|Francesco Petrarch|Francis Petrarch,Q5,,Petrarch
France,French Third Republic,Q70802,2,1,2,nation of France from 1870 to 1940,La Troisième République|La IIIe République|La Troisieme Republique|La IIIe Republique|Third Republic of France|French Republic|Third French Republic,Q3024240|Q3624078|Q17152708,,French Third Republic
France,French First Republic,Q58296,2,1,2,"republic governing France, 1792–1804",First Republic|First French Republic|French Republic,Q3024240|Q3624078|Q17152708,,French First Republic
France,French Fifth Republic,Q200686,2,1,2,current system of government of France (1958–present),Fifth French Republic|Fifth Republic|5th Republic|5th French Republic|French 5th Republic|French Republic,Q17152708|Q3624078,,French Fifth Republic
France,French Republican calendar,Q181974,2,1,2,calendar,French Revolutionary calendar|FRC,Q17154131|Q5249171|Q126962934,,French Republican calendar
France,French Republican Party,Q3366676,2,1,2,French political party,Parti républicain français|Parti republicain français,Q7278|Q23702035,,Republican Party (France)
France,French Republicans under the Restoration,Q15974488,2,1,2,campaigned for the monarchy's abolition,,,,French Republicans under the Restoration
France,French Republicans under the July Monarchy,Q15974489,2,1,2,political event,,,,French Republicans under the July Monarchy
France,French Republicanism and the Emergence of Saigon’s Public Sphere,Q124751273,2,1,2,,,Q21481766,,
France,French Republican Calendar GNOME Shell extension,Q100718096,2,1,2,utility,,Q89104087,,
France,Republique Française,Q75403068,2,1,2,print in the National Gallery of Art (NGA 98018),,Q11060274,,
France,Republique Française,Q75403075,2,1,2,print in the National Gallery of Art (NGA 98020),,Q11060274,,
France,republic regime in France,Q17152708,2,1,2,overview of France as republic in history,,,Q5589178|Q1307214|Q7270,
France,Republique Française / carte d'Identité (French Republic / Identity Card),Q77260747,2,1,2,print in the National Gallery of Art (NGA 212111),,Q11060274,,
France,République française,Q106603980,2,1,2,,,Q860861,,
France,République française,Q106604605,2,1,2,sculpture by Anonyme,,Q860861,,
France,French ship République française,Q5502576,2,1,2,ship of the line of the French Navy,,Q11446,,French ship République française (1802)
France,République française,Q106611949,2,1,2,sculpture by Baudichon,,Q860861,,
Pedro Barros,Pedro Pita Barros,Q30072677,3,0,1,Portuguese economist and researcher,Pedro Barros,Q5,,
Pedro Barros,Pedro M Barros,Q59685436,3,0,1,researcher ORCID ID = 0000-0001-5626-0619,Pedro Barros,Q5,,
Pedro Barros,Pedro Barros,Q10347341,3,0,1,Brazilian skateboarder,,Q5,,Pedro Barros
Pedro Barros,Pedro H Barros,Q85358419,3,0,1,researcher,Pedro Barros,Q5,,
Pedro Barros,Pedro Barros,Q48878963,3,0,1,,,Q3624938,,
Pedro Barros,Pedro Barros,Q140013107,3,0,1,"school in Miracatu, São Paulo, Brazil",,Q3914,,
Pedro Barros,Pedro Barroso,Q10347343,3,0,1,Portuguese composer (1950-2020),,Q5,,
Pedro Barros,Pedro Barros Silva,Q109983090,3,0,1,person identified in the Museu da Pessoa collection,,Q5,,
Pedro Barros,Pedro Barroso,Q10347342,3,0,1,Portuguese actor,,Q5,,
Pedro Barros,Pedro Barroso,Q84567107,3,0,1,,,Q5,,
Brazil,Brazil,Q155,3,1,1,country in South America,Federative Republic of Brazil,Q3624078|Q859563|Q6256,,Brazil
Brazil,Brazil,Q16860380,3,1,1,family name,,Q101352,,Brazil (surname)
Brazil,Brazil,Q25094860,3,1,1,1975 debut studio album by The Ritchie Family,Brazil...,Q482994,,Brazil (The Ritchie Family album)
Brazil,Brazilian Portuguese,Q750553,3,1,1,set of varieties of the Portuguese language spoken in Brazil,Português brasileiro|Brazilian|Português do Brasil|Portugues brasileiro|Portugues do Brasil|Portuguese (Brazil),Q33384,Q5146,Brazilian Portuguese
Brazil,Brazil,Q96336868,3,1,1,vocal track by Frank Sinatra; 1957 studio recording; cover version,,Q55850593,,
Brazil,Brazil,Q96336800,3,1,1,vocal track by The Ritchie Family; 1975 studio recording; cover version,,Q55850593,,
Brazil,Brazilian Journal of Medical and Biological Research,Q2025772,3,1,1,scientific journal,,Q5633421|Q773668|Q737498|Q16024164,,Brazilian Journal of Medical and Biological Research
Brazil,Brazil,Q1998364,3,1,1,"city in Clay County, Indiana, United States","Brazil, Indiana|Brazil, IN",Q1093829,,"Brazil, Indiana"
Brazil,Brazilian Social Democracy Party,Q1322897,3,1,1,political party in Brazil,PSDB|Partido da Social Democracia Brasileira,Q7278,,Brazilian Social Democracy Party
Brazil,Brazilian Advisory Rating System,Q26323090,3,1,1,Content Rating System in Brazil,BARS|ClassInd|DJCTQ,Q14775294|Q3232092|Q1062352|Q130735522,,Brazilian advisory rating system
Brazil,South America,Q18,3,1,2,continent located mainly in the southwestern quadrant of the Earth,S. America|South American continent|S America,Q5107|Q855697|Q15042037|Q2418896,,South America
Brazil,Saimiri sciureus,Q476930,3,1,2,species of mammal,South American squirrel monkey|Common squirrel monkey,Q16521,,Guianan squirrel monkey
Brazil,paracoccidioidomycosis,Q247096,3,1,2,"primary systemic mycosis that results in systemic fungal infection located in mucosa, located in lymph nodes, located in bone, located in skin or located in lungs, has material basis in Paracoccidioides brasiliensis","Mucocutaneous-lymphangitic paracoccidioidomycosis|Mucocutaneous-lymphangitic paracoccidioidomycosis (disorder)|Paracoccidioidomycosis (disorder)|Paracoccidioidomycosis NOS (disorder)|Paracoccidioidomycosis, unspecified (disorder)|paracoccidioidal mycosis|Paracoccidioidomycosis|PCM|Lobo disease|South american blastomycosis|Paracoccidioidal granuloma|Lutz-Splendore-Almeida disease|Paracoccidiomycosis",Q112193867,Q18553244|Q4941552|Q18558262|Q3392853|Q876887|Q464067|Q18123741,Paracoccidioidomycosis
Brazil,Crotalus durissus,Q854864,3,1,2,species of reptile,South American rattlesnake|tropical rattlesnake,Q16521,,Crotalus durissus
Brazil,South America,Q99290067,3,1,2,continent of South America as depicted in Star Trek,Star Trek South America,Q17199338|Q15796005,,
Brazil,South American Journal of Herpetology,Q21385774,3,1,2,journal,ISSN 1808-9798,Q5633421,,
Brazil,South America,Q20201199,3,1,2,painting by John Wesley,,Q3305213,,
Brazil,South American Coati,Q148462,3,1,2,species of mammal,Nasua nasua,Q16521,,South American coati
Brazil,Indigenous peoples of South America,Q1479328,3,1,2,pre-Columbian inhabitants of South America,"Indigenous people of South America|Amerindians of South America|South American Indians|Indigenous South Americans|Indians, South American",Q41710|Q851990|Q103817,Q36747|Q10374742,Indigenous peoples of South America
Brazil,South America,Q23639894,3,1,2,"artwork by Aimé Millet in Paris, France",,Q179700,,
Machanga,Machángara River,Q11703417,4,0,1,river in Azuay Province in Ecuador,Río Machángara,Q4022,,Machángara River
Machanga,Machanga,Q5988779,4,0,1,town and district in Mozambique,,Q3957,,
Machanga,Machanga,Q35433591,4,0,1,"stream in Maputo Province, Mozambique",,Q47521,,
Machanga,Machanga District,Q10322768,4,0,1,"district in Sofala, Mozambique",,Q2068214,,Machanga District
Machanga,Machángara,Q13190000,4,0,1,,,Q2579179,,
Machanga,Machanga,Q23961447,4,0,1,stream in Ethiopia,,Q4022,,
Machanga,Gazankulu,Q1348750,4,0,1,former bantustan in South Africa,,Q18669740,,Gazankulu
Machanga,Machangana,Q65454631,4,0,1,,,,,
Machanga,Machanga,Q29437139,4,0,1,Wikimedia disambiguation page,,Q4167410,,
Mozambique,Mozambique,Q1029,4,1,1,country in Southeastern Africa; the current form of Mozambique since 1975,Moçambique|República de Moçambique|mz|Republic of Mozambique,Q7270|Q3624078|Q6256,,Mozambique
Mozambique,Portuguese Mozambique,Q889394,4,1,1,1498–1975 Portuguese possession in East Africa,Portuguese East Africa|África Oriental Portuguesa|State of East Africa|Overseas Province of Mozambique|Africa Oriental Portuguesa|Mozambique,Q133156|Q333542|Q11514315|Q333542|Q200464,,Portuguese Mozambique
Mozambique,Mozambique,Q139808514,4,1,1,,,Q571,,
Mozambique,FRELIMO,Q504564,4,1,1,ruling party of Mozambique since 1977,Mozambique Liberation Front|Liberation Front of Mozambique|Mozambican Liberation Front|(Partido Frelimo),Q7278,,FRELIMO
Mozambique,Oreochromis mossambicus,Q1348685,4,1,1,species of fish,Mozambique tilapia|black tilapia,Q16521,,Mozambique tilapia
Mozambique,Mozambique,Q5793520,4,1,1,song by Bob Dylan,,Q134556,,Mozambique (song)
Mozambique,Mozambique Channel,Q165100,4,1,1,arm of the Indian Ocean located between the Southeast African countries of Madagascar and Mozambique,,Q37901,,Mozambique Channel
Mozambique,Mozambique,Q114479073,4,1,1,episode of Southland (S1 E2),,Q21191270,,
Mozambique,Mozambique,Q2720293,4,1,1,"style of vigorous music, developed by Pello el Afrokan (Pedro Izquierdo) in Cuba in 1963, and subsequently adapted by Eddie Palmieri in New York in the 1960s in a quite different form",,Q188451,Q1544863,Mozambique (music)
Mozambique,Mozambique,Q12126300,4,1,1,1965 film by Robert Lynn,,Q11424,,Mozambique (film)
Mozambique,Republic of Mozambique: 2017 Article IV Consultation-Press Release; Staff Report; and Statement by the Executive Director for the Republic of Mozambique,Q130058937,4,1,2,scholarly article published in 2018,,Q13442814,,
Mozambique,Republic of Mozambique: Selected Issues,Q130074636,4,1,2,scholarly article published in 2018,,Q13442814,,
Lodi District,Lodi District,Q96572878,5,0,1,,,Q149621,,
Lodi District,Lodi District,Q96573007,5,0,1,Wikimedia disambiguation page,,Q4167410,,
Lodi District,Kingdom of Italy,Q172579,5,0,2,kingdom in Southern Europe from 1861 to 1946,Regno d’Italia|Italy,Q3624078|Q3024240|Q20181813,,Kingdom of Italy
Lodi District,Kingdom of Italy,Q223936,5,0,2,kingdom in southern Europe between 1805 and 1814,Regno d'Italia|Royaume d’Italie|Napoleonic Kingdom of Italy|Italian Kingdom|Italy,Q3024240|Q26879763,,Kingdom of Italy (Napoleonic)
Lodi District,Kingdom of Italy,Q838931,5,0,2,(962 – 1801) constituent kingdom of the Holy Roman Empire,Regnum Italiae|Regnum Italicum|Italian Kingdom|Italy|Regnum Italicorum,Q3024240|Q26830017,,Kingdom of Italy (Holy Roman Empire)
Lodi District,Kingdom of Italy,Q5343710,5,0,2,kingdom in Southern Europe between 781 and 962,Regnum Italicum|Italian Kingdom|Regno d'Italia|Italy,Q1250464|Q3024240,,
Lodi District,Kingdom of Italy,Q3755547,5,0,2,kingdom in Southern Europe between 476 and 493,Regnum italicum|Kingdom of Italy (476–493)|Kingdom of Odoacer|Regnum Italiae,Q1250464|Q1371288|Q3024240|Q82794,,Kingdom of Odoacer
Lodi District,Kingdom of Italy,Q2643575,5,0,2,name of several monarchies which existed in Italy,,Q309|Q3024240,,
Lodi District,Government of the Kingdom of Italy,Q37953779,5,0,2,government of the Kingdom of Italy (1861-1946),the Kingdom of Italy government|Kingdom of Italy government,Q7188,Q7188,
Lodi District,Fascist Italy,Q48742118,5,0,2,kingdom of Italy under Fascist rule (31st October 1922 – 25th July 1943),Kingdom of Italy under Fascism,Q3024240,,Fascist Italy
Lodi District,Kingdom of the Lombards,Q854415,5,0,2,"Germanic successor state to the Western Roman Empire established by the Lombards, a Germanic people, on the Italian Peninsula (568–774)",Regnum Langobardorum|Lombard Kingdom,Q3024240|Q417175|Q5402094,,Kingdom of the Lombards
Lodi District,flag of the Kingdom of Italy (1805-1814),Q11698203,5,0,2,flag of the former napoleonic kingdom of Italy,the Kingdom of Italy (1805-1814) flag|Kingdom of Italy (1805-1814) flag|the Kingdom of Italy flag (1805-1814),Q186516,,
Lodi District,Province of Lodi,Q16201,5,0,2,province in the Lombardy region of Italy,Lodi province|provincia di Lodi,Q15089,,Province of Lodi
Lodi District,province of Lodi,Q115729497,5,0,2,Wikimedia disambiguation page,Lodi Province,Q4167410,,
Lodi District,Lodi city walls,Q63727088,5,0,2,,,Q57346,,
Kingdom of Italy,Kingdom of Italy,Q172579,5,1,1,kingdom in Southern Europe from 1861 to 1946,Regno d’Italia|Italy,Q3624078|Q3024240|Q20181813,,Kingdom of Italy
Kingdom of Italy,Kingdom of Italy,Q223936,5,1,1,kingdom in southern Europe between 1805 and 1814,Regno d'Italia|Royaume d’Italie|Napoleonic Kingdom of Italy|Italian Kingdom|Italy,Q3024240|Q26879763,,Kingdom of Italy (Napoleonic)
Kingdom of Italy,Kingdom of Italy,Q838931,5,1,1,(962 – 1801) constituent kingdom of the Holy Roman Empire,Regnum Italiae|Regnum Italicum|Italian Kingdom|Italy|Regnum Italicorum,Q3024240|Q26830017,,Kingdom of Italy (Holy Roman Empire)
Kingdom of Italy,Kingdom of Italy,Q5343710,5,1,1,kingdom in Southern Europe between 781 and 962,Regnum Italicum|Italian Kingdom|Regno d'Italia|Italy,Q1250464|Q3024240,,
Kingdom of Italy,Kingdom of Italy,Q3755547,5,1,1,kingdom in Southern Europe between 476 and 493,Regnum italicum|Kingdom of Italy (476–493)|Kingdom of Odoacer|Regnum Italiae,Q1250464|Q1371288|Q3024240|Q82794,,Kingdom of Odoacer
Kingdom of Italy,Kingdom of Italy,Q2643575,5,1,1,name of several monarchies which existed in Italy,,Q309|Q3024240,,
Kingdom of Italy,Government of the Kingdom of Italy,Q37953779,5,1,1,government of the Kingdom of Italy (1861-1946),the Kingdom of Italy government|Kingdom of Italy government,Q7188,Q7188,
Kingdom of Italy,Fascist Italy,Q48742118,5,1,1,kingdom of Italy under Fascist rule (31st October 1922 – 25th July 1943),Kingdom of Italy under Fascism,Q3024240,,Fascist Italy
Kingdom of Italy,Kingdom of the Lombards,Q854415,5,1,1,"Germanic successor state to the Western Roman Empire established by the Lombards, a Germanic people, on the Italian Peninsula (568–774)",Regnum Langobardorum|Lombard Kingdom,Q3024240|Q417175|Q5402094,,Kingdom of the Lombards
Kingdom of Italy,flag of the Kingdom of Italy (1805-1814),Q11698203,5,1,1,flag of the former napoleonic kingdom of Italy,the Kingdom of Italy (1805-1814) flag|Kingdom of Italy (1805-1814) flag|the Kingdom of Italy flag (1805-1814),Q186516,,
Kingdom of Italy,Italy,Q38,5,1,2,country in southern Europe,Italian Republic|Republic of Italy,Q6256|Q3624078|Q619610|Q179164|Q7270|Q51576574,,Italy
Kingdom of Italy,Italy,Q105415085,5,1,2,Counter-Strike map,cs_italy,Q87906572,,
Kingdom of Italy,Italian Peninsula,Q145694,5,1,2,peninsula of southern Europe,Apennine Peninsula|Italy|Italic Peninsula|penisola italica|lo Stivale|península Itálica,Q34763,,Italian Peninsula
Kingdom of Italy,Italy men's national association football team,Q676899,5,1,2,men's national association football team representing Italy,Italy national football team|The Azzurri|Italy national team|Italian national team|Italy NT|Italian NT|Team of Italy|Italy men's national football team|Italy national association football team,Q135408445,Q1194951,Italy national football team
Kingdom of Italy,Italy,Q140228534,5,1,2,,,Q1980247,,
Kingdom of Italy,Italy,Q66477411,5,1,2,constituency of the European Parliament,,Q2631496,,
Kingdom of Italy,Italy national under-21 football team,Q922698,5,1,2,national under-21 association football team representing Italy,Nazionale di calcio dell'Italia Under-21|Italy U21,Q135408445,Q1194951,Italy national under-21 football team
Blackley,Blackley,Q47169516,6,0,1,family name,,Q101352,,Blackley (surname)
Blackley,Blackley,Q4923090,6,0,1,"area of the city of Manchester, England",,Q188509|Q1115575,,Blackley
Blackley,Blackley,Q113128147,6,0,1,given name,,Q202444,,
Blackley,"Blackley, William Lewery (DNB12)",Q19078917,6,0,1,entry in Dictionary of National Biography,,Q19389637,,
Blackley,Blackley and Broughton,Q3137325,6,0,1,"Parliamentary constituency in the United Kingdom, 2010-2024",Blackley & Broughton,Q27971968,,Blackley and Broughton
Blackley,Blackley,Q4923089,6,0,1,"hamlet in West Yorkshire, England, UK",,Q532,,"Blackley, West Yorkshire"
Blackley,Blackley,Q140246096,6,0,1,ward in England,,Q56061,,Blackley (ward)
Blackley,Blackley Cemetery,Q4923088,6,0,1,"cemetery in Manchester, England",,Q39614,,Blackley Cemetery
Blackley,Blackley and Middleton South,Q124217086,6,0,1,"Parliamentary constituency in the United Kingdom, 2024 onwards",,Q27971968,,Blackley and Middleton South
Blackley,Blackley War Memorial,Q26503159,6,0,1,"war memorial in Manchester, Greater Manchester, England, UK",,Q575759,,
United Kingdom,United Kingdom,Q145,6,1,1,island country in north-west Europe,United Kingdom of Great Britain and Northern Ireland|U K|G B|Great Britain|Great Britain and Northern Ireland|the United Kingdom of Great Britain and Northern Ireland|the UK|the United Kingdom,Q3624078|Q6256|Q20181813|Q112099,,United Kingdom
United Kingdom,United Kingdom of Great Britain and Ireland,Q174193,6,1,1,historical sovereign state (1801–1922),United Kingdom|UKGBI|Great Britain and Ireland,Q3624078|Q3024240|Q20181813|Q6256,,United Kingdom of Great Britain and Ireland
United Kingdom,Government of the United Kingdom,Q6063,6,1,1,central government of the United Kingdom of Great Britain and Northern Ireland,UK Government|His Majesty's Government|British Government|HM Government|United Kingdom Government|Her Majesty's Government|HMG,Q1320217|Q10926884|Q16334295,Q7188,Government of the United Kingdom
United Kingdom,United Kingdom,Q7887906,6,1,1,album by Manny Montes,,Q482994,,
United Kingdom,British English,Q7979,6,1,1,forms of the English language used in Britain,English (United Kingdom)|United Kingdom English|UK English|BrE|BE|Commonwealth English|Oxford English,Q951873|Q455374,Q138349272,British English
United Kingdom,Kingdom of Great Britain,Q161885,6,1,1,constitutional monarchy in Western Europe (1707–1800),United Kingdom of Great Britain|UKGB|UK|GB|Great Britain,Q3624078|Q417175|Q3024240|Q6256,,Kingdom of Great Britain
United Kingdom,Parliament of the United Kingdom,Q11010,6,1,1,supreme legislative body of the United Kingdom,Parliament of the United Kingdom of Great Britain and Northern Ireland|British Parliament|UK Parliament|United Kingdom Parliament|Parliament of Britain|British legislature|U.K. Parliament|Westminster|Parliament|Parliament of the UK,Q35749|Q189445,,Parliament of the United Kingdom
United Kingdom,United Kingdom,Q108280869,6,1,1,1989 studio album by American Music Club,,Q482994,,United Kingdom (album)
United Kingdom,Conservative Party,Q9626,6,1,1,centre-right to right-wing political party in the United Kingdom,Tories|Conservative and Unionist Party|Conservatives|UK Conservative Party|United Kingdom Conservative Party|Tory Party|Conservative Party (Great Britain) -- Elections|Conservative Party (Great Britain) -- Records and correspondence|British Conservative Party|Conservative Party (UK),Q7278,,Conservative Party (UK)
United Kingdom,Public General Act of the Parliament of the United Kingdom,Q105774620,6,1,1,"Act of Parliament that is part of the series of Public General Acts, passed via the public bill procedure or the hybrid procedure, generally applying to the public at large",Public General Act of Parliament of the United Kingdom|United Kingdom Public General Act of Parliament|Public General Act of the United Kingdom Parliament|UK Public General Act of Parliament,Q110430875,Q4677783|Q740464,
United Kingdom,Great Britain,Q23666,6,1,2,island in the North Atlantic Ocean off the northwest coast of continental Europe,Gt. Brit|GB|Blighty|Albion|Britannia|GBR|mainland Britain|Britain,Q23442,,Great Britain
United Kingdom,National Portrait Gallery,Q238587,6,1,2,"art museum in London, England, United Kingdom",National Portrait Gallery (London),Q207694|Q17431399|Q3343298,,"National Portrait Gallery, London"
United Kingdom,House of Commons,Q11005,6,1,2,lower house in the Parliament of the United Kingdom,British House of Commons|United Kingdom House of Commons|UK House of Commons|The Honourable the Commons of the United Kingdom of Great Britain and Northern Ireland in Parliament assembled|The Commons|Great Britain. Parliament. House of Commons -- Biography|Great Britain. Parliament -- Elections|Great Britain. Parliament -- Records and correspondence|MP,Q9247597,,House of Commons of the United Kingdom
United Kingdom,Guernsey,Q25230,6,1,2,one of the British Crown Dependencies in the Channel Islands,GB-GSY|Bailliage de Guernesey|XA-GG|GBG|Great Britain Guernsey|Lisia|gg|Giernési|Bailliage dé Guernési|Bailiwick of Guernsey,Q185086|Q4996207,,Bailiwick of Guernsey
United Kingdom,Great Britain,Q138527639,6,1,2,1875 chapter,,Q1980247,,
United Kingdom,National Health Service,Q918396,6,1,2,publicly-funded healthcare systems in the United Kingdom,NHS|Great Britain National Health Service|N.H.S.,Q28821169|Q121182|Q210588,,National Health Service
United Kingdom,Great Britain,Q749109,6,1,2,"sport delegation at the Olympics and Paralympics, grouping the United Kingdom, its overseas territories and the Crown dependancies",Great Britain and Northern Ireland Olympic Team|Team GB|GBR,Q26213387,,Great Britain at the Olympics
United Kingdom,British Isles,Q38272,6,1,2,group of islands in northwest Europe,Britain and Ireland|Atlantic Archipelago|Great Britain and Ireland|the Britains|The Isles|British Islands,Q33837|Q1402592,,British Isles
United Kingdom,British Isles,Q105970369,6,1,2,"map by George Lily, 1546",Britanniae insulae quae nunc Angliae et Scotia regna continent cum Hibernia adiacente nova descriptio,Q4006|Q25106976,,
United Kingdom,British Isles team,Q919609,6,1,2,national sports team at the International Lawn Tennis Challenge (later Davis Cup),British Isles Davis Cup team,Q66817758,,
United Kingdom,British Isles Congenital Cataract Interest Group,Q114429437,6,1,2,researcher,,Q1241025,,
United Kingdom,climate of the British Isles,Q3680726,6,1,2,Inglese,the British Isles climate|British Isles climate,Q46997958,,Climate of the British Isles
United Kingdom,British Isles fixed sea link connections,Q1672812,6,1,2,proposed Great Britain-Ireland tunnels or bridges,Irish Sea fixed crossing,Q27464969,,Proposed British Isles fixed sea link connections
United Kingdom,rugby union in the British Isles,Q7378499,6,1,2,,British Isles rugby union,Q29791211,,Rugby union in the British Isles
United Kingdom,Triple Crown Tournament,Q5198008,6,1,2,cricket competition from 1993 to 2001,British Isles Championship,Q13406554,,Triple Crown Tournament
United Kingdom,British Isles – A Natural History,Q4970173,6,1,2,documentary TV series,,Q5398426,,British Isles – A Natural History
United Kingdom,British Isles Terminology task force,Q21829010,6,1,2,Wikimedia subject-area collaboration,WikiProject British Isles Terminology|Wikipedia:British Isles Terminology task force|British Isles Terminology task force,Q110059964,,Wikipedia:British Isles Terminology task force
Macucos,Macucos,Q10322854,7,0,1,,,Q215380,,
Macucos,Macucos,Q48878695,7,0,1,,,Q3624938,,
Macucos,Brazil,Q155,7,0,2,country in South America,Federative Republic of Brazil,Q3624078|Q859563|Q6256,,Brazil
Macucos,Brazil,Q16860380,7,0,2,family name,,Q101352,,Brazil (surname)
Macucos,Brazil,Q25094860,7,0,2,1975 debut studio album by The Ritchie Family,Brazil...,Q482994,,Brazil (The Ritchie Family album)
Macucos,Brazilian Portuguese,Q750553,7,0,2,set of varieties of the Portuguese language spoken in Brazil,Português brasileiro|Brazilian|Português do Brasil|Portugues brasileiro|Portugues do Brasil|Portuguese (Brazil),Q33384,Q5146,Brazilian Portuguese
Macucos,Brazil,Q96336868,7,0,2,vocal track by Frank Sinatra; 1957 studio recording; cover version,,Q55850593,,
Macucos,Brazil,Q96336800,7,0,2,vocal track by The Ritchie Family; 1975 studio recording; cover version,,Q55850593,,
Macucos,Brazilian Journal of Medical and Biological Research,Q2025772,7,0,2,scientific journal,,Q5633421|Q773668|Q737498|Q16024164,,Brazilian Journal of Medical and Biological Research
Macucos,Brazil,Q1998364,7,0,2,"city in Clay County, Indiana, United States","Brazil, Indiana|Brazil, IN",Q1093829,,"Brazil, Indiana"
Macucos,Brazilian Social Democracy Party,Q1322897,7,0,2,political party in Brazil,PSDB|Partido da Social Democracia Brasileira,Q7278,,Brazilian Social Democracy Party
Macucos,Brazilian Advisory Rating System,Q26323090,7,0,2,Content Rating System in Brazil,BARS|ClassInd|DJCTQ,Q14775294|Q3232092|Q1062352|Q130735522,,Brazilian advisory rating system
Brazil,Brazil,Q155,7,1,1,country in South America,Federative Republic of Brazil,Q3624078|Q859563|Q6256,,Brazil
Brazil,Brazil,Q16860380,7,1,1,family name,,Q101352,,Brazil (surname)
Brazil,Brazil,Q25094860,7,1,1,1975 debut studio album by The Ritchie Family,Brazil...,Q482994,,Brazil (The Ritchie Family album)
Brazil,Brazilian Portuguese,Q750553,7,1,1,set of varieties of the Portuguese language spoken in Brazil,Português brasileiro|Brazilian|Português do Brasil|Portugues brasileiro|Portugues do Brasil|Portuguese (Brazil),Q33384,Q5146,Brazilian Portuguese
Brazil,Brazil,Q96336868,7,1,1,vocal track by Frank Sinatra; 1957 studio recording; cover version,,Q55850593,,
Brazil,Brazil,Q96336800,7,1,1,vocal track by The Ritchie Family; 1975 studio recording; cover version,,Q55850593,,
Brazil,Brazilian Journal of Medical and Biological Research,Q2025772,7,1,1,scientific journal,,Q5633421|Q773668|Q737498|Q16024164,,Brazilian Journal of Medical and Biological Research
Brazil,Brazil,Q1998364,7,1,1,"city in Clay County, Indiana, United States","Brazil, Indiana|Brazil, IN",Q1093829,,"Brazil, Indiana"
Brazil,Brazilian Social Democracy Party,Q1322897,7,1,1,political party in Brazil,PSDB|Partido da Social Democracia Brasileira,Q7278,,Brazilian Social Democracy Party
Brazil,Brazilian Advisory Rating System,Q26323090,7,1,1,Content Rating System in Brazil,BARS|ClassInd|DJCTQ,Q14775294|Q3232092|Q1062352|Q130735522,,Brazilian advisory rating system
Brazil,South America,Q18,7,1,2,continent located mainly in the southwestern quadrant of the Earth,S. America|South American continent|S America,Q5107|Q855697|Q15042037|Q2418896,,South America
Brazil,Saimiri sciureus,Q476930,7,1,2,species of mammal,South American squirrel monkey|Common squirrel monkey,Q16521,,Guianan squirrel monkey
Brazil,paracoccidioidomycosis,Q247096,7,1,2,"primary systemic mycosis that results in systemic fungal infection located in mucosa, located in lymph nodes, located in bone, located in skin or located in lungs, has material basis in Paracoccidioides brasiliensis","Mucocutaneous-lymphangitic paracoccidioidomycosis|Mucocutaneous-lymphangitic paracoccidioidomycosis (disorder)|Paracoccidioidomycosis (disorder)|Paracoccidioidomycosis NOS (disorder)|Paracoccidioidomycosis, unspecified (disorder)|paracoccidioidal mycosis|Paracoccidioidomycosis|PCM|Lobo disease|South american blastomycosis|Paracoccidioidal granuloma|Lutz-Splendore-Almeida disease|Paracoccidiomycosis",Q112193867,Q18553244|Q4941552|Q18558262|Q3392853|Q876887|Q464067|Q18123741,Paracoccidioidomycosis
Brazil,Crotalus durissus,Q854864,7,1,2,species of reptile,South American rattlesnake|tropical rattlesnake,Q16521,,Crotalus durissus
Brazil,South America,Q99290067,7,1,2,continent of South America as depicted in Star Trek,Star Trek South America,Q17199338|Q15796005,,
Brazil,South American Journal of Herpetology,Q21385774,7,1,2,journal,ISSN 1808-9798,Q5633421,,
Brazil,South America,Q20201199,7,1,2,painting by John Wesley,,Q3305213,,
Brazil,South American Coati,Q148462,7,1,2,species of mammal,Nasua nasua,Q16521,,South American coati
Brazil,Indigenous peoples of South America,Q1479328,7,1,2,pre-Columbian inhabitants of South America,"Indigenous people of South America|Amerindians of South America|South American Indians|Indigenous South Americans|Indians, South American",Q41710|Q851990|Q103817,Q36747|Q10374742,Indigenous peoples of South America
Brazil,South America,Q23639894,7,1,2,"artwork by Aimé Millet in Paris, France",,Q179700,,
Swinton,Swinton,Q16884115,8,0,1,family name,,Q101352,,Swinton (surname)
Swinton,Swinton,Q2379443,8,0,1,"village and civil parish near Malton, North Yorkshire, England, UK","Swinton, North Yorkshire|Swinton, Ryedale",Q532|Q1115575,,"Swinton, Ryedale"
Swinton,Swinton,Q113128054,8,0,1,given name,,Q202444,,Swinton (given name)
Swinton,Swinton,Q2575363,8,0,1,"town within the City of Salford, in Greater Manchester, England",,Q3957,,"Swinton, Greater Manchester"
Swinton,Swinton,Q68816614,8,0,1,"Scottish parish in Scottish Borders, Scotland, UK",,Q5124673,,
Swinton,Swinton,Q7658777,8,0,1,"village in Scottish Borders, Scotland, UK",,Q532,,"Swinton, Scottish Borders"
Swinton,Swinton,Q1617245,8,0,1,"town in South Yorkshire, England","Swinton, South Yorkshire",Q3957|Q7897276,,"Swinton, South Yorkshire"
Swinton,James Rannie Swinton,Q6141855,8,0,1,Scottish portrait artist (1816-1888),James Swinton|J. Swinton|Swinton,Q5,,James Rannie Swinton
Swinton,Swintonia,Q2708664,8,0,1,genus of plants,,Q16521,,Swintonia
Swinton,Swinton with Warthermarske,Q19816804,8,0,1,"civil parish in North Yorkshire, England, UK",,Q1115575,,Swinton with Warthermarske
United Kingdom,United Kingdom,Q145,8,1,1,island country in north-west Europe,United Kingdom of Great Britain and Northern Ireland|U K|G B|Great Britain|Great Britain and Northern Ireland|the United Kingdom of Great Britain and Northern Ireland|the UK|the United Kingdom,Q3624078|Q6256|Q20181813|Q112099,,United Kingdom
United Kingdom,United Kingdom of Great Britain and Ireland,Q174193,8,1,1,historical sovereign state (1801–1922),United Kingdom|UKGBI|Great Britain and Ireland,Q3624078|Q3024240|Q20181813|Q6256,,United Kingdom of Great Britain and Ireland
United Kingdom,Government of the United Kingdom,Q6063,8,1,1,central government of the United Kingdom of Great Britain and Northern Ireland,UK Government|His Majesty's Government|British Government|HM Government|United Kingdom Government|Her Majesty's Government|HMG,Q1320217|Q10926884|Q16334295,Q7188,Government of the United Kingdom
United Kingdom,United Kingdom,Q7887906,8,1,1,album by Manny Montes,,Q482994,,
United Kingdom,British English,Q7979,8,1,1,forms of the English language used in Britain,English (United Kingdom)|United Kingdom English|UK English|BrE|BE|Commonwealth English|Oxford English,Q951873|Q455374,Q138349272,British English
United Kingdom,Kingdom of Great Britain,Q161885,8,1,1,constitutional monarchy in Western Europe (1707–1800),United Kingdom of Great Britain|UKGB|UK|GB|Great Britain,Q3624078|Q417175|Q3024240|Q6256,,Kingdom of Great Britain
United Kingdom,Parliament of the United Kingdom,Q11010,8,1,1,supreme legislative body of the United Kingdom,Parliament of the United Kingdom of Great Britain and Northern Ireland|British Parliament|UK Parliament|United Kingdom Parliament|Parliament of Britain|British legislature|U.K. Parliament|Westminster|Parliament|Parliament of the UK,Q35749|Q189445,,Parliament of the United Kingdom
United Kingdom,United Kingdom,Q108280869,8,1,1,1989 studio album by American Music Club,,Q482994,,United Kingdom (album)
United Kingdom,Conservative Party,Q9626,8,1,1,centre-right to right-wing political party in the United Kingdom,Tories|Conservative and Unionist Party|Conservatives|UK Conservative Party|United Kingdom Conservative Party|Tory Party|Conservative Party (Great Britain) -- Elections|Conservative Party (Great Britain) -- Records and correspondence|British Conservative Party|Conservative Party (UK),Q7278,,Conservative Party (UK)
United Kingdom,Public General Act of the Parliament of the United Kingdom,Q105774620,8,1,1,"Act of Parliament that is part of the series of Public General Acts, passed via the public bill procedure or the hybrid procedure, generally applying to the public at large",Public General Act of Parliament of the United Kingdom|United Kingdom Public General Act of Parliament|Public General Act of the United Kingdom Parliament|UK Public General Act of Parliament,Q110430875,Q4677783|Q740464,
United Kingdom,Ukrainian,Q8798,8,1,2,East Slavic language,Ukrainian language|Ukrainska,Q33742|Q1288568,Q144713,Ukrainian language
United Kingdom,Europe PubMed Central,Q5412157,8,1,2,database of biomedical research,HielohitooEurope PMC|UKPMhC|Arsingoli,Q1789476|Q1916557|Q4117139|Q7096323,,Europe PubMed Central
United Kingdom,Ukraine,Q212,8,1,2,country in Eastern Europe,Ukrainia|Ukr.|Ukraina|Ukraïna,Q3624078|Q6256|Q179164|Q7270|Q619610|Q4209223|Q4835091,,Ukraine
United Kingdom,Ukrainian Wikipedia,Q199698,8,1,2,Ukrainian-language edition of Wikipedia,,Q10876391,,Ukrainian Wikipedia
United Kingdom,University of Kentucky,Q1360303,8,1,2,public university in the United States,Kentucky University|UK,Q875538|Q615150|Q23002039|Q45400320,,University of Kentucky
United Kingdom,Uccle,Q203312,8,1,2,"municipality in the Brussels-Capital Region, Belgium",Ukkel,Q493522,,Uccle
United Kingdom,British Isles,Q38272,8,1,2,group of islands in northwest Europe,Britain and Ireland|Atlantic Archipelago|Great Britain and Ireland|the Britains|The Isles|British Islands,Q33837|Q1402592,,British Isles
United Kingdom,British Isles,Q105970369,8,1,2,"map by George Lily, 1546",Britanniae insulae quae nunc Angliae et Scotia regna continent cum Hibernia adiacente nova descriptio,Q4006|Q25106976,,
United Kingdom,British Isles team,Q919609,8,1,2,national sports team at the International Lawn Tennis Challenge (later Davis Cup),British Isles Davis Cup team,Q66817758,,
United Kingdom,British Isles Congenital Cataract Interest Group,Q114429437,8,1,2,researcher,,Q1241025,,
United Kingdom,climate of the British Isles,Q3680726,8,1,2,Inglese,the British Isles climate|British Isles climate,Q46997958,,Climate of the British Isles
United Kingdom,British Isles fixed sea link connections,Q1672812,8,1,2,proposed Great Britain-Ireland tunnels or bridges,Irish Sea fixed crossing,Q27464969,,Proposed British Isles fixed sea link connections
United Kingdom,rugby union in the British Isles,Q7378499,8,1,2,,British Isles rugby union,Q29791211,,Rugby union in the British Isles
United Kingdom,Triple Crown Tournament,Q5198008,8,1,2,cricket competition from 1993 to 2001,British Isles Championship,Q13406554,,Triple Crown Tournament
United Kingdom,British Isles – A Natural History,Q4970173,8,1,2,documentary TV series,,Q5398426,,British Isles – A Natural History
United Kingdom,British Isles Terminology task force,Q21829010,8,1,2,Wikimedia subject-area collaboration,WikiProject British Isles Terminology|Wikipedia:British Isles Terminology task force|British Isles Terminology task force,Q110059964,,Wikipedia:British Isles Terminology task force
United Kingdom,Great Britain,Q23666,8,1,2,island in the North Atlantic Ocean off the northwest coast of continental Europe,Gt. Brit|GB|Blighty|Albion|Britannia|GBR|mainland Britain|Britain,Q23442,,Great Britain
United Kingdom,National Portrait Gallery,Q238587,8,1,2,"art museum in London, England, United Kingdom",National Portrait Gallery (London),Q207694|Q17431399|Q3343298,,"National Portrait Gallery, London"
United Kingdom,House of Commons,Q11005,8,1,2,lower house in the Parliament of the United Kingdom,British House of Commons|United Kingdom House of Commons|UK House of Commons|The Honourable the Commons of the United Kingdom of Great Britain and Northern Ireland in Parliament assembled|The Commons|Great Britain. Parliament. House of Commons -- Biography|Great Britain. Parliament -- Elections|Great Britain. Parliament -- Records and correspondence|MP,Q9247597,,House of Commons of the United Kingdom
United Kingdom,Guernsey,Q25230,8,1,2,one of the British Crown Dependencies in the Channel Islands,GB-GSY|Bailliage de Guernesey|XA-GG|GBG|Great Britain Guernsey|Lisia|gg|Giernési|Bailliage dé Guernési|Bailiwick of Guernsey,Q185086|Q4996207,,Bailiwick of Guernsey
United Kingdom,Great Britain,Q138527639,8,1,2,1875 chapter,,Q1980247,,
United Kingdom,National Health Service,Q918396,8,1,2,publicly-funded healthcare systems in the United Kingdom,NHS|Great Britain National Health Service|N.H.S.,Q28821169|Q121182|Q210588,,National Health Service
United Kingdom,Great Britain,Q749109,8,1,2,"sport delegation at the Olympics and Paralympics, grouping the United Kingdom, its overseas territories and the Crown dependancies",Great Britain and Northern Ireland Olympic Team|Team GB|GBR,Q26213387,,Great Britain at the Olympics
United Kingdom,England,Q21,8,1,2,"country in north-west Europe, part of the United Kingdom","England, United Kingdom|England, UK",Q3336843|Q518261|Q6266|Q6256,,England
United Kingdom,Kingdom of England,Q179876,8,1,2,historic kingdom on the British Isles (927–1649; 1660–1707),England,Q3624078|Q3024240|Q3624078,,Kingdom of England
United Kingdom,England,Q11111401,8,1,2,family name,,Q101352,,England (surname)
United Kingdom,England men's national association football team,Q47762,8,1,2,men's national association football team representing England,England|Three Lions|England national football team|England national soccer team|England national association football team|England men's national football team,Q135408445,Q1194951,England national football team
United Kingdom,England and Wales,Q1156248,8,1,2,legal and administrative jurisdiction within the United Kingdom,England & Wales|England (legal jurisdiction),Q2721171|Q140937209|Q56061|Q27096213|Q2478386,Q7748|Q4830453,England and Wales
United Kingdom,Premier League,Q9448,8,1,2,English men's association top football league,English Premier League|Premiership|English Premiership|England Premier League|Premier League of England,Q15991303|Q15991290|Q6832945,,Premier League
United Kingdom,England,Q79282,8,1,2,"city in Lonoke County, Arkansas, United States","England, Arkansas|England, AR",Q1093829,,"England, Arkansas"
United Kingdom,England in the Middle Ages,Q2251971,8,1,2,historical period of England,Medieval England,Q17524420,Q11755949,England in the Middle Ages
United Kingdom,England cricket team,Q1321565,8,1,2,national cricket team,England and Wales cricket team|England national cricket team,Q86255944,,England cricket team
United Kingdom,England men’s national rugby union team,Q378628,8,1,2,Men’s rugby union team representing England,England national rugby team|England rugby union team|England rugby team|England Rugby,Q58840819,,England national rugby union team
United Kingdom,Scotland,Q22,8,1,2,"country in north-west Europe, part of the United Kingdom","Alba|Scotland, United Kingdom|Caledonia|Scot",Q3336843|Q6266|Q6256,,Scotland
United Kingdom,Kingdom of Scotland,Q230791,8,1,2,historic sovereign kingdom on the British Isles from the 9th century and up to 1707,Scotland|The Kingdom of Scotland,Q3024240|Q3624078|Q417175,,Kingdom of Scotland
United Kingdom,Scotland,Q107636801,8,1,2,given name,,Q202444,,
United Kingdom,Robert W. Scotland,Q22669063,8,1,2,British botanist,Scotland|Robert W Scotland|Robert Scotland|R. W. Scotland,Q5,,
United Kingdom,Scotland men's national football team,Q34044,8,1,2,men's association football team representing Scotland,Scottish National Football Team|Scotland national soccer team|Scotland national team|Scotland national football team,Q135408445,Q1194951,Scotland national football team
United Kingdom,Scotland,Q63462987,8,1,2,Constituency for co-opted members in the 1707-08 Parliament,Scotland (constituency),Q27990943,,
United Kingdom,Scotland,Q7435626,8,1,2,constituency of the European Parliament,,Q2631496,,Scotland (European Parliament constituency)
United Kingdom,Robert Burns,Q81960,8,1,2,Scottish poet and lyricist (1759–1796),Robbie Burns|Rabbie Burns|Scotland's favorite son|Ploughman Poet|Bard of Ayrshire|The Bard|National poet of Scotland|Robden of Solway Firth,Q5,,Robert Burns
United Kingdom,Scotland,Q2578696,8,1,2,"city in South Dakota, United States of America","Scotland, South Dakota|Scotland, SD",Q1093829,,"Scotland, South Dakota"
United Kingdom,Scotland national rugby union team,Q945016,8,1,2,Men’s rugby union team representing Scotland,Scotland rugby team|Scottish national rugby team|Scottish rugby team,Q58840819,,Scotland national rugby union team
Kyle,Kyle,Q1326816,9,0,1,unisex given name,Kyle (given name)|Kyle (first name),Q3409032,,Kyle (given name)
Kyle,Kyle,Q28606665,9,0,1,American rapper and singer,Kyle Thomas Harvey|SuperDuperKyle|K.i.D|Kyle is Determined|Kyle Harvey|KYLE,Q5,,Kyle (musician)
Kyle,Kyle,Q2918277,9,0,1,"district in central Ayrshire, Scotland",Coila,Q149621,,"Kyle, Ayrshire"
Kyle,Rayner Gold,Q115117729,9,0,1,pornographic actor,Kyle|Tristan Archer,Q5,,
Kyle,Kyle Cranmer,Q15430693,9,0,1,American physicist and professor,K. Cranmer,Q5,,Kyle Cranmer
Kyle,Kyle,Q16257621,9,0,1,family name,,Q101352,,Kyle (surname)
Kyle,Kyle Steenland,Q22089123,9,0,1,epidemiologist at NIOSH and Emory University,K. Steenland|K Steenland|Nelson Kyle Steenland|N. Kyle Steenland,Q5,,Kyle Steenland
Kyle,Kyle Busch,Q209479,9,0,1,American racing driver (1985–2026),,Q5,,Kyle Busch
Kyle,Kyle James Read Cormier,Q113376914,9,0,1,particle physicist,,Q5,,
Kyle,Kyle MacLachlan,Q207506,9,0,1,American actor,Kyle Merritt MacLachlan,Q5,,Kyle MacLachlan
Kyle,Kylemore,Q59728479,9,0,2,"electoral district in County Galway, Ireland",,Q2500304,,
Kyle,Kylemore Luas stop,Q104882028,9,0,2,"tram stop in Dublin, Ireland",,Q2175765,,Kylemore Luas stop
Kyle,Kylemore,Q3642577,9,0,2,"town in Western Cape, South Africa",,Q3957,,"Kylemore, South Africa"
Kyle,Kylemore,Q14874969,9,0,2,"organized hamlet in Saskatchewan, Canada","Kylemore, Saskatchewan",Q115865269,,"Kylemore, Saskatchewan"
Kyle,Kylemore,Q104316919,9,0,2,"townland in Templetouhy, County Tipperary, Ireland",,Q2151232,,
Kyle,Kylemore,Q59719077,9,0,2,"electoral district in Dublin, Ireland",,Q2500304,,
Kyle,Kylemore,Q104325024,9,0,2,"townland in Kylemore, County Galway, Ireland",,Q2151232,,
Kyle,Kylemore,Q104266543,9,0,2,"townland in The Rower, County Kilkenny, Ireland",,Q2151232,,
Kyle,Kylemore,Q104323760,9,0,2,"townland in Wormhole, County Galway, Ireland",,Q2151232,,
Kyle,Kylemore,Q104324073,9,0,2,"townland in Abbeyville, County Galway, Ireland",,Q2151232,,
Kyle,Kyle of Lochalsh,Q939913,9,0,2,"village in Highland, Scotland, UK",Caol Loch Aillse,Q532,,Kyle of Lochalsh
Kyle,Kyle of Lochalsh railway station,Q2468479,9,0,2,"railway station in Kyle of Lochalsh, Highland, Scotland, UK","Kyle Of Lochalsh, Station And Pier|KYL",Q55488|Q55485|Q1567913,,Kyle of Lochalsh railway station
Kyle,Kyle of Lochalsh Line,Q586470,9,0,2,"railway line in Highland, Scotland, UK",KYL,Q728937|Q113990375,,Kyle of Lochalsh line
Kyle,Kyle of Lochalsh,Q119362795,9,0,2,"painting by Harry Watson (1925–2011), Crewe Heritage Centre",,Q3305213,,
Kyle,"Kyle Of Lochalsh, Possible Beacon",Q103774984,9,0,2,shipwreck off the Scottish coast,,Q11446|Q852190,,
Kyle,Kyle of Lochalsh Lifeboat Station,Q108283778,9,0,2,"lifeboat station in Highland, Scotland, UK",,Q11997323,,Kyle of Lochalsh Lifeboat Station
Kyle,"Kyle Of Lochalsh, Railway Station Signal Box",Q114019063,9,0,2,"railway signal box in Highland, Scotland, UK",,Q39015397,,
Kyle,"Kyle Of Lochalsh, Church Road, Kyle Church",Q114710919,9,0,2,"church building in Highland, Scotland, UK",,Q16970,,
Kyle,"Kyle Of Lochalsh, Church Road, Free Presbyterian Church",Q114710918,9,0,2,"church building in Highland, Scotland, UK",,Q16970,,
Kyle,Kyle of Lochalsh Library,Q62668035,9,0,2,"public library in Highland, Scotland, UK",,Q28564,,
United Kingdom,United Kingdom,Q145,9,1,1,island country in north-west Europe,United Kingdom of Great Britain and Northern Ireland|U K|G B|Great Britain|Great Britain and Northern Ireland|the United Kingdom of Great Britain and Northern Ireland|the UK|the United Kingdom,Q3624078|Q6256|Q20181813|Q112099,,United Kingdom
United Kingdom,United Kingdom of Great Britain and Ireland,Q174193,9,1,1,historical sovereign state (1801–1922),United Kingdom|UKGBI|Great Britain and Ireland,Q3624078|Q3024240|Q20181813|Q6256,,United Kingdom of Great Britain and Ireland
United Kingdom,Government of the United Kingdom,Q6063,9,1,1,central government of the United Kingdom of Great Britain and Northern Ireland,UK Government|His Majesty's Government|British Government|HM Government|United Kingdom Government|Her Majesty's Government|HMG,Q1320217|Q10926884|Q16334295,Q7188,Government of the United Kingdom
United Kingdom,United Kingdom,Q7887906,9,1,1,album by Manny Montes,,Q482994,,
United Kingdom,British English,Q7979,9,1,1,forms of the English language used in Britain,English (United Kingdom)|United Kingdom English|UK English|BrE|BE|Commonwealth English|Oxford English,Q951873|Q455374,Q138349272,British English
United Kingdom,Kingdom of Great Britain,Q161885,9,1,1,constitutional monarchy in Western Europe (1707–1800),United Kingdom of Great Britain|UKGB|UK|GB|Great Britain,Q3624078|Q417175|Q3024240|Q6256,,Kingdom of Great Britain
United Kingdom,Parliament of the United Kingdom,Q11010,9,1,1,supreme legislative body of the United Kingdom,Parliament of the United Kingdom of Great Britain and Northern Ireland|British Parliament|UK Parliament|United Kingdom Parliament|Parliament of Britain|British legislature|U.K. Parliament|Westminster|Parliament|Parliament of the UK,Q35749|Q189445,,Parliament of the United Kingdom
United Kingdom,United Kingdom,Q108280869,9,1,1,1989 studio album by American Music Club,,Q482994,,United Kingdom (album)
United Kingdom,Conservative Party,Q9626,9,1,1,centre-right to right-wing political party in the United Kingdom,Tories|Conservative and Unionist Party|Conservatives|UK Conservative Party|United Kingdom Conservative Party|Tory Party|Conservative Party (Great Britain) -- Elections|Conservative Party (Great Britain) -- Records and correspondence|British Conservative Party|Conservative Party (UK),Q7278,,Conservative Party (UK)
United Kingdom,Public General Act of the Parliament of the United Kingdom,Q105774620,9,1,1,"Act of Parliament that is part of the series of Public General Acts, passed via the public bill procedure or the hybrid procedure, generally applying to the public at large",Public General Act of Parliament of the United Kingdom|United Kingdom Public General Act of Parliament|Public General Act of the United Kingdom Parliament|UK Public General Act of Parliament,Q110430875,Q4677783|Q740464,
United Kingdom,Great Britain,Q23666,9,1,2,island in the North Atlantic Ocean off the northwest coast of continental Europe,Gt. Brit|GB|Blighty|Albion|Britannia|GBR|mainland Britain|Britain,Q23442,,Great Britain
United Kingdom,National Portrait Gallery,Q238587,9,1,2,"art museum in London, England, United Kingdom",National Portrait Gallery (London),Q207694|Q17431399|Q3343298,,"National Portrait Gallery, London"
United Kingdom,House of Commons,Q11005,9,1,2,lower house in the Parliament of the United Kingdom,British House of Commons|United Kingdom House of Commons|UK House of Commons|The Honourable the Commons of the United Kingdom of Great Britain and Northern Ireland in Parliament assembled|The Commons|Great Britain. Parliament. House of Commons -- Biography|Great Britain. Parliament -- Elections|Great Britain. Parliament -- Records and correspondence|MP,Q9247597,,House of Commons of the United Kingdom
United Kingdom,Guernsey,Q25230,9,1,2,one of the British Crown Dependencies in the Channel Islands,GB-GSY|Bailliage de Guernesey|XA-GG|GBG|Great Britain Guernsey|Lisia|gg|Giernési|Bailliage dé Guernési|Bailiwick of Guernsey,Q185086|Q4996207,,Bailiwick of Guernsey
United Kingdom,Great Britain,Q138527639,9,1,2,1875 chapter,,Q1980247,,
United Kingdom,National Health Service,Q918396,9,1,2,publicly-funded healthcare systems in the United Kingdom,NHS|Great Britain National Health Service|N.H.S.,Q28821169|Q121182|Q210588,,National Health Service
United Kingdom,Great Britain,Q749109,9,1,2,"sport delegation at the Olympics and Paralympics, grouping the United Kingdom, its overseas territories and the Crown dependancies",Great Britain and Northern Ireland Olympic Team|Team GB|GBR,Q26213387,,Great Britain at the Olympics
United Kingdom,British Isles,Q38272,9,1,2,group of islands in northwest Europe,Britain and Ireland|Atlantic Archipelago|Great Britain and Ireland|the Britains|The Isles|British Islands,Q33837|Q1402592,,British Isles
United Kingdom,British Isles,Q105970369,9,1,2,"map by George Lily, 1546",Britanniae insulae quae nunc Angliae et Scotia regna continent cum Hibernia adiacente nova descriptio,Q4006|Q25106976,,
United Kingdom,British Isles team,Q919609,9,1,2,national sports team at the International Lawn Tennis Challenge (later Davis Cup),British Isles Davis Cup team,Q66817758,,
United Kingdom,British Isles Congenital Cataract Interest Group,Q114429437,9,1,2,researcher,,Q1241025,,
United Kingdom,climate of the British Isles,Q3680726,9,1,2,Inglese,the British Isles climate|British Isles climate,Q46997958,,Climate of the British Isles
United Kingdom,British Isles fixed sea link connections,Q1672812,9,1,2,proposed Great Britain-Ireland tunnels or bridges,Irish Sea fixed crossing,Q27464969,,Proposed British Isles fixed sea link connections
United Kingdom,rugby union in the British Isles,Q7378499,9,1,2,,British Isles rugby union,Q29791211,,Rugby union in the British Isles
United Kingdom,Triple Crown Tournament,Q5198008,9,1,2,cricket competition from 1993 to 2001,British Isles Championship,Q13406554,,Triple Crown Tournament
United Kingdom,British Isles – A Natural History,Q4970173,9,1,2,documentary TV series,,Q5398426,,British Isles – A Natural History
United Kingdom,British Isles Terminology task force,Q21829010,9,1,2,Wikimedia subject-area collaboration,WikiProject British Isles Terminology|Wikipedia:British Isles Terminology task force|British Isles Terminology task force,Q110059964,,Wikipedia:British Isles Terminology task force
Netherton,Netherton,Q2100045,10,0,1,"village and civil parish in Northumberland, UK","Netherton, Northumberland",Q1115575|Q532,,"Netherton, Northumberland"
Netherton,Netherton,Q11790732,10,0,1,"area in the Metropolitan Borough of Dudley, West Midlands, England, UK",,Q188509|Q532,,"Netherton, West Midlands"
Netherton,Netherton,Q2580092,10,0,1,"hamlet and civil parish in Worcestershire, United Kingdom",,Q5084|Q1115575,,"Netherton, Worcestershire"
Netherton,Netherton,Q130719167,10,0,1,"former civil parish in Sefton, Merseyside, England",,Q1115575,,
Netherton,Netherton,Q11790731,10,0,1,"area in the Metropolitan Borough of Sefton, in Merseyside, England","Netherton, Merseyside",Q188509,,"Netherton, Merseyside"
Netherton,Netherton,Q36904687,10,0,1,family name,,Q101352,,
Netherton,Netherton,Q11790728,10,0,1,"village in Kirklees, West Yorkshire, UK","Netherton, Kirklees|Netherton, West Yorkshire",Q532,,"Netherton, Kirklees"
Netherton,Netherton,Q65045502,10,0,1,"locality in Hauraki District, Waikato Region, New Zealand","Netherton, New Zealand",Q3257686,,"Netherton, New Zealand"
Netherton,Netherton,Q60367917,10,0,1,"hamlet in Teignbridge, Devon, England, UK","Netherton, Teignbridge|Netherton, Devon",Q5084,,
Netherton,Netherton,Q55808076,10,0,1,"locality in Coorong District Council, South Australia, Australia","Netherton, South Australia|Netherton, South Australia, Australia",Q3257686,,
United Kingdom,United Kingdom,Q145,10,1,1,island country in north-west Europe,United Kingdom of Great Britain and Northern Ireland|U K|G B|Great Britain|Great Britain and Northern Ireland|the United Kingdom of Great Britain and Northern Ireland|the UK|the United Kingdom,Q3624078|Q6256|Q20181813|Q112099,,United Kingdom
United Kingdom,United Kingdom of Great Britain and Ireland,Q174193,10,1,1,historical sovereign state (1801–1922),United Kingdom|UKGBI|Great Britain and Ireland,Q3624078|Q3024240|Q20181813|Q6256,,United Kingdom of Great Britain and Ireland
United Kingdom,Government of the United Kingdom,Q6063,10,1,1,central government of the United Kingdom of Great Britain and Northern Ireland,UK Government|His Majesty's Government|British Government|HM Government|United Kingdom Government|Her Majesty's Government|HMG,Q1320217|Q10926884|Q16334295,Q7188,Government of the United Kingdom
United Kingdom,United Kingdom,Q7887906,10,1,1,album by Manny Montes,,Q482994,,
United Kingdom,British English,Q7979,10,1,1,forms of the English language used in Britain,English (United Kingdom)|United Kingdom English|UK English|BrE|BE|Commonwealth English|Oxford English,Q951873|Q455374,Q138349272,British English
United Kingdom,Kingdom of Great Britain,Q161885,10,1,1,constitutional monarchy in Western Europe (1707–1800),United Kingdom of Great Britain|UKGB|UK|GB|Great Britain,Q3624078|Q417175|Q3024240|Q6256,,Kingdom of Great Britain
United Kingdom,Parliament of the United Kingdom,Q11010,10,1,1,supreme legislative body of the United Kingdom,Parliament of the United Kingdom of Great Britain and Northern Ireland|British Parliament|UK Parliament|United Kingdom Parliament|Parliament of Britain|British legislature|U.K. Parliament|Westminster|Parliament|Parliament of the UK,Q35749|Q189445,,Parliament of the United Kingdom
United Kingdom,United Kingdom,Q108280869,10,1,1,1989 studio album by American Music Club,,Q482994,,United Kingdom (album)
United Kingdom,Conservative Party,Q9626,10,1,1,centre-right to right-wing political party in the United Kingdom,Tories|Conservative and Unionist Party|Conservatives|UK Conservative Party|United Kingdom Conservative Party|Tory Party|Conservative Party (Great Britain) -- Elections|Conservative Party (Great Britain) -- Records and correspondence|British Conservative Party|Conservative Party (UK),Q7278,,Conservative Party (UK)
United Kingdom,Public General Act of the Parliament of the United Kingdom,Q105774620,10,1,1,"Act of Parliament that is part of the series of Public General Acts, passed via the public bill procedure or the hybrid procedure, generally applying to the public at large",Public General Act of Parliament of the United Kingdom|United Kingdom Public General Act of Parliament|Public General Act of the United Kingdom Parliament|UK Public General Act of Parliament,Q110430875,Q4677783|Q740464,
Pinheiros,Pinheiros,Q1022591,11,0,1,civil parish in Monção,,Q1131296,,
Pinheiros,Pinheiros train station,Q85793391,11,0,1,"train station in São Paulo, Brasil",Pinheiros (CPTM),Q55488|Q22808404,,Pinheiros (CPTM)
Pinheiros,Pinheiros,Q2018987,11,0,1,municipality located in the Brazilian state of Espírito Santo,"Pinheiros, Espírito Santo",Q3184121,,"Pinheiros, Espírito Santo"
Pinheiros,Pinheiros District,Q7195880,11,0,1,District of São Paulo city,Pinheiros,Q18559008,,Pinheiros
Pinheiros,Esporte Clube Pinheiros,Q322780,11,0,1,Brazilian sports club,EC Pinheiros|Pinheiros,Q13580678|Q847017,,Esporte Clube Pinheiros
Pinheiros,Pinheiros River,Q1862264,11,0,1,"river in São Paulo, Brazil",Pinheiros,Q4022,,Pinheiros River
Pinheiros,Esporte Clube Pinheiros,Q1274277,11,0,1,"association football team from Paraná, Brazil",Pinheiros|EC Pinheiros,Q476028,,Esporte Clube Pinheiros (PR)
Pinheiros,Pinheiros,Q22036159,11,0,1,human settlement in Brazil,,Q486972,,
Pinheiros,Pinheiros,Q7195875,11,0,1,"metro station in São Paulo, Brazil",,Q928830|Q22808403,,Pinheiros (São Paulo Metro)
Pinheiros,Pinheiros e Vale de Figueira,Q25440175,11,0,1,civil parish in Tabuaço,União das Freguesias de Pinheiros e Vale de Figueira,Q1131296,,
Brazil,Brazil,Q155,11,1,1,country in South America,Federative Republic of Brazil,Q3624078|Q859563|Q6256,,Brazil
Brazil,Brazil,Q16860380,11,1,1,family name,,Q101352,,Brazil (surname)
Brazil,Brazil,Q25094860,11,1,1,1975 debut studio album by The Ritchie Family,Brazil...,Q482994,,Brazil (The Ritchie Family album)
Brazil,Brazilian Portuguese,Q750553,11,1,1,set of varieties of the Portuguese language spoken in Brazil,Português brasileiro|Brazilian|Português do Brasil|Portugues brasileiro|Portugues do Brasil|Portuguese (Brazil),Q33384,Q5146,Brazilian Portuguese
Brazil,Brazil,Q96336868,11,1,1,vocal track by Frank Sinatra; 1957 studio recording; cover version,,Q55850593,,
Brazil,Brazil,Q96336800,11,1,1,vocal track by The Ritchie Family; 1975 studio recording; cover version,,Q55850593,,
Brazil,Brazilian Journal of Medical and Biological Research,Q2025772,11,1,1,scientific journal,,Q5633421|Q773668|Q737498|Q16024164,,Brazilian Journal of Medical and Biological Research
Brazil,Brazil,Q1998364,11,1,1,"city in Clay County, Indiana, United States","Brazil, Indiana|Brazil, IN",Q1093829,,"Brazil, Indiana"
Brazil,Brazilian Social Democracy Party,Q1322897,11,1,1,political party in Brazil,PSDB|Partido da Social Democracia Brasileira,Q7278,,Brazilian Social Democracy Party
Brazil,Brazilian Advisory Rating System,Q26323090,11,1,1,Content Rating System in Brazil,BARS|ClassInd|DJCTQ,Q14775294|Q3232092|Q1062352|Q130735522,,Brazilian advisory rating system
Amuri,Amuri,Q12471921,12,0,1,"village in South Nias Regency, North Sumatra, Indonesia",,Q26211545,,
Amuri,Amuri,Q4749000,12,0,1,"area consisting of two city districts in Tampere, Finland",,Q149621|Q627253,,"Amuri, Tampere"
Amuri,Amuri,Q2844525,12,0,1,town in the Cook Islands,"Amuri, Cook Islands",Q3957|Q149621,,"Amuri, Cook Islands"
Amuri,love,Q316,12,0,1,"strong, positive emotion based on affection",affection,Q16748888|Q1053916,Q5489108|Q1124198|Q9415,Love
Amuri,Amurilla subpurpurea,Q21242548,12,0,1,species of insect,,Q16521,,
Amuri,Amurius (Pauly-Wissowa),Q19986796,12,0,1,encyclopedic article in Paulys Realencyclopädie der classischen Altertumswissenschaft (RE),,Q13433827,,
Amuri,Amuria,Q21445828,12,0,1,genus of insects,,Q16521,,
Amuri,Amurilla,Q4749002,12,0,1,genus of insects,,Q16521,,Amurilla
Amuri,Amuria District,Q1375762,12,0,1,district in Eastern Uganda,,Q3539870,,Amuria District
Amuri,Amurinocellia,Q21217743,12,0,1,genus of insects,,Q16521,,
Finland,Finland,Q33,12,1,1,country in Northern Europe,Republic of Finland|Finnia|Land of Thousand Lakes|fi|Suomen tasavalta|Republiken Finland,Q3624078|Q6256|Q179164|Q63791824,,Finland
Finland,Grand Duchy of Finland,Q62633,12,1,1,predecessor state of modern Finland,Finland,Q3024240|Q165116|Q671370|Q19832712,,Grand Duchy of Finland
Finland,Finnish National Gallery,Q2983474,12,1,1,organization of three museums that make up the largest art museum institution of Finland,Kansallisgalleria|Finlands Nationalgalleri,Q207694,,Finnish National Gallery
Finland,Social Democratic Party of Finland,Q499029,12,1,1,registered political party in Finland,Suomen Sosialidemokraattinen Puolue|SDP|Finlands Socialdemokratiska Parti|demarit,Q7278|Q108564724,,Social Democratic Party of Finland
Finland,Finland,Q5450446,12,1,1,constituency of the European Parliament,,Q2631496,,Finland (European Parliament constituency)
Finland,Finland,Q23045056,12,1,1,1911 documentary film,,Q11424,,
Finland,Swedish-speaking population of Finland,Q726673,12,1,1,"linguistic group, Finns speaking Swedish as their first language",Finland Swedes|finlandssvenskar,Q16664665|Q5494543|Q383340|Q30103,Q16009362,Swedish-speaking population of Finland
Finland,Finland,Q135499866,12,1,1,1992 studio album by David Shutrick,,Q482994,,
Finland,Southwest Finland,Q5712,12,1,1,region of Finland,Varsinais-Suomi|Varsinais-Suomen maakunta|Egentliga Finland|Finland Proper,Q193512,,Southwest Finland
Finland,Finland men's national football team,Q186532,12,1,1,men's national association football team representing Finland,Finland national football team|Finland national association football team,Q135408445,Q1194951,Finland national football team
Praga,Prague,Q1085,13,0,1,capital city of the Czech Republic,Hlavní město Praha|City of Prague,Q15978299|Q548611|Q192611|Q12031379|Q8452914|Q171441|Q38911|Q7841907|Q1549591|Q7819319|Q76007695|Q76009696|Q1200957|Q5153359|Q108178728,,Prague
Praga,Praga,Q1637419,13,0,1,district of Warsaw,,Q149621,,Praga
Praga,Praga,Q40996,13,0,1,Czech automobile brand,,Q431289,,Praga (company)
Praga,Pragathi Krishna Gramin Bank,Q75801175,13,0,1,bank in India,,Q4830453|Q43015,,
Praga,Pragathi Krishna Gramin Bank branch,Q75804428,13,0,1,branch of Pragathi Krishna Gramin Bank,,,Q21073937,
Praga,Pragaan,Q12008976,13,0,1,"district in Sumenep Regency, East Java Province, Indonesia",Kecamatan Pragaan|Pragaan District,Q3700011,,
Praga,Praga,Q16591111,13,0,1,family name,,Q101352,,
Praga,Praga-Południe,Q2107492,13,0,1,district of Warsaw,Praga Południe|South Praga,Q4286337,,Praga-Południe
Praga,Pragaan Laok,Q14669590,13,0,1,"village in Sumenep Regency, East Java, Indonesia",Desa Pragaan Laok,Q26211545,,
Praga,Praganus,Q10638328,13,0,1,genus of insects,,Q16521,,
Praga,Charles University,Q31519,13,0,2,oldest and largest university in the Czech Republic,Univerzita Karlova v Praze|Universitas Carolina|Univerzita Karlova|University of Prague|Karls-Universität Prag|Charles-Ferdinand University|cuni.cz|Prague University,Q875538|Q108935461|Q2085381|Q43229|Q3918,,Charles University
Praga,Prague,Q121755980,13,0,2,family name,,Q101352,,
Praga,Prague 1,Q973974,13,0,2,"administrative district, municipal district and municipal part of Prague",Praha 1|Městská část Praha 1,Q74728036|Q75339006|Q75338598,,Prague 1
Praga,Prague,Q1953283,13,0,2,"city in Oklahoma, United States","Prague, Oklahoma|Prague, OK",Q1093829,,"Prague, Oklahoma"
Praga,Prague XIII,Q12046814,13,0,2,administrative districts of Prague,,Q58287267,,
Praga,Prague XI,Q12046813,13,0,2,,,Q58287267,,
Praga,Prague,Q5969542,13,0,2,Japanese three-piece rock band,,Q215380,,Prague (band)
Praga,Prague VII,Q12046809,13,0,2,district of Prague,,Q58287267,,
Praga,Prague 6,Q2667290,13,0,2,municipal part of Prague,Praha 6|městská část Praha 6,Q75338598,,Prague 6
Praga,Warsaw,Q270,13,0,2,capital and largest city of Poland,,Q925381|Q515|Q1901835|Q1549591|Q1200957|Q51929311|Q56061|Q200250|Q108178728,,Warsaw
Praga,Warszawa,Q118077231,13,0,2,family name,,Q101352,,
Praga,Warszawa,Q546524,13,0,2,song by David Bowie,,Q105543609,,Warszawa (song)
Praga,Warszawa,Q1147772,13,0,2,2004 album by Porcupine Tree,,Q482994,,
Praga,Warszawa,Q7970960,13,0,2,1999 live album,,Q482994,,Warszawa (Praxis album)
Praga,Warszawa,Q7970959,13,0,2,"village in Gmina Stara Kiszewa, Poland",,Q3558970,,"Warszawa, Kościerzyna County"
Praga,Warszawa,Q19172593,13,0,2,poem by Władysław Syrokomla,,Q7725634,,
Praga,Warszawa,Q7970956,13,0,2,"settlement in Pomeranian, Poland",,Q3558970|Q138845716,,"Warszawa, Bytów County"
Praga,Warsaw Chopin Airport,Q465071,13,0,2,"airport in Warsaw, Poland",Warsaw-Okecie Airport|Okecie International Airport|Warszawa-Okęcie Airport|Okęcie International Airport|WAW|Warsaw Airport|EPWA|Frederic Chopin Airport|Warsaw Chopin,Q644371|Q1248784|Q94993988,,Warsaw Chopin Airport
Praga,Warszawa Zachodnia-Kunowice railway,Q803436,13,0,2,railway line in Poland,,Q728937,,Warsaw–Kunowice railway
Praga,Kraków,Q31487,13,0,2,capital city of Lesser Poland Voivodeship in southern Poland,Royal City of Kraków|Royal Capital City of Kraków|Kroke|Cracovie|Krakov|Krakiv|Krakkó|Krakova|Krako|Krakoy|Krakuv,Q925381|Q1549591|Q707813|Q1200957|Q108178728|Q7930989|Q13539802|Q129268952,,Kraków
Praga,Krakow,Q37441068,13,0,2,family name,,Q101352,,
Praga,Kraków County,Q1164890,13,0,2,powiat of Poland,Krakow County,Q247073,,Kraków County
Praga,Krakowski,Q21492550,13,0,2,family name,,Q101352|Q18972245,,
Praga,Kraków University of Technology,Q931642,13,0,2,"technical university in Kraków, Poland",Tadeusz Kosciuszko Cracow University of Technology|Tadeusz Kościuszko University of Technology|Politechnika Krakowska im. Tadeusza Kościuszki|pk.edu.pl,Q3918,,Tadeusz Kościuszko Kraków University of Technology
Praga,Sejm Constituency no. 13,Q6435960,13,0,2,Polish parliamentary constituency,Members of Polish Sejm elected from Kraków constituency|Krakow|Members of Polish Sejm elected from Krakow constituency|Kraków II electoral district|Kraków II parliamentary district|Kraków electoral district|Kraków parliamentary district,Q11797473,,Sejm Constituency no. 13
Praga,Krakow University of Economics,Q1471879,13,0,2,"business school in Cracow, Poland",Uniwersytet Ekonomiczny w Krakowie|Akademia Ekonomiczna w Krakowie,Q3918|Q45400320,,Kraków University of Economics
Praga,Krakowskie Studia z Historii Państwa i Prawa,Q17619372,13,0,2,academic journal,,Q1002697|Q773668,,
Praga,Krakowska,Q106403604,13,0,2,family name,Krakowska (family name)|Krakowska (surname),Q101352|Q18972207,,
Praga,Krakow am See,Q536858,13,0,2,town in Germany,,Q42744322,,Krakow am See
Praga,Łódź,Q580,13,0,2,city in Łódź Voivodeship in central Poland,Lodz|Łodzi|Lodzh|Lodsch|Litzmannstadt|Lodž|Lodz',Q1549591|Q925381|Q515,,Łódź
Praga,Łódź,Q471231,13,0,2,village of Poland,Łódź,Q3558970,,"Łódź, Poznań County"
Praga,Łódź,Q9395036,13,0,2,"village in Greater Poland, Poland",,Q3558970,,"Łódź, Gostyń County"
Praga,Łódź,Q33731189,13,0,2,municipality of Poland,,Q15284|Q15334,,
Praga,Łódź Voivodeship,Q54158,13,0,2,voivodeship of Poland,Łódź Province,Q150093,,Łódź Voivodeship
Praga,ship,Q11446,13,0,2,large buoyant watercraft,vessel|marine vessel|water vessel|ships|Ships,Q16335899,Q1229765|Q16391167|Q20980497,Ship
Praga,University of Łódź,Q137503,13,0,2,university in Poland,University of Lodz|Lodz University|Uniwersytet Łódzki|Uniwersity of Lodz|Łódź University|University of Łódz|University of Łodż|uni.lodz.pl,Q3918|Q45400320,,University of Łódź
Praga,National Film School in Łódź,Q1458675,13,0,2,film academy in Poland,"Polish National Film, Television and Theatre School in Łódź|Leon Schiller Polish National Film, Television and Theatre School in Łódź|Łódź Film School",Q380093|Q2143781|Q38723,,Łódź Film School
Praga,Łódź University of Technology,Q2140369,13,0,2,"university of technology in Łódź, Poland",TUL|Technical University of Lodz|p.lodz.pl,Q875538|Q845392,,Łódź University of Technology
Praga,Łódź,Q8081134,13,0,2,constituency of the European Parliament,,Q2631496,,Łódź (European Parliament constituency)
Praga,Wrocław,Q1799,13,0,2,"city in the Lower Silesian Voivodeship, southwestern Poland, and historical capital of Silesia",Brassel,Q925381|Q515|Q707813|Q1549591,,Wrocław
Praga,Wrocław University of Science and Technology,Q522109,13,0,2,"technical university in Wrocław, Poland",Politechnika Wrocławska|Technische Hochschule Breslau|Wrocław University of Technology,Q845392|Q45400320|Q43229,,Wrocław University of Science and Technology
Praga,Wrocław County,Q715974,13,0,2,powiat of Poland,powiat wrocławski,Q247073,,Wrocław County
Praga,Wrocław Medical University,Q1916589,13,0,2,"University in Wrocław, Poland",Uniwersytet Medyczny we Wrocławiu|Universitas Medicus Vratislaviensis|Uniwersytet Medyczny im Piastów Śląskich we Wrocławiu|Medical University of Wroclaw|umw.edu.pl,Q494230|Q811165,,Wrocław Medical University
Praga,Wrocław University of Environmental and Life Sciences,Q4121030,13,0,2,"university in Wrocław, Poland",Uniwersytet Przyrodniczy we Wrocławiu|upwr.edu.pl,Q3918,,Wrocław University of Environmental and Life Sciences
Praga,Wrocławski,Q64767603,13,0,2,family name,Wrocławski (family name)|Wrocławski (surname),Q101352|Q18972245,,
Praga,Wroclaw University of Economics and Business,Q1041598,13,0,2,"business school in Wrocław, Poland",Uniwersytet Ekonomiczny we Wrocławiu|Wrocław University of Economics|ue.wroc.pl,Q3918|Q9364387|Q1143635,,Wrocław University of Economics
Praga,University of Physical Education in Wrocław,Q11684721,13,0,2,"higher education institution for sport and physical education in Wrocław, Poland",University School of Physical Education in Wrocław|AWF|University of Physical Education|Akademia Wychowania Fizycznego we Wrocławiu|AWF Wrocław|Wroclaw University of Health and Sport Sciences|awf.wroc.pl,Q3918|Q43229|Q162633,,
Praga,Wrocław Główny-Szczecin Główny railway,Q803511,13,0,2,railway line in Poland,,Q728937,,Wrocław–Szczecin railway
Praga,Wrocław Academy of Music,Q2500242,13,0,2,university of music in Wrocław,Karol Lipiński Academy of Music in Wrocław|Karol Lipiński University of Music|Karol Lipiński Academy of Music|Musical Academy in Wrocław,Q2385804|Q184644,,Wrocław Academy of Music
Praga,Poznań,Q268,13,0,2,capital of the Greater Poland Voivodeship in west-central Poland,,Q2616791|Q925381|Q707813|Q1549591,,Poznań
Praga,Poznan,Q11826128,13,0,2,male given name,,Q12308941,,
Praga,Poznaň,Q23858340,13,0,2,article in Otto's encyclopedia,,Q13433827,,
Praga,Poznań County,Q101575,13,0,2,powiat of Poland,,Q247073,,Poznań County
Praga,Poznański,Q27890737,13,0,2,family name,,Q101352|Q18972245,,Poznański
Praga,Poznań University of Medical Sciences,Q741563,13,0,2,medical school in Poland,Uniwersytet Medyczny im. Karola Marcinkowskiego w Poznaniu,Q494230|Q45400320|Q38723,,Poznań University of Medical Sciences
Praga,University of Life Sciences in Poznań,Q2364321,13,0,2,"university in Poznań, Poland",Poznań University of Life Sciences,Q3918|Q45400320|Q28521933,,University of Life Sciences in Poznań
Praga,Poznań University of Technology,Q1678753,13,0,2,"technical university in Poznań, Poland",Poznan University of Technology|Politechnika Poznańska|Poznan University of Technlogy|put.poznan.pl,Q1371037,,Poznań University of Technology
Praga,Poznanski,Q36857529,13,0,2,family name,,Q101352,,
Praga,Poznań Fortress,Q50127,13,0,2,set of fortifications in the city of Poznań in western Poland,,Q57831|Q19860854,,Poznań Fortress
Praga,Gdańsk,Q1792,13,0,2,city and capital of the Pomeranian Voivodeship on the Baltic coast of northern Poland,Gdansk|Dantzig|Dantzick|Gedanum,Q1549591|Q2264924|Q707813|Q925381,,Gdańsk
Praga,University of Gdańsk,Q1758009,13,0,2,university in Poland,Uniwersytet Gdański|University of Gdansk|ug.edu.pl|Gdańsk University,Q3918|Q45400320,,University of Gdańsk
Praga,Gdańsk University of Technology,Q465922,13,0,2,"University in Gdańsk, Poland",Politechnika Gdańska|GUT|Gdańsk Tech,Q875538,,Gdańsk University of Technology
Praga,Gdańsk Arena,Q182385,13,0,2,"stadium in Gdańsk, Poland",,Q1154710,,Gdańsk Stadium
Praga,Gdańsk Stocznia,Q1897993,13,0,2,"railway stop in Gdańsk, Poland",,Q55678,,Gdańsk Stocznia railway station
Praga,Gdańsk Shipyard,Q1736541,13,0,2,"shipyard in Gdańsk, Poland",Stocznia Gdanska Lenina,Q4830453|Q190928,,Gdańsk Shipyard
Praga,Gdanski,Q106398445,13,0,2,family name,,Q101352,,
Praga,Gdańsk Stadion Expo train stop,Q9266549,13,0,2,"railway station in Gdańsk, Poland",,Q55488|Q1924069,,
Praga,Gdansk University of Physical Education and Sport,Q9143099,13,0,2,"higher education institution for sport and physical education in Gdańsk, Poland",AWFiS,Q4671277|Q2385804,,
Praga,Gdańsk Bay,Q213367,13,0,2,bay in the Baltic Sea adjoining the port of Gdańsk and stretching to Kaliningrad,Gulf of Gdańsk|Bay of Gdańsk,Q39594,,Gdańsk Bay
Poland,Poland,Q36,13,1,1,country in Central Europe,Republic of Poland,Q3624078|Q6256|Q63791824|Q127693126,,Poland
Poland,Polish–Lithuanian Commonwealth,Q172107,13,1,1,historical multinational monarchist state in Eastern Europe (Crown of the Kingdom of Poland and the Grand Duchy of Lithuania),Republic of Both Nations|Commonwealth of Poland|First Republic of Poland|Poland|Poland–Lithuania|Polish-Lithuanian Commonwealth|Poland-Lithuania,Q3624078|Q3024240|Q1088391,,Polish–Lithuanian Commonwealth
Poland,Poland,Q7208891,13,1,1,family name,,Q101352,,Poland (surname)
Poland,Poland,Q63197748,13,1,1,badminton player,,Q5,,
Poland,Crown of the Kingdom of Poland,Q171348,13,1,1,1385–1795 territorial possessions of the King of Poland,Kingdom of Poland|Poland,Q3024240|Q1250464|Q5473816,,Crown of the Kingdom of Poland
Poland,Poland,Q60379511,13,1,1,1983 edition,,Q3331189,,
Poland,Gregory A. Poland,Q22096751,13,1,1,American physician and vaccinologist,Gregory A Poland|Gregory Poland|G. A. Poland|G A Poland|G. Poland|G Poland|Poland|Poland G|Poland G.|Poland G. A.|Poland GA,Q5,,Gregory Poland
Poland,Poland,Q7208888,13,1,1,constituency of the European Parliament,,Q2631496,,Poland (European Parliament constituency)
Poland,1939 Invasion of Poland,Q150812,13,1,1,"German, Soviet, and Slovak attack on and takeover of Poland that marked the start of World War II",Poland Campaign|Polish Campaign|1939 Defensive War|September Campaign|Invasion of Poland,Q645883|Q831663|Q467011,,Invasion of Poland
Poland,Poland men's national football team,Q166196,13,1,1,men's national association football team representing Poland,Poland national football team|Poland national association football team|Poland men's national association football team,Q135408445,Q1194951,Poland national football team
Poland,Warsaw,Q270,13,1,2,capital and largest city of Poland,,Q925381|Q515|Q1901835|Q1549591|Q1200957|Q51929311|Q56061|Q200250|Q108178728,,Warsaw
Poland,Warsaw,Q106494408,13,1,2,2019 video game,,Q7889,,Warsaw (video game)
Poland,Warsaw,Q37500217,13,1,2,family name,,Q101352,,
Poland,University of Warsaw,Q144488,13,1,2,largest university in Poland,Uniwersytet Warszawski|Warsaw University,Q3918|Q5028741,,University of Warsaw
Poland,Warsaw,Q992560,13,1,2,"city in Indiana, United States","Warsaw, Indiana|Warsaw, IN",Q1093829,,"Warsaw, Indiana"
Poland,Warsaw University of Technology,Q1718656,13,1,2,"technical university in Warsaw, Poland",Warsaw Polytechnic|Politechnika Warszawska|WUT,Q845392|Q1371037|Q3918,,Warsaw University of Technology
Poland,Powązki Military Cemetery,Q2790054,13,1,2,military cemetery located in the Żoliborz district,Military Cemetery in Warsaw|Warsaw Military Cemetery,Q1241568,,Powązki Military Cemetery
Poland,Warsaw,Q7970879,13,1,2,town in New York,"Warsaw, New York|Warsaw, NY",Q15127012|Q106071004,,"Warsaw, New York"
Poland,Warsaw,Q576165,13,1,2,"city in Hancock County, Illinois, United States","Warsaw, Illinois|Warsaw, IL",Q1093829,,"Warsaw, Illinois"
Poland,Warsaw,Q1919763,13,1,2,"city and county seat of Gallatin County, Kentucky, United States","Warsaw, Kentucky|Warsaw, KY",Q1093829,,"Warsaw, Kentucky"
Poland,Kraków,Q31487,13,1,2,capital city of Lesser Poland Voivodeship in southern Poland,Royal City of Kraków|Royal Capital City of Kraków|Kroke|Cracovie|Krakov|Krakiv|Krakkó|Krakova|Krako|Krakoy|Krakuv,Q925381|Q1549591|Q707813|Q1200957|Q108178728|Q7930989|Q13539802|Q129268952,,Kraków
Poland,Krakow,Q37441068,13,1,2,family name,,Q101352,,
Poland,Kraków County,Q1164890,13,1,2,powiat of Poland,Krakow County,Q247073,,Kraków County
Poland,Krakowski,Q21492550,13,1,2,family name,,Q101352|Q18972245,,
Poland,Kraków University of Technology,Q931642,13,1,2,"technical university in Kraków, Poland",Tadeusz Kosciuszko Cracow University of Technology|Tadeusz Kościuszko University of Technology|Politechnika Krakowska im. Tadeusza Kościuszki|pk.edu.pl,Q3918,,Tadeusz Kościuszko Kraków University of Technology
Poland,Sejm Constituency no. 13,Q6435960,13,1,2,Polish parliamentary constituency,Members of Polish Sejm elected from Kraków constituency|Krakow|Members of Polish Sejm elected from Krakow constituency|Kraków II electoral district|Kraków II parliamentary district|Kraków electoral district|Kraków parliamentary district,Q11797473,,Sejm Constituency no. 13
Poland,Krakow University of Economics,Q1471879,13,1,2,"business school in Cracow, Poland",Uniwersytet Ekonomiczny w Krakowie|Akademia Ekonomiczna w Krakowie,Q3918|Q45400320,,Kraków University of Economics
Poland,Krakowskie Studia z Historii Państwa i Prawa,Q17619372,13,1,2,academic journal,,Q1002697|Q773668,,
Poland,Krakowska,Q106403604,13,1,2,family name,Krakowska (family name)|Krakowska (surname),Q101352|Q18972207,,
Poland,Krakow am See,Q536858,13,1,2,town in Germany,,Q42744322,,Krakow am See
Poland,Gdańsk,Q1792,13,1,2,city and capital of the Pomeranian Voivodeship on the Baltic coast of northern Poland,Gdansk|Dantzig|Dantzick|Gedanum,Q1549591|Q2264924|Q707813|Q925381,,Gdańsk
Poland,University of Gdańsk,Q1758009,13,1,2,university in Poland,Uniwersytet Gdański|University of Gdansk|ug.edu.pl|Gdańsk University,Q3918|Q45400320,,University of Gdańsk
Poland,Gdańsk University of Technology,Q465922,13,1,2,"University in Gdańsk, Poland",Politechnika Gdańska|GUT|Gdańsk Tech,Q875538,,Gdańsk University of Technology
Poland,Gdańsk Arena,Q182385,13,1,2,"stadium in Gdańsk, Poland",,Q1154710,,Gdańsk Stadium
Poland,Gdańsk Stocznia,Q1897993,13,1,2,"railway stop in Gdańsk, Poland",,Q55678,,Gdańsk Stocznia railway station
Poland,Gdańsk Shipyard,Q1736541,13,1,2,"shipyard in Gdańsk, Poland",Stocznia Gdanska Lenina,Q4830453|Q190928,,Gdańsk Shipyard
Poland,Gdanski,Q106398445,13,1,2,family name,,Q101352,,
Poland,Gdańsk Stadion Expo train stop,Q9266549,13,1,2,"railway station in Gdańsk, Poland",,Q55488|Q1924069,,
Poland,Gdansk University of Physical Education and Sport,Q9143099,13,1,2,"higher education institution for sport and physical education in Gdańsk, Poland",AWFiS,Q4671277|Q2385804,,
Poland,Gdańsk Bay,Q213367,13,1,2,bay in the Baltic Sea adjoining the port of Gdańsk and stretching to Kaliningrad,Gulf of Gdańsk|Bay of Gdańsk,Q39594,,Gdańsk Bay
Poland,Poznań,Q268,13,1,2,capital of the Greater Poland Voivodeship in west-central Poland,,Q2616791|Q925381|Q707813|Q1549591,,Poznań
Poland,Poznan,Q11826128,13,1,2,male given name,,Q12308941,,
Poland,Poznaň,Q23858340,13,1,2,article in Otto's encyclopedia,,Q13433827,,
Poland,Poznań County,Q101575,13,1,2,powiat of Poland,,Q247073,,Poznań County
Poland,Poznański,Q27890737,13,1,2,family name,,Q101352|Q18972245,,Poznański
Poland,Poznań University of Medical Sciences,Q741563,13,1,2,medical school in Poland,Uniwersytet Medyczny im. Karola Marcinkowskiego w Poznaniu,Q494230|Q45400320|Q38723,,Poznań University of Medical Sciences
Poland,University of Life Sciences in Poznań,Q2364321,13,1,2,"university in Poznań, Poland",Poznań University of Life Sciences,Q3918|Q45400320|Q28521933,,University of Life Sciences in Poznań
Poland,Poznań University of Technology,Q1678753,13,1,2,"technical university in Poznań, Poland",Poznan University of Technology|Politechnika Poznańska|Poznan University of Technlogy|put.poznan.pl,Q1371037,,Poznań University of Technology
Poland,Poznanski,Q36857529,13,1,2,family name,,Q101352,,
Poland,Poznań Fortress,Q50127,13,1,2,set of fortifications in the city of Poznań in western Poland,,Q57831|Q19860854,,Poznań Fortress
Poland,Wrocław,Q1799,13,1,2,"city in the Lower Silesian Voivodeship, southwestern Poland, and historical capital of Silesia",Brassel,Q925381|Q515|Q707813|Q1549591,,Wrocław
Poland,Wrocław University of Science and Technology,Q522109,13,1,2,"technical university in Wrocław, Poland",Politechnika Wrocławska|Technische Hochschule Breslau|Wrocław University of Technology,Q845392|Q45400320|Q43229,,Wrocław University of Science and Technology
Poland,Wrocław County,Q715974,13,1,2,powiat of Poland,powiat wrocławski,Q247073,,Wrocław County
Poland,Wrocław Medical University,Q1916589,13,1,2,"University in Wrocław, Poland",Uniwersytet Medyczny we Wrocławiu|Universitas Medicus Vratislaviensis|Uniwersytet Medyczny im Piastów Śląskich we Wrocławiu|Medical University of Wroclaw|umw.edu.pl,Q494230|Q811165,,Wrocław Medical University
Poland,Wrocław University of Environmental and Life Sciences,Q4121030,13,1,2,"university in Wrocław, Poland",Uniwersytet Przyrodniczy we Wrocławiu|upwr.edu.pl,Q3918,,Wrocław University of Environmental and Life Sciences
Poland,Wrocławski,Q64767603,13,1,2,family name,Wrocławski (family name)|Wrocławski (surname),Q101352|Q18972245,,
Poland,Wroclaw University of Economics and Business,Q1041598,13,1,2,"business school in Wrocław, Poland",Uniwersytet Ekonomiczny we Wrocławiu|Wrocław University of Economics|ue.wroc.pl,Q3918|Q9364387|Q1143635,,Wrocław University of Economics
Poland,University of Physical Education in Wrocław,Q11684721,13,1,2,"higher education institution for sport and physical education in Wrocław, Poland",University School of Physical Education in Wrocław|AWF|University of Physical Education|Akademia Wychowania Fizycznego we Wrocławiu|AWF Wrocław|Wroclaw University of Health and Sport Sciences|awf.wroc.pl,Q3918|Q43229|Q162633,,
Poland,Wrocław Główny-Szczecin Główny railway,Q803511,13,1,2,railway line in Poland,,Q728937,,Wrocław–Szczecin railway
Poland,Wrocław Academy of Music,Q2500242,13,1,2,university of music in Wrocław,Karol Lipiński Academy of Music in Wrocław|Karol Lipiński University of Music|Karol Lipiński Academy of Music|Musical Academy in Wrocław,Q2385804|Q184644,,Wrocław Academy of Music
Poland,Łódź,Q580,13,1,2,city in Łódź Voivodeship in central Poland,Lodz|Łodzi|Lodzh|Lodsch|Litzmannstadt|Lodž|Lodz',Q1549591|Q925381|Q515,,Łódź
Poland,Łódź,Q471231,13,1,2,village of Poland,Łódź,Q3558970,,"Łódź, Poznań County"
Poland,Łódź,Q9395036,13,1,2,"village in Greater Poland, Poland",,Q3558970,,"Łódź, Gostyń County"
Poland,Łódź,Q33731189,13,1,2,municipality of Poland,,Q15284|Q15334,,
Poland,Łódź Voivodeship,Q54158,13,1,2,voivodeship of Poland,Łódź Province,Q150093,,Łódź Voivodeship
Poland,ship,Q11446,13,1,2,large buoyant watercraft,vessel|marine vessel|water vessel|ships|Ships,Q16335899,Q1229765|Q16391167|Q20980497,Ship
Poland,University of Łódź,Q137503,13,1,2,university in Poland,University of Lodz|Lodz University|Uniwersytet Łódzki|Uniwersity of Lodz|Łódź University|University of Łódz|University of Łodż|uni.lodz.pl,Q3918|Q45400320,,University of Łódź
Poland,National Film School in Łódź,Q1458675,13,1,2,film academy in Poland,"Polish National Film, Television and Theatre School in Łódź|Leon Schiller Polish National Film, Television and Theatre School in Łódź|Łódź Film School",Q380093|Q2143781|Q38723,,Łódź Film School
Poland,Łódź University of Technology,Q2140369,13,1,2,"university of technology in Łódź, Poland",TUL|Technical University of Lodz|p.lodz.pl,Q875538|Q845392,,Łódź University of Technology
Poland,Łódź,Q8081134,13,1,2,constituency of the European Parliament,,Q2631496,,Łódź (European Parliament constituency)
Poland,Bydgoszcz,Q41252,13,1,2,city in the Kuyavian-Pomeranian Voivodeship in north-central Poland,Bromberg|Bydgostia,Q925381|Q515|Q1549591|Q13416557,,Bydgoszcz
Poland,Bydgoszcz County,Q750576,13,1,2,powiat of Poland,,Q247073,,Bydgoszcz County
Poland,Bydgoszcz,Q5003992,13,1,2,"village in the administrative district of Gmina Lipnica, Poland",,Q3558970|Q138845716,,"Bydgoszcz, Pomeranian Voivodeship"
Poland,Bydgoszcz Water Junction,Q9182602,13,1,2,group of rivers and canals in northern Poland,,Q355304,,
Poland,Feliks Nowowiejski Music Academy,Q2462693,13,1,2,the Feliks Nowowiejski Music Academy in Bydgoszcz,"Akademia Muzyczna im. Feliksa Nowowiejskiego w Bydgoszczy|Bydgoszcz Academy of Music|Academy of Music – ""Feliks Nowowiejski""|F. Nowowiejski Academy of Music",Q162633|Q43229,,Feliks Nowowiejski Music Academy
Poland,Bydgoszcz,Q61071650,13,1,2,,,Q486972,,
Poland,Bydgoszcz Canal,Q740222,13,1,2,"canal in Poland, between the cities of Bydgoszcz and Nakło",,Q12284|Q1267889|Q811165,,Bydgoszcz Canal
Poland,Bydgoszcz Scientific Society,Q9182617,13,1,2,,,Q43229,,
Poland,Sejm Constituency no. 4,Q5003993,13,1,2,parliamentary constituency in Poland,Bydgoszcz electoral district|Bydgoszcz parliamentary district|Constituency no. 4 for the Sejm of the Republic of Poland|Bydgoszcz constituency,Q11797473,,Sejm Constituency no. 4
Poland,2019 European Team Championships,Q30765267,13,1,2,,2019 European Athletics Team Championships,Q1630626|Q11783626,,2019 European Athletics Team Championships
Llanrumney,Llanrumney,Q1403122,14,0,1,district and community of Cardiff,,Q149621|Q2630741,,Llanrumney
Llanrumney,Llanrumney,Q56649408,14,0,1,"ward or electoral division in Cardiff, Wales",Llanrumney ED,Q589282,,Llanrumney (electoral ward)
Llanrumney,Llanrumney High School,Q13644941,14,0,1,"community school in Cardiff, Wales",Ysgol Uwchradd Llanrhymni,Q159334|Q9826,,Llanrumney High School
Llanrumney,Llanrumney Hub Public Conveniences,Q107357689,14,0,1,Public Conveniences in Llanrumney,,Q813966,,
Llanrumney,Llanrumney Hall,Q17741407,14,0,1,Grade II* listed building in Cardiff,Lanrumney Hall|Glanrumney Hall|Llanrumney Hall Hotel,Q1343246|Q27686|Q212198,,Llanrumney Hall
Llanrumney,"Llanrumney High School, Ball Road, Llanrumney, Cardiff, CF3 4YW : report on the inspection under section 10 of the School Inspection Act 1996 : school number : 681/4052 : date of inspection : 13 - 16 November 2000",Q70689489,14,0,1,report,,Q10870555|Q47461344,,
Llanrumney,"Llanrumney High School, Ball Road, Llanrumney, Cardiff, CF3 4YW : a summary report for parents on the inspection under section 10 of the School Inspection Act 1996 : school number : 681/4052 : date of inspection : 13 - 16 November 2000",Q70703912,14,0,1,report,,Q10870555|Q47461344,,
Llanrumney,"Llanrumney High School, Ball Road, Llanrumney, Cardiff, CF3 4YW : a summary report for parents on the inspection under section 10 of the School Inspection Act 1996 : school number : 681/4052 : date of inspection : 13 - 16 November 2000",Q70322299,14,0,1,edition; published in 2000,,Q3331189,,
Llanrumney,"Llanrumney High School, Ball Road, Llanrumney, Cardiff, CF3 9YW : inspection under Section 9 of the Education (Schools) Act : school no : 576/4052 : date of inspection : 29th April - 3rd May 1996",Q76549768,14,0,1,edition; published in 1996,,Q3331189,,
Llanrumney,"Llanrumney High School, Ball Road, Llanrumney, Cardiff, CF3 9YW : inspection under Section 9 of the Education (Schools) Act : school no : 576/4052 : date of inspection : 29th April - 3rd May 1996",Q77171857,14,0,1,book (work),,Q47461344,,
United Kingdom,United Kingdom,Q145,14,1,1,island country in north-west Europe,United Kingdom of Great Britain and Northern Ireland|U K|G B|Great Britain|Great Britain and Northern Ireland|the United Kingdom of Great Britain and Northern Ireland|the UK|the United Kingdom,Q3624078|Q6256|Q20181813|Q112099,,United Kingdom
United Kingdom,United Kingdom of Great Britain and Ireland,Q174193,14,1,1,historical sovereign state (1801–1922),United Kingdom|UKGBI|Great Britain and Ireland,Q3624078|Q3024240|Q20181813|Q6256,,United Kingdom of Great Britain and Ireland
United Kingdom,Government of the United Kingdom,Q6063,14,1,1,central government of the United Kingdom of Great Britain and Northern Ireland,UK Government|His Majesty's Government|British Government|HM Government|United Kingdom Government|Her Majesty's Government|HMG,Q1320217|Q10926884|Q16334295,Q7188,Government of the United Kingdom
United Kingdom,United Kingdom,Q7887906,14,1,1,album by Manny Montes,,Q482994,,
United Kingdom,British English,Q7979,14,1,1,forms of the English language used in Britain,English (United Kingdom)|United Kingdom English|UK English|BrE|BE|Commonwealth English|Oxford English,Q951873|Q455374,Q138349272,British English
United Kingdom,Kingdom of Great Britain,Q161885,14,1,1,constitutional monarchy in Western Europe (1707–1800),United Kingdom of Great Britain|UKGB|UK|GB|Great Britain,Q3624078|Q417175|Q3024240|Q6256,,Kingdom of Great Britain
United Kingdom,Parliament of the United Kingdom,Q11010,14,1,1,supreme legislative body of the United Kingdom,Parliament of the United Kingdom of Great Britain and Northern Ireland|British Parliament|UK Parliament|United Kingdom Parliament|Parliament of Britain|British legislature|U.K. Parliament|Westminster|Parliament|Parliament of the UK,Q35749|Q189445,,Parliament of the United Kingdom
United Kingdom,United Kingdom,Q108280869,14,1,1,1989 studio album by American Music Club,,Q482994,,United Kingdom (album)
United Kingdom,Conservative Party,Q9626,14,1,1,centre-right to right-wing political party in the United Kingdom,Tories|Conservative and Unionist Party|Conservatives|UK Conservative Party|United Kingdom Conservative Party|Tory Party|Conservative Party (Great Britain) -- Elections|Conservative Party (Great Britain) -- Records and correspondence|British Conservative Party|Conservative Party (UK),Q7278,,Conservative Party (UK)
United Kingdom,Public General Act of the Parliament of the United Kingdom,Q105774620,14,1,1,"Act of Parliament that is part of the series of Public General Acts, passed via the public bill procedure or the hybrid procedure, generally applying to the public at large",Public General Act of Parliament of the United Kingdom|United Kingdom Public General Act of Parliament|Public General Act of the United Kingdom Parliament|UK Public General Act of Parliament,Q110430875,Q4677783|Q740464,
Kebun Baru,Kebun Baru,Q14634360,15,0,1,"village in Kayu Aro Barat District, Kerinci Regency, Jambi, Indonesia",,Q26211545,,
Kebun Baru,Kebun Baru,Q14634358,15,0,1,"village in Gunung Raya District, Kerinci Regency, Jambi, Indonesia",,Q26211545,,
Kebun Baru,Kebun Baru,Q12490155,15,0,1,"village in Bener Meriah Regency, Aceh, Indonesia",,Q4285979,,
Kebun Baru,Kebun Baru,Q18748170,15,0,1,"village in Simeulue Regency, Aceh, Indonesia",Kebun Baru Village,Q4285979,,
Kebun Baru,Kebun Baru,Q6382441,15,0,1,subzone of Ang Mo Kio Planning Area in Singapore,Nee Soon South,Q149621,,Kebun Baru
Kebun Baru,Kebun Baru Single Member Constituency,Q6382442,15,0,1,Constituency of Singapore,Kebun Baru SMC,Q5163953|Q1052894,,Kebun Baru Single Member Constituency
Kebun Baru,Kebun Baru Office,Q113129362,15,0,1,Kebun Baru Office of the Ang Mo Kio Town Council,,Q182060,,
Kebun Baru,Kebun Baru Market and Food Centre,Q107803961,15,0,1,Market and hawker centre that serves the residents living in the Kebun Baru area of Ang Mo Kio,,Q41176|Q842153|Q863425,,
Kebun Baru,Kebun Baru Food Centre,Q135679594,15,0,1,hawker centre in Singapore,,Q863425,,
Kebun Baru,Kebun Baru,Q14634356,15,0,1,Wikimedia disambiguation page,,Q4167410,,
Kebun Baru,Singapore Botanic Gardens,Q3046409,15,0,2,botanical garden located in Singapore,"Singapore Botanical Gardens|Herbarium, Singapore Botanic Gardens, Singapore|SING",Q167346|Q181916,,Singapore Botanic Gardens
Kebun Baru,Singapore Botanic Gardens Seed Bank,Q100137728,15,0,2,seed bank in Singapore,,Q1426613,,
Kebun Baru,Singapore Botanic Gardens,Q58970108,15,0,2,scientific article published in Nature,,Q13442814,,
Kebun Baru,Singapore Botanic Gardens Special Part,Q136065506,15,0,2,scientific article published in 2025,,Q13442814,,
Singapore,Singapore,Q334,15,1,1,sovereign island country and city-state in maritime Southeast Asia,Republic of Singapore|SG|sg|Singapore City|SGP|Lion City|Garden City|SIN|S'pore,Q3624078|Q133442|Q112099|Q515|Q2264924|Q1549591|Q902814|Q6256|Q208511|Q108178728,,Singapore
Singapore,Singapore General Hospital,Q7522983,15,1,1,hospital in Singapore,SGH|Hospital Besar Singapura|Xīnjiāpō Zhōngyāng Yīyuàn,Q16917,,Singapore General Hospital
Singapore,Singapore Medical Journal,Q15758715,15,1,1,journal,,Q5633421|Q773668|Q73364223|Q73365499|Q16024164,,Singapore Medical Journal
Singapore,Singapore Island,Q1054746,15,1,1,main island of the Republic of Singapore,Pulau Ujong|Mainland Singapore|Singapore,Q23442,,Singapore (island)
Singapore,Singapore,Q140696604,15,1,1,encyclopedia article,,Q13433827,,
Singapore,Singapore,Q139912611,15,1,1,,,Q1980247,,
Singapore,Singapore men's national football team,Q239528,15,1,1,men's national association football team representing Singapore,Singapore national football team,Q135408445,Q1194951,Singapore national football team
Singapore,Singapore Airlines,Q32245,15,1,1,the flag carrier airline of Singapore,SQ|SIA|Singapore Airlines Group|Singapore Airlines Ltd.|Singapore Airlines Limited,Q46970|Q891723,,Singapore Airlines
Singapore,Singapore-MIT Alliance for Research and Technology,Q7523322,15,1,1,,Singapore–MIT alliance|SMART,Q3918,,
Singapore,Central Area,Q3306197,15,1,1,city centre of Singapore,Singapore,Q1468524,,"Central Area, Singapore"
Singapore,Singapore City Gallery,Q16334460,15,1,2,"urban planning museum in Maxwell Road, Singapore",,Q33506,,Singapore City Gallery
Singapore,1957 Singapore City Council election,Q7522933,15,1,2,,"Singapore City Council election, 1957",Q40231,,1957 Singapore City Council election
Singapore,1951 Singapore City Council election,Q19840812,15,1,2,,"Singapore City Council election, 1951",Q40231,,1951 Singapore City Council election
Singapore,Republic of Singapore Air Force,Q2002451,15,1,2,air warfare branch of Singapore's military,RoSAF|RSAF,Q61883,,Republic of Singapore Air Force
Singapore,Republic of Singapore Navy,Q2531890,15,1,2,naval branch of the Singapore Armed Forces,Singapore Navy,Q4508,,Republic of Singapore Navy
Singapore,Singapore Police Force,Q11081257,15,1,2,police force of Singapore,Republic of Singapore Police|SPF,Q327333|Q732717,,Singapore Police Force
Singapore,Republic of Singapore Navy fleet,Q105999132,15,1,2,watercraft in service with the Republic of Singapore Navy,fleet of the Republic of Singapore Navy|naval vessels in Republic of Singapore Navy service|watercraft in Republic of Singapore Navy service,Q105982452,,
Singapore,history of the Republic of Singapore,Q5870290,15,1,2,history of modern Singapore,the Republic of Singapore history|Republic of Singapore history,Q17524420,,History of the Republic of Singapore
Singapore,Republic of Singapore Air Force A-4S Skyhawk fleet,Q122351167,15,1,2,A-4S Skyhawk in Republic of Singapore Air Force service,A-4S Skyhawk in Republic of Singapore Air Force service,Q1875630,,
Little India,Little India,Q2392844,16,0,1,neighbourhood east of the Singapore River,,Q149621|Q123705|Q50513,,"Little India, Singapore"
Little India,Little India,Q6650411,16,0,1,human settlement in Malaysia,,Q6650409,,"Little India, Penang"
Little India,Little India,Q140048735,16,0,1,monograph published by University of California Press (2007),,Q193495,,
Little India,Brickfields,Q8280759,16,0,1,district in Federal Territory of Kuala Lumpur,"Little India|Little India, Kuala Lumpur",Q486972,,"Brickfields, Kuala Lumpur"
Little India,Little India,Q6650409,16,0,1,Indian environment outside India,,,Q3610510,Little India
Little India,Echis carinatus,Q818485,16,0,1,species of reptile,saw-scaled viper|Indian saw-scaled viper|little Indian viper,Q16521,,Echis carinatus
Little India,Little India,Q104217312,16,0,1,"Little India in Johor Bahru, Johor, Malaysia",,Q6650409,,
Little India,Little India,Q6650406,16,0,1,US magazine,,Q41298,,Little India (magazine)
Little India,Little India MRT station,Q3194232,16,0,1,Underground Mass Rapid Transit (MRT) station on the North East Line and Downtown Line in Singapore,NE7/DT12|NE7|DT12,Q928830|Q22808403,,Little India MRT station
Little India,Little India,Q65056387,16,0,1,"South Asian market in Edison, New Jersey",,,,"Little India (Middlesex County, New Jersey)"
Singapore,Singapore,Q334,16,1,1,sovereign island country and city-state in maritime Southeast Asia,Republic of Singapore|SG|sg|Singapore City|SGP|Lion City|Garden City|SIN|S'pore,Q3624078|Q133442|Q112099|Q515|Q2264924|Q1549591|Q902814|Q6256|Q208511|Q108178728,,Singapore
Singapore,Singapore General Hospital,Q7522983,16,1,1,hospital in Singapore,SGH|Hospital Besar Singapura|Xīnjiāpō Zhōngyāng Yīyuàn,Q16917,,Singapore General Hospital
Singapore,Singapore Medical Journal,Q15758715,16,1,1,journal,,Q5633421|Q773668|Q73364223|Q73365499|Q16024164,,Singapore Medical Journal
Singapore,Singapore Island,Q1054746,16,1,1,main island of the Republic of Singapore,Pulau Ujong|Mainland Singapore|Singapore,Q23442,,Singapore (island)
Singapore,Singapore,Q140696604,16,1,1,encyclopedia article,,Q13433827,,
Singapore,Singapore,Q139912611,16,1,1,,,Q1980247,,
Singapore,Singapore men's national football team,Q239528,16,1,1,men's national association football team representing Singapore,Singapore national football team,Q135408445,Q1194951,Singapore national football team
Singapore,Singapore Airlines,Q32245,16,1,1,the flag carrier airline of Singapore,SQ|SIA|Singapore Airlines Group|Singapore Airlines Ltd.|Singapore Airlines Limited,Q46970|Q891723,,Singapore Airlines
Singapore,Singapore-MIT Alliance for Research and Technology,Q7523322,16,1,1,,Singapore–MIT alliance|SMART,Q3918,,
Singapore,Central Area,Q3306197,16,1,1,city centre of Singapore,Singapore,Q1468524,,"Central Area, Singapore"
Singapore,Little India,Q2392844,16,1,2,neighbourhood east of the Singapore River,,Q149621|Q123705|Q50513,,"Little India, Singapore"
Singapore,Little India,Q6650411,16,1,2,human settlement in Malaysia,,Q6650409,,"Little India, Penang"
Singapore,Little India,Q140048735,16,1,2,monograph published by University of California Press (2007),,Q193495,,
Singapore,Brickfields,Q8280759,16,1,2,district in Federal Territory of Kuala Lumpur,"Little India|Little India, Kuala Lumpur",Q486972,,"Brickfields, Kuala Lumpur"
Singapore,Little India,Q6650409,16,1,2,Indian environment outside India,,,Q3610510,Little India
Singapore,Echis carinatus,Q818485,16,1,2,species of reptile,saw-scaled viper|Indian saw-scaled viper|little Indian viper,Q16521,,Echis carinatus
Singapore,Little India,Q104217312,16,1,2,"Little India in Johor Bahru, Johor, Malaysia",,Q6650409,,
Singapore,Little India,Q6650406,16,1,2,US magazine,,Q41298,,Little India (magazine)
Singapore,Little India MRT station,Q3194232,16,1,2,Underground Mass Rapid Transit (MRT) station on the North East Line and Downtown Line in Singapore,NE7/DT12|NE7|DT12,Q928830|Q22808403,,Little India MRT station
Singapore,Little India,Q65056387,16,1,2,"South Asian market in Edison, New Jersey",,,,"Little India (Middlesex County, New Jersey)"
Singapore,Singapore City Gallery,Q16334460,16,1,2,"urban planning museum in Maxwell Road, Singapore",,Q33506,,Singapore City Gallery
Singapore,1957 Singapore City Council election,Q7522933,16,1,2,,"Singapore City Council election, 1957",Q40231,,1957 Singapore City Council election
Singapore,1951 Singapore City Council election,Q19840812,16,1,2,,"Singapore City Council election, 1951",Q40231,,1951 Singapore City Council election
Montmartre,Montmartre,Q2201159,17,0,1,"village in Saskatchewan, Canada",,Q6644778,,"Montmartre, Saskatchewan"
Montmartre,Montmartre,Q186115,17,0,1,large hill in Paris's northern 18th arrondissement,,Q149621|Q54050|Q123705,,Montmartre
Montmartre,Montmartre,Q18199314,17,0,1,"former commune in Seine, France",Montmartre (réunie à Paris)|Mont-Marat,Q484170,,
Montmartre,Montmartre Cemetery,Q746647,17,0,1,"cemetery located in Paris, in France",Cimetière de Montmartre|Cimetie`re de Montmartre|Cimetiere de Montmartre,Q39614,,Montmartre Cemetery
Montmartre,Montmartre,Q33551661,17,0,1,2011 film by Frederik With-Seidelin Skov,,Q11424,,
Montmartre,Montmartre,Q27964944,17,0,1,painting by Georges Michel,,Q3305213,,
Montmartre,Montmartre,Q50942395,17,0,1,painting by Matthijs Maris,,Q3305213,,
Montmartre,Montmartre,Q11344785,17,0,1,French-bred Thoroughbred racehorse,,Q726,,Montmartre (horse)
Montmartre,Montmartre,Q27964942,17,0,1,painting by Stanislas-Victor-Edouard Lépine,,Q3305213,,
Montmartre,Montmartre: mills and vegetable gardens,Q18689454,17,0,1,painting by Vincent van Gogh,,Q3305213,,
Montmartre,"Montmartre, Paris",Q119320193,17,0,2,"painting by J. E. Piper, Dover Collections",,Q3305213,,
Montmartre,"Montmartre, Paris, France",Q119638308,17,0,2,"painting by Arthur Henry Andrews (1906–1966), Bournemouth & Poole College",,Q3305213,,
Montmartre,"Montmartre, Paris",Q28003880,17,0,2,painting by Gerhart Frankl,,Q3305213,,
France,France,Q142,17,1,1,"country in Western Europe and other continents (through its overseas territories in America, Africa and Oceania)",French Republic,Q3624078|Q20181813|Q51576574|Q7270|Q6256,,France
France,France,Q3080569,17,1,1,unisex given name,France (first name)|France (given name),Q3409032|Q11879590|Q12308941,,
France,France,Q16275867,17,1,1,family name,,Q101352,,France (name)
France,Francesco,Q2268455,17,1,1,male given name,Francesco (first name)|Francesco (given name),Q12308941,,Francesco
France,France men's national association football team,Q47774,17,1,1,national association football team representing France,France national football team|France|France national soccer team|France national association football team|France men's national football team|Les Bleus,Q135408445,Q1194951,France national football team
France,Frances,Q1440778,17,1,1,female given name,,Q11879590,,Frances
France,French State,Q3591845,17,1,1,French public collective and all public authorities,France,Q7275,,
France,France,Q49644,17,1,1,1912 Courbet-class battleship,French battleship France,Q847109,,French battleship France
France,Francesca,Q2695945,17,1,1,female given name,Francesca (first name)|Francesca (given name),Q11879590,,Francesca
France,Petrarch,Q1401,17,1,1,Italian scholar and poet (1304-1374),Francesco Petrarca|Peetrarque|Petrarque|Francesco Peetrarque|Francesco Petrarch|Francis Petrarch,Q5,,Petrarch
France,French Third Republic,Q70802,17,1,2,nation of France from 1870 to 1940,La Troisième République|La IIIe République|La Troisieme Republique|La IIIe Republique|Third Republic of France|French Republic|Third French Republic,Q3024240|Q3624078|Q17152708,,French Third Republic
France,French First Republic,Q58296,17,1,2,"republic governing France, 1792–1804",First Republic|First French Republic|French Republic,Q3024240|Q3624078|Q17152708,,French First Republic
France,French Fifth Republic,Q200686,17,1,2,current system of government of France (1958–present),Fifth French Republic|Fifth Republic|5th Republic|5th French Republic|French 5th Republic|French Republic,Q17152708|Q3624078,,French Fifth Republic
France,French Republican calendar,Q181974,17,1,2,calendar,French Revolutionary calendar|FRC,Q17154131|Q5249171|Q126962934,,French Republican calendar
France,French Republican Party,Q3366676,17,1,2,French political party,Parti républicain français|Parti republicain français,Q7278|Q23702035,,Republican Party (France)
France,French Republicans under the Restoration,Q15974488,17,1,2,campaigned for the monarchy's abolition,,,,French Republicans under the Restoration
France,French Republicans under the July Monarchy,Q15974489,17,1,2,political event,,,,French Republicans under the July Monarchy
France,French Republicanism and the Emergence of Saigon’s Public Sphere,Q124751273,17,1,2,,,Q21481766,,
France,French Republican Calendar GNOME Shell extension,Q100718096,17,1,2,utility,,Q89104087,,
France,Republique Française,Q75403068,17,1,2,print in the National Gallery of Art (NGA 98018),,Q11060274,,
France,Republique Française,Q75403075,17,1,2,print in the National Gallery of Art (NGA 98020),,Q11060274,,
France,republic regime in France,Q17152708,17,1,2,overview of France as republic in history,,,Q5589178|Q1307214|Q7270,
France,Republique Française / carte d'Identité (French Republic / Identity Card),Q77260747,17,1,2,print in the National Gallery of Art (NGA 212111),,Q11060274,,
France,République française,Q106603980,17,1,2,,,Q860861,,
France,République française,Q106604605,17,1,2,sculpture by Anonyme,,Q860861,,
France,French ship République française,Q5502576,17,1,2,ship of the line of the French Navy,,Q11446,,French ship République française (1802)
France,République française,Q106611949,17,1,2,sculpture by Baudichon,,Q860861,,
Mardistan,Mardistan,Q428056,18,0,1,historic district of Armenia,,Q4131030,,Mardistan
Mardistan,Mardistan,Q27964326,18,0,1,2014 film,,Q11424,,Mardistan (film)
Mardistan,"Mardistan (Macholand) Harjant Gill, dir. 28 min. New Delhi, India: Public Service Broadcasting Trust/Doordarshan, 2014. Punjabi, Hindi, and English w/subtitles.",Q140474873,18,0,1,"scholarly article published in American Anthropologist, vol. 118, no. 3 (2016) (DOI: 10.1111/AMAN.12673)",,Q13442814,,
Kingdom of Armenia,Kingdom of Armenia,Q208404,18,1,1,ancient state of Armenia,,Q3932025,,Kingdom of Armenia (antiquity)
Kingdom of Armenia,Kingdom of Armenia,Q1163676,18,1,1,Wikimedia disambiguation page,,Q4167410,,Kingdom of Armenia
Kingdom of Armenia,Armenia-Kingdom of the Netherlands Bilateral Investment Treaty,Q136393357,18,1,2,bilateral investment treaty between Armenia and Kingdom of the Netherlands,,Q1671773,,
Kingdom of Armenia,Armenian Kingdom of Cilicia,Q335088,18,1,2,Armenian Middle Ages state (1080–1375),Little Armenia,Q3624078|Q3024240,,Armenian Kingdom of Cilicia
San Roque,San Roque,Q1525767,19,0,1,Colombian municipality of the department of Antioquia,,Q2555896,,"San Roque, Antioquia"
San Roque,San Roque,Q175230,19,0,1,municipality of the Philippines in the province of Northern Samar,"Municipality of San Roque|San Roque, Northern Samar",Q24764,,"San Roque, Northern Samar"
San Roque,San Roque,Q828978,19,0,1,"parish (parroquia) in Cabrales, Asturias, Spain",,Q55102916|Q8776398,,San Roque (Cabrales)
San Roque,San Roque,Q846153,19,0,1,"municipality and town in the Province of Cádiz, Spain",,Q2074737,,"San Roque, Spain"
San Roque,San Roque l'Acebal,Q20620694,19,0,1,"parish (parroquia) in Asturias, Spain",San Roque,Q55102916|Q8776398,,San Roque l'Acebal
San Roque,San Roque,Q20240296,19,0,1,"town in Villa Victoria municipality, State of Mexico, Mexico",,Q20202352,,
San Roque,San Roque,Q61249934,19,0,1,"town in Cuautitlán Municipality, State of México, Mexico",Fracción San Roque|Fraccion San Roque|El Prieto,Q20202352,,
San Roque,San Roque,Q20295309,19,0,1,human settlement in Mexico,,Q486972|Q20202352,,
San Roque,San Roque,Q65296497,19,0,1,,,Q5084,,
San Roque,San Roque,Q20547603,19,0,1,"human settlement in Coristanco, A Coruña Province, Galicia, Spain",,Q20541692|Q121289819,,
Philippines,Philippines,Q928,19,1,1,archipelagic country in Southeast Asia,Republic of the Philippines|The Philippines|Philippine Islands|RP,Q3624078|Q11815167|Q6256|Q112099,,Philippines
Philippines,National Historical Commission of the Philippines,Q2652138,19,1,1,Philippine government agency,NHCP|Philippines Historical Research and Markers Committee|PHRMC|Historical Research and Markers Committee|HRMC|Philippines Historical Committee|PHC|National Historical Commission|NHC|National Historical Institute|NHI,Q327333|Q5774403,,National Historical Commission of the Philippines
Philippines,National Historical Commission of the Philippines historical marker,Q21562164,19,1,1,commemorative plaque or set of commemorative plaques created by the National Historical Commission of the Philippines or any of its predecessors,NHCP historical marker|National Historical Institute historical marker|NHI historical marker|Philippines Historical Committee historical marker|PHC historical marker|Philippine Historical Research and Markers Committee historical marker|PHRMC historical marker|HRMC historical marker,,Q721747,Historical markers of the Philippines
Philippines,Member of the Senate of the Philippines,Q18579098,19,1,1,,Philippine Senator|Philippines Senator|Senator of the Philippines,Q4164871,Q15686806,
Philippines,Philippines men's national association football team,Q219854,19,1,1,men's national association football team representing the Philippines,Filipino national football team|Azkals|Philippines national football team|Philippines men's national football team,Q135408445,Q1194951,Philippines national football team
Philippines,Captaincy General of the Philippines,Q2721139,19,1,1,1565–1898 territory of the Spanish Empire in Asia,Capitanía General de las Filipinas|Capitania General de las Filipinas|Spanish Philippines|Philippines under Spanish rule,Q5036886|Q133156,,Captaincy General of the Philippines
Philippines,2019 Southeast Asian Games,Q3550424,19,1,1,30th Southeast Asian Games held in Philippines,Philippines 2019|2019 SEA Games,Q167170,,2019 SEA Games
Philippines,Congress of the Philippines,Q1542985,19,1,1,bicameral legislature of the Republic of the Philippines,Philippine Congress|Philippines Congress|Philippine legislature,Q189445,,Congress of the Philippines
Philippines,sports in the Philippines,Q7579511,19,1,1,overview of sports tradition in the Philippines,sport in the Philippines|Philippines sports|sports of the Philippines|sporting in the Philippines,Q29791211,Q166291,Sports in the Philippines
Philippines,Philippines women's national football team,Q933074,19,1,1,national association football team,Filipinas|Philippine women's national football team|Filipino women's national football team,Q23905105,Q1194951,Philippines women's national football team
Lapuz,Lapuz,Q37480962,20,0,1,family name,,Q101352,,
Lapuz,Lapuz,Q6488453,20,0,1,"district of Iloilo City, Philippines","Lapuz, Iloilo City|Lapuz, City of Iloilo",Q149621,,"Lapuz, Iloilo City"
Lapuz,Lapuz,Q31811804,20,0,1,,,Q486972,,
Lapuz,Lapuz Lapuz Cave,Q25052386,20,0,1,cave and archaeological site in the Philippines,,Q839954|Q35509,,Lapuz Lapuz Cave
Lapuz,Lapuzlapuz Point,Q31835644,20,0,1,point in the Philippines,,Q24529780,,
Lapuz,Lapuz,Q6488452,20,0,1,Wikimedia disambiguation page,,Q4167410,,Lapuz
Lapuz,Lapuža,Q21726227,20,0,1,river in Bosnia and Herzegovina,,Q4022,,
Lapuz,Lapuzza,Q8183889,20,0,1,Wikimedia disambiguation page,,Q4167410,,
Philippines,Philippines,Q928,20,1,1,archipelagic country in Southeast Asia,Republic of the Philippines|The Philippines|Philippine Islands|RP,Q3624078|Q11815167|Q6256|Q112099,,Philippines
Philippines,National Historical Commission of the Philippines,Q2652138,20,1,1,Philippine government agency,NHCP|Philippines Historical Research and Markers Committee|PHRMC|Historical Research and Markers Committee|HRMC|Philippines Historical Committee|PHC|National Historical Commission|NHC|National Historical Institute|NHI,Q327333|Q5774403,,National Historical Commission of the Philippines
Philippines,National Historical Commission of the Philippines historical marker,Q21562164,20,1,1,commemorative plaque or set of commemorative plaques created by the National Historical Commission of the Philippines or any of its predecessors,NHCP historical marker|National Historical Institute historical marker|NHI historical marker|Philippines Historical Committee historical marker|PHC historical marker|Philippine Historical Research and Markers Committee historical marker|PHRMC historical marker|HRMC historical marker,,Q721747,Historical markers of the Philippines
Philippines,Member of the Senate of the Philippines,Q18579098,20,1,1,,Philippine Senator|Philippines Senator|Senator of the Philippines,Q4164871,Q15686806,
Philippines,Philippines men's national association football team,Q219854,20,1,1,men's national association football team representing the Philippines,Filipino national football team|Azkals|Philippines national football team|Philippines men's national football team,Q135408445,Q1194951,Philippines national football team
Philippines,Captaincy General of the Philippines,Q2721139,20,1,1,1565–1898 territory of the Spanish Empire in Asia,Capitanía General de las Filipinas|Capitania General de las Filipinas|Spanish Philippines|Philippines under Spanish rule,Q5036886|Q133156,,Captaincy General of the Philippines
Philippines,2019 Southeast Asian Games,Q3550424,20,1,1,30th Southeast Asian Games held in Philippines,Philippines 2019|2019 SEA Games,Q167170,,2019 SEA Games
Philippines,Congress of the Philippines,Q1542985,20,1,1,bicameral legislature of the Republic of the Philippines,Philippine Congress|Philippines Congress|Philippine legislature,Q189445,,Congress of the Philippines
Philippines,sports in the Philippines,Q7579511,20,1,1,overview of sports tradition in the Philippines,sport in the Philippines|Philippines sports|sports of the Philippines|sporting in the Philippines,Q29791211,Q166291,Sports in the Philippines
Philippines,Philippines women's national football team,Q933074,20,1,1,national association football team,Filipinas|Philippine women's national football team|Filipino women's national football team,Q23905105,Q1194951,Philippines women's national football team
Philippines,Insular Government of the Philippine Islands,Q6042084,20,1,2,1901–1935 US territory of the Philippines,McKinley Islands|Philippine Islands,Q7188|Q1352230|Q19953632,,Insular Government of the Philippine Islands
Philippines,list of islands of the Philippines,Q2389438,20,1,2,Wikimedia list article,Philippine islands|islands of the Philippines|Islands of the Philippines,Q13406463,,List of islands of the Philippines
Philippines,Philippines Campaign,Q696462,20,1,2,"Japanese invasion of the Philippines, fought 8 December 1941 – 8 May 1942",Battle of the Philippines|Philippine Islands Campaign|Philippine Campaign|Japanese invasion of the Philippines,Q831663,,Philippines campaign (1941–1942)
Philippines,Philippine Islands,Q49695034,20,1,2,"hills in Dewey Marsh, Wisconsin",,Q54050,,
Philippines,"Philippine Islands Council, Boy Scouts of America",Q24534794,20,1,2,local council of Scouting America,,,,Philippine Islands Council (Boy Scouts of America)
Philippines,Philippine Islands (NAID 542445),Q64331048,20,1,2,series in the National Archives and Records Administration's holdings,,Q2668072,,
Philippines,PHILIPPINE ISLANDS ACTIVITIES (NAID 13743),Q67672572,20,1,2,item in the National Archives and Records Administration's holdings,,Q18593264,,
Philippines,"PHILIPPINE ISLANDS INVASION, OFF LEYTE GULF (NAID 16420)",Q67693374,20,1,2,item in the National Archives and Records Administration's holdings,,Q18593264,,
Philippines,"PHILIPPINE ISLANDS INVASION, LEYTE (NAID 16421)",Q67693380,20,1,2,item in the National Archives and Records Administration's holdings,,Q18593264,,
Philippines,Second Philippine Republic,Q2027229,20,1,2,puppet state established in 1943 during the Japanese occupation of the Philippines,Republic of the Philippines|Japanese-sponsored Philippine Republic|Repúbliká ng Pilipinas|Republika ng Pilipinas,Q3024240|Q208164,,Second Philippine Republic
Philippines,Republic of the Philippines e-Government Transformation: Open Government Philippines and Open Data Philippines,Q139817014,20,1,2,,,Q47461344,,
Philippines,Republic of the Philippines (NAID 1693108),Q67697219,20,1,2,item in the National Archives and Records Administration's holdings,,Q18593264,,
Philippines,Scheutisten - Filippijnse provincie,Q123491713,20,1,2,,,Q43229,,
Philippines,"Republic of the Philippines v. The People’s Republic of China, Award on Jurisdiction and Admissibility (Perm. CT. Arb.)",Q128015908,20,1,2,scholarly article,,Q13442814,,
Philippines,Republic of the Philippines,Q3456429,20,1,2,Wikimedia disambiguation page,,Q4167410,,
