data,candidates,QID,row,columns,quality,description,aliases,P31,P279,sitelink
Grave of Hentsch,Grave of Hentsch,Q112327977,0,0,1,"sepulchral chapel located in Paris, in France",,Q1424583,,
Grave of Hentsch,Grave of Hentsch,Q112327970,0,0,1,"sepulchral chapel located in Père-Lachaise Cemetery - Division 13, in Paris, in France",,Q1424583,,
Grave of Hentsch,Grave of Hentsch-Stuht,Q112327986,0,0,1,,,Q173387,,
Grave of Hentsch,Père Lachaise Cemetery,Q311,0,0,2,"cemetery in Paris, France",Cimetière du Père-Lachaise|Pere Lachaise|Pere Lachaise cemetery|Cimetiere du Pere-Lachaise|Père-Lachaise|Père Lachaise,Q39614,,Père Lachaise Cemetery
Grave of Hentsch,Père-Lachaise Cemetery - Division 10,Q50065453,0,0,2,"cemetery division located in Paris, in France",,Q50064469,,
Grave of Hentsch,Père-Lachaise Cemetery - Division 49,Q50065864,0,0,2,"cemetery division located in Paris, in France",,Q50064469,,
Grave of Hentsch,Père-Lachaise Cemetery - Division 36,Q50065649,0,0,2,"cemetery division located in Paris, in France",,Q50064469,,
Grave of Hentsch,Père-Lachaise Cemetery - Division 11,Q50065460,0,0,2,"cemetery division located in Paris, in France",,Q50064469,,
Grave of Hentsch,Père-Lachaise Cemetery - Division 95,Q50066537,0,0,2,"cemetery division located in Paris, in France",,Q50064469,,
Grave of Hentsch,Père-Lachaise Cemetery - Division 87,Q50066509,0,0,2,"cemetery division located in Paris, in France",,Q50064469,,
Grave of Hentsch,Père-Lachaise Cemetery - Division 90,Q50066521,0,0,2,"cemetery division located in Paris, in France",,Q50064469,,
Grave of Hentsch,Père-Lachaise Cemetery - Division 7,Q50065443,0,0,2,"cemetery division located in Paris, in France",,Q50064469,,
Grave of Hentsch,Père-Lachaise Cemetery - Division 60,Q50066013,0,0,2,"cemetery division located in Paris, in France",,Q50064469,,
Grave of Hentsch,Society of Consulting Psychology,Q7552440,0,0,2,,Division 13,Q955824|Q334453,,Society of Consulting Psychology
Grave of Hentsch,Division 13,Q56751600,0,0,2,,,Q56477675,,
Grave of Hentsch,Division 13 Israelitico in Cemetery of Verano,Q125850108,0,0,2,"section of Campo Verano cemetery, Rome, Italy",Divisione 13 Israelitico nel Cimitero del Verano,Q56632662,,
Grave of Hentsch,Père-Lachaise Cemetery - Division 13,Q50065466,0,0,2,"cemetery division located in Paris, in France",,Q50064469,,
Grave of Hentsch,Passy Cemetery - Division 13,Q112393207,0,0,2,"cemetery sector located in Paris, in France",,Q112390525,,
Grave of Hentsch,Cimetière Saint-Vincent - Division 13,Q130304802,0,0,2,"cemetery sector located in Paris, in France",,Q56632662,,
Grave of Hentsch,Cimetière de Montmartre - Division 13,Q130304526,0,0,2,"cemetery sector located in Paris, in France",,Q56632662,,
Grave of Hentsch,Cimetière parisien de Saint-Ouen - Division 13,Q130304763,0,0,2,"cemetery sector located in Seine-Saint-Denis, in France",,Q56632662,,
Grave of Hentsch,division 13 du cimetière du Montparnasse,Q130152592,0,0,2,"cemetery sector located in Paris, in France",,Q56632662,,
Grave of Hentsch,Cimetière parisien de Pantin - Division 134,Q130304693,0,0,2,"cemetery sector located in Seine-Saint-Denis, in France",,Q56632662,,
Grave of Hentsch,20th arrondissement of Paris,Q210720,0,0,2,"municipal district of Paris, France",arrondissement of Paris|Ménilmontant,Q702842,,20th arrondissement of Paris
Père-Lachaise Cemetery - Division 13,Père-Lachaise Cemetery - Division 13,Q50065466,0,1,1,"cemetery division located in Paris, in France",,Q50064469,,
Père-Lachaise Cemetery - Division 13,Père Lachaise Cemetery,Q311,0,1,2,"cemetery in Paris, France",Cimetière du Père-Lachaise|Pere Lachaise|Pere Lachaise cemetery|Cimetiere du Pere-Lachaise|Père-Lachaise|Père Lachaise,Q39614,,Père Lachaise Cemetery
Père-Lachaise Cemetery - Division 13,Père-Lachaise Cemetery - Division 10,Q50065453,0,1,2,"cemetery division located in Paris, in France",,Q50064469,,
Père-Lachaise Cemetery - Division 13,Père-Lachaise Cemetery - Division 49,Q50065864,0,1,2,"cemetery division located in Paris, in France",,Q50064469,,
Père-Lachaise Cemetery - Division 13,Père-Lachaise Cemetery - Division 36,Q50065649,0,1,2,"cemetery division located in Paris, in France",,Q50064469,,
Père-Lachaise Cemetery - Division 13,Père-Lachaise Cemetery - Division 11,Q50065460,0,1,2,"cemetery division located in Paris, in France",,Q50064469,,
Père-Lachaise Cemetery - Division 13,Père-Lachaise Cemetery - Division 95,Q50066537,0,1,2,"cemetery division located in Paris, in France",,Q50064469,,
Père-Lachaise Cemetery - Division 13,Père-Lachaise Cemetery - Division 87,Q50066509,0,1,2,"cemetery division located in Paris, in France",,Q50064469,,
Père-Lachaise Cemetery - Division 13,Père-Lachaise Cemetery - Division 90,Q50066521,0,1,2,"cemetery division located in Paris, in France",,Q50064469,,
Père-Lachaise Cemetery - Division 13,Père-Lachaise Cemetery - Division 7,Q50065443,0,1,2,"cemetery division located in Paris, in France",,Q50064469,,
Père-Lachaise Cemetery - Division 13,Père-Lachaise Cemetery - Division 60,Q50066013,0,1,2,"cemetery division located in Paris, in France",,Q50064469,,
Père-Lachaise Cemetery - Division 13,Society of Consulting Psychology,Q7552440,0,1,2,,Division 13,Q955824|Q334453,,Society of Consulting Psychology
Père-Lachaise Cemetery - Division 13,Division 13,Q56751600,0,1,2,,,Q56477675,,
Père-Lachaise Cemetery - Division 13,Division 13 Israelitico in Cemetery of Verano,Q125850108,0,1,2,"section of Campo Verano cemetery, Rome, Italy",Divisione 13 Israelitico nel Cimitero del Verano,Q56632662,,
Père-Lachaise Cemetery - Division 13,Passy Cemetery - Division 13,Q112393207,0,1,2,"cemetery sector located in Paris, in France",,Q112390525,,
Père-Lachaise Cemetery - Division 13,Cimetière Saint-Vincent - Division 13,Q130304802,0,1,2,"cemetery sector located in Paris, in France",,Q56632662,,
Père-Lachaise Cemetery - Division 13,Cimetière de Montmartre - Division 13,Q130304526,0,1,2,"cemetery sector located in Paris, in France",,Q56632662,,
Père-Lachaise Cemetery - Division 13,Cimetière parisien de Saint-Ouen - Division 13,Q130304763,0,1,2,"cemetery sector located in Seine-Saint-Denis, in France",,Q56632662,,
Père-Lachaise Cemetery - Division 13,division 13 du cimetière du Montparnasse,Q130152592,0,1,2,"cemetery sector located in Paris, in France",,Q56632662,,
Père-Lachaise Cemetery - Division 13,Cimetière parisien de Pantin - Division 134,Q130304693,0,1,2,"cemetery sector located in Seine-Saint-Denis, in France",,Q56632662,,
Père-Lachaise Cemetery - Division 13,Hentschel,Q21491580,0,1,2,family name,,Q101352|Q98775491,,Hentschel
Père-Lachaise Cemetery - Division 13,Hentsch,Q36966686,0,1,2,family name,,Q101352|Q98775491,,Hentsch (surname)
Père-Lachaise Cemetery - Division 13,Hentschke,Q98002986,0,1,2,family name,,Q101352,,
Père-Lachaise Cemetery - Division 13,Hentsch,Q99364296,0,1,2,Swiss family,,Q8436,,
Père-Lachaise Cemetery - Division 13,Hentschelia,Q18607461,0,1,2,genus of Conoidasida,,Q16521,,
Père-Lachaise Cemetery - Division 13,Hentsche Ehrenhaus,Q104449947,0,1,2,Holocaust victim (born 1867),Hentsche Krieger,Q5,,
Père-Lachaise Cemetery - Division 13,Hentsch,Q48989653,0,1,2,"bank in Geneva, Switzerland",,Q22687,,Hentsch
Père-Lachaise Cemetery - Division 13,Hentschelia thalassemae,Q2220690,0,1,2,species of Conoidasida,,Q16521,,
Père-Lachaise Cemetery - Division 13,Hentschel von Gilgenheimb,Q132562001,0,1,2,affixed family name,,Q66480858,,
Père-Lachaise Cemetery - Division 13,Hentscher,Q107599346,0,1,2,family name,,Q101352,,
Père-Lachaise Cemetery - Division 13,20th arrondissement of Paris,Q210720,0,1,2,"municipal district of Paris, France",arrondissement of Paris|Ménilmontant,Q702842,,20th arrondissement of Paris
20th arrondissement of Paris,20th arrondissement of Paris,Q210720,0,2,1,"municipal district of Paris, France",arrondissement of Paris|Ménilmontant,Q702842,,20th arrondissement of Paris
20th arrondissement of Paris,Père Lachaise Cemetery,Q311,0,2,2,"cemetery in Paris, France",Cimetière du Père-Lachaise|Pere Lachaise|Pere Lachaise cemetery|Cimetiere du Pere-Lachaise|Père-Lachaise|Père Lachaise,Q39614,,Père Lachaise Cemetery
20th arrondissement of Paris,Père-Lachaise Cemetery - Division 10,Q50065453,0,2,2,"cemetery division located in Paris, in France",,Q50064469,,
20th arrondissement of Paris,Père-Lachaise Cemetery - Division 49,Q50065864,0,2,2,"cemetery division located in Paris, in France",,Q50064469,,
20th arrondissement of Paris,Père-Lachaise Cemetery - Division 36,Q50065649,0,2,2,"cemetery division located in Paris, in France",,Q50064469,,
20th arrondissement of Paris,Père-Lachaise Cemetery - Division 11,Q50065460,0,2,2,"cemetery division located in Paris, in France",,Q50064469,,
20th arrondissement of Paris,Père-Lachaise Cemetery - Division 95,Q50066537,0,2,2,"cemetery division located in Paris, in France",,Q50064469,,
20th arrondissement of Paris,Père-Lachaise Cemetery - Division 87,Q50066509,0,2,2,"cemetery division located in Paris, in France",,Q50064469,,
20th arrondissement of Paris,Père-Lachaise Cemetery - Division 90,Q50066521,0,2,2,"cemetery division located in Paris, in France",,Q50064469,,
20th arrondissement of Paris,Père-Lachaise Cemetery - Division 7,Q50065443,0,2,2,"cemetery division located in Paris, in France",,Q50064469,,
20th arrondissement of Paris,Père-Lachaise Cemetery - Division 60,Q50066013,0,2,2,"cemetery division located in Paris, in France",,Q50064469,,
20th arrondissement of Paris,Society of Consulting Psychology,Q7552440,0,2,2,,Division 13,Q955824|Q334453,,Society of Consulting Psychology
20th arrondissement of Paris,Division 13,Q56751600,0,2,2,,,Q56477675,,
20th arrondissement of Paris,Division 13 Israelitico in Cemetery of Verano,Q125850108,0,2,2,"section of Campo Verano cemetery, Rome, Italy",Divisione 13 Israelitico nel Cimitero del Verano,Q56632662,,
20th arrondissement of Paris,Père-Lachaise Cemetery - Division 13,Q50065466,0,2,2,"cemetery division located in Paris, in France",,Q50064469,,
20th arrondissement of Paris,Passy Cemetery - Division 13,Q112393207,0,2,2,"cemetery sector located in Paris, in France",,Q112390525,,
20th arrondissement of Paris,Cimetière Saint-Vincent - Division 13,Q130304802,0,2,2,"cemetery sector located in Paris, in France",,Q56632662,,
20th arrondissement of Paris,Cimetière de Montmartre - Division 13,Q130304526,0,2,2,"cemetery sector located in Paris, in France",,Q56632662,,
20th arrondissement of Paris,Cimetière parisien de Saint-Ouen - Division 13,Q130304763,0,2,2,"cemetery sector located in Seine-Saint-Denis, in France",,Q56632662,,
20th arrondissement of Paris,division 13 du cimetière du Montparnasse,Q130152592,0,2,2,"cemetery sector located in Paris, in France",,Q56632662,,
20th arrondissement of Paris,Cimetière parisien de Pantin - Division 134,Q130304693,0,2,2,"cemetery sector located in Seine-Saint-Denis, in France",,Q56632662,,
Grave of Hentsch,Grave of Hentsch,Q112327977,1,0,1,"sepulchral chapel located in Paris, in France",,Q1424583,,
Grave of Hentsch,Grave of Hentsch,Q112327970,1,0,1,"sepulchral chapel located in Père-Lachaise Cemetery - Division 13, in Paris, in France",,Q1424583,,
Grave of Hentsch,Grave of Hentsch-Stuht,Q112327986,1,0,1,,,Q173387,,
Grave of Hentsch,Père Lachaise Cemetery,Q311,1,0,2,"cemetery in Paris, France",Cimetière du Père-Lachaise|Pere Lachaise|Pere Lachaise cemetery|Cimetiere du Pere-Lachaise|Père-Lachaise|Père Lachaise,Q39614,,Père Lachaise Cemetery
Grave of Hentsch,Père-Lachaise Cemetery - Division 10,Q50065453,1,0,2,"cemetery division located in Paris, in France",,Q50064469,,
Grave of Hentsch,Père-Lachaise Cemetery - Division 49,Q50065864,1,0,2,"cemetery division located in Paris, in France",,Q50064469,,
Grave of Hentsch,Père-Lachaise Cemetery - Division 36,Q50065649,1,0,2,"cemetery division located in Paris, in France",,Q50064469,,
Grave of Hentsch,Père-Lachaise Cemetery - Division 11,Q50065460,1,0,2,"cemetery division located in Paris, in France",,Q50064469,,
Grave of Hentsch,Père-Lachaise Cemetery - Division 95,Q50066537,1,0,2,"cemetery division located in Paris, in France",,Q50064469,,
Grave of Hentsch,Père-Lachaise Cemetery - Division 87,Q50066509,1,0,2,"cemetery division located in Paris, in France",,Q50064469,,
Grave of Hentsch,Père-Lachaise Cemetery - Division 90,Q50066521,1,0,2,"cemetery division located in Paris, in France",,Q50064469,,
Grave of Hentsch,Père-Lachaise Cemetery - Division 7,Q50065443,1,0,2,"cemetery division located in Paris, in France",,Q50064469,,
Grave of Hentsch,Père-Lachaise Cemetery - Division 60,Q50066013,1,0,2,"cemetery division located in Paris, in France",,Q50064469,,
Grave of Hentsch,American Society for the Advancement of Pharmacotherapy,Q99658714,1,0,2,,Division 55,,,
Grave of Hentsch,Père-Lachaise Cemetery - Division 55,Q50065888,1,0,2,"cemetery division located in Paris, in France",,Q50064469,,
Grave of Hentsch,division 55 du cimetière parisien de Thiais,Q130216584,1,0,2,"cemetery sector located in Val-de-Marne, in France",,Q56632662,,
Grave of Hentsch,Cimetière parisien de Pantin - Division 55,Q130304610,1,0,2,"cemetery sector located in Seine-Saint-Denis, in France",,Q56632662,,
Grave of Hentsch,division 55 du cimetière parisien de Bagneux,Q130179222,1,0,2,"cemetery sector located in Hauts-de-Seine, in France",,Q56632662,,
Grave of Hentsch,20th arrondissement of Paris,Q210720,1,0,2,"municipal district of Paris, France",arrondissement of Paris|Ménilmontant,Q702842,,20th arrondissement of Paris
Père-Lachaise Cemetery - Division 55,Père-Lachaise Cemetery - Division 55,Q50065888,1,1,1,"cemetery division located in Paris, in France",,Q50064469,,
Père-Lachaise Cemetery - Division 55,Père Lachaise Cemetery,Q311,1,1,2,"cemetery in Paris, France",Cimetière du Père-Lachaise|Pere Lachaise|Pere Lachaise cemetery|Cimetiere du Pere-Lachaise|Père-Lachaise|Père Lachaise,Q39614,,Père Lachaise Cemetery
Père-Lachaise Cemetery - Division 55,Père-Lachaise Cemetery - Division 10,Q50065453,1,1,2,"cemetery division located in Paris, in France",,Q50064469,,
Père-Lachaise Cemetery - Division 55,Père-Lachaise Cemetery - Division 49,Q50065864,1,1,2,"cemetery division located in Paris, in France",,Q50064469,,
Père-Lachaise Cemetery - Division 55,Père-Lachaise Cemetery - Division 36,Q50065649,1,1,2,"cemetery division located in Paris, in France",,Q50064469,,
Père-Lachaise Cemetery - Division 55,Père-Lachaise Cemetery - Division 11,Q50065460,1,1,2,"cemetery division located in Paris, in France",,Q50064469,,
Père-Lachaise Cemetery - Division 55,Père-Lachaise Cemetery - Division 95,Q50066537,1,1,2,"cemetery division located in Paris, in France",,Q50064469,,
Père-Lachaise Cemetery - Division 55,Père-Lachaise Cemetery - Division 87,Q50066509,1,1,2,"cemetery division located in Paris, in France",,Q50064469,,
Père-Lachaise Cemetery - Division 55,Père-Lachaise Cemetery - Division 90,Q50066521,1,1,2,"cemetery division located in Paris, in France",,Q50064469,,
Père-Lachaise Cemetery - Division 55,Père-Lachaise Cemetery - Division 7,Q50065443,1,1,2,"cemetery division located in Paris, in France",,Q50064469,,
Père-Lachaise Cemetery - Division 55,Père-Lachaise Cemetery - Division 60,Q50066013,1,1,2,"cemetery division located in Paris, in France",,Q50064469,,
Père-Lachaise Cemetery - Division 55,American Society for the Advancement of Pharmacotherapy,Q99658714,1,1,2,,Division 55,,,
Père-Lachaise Cemetery - Division 55,division 55 du cimetière parisien de Thiais,Q130216584,1,1,2,"cemetery sector located in Val-de-Marne, in France",,Q56632662,,
Père-Lachaise Cemetery - Division 55,Cimetière parisien de Pantin - Division 55,Q130304610,1,1,2,"cemetery sector located in Seine-Saint-Denis, in France",,Q56632662,,
Père-Lachaise Cemetery - Division 55,division 55 du cimetière parisien de Bagneux,Q130179222,1,1,2,"cemetery sector located in Hauts-de-Seine, in France",,Q56632662,,
Père-Lachaise Cemetery - Division 55,Hentschel,Q21491580,1,1,2,family name,,Q101352|Q98775491,,Hentschel
Père-Lachaise Cemetery - Division 55,Hentsch,Q36966686,1,1,2,family name,,Q101352|Q98775491,,Hentsch (surname)
Père-Lachaise Cemetery - Division 55,Hentschke,Q98002986,1,1,2,family name,,Q101352,,
Père-Lachaise Cemetery - Division 55,Hentsch,Q99364296,1,1,2,Swiss family,,Q8436,,
Père-Lachaise Cemetery - Division 55,Hentschelia,Q18607461,1,1,2,genus of Conoidasida,,Q16521,,
Père-Lachaise Cemetery - Division 55,Hentsche Ehrenhaus,Q104449947,1,1,2,Holocaust victim (born 1867),Hentsche Krieger,Q5,,
Père-Lachaise Cemetery - Division 55,Hentsch,Q48989653,1,1,2,"bank in Geneva, Switzerland",,Q22687,,Hentsch
Père-Lachaise Cemetery - Division 55,Hentschelia thalassemae,Q2220690,1,1,2,species of Conoidasida,,Q16521,,
Père-Lachaise Cemetery - Division 55,Hentschel von Gilgenheimb,Q132562001,1,1,2,affixed family name,,Q66480858,,
Père-Lachaise Cemetery - Division 55,Hentscher,Q107599346,1,1,2,family name,,Q101352,,
Père-Lachaise Cemetery - Division 55,20th arrondissement of Paris,Q210720,1,1,2,"municipal district of Paris, France",arrondissement of Paris|Ménilmontant,Q702842,,20th arrondissement of Paris
20th arrondissement of Paris,20th arrondissement of Paris,Q210720,1,2,1,"municipal district of Paris, France",arrondissement of Paris|Ménilmontant,Q702842,,20th arrondissement of Paris
20th arrondissement of Paris,Père Lachaise Cemetery,Q311,1,2,2,"cemetery in Paris, France",Cimetière du Père-Lachaise|Pere Lachaise|Pere Lachaise cemetery|Cimetiere du Pere-Lachaise|Père-Lachaise|Père Lachaise,Q39614,,Père Lachaise Cemetery
20th arrondissement of Paris,Père-Lachaise Cemetery - Division 10,Q50065453,1,2,2,"cemetery division located in Paris, in France",,Q50064469,,
20th arrondissement of Paris,Père-Lachaise Cemetery - Division 49,Q50065864,1,2,2,"cemetery division located in Paris, in France",,Q50064469,,
20th arrondissement of Paris,Père-Lachaise Cemetery - Division 36,Q50065649,1,2,2,"cemetery division located in Paris, in France",,Q50064469,,
20th arrondissement of Paris,Père-Lachaise Cemetery - Division 11,Q50065460,1,2,2,"cemetery division located in Paris, in France",,Q50064469,,
20th arrondissement of Paris,Père-Lachaise Cemetery - Division 95,Q50066537,1,2,2,"cemetery division located in Paris, in France",,Q50064469,,
20th arrondissement of Paris,Père-Lachaise Cemetery - Division 87,Q50066509,1,2,2,"cemetery division located in Paris, in France",,Q50064469,,
20th arrondissement of Paris,Père-Lachaise Cemetery - Division 90,Q50066521,1,2,2,"cemetery division located in Paris, in France",,Q50064469,,
20th arrondissement of Paris,Père-Lachaise Cemetery - Division 7,Q50065443,1,2,2,"cemetery division located in Paris, in France",,Q50064469,,
20th arrondissement of Paris,Père-Lachaise Cemetery - Division 60,Q50066013,1,2,2,"cemetery division located in Paris, in France",,Q50064469,,
20th arrondissement of Paris,American Society for the Advancement of Pharmacotherapy,Q99658714,1,2,2,,Division 55,,,
20th arrondissement of Paris,Père-Lachaise Cemetery - Division 55,Q50065888,1,2,2,"cemetery division located in Paris, in France",,Q50064469,,
20th arrondissement of Paris,division 55 du cimetière parisien de Thiais,Q130216584,1,2,2,"cemetery sector located in Val-de-Marne, in France",,Q56632662,,
20th arrondissement of Paris,Cimetière parisien de Pantin - Division 55,Q130304610,1,2,2,"cemetery sector located in Seine-Saint-Denis, in France",,Q56632662,,
20th arrondissement of Paris,division 55 du cimetière parisien de Bagneux,Q130179222,1,2,2,"cemetery sector located in Hauts-de-Seine, in France",,Q56632662,,
Grave of Hussenot de Senonges,Grave of Hussenot de Senonges,Q112328406,2,0,1,"sepulchral chapel located in Paris, in France",,Q1424583,,
Grave of Hussenot de Senonges,Père Lachaise Cemetery,Q311,2,0,2,"cemetery in Paris, France",Cimetière du Père-Lachaise|Pere Lachaise|Pere Lachaise cemetery|Cimetiere du Pere-Lachaise|Père-Lachaise|Père Lachaise,Q39614,,Père Lachaise Cemetery
Grave of Hussenot de Senonges,Père-Lachaise Cemetery - Division 10,Q50065453,2,0,2,"cemetery division located in Paris, in France",,Q50064469,,
Grave of Hussenot de Senonges,Père-Lachaise Cemetery - Division 49,Q50065864,2,0,2,"cemetery division located in Paris, in France",,Q50064469,,
Grave of Hussenot de Senonges,Père-Lachaise Cemetery - Division 36,Q50065649,2,0,2,"cemetery division located in Paris, in France",,Q50064469,,
Grave of Hussenot de Senonges,Père-Lachaise Cemetery - Division 11,Q50065460,2,0,2,"cemetery division located in Paris, in France",,Q50064469,,
Grave of Hussenot de Senonges,Père-Lachaise Cemetery - Division 95,Q50066537,2,0,2,"cemetery division located in Paris, in France",,Q50064469,,
Grave of Hussenot de Senonges,Père-Lachaise Cemetery - Division 87,Q50066509,2,0,2,"cemetery division located in Paris, in France",,Q50064469,,
Grave of Hussenot de Senonges,Père-Lachaise Cemetery - Division 90,Q50066521,2,0,2,"cemetery division located in Paris, in France",,Q50064469,,
Grave of Hussenot de Senonges,Père-Lachaise Cemetery - Division 7,Q50065443,2,0,2,"cemetery division located in Paris, in France",,Q50064469,,
Grave of Hussenot de Senonges,Père-Lachaise Cemetery - Division 60,Q50066013,2,0,2,"cemetery division located in Paris, in France",,Q50064469,,
Grave of Hussenot de Senonges,Swedish Division 5,Q49101981,2,0,2,"sixth-tier men's ice hockey league in Stockholm, Sweden",Division 5,Q135641762,,
Grave of Hussenot de Senonges,Division 5,Q56752511,2,0,2,,,Q56477667,,
Grave of Hussenot de Senonges,Division 5,Q56751605,2,0,2,,,Q56477675,,
Grave of Hussenot de Senonges,Quantitative and Qualitative Methods,Q99658579,2,0,2,,Division 5,,,
Grave of Hussenot de Senonges,Swedish Women's Football Division 5,Q7654735,2,0,2,women's association football league in Sweden,Division 5 i fotboll för damer|Swedish Ladies Football Division 6,Q135641755,,Division 5 (Swedish women's football)
Grave of Hussenot de Senonges,K5 League,Q60793661,2,0,2,South Korean amateur association football league,Division 5-League,Q15991303,,K5 League
Grave of Hussenot de Senonges,Society of Clinical Child & Adolescent Psychology,Q20716497,2,0,2,organization,Society of Clinical Child and Adolescent Psychology|Division 53,Q43229,,Society of Clinical Child and Adolescent Psychology
Grave of Hussenot de Senonges,Society for the Psychological Study of Men and Masculinities,Q99658710,2,0,2,,Division 51,,,
Grave of Hussenot de Senonges,International Psychology,Q99658711,2,0,2,,Division 52,Q829080|Q334453,,
Grave of Hussenot de Senonges,Society of Addiction Psychology,Q99658707,2,0,2,,Division 50,Q829080,,
Grave of Hussenot de Senonges,20th arrondissement of Paris,Q210720,2,0,2,"municipal district of Paris, France",arrondissement of Paris|Ménilmontant,Q702842,,20th arrondissement of Paris
Père-Lachaise Cemetery - Division 5,Père-Lachaise Cemetery - Division 5,Q50065436,2,1,1,"cemetery division located in Paris, in France",,Q50064469,,
Père-Lachaise Cemetery - Division 5,Père-Lachaise Cemetery - Division 56,Q50066000,2,1,1,"cemetery division located in Paris, in France",,Q50064469,,
Père-Lachaise Cemetery - Division 5,Père-Lachaise Cemetery - Division 58,Q50066006,2,1,1,"cemetery division located in Paris, in France",,Q50064469,,
Père-Lachaise Cemetery - Division 5,Père-Lachaise Cemetery - Division 59,Q50066009,2,1,1,"cemetery division located in Paris, in France",,Q50064469,,
Père-Lachaise Cemetery - Division 5,Père-Lachaise Cemetery - Division 53,Q50065880,2,1,1,"cemetery division located in Paris, in France",,Q50064469,,
Père-Lachaise Cemetery - Division 5,Père-Lachaise Cemetery - Division 54,Q50065884,2,1,1,"cemetery division located in Paris, in France",,Q50064469,,
Père-Lachaise Cemetery - Division 5,Père-Lachaise Cemetery - Division 51,Q50065872,2,1,1,"cemetery division located in Paris, in France",,Q50064469,,
Père-Lachaise Cemetery - Division 5,Père-Lachaise Cemetery - Division 52,Q50065876,2,1,1,"cemetery division located in Paris, in France",,Q50064469,,
Père-Lachaise Cemetery - Division 5,Père-Lachaise Cemetery - Division 50,Q50065868,2,1,1,"cemetery division located in Paris, in France",,Q50064469,,
Père-Lachaise Cemetery - Division 5,Père-Lachaise Cemetery - Division 55,Q50065888,2,1,1,"cemetery division located in Paris, in France",,Q50064469,,
Père-Lachaise Cemetery - Division 5,Père Lachaise Cemetery,Q311,2,1,2,"cemetery in Paris, France",Cimetière du Père-Lachaise|Pere Lachaise|Pere Lachaise cemetery|Cimetiere du Pere-Lachaise|Père-Lachaise|Père Lachaise,Q39614,,Père Lachaise Cemetery
Père-Lachaise Cemetery - Division 5,Père-Lachaise Cemetery - Division 10,Q50065453,2,1,2,"cemetery division located in Paris, in France",,Q50064469,,
Père-Lachaise Cemetery - Division 5,Père-Lachaise Cemetery - Division 49,Q50065864,2,1,2,"cemetery division located in Paris, in France",,Q50064469,,
Père-Lachaise Cemetery - Division 5,Père-Lachaise Cemetery - Division 36,Q50065649,2,1,2,"cemetery division located in Paris, in France",,Q50064469,,
Père-Lachaise Cemetery - Division 5,Père-Lachaise Cemetery - Division 11,Q50065460,2,1,2,"cemetery division located in Paris, in France",,Q50064469,,
Père-Lachaise Cemetery - Division 5,Père-Lachaise Cemetery - Division 95,Q50066537,2,1,2,"cemetery division located in Paris, in France",,Q50064469,,
Père-Lachaise Cemetery - Division 5,Père-Lachaise Cemetery - Division 87,Q50066509,2,1,2,"cemetery division located in Paris, in France",,Q50064469,,
Père-Lachaise Cemetery - Division 5,Père-Lachaise Cemetery - Division 90,Q50066521,2,1,2,"cemetery division located in Paris, in France",,Q50064469,,
Père-Lachaise Cemetery - Division 5,Père-Lachaise Cemetery - Division 7,Q50065443,2,1,2,"cemetery division located in Paris, in France",,Q50064469,,
Père-Lachaise Cemetery - Division 5,Père-Lachaise Cemetery - Division 60,Q50066013,2,1,2,"cemetery division located in Paris, in France",,Q50064469,,
Père-Lachaise Cemetery - Division 5,Swedish Division 5,Q49101981,2,1,2,"sixth-tier men's ice hockey league in Stockholm, Sweden",Division 5,Q135641762,,
Père-Lachaise Cemetery - Division 5,Division 5,Q56752511,2,1,2,,,Q56477667,,
Père-Lachaise Cemetery - Division 5,Division 5,Q56751605,2,1,2,,,Q56477675,,
Père-Lachaise Cemetery - Division 5,Quantitative and Qualitative Methods,Q99658579,2,1,2,,Division 5,,,
Père-Lachaise Cemetery - Division 5,Swedish Women's Football Division 5,Q7654735,2,1,2,women's association football league in Sweden,Division 5 i fotboll för damer|Swedish Ladies Football Division 6,Q135641755,,Division 5 (Swedish women's football)
Père-Lachaise Cemetery - Division 5,K5 League,Q60793661,2,1,2,South Korean amateur association football league,Division 5-League,Q15991303,,K5 League
Père-Lachaise Cemetery - Division 5,Society of Clinical Child & Adolescent Psychology,Q20716497,2,1,2,organization,Society of Clinical Child and Adolescent Psychology|Division 53,Q43229,,Society of Clinical Child and Adolescent Psychology
Père-Lachaise Cemetery - Division 5,Society for the Psychological Study of Men and Masculinities,Q99658710,2,1,2,,Division 51,,,
Père-Lachaise Cemetery - Division 5,International Psychology,Q99658711,2,1,2,,Division 52,Q829080|Q334453,,
Père-Lachaise Cemetery - Division 5,Society of Addiction Psychology,Q99658707,2,1,2,,Division 50,Q829080,,
Père-Lachaise Cemetery - Division 5,Grave of Hussenot de Senonges,Q112328406,2,1,2,"sepulchral chapel located in Paris, in France",,Q1424583,,
Père-Lachaise Cemetery - Division 5,20th arrondissement of Paris,Q210720,2,1,2,"municipal district of Paris, France",arrondissement of Paris|Ménilmontant,Q702842,,20th arrondissement of Paris
20th arrondissement of Paris,20th arrondissement of Paris,Q210720,2,2,1,"municipal district of Paris, France",arrondissement of Paris|Ménilmontant,Q702842,,20th arrondissement of Paris
20th arrondissement of Paris,Père Lachaise Cemetery,Q311,2,2,2,"cemetery in Paris, France",Cimetière du Père-Lachaise|Pere Lachaise|Pere Lachaise cemetery|Cimetiere du Pere-Lachaise|Père-Lachaise|Père Lachaise,Q39614,,Père Lachaise Cemetery
20th arrondissement of Paris,Père-Lachaise Cemetery - Division 10,Q50065453,2,2,2,"cemetery division located in Paris, in France",,Q50064469,,
20th arrondissement of Paris,Père-Lachaise Cemetery - Division 49,Q50065864,2,2,2,"cemetery division located in Paris, in France",,Q50064469,,
20th arrondissement of Paris,Père-Lachaise Cemetery - Division 36,Q50065649,2,2,2,"cemetery division located in Paris, in France",,Q50064469,,
20th arrondissement of Paris,Père-Lachaise Cemetery - Division 11,Q50065460,2,2,2,"cemetery division located in Paris, in France",,Q50064469,,
20th arrondissement of Paris,Père-Lachaise Cemetery - Division 95,Q50066537,2,2,2,"cemetery division located in Paris, in France",,Q50064469,,
20th arrondissement of Paris,Père-Lachaise Cemetery - Division 87,Q50066509,2,2,2,"cemetery division located in Paris, in France",,Q50064469,,
20th arrondissement of Paris,Père-Lachaise Cemetery - Division 90,Q50066521,2,2,2,"cemetery division located in Paris, in France",,Q50064469,,
20th arrondissement of Paris,Père-Lachaise Cemetery - Division 7,Q50065443,2,2,2,"cemetery division located in Paris, in France",,Q50064469,,
20th arrondissement of Paris,Père-Lachaise Cemetery - Division 60,Q50066013,2,2,2,"cemetery division located in Paris, in France",,Q50064469,,
20th arrondissement of Paris,Swedish Division 5,Q49101981,2,2,2,"sixth-tier men's ice hockey league in Stockholm, Sweden",Division 5,Q135641762,,
20th arrondissement of Paris,Division 5,Q56752511,2,2,2,,,Q56477667,,
20th arrondissement of Paris,Division 5,Q56751605,2,2,2,,,Q56477675,,
20th arrondissement of Paris,Quantitative and Qualitative Methods,Q99658579,2,2,2,,Division 5,,,
20th arrondissement of Paris,Swedish Women's Football Division 5,Q7654735,2,2,2,women's association football league in Sweden,Division 5 i fotboll för damer|Swedish Ladies Football Division 6,Q135641755,,Division 5 (Swedish women's football)
20th arrondissement of Paris,K5 League,Q60793661,2,2,2,South Korean amateur association football league,Division 5-League,Q15991303,,K5 League
20th arrondissement of Paris,Society of Clinical Child & Adolescent Psychology,Q20716497,2,2,2,organization,Society of Clinical Child and Adolescent Psychology|Division 53,Q43229,,Society of Clinical Child and Adolescent Psychology
20th arrondissement of Paris,Society for the Psychological Study of Men and Masculinities,Q99658710,2,2,2,,Division 51,,,
20th arrondissement of Paris,International Psychology,Q99658711,2,2,2,,Division 52,Q829080|Q334453,,
20th arrondissement of Paris,Society of Addiction Psychology,Q99658707,2,2,2,,Division 50,Q829080,,
Grave of Savary Le Carboulec,Grave of Savary Le Carboulec,Q112340778,3,0,1,"sepulchral chapel located in Paris, in France",,Q1424583,,
Grave of Savary Le Carboulec,Père Lachaise Cemetery,Q311,3,0,2,"cemetery in Paris, France",Cimetière du Père-Lachaise|Pere Lachaise|Pere Lachaise cemetery|Cimetiere du Pere-Lachaise|Père-Lachaise|Père Lachaise,Q39614,,Père Lachaise Cemetery
Grave of Savary Le Carboulec,Père-Lachaise Cemetery - Division 10,Q50065453,3,0,2,"cemetery division located in Paris, in France",,Q50064469,,
Grave of Savary Le Carboulec,Père-Lachaise Cemetery - Division 49,Q50065864,3,0,2,"cemetery division located in Paris, in France",,Q50064469,,
Grave of Savary Le Carboulec,Père-Lachaise Cemetery - Division 36,Q50065649,3,0,2,"cemetery division located in Paris, in France",,Q50064469,,
Grave of Savary Le Carboulec,Père-Lachaise Cemetery - Division 11,Q50065460,3,0,2,"cemetery division located in Paris, in France",,Q50064469,,
Grave of Savary Le Carboulec,Père-Lachaise Cemetery - Division 95,Q50066537,3,0,2,"cemetery division located in Paris, in France",,Q50064469,,
Grave of Savary Le Carboulec,Père-Lachaise Cemetery - Division 87,Q50066509,3,0,2,"cemetery division located in Paris, in France",,Q50064469,,
Grave of Savary Le Carboulec,Père-Lachaise Cemetery - Division 90,Q50066521,3,0,2,"cemetery division located in Paris, in France",,Q50064469,,
Grave of Savary Le Carboulec,Père-Lachaise Cemetery - Division 7,Q50065443,3,0,2,"cemetery division located in Paris, in France",,Q50064469,,
Grave of Savary Le Carboulec,Père-Lachaise Cemetery - Division 60,Q50066013,3,0,2,"cemetery division located in Paris, in France",,Q50064469,,
Grave of Savary Le Carboulec,Society for the Psychology of Religion and Spirituality,Q99658677,3,0,2,,Division 36,,,
Grave of Savary Le Carboulec,Cimetière parisien de Saint-Ouen - Division 36,Q130304787,3,0,2,"cemetery sector located in Seine-Saint-Denis, in France",,Q56632662,,
Grave of Savary Le Carboulec,division 36 du cimetière parisien de Bagneux,Q130179182,3,0,2,"cemetery sector located in Hauts-de-Seine, in France",,Q56632662,,
Grave of Savary Le Carboulec,division 36 du cimetière parisien d'Ivry,Q130212410,3,0,2,"cemetery sector located in Val-de-Marne, in France",,Q56632662,,
Grave of Savary Le Carboulec,Cimetière parisien de Pantin - Division 36,Q130304586,3,0,2,"cemetery sector located in Seine-Saint-Denis, in France",,Q56632662,,
Grave of Savary Le Carboulec,division 36 du cimetière parisien de Thiais,Q130216562,3,0,2,"cemetery sector located in Val-de-Marne, in France",,Q56632662,,
Grave of Savary Le Carboulec,20th arrondissement of Paris,Q210720,3,0,2,"municipal district of Paris, France",arrondissement of Paris|Ménilmontant,Q702842,,20th arrondissement of Paris
Père-Lachaise Cemetery - Division 36,Père-Lachaise Cemetery - Division 36,Q50065649,3,1,1,"cemetery division located in Paris, in France",,Q50064469,,
Père-Lachaise Cemetery - Division 36,Père Lachaise Cemetery,Q311,3,1,2,"cemetery in Paris, France",Cimetière du Père-Lachaise|Pere Lachaise|Pere Lachaise cemetery|Cimetiere du Pere-Lachaise|Père-Lachaise|Père Lachaise,Q39614,,Père Lachaise Cemetery
Père-Lachaise Cemetery - Division 36,Père-Lachaise Cemetery - Division 10,Q50065453,3,1,2,"cemetery division located in Paris, in France",,Q50064469,,
Père-Lachaise Cemetery - Division 36,Père-Lachaise Cemetery - Division 49,Q50065864,3,1,2,"cemetery division located in Paris, in France",,Q50064469,,
Père-Lachaise Cemetery - Division 36,Père-Lachaise Cemetery - Division 11,Q50065460,3,1,2,"cemetery division located in Paris, in France",,Q50064469,,
Père-Lachaise Cemetery - Division 36,Père-Lachaise Cemetery - Division 95,Q50066537,3,1,2,"cemetery division located in Paris, in France",,Q50064469,,
Père-Lachaise Cemetery - Division 36,Père-Lachaise Cemetery - Division 87,Q50066509,3,1,2,"cemetery division located in Paris, in France",,Q50064469,,
Père-Lachaise Cemetery - Division 36,Père-Lachaise Cemetery - Division 90,Q50066521,3,1,2,"cemetery division located in Paris, in France",,Q50064469,,
Père-Lachaise Cemetery - Division 36,Père-Lachaise Cemetery - Division 7,Q50065443,3,1,2,"cemetery division located in Paris, in France",,Q50064469,,
Père-Lachaise Cemetery - Division 36,Père-Lachaise Cemetery - Division 60,Q50066013,3,1,2,"cemetery division located in Paris, in France",,Q50064469,,
Père-Lachaise Cemetery - Division 36,Society for the Psychology of Religion and Spirituality,Q99658677,3,1,2,,Division 36,,,
Père-Lachaise Cemetery - Division 36,Cimetière parisien de Saint-Ouen - Division 36,Q130304787,3,1,2,"cemetery sector located in Seine-Saint-Denis, in France",,Q56632662,,
Père-Lachaise Cemetery - Division 36,division 36 du cimetière parisien de Bagneux,Q130179182,3,1,2,"cemetery sector located in Hauts-de-Seine, in France",,Q56632662,,
Père-Lachaise Cemetery - Division 36,division 36 du cimetière parisien d'Ivry,Q130212410,3,1,2,"cemetery sector located in Val-de-Marne, in France",,Q56632662,,
Père-Lachaise Cemetery - Division 36,Cimetière parisien de Pantin - Division 36,Q130304586,3,1,2,"cemetery sector located in Seine-Saint-Denis, in France",,Q56632662,,
Père-Lachaise Cemetery - Division 36,division 36 du cimetière parisien de Thiais,Q130216562,3,1,2,"cemetery sector located in Val-de-Marne, in France",,Q56632662,,
Père-Lachaise Cemetery - Division 36,Grave of Savary Le Carboulec,Q112340778,3,1,2,"sepulchral chapel located in Paris, in France",,Q1424583,,
Père-Lachaise Cemetery - Division 36,20th arrondissement of Paris,Q210720,3,1,2,"municipal district of Paris, France",arrondissement of Paris|Ménilmontant,Q702842,,20th arrondissement of Paris
20th arrondissement of Paris,20th arrondissement of Paris,Q210720,3,2,1,"municipal district of Paris, France",arrondissement of Paris|Ménilmontant,Q702842,,20th arrondissement of Paris
20th arrondissement of Paris,Père Lachaise Cemetery,Q311,3,2,2,"cemetery in Paris, France",Cimetière du Père-Lachaise|Pere Lachaise|Pere Lachaise cemetery|Cimetiere du Pere-Lachaise|Père-Lachaise|Père Lachaise,Q39614,,Père Lachaise Cemetery
20th arrondissement of Paris,Père-Lachaise Cemetery - Division 10,Q50065453,3,2,2,"cemetery division located in Paris, in France",,Q50064469,,
20th arrondissement of Paris,Père-Lachaise Cemetery - Division 49,Q50065864,3,2,2,"cemetery division located in Paris, in France",,Q50064469,,
20th arrondissement of Paris,Père-Lachaise Cemetery - Division 36,Q50065649,3,2,2,"cemetery division located in Paris, in France",,Q50064469,,
20th arrondissement of Paris,Père-Lachaise Cemetery - Division 11,Q50065460,3,2,2,"cemetery division located in Paris, in France",,Q50064469,,
20th arrondissement of Paris,Père-Lachaise Cemetery - Division 95,Q50066537,3,2,2,"cemetery division located in Paris, in France",,Q50064469,,
20th arrondissement of Paris,Père-Lachaise Cemetery - Division 87,Q50066509,3,2,2,"cemetery division located in Paris, in France",,Q50064469,,
20th arrondissement of Paris,Père-Lachaise Cemetery - Division 90,Q50066521,3,2,2,"cemetery division located in Paris, in France",,Q50064469,,
20th arrondissement of Paris,Père-Lachaise Cemetery - Division 7,Q50065443,3,2,2,"cemetery division located in Paris, in France",,Q50064469,,
20th arrondissement of Paris,Père-Lachaise Cemetery - Division 60,Q50066013,3,2,2,"cemetery division located in Paris, in France",,Q50064469,,
20th arrondissement of Paris,Society for the Psychology of Religion and Spirituality,Q99658677,3,2,2,,Division 36,,,
20th arrondissement of Paris,Cimetière parisien de Saint-Ouen - Division 36,Q130304787,3,2,2,"cemetery sector located in Seine-Saint-Denis, in France",,Q56632662,,
20th arrondissement of Paris,division 36 du cimetière parisien de Bagneux,Q130179182,3,2,2,"cemetery sector located in Hauts-de-Seine, in France",,Q56632662,,
20th arrondissement of Paris,division 36 du cimetière parisien d'Ivry,Q130212410,3,2,2,"cemetery sector located in Val-de-Marne, in France",,Q56632662,,
20th arrondissement of Paris,Cimetière parisien de Pantin - Division 36,Q130304586,3,2,2,"cemetery sector located in Seine-Saint-Denis, in France",,Q56632662,,
20th arrondissement of Paris,division 36 du cimetière parisien de Thiais,Q130216562,3,2,2,"cemetery sector located in Val-de-Marne, in France",,Q56632662,,
Grave of Belin,Grave of Belin,Q112317202,4,0,1,"sepulchral chapel located in Paris, in France",,Q1424583,,
Grave of Belin,Grave of Béline,Q112308921,4,0,1,,,Q173387,,
Grave of Belin,Grave of Belinda Lee,Q126685449,4,0,1,"tomb in Protestant Cemetery, Rome, Italy",Tomba di Belinda Lee,Q381885,,
Grave of Belin,Père Lachaise Cemetery,Q311,4,0,2,"cemetery in Paris, France",Cimetière du Père-Lachaise|Pere Lachaise|Pere Lachaise cemetery|Cimetiere du Pere-Lachaise|Père-Lachaise|Père Lachaise,Q39614,,Père Lachaise Cemetery
Grave of Belin,Père-Lachaise Cemetery - Division 10,Q50065453,4,0,2,"cemetery division located in Paris, in France",,Q50064469,,
Grave of Belin,Père-Lachaise Cemetery - Division 49,Q50065864,4,0,2,"cemetery division located in Paris, in France",,Q50064469,,
Grave of Belin,Père-Lachaise Cemetery - Division 36,Q50065649,4,0,2,"cemetery division located in Paris, in France",,Q50064469,,
Grave of Belin,Père-Lachaise Cemetery - Division 11,Q50065460,4,0,2,"cemetery division located in Paris, in France",,Q50064469,,
Grave of Belin,Père-Lachaise Cemetery - Division 95,Q50066537,4,0,2,"cemetery division located in Paris, in France",,Q50064469,,
Grave of Belin,Père-Lachaise Cemetery - Division 87,Q50066509,4,0,2,"cemetery division located in Paris, in France",,Q50064469,,
Grave of Belin,Père-Lachaise Cemetery - Division 90,Q50066521,4,0,2,"cemetery division located in Paris, in France",,Q50064469,,
Grave of Belin,Père-Lachaise Cemetery - Division 7,Q50065443,4,0,2,"cemetery division located in Paris, in France",,Q50064469,,
Grave of Belin,Père-Lachaise Cemetery - Division 60,Q50066013,4,0,2,"cemetery division located in Paris, in France",,Q50064469,,
Grave of Belin,Division 19,Q16249931,4,0,2,2017 film,,Q11424,,Division 19
Grave of Belin,Society for Military Psychology,Q99658618,4,0,2,,Division 19,,,
Grave of Belin,Division 19 Vecchio Reparto in Cemetery of Verano,Q125850107,4,0,2,"section of Campo Verano cemetery, Rome, Italy",Divisione 19 Vecchio Reparto nel Cimitero del Verano,Q56632662,,
Grave of Belin,Père-Lachaise Cemetery - Division 19,Q50065483,4,0,2,"cemetery division located in Paris, in France",,Q50064469,,
Grave of Belin,division 19 du cimetière parisien de Thiais,Q130216542,4,0,2,"cemetery sector located in Val-de-Marne, in France",,Q56632662,,
Grave of Belin,division 19 du cimetière parisien de Bagneux,Q130179143,4,0,2,"cemetery sector located in Hauts-de-Seine, in France",,Q56632662,,
Grave of Belin,Cimetière de Montmartre - Division 19,Q130304532,4,0,2,"cemetery sector located in Paris, in France",,Q56632662,,
Grave of Belin,division 19 du cimetière du Montparnasse,Q130152612,4,0,2,"cemetery sector located in Paris, in France",,Q56632662,,
Grave of Belin,Cimetière parisien de Saint-Ouen - Division 19,Q130304769,4,0,2,"cemetery sector located in Seine-Saint-Denis, in France",,Q56632662,,
Grave of Belin,Cimetière parisien de Pantin - Division 19,Q130304566,4,0,2,"cemetery sector located in Seine-Saint-Denis, in France",,Q56632662,,
Grave of Belin,20th arrondissement of Paris,Q210720,4,0,2,"municipal district of Paris, France",arrondissement of Paris|Ménilmontant,Q702842,,20th arrondissement of Paris
Père-Lachaise Cemetery - Division 19,Père-Lachaise Cemetery - Division 19,Q50065483,4,1,1,"cemetery division located in Paris, in France",,Q50064469,,
Père-Lachaise Cemetery - Division 19,Père Lachaise Cemetery,Q311,4,1,2,"cemetery in Paris, France",Cimetière du Père-Lachaise|Pere Lachaise|Pere Lachaise cemetery|Cimetiere du Pere-Lachaise|Père-Lachaise|Père Lachaise,Q39614,,Père Lachaise Cemetery
Père-Lachaise Cemetery - Division 19,Père-Lachaise Cemetery - Division 10,Q50065453,4,1,2,"cemetery division located in Paris, in France",,Q50064469,,
Père-Lachaise Cemetery - Division 19,Père-Lachaise Cemetery - Division 49,Q50065864,4,1,2,"cemetery division located in Paris, in France",,Q50064469,,
Père-Lachaise Cemetery - Division 19,Père-Lachaise Cemetery - Division 36,Q50065649,4,1,2,"cemetery division located in Paris, in France",,Q50064469,,
Père-Lachaise Cemetery - Division 19,Père-Lachaise Cemetery - Division 11,Q50065460,4,1,2,"cemetery division located in Paris, in France",,Q50064469,,
Père-Lachaise Cemetery - Division 19,Père-Lachaise Cemetery - Division 95,Q50066537,4,1,2,"cemetery division located in Paris, in France",,Q50064469,,
Père-Lachaise Cemetery - Division 19,Père-Lachaise Cemetery - Division 87,Q50066509,4,1,2,"cemetery division located in Paris, in France",,Q50064469,,
Père-Lachaise Cemetery - Division 19,Père-Lachaise Cemetery - Division 90,Q50066521,4,1,2,"cemetery division located in Paris, in France",,Q50064469,,
Père-Lachaise Cemetery - Division 19,Père-Lachaise Cemetery - Division 7,Q50065443,4,1,2,"cemetery division located in Paris, in France",,Q50064469,,
Père-Lachaise Cemetery - Division 19,Père-Lachaise Cemetery - Division 60,Q50066013,4,1,2,"cemetery division located in Paris, in France",,Q50064469,,
Père-Lachaise Cemetery - Division 19,Division 19,Q16249931,4,1,2,2017 film,,Q11424,,Division 19
Père-Lachaise Cemetery - Division 19,Society for Military Psychology,Q99658618,4,1,2,,Division 19,,,
Père-Lachaise Cemetery - Division 19,Division 19 Vecchio Reparto in Cemetery of Verano,Q125850107,4,1,2,"section of Campo Verano cemetery, Rome, Italy",Divisione 19 Vecchio Reparto nel Cimitero del Verano,Q56632662,,
Père-Lachaise Cemetery - Division 19,division 19 du cimetière parisien de Thiais,Q130216542,4,1,2,"cemetery sector located in Val-de-Marne, in France",,Q56632662,,
Père-Lachaise Cemetery - Division 19,division 19 du cimetière parisien de Bagneux,Q130179143,4,1,2,"cemetery sector located in Hauts-de-Seine, in France",,Q56632662,,
Père-Lachaise Cemetery - Division 19,Cimetière de Montmartre - Division 19,Q130304532,4,1,2,"cemetery sector located in Paris, in France",,Q56632662,,
Père-Lachaise Cemetery - Division 19,division 19 du cimetière du Montparnasse,Q130152612,4,1,2,"cemetery sector located in Paris, in France",,Q56632662,,
Père-Lachaise Cemetery - Division 19,Cimetière parisien de Saint-Ouen - Division 19,Q130304769,4,1,2,"cemetery sector located in Seine-Saint-Denis, in France",,Q56632662,,
Père-Lachaise Cemetery - Division 19,Cimetière parisien de Pantin - Division 19,Q130304566,4,1,2,"cemetery sector located in Seine-Saint-Denis, in France",,Q56632662,,
Père-Lachaise Cemetery - Division 19,20th arrondissement of Paris,Q210720,4,1,2,"municipal district of Paris, France",arrondissement of Paris|Ménilmontant,Q702842,,20th arrondissement of Paris
20th arrondissement of Paris,20th arrondissement of Paris,Q210720,4,2,1,"municipal district of Paris, France",arrondissement of Paris|Ménilmontant,Q702842,,20th arrondissement of Paris
20th arrondissement of Paris,Père Lachaise Cemetery,Q311,4,2,2,"cemetery in Paris, France",Cimetière du Père-Lachaise|Pere Lachaise|Pere Lachaise cemetery|Cimetiere du Pere-Lachaise|Père-Lachaise|Père Lachaise,Q39614,,Père Lachaise Cemetery
20th arrondissement of Paris,Père-Lachaise Cemetery - Division 10,Q50065453,4,2,2,"cemetery division located in Paris, in France",,Q50064469,,
20th arrondissement of Paris,Père-Lachaise Cemetery - Division 49,Q50065864,4,2,2,"cemetery division located in Paris, in France",,Q50064469,,
20th arrondissement of Paris,Père-Lachaise Cemetery - Division 36,Q50065649,4,2,2,"cemetery division located in Paris, in France",,Q50064469,,
20th arrondissement of Paris,Père-Lachaise Cemetery - Division 11,Q50065460,4,2,2,"cemetery division located in Paris, in France",,Q50064469,,
20th arrondissement of Paris,Père-Lachaise Cemetery - Division 95,Q50066537,4,2,2,"cemetery division located in Paris, in France",,Q50064469,,
20th arrondissement of Paris,Père-Lachaise Cemetery - Division 87,Q50066509,4,2,2,"cemetery division located in Paris, in France",,Q50064469,,
20th arrondissement of Paris,Père-Lachaise Cemetery - Division 90,Q50066521,4,2,2,"cemetery division located in Paris, in France",,Q50064469,,
20th arrondissement of Paris,Père-Lachaise Cemetery - Division 7,Q50065443,4,2,2,"cemetery division located in Paris, in France",,Q50064469,,
20th arrondissement of Paris,Père-Lachaise Cemetery - Division 60,Q50066013,4,2,2,"cemetery division located in Paris, in France",,Q50064469,,
20th arrondissement of Paris,Division 19,Q16249931,4,2,2,2017 film,,Q11424,,Division 19
20th arrondissement of Paris,Society for Military Psychology,Q99658618,4,2,2,,Division 19,,,
20th arrondissement of Paris,Division 19 Vecchio Reparto in Cemetery of Verano,Q125850107,4,2,2,"section of Campo Verano cemetery, Rome, Italy",Divisione 19 Vecchio Reparto nel Cimitero del Verano,Q56632662,,
20th arrondissement of Paris,Père-Lachaise Cemetery - Division 19,Q50065483,4,2,2,"cemetery division located in Paris, in France",,Q50064469,,
20th arrondissement of Paris,division 19 du cimetière parisien de Thiais,Q130216542,4,2,2,"cemetery sector located in Val-de-Marne, in France",,Q56632662,,
20th arrondissement of Paris,division 19 du cimetière parisien de Bagneux,Q130179143,4,2,2,"cemetery sector located in Hauts-de-Seine, in France",,Q56632662,,
20th arrondissement of Paris,Cimetière de Montmartre - Division 19,Q130304532,4,2,2,"cemetery sector located in Paris, in France",,Q56632662,,
20th arrondissement of Paris,division 19 du cimetière du Montparnasse,Q130152612,4,2,2,"cemetery sector located in Paris, in France",,Q56632662,,
20th arrondissement of Paris,Cimetière parisien de Saint-Ouen - Division 19,Q130304769,4,2,2,"cemetery sector located in Seine-Saint-Denis, in France",,Q56632662,,
20th arrondissement of Paris,Cimetière parisien de Pantin - Division 19,Q130304566,4,2,2,"cemetery sector located in Seine-Saint-Denis, in France",,Q56632662,,
Grave of Fabien-Rosier,Grave of Fabien-Rosier,Q112321150,5,0,1,"sepulchral chapel located in Paris, in France",,Q1424583,,
Grave of Fabien-Rosier,Père Lachaise Cemetery,Q311,5,0,2,"cemetery in Paris, France",Cimetière du Père-Lachaise|Pere Lachaise|Pere Lachaise cemetery|Cimetiere du Pere-Lachaise|Père-Lachaise|Père Lachaise,Q39614,,Père Lachaise Cemetery
Grave of Fabien-Rosier,Père-Lachaise Cemetery - Division 10,Q50065453,5,0,2,"cemetery division located in Paris, in France",,Q50064469,,
Grave of Fabien-Rosier,Père-Lachaise Cemetery - Division 49,Q50065864,5,0,2,"cemetery division located in Paris, in France",,Q50064469,,
Grave of Fabien-Rosier,Père-Lachaise Cemetery - Division 36,Q50065649,5,0,2,"cemetery division located in Paris, in France",,Q50064469,,
Grave of Fabien-Rosier,Père-Lachaise Cemetery - Division 11,Q50065460,5,0,2,"cemetery division located in Paris, in France",,Q50064469,,
Grave of Fabien-Rosier,Père-Lachaise Cemetery - Division 95,Q50066537,5,0,2,"cemetery division located in Paris, in France",,Q50064469,,
Grave of Fabien-Rosier,Père-Lachaise Cemetery - Division 87,Q50066509,5,0,2,"cemetery division located in Paris, in France",,Q50064469,,
Grave of Fabien-Rosier,Père-Lachaise Cemetery - Division 90,Q50066521,5,0,2,"cemetery division located in Paris, in France",,Q50064469,,
Grave of Fabien-Rosier,Père-Lachaise Cemetery - Division 7,Q50065443,5,0,2,"cemetery division located in Paris, in France",,Q50064469,,
Grave of Fabien-Rosier,Père-Lachaise Cemetery - Division 60,Q50066013,5,0,2,"cemetery division located in Paris, in France",,Q50064469,,
Grave of Fabien-Rosier,Society of Counseling Psychology,Q45133339,5,0,2,professional society in United States of America,"Division 17: Society of Counseling Psychology|Society of Counseling Psychology, Division 17|Division 17",Q1391145,,
Grave of Fabien-Rosier,Division 17 Semenzaio in Cemetery of Verano,Q135092381,5,0,2,,,Q56632662,,
Grave of Fabien-Rosier,Père-Lachaise Cemetery - Division 17,Q50065478,5,0,2,"cemetery division located in Paris, in France",,Q50064469,,
Grave of Fabien-Rosier,division 17 du cimetière parisien de Thiais,Q130216540,5,0,2,"cemetery sector located in Val-de-Marne, in France",,Q56632662,,
Grave of Fabien-Rosier,division 17 du cimetière du Montparnasse,Q130152606,5,0,2,"cemetery sector located in Paris, in France",,Q56632662,,
Grave of Fabien-Rosier,Cimetière de Montmartre - Division 17,Q130304530,5,0,2,"cemetery sector located in Paris, in France",,Q56632662,,
Grave of Fabien-Rosier,Cimetière parisien de Pantin - Division 17,Q130304564,5,0,2,"cemetery sector located in Seine-Saint-Denis, in France",,Q56632662,,
Grave of Fabien-Rosier,Cimetière parisien de Saint-Ouen - Division 17,Q130304767,5,0,2,"cemetery sector located in Seine-Saint-Denis, in France",,Q56632662,,
Grave of Fabien-Rosier,division 17 du cimetière parisien de Bagneux,Q130179139,5,0,2,"cemetery sector located in Hauts-de-Seine, in France",,Q56632662,,
Grave of Fabien-Rosier,division 17 du cimetière parisien d'Ivry,Q130212387,5,0,2,"cemetery sector located in Val-de-Marne, in France",,Q56632662,,
Grave of Fabien-Rosier,20th arrondissement of Paris,Q210720,5,0,2,"municipal district of Paris, France",arrondissement of Paris|Ménilmontant,Q702842,,20th arrondissement of Paris
Père-Lachaise Cemetery - Division 17,Père-Lachaise Cemetery - Division 17,Q50065478,5,1,1,"cemetery division located in Paris, in France",,Q50064469,,
Père-Lachaise Cemetery - Division 17,Père Lachaise Cemetery,Q311,5,1,2,"cemetery in Paris, France",Cimetière du Père-Lachaise|Pere Lachaise|Pere Lachaise cemetery|Cimetiere du Pere-Lachaise|Père-Lachaise|Père Lachaise,Q39614,,Père Lachaise Cemetery
Père-Lachaise Cemetery - Division 17,Père-Lachaise Cemetery - Division 10,Q50065453,5,1,2,"cemetery division located in Paris, in France",,Q50064469,,
Père-Lachaise Cemetery - Division 17,Père-Lachaise Cemetery - Division 49,Q50065864,5,1,2,"cemetery division located in Paris, in France",,Q50064469,,
Père-Lachaise Cemetery - Division 17,Père-Lachaise Cemetery - Division 36,Q50065649,5,1,2,"cemetery division located in Paris, in France",,Q50064469,,
Père-Lachaise Cemetery - Division 17,Père-Lachaise Cemetery - Division 11,Q50065460,5,1,2,"cemetery division located in Paris, in France",,Q50064469,,
Père-Lachaise Cemetery - Division 17,Père-Lachaise Cemetery - Division 95,Q50066537,5,1,2,"cemetery division located in Paris, in France",,Q50064469,,
Père-Lachaise Cemetery - Division 17,Père-Lachaise Cemetery - Division 87,Q50066509,5,1,2,"cemetery division located in Paris, in France",,Q50064469,,
Père-Lachaise Cemetery - Division 17,Père-Lachaise Cemetery - Division 90,Q50066521,5,1,2,"cemetery division located in Paris, in France",,Q50064469,,
Père-Lachaise Cemetery - Division 17,Père-Lachaise Cemetery - Division 7,Q50065443,5,1,2,"cemetery division located in Paris, in France",,Q50064469,,
Père-Lachaise Cemetery - Division 17,Père-Lachaise Cemetery - Division 60,Q50066013,5,1,2,"cemetery division located in Paris, in France",,Q50064469,,
Père-Lachaise Cemetery - Division 17,Society of Counseling Psychology,Q45133339,5,1,2,professional society in United States of America,"Division 17: Society of Counseling Psychology|Society of Counseling Psychology, Division 17|Division 17",Q1391145,,
Père-Lachaise Cemetery - Division 17,Division 17 Semenzaio in Cemetery of Verano,Q135092381,5,1,2,,,Q56632662,,
Père-Lachaise Cemetery - Division 17,division 17 du cimetière parisien de Thiais,Q130216540,5,1,2,"cemetery sector located in Val-de-Marne, in France",,Q56632662,,
Père-Lachaise Cemetery - Division 17,division 17 du cimetière du Montparnasse,Q130152606,5,1,2,"cemetery sector located in Paris, in France",,Q56632662,,
Père-Lachaise Cemetery - Division 17,Cimetière de Montmartre - Division 17,Q130304530,5,1,2,"cemetery sector located in Paris, in France",,Q56632662,,
Père-Lachaise Cemetery - Division 17,Cimetière parisien de Pantin - Division 17,Q130304564,5,1,2,"cemetery sector located in Seine-Saint-Denis, in France",,Q56632662,,
Père-Lachaise Cemetery - Division 17,Cimetière parisien de Saint-Ouen - Division 17,Q130304767,5,1,2,"cemetery sector located in Seine-Saint-Denis, in France",,Q56632662,,
Père-Lachaise Cemetery - Division 17,division 17 du cimetière parisien de Bagneux,Q130179139,5,1,2,"cemetery sector located in Hauts-de-Seine, in France",,Q56632662,,
Père-Lachaise Cemetery - Division 17,division 17 du cimetière parisien d'Ivry,Q130212387,5,1,2,"cemetery sector located in Val-de-Marne, in France",,Q56632662,,
Père-Lachaise Cemetery - Division 17,Fabien Rosier,Q29108772,5,1,2,,,Q5,,
Père-Lachaise Cemetery - Division 17,Grave of Fabien-Rosier,Q112321150,5,1,2,"sepulchral chapel located in Paris, in France",,Q1424583,,
Père-Lachaise Cemetery - Division 17,20th arrondissement of Paris,Q210720,5,1,2,"municipal district of Paris, France",arrondissement of Paris|Ménilmontant,Q702842,,20th arrondissement of Paris
20th arrondissement of Paris,20th arrondissement of Paris,Q210720,5,2,1,"municipal district of Paris, France",arrondissement of Paris|Ménilmontant,Q702842,,20th arrondissement of Paris
20th arrondissement of Paris,Père Lachaise Cemetery,Q311,5,2,2,"cemetery in Paris, France",Cimetière du Père-Lachaise|Pere Lachaise|Pere Lachaise cemetery|Cimetiere du Pere-Lachaise|Père-Lachaise|Père Lachaise,Q39614,,Père Lachaise Cemetery
20th arrondissement of Paris,Père-Lachaise Cemetery - Division 10,Q50065453,5,2,2,"cemetery division located in Paris, in France",,Q50064469,,
20th arrondissement of Paris,Père-Lachaise Cemetery - Division 49,Q50065864,5,2,2,"cemetery division located in Paris, in France",,Q50064469,,
20th arrondissement of Paris,Père-Lachaise Cemetery - Division 36,Q50065649,5,2,2,"cemetery division located in Paris, in France",,Q50064469,,
20th arrondissement of Paris,Père-Lachaise Cemetery - Division 11,Q50065460,5,2,2,"cemetery division located in Paris, in France",,Q50064469,,
20th arrondissement of Paris,Père-Lachaise Cemetery - Division 95,Q50066537,5,2,2,"cemetery division located in Paris, in France",,Q50064469,,
20th arrondissement of Paris,Père-Lachaise Cemetery - Division 87,Q50066509,5,2,2,"cemetery division located in Paris, in France",,Q50064469,,
20th arrondissement of Paris,Père-Lachaise Cemetery - Division 90,Q50066521,5,2,2,"cemetery division located in Paris, in France",,Q50064469,,
20th arrondissement of Paris,Père-Lachaise Cemetery - Division 7,Q50065443,5,2,2,"cemetery division located in Paris, in France",,Q50064469,,
20th arrondissement of Paris,Père-Lachaise Cemetery - Division 60,Q50066013,5,2,2,"cemetery division located in Paris, in France",,Q50064469,,
20th arrondissement of Paris,Society of Counseling Psychology,Q45133339,5,2,2,professional society in United States of America,"Division 17: Society of Counseling Psychology|Society of Counseling Psychology, Division 17|Division 17",Q1391145,,
20th arrondissement of Paris,Division 17 Semenzaio in Cemetery of Verano,Q135092381,5,2,2,,,Q56632662,,
20th arrondissement of Paris,Père-Lachaise Cemetery - Division 17,Q50065478,5,2,2,"cemetery division located in Paris, in France",,Q50064469,,
20th arrondissement of Paris,division 17 du cimetière parisien de Thiais,Q130216540,5,2,2,"cemetery sector located in Val-de-Marne, in France",,Q56632662,,
20th arrondissement of Paris,division 17 du cimetière du Montparnasse,Q130152606,5,2,2,"cemetery sector located in Paris, in France",,Q56632662,,
20th arrondissement of Paris,Cimetière de Montmartre - Division 17,Q130304530,5,2,2,"cemetery sector located in Paris, in France",,Q56632662,,
20th arrondissement of Paris,Cimetière parisien de Pantin - Division 17,Q130304564,5,2,2,"cemetery sector located in Seine-Saint-Denis, in France",,Q56632662,,
20th arrondissement of Paris,Cimetière parisien de Saint-Ouen - Division 17,Q130304767,5,2,2,"cemetery sector located in Seine-Saint-Denis, in France",,Q56632662,,
20th arrondissement of Paris,division 17 du cimetière parisien de Bagneux,Q130179139,5,2,2,"cemetery sector located in Hauts-de-Seine, in France",,Q56632662,,
20th arrondissement of Paris,division 17 du cimetière parisien d'Ivry,Q130212387,5,2,2,"cemetery sector located in Val-de-Marne, in France",,Q56632662,,
Grave of Gévelot,Grave of Gévelot,Q112326573,6,0,1,"sepulchral chapel located in Paris, in France",,Q1424583,,
Grave of Gévelot,Père Lachaise Cemetery,Q311,6,0,2,"cemetery in Paris, France",Cimetière du Père-Lachaise|Pere Lachaise|Pere Lachaise cemetery|Cimetiere du Pere-Lachaise|Père-Lachaise|Père Lachaise,Q39614,,Père Lachaise Cemetery
Grave of Gévelot,Père-Lachaise Cemetery - Division 10,Q50065453,6,0,2,"cemetery division located in Paris, in France",,Q50064469,,
Grave of Gévelot,Père-Lachaise Cemetery - Division 49,Q50065864,6,0,2,"cemetery division located in Paris, in France",,Q50064469,,
Grave of Gévelot,Père-Lachaise Cemetery - Division 36,Q50065649,6,0,2,"cemetery division located in Paris, in France",,Q50064469,,
Grave of Gévelot,Père-Lachaise Cemetery - Division 11,Q50065460,6,0,2,"cemetery division located in Paris, in France",,Q50064469,,
Grave of Gévelot,Père-Lachaise Cemetery - Division 95,Q50066537,6,0,2,"cemetery division located in Paris, in France",,Q50064469,,
Grave of Gévelot,Père-Lachaise Cemetery - Division 87,Q50066509,6,0,2,"cemetery division located in Paris, in France",,Q50064469,,
Grave of Gévelot,Père-Lachaise Cemetery - Division 90,Q50066521,6,0,2,"cemetery division located in Paris, in France",,Q50064469,,
Grave of Gévelot,Père-Lachaise Cemetery - Division 7,Q50065443,6,0,2,"cemetery division located in Paris, in France",,Q50064469,,
Grave of Gévelot,Père-Lachaise Cemetery - Division 60,Q50066013,6,0,2,"cemetery division located in Paris, in France",,Q50064469,,
Grave of Gévelot,Society of Group Psychology and Group Psychotherapy,Q99658705,6,0,2,,Division 49,,,
Grave of Gévelot,division 49 du cimetière parisien de Thiais,Q130216577,6,0,2,"cemetery sector located in Val-de-Marne, in France",,Q56632662,,
Grave of Gévelot,Cimetière parisien de Pantin - Division 49,Q130304603,6,0,2,"cemetery sector located in Seine-Saint-Denis, in France",,Q56632662,,
Grave of Gévelot,division 49 du cimetière parisien de Bagneux,Q130179208,6,0,2,"cemetery sector located in Hauts-de-Seine, in France",,Q56632662,,
Grave of Gévelot,20th arrondissement of Paris,Q210720,6,0,2,"municipal district of Paris, France",arrondissement of Paris|Ménilmontant,Q702842,,20th arrondissement of Paris
Père-Lachaise Cemetery - Division 49,Père-Lachaise Cemetery - Division 49,Q50065864,6,1,1,"cemetery division located in Paris, in France",,Q50064469,,
Père-Lachaise Cemetery - Division 49,Père Lachaise Cemetery,Q311,6,1,2,"cemetery in Paris, France",Cimetière du Père-Lachaise|Pere Lachaise|Pere Lachaise cemetery|Cimetiere du Pere-Lachaise|Père-Lachaise|Père Lachaise,Q39614,,Père Lachaise Cemetery
Père-Lachaise Cemetery - Division 49,Père-Lachaise Cemetery - Division 10,Q50065453,6,1,2,"cemetery division located in Paris, in France",,Q50064469,,
Père-Lachaise Cemetery - Division 49,Père-Lachaise Cemetery - Division 36,Q50065649,6,1,2,"cemetery division located in Paris, in France",,Q50064469,,
Père-Lachaise Cemetery - Division 49,Père-Lachaise Cemetery - Division 11,Q50065460,6,1,2,"cemetery division located in Paris, in France",,Q50064469,,
Père-Lachaise Cemetery - Division 49,Père-Lachaise Cemetery - Division 95,Q50066537,6,1,2,"cemetery division located in Paris, in France",,Q50064469,,
Père-Lachaise Cemetery - Division 49,Père-Lachaise Cemetery - Division 87,Q50066509,6,1,2,"cemetery division located in Paris, in France",,Q50064469,,
Père-Lachaise Cemetery - Division 49,Père-Lachaise Cemetery - Division 90,Q50066521,6,1,2,"cemetery division located in Paris, in France",,Q50064469,,
Père-Lachaise Cemetery - Division 49,Père-Lachaise Cemetery - Division 7,Q50065443,6,1,2,"cemetery division located in Paris, in France",,Q50064469,,
Père-Lachaise Cemetery - Division 49,Père-Lachaise Cemetery - Division 60,Q50066013,6,1,2,"cemetery division located in Paris, in France",,Q50064469,,
Père-Lachaise Cemetery - Division 49,Society of Group Psychology and Group Psychotherapy,Q99658705,6,1,2,,Division 49,,,
Père-Lachaise Cemetery - Division 49,division 49 du cimetière parisien de Thiais,Q130216577,6,1,2,"cemetery sector located in Val-de-Marne, in France",,Q56632662,,
Père-Lachaise Cemetery - Division 49,Cimetière parisien de Pantin - Division 49,Q130304603,6,1,2,"cemetery sector located in Seine-Saint-Denis, in France",,Q56632662,,
Père-Lachaise Cemetery - Division 49,division 49 du cimetière parisien de Bagneux,Q130179208,6,1,2,"cemetery sector located in Hauts-de-Seine, in France",,Q56632662,,
Père-Lachaise Cemetery - Division 49,Gevelot,Q84851675,6,1,2,family name,,Q101352,,
Père-Lachaise Cemetery - Division 49,Gévelot extrusion,Q3124499,6,1,2,,,Q43229,,
Père-Lachaise Cemetery - Division 49,"Gevelot, François Victor",Q104087325,6,1,2,encyclopedia article,,Q13433827,,
Père-Lachaise Cemetery - Division 49,Grave of Gévelot,Q112326573,6,1,2,"sepulchral chapel located in Paris, in France",,Q1424583,,
Père-Lachaise Cemetery - Division 49,20th arrondissement of Paris,Q210720,6,1,2,"municipal district of Paris, France",arrondissement of Paris|Ménilmontant,Q702842,,20th arrondissement of Paris
20th arrondissement of Paris,20th arrondissement of Paris,Q210720,6,2,1,"municipal district of Paris, France",arrondissement of Paris|Ménilmontant,Q702842,,20th arrondissement of Paris
20th arrondissement of Paris,Père Lachaise Cemetery,Q311,6,2,2,"cemetery in Paris, France",Cimetière du Père-Lachaise|Pere Lachaise|Pere Lachaise cemetery|Cimetiere du Pere-Lachaise|Père-Lachaise|Père Lachaise,Q39614,,Père Lachaise Cemetery
20th arrondissement of Paris,Père-Lachaise Cemetery - Division 10,Q50065453,6,2,2,"cemetery division located in Paris, in France",,Q50064469,,
20th arrondissement of Paris,Père-Lachaise Cemetery - Division 49,Q50065864,6,2,2,"cemetery division located in Paris, in France",,Q50064469,,
20th arrondissement of Paris,Père-Lachaise Cemetery - Division 36,Q50065649,6,2,2,"cemetery division located in Paris, in France",,Q50064469,,
20th arrondissement of Paris,Père-Lachaise Cemetery - Division 11,Q50065460,6,2,2,"cemetery division located in Paris, in France",,Q50064469,,
20th arrondissement of Paris,Père-Lachaise Cemetery - Division 95,Q50066537,6,2,2,"cemetery division located in Paris, in France",,Q50064469,,
20th arrondissement of Paris,Père-Lachaise Cemetery - Division 87,Q50066509,6,2,2,"cemetery division located in Paris, in France",,Q50064469,,
20th arrondissement of Paris,Père-Lachaise Cemetery - Division 90,Q50066521,6,2,2,"cemetery division located in Paris, in France",,Q50064469,,
20th arrondissement of Paris,Père-Lachaise Cemetery - Division 7,Q50065443,6,2,2,"cemetery division located in Paris, in France",,Q50064469,,
20th arrondissement of Paris,Père-Lachaise Cemetery - Division 60,Q50066013,6,2,2,"cemetery division located in Paris, in France",,Q50064469,,
20th arrondissement of Paris,Society of Group Psychology and Group Psychotherapy,Q99658705,6,2,2,,Division 49,,,
20th arrondissement of Paris,division 49 du cimetière parisien de Thiais,Q130216577,6,2,2,"cemetery sector located in Val-de-Marne, in France",,Q56632662,,
20th arrondissement of Paris,Cimetière parisien de Pantin - Division 49,Q130304603,6,2,2,"cemetery sector located in Seine-Saint-Denis, in France",,Q56632662,,
20th arrondissement of Paris,division 49 du cimetière parisien de Bagneux,Q130179208,6,2,2,"cemetery sector located in Hauts-de-Seine, in France",,Q56632662,,
Grave of Letellier,Grave of Letellier,Q112331668,7,0,1,"sepulchral chapel located in Paris, in France",,Q1424583,,
Grave of Letellier,Grave of Letellier,Q112331669,7,0,1,,,Q173387,,
Grave of Letellier,Grave of Letellier-Montmorot,Q112331670,7,0,1,,,Q173387,,
Grave of Letellier,Père Lachaise Cemetery,Q311,7,0,2,"cemetery in Paris, France",Cimetière du Père-Lachaise|Pere Lachaise|Pere Lachaise cemetery|Cimetiere du Pere-Lachaise|Père-Lachaise|Père Lachaise,Q39614,,Père Lachaise Cemetery
Grave of Letellier,Père-Lachaise Cemetery - Division 10,Q50065453,7,0,2,"cemetery division located in Paris, in France",,Q50064469,,
Grave of Letellier,Père-Lachaise Cemetery - Division 49,Q50065864,7,0,2,"cemetery division located in Paris, in France",,Q50064469,,
Grave of Letellier,Père-Lachaise Cemetery - Division 36,Q50065649,7,0,2,"cemetery division located in Paris, in France",,Q50064469,,
Grave of Letellier,Père-Lachaise Cemetery - Division 11,Q50065460,7,0,2,"cemetery division located in Paris, in France",,Q50064469,,
Grave of Letellier,Père-Lachaise Cemetery - Division 95,Q50066537,7,0,2,"cemetery division located in Paris, in France",,Q50064469,,
Grave of Letellier,Père-Lachaise Cemetery - Division 87,Q50066509,7,0,2,"cemetery division located in Paris, in France",,Q50064469,,
Grave of Letellier,Père-Lachaise Cemetery - Division 90,Q50066521,7,0,2,"cemetery division located in Paris, in France",,Q50064469,,
Grave of Letellier,Père-Lachaise Cemetery - Division 7,Q50065443,7,0,2,"cemetery division located in Paris, in France",,Q50064469,,
Grave of Letellier,Père-Lachaise Cemetery - Division 60,Q50066013,7,0,2,"cemetery division located in Paris, in France",,Q50064469,,
Grave of Letellier,Division 10,Q56751597,7,0,2,,,Q56477675,,
Grave of Letellier,Division 10,Q56752507,7,0,2,,,Q56477667,,
Grave of Letellier,Division 10,Q115228520,7,0,2,division of Moreton Bay City Council,Moreton Bay Regional Council Division 10|Moreton Bay Region Division 10|Moreton Bay Division 10,Q115228557,,
Grave of Letellier,"Society for the Psychology of Aesthetics, Creativity and the Arts",Q99658597,7,0,2,,Division 10,,,
Grave of Letellier,Division 10 Ex Civili in Cemetery of Verano,Q135092369,7,0,2,,,Q56632662,,
Grave of Letellier,Passy Cemetery - Division 10,Q112393122,7,0,2,"cemetery sector located in Paris, in France",,Q112390525,,
Grave of Letellier,division 106 du cimetière parisien de Bagneux,Q130179339,7,0,2,"cemetery sector located in Hauts-de-Seine, in France",,Q56632662,,
Grave of Letellier,Cimetière Saint-Vincent - Division 10,Q130304799,7,0,2,"cemetery sector located in Paris, in France",,Q56632662,,
Grave of Letellier,Cimetière de Montmartre - Division 10,Q130304523,7,0,2,"cemetery sector located in Paris, in France",,Q56632662,,
Grave of Letellier,20th arrondissement of Paris,Q210720,7,0,2,"municipal district of Paris, France",arrondissement of Paris|Ménilmontant,Q702842,,20th arrondissement of Paris
Père-Lachaise Cemetery - Division 10,Père-Lachaise Cemetery - Division 10,Q50065453,7,1,1,"cemetery division located in Paris, in France",,Q50064469,,
Père-Lachaise Cemetery - Division 10,Père Lachaise Cemetery,Q311,7,1,2,"cemetery in Paris, France",Cimetière du Père-Lachaise|Pere Lachaise|Pere Lachaise cemetery|Cimetiere du Pere-Lachaise|Père-Lachaise|Père Lachaise,Q39614,,Père Lachaise Cemetery
Père-Lachaise Cemetery - Division 10,Père-Lachaise Cemetery - Division 49,Q50065864,7,1,2,"cemetery division located in Paris, in France",,Q50064469,,
Père-Lachaise Cemetery - Division 10,Père-Lachaise Cemetery - Division 36,Q50065649,7,1,2,"cemetery division located in Paris, in France",,Q50064469,,
Père-Lachaise Cemetery - Division 10,Père-Lachaise Cemetery - Division 11,Q50065460,7,1,2,"cemetery division located in Paris, in France",,Q50064469,,
Père-Lachaise Cemetery - Division 10,Père-Lachaise Cemetery - Division 95,Q50066537,7,1,2,"cemetery division located in Paris, in France",,Q50064469,,
Père-Lachaise Cemetery - Division 10,Père-Lachaise Cemetery - Division 87,Q50066509,7,1,2,"cemetery division located in Paris, in France",,Q50064469,,
Père-Lachaise Cemetery - Division 10,Père-Lachaise Cemetery - Division 90,Q50066521,7,1,2,"cemetery division located in Paris, in France",,Q50064469,,
Père-Lachaise Cemetery - Division 10,Père-Lachaise Cemetery - Division 7,Q50065443,7,1,2,"cemetery division located in Paris, in France",,Q50064469,,
Père-Lachaise Cemetery - Division 10,Père-Lachaise Cemetery - Division 60,Q50066013,7,1,2,"cemetery division located in Paris, in France",,Q50064469,,
Père-Lachaise Cemetery - Division 10,Division 10,Q56751597,7,1,2,,,Q56477675,,
Père-Lachaise Cemetery - Division 10,Division 10,Q56752507,7,1,2,,,Q56477667,,
Père-Lachaise Cemetery - Division 10,Division 10,Q115228520,7,1,2,division of Moreton Bay City Council,Moreton Bay Regional Council Division 10|Moreton Bay Region Division 10|Moreton Bay Division 10,Q115228557,,
Père-Lachaise Cemetery - Division 10,"Society for the Psychology of Aesthetics, Creativity and the Arts",Q99658597,7,1,2,,Division 10,,,
Père-Lachaise Cemetery - Division 10,Division 10 Ex Civili in Cemetery of Verano,Q135092369,7,1,2,,,Q56632662,,
Père-Lachaise Cemetery - Division 10,Passy Cemetery - Division 10,Q112393122,7,1,2,"cemetery sector located in Paris, in France",,Q112390525,,
Père-Lachaise Cemetery - Division 10,division 106 du cimetière parisien de Bagneux,Q130179339,7,1,2,"cemetery sector located in Hauts-de-Seine, in France",,Q56632662,,
Père-Lachaise Cemetery - Division 10,Cimetière Saint-Vincent - Division 10,Q130304799,7,1,2,"cemetery sector located in Paris, in France",,Q56632662,,
Père-Lachaise Cemetery - Division 10,Cimetière de Montmartre - Division 10,Q130304523,7,1,2,"cemetery sector located in Paris, in France",,Q56632662,,
Père-Lachaise Cemetery - Division 10,20th arrondissement of Paris,Q210720,7,1,2,"municipal district of Paris, France",arrondissement of Paris|Ménilmontant,Q702842,,20th arrondissement of Paris
20th arrondissement of Paris,20th arrondissement of Paris,Q210720,7,2,1,"municipal district of Paris, France",arrondissement of Paris|Ménilmontant,Q702842,,20th arrondissement of Paris
20th arrondissement of Paris,Père Lachaise Cemetery,Q311,7,2,2,"cemetery in Paris, France",Cimetière du Père-Lachaise|Pere Lachaise|Pere Lachaise cemetery|Cimetiere du Pere-Lachaise|Père-Lachaise|Père Lachaise,Q39614,,Père Lachaise Cemetery
20th arrondissement of Paris,Père-Lachaise Cemetery - Division 10,Q50065453,7,2,2,"cemetery division located in Paris, in France",,Q50064469,,
20th arrondissement of Paris,Père-Lachaise Cemetery - Division 49,Q50065864,7,2,2,"cemetery division located in Paris, in France",,Q50064469,,
20th arrondissement of Paris,Père-Lachaise Cemetery - Division 36,Q50065649,7,2,2,"cemetery division located in Paris, in France",,Q50064469,,
20th arrondissement of Paris,Père-Lachaise Cemetery - Division 11,Q50065460,7,2,2,"cemetery division located in Paris, in France",,Q50064469,,
20th arrondissement of Paris,Père-Lachaise Cemetery - Division 95,Q50066537,7,2,2,"cemetery division located in Paris, in France",,Q50064469,,
20th arrondissement of Paris,Père-Lachaise Cemetery - Division 87,Q50066509,7,2,2,"cemetery division located in Paris, in France",,Q50064469,,
20th arrondissement of Paris,Père-Lachaise Cemetery - Division 90,Q50066521,7,2,2,"cemetery division located in Paris, in France",,Q50064469,,
20th arrondissement of Paris,Père-Lachaise Cemetery - Division 7,Q50065443,7,2,2,"cemetery division located in Paris, in France",,Q50064469,,
20th arrondissement of Paris,Père-Lachaise Cemetery - Division 60,Q50066013,7,2,2,"cemetery division located in Paris, in France",,Q50064469,,
20th arrondissement of Paris,Division 10,Q56751597,7,2,2,,,Q56477675,,
20th arrondissement of Paris,Division 10,Q56752507,7,2,2,,,Q56477667,,
20th arrondissement of Paris,Division 10,Q115228520,7,2,2,division of Moreton Bay City Council,Moreton Bay Regional Council Division 10|Moreton Bay Region Division 10|Moreton Bay Division 10,Q115228557,,
20th arrondissement of Paris,"Society for the Psychology of Aesthetics, Creativity and the Arts",Q99658597,7,2,2,,Division 10,,,
20th arrondissement of Paris,Division 10 Ex Civili in Cemetery of Verano,Q135092369,7,2,2,,,Q56632662,,
20th arrondissement of Paris,Passy Cemetery - Division 10,Q112393122,7,2,2,"cemetery sector located in Paris, in France",,Q112390525,,
20th arrondissement of Paris,division 106 du cimetière parisien de Bagneux,Q130179339,7,2,2,"cemetery sector located in Hauts-de-Seine, in France",,Q56632662,,
20th arrondissement of Paris,Cimetière Saint-Vincent - Division 10,Q130304799,7,2,2,"cemetery sector located in Paris, in France",,Q56632662,,
20th arrondissement of Paris,Cimetière de Montmartre - Division 10,Q130304523,7,2,2,"cemetery sector located in Paris, in France",,Q56632662,,
Grave of Pavie-Gouges,Grave of Pavie-Gouges,Q112335500,8,0,1,"sepulchral chapel located in Paris, in France",,Q1424583,,
Grave of Pavie-Gouges,Père Lachaise Cemetery,Q311,8,0,2,"cemetery in Paris, France",Cimetière du Père-Lachaise|Pere Lachaise|Pere Lachaise cemetery|Cimetiere du Pere-Lachaise|Père-Lachaise|Père Lachaise,Q39614,,Père Lachaise Cemetery
Grave of Pavie-Gouges,Père-Lachaise Cemetery - Division 10,Q50065453,8,0,2,"cemetery division located in Paris, in France",,Q50064469,,
Grave of Pavie-Gouges,Père-Lachaise Cemetery - Division 49,Q50065864,8,0,2,"cemetery division located in Paris, in France",,Q50064469,,
Grave of Pavie-Gouges,Père-Lachaise Cemetery - Division 36,Q50065649,8,0,2,"cemetery division located in Paris, in France",,Q50064469,,
Grave of Pavie-Gouges,Père-Lachaise Cemetery - Division 11,Q50065460,8,0,2,"cemetery division located in Paris, in France",,Q50064469,,
Grave of Pavie-Gouges,Père-Lachaise Cemetery - Division 95,Q50066537,8,0,2,"cemetery division located in Paris, in France",,Q50064469,,
Grave of Pavie-Gouges,Père-Lachaise Cemetery - Division 87,Q50066509,8,0,2,"cemetery division located in Paris, in France",,Q50064469,,
Grave of Pavie-Gouges,Père-Lachaise Cemetery - Division 90,Q50066521,8,0,2,"cemetery division located in Paris, in France",,Q50064469,,
Grave of Pavie-Gouges,Père-Lachaise Cemetery - Division 7,Q50065443,8,0,2,"cemetery division located in Paris, in France",,Q50064469,,
Grave of Pavie-Gouges,Père-Lachaise Cemetery - Division 60,Q50066013,8,0,2,"cemetery division located in Paris, in France",,Q50064469,,
Grave of Pavie-Gouges,Society for Consumer Psychology,Q99658625,8,0,2,,Division 23,,,
Grave of Pavie-Gouges,Père-Lachaise Cemetery - Division 23,Q50065492,8,0,2,"cemetery division located in Paris, in France",,Q50064469,,
Grave of Pavie-Gouges,Cimetière de Montmartre - Division 23,Q130304536,8,0,2,"cemetery sector located in Paris, in France",,Q56632662,,
Grave of Pavie-Gouges,division 23 du cimetière parisien de Bagneux,Q130179153,8,0,2,"cemetery sector located in Hauts-de-Seine, in France",,Q56632662,,
Grave of Pavie-Gouges,division 23 du cimetière parisien d'Ivry,Q130212394,8,0,2,"cemetery sector located in Val-de-Marne, in France",,Q56632662,,
Grave of Pavie-Gouges,division 23 du cimetière du Montparnasse,Q130152627,8,0,2,"cemetery sector located in Paris, in France",,Q56632662,,
Grave of Pavie-Gouges,Cimetière parisien de Saint-Ouen - Division 23,Q130304773,8,0,2,"cemetery sector located in Seine-Saint-Denis, in France",,Q56632662,,
Grave of Pavie-Gouges,division 23 du cimetière parisien de Thiais,Q130216547,8,0,2,"cemetery sector located in Val-de-Marne, in France",,Q56632662,,
Grave of Pavie-Gouges,Cimetière parisien de Pantin - Division 23,Q130304570,8,0,2,"cemetery sector located in Seine-Saint-Denis, in France",,Q56632662,,
Grave of Pavie-Gouges,20th arrondissement of Paris,Q210720,8,0,2,"municipal district of Paris, France",arrondissement of Paris|Ménilmontant,Q702842,,20th arrondissement of Paris
Père-Lachaise Cemetery - Division 23,Père-Lachaise Cemetery - Division 23,Q50065492,8,1,1,"cemetery division located in Paris, in France",,Q50064469,,
Père-Lachaise Cemetery - Division 23,Père Lachaise Cemetery,Q311,8,1,2,"cemetery in Paris, France",Cimetière du Père-Lachaise|Pere Lachaise|Pere Lachaise cemetery|Cimetiere du Pere-Lachaise|Père-Lachaise|Père Lachaise,Q39614,,Père Lachaise Cemetery
Père-Lachaise Cemetery - Division 23,Père-Lachaise Cemetery - Division 10,Q50065453,8,1,2,"cemetery division located in Paris, in France",,Q50064469,,
Père-Lachaise Cemetery - Division 23,Père-Lachaise Cemetery - Division 49,Q50065864,8,1,2,"cemetery division located in Paris, in France",,Q50064469,,
Père-Lachaise Cemetery - Division 23,Père-Lachaise Cemetery - Division 36,Q50065649,8,1,2,"cemetery division located in Paris, in France",,Q50064469,,
Père-Lachaise Cemetery - Division 23,Père-Lachaise Cemetery - Division 11,Q50065460,8,1,2,"cemetery division located in Paris, in France",,Q50064469,,
Père-Lachaise Cemetery - Division 23,Père-Lachaise Cemetery - Division 95,Q50066537,8,1,2,"cemetery division located in Paris, in France",,Q50064469,,
Père-Lachaise Cemetery - Division 23,Père-Lachaise Cemetery - Division 87,Q50066509,8,1,2,"cemetery division located in Paris, in France",,Q50064469,,
Père-Lachaise Cemetery - Division 23,Père-Lachaise Cemetery - Division 90,Q50066521,8,1,2,"cemetery division located in Paris, in France",,Q50064469,,
Père-Lachaise Cemetery - Division 23,Père-Lachaise Cemetery - Division 7,Q50065443,8,1,2,"cemetery division located in Paris, in France",,Q50064469,,
Père-Lachaise Cemetery - Division 23,Père-Lachaise Cemetery - Division 60,Q50066013,8,1,2,"cemetery division located in Paris, in France",,Q50064469,,
Père-Lachaise Cemetery - Division 23,Society for Consumer Psychology,Q99658625,8,1,2,,Division 23,,,
Père-Lachaise Cemetery - Division 23,Cimetière de Montmartre - Division 23,Q130304536,8,1,2,"cemetery sector located in Paris, in France",,Q56632662,,
Père-Lachaise Cemetery - Division 23,division 23 du cimetière parisien de Bagneux,Q130179153,8,1,2,"cemetery sector located in Hauts-de-Seine, in France",,Q56632662,,
Père-Lachaise Cemetery - Division 23,division 23 du cimetière parisien d'Ivry,Q130212394,8,1,2,"cemetery sector located in Val-de-Marne, in France",,Q56632662,,
Père-Lachaise Cemetery - Division 23,division 23 du cimetière du Montparnasse,Q130152627,8,1,2,"cemetery sector located in Paris, in France",,Q56632662,,
Père-Lachaise Cemetery - Division 23,Cimetière parisien de Saint-Ouen - Division 23,Q130304773,8,1,2,"cemetery sector located in Seine-Saint-Denis, in France",,Q56632662,,
Père-Lachaise Cemetery - Division 23,division 23 du cimetière parisien de Thiais,Q130216547,8,1,2,"cemetery sector located in Val-de-Marne, in France",,Q56632662,,
Père-Lachaise Cemetery - Division 23,Cimetière parisien de Pantin - Division 23,Q130304570,8,1,2,"cemetery sector located in Seine-Saint-Denis, in France",,Q56632662,,
Père-Lachaise Cemetery - Division 23,Grave of Pavie-Gouges,Q112335500,8,1,2,"sepulchral chapel located in Paris, in France",,Q1424583,,
Père-Lachaise Cemetery - Division 23,20th arrondissement of Paris,Q210720,8,1,2,"municipal district of Paris, France",arrondissement of Paris|Ménilmontant,Q702842,,20th arrondissement of Paris
20th arrondissement of Paris,20th arrondissement of Paris,Q210720,8,2,1,"municipal district of Paris, France",arrondissement of Paris|Ménilmontant,Q702842,,20th arrondissement of Paris
20th arrondissement of Paris,Père Lachaise Cemetery,Q311,8,2,2,"cemetery in Paris, France",Cimetière du Père-Lachaise|Pere Lachaise|Pere Lachaise cemetery|Cimetiere du Pere-Lachaise|Père-Lachaise|Père Lachaise,Q39614,,Père Lachaise Cemetery
20th arrondissement of Paris,Père-Lachaise Cemetery - Division 10,Q50065453,8,2,2,"cemetery division located in Paris, in France",,Q50064469,,
20th arrondissement of Paris,Père-Lachaise Cemetery - Division 49,Q50065864,8,2,2,"cemetery division located in Paris, in France",,Q50064469,,
20th arrondissement of Paris,Père-Lachaise Cemetery - Division 36,Q50065649,8,2,2,"cemetery division located in Paris, in France",,Q50064469,,
20th arrondissement of Paris,Père-Lachaise Cemetery - Division 11,Q50065460,8,2,2,"cemetery division located in Paris, in France",,Q50064469,,
20th arrondissement of Paris,Père-Lachaise Cemetery - Division 95,Q50066537,8,2,2,"cemetery division located in Paris, in France",,Q50064469,,
20th arrondissement of Paris,Père-Lachaise Cemetery - Division 87,Q50066509,8,2,2,"cemetery division located in Paris, in France",,Q50064469,,
20th arrondissement of Paris,Père-Lachaise Cemetery - Division 90,Q50066521,8,2,2,"cemetery division located in Paris, in France",,Q50064469,,
20th arrondissement of Paris,Père-Lachaise Cemetery - Division 7,Q50065443,8,2,2,"cemetery division located in Paris, in France",,Q50064469,,
20th arrondissement of Paris,Père-Lachaise Cemetery - Division 60,Q50066013,8,2,2,"cemetery division located in Paris, in France",,Q50064469,,
20th arrondissement of Paris,Society for Consumer Psychology,Q99658625,8,2,2,,Division 23,,,
20th arrondissement of Paris,Père-Lachaise Cemetery - Division 23,Q50065492,8,2,2,"cemetery division located in Paris, in France",,Q50064469,,
20th arrondissement of Paris,Cimetière de Montmartre - Division 23,Q130304536,8,2,2,"cemetery sector located in Paris, in France",,Q56632662,,
20th arrondissement of Paris,division 23 du cimetière parisien de Bagneux,Q130179153,8,2,2,"cemetery sector located in Hauts-de-Seine, in France",,Q56632662,,
20th arrondissement of Paris,division 23 du cimetière parisien d'Ivry,Q130212394,8,2,2,"cemetery sector located in Val-de-Marne, in France",,Q56632662,,
20th arrondissement of Paris,division 23 du cimetière du Montparnasse,Q130152627,8,2,2,"cemetery sector located in Paris, in France",,Q56632662,,
20th arrondissement of Paris,Cimetière parisien de Saint-Ouen - Division 23,Q130304773,8,2,2,"cemetery sector located in Seine-Saint-Denis, in France",,Q56632662,,
20th arrondissement of Paris,division 23 du cimetière parisien de Thiais,Q130216547,8,2,2,"cemetery sector located in Val-de-Marne, in France",,Q56632662,,
20th arrondissement of Paris,Cimetière parisien de Pantin - Division 23,Q130304570,8,2,2,"cemetery sector located in Seine-Saint-Denis, in France",,Q56632662,,
Grave of Barra,Grave of Barra,Q112317078,9,0,1,"sepulchral chapel located in Paris, in France",,Q1424583,,
Grave of Barra,Grave of Barraud,Q112308586,9,0,1,,,Q173387,,
Grave of Barra,Grave of Barras,Q112324331,9,0,1,,,Q173387,,
Grave of Barra,Grave of Barrault,Q112308590,9,0,1,,,Q173387,,
Père-Lachaise Cemetery - Division 7,Père-Lachaise Cemetery - Division 7,Q50065443,9,1,1,"cemetery division located in Paris, in France",,Q50064469,,
Père-Lachaise Cemetery - Division 7,Père-Lachaise Cemetery - Division 72,Q50066188,9,1,1,"cemetery division located in Paris, in France",,Q50064469,,
Père-Lachaise Cemetery - Division 7,Père-Lachaise Cemetery - Division 76,Q50066464,9,1,1,"cemetery division located in Paris, in France",,Q50064469,,
Père-Lachaise Cemetery - Division 7,Père-Lachaise Cemetery - Division 71,Q50066183,9,1,1,"cemetery division located in Paris, in France",,Q50064469,,
Père-Lachaise Cemetery - Division 7,Père-Lachaise Cemetery - Division 73,Q50066190,9,1,1,"cemetery division located in Paris, in France",,Q50064469,,
Père-Lachaise Cemetery - Division 7,Père-Lachaise Cemetery - Division 70,Q50066179,9,1,1,"cemetery division located in Paris, in France",,Q50064469,,
Père-Lachaise Cemetery - Division 7,Père-Lachaise Cemetery - Division 74,Q50066194,9,1,1,"cemetery division located in Paris, in France",,Q50064469,,
Père-Lachaise Cemetery - Division 7,Père-Lachaise Cemetery - Division 79,Q50066478,9,1,1,"cemetery division located in Paris, in France",,Q50064469,,
Père-Lachaise Cemetery - Division 7,Père-Lachaise Cemetery - Division 75,Q50066196,9,1,1,"cemetery division located in Paris, in France",,Q50064469,,
Père-Lachaise Cemetery - Division 7,Père-Lachaise Cemetery - Division 77,Q50066470,9,1,1,"cemetery division located in Paris, in France",,Q50064469,,
Père-Lachaise Cemetery - Division 7,Père Lachaise Cemetery,Q311,9,1,2,"cemetery in Paris, France",Cimetière du Père-Lachaise|Pere Lachaise|Pere Lachaise cemetery|Cimetiere du Pere-Lachaise|Père-Lachaise|Père Lachaise,Q39614,,Père Lachaise Cemetery
Père-Lachaise Cemetery - Division 7,Père-Lachaise Cemetery - Division 10,Q50065453,9,1,2,"cemetery division located in Paris, in France",,Q50064469,,
Père-Lachaise Cemetery - Division 7,Père-Lachaise Cemetery - Division 49,Q50065864,9,1,2,"cemetery division located in Paris, in France",,Q50064469,,
Père-Lachaise Cemetery - Division 7,Père-Lachaise Cemetery - Division 36,Q50065649,9,1,2,"cemetery division located in Paris, in France",,Q50064469,,
Père-Lachaise Cemetery - Division 7,Père-Lachaise Cemetery - Division 11,Q50065460,9,1,2,"cemetery division located in Paris, in France",,Q50064469,,
Père-Lachaise Cemetery - Division 7,Père-Lachaise Cemetery - Division 95,Q50066537,9,1,2,"cemetery division located in Paris, in France",,Q50064469,,
Père-Lachaise Cemetery - Division 7,Père-Lachaise Cemetery - Division 87,Q50066509,9,1,2,"cemetery division located in Paris, in France",,Q50064469,,
Père-Lachaise Cemetery - Division 7,Père-Lachaise Cemetery - Division 90,Q50066521,9,1,2,"cemetery division located in Paris, in France",,Q50064469,,
Père-Lachaise Cemetery - Division 7,Père-Lachaise Cemetery - Division 60,Q50066013,9,1,2,"cemetery division located in Paris, in France",,Q50064469,,
Père-Lachaise Cemetery - Division 7,Division 7,Q56751607,9,1,2,,,Q56477675,,
Père-Lachaise Cemetery - Division 7,Division 7,Q56752513,9,1,2,,,Q56477667,,
Père-Lachaise Cemetery - Division 7,Developmental Psychology,Q99658583,9,1,2,,Division 7,Q334453,,
Père-Lachaise Cemetery - Division 7,K7 League,Q29869892,9,1,2,,Division 7-League,Q15991303,,
Père-Lachaise Cemetery - Division 7,Division 7A dividend,Q5284431,9,1,2,,,,,Division 7A dividend
Père-Lachaise Cemetery - Division 7,20th arrondissement of Paris,Q210720,9,1,2,"municipal district of Paris, France",arrondissement of Paris|Ménilmontant,Q702842,,20th arrondissement of Paris
20th arrondissement of Paris,20th arrondissement of Paris,Q210720,9,2,1,"municipal district of Paris, France",arrondissement of Paris|Ménilmontant,Q702842,,20th arrondissement of Paris
20th arrondissement of Paris,Père Lachaise Cemetery,Q311,9,2,2,"cemetery in Paris, France",Cimetière du Père-Lachaise|Pere Lachaise|Pere Lachaise cemetery|Cimetiere du Pere-Lachaise|Père-Lachaise|Père Lachaise,Q39614,,Père Lachaise Cemetery
20th arrondissement of Paris,Père-Lachaise Cemetery - Division 10,Q50065453,9,2,2,"cemetery division located in Paris, in France",,Q50064469,,
20th arrondissement of Paris,Père-Lachaise Cemetery - Division 49,Q50065864,9,2,2,"cemetery division located in Paris, in France",,Q50064469,,
20th arrondissement of Paris,Père-Lachaise Cemetery - Division 36,Q50065649,9,2,2,"cemetery division located in Paris, in France",,Q50064469,,
20th arrondissement of Paris,Père-Lachaise Cemetery - Division 11,Q50065460,9,2,2,"cemetery division located in Paris, in France",,Q50064469,,
20th arrondissement of Paris,Père-Lachaise Cemetery - Division 95,Q50066537,9,2,2,"cemetery division located in Paris, in France",,Q50064469,,
20th arrondissement of Paris,Père-Lachaise Cemetery - Division 87,Q50066509,9,2,2,"cemetery division located in Paris, in France",,Q50064469,,
20th arrondissement of Paris,Père-Lachaise Cemetery - Division 90,Q50066521,9,2,2,"cemetery division located in Paris, in France",,Q50064469,,
20th arrondissement of Paris,Père-Lachaise Cemetery - Division 7,Q50065443,9,2,2,"cemetery division located in Paris, in France",,Q50064469,,
20th arrondissement of Paris,Père-Lachaise Cemetery - Division 60,Q50066013,9,2,2,"cemetery division located in Paris, in France",,Q50064469,,
20th arrondissement of Paris,Division 7,Q56751607,9,2,2,,,Q56477675,,
20th arrondissement of Paris,Division 7,Q56752513,9,2,2,,,Q56477667,,
20th arrondissement of Paris,Developmental Psychology,Q99658583,9,2,2,,Division 7,Q334453,,
20th arrondissement of Paris,K7 League,Q29869892,9,2,2,,Division 7-League,Q15991303,,
20th arrondissement of Paris,Division 7A dividend,Q5284431,9,2,2,,,,,Division 7A dividend
20th arrondissement of Paris,Père-Lachaise Cemetery - Division 72,Q50066188,9,2,2,"cemetery division located in Paris, in France",,Q50064469,,
20th arrondissement of Paris,Père-Lachaise Cemetery - Division 76,Q50066464,9,2,2,"cemetery division located in Paris, in France",,Q50064469,,
20th arrondissement of Paris,Père-Lachaise Cemetery - Division 71,Q50066183,9,2,2,"cemetery division located in Paris, in France",,Q50064469,,
20th arrondissement of Paris,Père-Lachaise Cemetery - Division 73,Q50066190,9,2,2,"cemetery division located in Paris, in France",,Q50064469,,
Grave of Marty-Martineau,Grave of Marty-Martineau,Q112332708,10,0,1,"sepulchral chapel located in Paris, in France",,Q1424583,,
Grave of Marty-Martineau,Père Lachaise Cemetery,Q311,10,0,2,"cemetery in Paris, France",Cimetière du Père-Lachaise|Pere Lachaise|Pere Lachaise cemetery|Cimetiere du Pere-Lachaise|Père-Lachaise|Père Lachaise,Q39614,,Père Lachaise Cemetery
Grave of Marty-Martineau,Père-Lachaise Cemetery - Division 10,Q50065453,10,0,2,"cemetery division located in Paris, in France",,Q50064469,,
Grave of Marty-Martineau,Père-Lachaise Cemetery - Division 49,Q50065864,10,0,2,"cemetery division located in Paris, in France",,Q50064469,,
Grave of Marty-Martineau,Père-Lachaise Cemetery - Division 36,Q50065649,10,0,2,"cemetery division located in Paris, in France",,Q50064469,,
Grave of Marty-Martineau,Père-Lachaise Cemetery - Division 11,Q50065460,10,0,2,"cemetery division located in Paris, in France",,Q50064469,,
Grave of Marty-Martineau,Père-Lachaise Cemetery - Division 95,Q50066537,10,0,2,"cemetery division located in Paris, in France",,Q50064469,,
Grave of Marty-Martineau,Père-Lachaise Cemetery - Division 87,Q50066509,10,0,2,"cemetery division located in Paris, in France",,Q50064469,,
Grave of Marty-Martineau,Père-Lachaise Cemetery - Division 90,Q50066521,10,0,2,"cemetery division located in Paris, in France",,Q50064469,,
Grave of Marty-Martineau,Père-Lachaise Cemetery - Division 7,Q50065443,10,0,2,"cemetery division located in Paris, in France",,Q50064469,,
Grave of Marty-Martineau,Père-Lachaise Cemetery - Division 60,Q50066013,10,0,2,"cemetery division located in Paris, in France",,Q50064469,,
Grave of Marty-Martineau,Père-Lachaise Cemetery - Division 96,Q50066540,10,0,2,"cemetery division located in Paris, in France",,Q50064469,,
Grave of Marty-Martineau,division 96 du cimetière parisien de Bagneux,Q130179318,10,0,2,"cemetery sector located in Hauts-de-Seine, in France",,Q56632662,,
Grave of Marty-Martineau,division 96 du cimetière parisien de Thiais,Q130216631,10,0,2,"cemetery sector located in Val-de-Marne, in France",,Q56632662,,
Grave of Marty-Martineau,Cimetière parisien de Pantin - Division 96,Q130304653,10,0,2,"cemetery sector located in Seine-Saint-Denis, in France",,Q56632662,,
Grave of Marty-Martineau,20th arrondissement of Paris,Q210720,10,0,2,"municipal district of Paris, France",arrondissement of Paris|Ménilmontant,Q702842,,20th arrondissement of Paris
Père-Lachaise Cemetery - Division 96,Père-Lachaise Cemetery - Division 96,Q50066540,10,1,1,"cemetery division located in Paris, in France",,Q50064469,,
Père-Lachaise Cemetery - Division 96,Père Lachaise Cemetery,Q311,10,1,2,"cemetery in Paris, France",Cimetière du Père-Lachaise|Pere Lachaise|Pere Lachaise cemetery|Cimetiere du Pere-Lachaise|Père-Lachaise|Père Lachaise,Q39614,,Père Lachaise Cemetery
Père-Lachaise Cemetery - Division 96,Père-Lachaise Cemetery - Division 10,Q50065453,10,1,2,"cemetery division located in Paris, in France",,Q50064469,,
Père-Lachaise Cemetery - Division 96,Père-Lachaise Cemetery - Division 49,Q50065864,10,1,2,"cemetery division located in Paris, in France",,Q50064469,,
Père-Lachaise Cemetery - Division 96,Père-Lachaise Cemetery - Division 36,Q50065649,10,1,2,"cemetery division located in Paris, in France",,Q50064469,,
Père-Lachaise Cemetery - Division 96,Père-Lachaise Cemetery - Division 11,Q50065460,10,1,2,"cemetery division located in Paris, in France",,Q50064469,,
Père-Lachaise Cemetery - Division 96,Père-Lachaise Cemetery - Division 95,Q50066537,10,1,2,"cemetery division located in Paris, in France",,Q50064469,,
Père-Lachaise Cemetery - Division 96,Père-Lachaise Cemetery - Division 87,Q50066509,10,1,2,"cemetery division located in Paris, in France",,Q50064469,,
Père-Lachaise Cemetery - Division 96,Père-Lachaise Cemetery - Division 90,Q50066521,10,1,2,"cemetery division located in Paris, in France",,Q50064469,,
Père-Lachaise Cemetery - Division 96,Père-Lachaise Cemetery - Division 7,Q50065443,10,1,2,"cemetery division located in Paris, in France",,Q50064469,,
Père-Lachaise Cemetery - Division 96,Père-Lachaise Cemetery - Division 60,Q50066013,10,1,2,"cemetery division located in Paris, in France",,Q50064469,,
Père-Lachaise Cemetery - Division 96,division 96 du cimetière parisien de Bagneux,Q130179318,10,1,2,"cemetery sector located in Hauts-de-Seine, in France",,Q56632662,,
Père-Lachaise Cemetery - Division 96,division 96 du cimetière parisien de Thiais,Q130216631,10,1,2,"cemetery sector located in Val-de-Marne, in France",,Q56632662,,
Père-Lachaise Cemetery - Division 96,Cimetière parisien de Pantin - Division 96,Q130304653,10,1,2,"cemetery sector located in Seine-Saint-Denis, in France",,Q56632662,,
Père-Lachaise Cemetery - Division 96,Grave of Marty-Martineau,Q112332708,10,1,2,"sepulchral chapel located in Paris, in France",,Q1424583,,
Père-Lachaise Cemetery - Division 96,20th arrondissement of Paris,Q210720,10,1,2,"municipal district of Paris, France",arrondissement of Paris|Ménilmontant,Q702842,,20th arrondissement of Paris
20th arrondissement of Paris,20th arrondissement of Paris,Q210720,10,2,1,"municipal district of Paris, France",arrondissement of Paris|Ménilmontant,Q702842,,20th arrondissement of Paris
20th arrondissement of Paris,Père Lachaise Cemetery,Q311,10,2,2,"cemetery in Paris, France",Cimetière du Père-Lachaise|Pere Lachaise|Pere Lachaise cemetery|Cimetiere du Pere-Lachaise|Père-Lachaise|Père Lachaise,Q39614,,Père Lachaise Cemetery
20th arrondissement of Paris,Père-Lachaise Cemetery - Division 10,Q50065453,10,2,2,"cemetery division located in Paris, in France",,Q50064469,,
20th arrondissement of Paris,Père-Lachaise Cemetery - Division 49,Q50065864,10,2,2,"cemetery division located in Paris, in France",,Q50064469,,
20th arrondissement of Paris,Père-Lachaise Cemetery - Division 36,Q50065649,10,2,2,"cemetery division located in Paris, in France",,Q50064469,,
20th arrondissement of Paris,Père-Lachaise Cemetery - Division 11,Q50065460,10,2,2,"cemetery division located in Paris, in France",,Q50064469,,
20th arrondissement of Paris,Père-Lachaise Cemetery - Division 95,Q50066537,10,2,2,"cemetery division located in Paris, in France",,Q50064469,,
20th arrondissement of Paris,Père-Lachaise Cemetery - Division 87,Q50066509,10,2,2,"cemetery division located in Paris, in France",,Q50064469,,
20th arrondissement of Paris,Père-Lachaise Cemetery - Division 90,Q50066521,10,2,2,"cemetery division located in Paris, in France",,Q50064469,,
20th arrondissement of Paris,Père-Lachaise Cemetery - Division 7,Q50065443,10,2,2,"cemetery division located in Paris, in France",,Q50064469,,
20th arrondissement of Paris,Père-Lachaise Cemetery - Division 60,Q50066013,10,2,2,"cemetery division located in Paris, in France",,Q50064469,,
20th arrondissement of Paris,Père-Lachaise Cemetery - Division 96,Q50066540,10,2,2,"cemetery division located in Paris, in France",,Q50064469,,
20th arrondissement of Paris,division 96 du cimetière parisien de Bagneux,Q130179318,10,2,2,"cemetery sector located in Hauts-de-Seine, in France",,Q56632662,,
20th arrondissement of Paris,division 96 du cimetière parisien de Thiais,Q130216631,10,2,2,"cemetery sector located in Val-de-Marne, in France",,Q56632662,,
20th arrondissement of Paris,Cimetière parisien de Pantin - Division 96,Q130304653,10,2,2,"cemetery sector located in Seine-Saint-Denis, in France",,Q56632662,,
Grave of Cambacérès,Grave of Cambacérès,Q112317721,11,0,1,"sepulchral chapel located in Père-Lachaise Cemetery - Division 39, in Paris, in France",,Q1424583,,
Grave of Cambacérès,Grave of Cambacérès,Q112317717,11,0,1,"sepulchral chapel located in Paris, in France",,Q1424583,,
Grave of Cambacérès,Grave of Cambacérès,Q112310431,11,0,1,,,Q173387,,
Grave of Cambacérès,Grave of Cambacérès,Q112310432,11,0,1,,,Q173387,,
Grave of Cambacérès,Grave of Cambacérès-Lannes de Montebello,Q112394487,11,0,1,"sepulchral chapel located in Paris, in France",,Q1424583,,
Père-Lachaise Cemetery - Division 37,Père-Lachaise Cemetery - Division 37,Q50065652,11,1,1,"cemetery division located in Paris, in France",,Q50064469,,
Père-Lachaise Cemetery - Division 37,Père Lachaise Cemetery,Q311,11,1,2,"cemetery in Paris, France",Cimetière du Père-Lachaise|Pere Lachaise|Pere Lachaise cemetery|Cimetiere du Pere-Lachaise|Père-Lachaise|Père Lachaise,Q39614,,Père Lachaise Cemetery
Père-Lachaise Cemetery - Division 37,Père-Lachaise Cemetery - Division 10,Q50065453,11,1,2,"cemetery division located in Paris, in France",,Q50064469,,
Père-Lachaise Cemetery - Division 37,Père-Lachaise Cemetery - Division 49,Q50065864,11,1,2,"cemetery division located in Paris, in France",,Q50064469,,
Père-Lachaise Cemetery - Division 37,Père-Lachaise Cemetery - Division 36,Q50065649,11,1,2,"cemetery division located in Paris, in France",,Q50064469,,
Père-Lachaise Cemetery - Division 37,Père-Lachaise Cemetery - Division 11,Q50065460,11,1,2,"cemetery division located in Paris, in France",,Q50064469,,
Père-Lachaise Cemetery - Division 37,Père-Lachaise Cemetery - Division 95,Q50066537,11,1,2,"cemetery division located in Paris, in France",,Q50064469,,
Père-Lachaise Cemetery - Division 37,Père-Lachaise Cemetery - Division 87,Q50066509,11,1,2,"cemetery division located in Paris, in France",,Q50064469,,
Père-Lachaise Cemetery - Division 37,Père-Lachaise Cemetery - Division 90,Q50066521,11,1,2,"cemetery division located in Paris, in France",,Q50064469,,
Père-Lachaise Cemetery - Division 37,Père-Lachaise Cemetery - Division 7,Q50065443,11,1,2,"cemetery division located in Paris, in France",,Q50064469,,
Père-Lachaise Cemetery - Division 37,Père-Lachaise Cemetery - Division 60,Q50066013,11,1,2,"cemetery division located in Paris, in France",,Q50064469,,
Père-Lachaise Cemetery - Division 37,Society for Child and Family Policy and Practice,Q93080987,11,1,2,,Division 37,Q43229,,
Père-Lachaise Cemetery - Division 37,division 37 du cimetière parisien de Bagneux,Q130179184,11,1,2,"cemetery sector located in Hauts-de-Seine, in France",,Q56632662,,
Père-Lachaise Cemetery - Division 37,division 37 du cimetière parisien d'Ivry,Q130212411,11,1,2,"cemetery sector located in Val-de-Marne, in France",,Q56632662,,
Père-Lachaise Cemetery - Division 37,division 37 du cimetière parisien de Thiais,Q130216563,11,1,2,"cemetery sector located in Val-de-Marne, in France",,Q56632662,,
Père-Lachaise Cemetery - Division 37,Cimetière parisien de Saint-Ouen - Division 37,Q130304788,11,1,2,"cemetery sector located in Seine-Saint-Denis, in France",,Q56632662,,
Père-Lachaise Cemetery - Division 37,Cimetière parisien de Pantin - Division 37,Q130304588,11,1,2,"cemetery sector located in Seine-Saint-Denis, in France",,Q56632662,,
Père-Lachaise Cemetery - Division 37,Cambacérès,Q55517760,11,1,2,family name,,Q101352,,
Père-Lachaise Cemetery - Division 37,Cambacérès,Q61744603,11,1,2,family,,Q13417114,,
Père-Lachaise Cemetery - Division 37,Cambaceres train station,Q25407398,11,1,2,train station of Roca Network in Argentina,"Estacion Cambaceres, Ensenada",Q4663385|Q19860854,,
Père-Lachaise Cemetery - Division 37,Cambaceres train station,Q5397996,11,1,2,train station in Argentina,"Estacion Cambaceres, 9 de Julio",Q4663385,,
Père-Lachaise Cemetery - Division 37,Cambaceres street,Q57564128,11,1,2,"street in Montpellier, France",Cambacérès street,Q3352369,,
Père-Lachaise Cemetery - Division 37,Jean Jacques Régis de Cambacérès,Q290045,11,1,2,"French lawyer and statesman during the French Revolution and the First Empire, best remembered as the author of the Napoleonic Code (1753-1824)",Jean-Jacques-Régis de Cambacérès|Jean Jacques Regis de Cambaceres|Jean-Jacques-Regis de Cambaceres,Q5,,Jean-Jacques-Régis de Cambacérès
Père-Lachaise Cemetery - Division 37,Eugenio Cambaceres,Q461939,11,1,2,Argentine politician and writer (1843-1889),,Q5,,Eugenio Cambaceres
Père-Lachaise Cemetery - Division 37,Cambacérès-Murles hotel,Q22953952,11,1,2,"historic urban building of Montpellier, France",Cambaceres-Murles hotel,Q1365179,,
Père-Lachaise Cemetery - Division 37,Club Defensores de Cambaceres women,Q116051458,11,1,2,Argentine women's football (soccer) team,Defensores de Cambaceres women|Cambaceres women,Q28140340,,
Père-Lachaise Cemetery - Division 37,"Cambaceres, Buenos Aires",Q5741769,11,1,2,human settlement in Argentina,"Cambaceres, 9 de Julio",Q3257686,,
Père-Lachaise Cemetery - Division 37,20th arrondissement of Paris,Q210720,11,1,2,"municipal district of Paris, France",arrondissement of Paris|Ménilmontant,Q702842,,20th arrondissement of Paris
20th arrondissement of Paris,20th arrondissement of Paris,Q210720,11,2,1,"municipal district of Paris, France",arrondissement of Paris|Ménilmontant,Q702842,,20th arrondissement of Paris
20th arrondissement of Paris,Society for Child and Family Policy and Practice,Q93080987,11,2,2,,Division 37,Q43229,,
20th arrondissement of Paris,Père-Lachaise Cemetery - Division 37,Q50065652,11,2,2,"cemetery division located in Paris, in France",,Q50064469,,
20th arrondissement of Paris,division 37 du cimetière parisien de Bagneux,Q130179184,11,2,2,"cemetery sector located in Hauts-de-Seine, in France",,Q56632662,,
20th arrondissement of Paris,division 37 du cimetière parisien d'Ivry,Q130212411,11,2,2,"cemetery sector located in Val-de-Marne, in France",,Q56632662,,
20th arrondissement of Paris,division 37 du cimetière parisien de Thiais,Q130216563,11,2,2,"cemetery sector located in Val-de-Marne, in France",,Q56632662,,
20th arrondissement of Paris,Cimetière parisien de Saint-Ouen - Division 37,Q130304788,11,2,2,"cemetery sector located in Seine-Saint-Denis, in France",,Q56632662,,
20th arrondissement of Paris,Cimetière parisien de Pantin - Division 37,Q130304588,11,2,2,"cemetery sector located in Seine-Saint-Denis, in France",,Q56632662,,
20th arrondissement of Paris,Père Lachaise Cemetery,Q311,11,2,2,"cemetery in Paris, France",Cimetière du Père-Lachaise|Pere Lachaise|Pere Lachaise cemetery|Cimetiere du Pere-Lachaise|Père-Lachaise|Père Lachaise,Q39614,,Père Lachaise Cemetery
20th arrondissement of Paris,Père-Lachaise Cemetery - Division 10,Q50065453,11,2,2,"cemetery division located in Paris, in France",,Q50064469,,
20th arrondissement of Paris,Père-Lachaise Cemetery - Division 49,Q50065864,11,2,2,"cemetery division located in Paris, in France",,Q50064469,,
20th arrondissement of Paris,Père-Lachaise Cemetery - Division 36,Q50065649,11,2,2,"cemetery division located in Paris, in France",,Q50064469,,
20th arrondissement of Paris,Père-Lachaise Cemetery - Division 11,Q50065460,11,2,2,"cemetery division located in Paris, in France",,Q50064469,,
20th arrondissement of Paris,Père-Lachaise Cemetery - Division 95,Q50066537,11,2,2,"cemetery division located in Paris, in France",,Q50064469,,
20th arrondissement of Paris,Père-Lachaise Cemetery - Division 87,Q50066509,11,2,2,"cemetery division located in Paris, in France",,Q50064469,,
20th arrondissement of Paris,Père-Lachaise Cemetery - Division 90,Q50066521,11,2,2,"cemetery division located in Paris, in France",,Q50064469,,
20th arrondissement of Paris,Père-Lachaise Cemetery - Division 7,Q50065443,11,2,2,"cemetery division located in Paris, in France",,Q50064469,,
20th arrondissement of Paris,Père-Lachaise Cemetery - Division 60,Q50066013,11,2,2,"cemetery division located in Paris, in France",,Q50064469,,
Grave of Cambacérès,Grave of Cambacérès,Q112317721,12,0,1,"sepulchral chapel located in Père-Lachaise Cemetery - Division 39, in Paris, in France",,Q1424583,,
Grave of Cambacérès,Grave of Cambacérès,Q112317717,12,0,1,"sepulchral chapel located in Paris, in France",,Q1424583,,
Grave of Cambacérès,Grave of Cambacérès,Q112310431,12,0,1,,,Q173387,,
Grave of Cambacérès,Grave of Cambacérès,Q112310432,12,0,1,,,Q173387,,
Grave of Cambacérès,Grave of Cambacérès-Lannes de Montebello,Q112394487,12,0,1,"sepulchral chapel located in Paris, in France",,Q1424583,,
Père-Lachaise Cemetery - Division 39,Père-Lachaise Cemetery - Division 39,Q50065659,12,1,1,"cemetery division located in Paris, in France",,Q50064469,,
Père-Lachaise Cemetery - Division 39,Père Lachaise Cemetery,Q311,12,1,2,"cemetery in Paris, France",Cimetière du Père-Lachaise|Pere Lachaise|Pere Lachaise cemetery|Cimetiere du Pere-Lachaise|Père-Lachaise|Père Lachaise,Q39614,,Père Lachaise Cemetery
Père-Lachaise Cemetery - Division 39,Père-Lachaise Cemetery - Division 10,Q50065453,12,1,2,"cemetery division located in Paris, in France",,Q50064469,,
Père-Lachaise Cemetery - Division 39,Père-Lachaise Cemetery - Division 49,Q50065864,12,1,2,"cemetery division located in Paris, in France",,Q50064469,,
Père-Lachaise Cemetery - Division 39,Père-Lachaise Cemetery - Division 36,Q50065649,12,1,2,"cemetery division located in Paris, in France",,Q50064469,,
Père-Lachaise Cemetery - Division 39,Père-Lachaise Cemetery - Division 11,Q50065460,12,1,2,"cemetery division located in Paris, in France",,Q50064469,,
Père-Lachaise Cemetery - Division 39,Père-Lachaise Cemetery - Division 95,Q50066537,12,1,2,"cemetery division located in Paris, in France",,Q50064469,,
Père-Lachaise Cemetery - Division 39,Père-Lachaise Cemetery - Division 87,Q50066509,12,1,2,"cemetery division located in Paris, in France",,Q50064469,,
Père-Lachaise Cemetery - Division 39,Père-Lachaise Cemetery - Division 90,Q50066521,12,1,2,"cemetery division located in Paris, in France",,Q50064469,,
Père-Lachaise Cemetery - Division 39,Père-Lachaise Cemetery - Division 7,Q50065443,12,1,2,"cemetery division located in Paris, in France",,Q50064469,,
Père-Lachaise Cemetery - Division 39,Père-Lachaise Cemetery - Division 60,Q50066013,12,1,2,"cemetery division located in Paris, in France",,Q50064469,,
Père-Lachaise Cemetery - Division 39,Room 39,Q715067,12,1,2,alleged slush fund operated by the North Korean government,Bureau 39|Division 39|Office 39|Central Committee Bureau 39 of the Workers' Party of Korea,Q43229,,Room 39
Père-Lachaise Cemetery - Division 39,Society for Psychoanalysis and Psychoanalytic Psychology,Q99658683,12,1,2,,Division 39,,,
Père-Lachaise Cemetery - Division 39,division 39 du cimetière parisien de Bagneux,Q130179188,12,1,2,"cemetery sector located in Hauts-de-Seine, in France",,Q56632662,,
Père-Lachaise Cemetery - Division 39,division 39 du cimetière parisien d'Ivry,Q130212413,12,1,2,"cemetery sector located in Val-de-Marne, in France",,Q56632662,,
Père-Lachaise Cemetery - Division 39,Cimetière parisien de Saint-Ouen - Division 39,Q130304789,12,1,2,"cemetery sector located in Seine-Saint-Denis, in France",,Q56632662,,
Père-Lachaise Cemetery - Division 39,Cimetière parisien de Pantin - Division 39,Q130304591,12,1,2,"cemetery sector located in Seine-Saint-Denis, in France",,Q56632662,,
Père-Lachaise Cemetery - Division 39,Cimetière parisien de Pantin - Division 39bis,Q130304590,12,1,2,"cemetery sector located in Seine-Saint-Denis, in France",,Q56632662,,
Père-Lachaise Cemetery - Division 39,division 39 du cimetière parisien de Thiais,Q130216565,12,1,2,"cemetery sector located in Val-de-Marne, in France",,Q56632662,,
Père-Lachaise Cemetery - Division 39,Division 39,Q5284429,12,1,2,Wikimedia disambiguation page,,Q4167410,,Division 39
Père-Lachaise Cemetery - Division 39,Cambacérès,Q55517760,12,1,2,family name,,Q101352,,
Père-Lachaise Cemetery - Division 39,Cambacérès,Q61744603,12,1,2,family,,Q13417114,,
Père-Lachaise Cemetery - Division 39,Cambaceres train station,Q25407398,12,1,2,train station of Roca Network in Argentina,"Estacion Cambaceres, Ensenada",Q4663385|Q19860854,,
Père-Lachaise Cemetery - Division 39,Cambaceres train station,Q5397996,12,1,2,train station in Argentina,"Estacion Cambaceres, 9 de Julio",Q4663385,,
Père-Lachaise Cemetery - Division 39,Cambaceres street,Q57564128,12,1,2,"street in Montpellier, France",Cambacérès street,Q3352369,,
Père-Lachaise Cemetery - Division 39,Jean Jacques Régis de Cambacérès,Q290045,12,1,2,"French lawyer and statesman during the French Revolution and the First Empire, best remembered as the author of the Napoleonic Code (1753-1824)",Jean-Jacques-Régis de Cambacérès|Jean Jacques Regis de Cambaceres|Jean-Jacques-Regis de Cambaceres,Q5,,Jean-Jacques-Régis de Cambacérès
Père-Lachaise Cemetery - Division 39,Eugenio Cambaceres,Q461939,12,1,2,Argentine politician and writer (1843-1889),,Q5,,Eugenio Cambaceres
Père-Lachaise Cemetery - Division 39,Cambacérès-Murles hotel,Q22953952,12,1,2,"historic urban building of Montpellier, France",Cambaceres-Murles hotel,Q1365179,,
Père-Lachaise Cemetery - Division 39,Club Defensores de Cambaceres women,Q116051458,12,1,2,Argentine women's football (soccer) team,Defensores de Cambaceres women|Cambaceres women,Q28140340,,
Père-Lachaise Cemetery - Division 39,"Cambaceres, Buenos Aires",Q5741769,12,1,2,human settlement in Argentina,"Cambaceres, 9 de Julio",Q3257686,,
Père-Lachaise Cemetery - Division 39,20th arrondissement of Paris,Q210720,12,1,2,"municipal district of Paris, France",arrondissement of Paris|Ménilmontant,Q702842,,20th arrondissement of Paris
20th arrondissement of Paris,20th arrondissement of Paris,Q210720,12,2,1,"municipal district of Paris, France",arrondissement of Paris|Ménilmontant,Q702842,,20th arrondissement of Paris
20th arrondissement of Paris,Room 39,Q715067,12,2,2,alleged slush fund operated by the North Korean government,Bureau 39|Division 39|Office 39|Central Committee Bureau 39 of the Workers' Party of Korea,Q43229,,Room 39
20th arrondissement of Paris,Society for Psychoanalysis and Psychoanalytic Psychology,Q99658683,12,2,2,,Division 39,,,
20th arrondissement of Paris,Père-Lachaise Cemetery - Division 39,Q50065659,12,2,2,"cemetery division located in Paris, in France",,Q50064469,,
20th arrondissement of Paris,division 39 du cimetière parisien de Bagneux,Q130179188,12,2,2,"cemetery sector located in Hauts-de-Seine, in France",,Q56632662,,
20th arrondissement of Paris,division 39 du cimetière parisien d'Ivry,Q130212413,12,2,2,"cemetery sector located in Val-de-Marne, in France",,Q56632662,,
20th arrondissement of Paris,Cimetière parisien de Saint-Ouen - Division 39,Q130304789,12,2,2,"cemetery sector located in Seine-Saint-Denis, in France",,Q56632662,,
20th arrondissement of Paris,Cimetière parisien de Pantin - Division 39,Q130304591,12,2,2,"cemetery sector located in Seine-Saint-Denis, in France",,Q56632662,,
20th arrondissement of Paris,Cimetière parisien de Pantin - Division 39bis,Q130304590,12,2,2,"cemetery sector located in Seine-Saint-Denis, in France",,Q56632662,,
20th arrondissement of Paris,division 39 du cimetière parisien de Thiais,Q130216565,12,2,2,"cemetery sector located in Val-de-Marne, in France",,Q56632662,,
20th arrondissement of Paris,Division 39,Q5284429,12,2,2,Wikimedia disambiguation page,,Q4167410,,Division 39
20th arrondissement of Paris,Père Lachaise Cemetery,Q311,12,2,2,"cemetery in Paris, France",Cimetière du Père-Lachaise|Pere Lachaise|Pere Lachaise cemetery|Cimetiere du Pere-Lachaise|Père-Lachaise|Père Lachaise,Q39614,,Père Lachaise Cemetery
20th arrondissement of Paris,Père-Lachaise Cemetery - Division 10,Q50065453,12,2,2,"cemetery division located in Paris, in France",,Q50064469,,
20th arrondissement of Paris,Père-Lachaise Cemetery - Division 49,Q50065864,12,2,2,"cemetery division located in Paris, in France",,Q50064469,,
20th arrondissement of Paris,Père-Lachaise Cemetery - Division 36,Q50065649,12,2,2,"cemetery division located in Paris, in France",,Q50064469,,
20th arrondissement of Paris,Père-Lachaise Cemetery - Division 11,Q50065460,12,2,2,"cemetery division located in Paris, in France",,Q50064469,,
20th arrondissement of Paris,Père-Lachaise Cemetery - Division 95,Q50066537,12,2,2,"cemetery division located in Paris, in France",,Q50064469,,
20th arrondissement of Paris,Père-Lachaise Cemetery - Division 87,Q50066509,12,2,2,"cemetery division located in Paris, in France",,Q50064469,,
20th arrondissement of Paris,Père-Lachaise Cemetery - Division 90,Q50066521,12,2,2,"cemetery division located in Paris, in France",,Q50064469,,
20th arrondissement of Paris,Père-Lachaise Cemetery - Division 7,Q50065443,12,2,2,"cemetery division located in Paris, in France",,Q50064469,,
20th arrondissement of Paris,Père-Lachaise Cemetery - Division 60,Q50066013,12,2,2,"cemetery division located in Paris, in France",,Q50064469,,
Grave of Dericquehem-Dhere,Grave of Dericquehem-Dhere,Q112320337,13,0,1,"sepulchral chapel located in Paris, in France",,Q1424583,,
Grave of Dericquehem-Dhere,Père Lachaise Cemetery,Q311,13,0,2,"cemetery in Paris, France",Cimetière du Père-Lachaise|Pere Lachaise|Pere Lachaise cemetery|Cimetiere du Pere-Lachaise|Père-Lachaise|Père Lachaise,Q39614,,Père Lachaise Cemetery
Grave of Dericquehem-Dhere,Père-Lachaise Cemetery - Division 10,Q50065453,13,0,2,"cemetery division located in Paris, in France",,Q50064469,,
Grave of Dericquehem-Dhere,Père-Lachaise Cemetery - Division 49,Q50065864,13,0,2,"cemetery division located in Paris, in France",,Q50064469,,
Grave of Dericquehem-Dhere,Père-Lachaise Cemetery - Division 36,Q50065649,13,0,2,"cemetery division located in Paris, in France",,Q50064469,,
Grave of Dericquehem-Dhere,Père-Lachaise Cemetery - Division 11,Q50065460,13,0,2,"cemetery division located in Paris, in France",,Q50064469,,
Grave of Dericquehem-Dhere,Père-Lachaise Cemetery - Division 95,Q50066537,13,0,2,"cemetery division located in Paris, in France",,Q50064469,,
Grave of Dericquehem-Dhere,Père-Lachaise Cemetery - Division 87,Q50066509,13,0,2,"cemetery division located in Paris, in France",,Q50064469,,
Grave of Dericquehem-Dhere,Père-Lachaise Cemetery - Division 90,Q50066521,13,0,2,"cemetery division located in Paris, in France",,Q50064469,,
Grave of Dericquehem-Dhere,Père-Lachaise Cemetery - Division 7,Q50065443,13,0,2,"cemetery division located in Paris, in France",,Q50064469,,
Grave of Dericquehem-Dhere,Père-Lachaise Cemetery - Division 60,Q50066013,13,0,2,"cemetery division located in Paris, in France",,Q50064469,,
Grave of Dericquehem-Dhere,Père-Lachaise Cemetery - Division 81,Q50066487,13,0,2,"cemetery division located in Paris, in France",,Q50064469,,
Grave of Dericquehem-Dhere,division 81 du cimetière parisien de Bagneux,Q130179282,13,0,2,"cemetery sector located in Hauts-de-Seine, in France",,Q56632662,,
Grave of Dericquehem-Dhere,division 81 du cimetière parisien de Thiais,Q130216614,13,0,2,"cemetery sector located in Val-de-Marne, in France",,Q56632662,,
Grave of Dericquehem-Dhere,Cimetière parisien de Pantin - Division 81,Q130304638,13,0,2,"cemetery sector located in Seine-Saint-Denis, in France",,Q56632662,,
Grave of Dericquehem-Dhere,20th arrondissement of Paris,Q210720,13,0,2,"municipal district of Paris, France",arrondissement of Paris|Ménilmontant,Q702842,,20th arrondissement of Paris
Père-Lachaise Cemetery - Division 81,Père-Lachaise Cemetery - Division 81,Q50066487,13,1,1,"cemetery division located in Paris, in France",,Q50064469,,
Père-Lachaise Cemetery - Division 81,Père Lachaise Cemetery,Q311,13,1,2,"cemetery in Paris, France",Cimetière du Père-Lachaise|Pere Lachaise|Pere Lachaise cemetery|Cimetiere du Pere-Lachaise|Père-Lachaise|Père Lachaise,Q39614,,Père Lachaise Cemetery
Père-Lachaise Cemetery - Division 81,Père-Lachaise Cemetery - Division 10,Q50065453,13,1,2,"cemetery division located in Paris, in France",,Q50064469,,
Père-Lachaise Cemetery - Division 81,Père-Lachaise Cemetery - Division 49,Q50065864,13,1,2,"cemetery division located in Paris, in France",,Q50064469,,
Père-Lachaise Cemetery - Division 81,Père-Lachaise Cemetery - Division 36,Q50065649,13,1,2,"cemetery division located in Paris, in France",,Q50064469,,
Père-Lachaise Cemetery - Division 81,Père-Lachaise Cemetery - Division 11,Q50065460,13,1,2,"cemetery division located in Paris, in France",,Q50064469,,
Père-Lachaise Cemetery - Division 81,Père-Lachaise Cemetery - Division 95,Q50066537,13,1,2,"cemetery division located in Paris, in France",,Q50064469,,
Père-Lachaise Cemetery - Division 81,Père-Lachaise Cemetery - Division 87,Q50066509,13,1,2,"cemetery division located in Paris, in France",,Q50064469,,
Père-Lachaise Cemetery - Division 81,Père-Lachaise Cemetery - Division 90,Q50066521,13,1,2,"cemetery division located in Paris, in France",,Q50064469,,
Père-Lachaise Cemetery - Division 81,Père-Lachaise Cemetery - Division 7,Q50065443,13,1,2,"cemetery division located in Paris, in France",,Q50064469,,
Père-Lachaise Cemetery - Division 81,Père-Lachaise Cemetery - Division 60,Q50066013,13,1,2,"cemetery division located in Paris, in France",,Q50064469,,
Père-Lachaise Cemetery - Division 81,division 81 du cimetière parisien de Bagneux,Q130179282,13,1,2,"cemetery sector located in Hauts-de-Seine, in France",,Q56632662,,
Père-Lachaise Cemetery - Division 81,division 81 du cimetière parisien de Thiais,Q130216614,13,1,2,"cemetery sector located in Val-de-Marne, in France",,Q56632662,,
Père-Lachaise Cemetery - Division 81,Cimetière parisien de Pantin - Division 81,Q130304638,13,1,2,"cemetery sector located in Seine-Saint-Denis, in France",,Q56632662,,
Père-Lachaise Cemetery - Division 81,Grave of Dericquehem-Dhere,Q112320337,13,1,2,"sepulchral chapel located in Paris, in France",,Q1424583,,
Père-Lachaise Cemetery - Division 81,20th arrondissement of Paris,Q210720,13,1,2,"municipal district of Paris, France",arrondissement of Paris|Ménilmontant,Q702842,,20th arrondissement of Paris
20th arrondissement of Paris,20th arrondissement of Paris,Q210720,13,2,1,"municipal district of Paris, France",arrondissement of Paris|Ménilmontant,Q702842,,20th arrondissement of Paris
20th arrondissement of Paris,Père Lachaise Cemetery,Q311,13,2,2,"cemetery in Paris, France",Cimetière du Père-Lachaise|Pere Lachaise|Pere Lachaise cemetery|Cimetiere du Pere-Lachaise|Père-Lachaise|Père Lachaise,Q39614,,Père Lachaise Cemetery
20th arrondissement of Paris,Père-Lachaise Cemetery - Division 10,Q50065453,13,2,2,"cemetery division located in Paris, in France",,Q50064469,,
20th arrondissement of Paris,Père-Lachaise Cemetery - Division 49,Q50065864,13,2,2,"cemetery division located in Paris, in France",,Q50064469,,
20th arrondissement of Paris,Père-Lachaise Cemetery - Division 36,Q50065649,13,2,2,"cemetery division located in Paris, in France",,Q50064469,,
20th arrondissement of Paris,Père-Lachaise Cemetery - Division 11,Q50065460,13,2,2,"cemetery division located in Paris, in France",,Q50064469,,
20th arrondissement of Paris,Père-Lachaise Cemetery - Division 95,Q50066537,13,2,2,"cemetery division located in Paris, in France",,Q50064469,,
20th arrondissement of Paris,Père-Lachaise Cemetery - Division 87,Q50066509,13,2,2,"cemetery division located in Paris, in France",,Q50064469,,
20th arrondissement of Paris,Père-Lachaise Cemetery - Division 90,Q50066521,13,2,2,"cemetery division located in Paris, in France",,Q50064469,,
20th arrondissement of Paris,Père-Lachaise Cemetery - Division 7,Q50065443,13,2,2,"cemetery division located in Paris, in France",,Q50064469,,
20th arrondissement of Paris,Père-Lachaise Cemetery - Division 60,Q50066013,13,2,2,"cemetery division located in Paris, in France",,Q50064469,,
20th arrondissement of Paris,Père-Lachaise Cemetery - Division 81,Q50066487,13,2,2,"cemetery division located in Paris, in France",,Q50064469,,
20th arrondissement of Paris,division 81 du cimetière parisien de Bagneux,Q130179282,13,2,2,"cemetery sector located in Hauts-de-Seine, in France",,Q56632662,,
20th arrondissement of Paris,division 81 du cimetière parisien de Thiais,Q130216614,13,2,2,"cemetery sector located in Val-de-Marne, in France",,Q56632662,,
20th arrondissement of Paris,Cimetière parisien de Pantin - Division 81,Q130304638,13,2,2,"cemetery sector located in Seine-Saint-Denis, in France",,Q56632662,,
Grave of Crisenoy de Lyonne,Grave of Crisenoy de Lyonne,Q112320135,14,0,1,"sepulchral chapel located in Paris, in France",,Q1424583,,
Grave of Crisenoy de Lyonne,Père Lachaise Cemetery,Q311,14,0,2,"cemetery in Paris, France",Cimetière du Père-Lachaise|Pere Lachaise|Pere Lachaise cemetery|Cimetiere du Pere-Lachaise|Père-Lachaise|Père Lachaise,Q39614,,Père Lachaise Cemetery
Grave of Crisenoy de Lyonne,Père-Lachaise Cemetery - Division 10,Q50065453,14,0,2,"cemetery division located in Paris, in France",,Q50064469,,
Grave of Crisenoy de Lyonne,Père-Lachaise Cemetery - Division 49,Q50065864,14,0,2,"cemetery division located in Paris, in France",,Q50064469,,
Grave of Crisenoy de Lyonne,Père-Lachaise Cemetery - Division 36,Q50065649,14,0,2,"cemetery division located in Paris, in France",,Q50064469,,
Grave of Crisenoy de Lyonne,Père-Lachaise Cemetery - Division 11,Q50065460,14,0,2,"cemetery division located in Paris, in France",,Q50064469,,
Grave of Crisenoy de Lyonne,Père-Lachaise Cemetery - Division 95,Q50066537,14,0,2,"cemetery division located in Paris, in France",,Q50064469,,
Grave of Crisenoy de Lyonne,Père-Lachaise Cemetery - Division 87,Q50066509,14,0,2,"cemetery division located in Paris, in France",,Q50064469,,
Grave of Crisenoy de Lyonne,Père-Lachaise Cemetery - Division 90,Q50066521,14,0,2,"cemetery division located in Paris, in France",,Q50064469,,
Grave of Crisenoy de Lyonne,Père-Lachaise Cemetery - Division 7,Q50065443,14,0,2,"cemetery division located in Paris, in France",,Q50064469,,
Grave of Crisenoy de Lyonne,Père-Lachaise Cemetery - Division 60,Q50066013,14,0,2,"cemetery division located in Paris, in France",,Q50064469,,
Grave of Crisenoy de Lyonne,Rehabilitation Psychology,Q99658624,14,0,2,,Division 22,Q334453,,
Grave of Crisenoy de Lyonne,Père-Lachaise Cemetery - Division 22,Q50065490,14,0,2,"cemetery division located in Paris, in France",,Q50064469,,
Grave of Crisenoy de Lyonne,Division 22 Elections,Q60150950,14,0,2,,,Q13442814,,
Grave of Crisenoy de Lyonne,Division 22 Liaison to the Board for the Advancement of Psychology in the Public Interest (BAPPI),Q60150952,14,0,2,,,Q13442814,,
Grave of Crisenoy de Lyonne,220th Infantry Division,Q214721,14,0,2,division,,Q169534,,
Grave of Crisenoy de Lyonne,division 22 du cimetière du Montparnasse,Q130152623,14,0,2,"cemetery sector located in Paris, in France",,Q56632662,,
Grave of Crisenoy de Lyonne,Cimetière parisien de Saint-Ouen - Division 22,Q130304772,14,0,2,"cemetery sector located in Seine-Saint-Denis, in France",,Q56632662,,
Grave of Crisenoy de Lyonne,Cimetière de Montmartre - Division 22,Q130304535,14,0,2,"cemetery sector located in Paris, in France",,Q56632662,,
Grave of Crisenoy de Lyonne,division 22 du cimetière parisien d'Ivry,Q130212392,14,0,2,"cemetery sector located in Val-de-Marne, in France",,Q56632662,,
Grave of Crisenoy de Lyonne,Cimetière parisien de Pantin - Division 22,Q130304569,14,0,2,"cemetery sector located in Seine-Saint-Denis, in France",,Q56632662,,
Grave of Crisenoy de Lyonne,20th arrondissement of Paris,Q210720,14,0,2,"municipal district of Paris, France",arrondissement of Paris|Ménilmontant,Q702842,,20th arrondissement of Paris
Père-Lachaise Cemetery - Division 22,Père-Lachaise Cemetery - Division 22,Q50065490,14,1,1,"cemetery division located in Paris, in France",,Q50064469,,
Père-Lachaise Cemetery - Division 22,Père Lachaise Cemetery,Q311,14,1,2,"cemetery in Paris, France",Cimetière du Père-Lachaise|Pere Lachaise|Pere Lachaise cemetery|Cimetiere du Pere-Lachaise|Père-Lachaise|Père Lachaise,Q39614,,Père Lachaise Cemetery
Père-Lachaise Cemetery - Division 22,Père-Lachaise Cemetery - Division 10,Q50065453,14,1,2,"cemetery division located in Paris, in France",,Q50064469,,
Père-Lachaise Cemetery - Division 22,Père-Lachaise Cemetery - Division 49,Q50065864,14,1,2,"cemetery division located in Paris, in France",,Q50064469,,
Père-Lachaise Cemetery - Division 22,Père-Lachaise Cemetery - Division 36,Q50065649,14,1,2,"cemetery division located in Paris, in France",,Q50064469,,
Père-Lachaise Cemetery - Division 22,Père-Lachaise Cemetery - Division 11,Q50065460,14,1,2,"cemetery division located in Paris, in France",,Q50064469,,
Père-Lachaise Cemetery - Division 22,Père-Lachaise Cemetery - Division 95,Q50066537,14,1,2,"cemetery division located in Paris, in France",,Q50064469,,
Père-Lachaise Cemetery - Division 22,Père-Lachaise Cemetery - Division 87,Q50066509,14,1,2,"cemetery division located in Paris, in France",,Q50064469,,
Père-Lachaise Cemetery - Division 22,Père-Lachaise Cemetery - Division 90,Q50066521,14,1,2,"cemetery division located in Paris, in France",,Q50064469,,
Père-Lachaise Cemetery - Division 22,Père-Lachaise Cemetery - Division 7,Q50065443,14,1,2,"cemetery division located in Paris, in France",,Q50064469,,
Père-Lachaise Cemetery - Division 22,Père-Lachaise Cemetery - Division 60,Q50066013,14,1,2,"cemetery division located in Paris, in France",,Q50064469,,
Père-Lachaise Cemetery - Division 22,Rehabilitation Psychology,Q99658624,14,1,2,,Division 22,Q334453,,
Père-Lachaise Cemetery - Division 22,Division 22 Elections,Q60150950,14,1,2,,,Q13442814,,
Père-Lachaise Cemetery - Division 22,Division 22 Liaison to the Board for the Advancement of Psychology in the Public Interest (BAPPI),Q60150952,14,1,2,,,Q13442814,,
Père-Lachaise Cemetery - Division 22,220th Infantry Division,Q214721,14,1,2,division,,Q169534,,
Père-Lachaise Cemetery - Division 22,division 22 du cimetière du Montparnasse,Q130152623,14,1,2,"cemetery sector located in Paris, in France",,Q56632662,,
Père-Lachaise Cemetery - Division 22,Cimetière parisien de Saint-Ouen - Division 22,Q130304772,14,1,2,"cemetery sector located in Seine-Saint-Denis, in France",,Q56632662,,
Père-Lachaise Cemetery - Division 22,Cimetière de Montmartre - Division 22,Q130304535,14,1,2,"cemetery sector located in Paris, in France",,Q56632662,,
Père-Lachaise Cemetery - Division 22,division 22 du cimetière parisien d'Ivry,Q130212392,14,1,2,"cemetery sector located in Val-de-Marne, in France",,Q56632662,,
Père-Lachaise Cemetery - Division 22,Cimetière parisien de Pantin - Division 22,Q130304569,14,1,2,"cemetery sector located in Seine-Saint-Denis, in France",,Q56632662,,
Père-Lachaise Cemetery - Division 22,Grave of Crisenoy de Lyonne,Q112320135,14,1,2,"sepulchral chapel located in Paris, in France",,Q1424583,,
Père-Lachaise Cemetery - Division 22,20th arrondissement of Paris,Q210720,14,1,2,"municipal district of Paris, France",arrondissement of Paris|Ménilmontant,Q702842,,20th arrondissement of Paris
20th arrondissement of Paris,20th arrondissement of Paris,Q210720,14,2,1,"municipal district of Paris, France",arrondissement of Paris|Ménilmontant,Q702842,,20th arrondissement of Paris
20th arrondissement of Paris,Père Lachaise Cemetery,Q311,14,2,2,"cemetery in Paris, France",Cimetière du Père-Lachaise|Pere Lachaise|Pere Lachaise cemetery|Cimetiere du Pere-Lachaise|Père-Lachaise|Père Lachaise,Q39614,,Père Lachaise Cemetery
20th arrondissement of Paris,Père-Lachaise Cemetery - Division 10,Q50065453,14,2,2,"cemetery division located in Paris, in France",,Q50064469,,
20th arrondissement of Paris,Père-Lachaise Cemetery - Division 49,Q50065864,14,2,2,"cemetery division located in Paris, in France",,Q50064469,,
20th arrondissement of Paris,Père-Lachaise Cemetery - Division 36,Q50065649,14,2,2,"cemetery division located in Paris, in France",,Q50064469,,
20th arrondissement of Paris,Père-Lachaise Cemetery - Division 11,Q50065460,14,2,2,"cemetery division located in Paris, in France",,Q50064469,,
20th arrondissement of Paris,Père-Lachaise Cemetery - Division 95,Q50066537,14,2,2,"cemetery division located in Paris, in France",,Q50064469,,
20th arrondissement of Paris,Père-Lachaise Cemetery - Division 87,Q50066509,14,2,2,"cemetery division located in Paris, in France",,Q50064469,,
20th arrondissement of Paris,Père-Lachaise Cemetery - Division 90,Q50066521,14,2,2,"cemetery division located in Paris, in France",,Q50064469,,
20th arrondissement of Paris,Père-Lachaise Cemetery - Division 7,Q50065443,14,2,2,"cemetery division located in Paris, in France",,Q50064469,,
20th arrondissement of Paris,Père-Lachaise Cemetery - Division 60,Q50066013,14,2,2,"cemetery division located in Paris, in France",,Q50064469,,
20th arrondissement of Paris,Rehabilitation Psychology,Q99658624,14,2,2,,Division 22,Q334453,,
20th arrondissement of Paris,Père-Lachaise Cemetery - Division 22,Q50065490,14,2,2,"cemetery division located in Paris, in France",,Q50064469,,
20th arrondissement of Paris,Division 22 Elections,Q60150950,14,2,2,,,Q13442814,,
20th arrondissement of Paris,Division 22 Liaison to the Board for the Advancement of Psychology in the Public Interest (BAPPI),Q60150952,14,2,2,,,Q13442814,,
20th arrondissement of Paris,220th Infantry Division,Q214721,14,2,2,division,,Q169534,,
20th arrondissement of Paris,division 22 du cimetière du Montparnasse,Q130152623,14,2,2,"cemetery sector located in Paris, in France",,Q56632662,,
20th arrondissement of Paris,Cimetière parisien de Saint-Ouen - Division 22,Q130304772,14,2,2,"cemetery sector located in Seine-Saint-Denis, in France",,Q56632662,,
20th arrondissement of Paris,Cimetière de Montmartre - Division 22,Q130304535,14,2,2,"cemetery sector located in Paris, in France",,Q56632662,,
20th arrondissement of Paris,division 22 du cimetière parisien d'Ivry,Q130212392,14,2,2,"cemetery sector located in Val-de-Marne, in France",,Q56632662,,
20th arrondissement of Paris,Cimetière parisien de Pantin - Division 22,Q130304569,14,2,2,"cemetery sector located in Seine-Saint-Denis, in France",,Q56632662,,
Grave of Marchand,Grave of Marchand,Q112332414,15,0,1,"sepulchral chapel located in Paris, in France",,Q1424583,,
Grave of Marchand,Grave of Marchand,Q112332422,15,0,1,"sepulchral chapel located in Père-Lachaise Cemetery - Division 70, in Paris, in France",,Q1424583,,
Grave of Marchand,Grave of Marchand,Q112360866,15,0,1,"sepulchral chapel located in Père-Lachaise Cemetery - Division 34, in Paris, in France",,Q1424583,,
Grave of Marchand,Grave of Marchand,Q112332416,15,0,1,,,Q173387,,
Grave of Marchand,Grave of Marchand,Q112332420,15,0,1,,,Q173387,,
Grave of Marchand,Grave of Marchand,Q112332413,15,0,1,,,Q173387,,
Grave of Marchand,Grave of Marchand,Q112332412,15,0,1,,,Q173387,,
Grave of Marchand,Grave of Marchand et Terre,Q112332423,15,0,1,,,Q173387,,
Grave of Marchand,Grave of Marchand-Dubreuil-Ray,Q112332432,15,0,1,,,Q173387,,
Grave of Marchand,Père Lachaise Cemetery,Q311,15,0,2,"cemetery in Paris, France",Cimetière du Père-Lachaise|Pere Lachaise|Pere Lachaise cemetery|Cimetiere du Pere-Lachaise|Père-Lachaise|Père Lachaise,Q39614,,Père Lachaise Cemetery
Grave of Marchand,Père-Lachaise Cemetery - Division 10,Q50065453,15,0,2,"cemetery division located in Paris, in France",,Q50064469,,
Grave of Marchand,Père-Lachaise Cemetery - Division 49,Q50065864,15,0,2,"cemetery division located in Paris, in France",,Q50064469,,
Grave of Marchand,Père-Lachaise Cemetery - Division 36,Q50065649,15,0,2,"cemetery division located in Paris, in France",,Q50064469,,
Grave of Marchand,Père-Lachaise Cemetery - Division 11,Q50065460,15,0,2,"cemetery division located in Paris, in France",,Q50064469,,
Grave of Marchand,Père-Lachaise Cemetery - Division 95,Q50066537,15,0,2,"cemetery division located in Paris, in France",,Q50064469,,
Grave of Marchand,Père-Lachaise Cemetery - Division 87,Q50066509,15,0,2,"cemetery division located in Paris, in France",,Q50064469,,
Grave of Marchand,Père-Lachaise Cemetery - Division 90,Q50066521,15,0,2,"cemetery division located in Paris, in France",,Q50064469,,
Grave of Marchand,Père-Lachaise Cemetery - Division 7,Q50065443,15,0,2,"cemetery division located in Paris, in France",,Q50064469,,
Grave of Marchand,Père-Lachaise Cemetery - Division 60,Q50066013,15,0,2,"cemetery division located in Paris, in France",,Q50064469,,
Grave of Marchand,Père-Lachaise Cemetery - Division 70,Q50066179,15,0,2,"cemetery division located in Paris, in France",,Q50064469,,
Grave of Marchand,division 70 du cimetière parisien de Bagneux,Q130179257,15,0,2,"cemetery sector located in Hauts-de-Seine, in France",,Q56632662,,
Grave of Marchand,division 70 du cimetière parisien de Thiais,Q130216602,15,0,2,"cemetery sector located in Val-de-Marne, in France",,Q56632662,,
Grave of Marchand,Cimetière parisien de Pantin - Division 70,Q130304627,15,0,2,"cemetery sector located in Seine-Saint-Denis, in France",,Q56632662,,
Grave of Marchand,20th arrondissement of Paris,Q210720,15,0,2,"municipal district of Paris, France",arrondissement of Paris|Ménilmontant,Q702842,,20th arrondissement of Paris
Père-Lachaise Cemetery - Division 70,Père-Lachaise Cemetery - Division 70,Q50066179,15,1,1,"cemetery division located in Paris, in France",,Q50064469,,
Père-Lachaise Cemetery - Division 70,Père Lachaise Cemetery,Q311,15,1,2,"cemetery in Paris, France",Cimetière du Père-Lachaise|Pere Lachaise|Pere Lachaise cemetery|Cimetiere du Pere-Lachaise|Père-Lachaise|Père Lachaise,Q39614,,Père Lachaise Cemetery
Père-Lachaise Cemetery - Division 70,Père-Lachaise Cemetery - Division 10,Q50065453,15,1,2,"cemetery division located in Paris, in France",,Q50064469,,
Père-Lachaise Cemetery - Division 70,Père-Lachaise Cemetery - Division 49,Q50065864,15,1,2,"cemetery division located in Paris, in France",,Q50064469,,
Père-Lachaise Cemetery - Division 70,Père-Lachaise Cemetery - Division 36,Q50065649,15,1,2,"cemetery division located in Paris, in France",,Q50064469,,
Père-Lachaise Cemetery - Division 70,Père-Lachaise Cemetery - Division 11,Q50065460,15,1,2,"cemetery division located in Paris, in France",,Q50064469,,
Père-Lachaise Cemetery - Division 70,Père-Lachaise Cemetery - Division 95,Q50066537,15,1,2,"cemetery division located in Paris, in France",,Q50064469,,
Père-Lachaise Cemetery - Division 70,Père-Lachaise Cemetery - Division 87,Q50066509,15,1,2,"cemetery division located in Paris, in France",,Q50064469,,
Père-Lachaise Cemetery - Division 70,Père-Lachaise Cemetery - Division 90,Q50066521,15,1,2,"cemetery division located in Paris, in France",,Q50064469,,
Père-Lachaise Cemetery - Division 70,Père-Lachaise Cemetery - Division 7,Q50065443,15,1,2,"cemetery division located in Paris, in France",,Q50064469,,
Père-Lachaise Cemetery - Division 70,Père-Lachaise Cemetery - Division 60,Q50066013,15,1,2,"cemetery division located in Paris, in France",,Q50064469,,
Père-Lachaise Cemetery - Division 70,division 70 du cimetière parisien de Bagneux,Q130179257,15,1,2,"cemetery sector located in Hauts-de-Seine, in France",,Q56632662,,
Père-Lachaise Cemetery - Division 70,division 70 du cimetière parisien de Thiais,Q130216602,15,1,2,"cemetery sector located in Val-de-Marne, in France",,Q56632662,,
Père-Lachaise Cemetery - Division 70,Cimetière parisien de Pantin - Division 70,Q130304627,15,1,2,"cemetery sector located in Seine-Saint-Denis, in France",,Q56632662,,
Père-Lachaise Cemetery - Division 70,20th arrondissement of Paris,Q210720,15,1,2,"municipal district of Paris, France",arrondissement of Paris|Ménilmontant,Q702842,,20th arrondissement of Paris
20th arrondissement of Paris,20th arrondissement of Paris,Q210720,15,2,1,"municipal district of Paris, France",arrondissement of Paris|Ménilmontant,Q702842,,20th arrondissement of Paris
20th arrondissement of Paris,Père Lachaise Cemetery,Q311,15,2,2,"cemetery in Paris, France",Cimetière du Père-Lachaise|Pere Lachaise|Pere Lachaise cemetery|Cimetiere du Pere-Lachaise|Père-Lachaise|Père Lachaise,Q39614,,Père Lachaise Cemetery
20th arrondissement of Paris,Père-Lachaise Cemetery - Division 10,Q50065453,15,2,2,"cemetery division located in Paris, in France",,Q50064469,,
20th arrondissement of Paris,Père-Lachaise Cemetery - Division 49,Q50065864,15,2,2,"cemetery division located in Paris, in France",,Q50064469,,
20th arrondissement of Paris,Père-Lachaise Cemetery - Division 36,Q50065649,15,2,2,"cemetery division located in Paris, in France",,Q50064469,,
20th arrondissement of Paris,Père-Lachaise Cemetery - Division 11,Q50065460,15,2,2,"cemetery division located in Paris, in France",,Q50064469,,
20th arrondissement of Paris,Père-Lachaise Cemetery - Division 95,Q50066537,15,2,2,"cemetery division located in Paris, in France",,Q50064469,,
20th arrondissement of Paris,Père-Lachaise Cemetery - Division 87,Q50066509,15,2,2,"cemetery division located in Paris, in France",,Q50064469,,
20th arrondissement of Paris,Père-Lachaise Cemetery - Division 90,Q50066521,15,2,2,"cemetery division located in Paris, in France",,Q50064469,,
20th arrondissement of Paris,Père-Lachaise Cemetery - Division 7,Q50065443,15,2,2,"cemetery division located in Paris, in France",,Q50064469,,
20th arrondissement of Paris,Père-Lachaise Cemetery - Division 60,Q50066013,15,2,2,"cemetery division located in Paris, in France",,Q50064469,,
20th arrondissement of Paris,Père-Lachaise Cemetery - Division 70,Q50066179,15,2,2,"cemetery division located in Paris, in France",,Q50064469,,
20th arrondissement of Paris,division 70 du cimetière parisien de Bagneux,Q130179257,15,2,2,"cemetery sector located in Hauts-de-Seine, in France",,Q56632662,,
20th arrondissement of Paris,division 70 du cimetière parisien de Thiais,Q130216602,15,2,2,"cemetery sector located in Val-de-Marne, in France",,Q56632662,,
20th arrondissement of Paris,Cimetière parisien de Pantin - Division 70,Q130304627,15,2,2,"cemetery sector located in Seine-Saint-Denis, in France",,Q56632662,,
Grave of Marchand,Grave of Marchand,Q112332414,16,0,1,"sepulchral chapel located in Paris, in France",,Q1424583,,
Grave of Marchand,Grave of Marchand,Q112332422,16,0,1,"sepulchral chapel located in Père-Lachaise Cemetery - Division 70, in Paris, in France",,Q1424583,,
Grave of Marchand,Grave of Marchand,Q112360866,16,0,1,"sepulchral chapel located in Père-Lachaise Cemetery - Division 34, in Paris, in France",,Q1424583,,
Grave of Marchand,Grave of Marchand,Q112332416,16,0,1,,,Q173387,,
Grave of Marchand,Grave of Marchand,Q112332420,16,0,1,,,Q173387,,
Grave of Marchand,Grave of Marchand,Q112332413,16,0,1,,,Q173387,,
Grave of Marchand,Grave of Marchand,Q112332412,16,0,1,,,Q173387,,
Grave of Marchand,Grave of Marchand et Terre,Q112332423,16,0,1,,,Q173387,,
Grave of Marchand,Grave of Marchand-Dubreuil-Ray,Q112332432,16,0,1,,,Q173387,,
Grave of Marchand,Père Lachaise Cemetery,Q311,16,0,2,"cemetery in Paris, France",Cimetière du Père-Lachaise|Pere Lachaise|Pere Lachaise cemetery|Cimetiere du Pere-Lachaise|Père-Lachaise|Père Lachaise,Q39614,,Père Lachaise Cemetery
Grave of Marchand,Père-Lachaise Cemetery - Division 10,Q50065453,16,0,2,"cemetery division located in Paris, in France",,Q50064469,,
Grave of Marchand,Père-Lachaise Cemetery - Division 49,Q50065864,16,0,2,"cemetery division located in Paris, in France",,Q50064469,,
Grave of Marchand,Père-Lachaise Cemetery - Division 36,Q50065649,16,0,2,"cemetery division located in Paris, in France",,Q50064469,,
Grave of Marchand,Père-Lachaise Cemetery - Division 11,Q50065460,16,0,2,"cemetery division located in Paris, in France",,Q50064469,,
Grave of Marchand,Père-Lachaise Cemetery - Division 95,Q50066537,16,0,2,"cemetery division located in Paris, in France",,Q50064469,,
Grave of Marchand,Père-Lachaise Cemetery - Division 87,Q50066509,16,0,2,"cemetery division located in Paris, in France",,Q50064469,,
Grave of Marchand,Père-Lachaise Cemetery - Division 90,Q50066521,16,0,2,"cemetery division located in Paris, in France",,Q50064469,,
Grave of Marchand,Père-Lachaise Cemetery - Division 7,Q50065443,16,0,2,"cemetery division located in Paris, in France",,Q50064469,,
Grave of Marchand,Père-Lachaise Cemetery - Division 60,Q50066013,16,0,2,"cemetery division located in Paris, in France",,Q50064469,,
Grave of Marchand,Division 43,Q111944749,16,0,2,military unit,,,,Division 43 (Somalia)
Grave of Marchand,Society for Couple and Family Psychology,Q99658693,16,0,2,,Division 43,,,
Grave of Marchand,Père-Lachaise Cemetery - Division 43,Q50065843,16,0,2,"cemetery division located in Paris, in France",,Q50064469,,
Grave of Marchand,Cimetière parisien de Pantin - Division 43,Q130304595,16,0,2,"cemetery sector located in Seine-Saint-Denis, in France",,Q56632662,,
Grave of Marchand,division 43 du cimetière parisien de Bagneux,Q130179195,16,0,2,"cemetery sector located in Hauts-de-Seine, in France",,Q56632662,,
Grave of Marchand,division 43 du cimetière parisien d'Ivry,Q130212417,16,0,2,"cemetery sector located in Val-de-Marne, in France",,Q56632662,,
Grave of Marchand,division 43 du cimetière parisien de Thiais,Q130216571,16,0,2,"cemetery sector located in Val-de-Marne, in France",,Q56632662,,
Grave of Marchand,20th arrondissement of Paris,Q210720,16,0,2,"municipal district of Paris, France",arrondissement of Paris|Ménilmontant,Q702842,,20th arrondissement of Paris
Père-Lachaise Cemetery - Division 43,Père-Lachaise Cemetery - Division 43,Q50065843,16,1,1,"cemetery division located in Paris, in France",,Q50064469,,
Père-Lachaise Cemetery - Division 43,Père Lachaise Cemetery,Q311,16,1,2,"cemetery in Paris, France",Cimetière du Père-Lachaise|Pere Lachaise|Pere Lachaise cemetery|Cimetiere du Pere-Lachaise|Père-Lachaise|Père Lachaise,Q39614,,Père Lachaise Cemetery
Père-Lachaise Cemetery - Division 43,Père-Lachaise Cemetery - Division 10,Q50065453,16,1,2,"cemetery division located in Paris, in France",,Q50064469,,
Père-Lachaise Cemetery - Division 43,Père-Lachaise Cemetery - Division 49,Q50065864,16,1,2,"cemetery division located in Paris, in France",,Q50064469,,
Père-Lachaise Cemetery - Division 43,Père-Lachaise Cemetery - Division 36,Q50065649,16,1,2,"cemetery division located in Paris, in France",,Q50064469,,
Père-Lachaise Cemetery - Division 43,Père-Lachaise Cemetery - Division 11,Q50065460,16,1,2,"cemetery division located in Paris, in France",,Q50064469,,
Père-Lachaise Cemetery - Division 43,Père-Lachaise Cemetery - Division 95,Q50066537,16,1,2,"cemetery division located in Paris, in France",,Q50064469,,
Père-Lachaise Cemetery - Division 43,Père-Lachaise Cemetery - Division 87,Q50066509,16,1,2,"cemetery division located in Paris, in France",,Q50064469,,
Père-Lachaise Cemetery - Division 43,Père-Lachaise Cemetery - Division 90,Q50066521,16,1,2,"cemetery division located in Paris, in France",,Q50064469,,
Père-Lachaise Cemetery - Division 43,Père-Lachaise Cemetery - Division 7,Q50065443,16,1,2,"cemetery division located in Paris, in France",,Q50064469,,
Père-Lachaise Cemetery - Division 43,Père-Lachaise Cemetery - Division 60,Q50066013,16,1,2,"cemetery division located in Paris, in France",,Q50064469,,
Père-Lachaise Cemetery - Division 43,Division 43,Q111944749,16,1,2,military unit,,,,Division 43 (Somalia)
Père-Lachaise Cemetery - Division 43,Society for Couple and Family Psychology,Q99658693,16,1,2,,Division 43,,,
Père-Lachaise Cemetery - Division 43,Cimetière parisien de Pantin - Division 43,Q130304595,16,1,2,"cemetery sector located in Seine-Saint-Denis, in France",,Q56632662,,
Père-Lachaise Cemetery - Division 43,division 43 du cimetière parisien de Bagneux,Q130179195,16,1,2,"cemetery sector located in Hauts-de-Seine, in France",,Q56632662,,
Père-Lachaise Cemetery - Division 43,division 43 du cimetière parisien d'Ivry,Q130212417,16,1,2,"cemetery sector located in Val-de-Marne, in France",,Q56632662,,
Père-Lachaise Cemetery - Division 43,division 43 du cimetière parisien de Thiais,Q130216571,16,1,2,"cemetery sector located in Val-de-Marne, in France",,Q56632662,,
Père-Lachaise Cemetery - Division 43,20th arrondissement of Paris,Q210720,16,1,2,"municipal district of Paris, France",arrondissement of Paris|Ménilmontant,Q702842,,20th arrondissement of Paris
20th arrondissement of Paris,20th arrondissement of Paris,Q210720,16,2,1,"municipal district of Paris, France",arrondissement of Paris|Ménilmontant,Q702842,,20th arrondissement of Paris
20th arrondissement of Paris,Père Lachaise Cemetery,Q311,16,2,2,"cemetery in Paris, France",Cimetière du Père-Lachaise|Pere Lachaise|Pere Lachaise cemetery|Cimetiere du Pere-Lachaise|Père-Lachaise|Père Lachaise,Q39614,,Père Lachaise Cemetery
20th arrondissement of Paris,Père-Lachaise Cemetery - Division 10,Q50065453,16,2,2,"cemetery division located in Paris, in France",,Q50064469,,
20th arrondissement of Paris,Père-Lachaise Cemetery - Division 49,Q50065864,16,2,2,"cemetery division located in Paris, in France",,Q50064469,,
20th arrondissement of Paris,Père-Lachaise Cemetery - Division 36,Q50065649,16,2,2,"cemetery division located in Paris, in France",,Q50064469,,
20th arrondissement of Paris,Père-Lachaise Cemetery - Division 11,Q50065460,16,2,2,"cemetery division located in Paris, in France",,Q50064469,,
20th arrondissement of Paris,Père-Lachaise Cemetery - Division 95,Q50066537,16,2,2,"cemetery division located in Paris, in France",,Q50064469,,
20th arrondissement of Paris,Père-Lachaise Cemetery - Division 87,Q50066509,16,2,2,"cemetery division located in Paris, in France",,Q50064469,,
20th arrondissement of Paris,Père-Lachaise Cemetery - Division 90,Q50066521,16,2,2,"cemetery division located in Paris, in France",,Q50064469,,
20th arrondissement of Paris,Père-Lachaise Cemetery - Division 7,Q50065443,16,2,2,"cemetery division located in Paris, in France",,Q50064469,,
20th arrondissement of Paris,Père-Lachaise Cemetery - Division 60,Q50066013,16,2,2,"cemetery division located in Paris, in France",,Q50064469,,
20th arrondissement of Paris,Division 43,Q111944749,16,2,2,military unit,,,,Division 43 (Somalia)
20th arrondissement of Paris,Society for Couple and Family Psychology,Q99658693,16,2,2,,Division 43,,,
20th arrondissement of Paris,Père-Lachaise Cemetery - Division 43,Q50065843,16,2,2,"cemetery division located in Paris, in France",,Q50064469,,
20th arrondissement of Paris,Cimetière parisien de Pantin - Division 43,Q130304595,16,2,2,"cemetery sector located in Seine-Saint-Denis, in France",,Q56632662,,
20th arrondissement of Paris,division 43 du cimetière parisien de Bagneux,Q130179195,16,2,2,"cemetery sector located in Hauts-de-Seine, in France",,Q56632662,,
20th arrondissement of Paris,division 43 du cimetière parisien d'Ivry,Q130212417,16,2,2,"cemetery sector located in Val-de-Marne, in France",,Q56632662,,
20th arrondissement of Paris,division 43 du cimetière parisien de Thiais,Q130216571,16,2,2,"cemetery sector located in Val-de-Marne, in France",,Q56632662,,
Grave of Quin,Grave of Quin,Q112337399,17,0,1,"sepulchral chapel located in Paris, in France",,Q1424583,,
Grave of Quin,Grave of Quint-Chabot,Q112337401,17,0,1,,,Q173387,,
Grave of Quin,Grave of Quintero de Rodriguez,Q112337404,17,0,1,,,Q173387,,
Grave of Quin,Grave of Quinton,Q112337406,17,0,1,,,Q173387,,
Grave of Quin,Père Lachaise Cemetery,Q311,17,0,2,"cemetery in Paris, France",Cimetière du Père-Lachaise|Pere Lachaise|Pere Lachaise cemetery|Cimetiere du Pere-Lachaise|Père-Lachaise|Père Lachaise,Q39614,,Père Lachaise Cemetery
Grave of Quin,Père-Lachaise Cemetery - Division 10,Q50065453,17,0,2,"cemetery division located in Paris, in France",,Q50064469,,
Grave of Quin,Père-Lachaise Cemetery - Division 49,Q50065864,17,0,2,"cemetery division located in Paris, in France",,Q50064469,,
Grave of Quin,Père-Lachaise Cemetery - Division 36,Q50065649,17,0,2,"cemetery division located in Paris, in France",,Q50064469,,
Grave of Quin,Père-Lachaise Cemetery - Division 11,Q50065460,17,0,2,"cemetery division located in Paris, in France",,Q50064469,,
Grave of Quin,Père-Lachaise Cemetery - Division 95,Q50066537,17,0,2,"cemetery division located in Paris, in France",,Q50064469,,
Grave of Quin,Père-Lachaise Cemetery - Division 87,Q50066509,17,0,2,"cemetery division located in Paris, in France",,Q50064469,,
Grave of Quin,Père-Lachaise Cemetery - Division 90,Q50066521,17,0,2,"cemetery division located in Paris, in France",,Q50064469,,
Grave of Quin,Père-Lachaise Cemetery - Division 7,Q50065443,17,0,2,"cemetery division located in Paris, in France",,Q50064469,,
Grave of Quin,Père-Lachaise Cemetery - Division 60,Q50066013,17,0,2,"cemetery division located in Paris, in France",,Q50064469,,
Grave of Quin,Père-Lachaise Cemetery - Division 68,Q50066170,17,0,2,"cemetery division located in Paris, in France",,Q50064469,,
Grave of Quin,division 68 du cimetière parisien de Bagneux,Q130179253,17,0,2,"cemetery sector located in Hauts-de-Seine, in France",,Q56632662,,
Grave of Quin,division 68 du cimetière parisien de Thiais,Q130216599,17,0,2,"cemetery sector located in Val-de-Marne, in France",,Q56632662,,
Grave of Quin,Cimetière parisien de Pantin - Division 68,Q130304625,17,0,2,"cemetery sector located in Seine-Saint-Denis, in France",,Q56632662,,
Grave of Quin,20th arrondissement of Paris,Q210720,17,0,2,"municipal district of Paris, France",arrondissement of Paris|Ménilmontant,Q702842,,20th arrondissement of Paris
Père-Lachaise Cemetery - Division 68,Père-Lachaise Cemetery - Division 68,Q50066170,17,1,1,"cemetery division located in Paris, in France",,Q50064469,,
Père-Lachaise Cemetery - Division 68,Père Lachaise Cemetery,Q311,17,1,2,"cemetery in Paris, France",Cimetière du Père-Lachaise|Pere Lachaise|Pere Lachaise cemetery|Cimetiere du Pere-Lachaise|Père-Lachaise|Père Lachaise,Q39614,,Père Lachaise Cemetery
Père-Lachaise Cemetery - Division 68,Père-Lachaise Cemetery - Division 10,Q50065453,17,1,2,"cemetery division located in Paris, in France",,Q50064469,,
Père-Lachaise Cemetery - Division 68,Père-Lachaise Cemetery - Division 49,Q50065864,17,1,2,"cemetery division located in Paris, in France",,Q50064469,,
Père-Lachaise Cemetery - Division 68,Père-Lachaise Cemetery - Division 36,Q50065649,17,1,2,"cemetery division located in Paris, in France",,Q50064469,,
Père-Lachaise Cemetery - Division 68,Père-Lachaise Cemetery - Division 11,Q50065460,17,1,2,"cemetery division located in Paris, in France",,Q50064469,,
Père-Lachaise Cemetery - Division 68,Père-Lachaise Cemetery - Division 95,Q50066537,17,1,2,"cemetery division located in Paris, in France",,Q50064469,,
Père-Lachaise Cemetery - Division 68,Père-Lachaise Cemetery - Division 87,Q50066509,17,1,2,"cemetery division located in Paris, in France",,Q50064469,,
Père-Lachaise Cemetery - Division 68,Père-Lachaise Cemetery - Division 90,Q50066521,17,1,2,"cemetery division located in Paris, in France",,Q50064469,,
Père-Lachaise Cemetery - Division 68,Père-Lachaise Cemetery - Division 7,Q50065443,17,1,2,"cemetery division located in Paris, in France",,Q50064469,,
Père-Lachaise Cemetery - Division 68,Père-Lachaise Cemetery - Division 60,Q50066013,17,1,2,"cemetery division located in Paris, in France",,Q50064469,,
Père-Lachaise Cemetery - Division 68,division 68 du cimetière parisien de Bagneux,Q130179253,17,1,2,"cemetery sector located in Hauts-de-Seine, in France",,Q56632662,,
Père-Lachaise Cemetery - Division 68,division 68 du cimetière parisien de Thiais,Q130216599,17,1,2,"cemetery sector located in Val-de-Marne, in France",,Q56632662,,
Père-Lachaise Cemetery - Division 68,Cimetière parisien de Pantin - Division 68,Q130304625,17,1,2,"cemetery sector located in Seine-Saint-Denis, in France",,Q56632662,,
Père-Lachaise Cemetery - Division 68,Quin,Q36991858,17,1,2,family name,,Q101352,,
Père-Lachaise Cemetery - Division 68,Quin,Q87066061,17,1,2,male given name,Quin (given name),Q12308941,,
Père-Lachaise Cemetery - Division 68,Quintessence International,Q15757413,17,1,2,journal,,Q5633421,,
Père-Lachaise Cemetery - Division 68,Quintana Roo,Q80245,17,1,2,state of Mexico,Free and Sovereign State of Quintana Roo|State of Quintana Roo,Q15149663,,Quintana Roo
Père-Lachaise Cemetery - Division 68,Quinn,Q2123241,17,1,2,family name,,Q101352,,Quinn (surname)
Père-Lachaise Cemetery - Division 68,Quincy Jones,Q193645,17,1,2,American record producer and composer (1933–2024),"Q|Quincy|Quincy Delight Jones Jr|Quincy Jones Jr.|Quincy Delight Jones, Jr.",Q5,,Quincy Jones
Père-Lachaise Cemetery - Division 68,Quinten Metsys,Q314275,17,1,2,Flemish painter (1466-1530),"Quinten (I) Massijs|Quinten Massijs (I)|Quentin Massys|Quentin Metsys|Quintinus Mesius|Quinten Matsijs|Quinten Matsys|Quintino Messi|Quinten I Massijs|the Elder Quentin Massys|Quentin Matzys|Quinten Massys|Quinten, I Metsys|Quinto Massei|Quintis Matsis|Quentin Massys I|Quinten I Metsys|Quintin Matsys|Quinte Metsys|Quinten I Messys|Quentin Messys|Quinten I Matsys|Quintin Matsey|Quintin Matssis|Quentin Metsijs|Quentin, the Elder Massys|Quinton Matzius|Quintin Matsis|Quentin Masiis|Quentin Matzis|Quintus Matsus|Quintus Matzis|Quintin Matzys|Quentin Metzis|Quentin Matsis|Quentin Messis|Quinten I Massys|Quinten Massijs|Quinten Massys (I)|Quinten Matsijs (I)|Quinten Matsys (I)|Quinten Messijs|Quinten Messijs (I)|Quinten Messys|Quinten Messys (I)|Quinten Metsijs|Quinten Metsijs (I)|Quinten Metsys (I)|Quinte Maseys|Quintus Mebzius|Quinte Mathys|Q. Matzis|Q. Messeus|ou Le Marechal, d'Anvers Quintin Messis|Metsys|Q. Matzius|Q. Matzys|Quinta Masseus|Quintematsys|Quintin de Smitt|Quint. Messys|Quint Messis|Quintinus Messis|Quintino Messis|Q. Matzyz|Quintus Matreus|Quinte Masseys|Quintin Metsis|Maestro quintino fiamengo|Quintino|Quinte Massys|Quinte Methsis|Quintyn de Smit|Quintin Smith|Quintin Messys|Matzys|Quentin Messius|Maréchal Quintin|Quintius Matzys|Quinte Mathsys|Massys|Quintin Messis|Quinte Matzys|Q. Massys|Quintin Melsüs|Q. Mattzys|Q Matzys|Q. Metzus|Quintyn Matsis|Quintus Matzius|Quintin Metzius|Q. Matsys|Quintin Matys|the Smith of Antwerp Quintus Matzys|quinten massys|Q. Messys|Quinte-Messis|the Farrier of Antwerp Quintin Matsys|Quinte-Mathsys|Q. Matsis|Quentin Massays|Quintus Matsys|Quintus Matzus|Quintine Smitt|Quintin Matsis of Antwerp|Guento Masscis|Quintin Mathsys|Quintin Mesius|Matsys|Quintin|Quinton Matys|Matzys Q|Quintin Matsy's|genannt der Schmied Quintin Messis|Q. Messius|or the Blacksmith Quintus Matrius|Quintin Metsys|Quintyn Massyes|Q. Metsys|Messius|Quintin Matseys|Quintus Metzius|Quinte Matys|Quintin Mattyis|Quintus Metzus|Q. Metzis|or the Blacksmith Quintus Metzius|Q. Messis|Quentin Massys the Elder|Quentin Matsys",Q5,,Quentin Matsys
Père-Lachaise Cemetery - Division 68,Quintus,Q21473986,17,1,2,ancient Roman praenomen,Q.,Q140389152,,Quintus (praenomen)
Père-Lachaise Cemetery - Division 68,quinta,Q25339974,17,1,2,type of rural property in Portugal and Spain typically comprised of a country mansion and the surrounding estate,"country manor, aristocratic estate",,Q1416696|Q489357,Quinta (estate)
Père-Lachaise Cemetery - Division 68,Quinqueloculina,Q7272339,17,1,2,genus of foraminifers,,Q16521,,Quinqueloculina
Père-Lachaise Cemetery - Division 68,20th arrondissement of Paris,Q210720,17,1,2,"municipal district of Paris, France",arrondissement of Paris|Ménilmontant,Q702842,,20th arrondissement of Paris
20th arrondissement of Paris,20th arrondissement of Paris,Q210720,17,2,1,"municipal district of Paris, France",arrondissement of Paris|Ménilmontant,Q702842,,20th arrondissement of Paris
20th arrondissement of Paris,Père Lachaise Cemetery,Q311,17,2,2,"cemetery in Paris, France",Cimetière du Père-Lachaise|Pere Lachaise|Pere Lachaise cemetery|Cimetiere du Pere-Lachaise|Père-Lachaise|Père Lachaise,Q39614,,Père Lachaise Cemetery
20th arrondissement of Paris,Père-Lachaise Cemetery - Division 10,Q50065453,17,2,2,"cemetery division located in Paris, in France",,Q50064469,,
20th arrondissement of Paris,Père-Lachaise Cemetery - Division 49,Q50065864,17,2,2,"cemetery division located in Paris, in France",,Q50064469,,
20th arrondissement of Paris,Père-Lachaise Cemetery - Division 36,Q50065649,17,2,2,"cemetery division located in Paris, in France",,Q50064469,,
20th arrondissement of Paris,Père-Lachaise Cemetery - Division 11,Q50065460,17,2,2,"cemetery division located in Paris, in France",,Q50064469,,
20th arrondissement of Paris,Père-Lachaise Cemetery - Division 95,Q50066537,17,2,2,"cemetery division located in Paris, in France",,Q50064469,,
20th arrondissement of Paris,Père-Lachaise Cemetery - Division 87,Q50066509,17,2,2,"cemetery division located in Paris, in France",,Q50064469,,
20th arrondissement of Paris,Père-Lachaise Cemetery - Division 90,Q50066521,17,2,2,"cemetery division located in Paris, in France",,Q50064469,,
20th arrondissement of Paris,Père-Lachaise Cemetery - Division 7,Q50065443,17,2,2,"cemetery division located in Paris, in France",,Q50064469,,
20th arrondissement of Paris,Père-Lachaise Cemetery - Division 60,Q50066013,17,2,2,"cemetery division located in Paris, in France",,Q50064469,,
20th arrondissement of Paris,Père-Lachaise Cemetery - Division 68,Q50066170,17,2,2,"cemetery division located in Paris, in France",,Q50064469,,
20th arrondissement of Paris,division 68 du cimetière parisien de Bagneux,Q130179253,17,2,2,"cemetery sector located in Hauts-de-Seine, in France",,Q56632662,,
20th arrondissement of Paris,division 68 du cimetière parisien de Thiais,Q130216599,17,2,2,"cemetery sector located in Val-de-Marne, in France",,Q56632662,,
20th arrondissement of Paris,Cimetière parisien de Pantin - Division 68,Q130304625,17,2,2,"cemetery sector located in Seine-Saint-Denis, in France",,Q56632662,,
Grave of Dufourmantelle,Grave of Dufourmantelle,Q112357315,18,0,1,"sepulchral chapel located in Paris, in France",,Q1424583,,
Grave of Dufourmantelle,Père Lachaise Cemetery,Q311,18,0,2,"cemetery in Paris, France",Cimetière du Père-Lachaise|Pere Lachaise|Pere Lachaise cemetery|Cimetiere du Pere-Lachaise|Père-Lachaise|Père Lachaise,Q39614,,Père Lachaise Cemetery
Grave of Dufourmantelle,Père-Lachaise Cemetery - Division 10,Q50065453,18,0,2,"cemetery division located in Paris, in France",,Q50064469,,
Grave of Dufourmantelle,Père-Lachaise Cemetery - Division 49,Q50065864,18,0,2,"cemetery division located in Paris, in France",,Q50064469,,
Grave of Dufourmantelle,Père-Lachaise Cemetery - Division 36,Q50065649,18,0,2,"cemetery division located in Paris, in France",,Q50064469,,
Grave of Dufourmantelle,Père-Lachaise Cemetery - Division 11,Q50065460,18,0,2,"cemetery division located in Paris, in France",,Q50064469,,
Grave of Dufourmantelle,Père-Lachaise Cemetery - Division 95,Q50066537,18,0,2,"cemetery division located in Paris, in France",,Q50064469,,
Grave of Dufourmantelle,Père-Lachaise Cemetery - Division 87,Q50066509,18,0,2,"cemetery division located in Paris, in France",,Q50064469,,
Grave of Dufourmantelle,Père-Lachaise Cemetery - Division 90,Q50066521,18,0,2,"cemetery division located in Paris, in France",,Q50064469,,
Grave of Dufourmantelle,Père-Lachaise Cemetery - Division 7,Q50065443,18,0,2,"cemetery division located in Paris, in France",,Q50064469,,
Grave of Dufourmantelle,Père-Lachaise Cemetery - Division 60,Q50066013,18,0,2,"cemetery division located in Paris, in France",,Q50064469,,
Grave of Dufourmantelle,NCAA Division I men's basketball,Q94861615,18,0,2,college sports league in the United States,NCAA University Division basketball|NCAA DI men's basketball|DI men's basketball|Division I men's basketball|NCAA men's basketball|D1 men's basketball|Division 1 men's basketball|college basketball|college men's basketball|men's college basketball|NCAA MBB|NCAA DI MBB|NCAABB|NCAAMBB|NCAA Division I basketball|Division I basketball|NCAA Division 1 basketball|Division 1 basketball,Q623109,,
Grave of Dufourmantelle,Ettan Fotboll,Q959186,18,0,2,association football league,Division 1,Q135641761,,Ettan Fotboll
Grave of Dufourmantelle,Gibraltar National League,Q1522963,18,0,2,professional association football league in Gibraltar,Premier Division|Division 1,Q15991303|Q623109,Q3270632,Gibraltar Football League
Grave of Dufourmantelle,Tom Clancy's The Division,Q13431312,18,0,2,2016 multi-genre video game developed by Ubisoft,The Division|Division|Division 1,Q7889,,Tom Clancy's The Division
Grave of Dufourmantelle,Division 1,Q5284424,18,0,2,men's bandy league in Sweden,,Q135646791,,Division 1 (bandy)
Grave of Dufourmantelle,1996–97 French Division 1,Q1231091,18,0,2,59th season of French Division 1,1996-97 French Division 1|Division 1,Q27020041,,1996–97 French Division 1
Grave of Dufourmantelle,Hockeyettan,Q1888469,18,0,2,third level of Swedish men's ice hockey,Division 1 i ishockey|Swedish Division 1,Q135641762|Q15991290,,Hockeyettan
Grave of Dufourmantelle,Swedish Women's Football Division 1,Q10474669,18,0,2,women's association football league in Sweden,Division 1 i fotboll för damer|Swedish Ladies Football Division 6,Q135641755,,Division 1 (Swedish women's football)
Grave of Dufourmantelle,Division 1,Q11320135,18,0,2,,,Q5398426,,
Grave of Dufourmantelle,Division 1,Q56751596,18,0,2,,,Q56477675,,
Grave of Dufourmantelle,20th arrondissement of Paris,Q210720,18,0,2,"municipal district of Paris, France",arrondissement of Paris|Ménilmontant,Q702842,,20th arrondissement of Paris
Père-Lachaise Cemetery - Division 1,Père-Lachaise Cemetery - Division 1,Q50064713,18,1,1,"cemetery division located in Paris, in France",,Q50064469,,
Père-Lachaise Cemetery - Division 1,Père-Lachaise Cemetery - Division 10,Q50065453,18,1,1,"cemetery division located in Paris, in France",,Q50064469,,
Père-Lachaise Cemetery - Division 1,Père-Lachaise Cemetery - Division 11,Q50065460,18,1,1,"cemetery division located in Paris, in France",,Q50064469,,
Père-Lachaise Cemetery - Division 1,Père-Lachaise Cemetery - Division 17,Q50065478,18,1,1,"cemetery division located in Paris, in France",,Q50064469,,
Père-Lachaise Cemetery - Division 1,Père-Lachaise Cemetery - Division 13,Q50065466,18,1,1,"cemetery division located in Paris, in France",,Q50064469,,
Père-Lachaise Cemetery - Division 1,Père-Lachaise Cemetery - Division 19,Q50065483,18,1,1,"cemetery division located in Paris, in France",,Q50064469,,
Père-Lachaise Cemetery - Division 1,Père-Lachaise Cemetery - Division 14,Q50065470,18,1,1,"cemetery division located in Paris, in France",,Q50064469,,
Père-Lachaise Cemetery - Division 1,Père-Lachaise Cemetery - Division 18,Q50065480,18,1,1,"cemetery division located in Paris, in France",,Q50064469,,
Père-Lachaise Cemetery - Division 1,Père-Lachaise Cemetery - Division 12,Q50065462,18,1,1,"cemetery division located in Paris, in France",,Q50064469,,
Père-Lachaise Cemetery - Division 1,Père-Lachaise Cemetery - Division 16,Q50065474,18,1,1,"cemetery division located in Paris, in France",,Q50064469,,
Père-Lachaise Cemetery - Division 1,Père Lachaise Cemetery,Q311,18,1,2,"cemetery in Paris, France",Cimetière du Père-Lachaise|Pere Lachaise|Pere Lachaise cemetery|Cimetiere du Pere-Lachaise|Père-Lachaise|Père Lachaise,Q39614,,Père Lachaise Cemetery
Père-Lachaise Cemetery - Division 1,Père-Lachaise Cemetery - Division 49,Q50065864,18,1,2,"cemetery division located in Paris, in France",,Q50064469,,
Père-Lachaise Cemetery - Division 1,Père-Lachaise Cemetery - Division 36,Q50065649,18,1,2,"cemetery division located in Paris, in France",,Q50064469,,
Père-Lachaise Cemetery - Division 1,Père-Lachaise Cemetery - Division 95,Q50066537,18,1,2,"cemetery division located in Paris, in France",,Q50064469,,
Père-Lachaise Cemetery - Division 1,Père-Lachaise Cemetery - Division 87,Q50066509,18,1,2,"cemetery division located in Paris, in France",,Q50064469,,
Père-Lachaise Cemetery - Division 1,Père-Lachaise Cemetery - Division 90,Q50066521,18,1,2,"cemetery division located in Paris, in France",,Q50064469,,
Père-Lachaise Cemetery - Division 1,Père-Lachaise Cemetery - Division 7,Q50065443,18,1,2,"cemetery division located in Paris, in France",,Q50064469,,
Père-Lachaise Cemetery - Division 1,Père-Lachaise Cemetery - Division 60,Q50066013,18,1,2,"cemetery division located in Paris, in France",,Q50064469,,
Père-Lachaise Cemetery - Division 1,NCAA Division I men's basketball,Q94861615,18,1,2,college sports league in the United States,NCAA University Division basketball|NCAA DI men's basketball|DI men's basketball|Division I men's basketball|NCAA men's basketball|D1 men's basketball|Division 1 men's basketball|college basketball|college men's basketball|men's college basketball|NCAA MBB|NCAA DI MBB|NCAABB|NCAAMBB|NCAA Division I basketball|Division I basketball|NCAA Division 1 basketball|Division 1 basketball,Q623109,,
Père-Lachaise Cemetery - Division 1,Ettan Fotboll,Q959186,18,1,2,association football league,Division 1,Q135641761,,Ettan Fotboll
Père-Lachaise Cemetery - Division 1,Gibraltar National League,Q1522963,18,1,2,professional association football league in Gibraltar,Premier Division|Division 1,Q15991303|Q623109,Q3270632,Gibraltar Football League
Père-Lachaise Cemetery - Division 1,Tom Clancy's The Division,Q13431312,18,1,2,2016 multi-genre video game developed by Ubisoft,The Division|Division|Division 1,Q7889,,Tom Clancy's The Division
Père-Lachaise Cemetery - Division 1,Division 1,Q5284424,18,1,2,men's bandy league in Sweden,,Q135646791,,Division 1 (bandy)
Père-Lachaise Cemetery - Division 1,1996–97 French Division 1,Q1231091,18,1,2,59th season of French Division 1,1996-97 French Division 1|Division 1,Q27020041,,1996–97 French Division 1
Père-Lachaise Cemetery - Division 1,Hockeyettan,Q1888469,18,1,2,third level of Swedish men's ice hockey,Division 1 i ishockey|Swedish Division 1,Q135641762|Q15991290,,Hockeyettan
Père-Lachaise Cemetery - Division 1,Swedish Women's Football Division 1,Q10474669,18,1,2,women's association football league in Sweden,Division 1 i fotboll för damer|Swedish Ladies Football Division 6,Q135641755,,Division 1 (Swedish women's football)
Père-Lachaise Cemetery - Division 1,Division 1,Q11320135,18,1,2,,,Q5398426,,
Père-Lachaise Cemetery - Division 1,Division 1,Q56751596,18,1,2,,,Q56477675,,
Père-Lachaise Cemetery - Division 1,Dufourmantelle,Q94087580,18,1,2,family name,,Q101352,,
Père-Lachaise Cemetery - Division 1,"Dufourmantelle, Bruno",Q104049451,18,1,2,encyclopedia article,,Q13433827,,
Père-Lachaise Cemetery - Division 1,"Dufourmantelle, Jeanne",Q104049453,18,1,2,encyclopedia article,,Q13433827,,
Père-Lachaise Cemetery - Division 1,"Dufourmantelle, C. Félix",Q104049452,18,1,2,encyclopedia article,,Q13433827,,
Père-Lachaise Cemetery - Division 1,Grave of Dufourmantelle,Q112357315,18,1,2,"sepulchral chapel located in Paris, in France",,Q1424583,,
Père-Lachaise Cemetery - Division 1,20th arrondissement of Paris,Q210720,18,1,2,"municipal district of Paris, France",arrondissement of Paris|Ménilmontant,Q702842,,20th arrondissement of Paris
20th arrondissement of Paris,20th arrondissement of Paris,Q210720,18,2,1,"municipal district of Paris, France",arrondissement of Paris|Ménilmontant,Q702842,,20th arrondissement of Paris
