data,candidates,QID,row,columns,quality,description,aliases,P31,P279,sitelink
Edmonton,Edmonton,Q2096,0,0,1,"capital city of the province of Alberta, Canada","Edmonton, Alberta|Edmonton, AB|City of Edmonton",Q21507383|Q515|Q55440238|Q1549591,,Edmonton
Edmonton,Edmonton,Q1997321,0,0,1,"suburb of London, England","Edmonton, Middlesex|Edmonton, London|Edmonton All Saints",Q3957|Q2755753,,"Edmonton, London"
Edmonton,Edmonton,Q669416,0,0,1,"city in Kentucky, USA","Edmonton, Kentucky|Edmonton, KY",Q1093829,,"Edmonton, Kentucky"
Edmonton,Edmonton,Q1077346,0,0,1,"Parliamentary constituency in the United Kingdom, 1918-2024",,Q27971968,,Edmonton (constituency)
Edmonton,Edmonton Elks,Q1285835,0,0,1,Canadian Football League team,EE Football Team|Edmonton Eskimos|Edmonton Football Team,Q17271186,,Edmonton Elks
Edmonton,Edmonton Oilers,Q205973,0,0,1,National Hockey League team in Alberta,Alberta Oilers|Oilers,Q4498974,,Edmonton Oilers
Edmonton,96193 Edmonton,Q2712410,0,0,1,asteroid,Edmonton,Q3863,,96193 Edmonton
Edmonton,Edmontonia,Q245262,0,0,1,genus of Late Cretaceous ankylosaurs,,Q23038290,,Edmontonia
Edmonton,Edmonton,Q5338982,0,0,1,"suburb of Cairns, Queensland, Australia","Edmonton, Queensland|Edmonton, Queensland, Australia",Q188509,,"Edmonton, Queensland"
Edmonton,Edmonton,Q29019922,0,0,1,electrical substation,T129,Q174814,,
Edmonton,Edmonton Oilers Community Foundation,Q136389133,0,0,2,fundraiser for Edmonton community projects,EOCF,Q708676|Q163740,,
Edmonton,history of the Edmonton Oilers,Q5869354,0,0,2,aspect of history,the Edmonton Oilers history|Edmonton Oilers history,Q17524420,,History of the Edmonton Oilers
Edmonton,"Edmonton Oilers at Seattle Kraken (March 18, 2023)",Q128996980,0,0,2,,,Q18918137,,
Edmonton,"Edmonton Oilers at Washington Capitals (January 20, 2015)",Q123689259,0,0,2,,,Q18918137,,
Edmonton,"Edmonton Oilers at Los Angeles Kings (December 3, 2007)",Q123988455,0,0,2,,,Q18918137,,
Edmonton,"Edmonton Oilers prospects at Calgary Flames prospects (September 10, 2019)",Q123988456,0,0,2,,,Q18918137,,
Edmonton,"Edmonton Oilers at Washington Capitals (February 2, 2022)",Q123688754,0,0,2,,,Q18918137,,
Edmonton,"Edmonton Oilers at Seattle Kraken (October 2, 2024 pre-season game)",Q136214911,0,0,2,,,Q18918137,,
Edmonton,"Edmonton Oilers Rookies vs. University of Alberta Sep 17, 2014 game",Q123689262,0,0,2,,,Q18918137,,
Edmonton,Edmonton Valley Zoo,Q5339105,0,0,2,"zoo in Alberta, Canada",Valley Zoo,Q43501,,Edmonton Valley Zoo
London Borough of Enfield,London Borough of Enfield,Q210531,0,1,1,borough in the London Region in England,Enfield|Borough of Enfield|Enfield (unparished area),Q211690|Q7897276,,London Borough of Enfield
London Borough of Enfield,coat of arms of the London Borough of Enfield,Q16991773,0,1,1,,the London Borough of Enfield coat of arms|London Borough of Enfield coat of arms,Q14659,,Coat of arms of the London Borough of Enfield
London Borough of Enfield,Edmonton,Q2096,0,1,2,"capital city of the province of Alberta, Canada","Edmonton, Alberta|Edmonton, AB|City of Edmonton",Q21507383|Q515|Q55440238|Q1549591,,Edmonton
London Borough of Enfield,Edmonton,Q1997321,0,1,2,"suburb of London, England","Edmonton, Middlesex|Edmonton, London|Edmonton All Saints",Q3957|Q2755753,,"Edmonton, London"
London Borough of Enfield,Edmonton,Q669416,0,1,2,"city in Kentucky, USA","Edmonton, Kentucky|Edmonton, KY",Q1093829,,"Edmonton, Kentucky"
London Borough of Enfield,Edmonton,Q1077346,0,1,2,"Parliamentary constituency in the United Kingdom, 1918-2024",,Q27971968,,Edmonton (constituency)
London Borough of Enfield,Edmonton Elks,Q1285835,0,1,2,Canadian Football League team,EE Football Team|Edmonton Eskimos|Edmonton Football Team,Q17271186,,Edmonton Elks
London Borough of Enfield,Edmonton Oilers,Q205973,0,1,2,National Hockey League team in Alberta,Alberta Oilers|Oilers,Q4498974,,Edmonton Oilers
London Borough of Enfield,96193 Edmonton,Q2712410,0,1,2,asteroid,Edmonton,Q3863,,96193 Edmonton
London Borough of Enfield,Edmontonia,Q245262,0,1,2,genus of Late Cretaceous ankylosaurs,,Q23038290,,Edmontonia
London Borough of Enfield,Edmonton,Q5338982,0,1,2,"suburb of Cairns, Queensland, Australia","Edmonton, Queensland|Edmonton, Queensland, Australia",Q188509,,"Edmonton, Queensland"
London Borough of Enfield,Edmonton,Q29019922,0,1,2,electrical substation,T129,Q174814,,
London Borough of Enfield,Enfield,Q544939,0,1,2,"town and historic centre of the London Borough of Enfield, England","Enfield Town|Enfield, London",Q3957|Q2755753|Q18511725,,"Enfield, London"
London Borough of Enfield,Enfield,Q16869823,0,1,2,family name,,Q101352,,Enfield (surname)
London Borough of Enfield,Enfield,Q5377286,0,1,2,"Parliamentary constituency in the United Kingdom, 1885-1950",,Q27971968,,Enfield (constituency)
London Borough of Enfield,Enfield,Q392078,0,1,2,"town in Leinster, Ireland","Enfield, County Meath",Q486972,,"Enfield, County Meath"
London Borough of Enfield,Enfield F.C.,Q19654407,0,1,2,"association football club in Hertford, England",Enfield Football Club|Enfield FC|Enfield|EFC|The E's,Q476028,,Enfield F.C.
London Borough of Enfield,Enfield 1893 F.C.,Q4118587,0,1,2,"association football club, formed in June 2007",Enfield,Q476028,,
London Borough of Enfield,Enfield,Q5355377,0,1,2,state electoral district of South Australia,Electoral district of Enfield,Q5356185,,Electoral district of Enfield
London Borough of Enfield,Enfield,Q2323139,0,1,2,"town in Hartford County, Connecticut, United States","Enfield, Connecticut|Enfield, CT",Q2154459,,"Enfield, Connecticut"
London Borough of Enfield,Enfield,Q2276245,0,1,2,"town in Grafton County, New Hampshire, United States","Enfield, New Hampshire|Enfield N.H.|Enfield NH|Enfield, NH",Q15127012,,"Enfield, New Hampshire"
Beeston,Beeston,Q1791022,1,0,1,"village and civil parish in Cheshire West, Cheshire, UK","Beeston, Cheshire",Q532|Q1115575,,"Beeston, Cheshire"
Beeston,Beeston,Q16479872,1,0,1,family name,Beeston (surname),Q101352,,Beeston (surname)
Beeston,Beeston,Q814121,1,0,1,"town in Nottinghamshire, England","Beeston, Nottinghamshire",Q3957|Q7897276|Q18511725,,"Beeston, Nottinghamshire"
Beeston,Beeston,Q2162582,1,0,1,"suburb of Leeds, West Yorkshire",,Q188509,,"Beeston, Leeds"
Beeston,Beeston,Q4880135,1,0,1,"Parliamentary constituency in the United Kingdom, 1974-1983",,Q27971968,,Beeston (constituency)
Beeston,Beeston with Bittering,Q1992176,1,0,1,"civil parish in Norfolk, England","Beeston with Bittering, Norfolk",Q1115575,,Beeston with Bittering
Beeston,Beeston,Q24664201,1,0,1,Wikimedia duplicated page,,Q17362920,,
Beeston,Beeston,Q304034,1,0,1,"village in Bedfordshire, United Kingdom",,Q532,,"Beeston, Bedfordshire"
Beeston,Beeston,Q4880136,1,0,1,"village in Norfolk, UK","Beeston, Norfolk",Q532,,"Beeston, Norfolk"
Beeston,Beeston St Andrew,Q4880149,1,0,1,"civil parish in Norfolk, England, UK","Beeston St Andrew, Norfolk",Q1115575,,Beeston St Andrew
Beeston,Beeston and Stapleford Urban District,Q497204,1,0,2,"former local government district in Nottinghamshire, United Kingdom",Beeston and Stapleford,Q374614,,Beeston and Stapleford Urban District
Beeston,Beeston,Q1791022,1,1,1,"village and civil parish in Cheshire West, Cheshire, UK","Beeston, Cheshire",Q532|Q1115575,,"Beeston, Cheshire"
Beeston,Beeston,Q16479872,1,1,1,family name,Beeston (surname),Q101352,,Beeston (surname)
Beeston,Beeston,Q814121,1,1,1,"town in Nottinghamshire, England","Beeston, Nottinghamshire",Q3957|Q7897276|Q18511725,,"Beeston, Nottinghamshire"
Beeston,Beeston,Q2162582,1,1,1,"suburb of Leeds, West Yorkshire",,Q188509,,"Beeston, Leeds"
Beeston,Beeston,Q4880135,1,1,1,"Parliamentary constituency in the United Kingdom, 1974-1983",,Q27971968,,Beeston (constituency)
Beeston,Beeston with Bittering,Q1992176,1,1,1,"civil parish in Norfolk, England","Beeston with Bittering, Norfolk",Q1115575,,Beeston with Bittering
Beeston,Beeston,Q24664201,1,1,1,Wikimedia duplicated page,,Q17362920,,
Beeston,Beeston,Q304034,1,1,1,"village in Bedfordshire, United Kingdom",,Q532,,"Beeston, Bedfordshire"
Beeston,Beeston,Q4880136,1,1,1,"village in Norfolk, UK","Beeston, Norfolk",Q532,,"Beeston, Norfolk"
Beeston,Beeston St Andrew,Q4880149,1,1,1,"civil parish in Norfolk, England, UK","Beeston St Andrew, Norfolk",Q1115575,,Beeston St Andrew
Beeston,Beeston and Stapleford Urban District,Q497204,1,1,2,"former local government district in Nottinghamshire, United Kingdom",Beeston and Stapleford,Q374614,,Beeston and Stapleford Urban District
East Cork,East Cork,Q5328168,2,0,1,"Parliamentary constituency in the United Kingdom, 1885-1922",,Q27971968,,East Cork (UK Parliament constituency)
East Cork,East Cork,Q54945234,2,0,1,Local Electoral Area in the Republic of Ireland,,Q54932992,,
East Cork,East Cork,Q54376694,2,0,1,"municipal district in county Cork, Ireland",,Q6664352,,
East Cork,East Cork,Q17576914,2,0,1,Praeger vice-county,H5,Q7925010,,
East Cork,East Cork,Q5328166,2,0,1,"locality in County Cork, Ireland",,Q702492,,East Cork
East Cork,1911 East Cork by-election,Q16834261,2,0,1,UK Parliamentary by-election,"East Cork by-election, 1911",Q7864918,,1911 East Cork by-election
East Cork,East Cork Junior A Hurling Championship,Q48802522,2,0,1,,,Q1079023,,East Cork Junior A Hurling Championship
East Cork,East Cork Early Music Festival,Q16836367,2,0,1,Irish arts festival,,Q868557,,East Cork Early Music Festival
East Cork,East Cork Junior A Football Championship,Q48792871,2,0,1,,,Q18608583,,East Cork Junior A Football Championship
East Cork,Cork East,Q16951667,2,0,2,Dáil Éireann constituency (1981-),,Q28007428,,Cork East (Dáil constituency)
East Cork,Cork East and North East,Q5170780,2,0,2,former Dáil Éireann constituency (1921-1923),,Q28007428,,Cork East and North East
East Cork,Cork East,Q2017536,2,0,2,Wikimedia disambiguation page,,Q4167410,,Cork East
Ireland,Ireland,Q27,2,1,1,country in Northwestern Europe,Republic of Ireland|Southern Ireland|Irish Republic,Q3624078|Q112099|Q6256|Q127693126,,Republic of Ireland
Ireland,Ireland,Q22890,2,1,1,island in the North Atlantic Ocean,Airlan|Irland|Irlanda|Irlandia|Auld Sod|Irlande|Airlann|Mikra Britannia|Ireland (island)|Éire|Banba|Fódhla|Emerald Isle|Erin|Britannia Minor|Ivernia|Ierne|Island of Saints|Hibernia|Island of Ireland|isle of Ireland|Eire|Scotia Major,Q23442|Q3502482,,Ireland
Ireland,Kingdom of Ireland,Q215530,2,1,1,kingdom on the island of Ireland between 1542 and 1801,Ireland,Q3024240|Q3624078|Q417175,,Kingdom of Ireland
Ireland,Ireland,Q57695350,2,1,1,part of the United Kingdom (1801–1922),,Q3336843|Q19953632,,British Ireland (1801-1921)
Ireland,Ireland,Q28199768,2,1,1,family name,,Q101352,,Ireland (surname)
Ireland,Samuel Ireland,Q7411777,2,1,1,British author and engraver,"Samuel, I Ireland|Samuel I Ireland|Ireld|Irld|Ireland",Q5,,Samuel Ireland
Ireland,Ireland,Q140145075,2,1,1,book chapter in Gendered Electoral Financing (2019),,Q1980247,,
Ireland,Ireland,Q123408851,2,1,1,badminton player,,Q5,,
Ireland,Ireland,Q139727919,2,1,1,,,Q571,,
Ireland,Republic of Ireland men's national association football team,Q163547,2,1,1,men's national football team representing the Republic of Ireland,Ireland National Football Team|Republic of Ireland national football team|Republic of Ireland national association football team|Republic of Ireland men's national football team,Q135408445,Q1194951,Republic of Ireland national football team
Ireland,East Cork,Q5328168,2,1,2,"Parliamentary constituency in the United Kingdom, 1885-1922",,Q27971968,,East Cork (UK Parliament constituency)
Ireland,East Cork,Q54945234,2,1,2,Local Electoral Area in the Republic of Ireland,,Q54932992,,
Ireland,East Cork,Q54376694,2,1,2,"municipal district in county Cork, Ireland",,Q6664352,,
Ireland,East Cork,Q17576914,2,1,2,Praeger vice-county,H5,Q7925010,,
Ireland,East Cork,Q5328166,2,1,2,"locality in County Cork, Ireland",,Q702492,,East Cork
Ireland,1911 East Cork by-election,Q16834261,2,1,2,UK Parliamentary by-election,"East Cork by-election, 1911",Q7864918,,1911 East Cork by-election
Ireland,East Cork Junior A Hurling Championship,Q48802522,2,1,2,,,Q1079023,,East Cork Junior A Hurling Championship
Ireland,East Cork Early Music Festival,Q16836367,2,1,2,Irish arts festival,,Q868557,,East Cork Early Music Festival
Ireland,East Cork Junior A Football Championship,Q48792871,2,1,2,,,Q18608583,,East Cork Junior A Football Championship
Ireland,Oireachtas,Q129821,2,1,2,parliament of the Republic of Ireland,National Parliament of Ireland|parliament of Ireland|Irish Parliament|parliament of the Republic of Ireland|Republic of Ireland parliament,Q35749|Q189445,,Oireachtas
Ireland,Republic of Ireland national under-21 football team,Q1672798,2,1,2,national association football team,Republic of Ireland U21|Ireland U21,Q6979593,Q1194951,Republic of Ireland national under-21 football team
Ireland,Republic of Ireland national under-17 football team,Q3590338,2,1,2,"Irish national team football player, whose players are under 17 years",Republic of Ireland U17|Ireland U17,Q6979593,,Republic of Ireland national under-17 football team
Ireland,Republic of Ireland national under-20 football team,Q16841704,2,1,2,Selected team of Irish football player whose players are under 20,Republic of Ireland U20|Ireland U20,Q6979593,,
Ireland,Republic of Ireland women's national football team,Q1093046,2,1,2,women's national football team representing the Republic of Ireland,WNT Ireland,Q23905105,Q23905105|Q1194951,Republic of Ireland women's national football team
Ireland,Republic of Ireland national under-19 football team,Q9306853,2,1,2,national association football team,Republic of Ireland U19|Ireland U19,Q6979593,,Republic of Ireland national under-19 football team
Ireland,Republic of Ireland B national football team,Q4127955,2,1,2,Irish national football reserve team,,Q45053817,Q6979593,Republic of Ireland national football B team
Ireland,Republic of Ireland national under-23 football team,Q7314484,2,1,2,national association football team,,Q6979593,,Republic of Ireland national under-23 football team
Carmarthen,Carmarthen,Q835835,3,0,1,"county town and community in Carmarthenshire, Wales",Caerfyrddin,Q18511725|Q2630741,,Carmarthen
Carmarthen,Carmarthenshire,Q217840,3,0,1,principal area in south-west Wales,Sir Gaerfyrddin|Sir Gâr|Carms|County of Carmarthenshire|Carmarthenshire County|Sir Gar,Q15979307,,Carmarthenshire
Carmarthen,Carmarthenshire,Q67287054,3,0,1,historic county of Wales,County of Carmarthen|Sir Gaerfyrddin,Q1857731|Q67376938,,
Carmarthen,Carmarthen,Q672693,3,0,1,"Parliamentary constituency in the United Kingdom, 1801-1997",Caerfyrddin|Carmarthen Boroughs,Q27971968,,
Carmarthen,Carmarthen,Q60576221,3,0,1,Constituency of the Parliament of England (to 1707),,Q27990982,,
Carmarthen,Carmarthen,Q110216391,3,0,1,Welsh parish,Carmarthen (St Peter),Q102496,,
Carmarthen,Carmarthen,Q24256032,3,0,1,print,,Q11060274,,
Carmarthen,Carmarthen,Q24666742,3,0,1,,,,,
Carmarthen,Carmarthen,Q24256051,3,0,1,landscape print,,Q11060274,,
Carmarthen,Carmarthen Town A.F.C.,Q856468,3,0,1,association football club,Carmarthen Town AFC,Q476028,,Carmarthen Town A.F.C.
Carmarthen,Carmarthen Castle,Q14906524,3,0,2,"Grade I listed castle in Carmarthen, Wales, UK",,Q23413|Q839954,,Carmarthen Castle
Carmarthen,"Carmarthen Castle : the archaeology of government : the results of archaeological, historical and architectural investigation, 1993-2006",Q56816409,3,0,2,book; published in 2014,Carmarthen Castle: The Archaeology of Government,Q3331189,,
Carmarthen,Carmarthen Castle: a Collection of Historical Documents Relating to Carmarthen Castle from the Earliest Times to the Close of the Reign of Henry VIII,Q107745402,3,0,2,chapter published in 1913,,Q21481766,,
Carmarthen,"Carmarthen Castle : the archaeology of government : the results of archaeological, historical and architectural investigation, 1993-2006",Q60422364,3,0,2,book by Neil Ludlow,,Q7725634,,
Carmarthen,Carmarthen castle and town engraving,Q77434437,3,0,2,image from a set of 8 extra-illustrated volumes of A tour in Wales by Thomas Pennant,,Q11060274,,
Carmarthen,Carmarthen Castle: The Archaeology of Government,Q136127641,3,0,2,book 2014,,Q3331189,,
Wales,Wales,Q25,3,1,1,"constituent nation of the sovereign country of the United Kingdom, in north-west Europe",,Q3336843|Q6266|Q3455524|Q6256|Q3337001,,Wales
Wales,Wales,Q16944475,3,1,1,family name,Wales (family name),Q101352,,Wales (surname)
Wales,Wales,Q25340756,3,1,1,"civil parish in Rotherham, South Yorkshire, England","Wales (parish)|Wales (civil parish), Rotherham|Wales, Rotherham|Wales, South Yorkshire",Q1115575,,
Wales,Wales,Q2113023,3,1,1,"village and civil parish in South Yorkshire, UK","Wales, South Yorkshire",Q532|Q1115575,,"Wales, South Yorkshire"
Wales,Wales,Q20136480,3,1,1,unisex given name,Wales (first name)|Wales (given name),Q3409032,,
Wales,Welsh,Q9309,3,1,1,Brittonic language spoken natively in Wales,Welsh language|Cymric|Cambric|Cambrian|y Gymraeg|British|Cymric language|Cambric language|Cambrian language|British language,Q33742|Q1288568,Q156877|Q593069,Welsh language
Wales,Wales,Q7961747,3,1,1,constituency of the European Parliament,,Q2631496,,Wales (European Parliament constituency)
Wales,Wales men's national association football team,Q180857,3,1,1,men's association football team representing Wales,Tîm pêl-droed cenedlaethol Cymru|Wales national soccer team|Wales national team|Wales national football team|Dragons|Wales national association football team|Wales men's national football team,Q135408445,Q1194951,Wales national football team
Wales,Wales national rugby union team,Q822877,3,1,1,men’s rugby union team representing Wales,Wales rugby union team|Wales national rugby union|Wales rugby union|Wales national rugby|Wales Rugby,Q58840819,,Wales national rugby union team
Wales,Wales,Q482546,3,1,1,"town in Sanpete County, Utah, United States","Wales, Utah|Wales, UT|Coal Bed|Coalville",Q15127012,,"Wales, Utah"
Thurrock,Thurrock,Q1549155,4,0,1,"unitary authority area with borough status in Essex, England, UK",Thurrock (unparished area)|Thurrock (parish),Q1136601|Q1006876|Q7897276|Q1115575|Q1187580,,Thurrock
Thurrock,Thurrock,Q987872,4,0,1,"Parliamentary constituency in the United Kingdom, 1945 onwards",,Q27971968,,Thurrock (constituency)
Thurrock,Thurrock F.C.,Q4384426,4,0,1,association football club in England,Thurrock Football Club,Q476028,,Thurrock F.C.
Thurrock,Thurrock Council election,Q7799385,4,0,1,"local government elections in Essex, England",Thurrock Borough Council election,Q107359024,Q107358924|Q107637253,Thurrock Council elections
Thurrock,Thurrock Council,Q1646552,4,0,1,local authority in England,Thurrock Borough Council,Q21561328|Q21561306,,Thurrock Council
Thurrock,1976 Thurrock by-election,Q7799383,4,0,1,1976 UK Parliamentary by-election,"Thurrock by-election, 1976",Q7864918,,1976 Thurrock by-election
Thurrock,Thurrock Borough Council Act 1974,Q110283578,4,0,1,Local Act of Parliament of the United Kingdom,"1974 c. xxv|1974 c xxv|Thurrock Borough Council Act, 1974",Q100165600,,
Thurrock,Thurrock services,Q7799386,4,0,1,"M25 motorway services in Essex, UK",,Q15411381,,Thurrock services
Thurrock,Thurrock Independents,Q47508601,4,0,1,minor political party in the UK,,Q7278,,Thurrock Independents
Thurrock,Thurrock Thameside Nature Park,Q16901646,4,0,1,Essex Wildlife Trust Nature reserve,,Q179049,,Thurrock Thameside Nature Park
Thurrock,2002 Thurrock Council election,Q7799373,4,0,2,2002 UK local government election,"Thurrock Council election, 2002",Q7799385,,2002 Thurrock Council election
Thurrock,2015 Thurrock Council election,Q20647827,4,0,2,2015 UK local government election,,Q7799385,,2015 Thurrock Council election
East of England,East of England,Q48006,4,1,1,region of England,East England|Eastern|East,Q48091|Q6955655,,East of England
East of England,East of England,Q5329755,4,1,1,constituency of the European Parliament,,Q2631496,,East of England (European Parliament constituency)
East of England,East of England Ambulance Service,Q5329757,4,1,1,UK public sector provider of ambulance services in the Eastof England region (2006- ),East of England Ambulance Service NHS Trust,Q16986400,,East of England Ambulance Service
East of England,East of England Co-operative Society,Q5329759,4,1,1,British retail co-operative,East of England Co-op|East of England Co-operative|East of England Cooperative|East of England Coop|East of England Co-operative Society Limited,Q614084,,East of England Co-operative Society
East of England,East of England Agricultural Society,Q5329756,4,1,1,organization,,Q43229|Q708676,,East of England Agricultural Society
East of England,East of England Regional Select Committee,Q5329764,4,1,1,former select committee of the UK House of Commons,East of England Select Committee|East of England Committee|East of England Regional Grand Committee,Q105502388,,East of England Regional Select Committee
East of England,NHS East of England,Q24908993,4,1,1,historic NHS administrative body,East of England Strategic Health Authority,Q6954194,,NHS East of England
East of England,East of England Local Government Association,Q5329761,4,1,1,UK government agency,EELGA,Q327333,,East of England Local Government Association
East of England,East of England Women's County Championship,Q106808352,4,1,1,English women's cricket competition,,Q18608583,,East of England Women's County Championship
East of England,East of England Showground,Q110064435,4,1,1,"venue in Peterborough, Cambridgeshire, England",,Q113383503,,East of England Showground
East of England,Thurrock,Q1549155,4,1,2,"unitary authority area with borough status in Essex, England, UK",Thurrock (unparished area)|Thurrock (parish),Q1136601|Q1006876|Q7897276|Q1115575|Q1187580,,Thurrock
East of England,Thurrock,Q987872,4,1,2,"Parliamentary constituency in the United Kingdom, 1945 onwards",,Q27971968,,Thurrock (constituency)
East of England,Thurrock F.C.,Q4384426,4,1,2,association football club in England,Thurrock Football Club,Q476028,,Thurrock F.C.
East of England,Thurrock Council election,Q7799385,4,1,2,"local government elections in Essex, England",Thurrock Borough Council election,Q107359024,Q107358924|Q107637253,Thurrock Council elections
East of England,Thurrock Council,Q1646552,4,1,2,local authority in England,Thurrock Borough Council,Q21561328|Q21561306,,Thurrock Council
East of England,1976 Thurrock by-election,Q7799383,4,1,2,1976 UK Parliamentary by-election,"Thurrock by-election, 1976",Q7864918,,1976 Thurrock by-election
East of England,Thurrock Borough Council Act 1974,Q110283578,4,1,2,Local Act of Parliament of the United Kingdom,"1974 c. xxv|1974 c xxv|Thurrock Borough Council Act, 1974",Q100165600,,
East of England,Thurrock services,Q7799386,4,1,2,"M25 motorway services in Essex, UK",,Q15411381,,Thurrock services
East of England,Thurrock Independents,Q47508601,4,1,2,minor political party in the UK,,Q7278,,Thurrock Independents
East of England,Thurrock Thameside Nature Park,Q16901646,4,1,2,Essex Wildlife Trust Nature reserve,,Q179049,,Thurrock Thameside Nature Park
Broxbourne,Broxbourne,Q894078,5,0,1,"local government district with borough status in Hertfordshire, England",Borough of Broxbourne|Broxbourne (unparished area),Q1187580|Q1006876|Q7897276,,Borough of Broxbourne
Broxbourne,Broxbourne,Q19791,5,0,1,"town in Hertfordshire, England",,Q3957|Q1115575,,Broxbourne
Broxbourne,Broxbourne,Q3231585,5,0,1,"Parliamentary constituency in the United Kingdom, 1983 onwards",,Q27971968,,Broxbourne (constituency)
Broxbourne,Broxbourne railway station,Q2968226,5,0,1,"Grade II listed railway station in Hertfordshire, England, UK",Broxbourne Station|BXB,Q55488,,Broxbourne railway station
Broxbourne,Broxbourne Borough Council election,Q16985514,5,0,1,class of election in the United Kingdom,,Q107359024,Q107358924,Broxbourne Borough Council elections
Broxbourne,Broxbourne Borough Council,Q4976877,5,0,1,UK non-metropolitan district council,,Q21561306,,Broxbourne Borough Council
Broxbourne,Hertfordshire Zoo,Q7134390,5,0,1,"zoo in Hertfordshire, United Kingdom",Broxbourne Zoo,Q43501,,Hertfordshire Zoo
Broxbourne,Broxbourne Borough F.C.,Q4976880,5,0,1,"Semi professional football club in Hertfordshire, England",,Q476028,,F.C. Broxbourne Borough
Broxbourne,Broxbourne Mill Stream,Q4976918,5,0,1,river in the United Kingdom,,Q4022,,Broxbourne Mill Stream
Broxbourne,1996 Broxbourne Borough Council election,Q16954172,5,0,1,UK local authority election,"Broxbourne Council election, 1996",Q16985514,,1996 Broxbourne Borough Council election
Broxbourne,1995 Broxbourne Borough Council election,Q4976901,5,0,2,1995 UK local government election,"Broxbourne Council election, 1995",Q16985514,,1995 Broxbourne Borough Council election
Broxbourne,1990 Broxbourne Borough Council election,Q4976894,5,0,2,1990 UK local government election,"Broxbourne Council election, 1990",Q16985514,,1990 Broxbourne Borough Council election
Broxbourne,1986 Broxbourne Borough Council election,Q4976891,5,0,2,1986 UK local government election,"Broxbourne Council election, 1986",Q16985514,,1986 Broxbourne Borough Council election
Broxbourne,1979 Broxbourne Borough Council election,Q4976884,5,0,2,1979 UK local government election,"Broxbourne Council election, 1979",Q16985514,,1979 Broxbourne Borough Council election
Broxbourne,1983 Broxbourne Borough Council election,Q4976889,5,0,2,"1983 election in Broxbourne, England","Broxbourne Council election, 1983",Q16985514,,1983 Broxbourne Borough Council election
Broxbourne,2003 Broxbourne Borough Council election,Q4976907,5,0,2,2003 UK local government election,"Broxbourne Council election, 2003",Q16985514,,2003 Broxbourne Borough Council election
Broxbourne,1982 Broxbourne Borough Council election,Q4976888,5,0,2,local government election,"Broxbourne Council election, 1982",Q16985514,,1982 Broxbourne Borough Council election
Broxbourne,1984 Broxbourne Borough Council election,Q4976890,5,0,2,1984 UK local government election,"Broxbourne Council election, 1984",Q16985514,,1984 Broxbourne Borough Council election
Broxbourne,1994 Broxbourne Borough Council election,Q4976899,5,0,2,1994 UK local government election,"Broxbourne Council election, 1994",Q16985514,,1994 Broxbourne Borough Council election
East of England,East of England,Q48006,5,1,1,region of England,East England|Eastern|East,Q48091|Q6955655,,East of England
East of England,East of England,Q5329755,5,1,1,constituency of the European Parliament,,Q2631496,,East of England (European Parliament constituency)
East of England,East of England Ambulance Service,Q5329757,5,1,1,UK public sector provider of ambulance services in the Eastof England region (2006- ),East of England Ambulance Service NHS Trust,Q16986400,,East of England Ambulance Service
East of England,East of England Co-operative Society,Q5329759,5,1,1,British retail co-operative,East of England Co-op|East of England Co-operative|East of England Cooperative|East of England Coop|East of England Co-operative Society Limited,Q614084,,East of England Co-operative Society
East of England,East of England Agricultural Society,Q5329756,5,1,1,organization,,Q43229|Q708676,,East of England Agricultural Society
East of England,East of England Regional Select Committee,Q5329764,5,1,1,former select committee of the UK House of Commons,East of England Select Committee|East of England Committee|East of England Regional Grand Committee,Q105502388,,East of England Regional Select Committee
East of England,NHS East of England,Q24908993,5,1,1,historic NHS administrative body,East of England Strategic Health Authority,Q6954194,,NHS East of England
East of England,East of England Local Government Association,Q5329761,5,1,1,UK government agency,EELGA,Q327333,,East of England Local Government Association
East of England,East of England Women's County Championship,Q106808352,5,1,1,English women's cricket competition,,Q18608583,,East of England Women's County Championship
East of England,East of England Showground,Q110064435,5,1,1,"venue in Peterborough, Cambridgeshire, England",,Q113383503,,East of England Showground
East of England,Broxbourne,Q894078,5,1,2,"local government district with borough status in Hertfordshire, England",Borough of Broxbourne|Broxbourne (unparished area),Q1187580|Q1006876|Q7897276,,Borough of Broxbourne
East of England,Broxbourne,Q19791,5,1,2,"town in Hertfordshire, England",,Q3957|Q1115575,,Broxbourne
East of England,Broxbourne,Q3231585,5,1,2,"Parliamentary constituency in the United Kingdom, 1983 onwards",,Q27971968,,Broxbourne (constituency)
East of England,Broxbourne railway station,Q2968226,5,1,2,"Grade II listed railway station in Hertfordshire, England, UK",Broxbourne Station|BXB,Q55488,,Broxbourne railway station
East of England,Broxbourne Borough Council election,Q16985514,5,1,2,class of election in the United Kingdom,,Q107359024,Q107358924,Broxbourne Borough Council elections
East of England,Broxbourne Borough Council,Q4976877,5,1,2,UK non-metropolitan district council,,Q21561306,,Broxbourne Borough Council
East of England,Hertfordshire Zoo,Q7134390,5,1,2,"zoo in Hertfordshire, United Kingdom",Broxbourne Zoo,Q43501,,Hertfordshire Zoo
East of England,Broxbourne Borough F.C.,Q4976880,5,1,2,"Semi professional football club in Hertfordshire, England",,Q476028,,F.C. Broxbourne Borough
East of England,Broxbourne Mill Stream,Q4976918,5,1,2,river in the United Kingdom,,Q4022,,Broxbourne Mill Stream
East of England,1996 Broxbourne Borough Council election,Q16954172,5,1,2,UK local authority election,"Broxbourne Council election, 1996",Q16985514,,1996 Broxbourne Borough Council election
East of England,Strategic authority mayor,Q140312356,5,1,2,directly elected leaders of strategic authorities in England,Regional mayor|Metro mayor|Combined authority mayor|Combined county authority mayor|English regional mayor,,Q294414|Q5280485,Strategic authority mayor
East of England,English regionalism through the looking glass: perspectives on the English Question from the North-East and Cornwall,Q58343373,5,1,2,,,Q13442814,,
East of England,English regional government. A devolution revolution?,Q77843160,5,1,2,scientific article published on 01 April 1999,,Q13442814,,
South Antrim,South Antrim,Q7565994,6,0,1,constituency of the Northern Ireland Assembly,,Q19802341,,South Antrim (Assembly constituency)
South Antrim,South Antrim,Q751699,6,0,1,"Parliamentary constituency in the United Kingdom, 1950 onwards",,Q27971968,,South Antrim (UK Parliament constituency)
South Antrim,South Antrim,Q7565995,6,0,1,constituency of the Parliament of Northern Ireland,,Q7058519,,South Antrim (Northern Ireland Parliament constituency)
South Antrim,2000 South Antrim by-election,Q7565997,6,0,1,2000 UK Parliamentary by-election,"South Antrim by-election, 2000",Q7864918,,2000 South Antrim by-election
South Antrim,1986 South Antrim by-election,Q20979171,6,0,1,UK Parliamentary by-election,"South Antrim by-election, 1986",Q7864918,,1986 South Antrim by-election
South Antrim,1903 South Antrim by-election,Q22083760,6,0,1,UK parliamentary by-election,"South Antrim by-election, 1903",Q1057954,,1903 South Antrim by-election
South Antrim,South Antrim,Q7565993,6,0,1,Wikimedia disambiguation page,,Q4167410,,South Antrim
South Antrim,Antrim,Q609235,6,0,2,"town on the shore of Lough Neagh, in the baronies of Toome Upper and Toome Lower, Co. Antrim, in the northeast of Northern Ireland","Antrim, County Antrim",Q3957,,"Antrim, County Antrim"
South Antrim,County Antrim,Q189592,6,0,2,county of Northern Ireland,Antrim|Co Antrim|Co. Antrim|Aontroim,Q1317848|Q67376938,,County Antrim
South Antrim,Antrim,Q37034190,6,0,2,family name,,Q101352,,
South Antrim,Antrim,Q111173802,6,0,2,given name,,Q202444,,
South Antrim,Antrim,Q130733977,6,0,2,"town and parish in Co. Antrim, Northern Ireland",,Q3957|Q1115575,,
South Antrim,Antrim,Q2076351,6,0,2,"human settlement in Hillsborough County, New Hampshire, United States of America","Antrim, New Hampshire|Antrim N.H.|Antrim NH|Antrim, NH",Q15127012,,"Antrim, New Hampshire"
South Antrim,Antrim,Q609214,6,0,2,former local government district in Northern Ireland,Antrim Borough Council,Q21497886,,Antrim (borough)
South Antrim,Antrim,Q43021273,6,0,2,"Parliamentary constituency in the United Kingdom, 1802-1885",,Q27971968,,
South Antrim,Antrim,Q4777327,6,0,2,"Parliamentary constituency in the United Kingdom, 1922-1950",,Q27971968,,Antrim (UK Parliament constituency)
South Antrim,Antrim,Q4777326,6,0,2,"unincorporated community in Tioga County, Pennsylvania","Antrim, Pennsylvania|Antrim, PA",Q17343829,,"Antrim, Pennsylvania"
South Antrim,Northern Ireland,Q26,6,0,2,part of the United Kingdom situated on the island of Ireland,NIR|UKN|North Ireland|N. Ireland|NI|The North|Tuaisceart Éireann|The Six Counties,Q3336843|Q26934845|Q1151616|Q6256,,Northern Ireland
South Antrim,Northern Ireland men's national association football team,Q190978,6,0,2,men's national association football team representing Northern Ireland,Northern Ireland|Northern Ireland national football team|Northern Ireland national soccer team|Northern Ireland national association football team|Northern Ireland men's national football team,Q135408445,Q1194951,Northern Ireland national football team
South Antrim,statutory rules of Northern Ireland,Q7604693,6,0,2,secondary legislation in Northern Ireland,NISR|Northern Ireland statutory rules,Q110430875,Q2795484,Statutory rules of Northern Ireland
South Antrim,Northern Ireland,Q7058448,6,0,2,constituency of the European Parliament,,Q2631496,,Northern Ireland (European Parliament constituency)
South Antrim,Northern Ireland,Q139721508,6,0,2,,,Q571,,
South Antrim,Northern Ireland,Q139729788,6,0,2,,,Q571,,
South Antrim,Northern Ireland,Q139684288,6,0,2,,,Q571,,
South Antrim,Northern Ireland Department of Education schools list,Q105400764,6,0,2,list maintained by the Northern Ireland Department of Education of NI schools,,Q2352616,,
South Antrim,Northern Ireland,Q57196736,6,0,2,DAB multiplex,Northern Ireland DAB|Bauer Northern Ireland,Q5204199,,
South Antrim,The Troubles,Q815436,6,0,2,1960s–1990s conflict in Northern Ireland,Northern Ireland conflict|Conflict in Ireland|Conflict in Northern Ireland|Troubles|Northern Irish Troubles|Northern Ireland Troubles,Q3774758|Q766875,,The Troubles
South Antrim,County Antrim Yacht Club,Q5177604,6,0,2,UK yacht club,,Q1855011,,County Antrim Yacht Club
South Antrim,County Antrim Shield,Q5177603,6,0,2,football tournament,,Q13406554,,County Antrim Shield
South Antrim,County Antrim FA,Q5177602,6,0,2,regional football association within Northern Ireland,County Antrim & District Football Association|North East Ulster Football Association|Co. Antrim FA,Q1478443,,County Antrim & District F.A.
Northern Ireland,Northern Ireland,Q26,6,1,1,part of the United Kingdom situated on the island of Ireland,NIR|UKN|North Ireland|N. Ireland|NI|The North|Tuaisceart Éireann|The Six Counties,Q3336843|Q26934845|Q1151616|Q6256,,Northern Ireland
Northern Ireland,Northern Ireland men's national association football team,Q190978,6,1,1,men's national association football team representing Northern Ireland,Northern Ireland|Northern Ireland national football team|Northern Ireland national soccer team|Northern Ireland national association football team|Northern Ireland men's national football team,Q135408445,Q1194951,Northern Ireland national football team
Northern Ireland,statutory rules of Northern Ireland,Q7604693,6,1,1,secondary legislation in Northern Ireland,NISR|Northern Ireland statutory rules,Q110430875,Q2795484,Statutory rules of Northern Ireland
Northern Ireland,Northern Ireland,Q7058448,6,1,1,constituency of the European Parliament,,Q2631496,,Northern Ireland (European Parliament constituency)
Northern Ireland,Northern Ireland,Q139721508,6,1,1,,,Q571,,
Northern Ireland,Northern Ireland,Q139729788,6,1,1,,,Q571,,
Northern Ireland,Northern Ireland,Q139684288,6,1,1,,,Q571,,
Northern Ireland,Northern Ireland Department of Education schools list,Q105400764,6,1,1,list maintained by the Northern Ireland Department of Education of NI schools,,Q2352616,,
Northern Ireland,Northern Ireland,Q57196736,6,1,1,DAB multiplex,Northern Ireland DAB|Bauer Northern Ireland,Q5204199,,
Northern Ireland,The Troubles,Q815436,6,1,1,1960s–1990s conflict in Northern Ireland,Northern Ireland conflict|Conflict in Ireland|Conflict in Northern Ireland|Troubles|Northern Irish Troubles|Northern Ireland Troubles,Q3774758|Q766875,,The Troubles
Northern Ireland,Antrim,Q609235,6,1,2,"town on the shore of Lough Neagh, in the baronies of Toome Upper and Toome Lower, Co. Antrim, in the northeast of Northern Ireland","Antrim, County Antrim",Q3957,,"Antrim, County Antrim"
Northern Ireland,County Antrim,Q189592,6,1,2,county of Northern Ireland,Antrim|Co Antrim|Co. Antrim|Aontroim,Q1317848|Q67376938,,County Antrim
Northern Ireland,Antrim,Q37034190,6,1,2,family name,,Q101352,,
Northern Ireland,Antrim,Q111173802,6,1,2,given name,,Q202444,,
Northern Ireland,Antrim,Q130733977,6,1,2,"town and parish in Co. Antrim, Northern Ireland",,Q3957|Q1115575,,
Northern Ireland,Antrim,Q2076351,6,1,2,"human settlement in Hillsborough County, New Hampshire, United States of America","Antrim, New Hampshire|Antrim N.H.|Antrim NH|Antrim, NH",Q15127012,,"Antrim, New Hampshire"
Northern Ireland,Antrim,Q609214,6,1,2,former local government district in Northern Ireland,Antrim Borough Council,Q21497886,,Antrim (borough)
Northern Ireland,Antrim,Q43021273,6,1,2,"Parliamentary constituency in the United Kingdom, 1802-1885",,Q27971968,,
Northern Ireland,Antrim,Q4777327,6,1,2,"Parliamentary constituency in the United Kingdom, 1922-1950",,Q27971968,,Antrim (UK Parliament constituency)
Northern Ireland,Antrim,Q4777326,6,1,2,"unincorporated community in Tioga County, Pennsylvania","Antrim, Pennsylvania|Antrim, PA",Q17343829,,"Antrim, Pennsylvania"
Wimbledon,Wimbledon,Q113112546,7,0,1,tube stop on the London Underground in the United Kingdom,Wimbledon tube station|Wimbledon tube stop|Wimbledon underground station|Wimbledon underground stop,Q928830|Q22808404,,
Wimbledon,Wimbledon,Q113112485,7,0,1,stop on the Croydon Tramlink line in the United Kingdom,Wimbledon tram stop|Wimbledon Tramlink stop,Q2175765|Q20202072,,
Wimbledon,Wimbledon railway station,Q801616,7,0,1,"railway station in Wimbledon, London Borough of Merton, England, UK",WIM|Wimbledon Station,Q55488|Q11606300|Q14562709,,Wimbledon station
Wimbledon,Wimbledon,Q736742,7,0,1,suburb of London,,Q3957|Q2755753,,"Wimbledon, London"
Wimbledon,Wimbledon Championships,Q41520,7,0,1,tennis tournament held in London,"Wimbledon|The Championships, Wimbledon",Q114608872|Q47443726,Q13219666,Wimbledon Championships
Wimbledon,Wimbledon,Q107818632,7,0,1,,,Q7889,,
Wimbledon,Wimbledon F.C.,Q19482,7,0,1,"former association football club in Wimbledon, England, United Kingdom",Wimbledon Football Club|Wimbledon,Q94579592,,Wimbledon F.C.
Wimbledon,AFC Wimbledon,Q48851,7,0,1,"association football club in London, England",Wimbledon|The Dons|AFCW|A.F.C. Wimbledon,Q476028,,AFC Wimbledon
Wimbledon,King's College School,Q6410900,7,0,1,"school in Wimbledon, Merton, London, UK","KCS|KCS Wimbledon|King's|King's College School, Wimbledon|Wimbledon",Q2418495,,King's College School
Wimbledon,Wimbledon,Q874319,7,0,1,"Parliamentary constituency in the United Kingdom, 1885 onwards",,Q27971968,,Wimbledon (constituency)
Wimbledon,2019 Wimbledon Championships,Q54093953,7,0,2,tennis tournament,Wimbledon Championships 2019,Q41520|Q47345468,,2019 Wimbledon Championships
Wimbledon,2026 Wimbledon Championships,Q135334216,7,0,2,139th edition of the Wimbledon Championships,,Q47345468|Q41520,,2026 Wimbledon Championships
Wimbledon,1877 Wimbledon Championship – singles,Q1354887,7,0,2,tennis tournament held in 1877,1877 Wimbledon Championship - singles,Q46190676,,1877 Wimbledon Championship – Singles
Wimbledon,2017 Wimbledon Championships,Q25344121,7,0,2,tennis tournament,Wimbledon  2017,Q41520|Q47345468,,2017 Wimbledon Championships
Wimbledon,2016 Wimbledon Championships,Q20127632,7,0,2,tennis tournament,,Q41520|Q47345468,,2016 Wimbledon Championships
Wimbledon,2010 Wimbledon Championships,Q476638,7,0,2,124th staging of the Wimbledon Championships,,Q41520|Q47345468,,2010 Wimbledon Championships
Wimbledon,2015 Wimbledon Championships,Q18410121,7,0,2,tennis tournament,,Q41520|Q47345468,,2015 Wimbledon Championships
Wimbledon,2009 Wimbledon Championships,Q244370,7,0,2,123rd staging of the Wimbledon Championships,,Q41520|Q47345468,,2009 Wimbledon Championships
Wimbledon,2014 Wimbledon Championships,Q15854765,7,0,2,tennis tournament,,Q41520|Q47345468,,2014 Wimbledon Championships
Wimbledon,Wimbledon Common,Q2551235,7,0,2,"open space in Wimbledon, south-west London",,Q22698,,Wimbledon Common
Wimbledon,Wandsworth and Wimbledon War Memorial,Q28320633,7,0,2,"war memorial on Wimbledon Common, London",Wimbledon Common War Memorial,Q575759|Q1497483,,
Wimbledon,King's Royal Rifle Corps War Memorial,Q65680117,7,0,2,"war memorial on Wimbledon Common, London",The King's Royal Rifle Corps War Memorial|Wimbledon Common (King's Royal Rifle Corps) Memorial,Q575759,,
Wimbledon,Wimbledon Common Preparatory School,Q8023517,7,0,2,"school in Merton, UK",,Q2418495|Q1713379,,Wimbledon Common Preparatory School
Wimbledon,"Wimbledon Common: its Geology, Antiquities and Natural History",Q59069173,7,0,2,scientific article published in Nature,,Q13442814,,
Wimbledon,Wimbledon Park tube station,Q1974778,7,0,2,London Underground station,Wimbledon Park Underground station|Wimbledon Park station|WPK,Q14562709|Q22808404,,Wimbledon Park tube station
Wimbledon,Wimbledon Park,Q2920346,7,0,2,"area and park in the London Borough of Merton, England",,Q2755753|Q22746,,Wimbledon Park
Wimbledon,Wimbledon Park,Q56296002,7,0,2,electoral ward in the London borough of Merton,Wimbledon Park Ward,Q589282,,Wimbledon Park (ward)
Wimbledon,London Borough of Merton,Q32504,7,0,2,borough in the London Region in England,"Merton|Merton (unparished area)|Merton, Surrey",Q211690|Q7897276,,London Borough of Merton
Wimbledon,Wimbledon Park Side,Q68721164,7,0,2,street in the London Borough of Wandsworth,Wimbledon Parkside,Q79007,,
Wimbledon,Wimbledon Park Road,Q115728542,7,0,2,street in the London Borough of Wandsworth,,Q79007,,
Wimbledon,Wimbledon Park and Depot Sidings,Q113994563,7,0,2,section of railway line in the UK,WPK,Q113990375,,
Wimbledon,Wimbledon Park Golf Club,Q137947356,7,0,2,"Former golf club in Wimbledon, London SW19",,Q1048525,,
Wimbledon,Wimbledon Park Rifle Club,Q111524647,7,0,2,target sports club in the UK,,Q847017,,
Wimbledon,Wimbledon Park War Memorial,Q66478729,7,0,2,"war memorial in Wandsworth, London, UK",,Q575759,,
London Borough of Merton,London Borough of Merton,Q32504,7,1,1,borough in the London Region in England,"Merton|Merton (unparished area)|Merton, Surrey",Q211690|Q7897276,,London Borough of Merton
London Borough of Merton,Wimbledon,Q113112546,7,1,2,tube stop on the London Underground in the United Kingdom,Wimbledon tube station|Wimbledon tube stop|Wimbledon underground station|Wimbledon underground stop,Q928830|Q22808404,,
London Borough of Merton,Wimbledon,Q113112485,7,1,2,stop on the Croydon Tramlink line in the United Kingdom,Wimbledon tram stop|Wimbledon Tramlink stop,Q2175765|Q20202072,,
London Borough of Merton,Wimbledon railway station,Q801616,7,1,2,"railway station in Wimbledon, London Borough of Merton, England, UK",WIM|Wimbledon Station,Q55488|Q11606300|Q14562709,,Wimbledon station
London Borough of Merton,Wimbledon,Q736742,7,1,2,suburb of London,,Q3957|Q2755753,,"Wimbledon, London"
London Borough of Merton,Wimbledon Championships,Q41520,7,1,2,tennis tournament held in London,"Wimbledon|The Championships, Wimbledon",Q114608872|Q47443726,Q13219666,Wimbledon Championships
London Borough of Merton,Wimbledon,Q107818632,7,1,2,,,Q7889,,
London Borough of Merton,Wimbledon F.C.,Q19482,7,1,2,"former association football club in Wimbledon, England, United Kingdom",Wimbledon Football Club|Wimbledon,Q94579592,,Wimbledon F.C.
London Borough of Merton,AFC Wimbledon,Q48851,7,1,2,"association football club in London, England",Wimbledon|The Dons|AFCW|A.F.C. Wimbledon,Q476028,,AFC Wimbledon
London Borough of Merton,King's College School,Q6410900,7,1,2,"school in Wimbledon, Merton, London, UK","KCS|KCS Wimbledon|King's|King's College School, Wimbledon|Wimbledon",Q2418495,,King's College School
London Borough of Merton,Wimbledon,Q874319,7,1,2,"Parliamentary constituency in the United Kingdom, 1885 onwards",,Q27971968,,Wimbledon (constituency)
London Borough of Merton,Merton,Q2039305,7,1,2,"village and civil parish in Devon, England","Merton, Devon",Q1115575|Q532,,"Merton, Devon"
London Borough of Merton,Merton,Q2091702,7,1,2,"village and civil parish in Norfolk, England, UK","Merton, Norfolk",Q532|Q1115575,,"Merton, Norfolk"
London Borough of Merton,Merton,Q16876854,7,1,2,family name,,Q101352,,Merton (surname)
London Borough of Merton,Merton,Q1776936,7,1,2,"village and civil parish in Cherwell district, Oxfordshire, England","Merton, Oxfordshire",Q532|Q1115575,,"Merton, Oxfordshire"
London Borough of Merton,Merton,Q66828188,7,1,2,male given name,,Q12308941,,Merton (given name)
London Borough of Merton,Merton,Q6820704,7,1,2,"town in the London Borough of Merton, London, England",,Q102496,,"Merton, London (parish)"
London Borough of Merton,Merton College,Q82513,7,1,2,college of the University of Oxford,,Q2581649|Q19844914|Q708676,,"Merton College, Oxford"
London Borough of Merton,Newnham College,Q1247589,7,1,2,college of the University of Cambridge,"Newnham College, Cambridge|Merton Hall|Newnham Hall|Merton Hall School",Q1055028,,"Newnham College, Cambridge"
London Borough of Merton,Merton Simpson,Q6820728,7,1,2,Abstract expressionist artist (1928-2013),Merton D. Simpson|Merton Daniel Simpson,Q5,,Merton Simpson
Petersfield,Petersfield,Q1247815,8,0,1,"town in Hampshire, England","Petersfield, Hampshire",Q3957|Q1115575|Q18511725,,Petersfield
Petersfield,East Hampshire,Q1277894,8,0,1,"local government district in Hampshire, England",Petersfield,Q1187580,,East Hampshire
Petersfield,Petersfield,Q60576243,8,0,1,Constituency of the Parliament of England (to 1707),,Q27990982,,
Petersfield,Petersfield,Q7178213,8,0,1,"Parliamentary constituency in the United Kingdom, 1832-1983",,Q27971968,,Petersfield (constituency)
Petersfield,Petersfield,Q56189467,8,0,1,"Parliamentary constituency in the United Kingdom, 1801-1832",,Q27971968,,
Petersfield,Petersfield,Q27119534,8,0,1,"hamlet in Westmoreland, Jamaica",,Q486972,,"Petersfield, Jamaica"
Petersfield,Petersfield,Q24665171,8,0,1,,,,,
Petersfield,Petersfield,Q85792981,8,0,1,"human settlement in Manitoba, Canada",,Q486972,,"Petersfield, Manitoba"
Petersfield,Petersfield railway station,Q2322998,8,0,1,"railway station in Hampshire, England, UK",Petersfield Station|PTR,Q55488,,Petersfield railway station
Petersfield,East Hampshire,Q138429363,8,0,1,small-scale DAB multiplex,East Hampshire DAB|East Hampshire SSDAB|Petersfield|Petersfield DAB|Petersfield SSDAB,Q5204199,,
Petersfield,Petersfield,Q1247815,8,1,1,"town in Hampshire, England","Petersfield, Hampshire",Q3957|Q1115575|Q18511725,,Petersfield
Petersfield,East Hampshire,Q1277894,8,1,1,"local government district in Hampshire, England",Petersfield,Q1187580,,East Hampshire
Petersfield,Petersfield,Q60576243,8,1,1,Constituency of the Parliament of England (to 1707),,Q27990982,,
Petersfield,Petersfield,Q7178213,8,1,1,"Parliamentary constituency in the United Kingdom, 1832-1983",,Q27971968,,Petersfield (constituency)
Petersfield,Petersfield,Q56189467,8,1,1,"Parliamentary constituency in the United Kingdom, 1801-1832",,Q27971968,,
Petersfield,Petersfield,Q27119534,8,1,1,"hamlet in Westmoreland, Jamaica",,Q486972,,"Petersfield, Jamaica"
Petersfield,Petersfield,Q24665171,8,1,1,,,,,
Petersfield,Petersfield,Q85792981,8,1,1,"human settlement in Manitoba, Canada",,Q486972,,"Petersfield, Manitoba"
Petersfield,Petersfield railway station,Q2322998,8,1,1,"railway station in Hampshire, England, UK",Petersfield Station|PTR,Q55488,,Petersfield railway station
Petersfield,East Hampshire,Q138429363,8,1,1,small-scale DAB multiplex,East Hampshire DAB|East Hampshire SSDAB|Petersfield|Petersfield DAB|Petersfield SSDAB,Q5204199,,
Petersfield,Petersfield,Q1247815,9,0,1,"town in Hampshire, England","Petersfield, Hampshire",Q3957|Q1115575|Q18511725,,Petersfield
Petersfield,East Hampshire,Q1277894,9,0,1,"local government district in Hampshire, England",Petersfield,Q1187580,,East Hampshire
Petersfield,Petersfield,Q60576243,9,0,1,Constituency of the Parliament of England (to 1707),,Q27990982,,
Petersfield,Petersfield,Q7178213,9,0,1,"Parliamentary constituency in the United Kingdom, 1832-1983",,Q27971968,,Petersfield (constituency)
Petersfield,Petersfield,Q56189467,9,0,1,"Parliamentary constituency in the United Kingdom, 1801-1832",,Q27971968,,
Petersfield,Petersfield,Q27119534,9,0,1,"hamlet in Westmoreland, Jamaica",,Q486972,,"Petersfield, Jamaica"
Petersfield,Petersfield,Q24665171,9,0,1,,,,,
Petersfield,Petersfield,Q85792981,9,0,1,"human settlement in Manitoba, Canada",,Q486972,,"Petersfield, Manitoba"
Petersfield,Petersfield railway station,Q2322998,9,0,1,"railway station in Hampshire, England, UK",Petersfield Station|PTR,Q55488,,Petersfield railway station
Petersfield,East Hampshire,Q138429363,9,0,1,small-scale DAB multiplex,East Hampshire DAB|East Hampshire SSDAB|Petersfield|Petersfield DAB|Petersfield SSDAB,Q5204199,,
Petersfield,Petersfield Town Council,Q104395398,9,0,2,"UK local authority for the town of Petersfield, Hampshire, England",,Q7137435,,
Petersfield,Petersfield Museum and Art Gallery,Q7178212,9,0,2,"local museum in Petersfield, Hampshire, England, United Kingdom",Petersfield Museum,Q1595639|Q115154402,,Petersfield Museum
Brierley Hill,Brierley Hill,Q2734868,10,0,1,"town in the Metropolitan Borough of Dudley, West Midlands, England",,Q3957,,Brierley Hill
Brierley Hill,Brierley Hill,Q16846522,10,0,1,"Parliamentary constituency in the United Kingdom, 1950-1974",,Q27971968,,Brierley Hill (constituency)
Brierley Hill,Brierley Hill railway station,Q4967091,10,0,1,"railway station in Dudley, the UK",Brierley Hill Station,Q55488,,Brierley Hill railway station
Brierley Hill,Brierley Hill Alliance F.C.,Q4967087,10,0,1,UK association football club,,Q476028,,Brierley Hill Alliance F.C.
Brierley Hill,Brierley Hill War Memorial,Q26677050,10,0,1,"memorial in Dudley, West Midlands, England, UK",Brierley Hill Town Memorial,Q575759,,Brierley Hill War Memorial
Brierley Hill,1967 Brierley Hill by-election,Q4967088,10,0,1,UK Parliamentary by-election,"Brierley Hill by-election, 1967",Q7864918,,1967 Brierley Hill by-election
Brierley Hill,Brierley Hill & Withymoor F.C.,Q4967085,10,0,1,football club,,Q476028,,Brierley Hill & Withymoor F.C.
Brierley Hill,Brierley Hill Urban District,Q4967090,10,0,1,"local government area in the UK, abolished 1966",,Q374614,,Brierley Hill Urban District
Brierley Hill,Brierley Hill Farmhouse And Attached Barn,Q26358889,10,0,1,"farmhouse in Lingen, Herefordshire, England, UK",,Q489357,,
Brierley Hill,Brierley Hill Flats,Q119443717,10,0,1,"painting by Brian Fletcher (b.1937), Dudley Museums Service",,Q3305213,,
Worthing West,Worthing West,Q750906,11,0,1,"Parliamentary constituency in the United Kingdom, 1997 onwards",,Q27971968,,Worthing West
Worthing West,Worthing West,Q8037233,11,0,1,"electoral division of West Sussex, in the United Kingdom",,Q1195098,,Worthing West (electoral division)
Worthing West,West Worthing,Q9286992,11,0,2,"suburb in Worthing, West Sussex, England, UK","Heene, West Sussex|Heene|Heene CP",Q6035676,,West Worthing
Worthing West,West Worthing railway station,Q2982338,11,0,2,"railway station in Worthing, West Sussex, England, UK",West Worthing Station|WWO,Q55488,,West Worthing railway station
Worthing West,West Worthing Challenger 1981,Q4019105,11,0,2,,,Q47345468,,
Worthing West,West Worthington,Q122591999,11,0,2,"hamlet in Hampshire County, Massachusetts, United States","West Worthington, Massachusetts|West Worthington, MA",Q486972|Q5084,,
Worthing West,ATP Challenger West Worthing,Q4019104,11,0,2,,,Q47443726,Q13219666,
Worthing West,South East England,Q48015,11,0,2,region of England,South East of England|Southeast England|Southeast of England|South East,Q48091|Q6955655,,South East England
Worthing West,South East England,Q7567115,11,0,2,constituency of the European Parliament,South East England constituency,Q2631496,,South East England (European Parliament constituency)
Worthing West,South East England Regional Assembly,Q7567118,11,0,2,,,,,South East England Regional Assembly
Worthing West,South East England Councils,Q7567116,11,0,2,Voluntary association of council leaders,,Q327333,,South East England Councils
Worthing West,South East England Development Agency,Q7567117,11,0,2,organization,,Q43229|Q7309207,,South East England Development Agency
Worthing West,South East England Tourist Board,Q53046475,11,0,2,British tourism organization,,Q3689421,,
Worthing West,South East England Virtual Education Action Zone,Q105344397,11,0,2,"UK education stakeholder group for South East England Virtual, England",South East England Virtual EAZ,Q105344213,,
Worthing West,"South-East England. By Ronald Jessup. 8¼ × 6. Pp. 273 + 75 pls. + 59 figs. London: Thames & Hudson, 1970. £2·10",Q59176471,11,0,2,article,,Q13442814,,
Worthing West,SOUTH-EAST ENGLAND FACULTY CONFERENCE ON MEDICAL CENTRES *,Q94037420,11,0,2,,,Q13442814,,
Worthing West,South-east England: Water Resources,Q58977257,11,0,2,scientific article published in Nature,,Q13442814,,
South East England,South East England,Q48015,11,1,1,region of England,South East of England|Southeast England|Southeast of England|South East,Q48091|Q6955655,,South East England
South East England,South East England,Q7567115,11,1,1,constituency of the European Parliament,South East England constituency,Q2631496,,South East England (European Parliament constituency)
South East England,South East England Regional Assembly,Q7567118,11,1,1,,,,,South East England Regional Assembly
South East England,South East England Councils,Q7567116,11,1,1,Voluntary association of council leaders,,Q327333,,South East England Councils
South East England,South East England Development Agency,Q7567117,11,1,1,organization,,Q43229|Q7309207,,South East England Development Agency
South East England,South East England Tourist Board,Q53046475,11,1,1,British tourism organization,,Q3689421,,
South East England,South East England Virtual Education Action Zone,Q105344397,11,1,1,"UK education stakeholder group for South East England Virtual, England",South East England Virtual EAZ,Q105344213,,
South East England,"South-East England. By Ronald Jessup. 8¼ × 6. Pp. 273 + 75 pls. + 59 figs. London: Thames & Hudson, 1970. £2·10",Q59176471,11,1,1,article,,Q13442814,,
South East England,SOUTH-EAST ENGLAND FACULTY CONFERENCE ON MEDICAL CENTRES *,Q94037420,11,1,1,,,Q13442814,,
South East England,South-east England: Water Resources,Q58977257,11,1,1,scientific article published in Nature,,Q13442814,,
South East England,Worthing West,Q750906,11,1,2,"Parliamentary constituency in the United Kingdom, 1997 onwards",,Q27971968,,Worthing West
South East England,Worthing West,Q8037233,11,1,2,"electoral division of West Sussex, in the United Kingdom",,Q1195098,,Worthing West (electoral division)
Solihull,Solihull,Q397343,12,0,1,town in the West Midlands of England,,Q3957|Q1115575|Q1549591|Q7897276,,Solihull
Solihull,Solihull,Q1925858,12,0,1,"metropolitan borough in the West Midlands, England",Metropolitan Borough of Solihull,Q1002812,,Metropolitan Borough of Solihull
Solihull,Solihull Moors F.C.,Q2975959,12,0,1,"association football club in Solihull, England, UK",Solihull Moors Football Club|Solihull Moors FC|Solihull Moors|The Moors|SMFC|Solihull,Q476028,,Solihull Moors F.C.
Solihull,Solihull,Q989027,12,0,1,"Parliamentary constituency in the United Kingdom, 1945-2024",,Q27971968,,Solihull (constituency)
Solihull,unparished part of Solihull,Q105909036,12,0,1,part(s) of Solihull local authority that are not covered by civil parishes,Solihull (unparished area),Q7897276,,
Solihull,Solihull railway station,Q7558107,12,0,1,"railway station in Solihull, West Midlands, England, UK",Solihull Station|SOL,Q55488,,Solihull railway station
Solihull,Solihull School,Q7558100,12,0,1,"school in Solihull, UK",Solihull Grammar School,Q3914|Q2418495|Q708676,,Solihull School
Solihull,Solihull Borough F.C.,Q2936311,12,0,1,football club,,Q476028,,Solihull Borough F.C.
Solihull,Solihull Metropolitan Borough Council election,Q7558104,12,0,1,"local government elections in Solihull, England",,Q107359024,Q107358505,Solihull Metropolitan Borough Council elections
Solihull,Solihull,Q135029973,12,0,1,,,,,
Solihull,2002 Solihull Metropolitan Borough Council election,Q7558085,12,0,2,2002 UK local government election,"Solihull Council election, 2002",Q7558104,,2002 Solihull Metropolitan Borough Council election
Solihull,2003 Solihull Metropolitan Borough Council election,Q7558084,12,0,2,2003 UK local government election,"Solihull Council election, 2003",Q7558104,,2003 Solihull Metropolitan Borough Council election
Solihull,1994 Solihull Metropolitan Borough Council election,Q7558074,12,0,2,1994 UK local government election,"Solihull Council election, 1994",Q7558104,,1994 Solihull Metropolitan Borough Council election
Solihull,1990 Solihull Metropolitan Borough Council election,Q7558069,12,0,2,1990 UK local government election,"Solihull Council election, 1990",Q7558104,,1990 Solihull Metropolitan Borough Council election
Solihull,1991 Solihull Metropolitan Borough Council election,Q7558072,12,0,2,1991 UK local government election,"Solihull Council election, 1991",Q7558104,,1991 Solihull Metropolitan Borough Council election
Solihull,1988 Solihull Metropolitan Borough Council election,Q7558068,12,0,2,1988 council elections in England,"Solihull Council election, 1988",Q7558104,,1988 Solihull Metropolitan Borough Council election
Solihull,1984 Solihull Metropolitan Borough Council election,Q7558063,12,0,2,1984 UK local government election,"Solihull Council election, 1984",Q7558104,,1984 Solihull Metropolitan Borough Council election
Solihull,1992 Solihull Metropolitan Borough Council election,Q7558071,12,0,2,1992 UK local government election,"Solihull Council election, 1992",Q7558104,,1992 Solihull Metropolitan Borough Council election
Solihull,1996 Solihull Metropolitan Borough Council election,Q7558077,12,0,2,1996 UK local government election,"Solihull Council election, 1996",Q7558104,,1996 Solihull Metropolitan Borough Council election
Solihull,1986 Solihull Metropolitan Borough Council election,Q7558066,12,0,2,1986 UK local government election,"Solihull Council election, 1986",Q7558104,,1986 Solihull Metropolitan Borough Council election
Solihull,Solihull Metropolitan Borough Council,Q17021590,12,0,2,local government body in England,,Q19414242,,Solihull Metropolitan Borough Council
Solihull,Solihull Metropolitan Borough Council Libraries,Q117275751,12,0,2,Solihull Libraries,,Q26271642,,
Solihull,2008 Solihull Metropolitan Borough Council election,Q7558089,12,0,2,2008 UK local government election,,Q7558104,,2008 Solihull Metropolitan Borough Council election
West Midlands,West Midlands,Q48038,12,1,1,one of nine official regions of England,,Q48091|Q6955655,,West Midlands (region)
West Midlands,West Midlands,Q23124,12,1,1,metropolitan county in England,West Midlands county,Q769628|Q180673,,West Midlands (county)
West Midlands,West Midlands,Q7985930,12,1,1,constituency of the European Parliament,,Q2631496,,West Midlands (European Parliament constituency)
West Midlands,West Midlands,Q56856175,12,1,1,combined authority area,,Q56856076,,
West Midlands,West Midlands,Q6720288,12,1,1,former DAB multiplex,MXR West Midlands,Q5204199,,MXR West Midlands
West Midlands,West Midlands Trains,Q39052868,12,1,1,British train operating company (2017–2026),,Q17102188,,West Midlands Trains (2017–2026)
West Midlands,West Midlands conurbation,Q1292186,12,1,1,"urban area in England, UK",West Midlands urban area,Q245260,,West Midlands conurbation
West Midlands,West Midlands Metro,Q973287,12,1,1,"light rail system in the West Midlands, England",Midland Metro,Q1268865,,West Midlands Metro
West Midlands,West Midlands (Regional) League,Q1634803,12,1,1,association football league,,Q15991303,,West Midlands (Regional) League
West Midlands,West Midlands Metro tram stop,Q27030992,12,1,1,,Midland Metro stop,,Q2175765,
West Midlands,Solihull,Q397343,12,1,2,town in the West Midlands of England,,Q3957|Q1115575|Q1549591|Q7897276,,Solihull
West Midlands,Solihull,Q1925858,12,1,2,"metropolitan borough in the West Midlands, England",Metropolitan Borough of Solihull,Q1002812,,Metropolitan Borough of Solihull
West Midlands,Solihull Moors F.C.,Q2975959,12,1,2,"association football club in Solihull, England, UK",Solihull Moors Football Club|Solihull Moors FC|Solihull Moors|The Moors|SMFC|Solihull,Q476028,,Solihull Moors F.C.
West Midlands,Solihull,Q989027,12,1,2,"Parliamentary constituency in the United Kingdom, 1945-2024",,Q27971968,,Solihull (constituency)
West Midlands,unparished part of Solihull,Q105909036,12,1,2,part(s) of Solihull local authority that are not covered by civil parishes,Solihull (unparished area),Q7897276,,
West Midlands,Solihull railway station,Q7558107,12,1,2,"railway station in Solihull, West Midlands, England, UK",Solihull Station|SOL,Q55488,,Solihull railway station
West Midlands,Solihull School,Q7558100,12,1,2,"school in Solihull, UK",Solihull Grammar School,Q3914|Q2418495|Q708676,,Solihull School
West Midlands,Solihull Borough F.C.,Q2936311,12,1,2,football club,,Q476028,,Solihull Borough F.C.
West Midlands,Solihull Metropolitan Borough Council election,Q7558104,12,1,2,"local government elections in Solihull, England",,Q107359024,Q107358505,Solihull Metropolitan Borough Council elections
West Midlands,Solihull,Q135029973,12,1,2,,,,,
West Midlands,Birmingham,Q2256,12,1,2,"city in the West Midlands, England","Birmingham, England|Birmingham, West Midlands|Birmingham, UK",Q200250|Q515|Q7897276|Q1187811|Q110390579,,Birmingham
West Midlands,Birmingham,Q79867,12,1,2,"city in and county seat of Jefferson County, Alabama, United States","Birmingham, Alabama|The Magic City|Birmingham, AL",Q1093829|Q1549591,,"Birmingham, Alabama"
West Midlands,Birmingham City F.C.,Q19444,12,1,2,"association football club in Birmingham, England",Birmingham City Football Club|Birmingham City FC|Birmingham City|Birmingham|Blues|City|BCFC,Q476028,,Birmingham City F.C.
West Midlands,Birmingham,Q20986424,12,1,2,"district in West Midlands, England, United Kingdom",City of Birmingham,Q1002812|Q21503295,,
West Midlands,Birmingham Museum of Art,Q865736,12,1,2,"art museum in Birmingham, Alabama, USA",Birmingham. Birmingham Museum of Art|BMA,Q207694,,Birmingham Museum of Art
West Midlands,Birmingham,Q593324,12,1,2,"city in Michigan, United States","Birmingham, Michigan|Birmingham, MI",Q1093829,,"Birmingham, Michigan"
West Midlands,University of Birmingham,Q223429,12,1,2,"university in Birmingham, England, United Kingdom",,Q62078547|Q45400320|Q5341295,,University of Birmingham
West Midlands,Birmingham Airport,Q8719,12,1,2,"airport in Bickenhill, West Midlands, England",EGBB|BHX|Birmingham International Airport|Birmingham|Elmdon Airport,Q644371|Q1248784|Q94993988,,Birmingham Airport
West Midlands,Birmingham,Q16860029,12,1,2,family name,,Q101352,,Birmingham (surname)
West Midlands,Birmingham Museum and Art Gallery,Q1799857,12,1,2,"museum and art gallery in Birmingham, UK",BM&AG,Q207694|Q1595639|Q115154402,,Birmingham Museum and Art Gallery
West Midlands,Coventry,Q6225,12,1,2,"city in the West Midlands in England, UK","Coventry, England, United Kingdom|Coventry, England, UK|Coventry, West Midlands|Coventry, Warwickshire",Q515|Q1549591|Q7897276,,Coventry
West Midlands,Coventry,Q2970785,12,1,2,"town in Orleans County, Vermont, United States","Coventry, VT|Coventry, Vermont",Q2154459,,"Coventry, Vermont"
West Midlands,Coventry,Q105973494,12,1,2,given name,,Q202444,,
West Midlands,Coventry City F.C.,Q19580,12,1,2,"association football club in Coventry, England",Coventry City Football Club|Coventry City FC|Coventry City|Coventry|City|CCFC|Sky Blues,Q476028,,Coventry City F.C.
West Midlands,Coventry University,Q1138080,12,1,2,"university in Coventry, West Midlands, United Kingdom",,Q3918|Q38723|Q45400320|Q5341295|Q43229,,Coventry University
West Midlands,Coventry,Q20986417,12,1,2,"district in West Midlands, England",City of Coventry,Q1002812|Q21503295,,City of Coventry
West Midlands,Coventry,Q37536322,12,1,2,family name,,Q101352,,
West Midlands,Coventry,Q1016933,12,1,2,"town in Kent County, Rhode Island, United States","Coventry, Rhode Island|Coventry, RI",Q15127012|Q131438413,,"Coventry, Rhode Island"
West Midlands,Coventry,Q1020595,12,1,2,"town in Connecticut, United States","Coventry, Connecticut|Coventry, CT",Q15127012,,"Coventry, Connecticut"
West Midlands,Coventry,Q60576091,12,1,2,Constituency of the Parliament of England (to 1707),,Q27990982,,
West Midlands,Wolverhampton,Q126269,12,1,2,"city in the West Midlands, England, United Kingdom","Wolverhampton, West Midlands|Wolverhampton, Staffordshire|Wolverhampton, England|Wolverhampton, United Kingdom",Q515,,Wolverhampton
West Midlands,Wolverhampton Wanderers F.C.,Q19500,12,1,2,"association football club in Wolverhampton, England",Wolverhampton Wanderers|Wolverhampton Wanderers Football Club|Wolverhampton Wanderers FC|Wolverhampton|Wanderers|Wolves|WWFC|Wolverhampton Wolves|Wolverhampton Wolves FC|Wolverhampton FC Wolves,Q476028|Q103229495|Q20639856,,Wolverhampton Wanderers F.C.
West Midlands,City of Wolverhampton,Q21885975,12,1,2,"metropolitan borough in West Midlands, England, United Kingdom",Wolverhampton (unparished area)|County Borough of Wolverhampton|Wolverhampton,Q1002812|Q21503295|Q7897276|Q1137272|Q518343,,City of Wolverhampton
West Midlands,Wolverhampton South West,Q874041,12,1,2,"Parliamentary constituency in the United Kingdom, 1950-2024",,Q27971968,,Wolverhampton South West
West Midlands,Wolverhampton,Q11797293,12,1,2,"Parliamentary constituency in the United Kingdom, 1832-1885",,Q27971968,,Wolverhampton (constituency)
West Midlands,University of Wolverhampton,Q1816202,12,1,2,"university in Wolverhampton, United Kingdom",,Q3918|Q38723|Q5341295,,University of Wolverhampton
West Midlands,Wolverhampton railway station,Q2361188,12,1,2,"railway station in Wolverhampton, England",Wolverhampton Station|WVH,Q55488,,Wolverhampton station
West Midlands,"Wolverhampton to Saltney Junction (Chester) Line, Stafford Road Junction to Saltney Junction",Q114060156,12,1,2,section of railway line in the UK,WSJ2,Q113990375,,
West Midlands,Wolverhampton North East,Q874095,12,1,2,"Parliamentary constituency in the United Kingdom, 1950 onwards",,Q27971968,,Wolverhampton North East
West Midlands,Wolverhampton South East,Q874069,12,1,2,"Parliamentary constituency in the United Kingdom, 1974 onwards",,Q27971968,,Wolverhampton South East
Hackney,Hackney,Q5637340,13,0,1,former civil parish in London,,Q1115575|Q19953632,,Hackney (parish)
Hackney,London Borough of Hackney,Q205679,13,0,1,borough in the London Region in England,Hackney|Hackney (unparished area),Q211690|Q7897276,,London Borough of Hackney
Hackney,Hackney,Q58888182,13,0,1,area in the London Borough of Hackney,Hackney Central,Q2755753,,"Hackney, London"
Hackney,Hackney,Q16870378,13,0,1,family name,,Q101352,,Hackney (surname)
Hackney,Hackney Central,Q10861606,13,0,1,"district of the London Borough of Hackney in London, England",,Q2755753,,Hackney Central
Hackney,hackney carriage,Q3273735,13,0,1,car for hire,hackney coach|hackney|black car|black cab|cab|hack|taxi,,Q235356,Hackney carriage
Hackney,Hackney,Q5637336,13,0,1,"Parliamentary constituency in the United Kingdom, 1868-1885",,Q27971968,,Hackney (constituency)
Hackney,Hackney,Q5637334,13,0,1,"suburb of Adelaide, South Australia","Hackney, South Australia|Hackney, South Australia, Australia",Q188509,,"Hackney, South Australia"
Hackney,Hackney Downs railway station,Q2572236,13,0,1,"railway station in Hackney, London Borough of Hackney, England, UK",Hackney Downs Station|HAC,Q55488,,Hackney Downs railway station
Hackney,Hackney Central,Q2220302,13,0,1,"railway station in Hackney Central, London, England",Hackney Central railway station|HKC,Q55488,,Hackney Central railway station
Hackney,Hackney London Borough Council,Q5637369,13,0,2,"Borough Council within London, England",Hackney Borough Council|Hackney Council,Q21561350,,Hackney London Borough Council
Hackney,Hackney Wick railway station,Q2003534,13,0,2,railway station in London Borough of Hackney,Hackney Wick Station|HKW,Q55488,,Hackney Wick railway station
Hackney,Hackney Wick,Q121623,13,0,2,area in the London Borough of Hackney and Tower Hamlets,,Q2755753,,Hackney Wick
Hackney,Hackney Wick,Q56295461,13,0,2,electoral ward in the London borough of Hackney,Hackney Wick Ward,Q589282,,Hackney Wick (ward)
Hackney,Hackney Wick F.C.,Q5803957,13,0,2,English football team,London Bari F.C.,Q476028,,Hackney Wick F.C.
Hackney,Hackney Wick Goods Depot,Q113992595,13,0,2,section of railway line in the UK,HWD,Q113990375,,
Hackney,Hackney Wick Stadium,Q5637382,13,0,2,former stadium in thr Londom Borough of Hackney,,Q1076486|Q483110,,Hackney Wick Stadium
Hackney,Hackney Wicked,Q85765443,13,0,2,annual arts festival,,,,Hackney Wicked
Hackney,Hackney Wick Wolves,Q5637383,13,0,2,Defunct motorcycle speedway team in London,,,,Hackney Wick Wolves
Hackney,Hackney Wick Great War Memorial,Q27087701,13,0,2,war memorial in London,,Q575759|Q170980,,
Hackney,coat of arms of the London Borough of Hackney,Q16993533,13,0,2,,the London Borough of Hackney coat of arms|London Borough of Hackney coat of arms,Q14659,,Coat of arms of the London Borough of Hackney
Leicester East,Leicester East,Q1077463,14,0,1,"Parliamentary constituency in the United Kingdom, 1974 onwards",,Q27971968,,Leicester East
Leicester East,Leicester East,Q42968204,14,0,1,"Parliamentary constituency in the United Kingdom, 1918-1950",,Q27971968,,
Leicester East,1922 Leicester East by-election,Q15616269,14,0,1,UK Parliamentary by-election,"Leicester East by-election, 1922",Q1057954,,1922 Leicester East by-election
Leicester East,East Midlands,Q47994,14,0,2,official region of England,,Q48091|Q6955655,,East Midlands
Leicester East,East Midlands,Q5328978,14,0,2,constituency of the European Parliament,,Q2631496,,East Midlands (European Parliament constituency)
Leicester East,East Midlands Railway,Q65090907,14,0,2,transport company operating the East Midlands rail franchise,EMR|Abellio East Midlands Limited|Transport UK East Midlands Limited,Q17102188,,East Midlands Railway
Leicester East,East Midlands Trains,Q1277954,14,0,2,British train operating company,EMT,Q17102188,,East Midlands Trains
Leicester East,East Midlands Airport,Q8977,14,0,2,international airport in the East Midlands of England,EMA|EGNX|East Midlands International|RAF Castle Donington|Castle Donington,Q644371|Q1248784|Q94993988,,East Midlands Airport
Leicester East,East Midlands Counties Football League,Q5328982,14,0,2,Level 10 of the National League Pyramid,,Q15991303,,East Midlands Counties Football League
Leicester East,East Midlands,Q121568197,14,0,2,combined county authority area,,Q124407170,,East Midlands (strategic authority area)
Leicester East,East Midlands Ambulance Service,Q5328979,14,0,2,UK public sector ambulance service for the East Midlands region of England (1999-2006 & 2006- ),East Midlands Ambulance Service NHS Trust|East Midlands Ambulance Service National Health Service Trust|EMAS,Q16986400,,East Midlands Ambulance Service
Leicester East,East Midlands Parkway railway station,Q5328988,14,0,2,"railway station in Nottinghamshire, England, UK",East Midlands Parkway Station|EMD,Q55488,,East Midlands Parkway railway station
Leicester East,East Midlands Electricity,Q5328984,14,0,2,UK regional electricity supplier (1947-1993),East Midlands Electricity Board,Q105483186,,East Midlands Electricity
Leicester East,Leicester City F.C.,Q19481,14,0,2,"association football club in Leicester, England",Leicester City Football Club|Leicester City FC|Leicester City|Leicester|Leicester Fosse Football Club|Leicester Fosse FC|Leicester Fosse|The Foxes|LCFC|City|L.C.F.C.,Q476028,,Leicester City F.C.
Leicester East,Leicester,Q21296600,14,0,2,male given name,Leicester (first name)|Leicester (given name),Q12308941,,
Leicester East,Leicester,Q83065,14,0,2,"city in Leicestershire, East Midlands, England","Leicester, England",Q515|Q1357964|Q1549591,,Leicester
Leicester East,Leicester,Q1968733,14,0,2,"town in Worcester County, Massachusetts, United States","Leicester, Massachusetts|Greenville, Massachusetts",Q2154459,,"Leicester, Massachusetts"
Leicester East,Leicestershire,Q67533246,14,0,2,historic county of England,County of Leicester,Q1138494,,
Leicester East,City of Leicester,Q21683242,14,0,2,"unitary authority in the ceremonial county of Leicestershire, England",Leicester|Leicester (unparished area)|County Borough of Leicester|GB-LCE,Q1136601|Q21503295|Q1006876|Q7897276|Q1137272|Q518343|Q1187580,,City of Leicester
Leicester East,University of Leicester,Q1333399,14,0,2,"university in Leicester, United Kingdom",Leicester University,Q3918|Q38723|Q45400320|Q5341295,,University of Leicester
Leicester East,Leicester,Q60576080,14,0,2,Constituency of the Parliament of England (to 1707),,Q27990982,,
Leicester East,Leicester,Q6519147,14,0,2,"Parliamentary constituency in the United Kingdom, 1801–1918",,Q27971968,,Leicester (UK Parliament constituency)
Leicester East,Leicester,Q1877569,14,0,2,"town in Addison County, Vermont, United States","Leicester, Vermont|Leicester, VT",Q2154459,,"Leicester, Vermont"
Leicester East,East Midlands Regional Select Committee,Q5328991,14,0,2,former select committee of the UK House of Commons,East Midlands Select Committee|East Midlands Committee|East Midlands Regional Grand Committee,Q105502388,,East Midlands Regional Select Committee
Leicester East,East Midlands Regional Women's Football League,Q5328992,14,0,2,football league,,Q623109,,East Midlands Regional Women's Football League
Leicester East,East Midlands Regional League,Q48806238,14,0,2,English football league,,,,East Midlands Regional League
Leicester East,East Midlands Regional Assembly,Q5328990,14,0,2,organization,,Q43229,,East Midlands Regional Assembly
Leicester East,East Midlands Regional Range Club,Q111524714,14,0,2,target sports club in the UK,,Q847017,,
Leicester East,East Midlands Regional Service Centre,Q105537513,14,0,2,"unit within the UK Ministry of Agriculture, Fisheries and Food",,Q105536562,,
Leicester East,East Midlands Regional Grand Committee,Q105545023,14,0,2,UK legislation scrutiny committee,,Q5595254,,
Leicester East,East Midlands Regional Office of the Ministry of Technology,Q58994442,14,0,2,scientific article published in Nature,,Q13442814,,
East Midlands,East Midlands,Q47994,14,1,1,official region of England,,Q48091|Q6955655,,East Midlands
East Midlands,East Midlands,Q5328978,14,1,1,constituency of the European Parliament,,Q2631496,,East Midlands (European Parliament constituency)
East Midlands,East Midlands Railway,Q65090907,14,1,1,transport company operating the East Midlands rail franchise,EMR|Abellio East Midlands Limited|Transport UK East Midlands Limited,Q17102188,,East Midlands Railway
East Midlands,East Midlands Trains,Q1277954,14,1,1,British train operating company,EMT,Q17102188,,East Midlands Trains
East Midlands,East Midlands Airport,Q8977,14,1,1,international airport in the East Midlands of England,EMA|EGNX|East Midlands International|RAF Castle Donington|Castle Donington,Q644371|Q1248784|Q94993988,,East Midlands Airport
East Midlands,East Midlands Counties Football League,Q5328982,14,1,1,Level 10 of the National League Pyramid,,Q15991303,,East Midlands Counties Football League
East Midlands,East Midlands,Q121568197,14,1,1,combined county authority area,,Q124407170,,East Midlands (strategic authority area)
East Midlands,East Midlands Ambulance Service,Q5328979,14,1,1,UK public sector ambulance service for the East Midlands region of England (1999-2006 & 2006- ),East Midlands Ambulance Service NHS Trust|East Midlands Ambulance Service National Health Service Trust|EMAS,Q16986400,,East Midlands Ambulance Service
East Midlands,East Midlands Parkway railway station,Q5328988,14,1,1,"railway station in Nottinghamshire, England, UK",East Midlands Parkway Station|EMD,Q55488,,East Midlands Parkway railway station
East Midlands,East Midlands Electricity,Q5328984,14,1,1,UK regional electricity supplier (1947-1993),East Midlands Electricity Board,Q105483186,,East Midlands Electricity
East Midlands,Leicester East,Q1077463,14,1,2,"Parliamentary constituency in the United Kingdom, 1974 onwards",,Q27971968,,Leicester East
East Midlands,Leicester East,Q42968204,14,1,2,"Parliamentary constituency in the United Kingdom, 1918-1950",,Q27971968,,
East Midlands,1922 Leicester East by-election,Q15616269,14,1,2,UK Parliamentary by-election,"Leicester East by-election, 1922",Q1057954,,1922 Leicester East by-election
Leicester East,Leicester East,Q1077463,15,0,1,"Parliamentary constituency in the United Kingdom, 1974 onwards",,Q27971968,,Leicester East
Leicester East,Leicester East,Q42968204,15,0,1,"Parliamentary constituency in the United Kingdom, 1918-1950",,Q27971968,,
Leicester East,1922 Leicester East by-election,Q15616269,15,0,1,UK Parliamentary by-election,"Leicester East by-election, 1922",Q1057954,,1922 Leicester East by-election
Southwark North,Southwark North,Q7571155,16,0,1,"Parliamentary constituency in the United Kingdom, 1918-1950",,Q27971968,,Southwark North
Southwark North,Southwark North,Q65045635,16,0,1,London County Council constituency,,Q97588718,,Southwark North (London County Council constituency)
Southwark North,1927 Southwark North by-election,Q7571154,16,0,1,UK parliamentary by-election,"Southwark North by-election, 1927",Q7864918,,1927 Southwark North by-election
Southwark North,1939 Southwark North by-election,Q7571156,16,0,1,UK by-election,"Southwark North by-election, 1939",Q7864918,,1939 Southwark North by-election
Holderness,Holderness,Q111073014,17,0,1,given name,,Q202444,,
Holderness,Holderness,Q5879632,17,0,1,former district in England,,Q1187580|Q1006876,,Holderness (borough)
Holderness,Holderness,Q2538888,17,0,1,"town in Grafton County, New Hampshire, United States","Holderness, New Hampshire|Holderness N.H.|Holderness NH|Holderness, NH",Q2154459,,"Holderness, New Hampshire"
Holderness,Holderness,Q18349784,17,0,1,family name,,Q101352,,Holderness (surname)
Holderness,Holderness,Q731334,17,0,1,"area of the East Riding of Yorkshire, on the east coast of England",,Q34763|Q4835091,,Holderness
Holderness,Holderness,Q5879629,17,0,1,"Parliamentary constituency in the United Kingdom, 1885-1950",,Q27971968,,Holderness (constituency)
Holderness,Holderness,Q56653560,17,0,1,electoral ward of Rotherham Metropolitan Borough Council,Holderness Ward,Q589282,,
Holderness,Holderness,Q56612251,17,0,1,electoral ward of the unitary authority of Kingston upon Hull,Holderness Ward,Q589282,,
Holderness,Holderness School,Q4499019,17,0,1,"private high school in Holderness, New Hampshire, USA",,Q269770,,Holderness School
Holderness,Holderness,Q31497700,17,0,1,mountain in South Africa,,Q8502,,
Holderness,Holderness Coast,Q66694277,17,0,2,"coast of the East Riding of Yorkshire, England",,Q93352,,
Portarlington,Portarlington,Q7231525,18,0,1,"Parliamentary constituency in the United Kingdom, 1801-1885",,Q27971968,,Portarlington (UK Parliament constituency)
Portarlington,Portarlington,Q7231520,18,0,1,"town in Victoria, Australia","Portarlington, Victoria|Portarlington, Victoria, Australia",Q3957,,"Portarlington, Victoria"
Portarlington,Portarlington,Q1989246,18,0,1,"town in County Laois, Ireland","Portarlington, County Laois|Cúil an tSúdaire",Q3957,,"Portarlington, County Laois"
Portarlington,Portarlington,Q7231519,18,0,1,pre-1801 Irish constituency,,Q21815201,,Portarlington (Parliament of Ireland constituency)
Portarlington,Portarlington railway station,Q3970565,18,0,1,railway station in Ireland,,Q55488|Q22808404,,Portarlington railway station
Portarlington,"Portarlington, Earl of",Q99528736,18,0,1,entry in Thom's Irish Who's Who,Lionel Arthur Henry Seymour Dawson-Damer,Q19389637,,
Portarlington,PORTARLINGTON,Q123662748,18,0,1,"weather station in Victoria, Australia from 1971 to 1976",200730,Q190107,,
Portarlington,PORTARLINGTON,Q123660804,18,0,1,"weather station in Victoria, Australia from 1884 to 2017",087053,Q190107,,
Portarlington,PORTARLINGTON,Q123660921,18,0,1,"weather station in Victoria, Australia from 1987 to 1987",087164,Q190107,,
Portarlington,Dublin–Galway railway line,Q3743699,18,0,1,railway route,Portarlington–Galway railway line,Q728937,,Dublin–Westport/Galway railway line
Portarlington,Athlone,Q369911,18,0,2,"town in County Westmeath, Ireland",Baile Átha Luain,Q3957,,Athlone
Portarlington,Athlone,Q112659070,18,0,2,female given name,,Q11879590,,
Portarlington,Athlone,Q4815602,18,0,2,"place in Western Cape, South Africa",,Q123705,,"Athlone, Cape Town"
Portarlington,Athlone,Q4815604,18,0,2,"Parliamentary constituency in the United Kingdom, 1801-1885",,Q27971968,,Athlone (UK Parliament constituency)
Portarlington,Athlone,Q4815600,18,0,2,"neighbourhood in Edmonton, Alberta, Canada",,Q123705,,"Athlone, Edmonton"
Portarlington,Athlone,Q54377006,18,0,2,"municipal district in county Westmeath, Ireland",,Q6664352,,
Portarlington,Athlone,Q54945410,18,0,2,Local Electoral Area for Roscommon in the Republic of Ireland,Athlone (Roscommon),Q54932970,,
Portarlington,Athlone Press,Q113056488,18,0,2,academic publisher,University of London Press|Athlone,Q2085381,,
Portarlington,Athlone,Q54947028,18,0,2,Local Electoral Area in Westmeath in the Republic of Ireland,Athlone (Westmeath),Q54932987,,
Portarlington,Athlone,Q96372737,18,0,2,"townland in Athlone East Rural, County Westmeath, Ireland",,Q2151232,,Athlone (townland)
Portarlington,Mullingar,Q55308,18,0,2,"town in County Westmeath, Ireland",,Q3957,,Mullingar
Portarlington,Mullingar,Q6934260,18,0,2,"hamlet in Saskatchewan, Canada",,Q115865269,,"Mullingar, Saskatchewan"
Portarlington,Mullingar,Q6934261,18,0,2,defunct constituency,,Q21815201,,Mullingar (Parliament of Ireland constituency)
Portarlington,Mullingar,Q54377007,18,0,2,"municipal district in county Westmeath, Ireland",,Q6664352,,
Portarlington,Mullingar railway station,Q3970250,18,0,2,"railway station in Mullingar, Ireland",,Q55488|Q22808404,,Mullingar railway station
Portarlington,Mullingar,Q28942227,18,0,2,locality in Western Australia,"Mullingar, Western Australia|Mullingar, Western Australia, Australia",Q3257686,,"Mullingar, Western Australia"
Portarlington,Mullingar,Q22084165,18,0,2,"civil parish in County Westmeath, Ireland",,Q3910694,,Mullingar (civil parish)
Portarlington,Mullingar,Q104350770,18,0,2,"townland in Killygordon, County Donegal, Ireland",,Q2151232,,
Portarlington,Mullingar,Q104278138,18,0,2,"townland in Westmeath, Ireland",,Q2151232,,
Portarlington,Mullingar Rural,Q59722469,18,0,2,"electoral district in County Westmeath, Ireland",,Q2500304,,
Portarlington,Longford,Q2105044,18,0,2,"village and civil parish in Derbyshire Dales district, Derbyshire, England","Longford, Derbyshire",Q532|Q1115575,,"Longford, Derbyshire"
Portarlington,Longford,Q48688536,18,0,2,family name,,Q101352,,
Portarlington,County Longford,Q186220,18,0,2,county in Ireland,Longford|Co. Longford|Co Longford,Q179872,,County Longford
Portarlington,Longford,Q19868857,18,0,2,"village and civil parish in Tewkesbury, Gloucestershire, England, UK","Longford, Gloucestershire",Q1115575|Q532,,"Longford, Gloucestershire"
Portarlington,Longford,Q90124079,18,0,2,given name,,Q202444,,
Portarlington,Longford,Q3877223,18,0,2,"village in Telford and Wrekin, Shropshire, UK","Longford, Shropshire|Longford, Telford and Wrekin",Q532|Q1115575,,"Longford, Telford and Wrekin"
Portarlington,Longford,Q645623,18,0,2,"county town of County Longford, Ireland",Longford Town|An Longfort|Longfort Uí Fheaghail,Q13455770|Q3957,,Longford
Portarlington,Longford,Q941931,18,0,2,"town in Tasmania, Australia","Longford, Tasmania|Longford, Tasmania, Australia",Q3957|Q98433835,,"Longford, Tasmania"
Portarlington,Longford,Q59419913,18,0,2,"barony in County Galway, Ireland",,Q853565,,Longford (County Galway barony)
Portarlington,Longford,Q47412987,18,0,2,"Parliamentary constituency in the United Kingdom, 1801-1885",,Q27971968,,
Ireland,Ireland,Q27,18,1,1,country in Northwestern Europe,Republic of Ireland|Southern Ireland|Irish Republic,Q3624078|Q112099|Q6256|Q127693126,,Republic of Ireland
Ireland,Ireland,Q22890,18,1,1,island in the North Atlantic Ocean,Airlan|Irland|Irlanda|Irlandia|Auld Sod|Irlande|Airlann|Mikra Britannia|Ireland (island)|Éire|Banba|Fódhla|Emerald Isle|Erin|Britannia Minor|Ivernia|Ierne|Island of Saints|Hibernia|Island of Ireland|isle of Ireland|Eire|Scotia Major,Q23442|Q3502482,,Ireland
Ireland,Kingdom of Ireland,Q215530,18,1,1,kingdom on the island of Ireland between 1542 and 1801,Ireland,Q3024240|Q3624078|Q417175,,Kingdom of Ireland
Ireland,Ireland,Q57695350,18,1,1,part of the United Kingdom (1801–1922),,Q3336843|Q19953632,,British Ireland (1801-1921)
Ireland,Ireland,Q28199768,18,1,1,family name,,Q101352,,Ireland (surname)
Ireland,Samuel Ireland,Q7411777,18,1,1,British author and engraver,"Samuel, I Ireland|Samuel I Ireland|Ireld|Irld|Ireland",Q5,,Samuel Ireland
Ireland,Ireland,Q140145075,18,1,1,book chapter in Gendered Electoral Financing (2019),,Q1980247,,
Ireland,Ireland,Q123408851,18,1,1,badminton player,,Q5,,
Ireland,Ireland,Q139727919,18,1,1,,,Q571,,
Ireland,Republic of Ireland men's national association football team,Q163547,18,1,1,men's national football team representing the Republic of Ireland,Ireland National Football Team|Republic of Ireland national football team|Republic of Ireland national association football team|Republic of Ireland men's national football team,Q135408445,Q1194951,Republic of Ireland national football team
Whitby,Whitby,Q852778,19,0,1,"town in North Yorkshire, England, UK","Whitby, North Yorkshire|Whitby, Scarborough|Whitby, England",Q100503226|Q1115575,,Whitby
Whitby,Whitby,Q386338,19,0,1,"town in Durham Region, Ontario, Canada","Whitby, Ontario|Whitby, ON",Q3957|Q15210668,,"Whitby, Ontario"
Whitby,Whitby,Q29401488,19,0,1,family name,,Q101352,,Whitby (surname)
Whitby,Whitby,Q7994182,19,0,1,"geographic township in Whitby, Ontario, Canada","Whitby Township, Ontario",Q96759164,,Whitby Township
Whitby,Whitby,Q24668557,19,0,1,UK civil parish,,Q1115575,,
Whitby,Whitby Town F.C.,Q18306,19,0,1,"association football club in Whitby, England",Whitby Town Football Club|Whitby Town FC|Whitby Town|Whitby|The Blues|Town|WTFC,Q476028,,Whitby Town F.C.
Whitby,Whitby,Q125610530,19,0,1,"area of Ellesmere Port, Cheshire West and Chester, Cheshire, England",,Q188509|Q1115575,,
Whitby,Whitby,Q16967060,19,0,1,"federal electoral district in Ontario, Canada (Since 2015)",,Q17202187|Q6593031,,Whitby (federal electoral district)
Whitby,Whitby,Q7994162,19,0,1,"Parliamentary constituency in the United Kingdom, 1832-1918",,Q27971968,,Whitby (constituency)
Whitby,Whitby,Q7994158,19,0,1,"suburb of Porirua, New Zealand",,Q188509,,"Whitby, New Zealand"
Whitby,Whitby Abbey,Q1469493,19,0,2,abbey,,Q160742|Q16735822,,Whitby Abbey
Whitby,Whitby Abbey,Q63638844,19,0,2,guidebook published in 2002,,Q223638,,
Whitby,Whitby Abbey,Q119046816,19,0,2,"painting by British (English) School, Pannett Art Gallery",,Q3305213,,
Whitby,Whitby Abbey,Q119125352,19,0,2,"painting by William Richardson, English Heritage, Whitby Abbey",,Q3305213,,
Whitby,Whitby Abbey,Q119083007,19,0,2,"painting by Henry Forbes Witherby (1836–1907), Pannett Art Gallery",,Q3305213,,
Whitby,Whitby Abbey,Q97988512,19,0,2,General Cargo Liner built in Aberdeen in 1954,,Q11446,,
Whitby,Whitby Abbey Cross,Q17526111,19,0,2,"Grade I listed building in Whitby, North Yorkshire, England, UK",,Q939644,,Whitby Abbey Cross
Whitby,"Whitby Abbey, North Yorkshire",Q119168411,19,0,2,"painting by Albert Goodwin (1845–1932), Victoria Art Gallery",,Q3305213,,
Whitby,"Whitby Abbey, North Yorkshire",Q119832609,19,0,2,"painting by Richard Weatherill (1844–1923), Ferens Art Gallery",,Q3305213,,
Whitby,Whitby Abbey,Q59636666,19,0,2,article published in 1915,,Q13442814,,
Whitby,Whitby Museum,Q7994174,19,0,2,"museum in North Yorkshire, England, United Kingdom",Pannett Museum and Art Gallery|Whitby Museum and Pannett Art Gallery,Q1595639|Q115154402,,Whitby Museum
Scarborough and Whitby,Scarborough and Whitby,Q1031819,20,0,1,"Parliamentary constituency in the United Kingdom, 1997 onwards",Scarborough & Whitby,Q27971968,,Scarborough and Whitby
Scarborough and Whitby,Scarborough and Whitby,Q42965986,20,0,1,"Parliamentary constituency in the United Kingdom, 1918-1974",,Q27971968,,
Scarborough and Whitby,Scarborough and Whitby Railway,Q803168,20,0,1,English railway company bought by the North Eastern Railway in 1898,Scarborough & Whitby Railway,Q249556|Q728937,,Scarborough and Whitby Railway
Scarborough and Whitby,1941 Scarborough and Whitby by-election,Q17020558,20,0,1,UK by-election,"Scarborough and Whitby by-election, 1941",Q7864918,,1941 Scarborough and Whitby by-election
Scarborough and Whitby,1931 Scarborough and Whitby by-election,Q17022202,20,0,1,UK by-election,"Scarborough and Whitby by-election, 1931",Q7864918,,1931 Scarborough and Whitby by-election
Scarborough and Whitby,Scarborough,Q894092,20,0,2,"former non-metropolitan district with borough status in North Yorkshire, England",Scarborough Borough|Scarborough District|Borough of Scarborough,Q1187580|Q1006876,,Borough of Scarborough
Scarborough and Whitby,Scarborough,Q1025401,20,0,2,"district in Toronto, Ontario, Canada","Scarborough, Ontario|Scarborough, ON",Q515|Q4286337|Q192611,,"Scarborough, Ontario"
Scarborough and Whitby,Scarborough,Q2076311,20,0,2,"town in Cumberland County, Maine, United States","Scarborough, Maine|Scarboro, Maine|Scarboro|Scarborough, ME",Q2154459|Q15127012|Q486972,,"Scarborough, Maine"
Scarborough and Whitby,Scarborough,Q16882796,20,0,2,family name,,Q101352,,Scarborough (surname)
Scarborough and Whitby,Scarborough,Q743521,20,0,2,"town and civil parish in North Yorkshire, England","Scarborough, North Yorkshire",Q3957|Q7897276|Q1115575,,"Scarborough, North Yorkshire"
Scarborough and Whitby,Scarborough F.C.,Q1237961,20,0,2,"defunct association football club Scarborough, England",Scarborough Football Club|Scarborough FC|Scarborough|Seadogs|Boro|SFC,Q94579592,,Scarborough F.C.
Scarborough and Whitby,Scarborough,Q966660,20,0,2,town in Trinidad and Tobago,"Scarborough, Tobago",Q486972,,"Scarborough, Trinidad and Tobago"
Scarborough and Whitby,Scarborough,Q60576094,20,0,2,Constituency of the Parliament of England (to 1707),,Q27990982,,
Scarborough and Whitby,Scarborough Athletic F.C.,Q7430259,20,0,2,"association football club in Scarborough, England",Scarborough Athletic Football Club|Scarborough Athletic FC|Scarborough Athletic|Scarborough|The Seadogs|Athletic|SAFC,Q476028,,Scarborough Athletic F.C.
Scarborough and Whitby,Scarborough,Q7430262,20,0,2,"Parliamentary constituency in the United Kingdom, 1974-1997",,Q27971968,,Scarborough (constituency)
Scarborough and Whitby,Whitby,Q852778,20,0,2,"town in North Yorkshire, England, UK","Whitby, North Yorkshire|Whitby, Scarborough|Whitby, England",Q100503226|Q1115575,,Whitby
Scarborough and Whitby,Whitby,Q386338,20,0,2,"town in Durham Region, Ontario, Canada","Whitby, Ontario|Whitby, ON",Q3957|Q15210668,,"Whitby, Ontario"
Scarborough and Whitby,Whitby,Q29401488,20,0,2,family name,,Q101352,,Whitby (surname)
Scarborough and Whitby,Whitby,Q7994182,20,0,2,"geographic township in Whitby, Ontario, Canada","Whitby Township, Ontario",Q96759164,,Whitby Township
Scarborough and Whitby,Whitby,Q24668557,20,0,2,UK civil parish,,Q1115575,,
Scarborough and Whitby,Whitby Town F.C.,Q18306,20,0,2,"association football club in Whitby, England",Whitby Town Football Club|Whitby Town FC|Whitby Town|Whitby|The Blues|Town|WTFC,Q476028,,Whitby Town F.C.
Scarborough and Whitby,Whitby,Q125610530,20,0,2,"area of Ellesmere Port, Cheshire West and Chester, Cheshire, England",,Q188509|Q1115575,,
Scarborough and Whitby,Whitby,Q16967060,20,0,2,"federal electoral district in Ontario, Canada (Since 2015)",,Q17202187|Q6593031,,Whitby (federal electoral district)
Scarborough and Whitby,Whitby,Q7994162,20,0,2,"Parliamentary constituency in the United Kingdom, 1832-1918",,Q27971968,,Whitby (constituency)
Scarborough and Whitby,Whitby,Q7994158,20,0,2,"suburb of Porirua, New Zealand",,Q188509,,"Whitby, New Zealand"
Scarborough and Whitby,Yorkshire,Q163,20,0,2,historic county of England,"County of York|God's Own County|Yorkshire, England",Q1138494|Q1620908,,Yorkshire
Scarborough and Whitby,Yorkshire,Q969032,20,0,2,"town in New York, United States","Yorkshire, New York|Yorkshire, NY",Q15127012|Q106071004,,"Yorkshire, New York"
Scarborough and Whitby,West Riding of Yorkshire,Q1934075,20,0,2,"one of the historic subdivisions of Yorkshire, England","Yorkshire, West Riding|County of York, West Riding|West Riding|West Riding of the County of York and the County of the City of York",Q94730503|Q2560047,,West Riding of Yorkshire
Scarborough and Whitby,North Riding of Yorkshire,Q372090,20,0,2,third of a historic county in England,"Yorkshire, North Riding|County of York, North Riding|North Riding",Q94730503,,North Riding of Yorkshire
Scarborough and Whitby,East Riding of Yorkshire,Q2194352,20,0,2,one of the historic subdivisions of Yorkshire,"Yorkshire, East Riding|County of York, East Riding|East Riding",Q94730503,,
Scarborough and Whitby,HMS Camel,Q85765231,20,0,2,1777 sixth-rate frigate,Yorkshire,Q892278,,HMS Camel (1776)
Scarborough and Whitby,Yorkshire,Q60576070,20,0,2,Constituency of the Parliament of England (to 1707),,Q27990982,,
Scarborough and Whitby,Yorkshire,Q8055661,20,0,2,"Parliamentary constituency in the United Kingdom, 1826-1832",,Q27971968,,Yorkshire (constituency)
Scarborough and Whitby,Yorkshire and the Humber,Q48063,20,0,2,region of England,Yorkshire and Humber,Q48091|Q6955655,,Yorkshire and the Humber
Scarborough and Whitby,Yorkshire,Q109660524,20,0,2,"Parliamentary constituency in the United Kingdom, 1801-1826",,Q27971968,,
Scarborough and Whitby,Humber,Q13729138,20,0,2,"hamlet and civil parish in Herefordshire, England, UK","Humber (civil parish), Herefordshire|Humber, Herefordshire",Q1115575|Q5084,,"Humber, Herefordshire"
Scarborough and Whitby,Humber River,Q1546192,20,0,2,"river in Ontario, Canada",,Q4022,,Humber River (Ontario)
Scarborough and Whitby,Humberto,Q19561459,20,0,2,male given name,Humberto (given name)|Humberto (first name),Q12308941,,
Scarborough and Whitby,Humberto Castelo Branco,Q294430,20,0,2,Brazilian military leader and politician; former President of Brazil (1900-1967),Marshal Humberto de Alencar Castelo Branco|Humberto de Alencar Castelo Branco,Q5,,Humberto de Alencar Castelo Branco
Scarborough and Whitby,Humber River,Q1636789,20,0,2,"river in Newfoundland, Canada",,Q4022,,Humber River (Newfoundland and Labrador)
Scarborough and Whitby,Humbert,Q9294936,20,0,2,male given name,Humbert (given name)|Humbert (first name),Q12308941,,Humbert
Scarborough and Whitby,Humber,Q550995,20,0,2,large tidal estuary in England,River Humber|Humber Estuary,Q4022|Q47053,,Humber
Scarborough and Whitby,Humbert,Q21492858,20,0,2,family name,,Q101352,,
Scarborough and Whitby,Humber Polytechnic,Q5939790,20,0,2,"publicly funded college in Toronto, Ontario, Canada",Humber College Institute of Technology and Advanced Learning|humber.ca|Humber College,Q189004|Q708676|Q845392,,Humber Polytechnic
Scarborough and Whitby,Humbert Balsan,Q321395,20,0,2,French film producer (1954-2005),Humbert Jean René Balsan|Humbert Jean Rene Balsan,Q5,,Humbert Balsan
Yorkshire and the Humber,Yorkshire and the Humber,Q48063,20,1,1,region of England,Yorkshire and Humber,Q48091|Q6955655,,Yorkshire and the Humber
Yorkshire and the Humber,Yorkshire and the Humber,Q8055775,20,1,1,"constituency of the European Parliament, 1999–2019",,Q2631496,,Yorkshire and the Humber (European Parliament constituency)
Yorkshire and the Humber,Yorkshire and the Humber Regional Select Committee,Q8055776,20,1,1,UK House of Commons Parliamentary Select Committee,Yorkshire and the Humber Select Committee,Q105502388,,Yorkshire and the Humber Regional Select Committee
Yorkshire and the Humber,Yorkshire and the Humber Strategic Health Authority,Q53048638,20,1,1,historic NHS administrative body,,Q6954194,,
Yorkshire and the Humber,Yorkshire and the Humber RFCA,Q86723229,20,1,1,Reserve Forces' and Cadets' Association for Yorkshire and the Humber,Yorkshire And The Humber Association,Q7315249,,
Yorkshire and the Humber,Yorkshire and the Humber Labour Party,Q56290991,20,1,1,,,,,Yorkshire and the Humber Labour Party
Yorkshire and the Humber,Yorkshire and the Humber Regional Grand Committee,Q105545035,20,1,1,UK legislation scrutiny committee,Yorkshire and the Humber Grand Committee|Yorkshire and the Humber Committee,Q5595254,,
Scarborough and Whitby,Scarborough and Whitby,Q1031819,21,0,1,"Parliamentary constituency in the United Kingdom, 1997 onwards",Scarborough & Whitby,Q27971968,,Scarborough and Whitby
Scarborough and Whitby,Scarborough and Whitby,Q42965986,21,0,1,"Parliamentary constituency in the United Kingdom, 1918-1974",,Q27971968,,
Scarborough and Whitby,Scarborough and Whitby Railway,Q803168,21,0,1,English railway company bought by the North Eastern Railway in 1898,Scarborough & Whitby Railway,Q249556|Q728937,,Scarborough and Whitby Railway
Scarborough and Whitby,1941 Scarborough and Whitby by-election,Q17020558,21,0,1,UK by-election,"Scarborough and Whitby by-election, 1941",Q7864918,,1941 Scarborough and Whitby by-election
Scarborough and Whitby,1931 Scarborough and Whitby by-election,Q17022202,21,0,1,UK by-election,"Scarborough and Whitby by-election, 1931",Q7864918,,1931 Scarborough and Whitby by-election
Scarborough and Whitby,Scarborough,Q743521,21,0,2,"town and civil parish in North Yorkshire, England","Scarborough, North Yorkshire",Q3957|Q7897276|Q1115575,,"Scarborough, North Yorkshire"
Scarborough and Whitby,"Scarborough, North Yorkshire",Q119861642,21,0,2,"painting by unknown artist, Compton Verney",,Q3305213,,
Scarborough and Whitby,"Scarborough, North Yorkshire",Q119802292,21,0,2,,,Q3305213,,
Scarborough and Whitby,"Scarborough, North Yorkshire",Q119795287,21,0,2,"painting by James Baker Pyne (1800–1870), Museums Sheffield",,Q3305213,,
Scarborough and Whitby,"Scarborough, North Yorkshire",Q119137788,21,0,2,"painting by Henry Robert Roe, Laing Art Gallery",,Q3305213,,
Scarborough and Whitby,"Scarborough, North Yorkshire",Q119113265,21,0,2,"painting by John William Inchbold (1830–1888), Leeds Art Gallery, Leeds Museums and Galleries",,Q3305213,,
Scarborough and Whitby,Whitby,Q852778,21,0,2,"town in North Yorkshire, England, UK","Whitby, North Yorkshire|Whitby, Scarborough|Whitby, England",Q100503226|Q1115575,,Whitby
Scarborough and Whitby,"Whitby, North Yorkshire",Q119404009,21,0,2,"painting by Harry Taylor Hoodless (1913–1997), Williamson Art Gallery & Museum",,Q3305213,,
Scarborough and Whitby,"Whitby, North Yorkshire",Q119500799,21,0,2,"painting by James Baker Pyne (1800–1870), Leicester Museum & Art Gallery",,Q3305213,,
Scarborough and Whitby,"Whitby, North Yorkshire",Q119726943,21,0,2,"painting by Joseph Murray Ince (1806–1859), Hereford Museum and Art Gallery",,Q3305213,,
Scarborough and Whitby,"Whitby, North Yorkshire",Q119121927,21,0,2,"painting by Charles Napier Hemy (1841–1917), Museums Sheffield",,Q3305213,,
Scarborough and Whitby,"Whitby, North Yorkshire, to Represent Sheffield on Holiday (one of a pair of murals to face east)",Q119326457,21,0,2,"painting by Richard Ernst Eurich (1903–1992), Royal Hallamshire Hospital",,Q3305213,,
Scarborough and Whitby,"Whitby, North Yorkshire, from the Sea",Q119084705,21,0,2,,,Q3305213,,
Wyre,Wyre,Q894100,22,0,1,"local government district with borough status in Lancashire, England",,Q1187580|Q1006876,,Borough of Wyre
Wyre,Wyre,Q37448778,22,0,1,family name,,Q101352,,
Wyre,Wyre Forest,Q548224,22,0,1,"local government district in Worcestershire, England",Wyre Forest District,Q1187580,,Wyre Forest District
Wyre,Wyre Piddle,Q549572,22,0,1,"village in Worcestershire, England, UK","Wyre Piddle, Worcestershire",Q532|Q1115575,,Wyre Piddle
Wyre,Wyre,Q537285,22,0,1,"island of the Orkney Islands, Scotland, UK","Wyre, Orkney|Viera|Viera, Orkney|Veira, Orkney|Veira",Q23442,,"Wyre, Orkney"
Wyre,Wyre,Q8040446,22,0,1,"Parliamentary constituency in the United Kingdom, 1983-1997",,Q27971968,,Wyre (constituency)
Wyre,Wyre,Q3570235,22,0,1,fictional character in Marvel Comics,,Q1094617,,Wyre (comics)
Wyre,Kevin Wyre,Q6397797,22,0,1,Kenyan musician,Wyre,Q5,,Wyre (musician)
Wyre,Wyrembelski,Q37573134,22,0,1,family name,,Q101352,,
Wyre,Wyre Forest,Q750781,22,0,1,"Parliamentary constituency in the United Kingdom, 1983 onwards",,Q27971968,,Wyre Forest (constituency)
Wyre,River Wyre,Q2544353,22,0,2,"river in Lancashire, United Kingdom",,Q4022,,River Wyre
Lancashire,Lancashire,Q67311452,22,1,1,historic county of England,County Palatine of Lancaster|County of Lancaster,Q1138494|Q2991489,,
Lancashire,Lancashire,Q21279371,22,1,1,non-metropolitan county (doesn't include Blackpool or Blackburn with Darwen),,Q769603|Q21272231,,
Lancashire,Lancashire,Q37539308,22,1,1,family name,,Q101352,,
Lancashire,Lancashire,Q23077,22,1,1,"ceremonial county in North-West England, United Kingdom","Lancs|Lancashire, England|Lancastershire",Q180673,,Lancashire
Lancashire,Lancashire County Cricket Club,Q2725657,22,1,1,English cricket club,Lancashire Cricket Club|Lancashire Cricket|Lancashire County Cricket Team|Lancashire Cricket Team|Cricket Lancashire|Lancashire CCC|Lancashire Lightning|Lancashire Lightning Cricket|Lancashire Lightning Cricket Club|Lancashire Lightning Cricket Team,Q17376093,,Lancashire County Cricket Club
Lancashire,Lancashire,Q60576015,22,1,1,Constituency of the Parliament of England (to 1707),,Q27990982,,
Lancashire,Lancashire,Q6482977,22,1,1,"Parliamentary constituency in the United Kingdom, 1801–1832",,Q27971968,,Lancashire (constituency)
Lancashire,Lancashire,Q57196638,22,1,1,DAB multiplex,Lancashire DAB|Bauer Lancashire,Q5204199,,
Lancashire,Manuscript map of Lancashire,Q106427158,22,1,1,map drawn by William Smith (ca. 1550-1618),Lancashire|Harley MS 6159 f. 4*,Q2353983,,
Lancashire,history of Lancashire,Q5865209,22,1,1,aspect of history,Lancashire history,Q17524420,,History of Lancashire
Lancashire,Wyre,Q894100,22,1,2,"local government district with borough status in Lancashire, England",,Q1187580|Q1006876,,Borough of Wyre
