data,candidates,QID,row,columns,quality,description,aliases,P31,P279,sitelink
Martin and Lewis,Martin and Lewis,Q831060,0,0,1,American double act,,Q1141470|Q109288825,,Martin and Lewis
Martin and Lewis,Martin and Lewis,Q6776960,0,0,1,2002 biographical TV drama film directed by John Gray,,Q506240,,Martin and Lewis (film)
Martin and Lewis,The Martin and Lewis Show,Q18154995,0,0,2,US radio program,,Q1555508,,The Martin and Lewis Show
Toronto,Toronto,Q172,0,1,1,"capital and largest city of the province of Ontario, Canada","City of Toronto|The Six|T-O|The 416|Hogtown|Toronto, Ontario|Toronto, ON|Toronto, Canada",Q515|Q21507383|Q14762300|Q1549591|Q51929311|Q1066984|Q18810091,,Toronto
Toronto,Toronto Maple Leafs,Q203384,0,1,1,"National Hockey League franchise in Toronto, Ontario, Canada",Maple Leafs|The Toronto Maple Leafs,Q4498974,,Toronto Maple Leafs
Toronto,Toronto Raptors,Q132880,0,1,1,"National Basketball Association team in Toronto, Ontario",Raptors,Q13393265,,Toronto Raptors
Toronto,Toronto FC,Q327238,0,1,1,"soccer club in Toronto, Ontario, Canada",Toronto F.C.|Toronto Football Club|Toronto Soccer Club|Toronto Soccer|Football Club of Toronto|Soccer Club of Toronto|TorontoFC,Q476028|Q15944511,,Toronto FC
Toronto,Toronto,Q117037112,0,1,1,oil tanker built in 2005,IMO 8808525,Q14928,,
Toronto,Toronto,Q736775,0,1,1,"city in Jefferson County, Ohio, United States","Toronto, Ohio|Toronto, OH",Q1093829,,"Toronto, Ohio"
Toronto,Toronto Blue Jays,Q650829,0,1,1,"baseball team and Major League Baseball franchise in Toronto, Ontario, Canada",Blue Jays|TBJ|Jays|Toronto Bluejays|Bluejays|Toronto Jays,Q13027888|Q5420795,,Toronto Blue Jays
Toronto,Toronto Argonauts,Q142349,0,1,1,"Canadian football team based in Toronto, Canada",Toronto Argonaut Football Club|Toronto Argos|The Argos,Q17271186,,Toronto Argonauts
Toronto,Toronto Metropolitan University,Q611723,0,1,1,"public research university located in Toronto, Ontario, Canada",Ryerson Polytechnical Institute|Ryerson Institute of Technology|Ryerson Polytechnic University|X University|Ryerson University|RU|TMU|Toronto Met|ryerson.ca,Q62078547|Q7900184|Q708676,,Toronto Metropolitan University
Toronto,Toronto City,Q2506760,0,1,1,defunct association football club,Toronto City Soccer Club,Q94579592,,Toronto City
Toronto,Toronto Maple Leafs,Q17144084,0,1,2,baseball team of the Intercounty Baseball League,,Q13027888,,Toronto Maple Leafs (Canadian Baseball League)
Toronto,Toronto Maple Leafs,Q7826440,0,1,2,defunct baseball team of the International League,,Q13027888,,Toronto Maple Leafs (International League)
Toronto,Toronto Maple Leafs,Q16852412,0,1,2,professional box lacrosse team in the National Lacrosse Association 1966&ndash,,Q847017,,Toronto Maple Leafs (NLA)
Toronto,Toronto Maple Leafs,Q137591415,0,1,2,Canadian soccer club,,Q94579592,,Toronto Maple Leafs (soccer club)
Toronto,"Toronto Maple Leafs at Seattle Kraken (February 26, 2023)",Q123688816,0,1,2,,,Q18918137,,
Toronto,Toronto Maple Leafs name Fletcher interim GM,Q17669605,0,1,2,Wikinews article,,Q17633526,,
Toronto,"Toronto Maple Leafs vs. Washington Capitals Oct 3, 2009 game",Q123688815,0,1,2,,,Q18918137,,
Toronto,"Toronto Maple Leafs at Los Angeles Kings (November 13, 2018)",Q123688817,0,1,2,,,Q18918137,,
Toronto,Toronto Maple Leafs in popular culture,Q55642407,0,1,2,overview of references to the Toronto Maple Leafs in popular culture,,Q20742825,,Toronto Maple Leafs in popular culture
Toronto,"Toronto Blue Jays vs New York Mets (June 30, 2026)",Q140381000,0,1,2,"Major League Baseball regular-season game at Rogers Centre on June 30, 2026.",,Q27927857,,
Toronto,"Toronto Blue Jays vs New York Mets (June 29, 2026)",Q140381036,0,1,2,"Major League Baseball regular-season game at Rogers Centre on June 29, 2026.",,Q27927857,,
Toronto,Toronto Blue Jays minor league players,Q7826287,0,1,2,Wikimedia list article,,Q13406463,,Toronto Blue Jays minor league players
Toronto,history of the Toronto Blue Jays,Q5870532,0,1,2,aspect of history,the Toronto Blue Jays history|Toronto Blue Jays history,Q17524420,,History of the Toronto Blue Jays
Toronto,Toronto Blue Jays mascots,Q7826284,0,1,2,overview about the Toronto Blue Jays mascots,Ace,Q386208,,Toronto Blue Jays mascots
Toronto,Toronto Blue Jays all-time roster,Q7826283,0,1,2,Wikimedia list article,,Q137424753,,Toronto Blue Jays all-time roster
Toronto,"Toronto Blue Jays vs New York Mets (July 1, 2026)",Q140380914,0,1,2,"Major League Baseball regular-season game at Rogers Centre on July 1, 2026",,Q27927857,,
Toronto,"Toronto Blue Jays vs Baltimore Orioles, 17 June 2016",Q123644295,0,1,2,,,Q27927857,,
Toronto,Toronto Blue Jays award winners and league leaders,Q7826282,0,1,2,,,Q13406463,,Toronto Blue Jays award winners and league leaders
The Christmas Card,The Christmas Card,Q100711823,1,0,1,episode of Who's the Boss? (S03 E11),,Q21191270,,
The Christmas Card,The Christmas Card,Q7722744,1,0,1,2006 film directed by Stephen Bridgewater,Christmas Card,Q506240,,The Christmas Card
The Christmas Card,The Christmas Cards,Q59192884,1,0,1,episode of Robert Montgomery Presents (S4 E17),,Q21191270,,
The Christmas Card,The Christmas Card,Q49967969,1,0,1,scientific article published in December 1995,,Q13442814,,
The Christmas Card,Christmas card,Q622508,1,0,2,a greeting card sent for Christmas,,Q717040,Q915196,Christmas card
The Christmas Card,Christmas Card from a Painted Lady,Q101989304,1,0,2,2016 studio album by Kikki Danielsson,,Q482994,,Christmas Card from a Painted Lady
The Christmas Card,Christmas Card,Q77467280,1,0,2,painting by Soren Emil Carlsen,,Q3305213,,
The Christmas Card,Christmas Card,Q25096698,1,0,2,studio album by The Statler Brothers,,Q482994,,Christmas Card (The Statler Brothers album)
The Christmas Card,Christmas Card,Q77467423,1,0,2,painting by Soren Emil Carlsen (Georgia 1987.90),,Q3305213,,
The Christmas Card,Christmas Card,Q77467318,1,0,2,painting by Soren Emil Carlsen (Georgia 1987.87),,Q3305213,,
The Christmas Card,Christmas Card,Q77467354,1,0,2,painting by Soren Emil Carlsen (Georgia 1987.88),,Q3305213,,
The Christmas Card,Christmas Card,Q77467392,1,0,2,painting by Soren Emil Carlsen (Georgia 1987.89),,Q3305213,,
The Christmas Card,Christmas Card,Q64535813,1,0,2,drawing in the National Gallery of Art (NGA 57942),,Q93184,,
California,California,Q99,1,1,1,state of the United States of America,"State of California|The Golden State|California, United States|Cal.|Golden State",Q35657,,California
California,California,Q16047894,1,1,1,genus of plants,,Q16521,,
California,California Institute of Technology,Q161562,1,1,1,"private research university located in Pasadena, California, USA",Caltech|Cal Tech|CIT,Q3918|Q23002054,,California Institute of Technology
California,California,Q23930100,1,1,1,2016 album by Blink-182,,Q482994,,California (Blink-182 album)
California,California,Q570510,1,1,1,album by American Music Club,California (American Music Club album),Q482994,,California (American Music Club album)
California,California,Q2970818,1,1,1,2004 studio album by Wilson Phillips,California (Wilson Phillips album),Q482994,,California (Wilson Phillips album)
California,California,Q93480414,1,1,1,vocal track by Grimes; 2015 studio recording,,Q55850593,,
California,California,Q104057194,1,1,1,Italian singer and disc jockey (born 1990),California DJ|Francesca Mesiano,Q5,,
California,"California State University, Fullerton",Q1026925,1,1,1,"public university in Fullerton, California, United States, part of the California State University system",CSUF|CSU Fullerton|Cal State Fullerton|California State University Fullerton|California State College at Fullerton|fullerton.edu|California State University at Fullerton,Q3918|Q23002039,,"California State University, Fullerton"
California,California titular see,Q1026788,1,1,1,former residential and current titular see of the Catholic Church,Roman Catholic Diocese of Both Californias|Roman Catholic Diocese of Two Californias,Q15217609,,Roman Catholic Diocese of California
California,Western Journal of Medicine,Q7476269,1,1,2,medical journal,Transactions of the Medical Society of the State of California|California State Journal of Medicine|California Medicine|West. J. Med.|WJM|The Western journal of medicine,Q5633421|Q773668|Q16024164,,Western Journal of Medicine
California,California State Journal of Medicine,Q26853916,1,1,2,journal,Cal. State J. Med.|The California State Journal of Medicine,Q5633421,,
California,San Diego State University,Q913861,1,1,2,"public research university in San Diego, California, United States",SDSU|San Diego State College|sdsu.edu|California State University at San Diego,Q62078547|Q23002039,,San Diego State University
California,San Francisco State University,Q1256981,1,1,2,"university in San Francisco, California, United States","San Francisco State|San Francisco State Normal School|San Francisco State Teachers College|San Francisco State College|California State University, San Francisco|State Teachers College of San Francisco|SFSU|S.F.S.U.|SF State|sfsu.edu",Q3918|Q23002039,,San Francisco State University
California,"California State University, Northridge",Q1026939,1,1,2,"public university in Northridge, Los Angeles, California, United States",CSU Northridge|Cal State Northridge|CSUN|csun.edu|California State University Northridge,Q875538|Q23002039,,"California State University, Northridge"
California,"California State University, Long Beach",Q1026926,1,1,2,"public university in Long Beach, California, United States",Cal State Long Beach|Long Beach State|LBSU|CSULB|Cal State-Long Beach|CSU Long Beach|csulb.edu|Long Beach State University,Q875538|Q23002039,,"California State University, Long Beach"
California,"California State University, Fresno",Q1026919,1,1,2,"public university in Fresno, California, United States",Fresno State|Fresno State University|Fresno State College|CSUF|California State University Fresno|csufresno.edu|fresnostate.edu,Q3918|Q23002039,,"California State University, Fresno"
California,"California State University, Channel Islands",Q1026905,1,1,2,"public university in California, United States",CSUCI|Cal State Channel Islands|csuci.edu,Q875538|Q23002039,,California State University Channel Islands
California,member of the California State Assembly,Q18180908,1,1,2,"elected representative in California, USA",member of the California Assembly|California Assemblyman|California Assemblywoman|California Assemblymember|California Assembly member|California State Assembly member,Q4164871,Q4175034|Q106079967,
California,Golden State Warriors,Q157376,1,1,2,"National Basketball Association team in San Francisco, California",Philadelphia Warriors|San Francisco Warriors|Dub Nation|Warriors|GSW,Q13393265,,Golden State Warriors
California,Golden State,Q3773002,1,1,2,album by Bush,,Q482994,,Golden State (album)
California,Golden State,Q1287002,1,1,2,official nickname of U.S. state California,the Golden State,Q49614,,
California,Golden State,Q5579829,1,1,2,named passenger train between Chicago and Los Angeles from 1902–1968,Golden State Limited,Q1022147|Q67454740,,Golden State (train)
California,Golden State,Q5579821,1,1,2,American indie rock band,,Q215380,,Golden State (band)
California,Golden State EP,Q24807340,1,1,2,album by KT Tunstall,,Q482994,,Golden State EP
California,Golden State,Q5579822,1,1,2,schooner built in 1913,,Q3112873,,Golden State (schooner)
California,William F. Garms,Q54933296,1,1,2,four-masted schooner,Golden State,Q18710179,,William F. Garms
California,Joseph James Dengelo,Q4045981,1,1,2,"American serial killer, rapist, burglar and former police officer",Diamond Knot Killer|East Bay Rapist|East Side Killer|Original Night Stalker|Visalia Ransacker|GSK|EARONS|Rancho Cordova Cat|EAR/ONS|East Area Rapist|Cordova Meadows Burglar|Cordova Cat Burglar|Exeter Ransacker|EAR|ONS|Golden State Killer|Joseph DeAngelo|Joe DeAngelo|JJD|The Night Stalker|Night Stalker|The Original Night Stalker,Q5,,Joseph James DeAngelo
Somebody Help Me,Somebody Help Me,Q7559553,2,0,1,single by The Spencer Davis Group,,Q134556,,Somebody Help Me
Somebody Help Me,Somebody Help Me,Q7559555,2,0,1,2007 horror television film by Chris Stokes,,Q506240,,Somebody Help Me (film)
Somebody Help Me,Somebody Help Me 2,Q7559554,2,0,1,2010 film by Chris Stokes,,Q11424,,Somebody Help Me 2
Somebody Help Me,Somebody Help Me!--a new film,Q70604348,2,0,1,scientific article published on 01 October 1982,,Q13442814,,
Somebody Help Me,"Somebody help me, please",Q77775308,2,0,1,scientific article published on 01 February 2002,,Q13442814,,
California,California,Q99,2,1,1,state of the United States of America,"State of California|The Golden State|California, United States|Cal.|Golden State",Q35657,,California
California,California,Q16047894,2,1,1,genus of plants,,Q16521,,
California,California Institute of Technology,Q161562,2,1,1,"private research university located in Pasadena, California, USA",Caltech|Cal Tech|CIT,Q3918|Q23002054,,California Institute of Technology
California,California,Q23930100,2,1,1,2016 album by Blink-182,,Q482994,,California (Blink-182 album)
California,California,Q570510,2,1,1,album by American Music Club,California (American Music Club album),Q482994,,California (American Music Club album)
California,California,Q2970818,2,1,1,2004 studio album by Wilson Phillips,California (Wilson Phillips album),Q482994,,California (Wilson Phillips album)
California,California,Q93480414,2,1,1,vocal track by Grimes; 2015 studio recording,,Q55850593,,
California,California,Q104057194,2,1,1,Italian singer and disc jockey (born 1990),California DJ|Francesca Mesiano,Q5,,
California,"California State University, Fullerton",Q1026925,2,1,1,"public university in Fullerton, California, United States, part of the California State University system",CSUF|CSU Fullerton|Cal State Fullerton|California State University Fullerton|California State College at Fullerton|fullerton.edu|California State University at Fullerton,Q3918|Q23002039,,"California State University, Fullerton"
California,California titular see,Q1026788,2,1,1,former residential and current titular see of the Catholic Church,Roman Catholic Diocese of Both Californias|Roman Catholic Diocese of Two Californias,Q15217609,,Roman Catholic Diocese of California
California,California State University,Q815352,2,1,2,"public university system in California, United States",Cal State|CSU|California State University System|calstate.edu,Q1075106|Q3918,,California State University
California,San Diego State University,Q913861,2,1,2,"public research university in San Diego, California, United States",SDSU|San Diego State College|sdsu.edu|California State University at San Diego,Q62078547|Q23002039,,San Diego State University
California,San Francisco State University,Q1256981,2,1,2,"university in San Francisco, California, United States","San Francisco State|San Francisco State Normal School|San Francisco State Teachers College|San Francisco State College|California State University, San Francisco|State Teachers College of San Francisco|SFSU|S.F.S.U.|SF State|sfsu.edu",Q3918|Q23002039,,San Francisco State University
California,"California State University, Northridge",Q1026939,2,1,2,"public university in Northridge, Los Angeles, California, United States",CSU Northridge|Cal State Northridge|CSUN|csun.edu|California State University Northridge,Q875538|Q23002039,,"California State University, Northridge"
California,"California State University, Long Beach",Q1026926,2,1,2,"public university in Long Beach, California, United States",Cal State Long Beach|Long Beach State|LBSU|CSULB|Cal State-Long Beach|CSU Long Beach|csulb.edu|Long Beach State University,Q875538|Q23002039,,"California State University, Long Beach"
California,"California State University, Fresno",Q1026919,2,1,2,"public university in Fresno, California, United States",Fresno State|Fresno State University|Fresno State College|CSUF|California State University Fresno|csufresno.edu|fresnostate.edu,Q3918|Q23002039,,"California State University, Fresno"
California,"California State University, Channel Islands",Q1026905,2,1,2,"public university in California, United States",CSUCI|Cal State Channel Islands|csuci.edu,Q875538|Q23002039,,California State University Channel Islands
California,"California State University, Sacramento",Q1026941,2,1,2,"public university in Sacramento, California, United States","Sacramento State|CSU, Sacramento|Sacramento State University|Sac State|csus.edu|Cal State Sacramento",Q23002039|Q3918,,"California State University, Sacramento"
California,"California State University, Los Angeles",Q1026932,2,1,2,"public university in Los Angeles, California, United States","Cal State LA|Cal State Los Angeles|California State University Los Angeles|CSU Los Angeles|CSULA|California State College, Los Angeles|calstatela.edu",Q3918|Q23002039,,"California State University, Los Angeles"
California,California State Parks,Q2933976,2,1,2,department of the state government of California,California Department of Parks & Recreation|CA Department of Parks Recreation|CA State Parks|CDPR|California Dept. of Parks and Recreation|California Department of Parks and Recreation,Q5260434|Q114393305,,California State Parks
California,California State Parks,Q122905544,2,1,2,website of the California Department of Parks and Recreation,"California State Parks, California Department of Parks and Recreation|California Department of Parks and Recreation",Q35127,,
California,California State Parks,Q137915827,2,1,2,mining company in the United States,,Q4830453,,
California,California State Parks Foundation,Q55804123,2,1,2,American nonprofit organization,,Q163740,,
California,list of California state parks,Q1819508,2,1,2,Wikimedia list article,,Q13406463,,List of California state parks
California,Fresno State Bulldogs,Q2927988,2,1,2,"intercollegiate sports teams of California State University, Fresno","Bulldogs|Fresno State University Bulldogs|California State University, Fresno Bulldogs",Q2367225,,Fresno State Bulldogs
Hijack,Hijack,Q2432845,3,0,1,album by Amon Düül II,,Q482994,,Hijack (Amon Düül II album)
Hijack,aircraft hijacking,Q898712,3,0,1,incident involving unlawful seizure of an aircraft in operation,aircraft piracy|skyjacking|aviation piracy|airliner hijacking|hijacking of an aircraft|hijack|airplane hijacking|aeroplane hijacking|plane hijacking,,Q3149875|Q1933595|Q7674132,Aircraft hijacking
Hijack,hijacking,Q1933595,3,0,1,illegal seizure of any vehicle while in transit,hijack|highjacking|highjack|piracy,,Q53706|Q7283,
Hijack,Hijack,Q13027879,3,0,1,Thai boy band,,Q215380,,Hijack (Thai band)
Hijack,The Last Siege: Never Surrender,Q7746024,3,0,1,1999 film,Last Siege: Never Surrender|Hijack,Q11424,,
Hijack,Hijack,Q1372798,3,0,1,"hip hop group from Brixton, London",,Q2088357,,Hijack (group)
Hijack,hijack,Q3135472,3,0,1,player type in poker,,Q4897819,Q4197743,
Hijack,Hijack,Q5760224,3,0,1,2008 Bollywood film,,Q11424,,Hijack (2008 film)
Hijack,Hijack,Q46721790,3,0,1,1974 science fiction novel by Edward Wellen,,Q7725634,,
Hijack,Hijack,Q5760227,3,0,1,1975 song,,Q134556,,Hi-Jack
Hijack,détournement,Q3045377,3,0,2,artistic style,hijacking,Q1792379|Q1792644,,Détournement
Hijack,A Hijacking,Q4657304,3,0,2,2012 Danish film by Tobias Lindholm,Hijacking|Kapringen,Q11424,,A Hijacking
Hijack,Hijack 1971,Q123354220,3,0,2,2024 South Korean film,Hijacking|Haijaeking,Q11424,,Hijack 1971
Hijack,hijacking,Q131302822,3,0,2,"class of cyberattacks that take over an existing, trusted identifier, session, etc.",hijack attack|hijacking cyberattack|hijack cyberattack,,Q4071928,Hijack attack
Hijack,Hijacking,Q110055275,3,0,2,sketch from Saturday Night Live,,Q110039749,,
Hijack,Hijacking Sustainability,Q139876654,3,0,2,,,Q571,,
Hijack,Hijacking of Lufthansa Flight 181,Q326241,3,0,2,1977 aircraft hijacking,DLH181|Landshut-Hijacking,Q898712|Q1707496|Q1371150,,Lufthansa Flight 181
Hijack,Hijacking Act 1971,Q100164537,3,0,2,Public General Act of Parliament of the United Kingdom,1971 c. 70|1971 c70,Q105774620,,
Hijack,aircraft hijackings in the USSR,Q55659645,3,0,2,plane hijacking in the USSR,,Q74817647,Q898712,
California,California,Q99,3,1,1,state of the United States of America,"State of California|The Golden State|California, United States|Cal.|Golden State",Q35657,,California
California,California,Q16047894,3,1,1,genus of plants,,Q16521,,
California,California Institute of Technology,Q161562,3,1,1,"private research university located in Pasadena, California, USA",Caltech|Cal Tech|CIT,Q3918|Q23002054,,California Institute of Technology
California,California,Q23930100,3,1,1,2016 album by Blink-182,,Q482994,,California (Blink-182 album)
California,California,Q570510,3,1,1,album by American Music Club,California (American Music Club album),Q482994,,California (American Music Club album)
California,California,Q2970818,3,1,1,2004 studio album by Wilson Phillips,California (Wilson Phillips album),Q482994,,California (Wilson Phillips album)
California,California,Q93480414,3,1,1,vocal track by Grimes; 2015 studio recording,,Q55850593,,
California,California,Q104057194,3,1,1,Italian singer and disc jockey (born 1990),California DJ|Francesca Mesiano,Q5,,
California,"California State University, Fullerton",Q1026925,3,1,1,"public university in Fullerton, California, United States, part of the California State University system",CSUF|CSU Fullerton|Cal State Fullerton|California State University Fullerton|California State College at Fullerton|fullerton.edu|California State University at Fullerton,Q3918|Q23002039,,"California State University, Fullerton"
California,California titular see,Q1026788,3,1,1,former residential and current titular see of the Catholic Church,Roman Catholic Diocese of Both Californias|Roman Catholic Diocese of Two Californias,Q15217609,,Roman Catholic Diocese of California
California,California Highway Patrol,Q2249117,3,1,2,"law enforcement agency in California, USA",CHP,Q782673|Q3394132,,California Highway Patrol
California,California Highway Patrol Hq Heliport,Q74833961,3,1,2,"heliport in Sacramento County, California, United States",,Q502074,,
California,California Highway Patrol 11-99 Foundation,Q54857693,3,1,2,American nonprofit organization,,Q163740,,
On Golden Pond,On Golden Pond,Q451603,4,0,1,1981 film by Mark Rydell,,Q11424,,On Golden Pond (1981 film)
On Golden Pond,On Golden Pond,Q7090994,4,0,1,2001 television film,,Q506240,,On Golden Pond (2001 film)
On Golden Pond,On Golden Pond (play),Q15980253,4,0,1,play written by Ernest Thompson,,Q7725634,,On Golden Pond (play)
On Golden Pond,On Golden Pondscüm,Q123477725,4,0,1,episode of Yin Yang Yo! (S1 E6b),On Golden Pondscum,Q29555881,,
On Golden Pond,On golden pond: The value of collaboration and life-long learning,Q48647121,4,0,1,scientific article published in July 2003,,Q13442814,,
On Golden Pond,On Golden Pond,Q7090993,4,0,1,Wikimedia disambiguation page,,Q4167410,,On Golden Pond
On Golden Pond,Los Angeles,Q65,4,0,2,"seat of Los Angeles County, and largest city in California, United States","Pink City|The town of Our Lady the Queen of the Angels of the Little Portion|La La Land|Tinsel Town|City of Angels|City of Los Angeles|LA, California|Double Dubuque|Los Angeles, CA",Q13218391|Q515|Q200250|Q131338872|Q1093829,,Los Angeles
On Golden Pond,Los Angeles County,Q104994,4,0,2,"county in California, United States","Los Angeles County, California|County of Los Angeles, California|LA County|Los Angeles County, CA|LA County, CA|LA County, California|L.A. County",Q131427665,,"Los Angeles County, California"
On Golden Pond,Los Ángeles,Q16910,4,0,2,city in Chile,Los Angeles|Villa Los Ángeles,Q25412763|Q1549591|Q1840161,,"Los Ángeles, Chile"
On Golden Pond,Los Angeles County Museum of Art,Q1641836,4,0,2,"art museum in Los Angeles, United States",LACMA,Q207694|Q163740|Q33506,,Los Angeles County Museum of Art
On Golden Pond,Los Angeles,Q1147518,4,0,2,album of the American punk rock band X,,Q482994,,Los Angeles (X album)
On Golden Pond,Los Angeles Lakers,Q121783,4,0,2,American professional basketball team,Minneapolis Lakers|LA Lakers|L.A. Lakers|Purple and Gold|The Lake Show|Lakers,Q13393265,,Los Angeles Lakers
On Golden Pond,Los Angeles Times,Q188515,4,0,2,American daily newspaper covering the Greater Los Angeles area,,Q1110794|Q11032|Q35127,,Los Angeles Times
On Golden Pond,"University of California, Los Angeles",Q174710,4,0,2,"public university in Los Angeles, California, USA",UCLA|UC Los Angeles|University of California-Los Angeles|Los Angeles University of California|University of California at Los Angeles|State Normal School at Los Angeles|University of California Southern Branch|University of California Los Angeles,Q62078547|Q23002039,,"University of California, Los Angeles"
On Golden Pond,Los Angeles Dodgers,Q334634,4,0,2,"Major League Baseball franchise in Los Angeles, California",Dodgers|Brooklyn Dodgers|Brooklyn Robins|Brooklyn Superbas|Brooklyn Bridegrooms|Brooklyn Grooms|Brooklyn Grays|Brooklyn Atlantics|Bums|Robins|Superbas|Bridegrooms|Grooms|Grays|Atlantics|LAD|Trolley Dodgers|LA Dodgers,Q13027888,,Los Angeles Dodgers
On Golden Pond,Los Angeles Angels,Q743309,4,0,2,"baseball team and Major League Baseball franchise in Anaheim, California, United States",Anaheim Angels|California Angels|Angels|LAA|LA Angels|Los Angeles Angels of Anaheim,Q13027888,,Los Angeles Angels
On Golden Pond,Golden Pond,Q14690461,4,0,2,"human settlement in Trigg County, Kentucky, United States of America","Golden Pond, Kentucky|Golden Pond, KY",Q74047,,"Golden Pond, Kentucky"
On Golden Pond,Golden Pond,Q111508261,4,0,2,sculpture by Carla Lavatelli in Freiburg im Breisgau,,Q860861,,
On Golden Pond,Golden Pond,Q33256056,4,0,2,,,Q187223,,
On Golden Pond,Golden Pond Airport,Q35260360,4,0,2,airport in United States of America,,Q1248784,,
On Golden Pond,Golden Pond Media,Q136747218,4,0,2,,"Beijing Golden Pond Media Co., Ltd.|Golden Pond Media Corporation",Q11396960|Q10689397|Q1762059|Q375336,,
On Golden Pond,Golden Pond Estates,Q122552572,4,0,2,"populated place in St. Joseph County, Michigan, United States","Golden Pond Estates, Michigan|Golden Pond Estates, MI",Q486972,,
Los Angeles,Los Angeles,Q65,4,1,1,"seat of Los Angeles County, and largest city in California, United States","Pink City|The town of Our Lady the Queen of the Angels of the Little Portion|La La Land|Tinsel Town|City of Angels|City of Los Angeles|LA, California|Double Dubuque|Los Angeles, CA",Q13218391|Q515|Q200250|Q131338872|Q1093829,,Los Angeles
Los Angeles,Los Angeles County,Q104994,4,1,1,"county in California, United States","Los Angeles County, California|County of Los Angeles, California|LA County|Los Angeles County, CA|LA County, CA|LA County, California|L.A. County",Q131427665,,"Los Angeles County, California"
Los Angeles,Los Ángeles,Q16910,4,1,1,city in Chile,Los Angeles|Villa Los Ángeles,Q25412763|Q1549591|Q1840161,,"Los Ángeles, Chile"
Los Angeles,Los Angeles County Museum of Art,Q1641836,4,1,1,"art museum in Los Angeles, United States",LACMA,Q207694|Q163740|Q33506,,Los Angeles County Museum of Art
Los Angeles,Los Angeles,Q1147518,4,1,1,album of the American punk rock band X,,Q482994,,Los Angeles (X album)
Los Angeles,Los Angeles Lakers,Q121783,4,1,1,American professional basketball team,Minneapolis Lakers|LA Lakers|L.A. Lakers|Purple and Gold|The Lake Show|Lakers,Q13393265,,Los Angeles Lakers
Los Angeles,Los Angeles Times,Q188515,4,1,1,American daily newspaper covering the Greater Los Angeles area,,Q1110794|Q11032|Q35127,,Los Angeles Times
Los Angeles,"University of California, Los Angeles",Q174710,4,1,1,"public university in Los Angeles, California, USA",UCLA|UC Los Angeles|University of California-Los Angeles|Los Angeles University of California|University of California at Los Angeles|State Normal School at Los Angeles|University of California Southern Branch|University of California Los Angeles,Q62078547|Q23002039,,"University of California, Los Angeles"
Los Angeles,Los Angeles Dodgers,Q334634,4,1,1,"Major League Baseball franchise in Los Angeles, California",Dodgers|Brooklyn Dodgers|Brooklyn Robins|Brooklyn Superbas|Brooklyn Bridegrooms|Brooklyn Grooms|Brooklyn Grays|Brooklyn Atlantics|Bums|Robins|Superbas|Bridegrooms|Grooms|Grays|Atlantics|LAD|Trolley Dodgers|LA Dodgers,Q13027888,,Los Angeles Dodgers
Los Angeles,Los Angeles Angels,Q743309,4,1,1,"baseball team and Major League Baseball franchise in Anaheim, California, United States",Anaheim Angels|California Angels|Angels|LAA|LA Angels|Los Angeles Angels of Anaheim,Q13027888,,Los Angeles Angels
Los Angeles,Los Angeles Rams,Q337377,4,1,2,"NFL franchise in Inglewood, California, United States",L.A. Rams|St. Louis Rams|Cleveland Rams|Los Angles Rams,Q17156793,,Los Angeles Rams
Los Angeles,history of the Los Angeles Rams,Q5869920,4,1,2,American football team history,the Los Angeles Rams history|Los Angeles Rams history,Q17524420,,History of the Los Angeles Rams
Los Angeles,Los Angeles Rams all-time roster,Q130660321,4,1,2,,,,,Los Angeles Rams all-time roster
Los Angeles,"Los Angeles Rams vs. Minnesota Vikings (January 13, 2025 NFC wild card game)",Q137822333,4,1,2,,,Q21140826,,2024 NFC Wild Card playoff game (Minnesota–Los Angeles Rams)
Los Angeles,Los Angeles Rams Cheerleaders,Q7589676,4,1,2,NFL cheerleader squad,,Q25485678,,Los Angeles Rams Cheerleaders
Los Angeles,"Los Angeles Rams at Baltimore Ravens, 10 December 2023",Q124035850,4,1,2,,,Q21140826,,
Los Angeles,"Los Angeles Rams at Seattle Seahawks (September 10, 2023)",Q123987712,4,1,2,,,,,
Los Angeles,Los Angeles Rams all-time roster,Q130660009,4,1,2,,,Q3273417,,Los Angeles Rams all-time roster (Kir–Z)
Los Angeles,"Los Angeles Rams at Washington Football Team, 11 October 2020",Q123987721,4,1,2,,,Q21140826,,
Los Angeles,"Los Angeles Rams at Kansas City Chiefs (November 27, 2022)",Q123700531,4,1,2,,,Q21140826,,
Los Angeles,The Heat Game,Q45369584,4,1,2,Game 5 of the 1984 NBA World Championship Series,"Game 5 of 1984 NBA Finals|Los Angeles Lakers at Boston Celtics, Friday, June 8, 1984|Los Angeles Lakers at Boston Celtics, 8 June 1984",Q18431960,,
Los Angeles,Memorial Day Massacre,Q45368163,4,1,2,Game 1 of the 1985 NBA World Championship Series,"Game 1 of the 1985 NBA Finals|Los Angeles Lakers at Boston Celtics, Monday, May 27, 1985|Los Angeles Lakers at Boston Celtics, 27 May 1985",Q18431960,,
Los Angeles,Los Angeles Lakers accomplishments and records,Q11350249,4,1,2,,,,,Los Angeles Lakers accomplishments and records
Los Angeles,Los Angeles Lakers all-time roster,Q640697,4,1,2,Wikimedia list article,,Q13406463,,Los Angeles Lakers all-time roster
Los Angeles,Los Angeles Lakers draft history,Q6577091,4,1,2,Wikipedia list article,,Q13406463,,Los Angeles Lakers draft history
Los Angeles,history of the Los Angeles Lakers,Q929032,4,1,2,Sports team history,the Los Angeles Lakers history|Los Angeles Lakers history,Q17524420,,History of the Los Angeles Lakers
Los Angeles,"Los Angeles Lakers at Cleveland Cavaliers (November 25, 2023)",Q123988838,4,1,2,,,Q18431960,,
Los Angeles,"Los Angeles Lakers vs Milwaukee Bucks, January 15, 2013",Q117426017,4,1,2,"National Basketball Association regular-season game played on January 15, 2013","Milwaukee Bucks at Los Angeles Lakers, 15 January 2013",Q18431960,,
Los Angeles,WikiProject Los Angeles Lakers,Q136023703,4,1,2,,Los Angeles Lakers task force|Wikipedia:WikiProject National Basketball Association/Los Angeles Lakers task force|WikiProject National Basketball Association/Los Angeles Lakers task force,Q16695773|Q110059964,,Wikipedia:WikiProject National Basketball Association/Los Angeles Lakers task force
The Monk,The Monk,Q135041795,5,0,1,video game developed by Elusor Games,,Q7889,,
The Monk,The Monk,Q2659564,5,0,1,1796 novel by Matthew Lewis,The Monk: A Romance,Q7725634,,The Monk
The Monk,The Monk,Q20054717,5,0,1,painting by George Inness,Pines and Olives at Albano,Q3305213,,
The Monk,The Monkey Puzzle,Q3988374,5,0,1,album by UFO,,Q482994,,The Monkey Puzzle (UFO album)
The Monk,The Monk,Q31469557,5,0,1,mountain in South Africa,,Q8502,,
The Monk,The Monk,Q110379529,5,0,1,penny blood seralization,The Monk a tale of the Inquisition,Q1347298|Q571,,
The Monk,The Monk,Q110379528,5,0,1,penny blood seralization,The Monk: a romance,Q1347298|Q571,,
The Monk,The Monkees,Q464036,5,0,1,American pop group,Monkees,Q215380,,The Monkees
The Monk,The Monk,Q2862422,5,0,1,1972 film by Adonis Kyrou,Monk,Q11424,,The Monk (1972 film)
The Monk,The Monk,Q17011429,5,0,1,2015 film by Chen Kaige,Monk Comes Down the Mountain|Monk,Q11424,,Monk Comes Down the Mountain
San Francisco,San Francisco,Q62,5,1,1,"consolidated city and county in California, United States","San Francisco, California|The City by the Bay|SF|SFO|The Golden City|Paris of the West|Baghdad by the Bay|San Francisco County|San Francisco County, California|San Fran|Frisco|City and County of San Francisco|San Francisco, CA|San Francisco, Calif.",Q13218382|Q1093829|Q1549591|Q3559093|Q3301053|Q515|Q13218391,,San Francisco
San Francisco,San Francisco,Q949535,5,1,1,city in Argentina,"San Francisco, Córdoba",Q515|Q15284|Q486972,,"San Francisco, Argentina"
San Francisco,San Francisco,Q316332,5,1,1,municipality of the Philippines in the province of Cebu,,Q24764,,"San Francisco, Cebu"
San Francisco,San Francisco,Q104063,5,1,1,municipality of the Philippines in the province of Quezon,"Municipality of San Francisco|San Francisco, Quezon",Q24764,,"San Francisco, Quezon"
San Francisco,San Francisco,Q627190,5,1,1,municipality of the Philippines in the province of Agusan del Sur,,Q24764,,"San Francisco, Agusan del Sur"
San Francisco,San Francisco,Q173745,5,1,1,municipality of the Philippines in the province of Southern Leyte,,Q24764,,"San Francisco, Southern Leyte"
San Francisco,San Francisco,Q155864,5,1,1,municipality of the Philippines in the province of Surigao del Norte,,Q24764,,"San Francisco, Surigao del Norte"
San Francisco,San Francisco,Q2061686,5,1,1,Madrid Metro station,,Q928830|Q22808403,,San Francisco (Madrid Metro)
San Francisco,San Francisco,Q975641,5,1,1,Colombian municipality of the department of Antioquia,,Q2555896,,"San Francisco, Antioquia"
San Francisco,San Francisco,Q2434062,5,1,1,Colombian municipality of the department of Putumayo,,Q2555896,,"San Francisco, Putumayo"
San Francisco,"San Francisco, California",Q79871048,5,1,2,"photograph by Bill Owens (American, b. 1938) (2016.528)",,Q125191,,
San Francisco,"San Francisco, California Auditions",Q114478511,5,1,2,episode of American Idol (S8 E3),,Q21191270,,
San Francisco,"San Francisco, California Auditions",Q114524166,5,1,2,episode of American Idol (S4 E6),,Q21191270,,
San Francisco,"San Francisco, California Auditions",Q114551189,5,1,2,episode of American Idol (S5 E4),,Q21191270,,
San Francisco,"San Francisco, California Auditions",Q114544697,5,1,2,episode of American Idol (S10 E7),,Q21191270,,
San Francisco,"San Francisco, California Crew Manifests - FamilySearch Historical Records",Q94424319,5,1,2,,,Q60474998,,
San Francisco,"San Francisco, California. A concerted effort to lighten the load",Q46335573,5,1,2,scientific article,,Q13442814,,
San Francisco,City and County of San Francisco,Q5413764,5,1,2,"government of the consolidated city–county of San Francisco, California, United States",government of San Francisco,Q4307514|Q106514250|Q138816350,,Government of San Francisco
San Francisco,City and County of San Francisco v. EPA,Q129076194,5,1,2,pending U.S. Supreme Court case,,Q2334719,,City and County of San Francisco v. EPA
Phil Spector,Phil Spector,Q213793,6,0,1,American record producer (1939–2021),Harvey Phillip Spector|Phillip Harvey Spector,Q5,,Phil Spector
Phil Spector,Phil Spector,Q112436588,6,0,1,,,Q5,,
Phil Spector,Phil Spector,Q7182429,6,0,1,2013 biographical television film directed by David Mamet,,Q506240,,Phil Spector (film)
Phil Spector,Phil Spector's albums in chronological order,Q110091136,6,0,1,Wikimedia albums discography,Phil Spector albums discography|Phil Spector discography - albums,Q59191021,,
Phil Spector,Phil Spector discography,Q2085709,6,0,1,Wikimedia artist discography,discography of Phil Spector|discography from Phil Spector,Q104635718,,
Phil Spector,Phil Spector discography,Q111952105,6,0,1,,,Q273057,,Phil Spector discography
Phil Spector,Phil Spector's Subject Files (NAID 3990642),Q63904571,6,0,1,series in the National Archives and Records Administration's holdings,,Q2668072,,
Phil Spector,Phil Spector International,Q7182430,6,0,1,record label between 1970 and 1980,,Q18127,,Phil Spector International
Phil Spector,"Phil Spector, Famed Music Producer and Convicted Murderer, Dies at 81",Q123522302,6,0,1,"The New York Times article (January 17, 2021)",,Q309481,,
Phil Spector,Phillip Spector,Q125399755,6,0,1,,,Q5,,
New York City,New York City,Q60,6,1,1,most populous city in the United States,"the five boroughs|City of New York|NY City|New York City, New York|New York, NY|New York City, NY|Capital of the World|New York City (NYC)|New York (city)|city of New York|Center of the Universe|New York City, USA|New York City, United States of America|New York, New York, USA|New York (NY)|New York, N.Y.|NY, NY|New York City, United States|N. Y., N. Y.|New York City, New York, United States|Empire City",Q208511|Q2264924|Q1093829|Q515|Q1549591|Q51929311|Q15063611|Q200250|Q174844,,New York City
New York City,New York City,Q7013143,6,1,1,1984 video game,,Q7889,,New York City (video game)
New York City,New York City,Q116672088,6,1,1,2023 studio album by The Men,,Q482994,,
New York City,NY City,Q135264430,6,1,1,Tony Hawk's Pro Skater 2 level,New York|New York City,Q1046315,,
New York City,New York City Subway,Q7733,6,1,1,rapid transit system in New York City,New York Subway|NYC Subway,Q5503,,New York City Subway
New York City,New York City Public Schools,Q408230,6,1,1,department of the government of New York City,NYCDOE|NYC DOE|New York City Department of Education|NYC Department of Education|NYC Public Schools,Q2269756|Q15726209|Q131766096,,New York City Department of Education
New York City,New York Public Library,Q219555,6,1,1,public library system in New York City,"New York Library|The New York Public Library|New York City Public Library|New York City Library|NY Public Library|NYPL|nypl.org|The New York Public Library, Astor, Lenox and Tilden Foundations|New York Public Library, Astor, Lenox and Tilden Foundations",Q26271642|Q28564|Q163740,,New York Public Library
New York City,New York City Transit Authority,Q1325591,6,1,1,bus and subway service operator,NYCTA|MTA New York City Transit|The New York City Transit Authority|The TA,Q7835189,,New York City Transit Authority
New York City,New York City,Q18710663,6,1,1,"painting by Piet Mondrian at the Musée national d’Art moderne, Paris, France",New York City I|piet monderai,Q3305213,,New York City (painting)
New York City,New York City,Q7013127,6,1,1,band,,Q215380,,New York City (band)
Nero Wolfe,Nero Wolfe,Q371774,7,0,1,fictional armchair detective,,Q15632617|Q3658341|Q15773317|Q15773347|Q3656924,,Nero Wolfe
Nero Wolfe,Nero Wolfe,Q3180766,7,0,1,2001 television series,A Nero Wolfe Mystery|The Nero Wolfe Mysteries,Q5398426,,Nero Wolfe (2001 TV series)
Nero Wolfe,Nero Wolfe,Q3203805,7,0,1,1981 television series,,Q5398426,,Nero Wolfe (1981 TV series)
Nero Wolfe,Nero Wolfe,Q6996574,7,0,1,1977 television film directed by Frank D. Gilroy,,Q506240,,Nero Wolfe (film)
Nero Wolfe,Nero Wolfe,Q3874787,7,0,1,2012 Italian television series,,Q5398426,,
Nero Wolfe,Nero Wolfe,Q3874781,7,0,1,,,Q1259759,,
Nero Wolfe,Nero Wolfe,Q6996575,7,0,1,1982 Canadian Broadcasting Corporation radio series starring Mavor Moore,,Q1555508,,Nero Wolfe (1982 radio series)
Nero Wolfe,Nero Award,Q179810,7,0,1,American literary award for crime novels,Nero Wolfe Award,Q378427,,Nero Award
Nero Wolfe,Nero Wolfe bibliography,Q4086313,7,0,1,,,Q1631107,,
Nero Wolfe,"Nero Wolfe, season 2",Q124570995,7,0,1,,,Q3464665,,
New York City,New York City,Q60,7,1,1,most populous city in the United States,"the five boroughs|City of New York|NY City|New York City, New York|New York, NY|New York City, NY|Capital of the World|New York City (NYC)|New York (city)|city of New York|Center of the Universe|New York City, USA|New York City, United States of America|New York, New York, USA|New York (NY)|New York, N.Y.|NY, NY|New York City, United States|N. Y., N. Y.|New York City, New York, United States|Empire City",Q208511|Q2264924|Q1093829|Q515|Q1549591|Q51929311|Q15063611|Q200250|Q174844,,New York City
New York City,New York City,Q7013143,7,1,1,1984 video game,,Q7889,,New York City (video game)
New York City,New York City,Q116672088,7,1,1,2023 studio album by The Men,,Q482994,,
New York City,NY City,Q135264430,7,1,1,Tony Hawk's Pro Skater 2 level,New York|New York City,Q1046315,,
New York City,New York City Subway,Q7733,7,1,1,rapid transit system in New York City,New York Subway|NYC Subway,Q5503,,New York City Subway
New York City,New York City Public Schools,Q408230,7,1,1,department of the government of New York City,NYCDOE|NYC DOE|New York City Department of Education|NYC Department of Education|NYC Public Schools,Q2269756|Q15726209|Q131766096,,New York City Department of Education
New York City,New York Public Library,Q219555,7,1,1,public library system in New York City,"New York Library|The New York Public Library|New York City Public Library|New York City Library|NY Public Library|NYPL|nypl.org|The New York Public Library, Astor, Lenox and Tilden Foundations|New York Public Library, Astor, Lenox and Tilden Foundations",Q26271642|Q28564|Q163740,,New York Public Library
New York City,New York City Transit Authority,Q1325591,7,1,1,bus and subway service operator,NYCTA|MTA New York City Transit|The New York City Transit Authority|The TA,Q7835189,,New York City Transit Authority
New York City,New York City,Q18710663,7,1,1,"painting by Piet Mondrian at the Musée national d’Art moderne, Paris, France",New York City I|piet monderai,Q3305213,,New York City (painting)
New York City,New York City,Q7013127,7,1,1,band,,Q215380,,New York City (band)
New York City,Nero Wolfe,Q371774,7,1,2,fictional armchair detective,,Q15632617|Q3658341|Q15773317|Q15773347|Q3656924,,Nero Wolfe
New York City,Nero Wolfe,Q3180766,7,1,2,2001 television series,A Nero Wolfe Mystery|The Nero Wolfe Mysteries,Q5398426,,Nero Wolfe (2001 TV series)
New York City,Nero Wolfe,Q3203805,7,1,2,1981 television series,,Q5398426,,Nero Wolfe (1981 TV series)
New York City,Nero Wolfe,Q6996574,7,1,2,1977 television film directed by Frank D. Gilroy,,Q506240,,Nero Wolfe (film)
New York City,Nero Wolfe,Q3874787,7,1,2,2012 Italian television series,,Q5398426,,
New York City,Nero Wolfe,Q3874781,7,1,2,,,Q1259759,,
New York City,Nero Wolfe,Q6996575,7,1,2,1982 Canadian Broadcasting Corporation radio series starring Mavor Moore,,Q1555508,,Nero Wolfe (1982 radio series)
New York City,Nero Award,Q179810,7,1,2,American literary award for crime novels,Nero Wolfe Award,Q378427,,Nero Award
New York City,Nero Wolfe bibliography,Q4086313,7,1,2,,,Q1631107,,
New York City,"Nero Wolfe, season 2",Q124570995,7,1,2,,,Q3464665,,
New York City,detective fiction,Q186424,7,1,2,subgenre of crime fiction and mystery fiction in which an investigator or a detective investigates a crime,detective and mystery fiction|detective story,Q108465955,Q5937792|Q6585139,Detective fiction
New York City,crime fiction writer,Q10297252,7,1,2,writer writing fiction about crime,detective fiction writer|detective fiction author|detective writer|mystery writer|crime writer,Q12737077,Q36180,Crime writer
New York City,crime fiction short story,Q5793771,7,1,2,,detective fiction short story,Q223393|Q108368282,Q49084|Q20664530,
New York City,detective and mystery fiction,Q121432200,7,1,2,literary genre; fiction literature that features detectives and mysteries and the solving of a crime,detective fiction|mystery fiction|detective story|mystery story|detective and mystery story,Q223393,Q186424|Q6585139|Q38072107|Q6647667,
New York City,"Detective Fiction and the Rise of the Japanese Novel, 1880–1930",Q136118654,7,1,2,book 2012,,Q3331189,,
New York City,Detective Fiction in the Archives: Court Records and the Uses of Law in Late Medieval England,Q64711865,7,1,2,scientific article published in January 2008,,Q13442814,,
New York City,Detective Fiction and Modern Civilization: the Origin of Modern Detective Fiction and Reception of the Genre in East Asia,Q127438832,7,1,2,scholarly article,,Q13442814,,
New York City,group of fictional characters,Q14514600,7,1,2,set of fictional characters,fictional characters group|fictional character group|character group|fictional group of characters,Q24017414,Q23010327|Q134601727,
New York City,Category:Fictional characters introduced in 2025,Q131882705,7,1,2,Wikimedia category,Category:Animated characters introduced in 2025|Fictional characters introduced in 2025,Q4167836,,Category:Fictional characters introduced in 2025
New York City,fictional characters by Thomas Clayton Wolfe,Q6146030,7,1,2,Wikimedia list article,,Q63032896,,
New York City,Fictional characters coming out of a book,Q112624379,7,1,2,print by Angelo Sampietro,,Q11060274|Q188456,,
New York City,Fictional characters' emotional state representation: what is its degree of specificity?,Q50759287,7,1,2,scientific article published in February 2009,,Q13442814,,
New York City,Fictional Characters’ Heroism in Assassin’s Creed III Video Game in the Perception of Indonesian Video Gamers,Q128182945,7,1,2,scholarly article,,Q13442814,,
New York City,Fictional Characters in Asma Nadia’s Novel Surga Yang Tak Dirindukan,Q129526082,7,1,2,scholarly article,,Q13442814,,
New York City,Fictional Characters as Alien Individuals,Q114919608,7,1,2,scientific article published in 2019,,Q13442814,,
New York City,Fictional Characters Outside Fiction: 'Being' as a Fictional Character in Heidegger's Being and Time,Q130087413,7,1,2,scholarly article published in 2017,,Q13442814,,
New York City,"Fictional Characters, Transparency, and Experiential Sharing",Q129163972,7,1,2,scholarly article,,Q13442814,,
Into the Fire,Into the Fire,Q652019,8,0,1,1987 studio album by Bryan Adams,,Q482994,,Into the Fire (album)
Into the Fire,Into the Fire,Q139811096,8,0,1,,,Q193495,,
Into the Fire,71: Into the Fire,Q496738,8,0,1,2010 film directed by Lee Jae-han,Into the Fire,Q11424,,71: Into the Fire
Into the Fire,Into the Fire,Q6058014,8,0,1,episode of Babylon 5 (S4 E6),,Q21191270,,Into the Fire (Babylon 5)
Into the Fire,Into the Fire,Q3503626,8,0,1,episode of Stargate SG-1 (S3 E1),,Q21191270,,
Into the Fire,Into the Fire,Q41494396,8,0,1,2017 single by Asking Alexandria,,Q134556,,Into the Fire (Asking Alexandria song)
Into the Fire,Into the Fire,Q5919269,8,0,1,original song co-written and performed by Bryan Adams,,Q105543609,,
Into the Fire,Into the Fire,Q3153662,8,0,1,2004 single by Thirteen Senses,,Q134556,,Into the Fire (Thirteen Senses song)
Into the Fire,Into the Fire,Q108816843,8,0,1,vocal track by Bryan Adams; 1987 studio recording,,Q55850593,,
Into the Fire,Into the Fire,Q114522548,8,0,1,episode of Ice Road Truckers (S10 E7),,Q21191270,,
Into the Fire,New York City Fire Department,Q283207,8,0,2,"fire department in New York City, New York, USA",The New York City Fire Department|FDNY|Fire Department of the City of New York,Q6498663,,New York City Fire Department
Into the Fire,New York City Fire Department Bureau of EMS,Q7013203,8,0,2,New York City emergency medical service,,Q860447|Q327333,,New York City Fire Department Bureau of EMS
Into the Fire,New York City Fire Department Rescue Company 1,Q17110102,8,0,2,special Operations rescue company of FDNY (Founded 1915),,Q6498663,,New York City Fire Department Rescue Company 1
Into the Fire,New York City Fire Department Squad Company 1,Q7013207,8,0,2,special operations firefighting squad,,,,New York City Fire Department Squad Company 1
Into the Fire,New York City Fire Department Ladder Company 3,Q7013206,8,0,2,"fire/Ladder company in New York, USA",Ladder 3,Q6498663,,New York City Fire Department Ladder Company 3
New York City,New York City,Q60,8,1,1,most populous city in the United States,"the five boroughs|City of New York|NY City|New York City, New York|New York, NY|New York City, NY|Capital of the World|New York City (NYC)|New York (city)|city of New York|Center of the Universe|New York City, USA|New York City, United States of America|New York, New York, USA|New York (NY)|New York, N.Y.|NY, NY|New York City, United States|N. Y., N. Y.|New York City, New York, United States|Empire City",Q208511|Q2264924|Q1093829|Q515|Q1549591|Q51929311|Q15063611|Q200250|Q174844,,New York City
New York City,New York City,Q7013143,8,1,1,1984 video game,,Q7889,,New York City (video game)
New York City,New York City,Q116672088,8,1,1,2023 studio album by The Men,,Q482994,,
New York City,NY City,Q135264430,8,1,1,Tony Hawk's Pro Skater 2 level,New York|New York City,Q1046315,,
New York City,New York City Subway,Q7733,8,1,1,rapid transit system in New York City,New York Subway|NYC Subway,Q5503,,New York City Subway
New York City,New York City Public Schools,Q408230,8,1,1,department of the government of New York City,NYCDOE|NYC DOE|New York City Department of Education|NYC Department of Education|NYC Public Schools,Q2269756|Q15726209|Q131766096,,New York City Department of Education
New York City,New York Public Library,Q219555,8,1,1,public library system in New York City,"New York Library|The New York Public Library|New York City Public Library|New York City Library|NY Public Library|NYPL|nypl.org|The New York Public Library, Astor, Lenox and Tilden Foundations|New York Public Library, Astor, Lenox and Tilden Foundations",Q26271642|Q28564|Q163740,,New York Public Library
New York City,New York City Transit Authority,Q1325591,8,1,1,bus and subway service operator,NYCTA|MTA New York City Transit|The New York City Transit Authority|The TA,Q7835189,,New York City Transit Authority
New York City,New York City,Q18710663,8,1,1,"painting by Piet Mondrian at the Musée national d’Art moderne, Paris, France",New York City I|piet monderai,Q3305213,,New York City (painting)
New York City,New York City,Q7013127,8,1,1,band,,Q215380,,New York City (band)
New York City,New York,Q1384,8,1,2,state of the United States of America,"NY|New York, United States|State of New York|NYS|New York (state)|NY state|New York state|The Empire State|US-NY|Empire State",Q35657,,New York (state)
New York City,New York,Q1507987,8,1,2,"American magazine on life, culture, politics, and style, focusing on New York City",Vulture (blog)|New York (magazine)|New York Magazine,Q41298|Q35127,,New York (magazine)
New York City,New York Stock Exchange,Q13677,8,1,2,American stock exchange,Big Board|NY Stock Exchange|N. Y. Stock Exchange|N.Y. Stock Exchange|XNYS,Q11691,,New York Stock Exchange
New York City,New York Historical,Q1059456,8,1,2,American history museum and library located in New York City,N-YHS|NYHS|nyhistory.org|New-York Historical Society|New York Historical|New York Historical Society|New York Historical Society Museum & Library|New York Historical Association|The New-York Historical Society|The New York Historical,Q33506|Q16735822|Q163740|Q5774403,,New York Historical
New York City,New York,Q2720168,8,1,2,album by Lou Reed,,Q482994,,New York (album)
New York City,New York Rangers,Q188984,8,1,2,hockey team of the National Hockey League,,Q4498974,,New York Rangers
New York City,New York,Q22128520,8,1,2,1978 studio album; various artists,,Q482994,,
New York City,New York Islanders,Q194369,8,1,2,"National Hockey League franchise in Long Island, New York",,Q4498974,,New York Islanders
New York City,Annals of the New York Academy of Sciences,Q2431664,8,1,2,scientific journal,New York Academy of Sciences. Annals|Ann. N.Y. Acad. Sci.,Q5633421|Q737498|Q73364223,,Annals of the New York Academy of Sciences
New York City,Manhattan,Q11299,8,1,2,"borough of New York City, New York, United States","Manhattan, New York City|Manhattan, New York|Manhattan borough, New York City|Borough of Manhattan|Mannahatta|New York County|New York County, NY|New York County, New York|Manhattan, NY",Q408804|Q3301053,,Manhattan
New York City,Manhattan University,Q2749572,8,1,2,"Roman Catholic, liberal arts college in The Bronx, NYC",Manhattan College|Academy of the Holy Infancy,Q6540832|Q23002054,,Manhattan University
New York City,Manhattan,Q94544086,8,1,2,vocal track by Rod Stewart in duet with Bette Midler; 2004 studio recording; cover version,,Q55850593,,
New York City,Manhattan,Q17121785,8,1,2,album by Skaters,,Q482994,,Manhattan (Skaters album)
New York City,Manhattan,Q856841,8,1,2,"city in Riley and Pottawatomie counties in Kansas, United States, county seat of Riley County","Manhattan, Kansas|Manhattan, KS",Q1093829|Q62049,,"Manhattan, Kansas"
New York City,Manhattan,Q136483158,8,1,2,1981 video game,,Q7889,,
New York City,Manhattan,Q135264422,8,1,2,Tony Hawk's Underground level,,Q1046315,,
New York City,Manhattan,Q731310,8,1,2,1979 film by Woody Allen,,Q11424,,Manhattan (1979 film)
New York City,Manhattan Project,Q127050,8,1,2,World War II American R&D program that produced the first nuclear weapons,,Q27665152|Q759676|Q16334295|Q101965|Q2475641,,Manhattan Project
New York City,Manhattan,Q966105,8,1,2,"town in Gallatin County, Montana, United States","Manhattan, Montana|Manhattan, MT",Q15127012,,"Manhattan, Montana"
Pope John Paul II,John Paul II,Q989,9,0,1,264th pope of the Catholic Church (1978–2005),Pope John Paul II|Saint John Paul II|Pope Saint John Paul II the Great|JPII|JP II,Q5,,Pope John Paul II
Pope John Paul II,Pope John Paul II,Q130627,9,0,1,2005 miniseries directed by John Kent Harrison,,Q1259759|Q98701476,,Pope John Paul II (miniseries)
Pope John Paul II,Rosa 'Pope John Paul II',Q64030582,9,0,1,rose cultivar,Jean-Paul II|Pope John Paul II|Rosa 'Jean-Paul II',Q26817508,,Rosa 'Pope John Paul II'
Pope John Paul II,Pope John Paul II,Q7229186,9,0,1,1984 film,,Q506240,,Pope John Paul II (film)
Pope John Paul II,Pope John Paul II,Q108628949,9,0,1,"statue in Maynooth - Maigh Nuad, Ireland - Imogen Stuart - 1987",,Q860861,,
Pope John Paul II,Pope John Paul II,Q108629295,9,0,1,"statue in Denver, United States of America - Jacek Osadczuk - 2009",,Q860861,,
Pope John Paul II,attempted assassination of Pope John Paul II,Q2472593,9,0,1,May 1981 shooting by Mehmet Ali Ağca in St. Peter's Square,Pope John Paul II assassination attempt,Q81672,,Attempted assassination of Pope John Paul II
Pope John Paul II,Pope John Paul II's visit to the United Kingdom,Q2099655,9,0,1,,,Q7132456,,1982 visit by Pope John Paul II to the United Kingdom
Pope John Paul II,Pope John Paul II Cultural Center,Q7229193,9,0,1,"national shrine in Washington, D.C",Saint John Paul II National Shrine|John Paul II Cultural Center in Washington DC,Q33506,,Saint John Paul II National Shrine
Pope John Paul II,Pope John Paul II High School,Q16207603,9,0,1,high school in Tennessee,,Q9826,,Pope Saint John Paul II Preparatory School
Austria,Austria,Q40,9,1,1,country in Central Europe,Republic of Austria,Q3624078|Q4209223|Q123480|Q127693126|Q6256,,Austria
Austria,Austria–Hungary,Q28513,9,1,1,1867–1918 empire in Central Europe,Austro-Hungarian Empire|Dual Monarchy|Austria Hungary|Austria|Austro-Hungarian Monarchy|Monarchy of Austria-Hungary|The Kingdoms and Lands Represented in the Imperial Council and the Lands of the Holy Hungarian Crown of St. Stephen|Monarchy of Austria–Hungary|Austria-Hungary,Q3624078|Q3024240|Q48349|Q1093720|Q6256,,Austria-Hungary
Austria,Austrian Empire,Q131964,9,1,1,Central European multinational Empire from 1804 to 1867,Austria,Q3624078|Q3024240,,Austrian Empire
Austria,Austria,Q25114801,9,1,1,family name,,Q101352,,Austria (surname)
Austria,Cisleithania,Q533534,9,1,1,northern and western part of Austro-Hungary with Dalmatia and Istria (1867–1918),The Kingdoms and Lands Represented in the Imperial Council|Austrian Lands,Q107390|Q19953632,,Cisleithania
Austria,Austria men's national football team,Q163534,9,1,1,men's national association football team representing Austria,Austria national soccer team|Austrian national football team|Austrian national soccer team|Austria national association football team|Austria national football team,Q135408445,Q1194951,Austria national football team
Austria,FK Austria Wien,Q131209,9,1,1,association football club in Austria,Fußballklub Austria Wien|Austria Vienna,Q476028,,FK Austria Wien
Austria,Belvedere,Q303139,9,1,1,"museum housed in the Belvedere palace, Vienna, Austria",Osterreichische Gallery|Osterreichische Galerie Belvedere|Austrian National Gallery|Belvedere Gallery|Belvedere Museum|Kaiserlich Königlichen Bilder Gallerie in Wien,Q3196771,,Österreichische Galerie Belvedere
Austria,Styria,Q41358,9,1,1,federal state in the south of Austria,Steiermark|Upper Styria|Austrian Styria,Q261543|Q82794,,Styria
Austria,Austria,Q4825411,9,1,1,constituency of the European Parliament,,Q2631496,,Austria (European Parliament constituency)
Austria,First Republic of Austria,Q518101,9,1,2,sovereign state in Europe (1919–1934),Republik Österreich|First Austrian Republic|Republic of Austria|Erste österreichische Republik,Q3024240|Q3624078,,First Austrian Republic
Austria,Republic of Austria v. Altmann,Q7314426,9,1,2,2004 United States Supreme Court case,541 U.S. 677 (2004),Q19692072,,Republic of Austria v. Altmann
Austria,Republic of Austria. Country profile,Q39617778,9,1,2,scientific article published on July 1985,,Q13442814,,
Austria,Republik Österreich,Q22001984,9,1,2,Wikimedia disambiguation page,Republic of Austria|Austrian Republic,Q4167410,,
Bigfoot,Bigfoot,Q56356273,10,0,1,2017 video game,,Q7889,,
Bigfoot,Bigfoot,Q4904863,10,0,1,1990 NES game,,Q7889,,Bigfoot (video game)
Bigfoot,Bigfoot: The Life and Times of a Legend,Q138037700,10,0,1,book published in 2009,Bigfoot,Q3331189|Q193495,,
Bigfoot,Bigfoot,Q131850395,10,0,1,,,Q5,,
Bigfoot,Bigfoot,Q44810,10,0,1,large and hairy ape-like mythical creature purported to inhabit forests in North America,sás'qets,,Q50996514|Q772636|Q2239243,Bigfoot
Bigfoot,Bigfoot,Q981354,10,0,1,"census designated place in Frio County, Texas, United States","Bigfoot, Texas|Bigfoot, TX",Q498162,,"Bigfoot, Texas"
Bigfoot,Si Begg,Q7506354,10,0,1,English electronic musician,Simon Begg|Cabbage Boy|Bigfoot|Lenny Logan|Maverick DJ|Buckfunk 3000|Bigfoot Futures Ltd|Zygmunt Janowski|Dr Nowhere|Culture Cruncher|S.I. Futures,Q5,,Si Begg
Bigfoot,Bigfoot,Q4906834,10,0,1,2012 film directed by Bruce Davison,,Q506240,,Bigfoot (2012 film)
Bigfoot,Kryptopithecus gimlinpattersonorum,Q98929442,10,0,1,Species of mammals (cryptid),Sasquatch|Bigfoot,Q772636|Q16521,,
Bigfoot,Bigfoot,Q114548067,10,0,1,episode of Lost Tapes (S1 E2),,Q21191270,,
Bigfoot,Yeti,Q77439149,10,0,2,1988 Destiny Software - Arc,,Q7889,,
Bigfoot,Yeti,Q129628,10,0,2,ape-like creature purported to inhabit the Himalayan mountain range in Asia,Abominable Snowman|Dinanthropoides nivalis,Q772636|Q24334685|Q1049467|Q25810847,,Yeti
Bigfoot,Yeti,Q126187535,10,0,2,1993 video game,,Q7889,,
Bigfoot,CFDP1,Q18035377,10,0,2,protein-coding gene in the species Homo sapiens,BCNT|BUCENTAUR|CENP-29|CP27|SWC5|Yeti|p97|craniofacial development protein 1,Q7187,Q20747295,CFDP1
Bigfoot,Yeti,Q2727619,10,0,2,band,,Q215380,,Yeti (band)
Bigfoot,2843 Yeti,Q150208,10,0,2,asteroid,(2843) Yeti|Yeti,Q3863,,2843 Yeti
Bigfoot,YETI,Q4053421,10,0,2,game engine,Ubisoft YETI,Q193564,,
Bigfoot,David Nečas,Q46321131,10,0,2,"researcher, biomechanics and engineering",Yeti,Q5,,
Bigfoot,Yeti,Q8053036,10,0,2,Japanese video game developer,,Q210167,,Yeti (Japanese company)
Bigfoot,Yetide Badaki,Q29447145,10,0,2,Nigerian actress,,Q5,,Yetide Badaki
Bigfoot,Sasquatch,Q117439610,10,0,2,American progamer,Gage DuBose,Q5,,
Bigfoot,Sasquatch,Q744104,10,0,2,fictional character in Marvel Comics,Walter Langkowski,Q1114461|Q14831768,,Sasquatch (comics)
Bigfoot,Sasquatch Books,Q7425732,10,0,2,American book publisher,,Q1320047,,Sasquatch Books
Bigfoot,The Untold,Q7771738,10,0,2,2002 film,Untold|Sasquatch,Q11424,,The Untold (film)
Bigfoot,Sasquatch,Q7425731,10,0,2,1998 novel by Roland Smith,,Q7725634,,Sasquatch (novel)
Bigfoot,Kryptopithecus,Q98929415,10,0,2,genus of mammals (cryptid),Sasquatch|Bigfoot,Q16521|Q772636|Q2239243,,
Bigfoot,Sasquatch Chronicles,Q110568023,10,0,2,podcast,,Q24634210,,
Bigfoot,Sasquatchers,Q107317074,10,0,2,video game developed by Chuck Jordan,,Q7889,,
Carnation,Dianthus,Q156099,10,1,1,genus of flowering plants,carnation,Q16521,Q886167,Dianthus
Carnation,Dianthus caryophyllus,Q158984,10,1,1,species of plant,carnation|clavell|clove pink|gillyflower|clove gilly-flower|wild carnation|pinks,Q16521,Q157957,Dianthus caryophyllus
Carnation,HMS Carnation,Q4450109,10,1,1,1943 Flower-class corvette,Friso|Carnation|K00|HNLMS Friso,Q170013,,HNLMS Friso (K00)
Carnation,Caryophyllaceae,Q25995,10,1,1,family of plants,carnation family|pink family,Q16521,,Caryophyllaceae
Carnation,Carnation,Q11295688,10,1,1,Japanese musical group,CARNATION,Q215380,,Carnation (Japanese band)
Carnation,Carnation,Q1191413,10,1,1,"city in King County, Washington, United States","Carnation, Washington|Carnation, WA|Tolt|Tolt, Washington",Q1093829,,"Carnation, Washington"
Carnation,carnation,Q1663655,10,1,1,heraldic tincture,dianthus caryophyllus|flesh color|muscle color|F1BB93,Q3683633,,Carnation (tincture)
Carnation,Carnation Dmel_CG12230,Q29815332,10,1,1,protein found in Drosophila melanogaster,car|CG12230-PB|car-PB|CG12230 gene product from transcript CG12230-RB|CG12230-PC|car-PC|CG12230-PA|carnation|car-PA|vacuolar protein sorting protein 33,Q8054,,
Carnation,Carnation,Q56323534,10,1,1,Belgian band,,Q215380,,
Carnation,Carnation,Q2939676,10,1,1,brand of evaporated milk and other products,Pacific Coast Condensed Milk Company|Carnation Evaporated Milk Company,Q27038993|Q16323605,,Carnation (brand)
Carnation,carnation,Q139300897,10,1,2,flower of carnation plants,carnation flower|carnation blossom,,Q506,
Carnation,Dianthus caryophyllus var. tenuifolius,Q96133592,10,1,2,,,Q16521,,
Carnation,Dianthus caryophyllus subsp. longibracteatus,Q38615416,10,1,2,subspecies of plant,,Q16521,,
Carnation,Dianthus caryophyllus,Q134412992,10,1,2,1969 stamp of Algeria,,Q1926935,,
Carnation,Dianthus caryophyllus,Q134445248,10,1,2,1974 stamp of Algeria,,Q1926935,,
Carnation,Dianthus caryophyllus,Q134427333,10,1,2,1973 stamp of Algeria,,Q1926935,,
Carnation,Dianthus caryophyllus var. schabaud,Q4134554,10,1,2,variety of plant,,Q16521,,
Carnation,Dianthus caryophyllus L. Selection of Culophyllus L. Cultivars Differentiated from Calas Cultivars resistant to Fusarium oxysporum,Q127009807,10,1,2,scholarly article,,Q13442814,,
Foreign Exchange,foreign currencies,Q831772,11,0,1,"liquid means of payment denominated in a foreign currency, excluding cash, payable abroad; especially in account statements",foreign exchange assets|foreign exchange|forex|foreign means of payment|foreign receivables|foreign checks|foreign bills of exchange|foreign account balance|foreign accounts receivable,,Q1643989|Q26271812|Q1147172,
Foreign Exchange,foreign exchange market,Q66076,11,0,1,form of exchange for the global decentralized trading of international currencies,forex|FX|currency market|FX market|foreign exchange markets|FX markets,,Q37654,Foreign exchange market
Foreign Exchange,Foreign Exchange,Q782195,11,0,1,Australian-Irish television programme,,Q5398426,,Foreign Exchange (Australian TV series)
Foreign Exchange,Foreign Exchange,Q5468252,11,0,1,2008 film,,Q11424,,Foreign Exchange (2008 film)
Foreign Exchange,Foreign Exchange,Q50929396,11,0,1,episode of The Middle (S2 E5),,Q21191270,,
Foreign Exchange,Foreign Exchange,Q114502031,11,0,1,episode of The Golden Girls (S4 E24),,Q21191270,,
Foreign Exchange,Foreign Exchange,Q114487198,11,0,1,episode of Too Close for Comfort (S2 E19),,Q21191270,,
Foreign Exchange,foreign exchange,Q7248131,11,0,1,,,,Q12008920,
Foreign Exchange,Foreign Exchange,Q5468255,11,0,1,"weekly public television show in the US, previously hosted by Fareed Zakaria",,Q15416|Q1358344,,Foreign Exchange (PBS TV program)
Foreign Exchange,exchange rate,Q66100,11,0,1,rate at which one currency will be exchanged for another,foreign-exchange rate|forex rate|FX rate|foreign currency transactions,,Q3481047|Q126818,Exchange rate
Foreign Exchange,Pinewood Studios,Q661896,11,0,2,"British film studio and television studio situated in Iver Heath, Buckinghamshire, England",,Q375336,,Pinewood Studios
Foreign Exchange,Pinewood Group,Q7757177,11,0,2,film and television studio company,Pinewood Studios Group,Q1762059,,Pinewood Group
Foreign Exchange,film production,Q932586,11,0,2,process of making a motion picture,movie production|filmmaking,Q8187769|Q1047113,Q21198548|Q590870,Filmmaking
Foreign Exchange,film production company,Q1762059,11,0,2,company that produces films,movie production company|film company|movie company|motion picture production company,,Q11396960|Q104649845,
Foreign Exchange,film studio,Q375336,11,0,2,"major entertainment company or motion picture company that has its own privately owned studio facility or facilities that are used to make films, which is handled by the production company",movie studio|film production company|movie production company|motion picture studio,,Q1331793|Q104649845,Film studio
Foreign Exchange,principal photography,Q1256415,11,0,2,phase of film production in which the movie is filmed,film production and direction,Q1190554,Q107089790,Principal photography
Foreign Exchange,production manager,Q21292974,11,0,2,"film and television profession; manager overseeing film production plans, controls resources, initiates production, ensures ongoing operations, monitors schedules and expenditures, and creates a detailed production schedule and budget",director of production|film production manager|production supervisor|television production manager,Q28640|Q4220920,Q2462658|Q1414443,
Foreign Exchange,film production for the cinema,Q112165940,11,0,2,French nomenclature of activities,,Q8187769,Q29585665,
Foreign Exchange,film teacher,Q99398821,11,0,2,teachers of film,film studies teacher|cinema studies teacher|motion picture teacher|film production teacher|video studies teacher|film professor,Q4220920,Q15977927,
Foreign Exchange,DFRACT,Q139742978,11,0,2,professional production-grade anti-shine cosmetics product for face and bald heads,anti-shine|anti shine|antishine|anti-shine for the face|anti shine for the face|antishine for the face|anti-shine for bald heads|anti shine for bald heads|antishine for bald heads|makeup kit|anti-shine for bald head|anti shine for bald head|antishine for bald head|content creator kit|content creation tools|makeup kit essentials|makeup artist starter kit|production tools|video production tools|film production tools|makeup artist kit essentials,Q2424752|Q10929058,,
Foreign Exchange,DFRACT,Q139743190,11,0,2,American professional anti-shine cosmetics brand for face and bald heads founded 2025,anti-shine|anti shine|antishine|anti-shine for the face|anti shine for the face|antishine for the face|anti-shine for bald heads|anti shine for bald heads|antishine for bald heads|makeup kit|makeup kit essentials|production tools|anti-shine for bald head|anti shine for bald head|antishine for bald head|content creator kit|content creation tools|makeup artist starter kit|makeup artist kit essentials|video production tools|film production tools,Q431289|Q10929058,,
Foreign Exchange,Category:Film production companies of Ukraine,Q13262238,11,0,2,Wikimedia category,Film production companies of Ukraine,Q4167836,,Category:Film production companies of Ukraine
Foreign Exchange,studio complex,Q116695693,11,0,2,"building or group of buildings with facilities for producing films, TV programs, radio programs and/or music",,,Q1497364,
Pinewood Studios,Pinewood Studios,Q661896,11,1,1,"British film studio and television studio situated in Iver Heath, Buckinghamshire, England",,Q375336,,Pinewood Studios
Pinewood Studios,Pinewood Group,Q7757177,11,1,1,film and television studio company,Pinewood Studios Group,Q1762059,,Pinewood Group
Brief Encounter,Brief Encounter,Q814296,12,0,1,1945 British film directed by Farhan Rana Rajpoot and David Lean,,Q11424,,Brief Encounter
Brief Encounter,Brief Encounter,Q108799979,12,0,1,episode of Family Guy (S20 E5),,Q21191270,,Brief Encounter (Family Guy)
Brief Encounter,Brief Encounter,Q4967022,12,0,1,1986 compilation album by Marillion,,Q482994,,Brief Encounter (album)
Brief Encounter,Brief Encounter,Q114548610,12,0,1,episode of Brothers & Sisters (S5 E2),,Q21191270,,
Brief Encounter,Brief Encounter,Q4967016,12,0,1,1974 television film directed by Alan Bridges,,Q506240,,Brief Encounter (1974 film)
Brief Encounter,Brief Encounter,Q4967023,12,0,1,opera by André Previn,,Q58483083,,Brief Encounter (opera)
Brief Encounter,Brief Encounter,Q79995088,12,0,1,"print by Honoré Guilbeau (American, 1907-2006) (2008.103)",,Q11060274,,
Brief Encounter,Brief Encounters,Q2927272,12,0,1,1967 film by Kira Muratova,Korotkiye vstrechi,Q11424,,Brief Encounters (film)
Brief Encounter,Brief Encounters,Q1775737,12,0,1,2009 studio album by Amanda Lear,,Q482994,,Brief Encounters
Brief Encounter,Brief Encounters,Q29597360,12,0,1,episode of Casualty,,Q21191270,,
Brief Encounter,Pinewood Studios,Q661896,12,0,2,"British film studio and television studio situated in Iver Heath, Buckinghamshire, England",,Q375336,,Pinewood Studios
Brief Encounter,Pinewood Group,Q7757177,12,0,2,film and television studio company,Pinewood Studios Group,Q1762059,,Pinewood Group
Brief Encounter,film production,Q932586,12,0,2,process of making a motion picture,movie production|filmmaking,Q8187769|Q1047113,Q21198548|Q590870,Filmmaking
Brief Encounter,film production company,Q1762059,12,0,2,company that produces films,movie production company|film company|movie company|motion picture production company,,Q11396960|Q104649845,
Brief Encounter,film studio,Q375336,12,0,2,"major entertainment company or motion picture company that has its own privately owned studio facility or facilities that are used to make films, which is handled by the production company",movie studio|film production company|movie production company|motion picture studio,,Q1331793|Q104649845,Film studio
Brief Encounter,principal photography,Q1256415,12,0,2,phase of film production in which the movie is filmed,film production and direction,Q1190554,Q107089790,Principal photography
Brief Encounter,production manager,Q21292974,12,0,2,"film and television profession; manager overseeing film production plans, controls resources, initiates production, ensures ongoing operations, monitors schedules and expenditures, and creates a detailed production schedule and budget",director of production|film production manager|production supervisor|television production manager,Q28640|Q4220920,Q2462658|Q1414443,
Brief Encounter,film production for the cinema,Q112165940,12,0,2,French nomenclature of activities,,Q8187769,Q29585665,
Brief Encounter,film teacher,Q99398821,12,0,2,teachers of film,film studies teacher|cinema studies teacher|motion picture teacher|film production teacher|video studies teacher|film professor,Q4220920,Q15977927,
Brief Encounter,DFRACT,Q139742978,12,0,2,professional production-grade anti-shine cosmetics product for face and bald heads,anti-shine|anti shine|antishine|anti-shine for the face|anti shine for the face|antishine for the face|anti-shine for bald heads|anti shine for bald heads|antishine for bald heads|makeup kit|anti-shine for bald head|anti shine for bald head|antishine for bald head|content creator kit|content creation tools|makeup kit essentials|makeup artist starter kit|production tools|video production tools|film production tools|makeup artist kit essentials,Q2424752|Q10929058,,
Brief Encounter,DFRACT,Q139743190,12,0,2,American professional anti-shine cosmetics brand for face and bald heads founded 2025,anti-shine|anti shine|antishine|anti-shine for the face|anti shine for the face|antishine for the face|anti-shine for bald heads|anti shine for bald heads|antishine for bald heads|makeup kit|makeup kit essentials|production tools|anti-shine for bald head|anti shine for bald head|antishine for bald head|content creator kit|content creation tools|makeup artist starter kit|makeup artist kit essentials|video production tools|film production tools,Q431289|Q10929058,,
Brief Encounter,Category:Film production companies of Ukraine,Q13262238,12,0,2,Wikimedia category,Film production companies of Ukraine,Q4167836,,Category:Film production companies of Ukraine
Pinewood Studios,Pinewood Studios,Q661896,12,1,1,"British film studio and television studio situated in Iver Heath, Buckinghamshire, England",,Q375336,,Pinewood Studios
Pinewood Studios,Pinewood Group,Q7757177,12,1,1,film and television studio company,Pinewood Studios Group,Q1762059,,Pinewood Group
Pinewood Studios,Brief Encounter,Q814296,12,1,2,1945 British film directed by Farhan Rana Rajpoot and David Lean,,Q11424,,Brief Encounter
Pinewood Studios,Brief Encounter,Q108799979,12,1,2,episode of Family Guy (S20 E5),,Q21191270,,Brief Encounter (Family Guy)
Pinewood Studios,Brief Encounter,Q4967022,12,1,2,1986 compilation album by Marillion,,Q482994,,Brief Encounter (album)
Pinewood Studios,Brief Encounter,Q114548610,12,1,2,episode of Brothers & Sisters (S5 E2),,Q21191270,,
Pinewood Studios,Brief Encounter,Q4967016,12,1,2,1974 television film directed by Alan Bridges,,Q506240,,Brief Encounter (1974 film)
Pinewood Studios,Brief Encounter,Q4967023,12,1,2,opera by André Previn,,Q58483083,,Brief Encounter (opera)
Pinewood Studios,Brief Encounter,Q79995088,12,1,2,"print by Honoré Guilbeau (American, 1907-2006) (2008.103)",,Q11060274,,
Pinewood Studios,Brief Encounters,Q2927272,12,1,2,1967 film by Kira Muratova,Korotkiye vstrechi,Q11424,,Brief Encounters (film)
Pinewood Studios,Brief Encounters,Q1775737,12,1,2,2009 studio album by Amanda Lear,,Q482994,,Brief Encounters
Pinewood Studios,Brief Encounters,Q29597360,12,1,2,episode of Casualty,,Q21191270,,
Curtin,Curtin,Q17984463,13,0,1,family name,,Q101352,,Curtin (surname)
Curtin,Curtin University,Q1145497,13,0,1,"university in Perth, Western Australia",WAIT|Western Australian Institute of Technology|Curtin Uni|Curtin University of Technology|Curtin University of Technology (School of Mines)|Curtin University of Technology (School of Mines Museum),Q875538,,Curtin University
Curtin,Curtin,Q2973513,13,0,1,Australian federal electoral division,Division of Curtin,Q2713747,,Division of Curtin
Curtin,Curtin,Q538592,13,0,1,"suburb of Canberra, Australia","Curtin, Australian Capital Territory|Curtin, Australian Capital Territory, Australia",Q188509,,"Curtin, Australian Capital Territory"
Curtin,Curtin,Q34798024,13,0,1,human settlement in France,,Q484170,,
Curtin,Curtin,Q5195636,13,0,1,2007 television film,,Q506240,,Curtin (film)
Curtin,Curtin,Q5195635,13,0,1,"human settlement in Oregon, United States of America","Curtin, Oregon|Curtin, OR",Q17343829,,"Curtin, Oregon"
Curtin,Curtin,Q5195632,13,0,1,"unincorporated community in Nicholas County, West Virginia","Curtin, WV",Q17343829,,"Curtin, Nicholas County, West Virginia"
Curtin,Curtin,Q5195633,13,0,1,"unincorporated community in Webster County, West Virginia","Curtin, Webster County, West Virginia|Curtin, WV",Q17343829,,"Curtin, Webster County, West Virginia"
Curtin,Curtin,Q122571966,13,0,1,"hamlet in Dauphin County, Pennsylvania, United States","Cartin, Pennsylvania|Cartin, PA|Cartin|Curtin, PA|Curtin, Pennsylvania",Q486972|Q5084,,"Curtin, Pennsylvania"
Curtin,Curtin University,Q136717761,13,0,2,nonprofit organisation from Australia,,Q163740,,
Curtin,"Curtin University, Malaysia",Q5195645,13,0,2,"university in Miri, Malaysia",Curtin Malaysia|Curtin University of Technology - Sarawak Campus Malaysia,Q3918|Q209465,,Curtin University Malaysia
Curtin,Curtin University National Drug Research Institute,Q101006309,13,0,2,faculty of pharmacy,,Q10514115,,
Curtin,Curtin Mauritius,Q108893081,13,0,2,university in Mauritius,"Curtin University, Mauritius",Q3918,,Curtin Mauritius
Curtin,Curtin University School of Business,Q99287377,13,0,2,campus,,Q1143635,,
Curtin,Curtin University Library,Q109450278,13,0,2,academic library in Australia,,Q856234,,
Curtin,Curtin University bus station,Q13633243,13,0,2,"bus station in Perth, Australia",,Q494829,,Curtin University bus station
Curtin,Curtin University Dubai,Q111263363,13,0,2,university in Dubai,Curtin Dubai,Q3918,,
Curtin,Curtin University Faculty of Science and Engineering,Q101006307,13,0,2,faculty,,Q180958,,
Curtin,Curtin College,Q5195637,13,0,2,higher education institution in Western Australia,,Q38723,,Curtin College
Victoria,Victoria,Q590893,13,1,1,female given name,,Q11879590,,
Victoria,Victoria,Q9439,13,1,1,Queen of the United Kingdom from 1837 to 1901 (1819-1901),"Victoria, Queen of Great Britain|Alexandrina Hanover|Queen Victoria, Queen of the United Kingdom|Queen of Great Britain Victoria|Victoria Alexandrina|Princess Victoria of Kent|Alexandrina Victoria von Hannover|Victoria Hanover|Queen Victoria",Q5,,Queen Victoria
Victoria,Victoria,Q784496,13,1,1,"seat of Victoria County, Texas, United States","Victoria, Texas|Victoria, TX",Q1093829|Q62049,,"Victoria, Texas"
Victoria,Victoria,Q36687,13,1,1,state of Australia,"VIC|Victoria, Australia|State of Victoria|State of VIC|Vic.|AU-VIC",Q5852411|Q1351282,,Victoria (state)
Victoria,Victoria,Q308902,13,1,1,Roman goddess of victory,Winged Victory|Victory|Diva Victoria|Winged Nike,Q11688446|Q205985|Q122966226,,Victoria (mythology)
Victoria,Victoria,Q7926540,13,1,1,genus of insects,,Q16521,,Victoria (moth)
Victoria,Victoria,Q312194,13,1,1,genus of plants in the family Nymphaeaceae,,Q16521,,Victoria (plant)
Victoria,Victoria,Q23831647,13,1,1,family name,,Q101352,,Victoria (surname)
Victoria,Victoria,Q2132,13,1,1,"capital city of the province of British Columbia, Canada","Victoria, British Columbia|Victoria, BC|Victoria BC|Victoria, Canada|Victoria, B.C.|UN/LOCODE:CAVIC|Victoria (British Columbia)|Victoria Canada|Capital of British Columbia|Victoria, British Columbia, Canada|Victoria, BC, Canada",Q60458065|Q1549591,,"Victoria, British Columbia"
Victoria,Victoria,Q2485287,13,1,1,"city in Buenos Aires, Argentina","Victoria, Buenos Aires",Q5770918,,"Victoria, Buenos Aires"
Victoria,"Victoria, Australia - fuel theft on the increase",Q17653451,13,1,2,Wikinews article,,Q17633526,,
Victoria,"Victoria, Australia Police investigate suspicious fire near rural town",Q17653467,13,1,2,Wikinews article,,Q17633526,,
Victoria,Queen Victoria,Q20169527,13,1,2,painting by Thomas Sully,,Q3305213,,
Victoria,Victoria Memorial,Q1333411,13,1,2,"memorial to Queen Victoria in London, England, UK",Queen Victoria Memorial,Q5003624|Q4989906,,"Victoria Memorial, London"
Victoria,Queen Victoria Museum and Art Gallery,Q7270538,13,1,2,"museum and art gallery in Launceston, Tasmania",QVMAG,Q33506|Q207694,,Queen Victoria Museum & Art Gallery
Victoria,Queen Victoria,Q28027883,13,1,2,painting by Franz Xaver Winterhalter (Royal Collection RCIN 406010),Queen Victoria (Winterhalter),Q3305213,,Queen Victoria (Winterhalter)
Victoria,Queen Victoria,Q20173952,13,1,2,"painting by Thomas Sully (MET, L.1993.45)",Portrait of Queen Victoria,Q3305213,,Portrait of Queen Victoria (Sully)
Victoria,Statue of Queen Victoria,Q20614583,13,1,2,"statue in Cape Town, South Africa","Queen Victoria|Statue of Queen Victoria, Cape Town",Q179700,,
Victoria,Queen Victoria,Q28049497,13,1,2,painting replica by Sir George Hayter,,Q3305213|Q1784021,,
Victoria,Queen Victoria,Q106772616,13,1,2,painting by Thomas Sully (1783–1872),,Q3305213,,
Victoria,Queen Victoria,Q28050806,13,1,2,painting by Bertha Müller after Heinrich von Angeli,,Q3305213,,
French Silk,French Silk,Q5501922,14,0,1,1994 television film directed by Noel Nosseck,,Q506240,,French Silk (film)
French Silk,French Silk,Q5501923,14,0,1,1992 novel by Sandra Brown,,Q7725634,,French Silk
French Silk,French Silk,Q127683882,14,0,1,Papa's Bakeria special recipe,,Q127658477,Q13360264,
French Silk,French Silk Museum,Q3330074,14,0,1,museum in France,,Q33506,,
New Orleans,New Orleans,Q34404,14,1,1,"largest city of the state of Louisiana, United States",The Big Easy|Crescent City,Q1093829|Q1549591|Q3301053,,New Orleans
New Orleans,LSU New Orleans,Q1474157,14,1,1,"public university in New Orleans, Louisiana; part of the Louisiana State University System",Louisiana State University in New Orleans|UNO|uno.edu|Univ. of New Orleans|Louisiana State University New Orleans|University of New Orleans,Q3918|Q23002039,,LSU New Orleans
New Orleans,New Orleans Pelicans,Q172339,14,1,1,American professional basketball team,,Q13393265,,New Orleans Pelicans
New Orleans,New Orleans,Q135264429,14,1,1,Tony Hawk's Underground 2 level,,Q1046315,,
New Orleans,New Orleans Saints,Q172435,14,1,1,"National Football League franchise in New Orleans, Louisiana",Saints,Q17156793,,New Orleans Saints
New Orleans,Utah Jazz,Q170649,14,1,1,American professional basketball team,New Orleans Jazz,Q13393265,,Utah Jazz
New Orleans,New Orleans,Q2522995,14,1,1,"residential skyscraper in Rotterdam, Netherlands",,Q18142,,New Orleans (Rotterdam)
New Orleans,The New Orleans medical and surgical journal,Q27720369,14,1,1,journal,New Orleans Med Surg J|New Orleans Medical and Surgical Journal,Q5633421|Q16024164,,
New Orleans,New Orleans,Q3875298,14,1,1,1929 American drama film directed by Reginald Barker,,Q11424,,New Orleans (1929 film)
New Orleans,New Orleans,Q61794189,14,1,1,show jumping horse,,Q726,,
New Orleans,French Silk,Q5501922,14,1,2,1994 television film directed by Noel Nosseck,,Q506240,,French Silk (film)
New Orleans,French Silk,Q5501923,14,1,2,1992 novel by Sandra Brown,,Q7725634,,French Silk
New Orleans,French Silk,Q127683882,14,1,2,Papa's Bakeria special recipe,,Q127658477,Q13360264,
New Orleans,French Silk Museum,Q3330074,14,1,2,museum in France,,Q33506,,
New Orleans,"New Orleans, Louisiana",Q64156488,14,1,2,photograph in the National Gallery of Art (NGA 118326),,Q125191,,
New Orleans,"New Orleans, Louisiana",Q64172141,14,1,2,photograph in the National Gallery of Art (NGA 213831),,Q125191,,
New Orleans,"New Orleans, Louisiana",Q64172169,14,1,2,photograph in the National Gallery of Art (NGA 213853),,Q125191,,
New Orleans,"New Orleans, Louisiana",Q64156463,14,1,2,photograph in the National Gallery of Art (NGA 118308),,Q125191,,
New Orleans,"New Orleans, Louisiana Auditions",Q114504514,14,1,2,episode of American Idol (S10 E2),,Q21191270,,
New Orleans,"New Orleans, Louisiana Auditions",Q114482123,14,1,2,episode of American Idol (S4 E3),,Q21191270,,
New Orleans,"New Orleans, Louisiana, and Other Customs Records and Vessel Passenger Lists (NAID 17027510)",Q66277102,14,1,2,series in the National Archives and Records Administration's holdings,,Q2668072,,
Faith of My Fathers,Faith of My Fathers,Q5431271,15,0,1,book by John McCain,,Q7725634,,Faith of My Fathers
Faith of My Fathers,Faith of My Fathers,Q5431275,15,0,1,2005 television film directed by Peter Markle,,Q506240,,Faith of My Fathers (film)
Faith of My Fathers,Faith of My Fathers,Q131963119,15,0,1,hardcover edition (en),,Q3331189,,
Faith of My Fathers,New Orleans,Q34404,15,0,2,"largest city of the state of Louisiana, United States",The Big Easy|Crescent City,Q1093829|Q1549591|Q3301053,,New Orleans
Faith of My Fathers,LSU New Orleans,Q1474157,15,0,2,"public university in New Orleans, Louisiana; part of the Louisiana State University System",Louisiana State University in New Orleans|UNO|uno.edu|Univ. of New Orleans|Louisiana State University New Orleans|University of New Orleans,Q3918|Q23002039,,LSU New Orleans
Faith of My Fathers,New Orleans Pelicans,Q172339,15,0,2,American professional basketball team,,Q13393265,,New Orleans Pelicans
Faith of My Fathers,New Orleans,Q135264429,15,0,2,Tony Hawk's Underground 2 level,,Q1046315,,
Faith of My Fathers,New Orleans Saints,Q172435,15,0,2,"National Football League franchise in New Orleans, Louisiana",Saints,Q17156793,,New Orleans Saints
Faith of My Fathers,Utah Jazz,Q170649,15,0,2,American professional basketball team,New Orleans Jazz,Q13393265,,Utah Jazz
Faith of My Fathers,New Orleans,Q2522995,15,0,2,"residential skyscraper in Rotterdam, Netherlands",,Q18142,,New Orleans (Rotterdam)
Faith of My Fathers,The New Orleans medical and surgical journal,Q27720369,15,0,2,journal,New Orleans Med Surg J|New Orleans Medical and Surgical Journal,Q5633421|Q16024164,,
Faith of My Fathers,New Orleans,Q3875298,15,0,2,1929 American drama film directed by Reginald Barker,,Q11424,,New Orleans (1929 film)
Faith of My Fathers,New Orleans,Q61794189,15,0,2,show jumping horse,,Q726,,
Faith of My Fathers,military history,Q192781,15,0,2,field of history concerned with the military and warfare,,Q11862829|Q4671286|Q81517619,Q1066186|Q17524420,Military history
Faith of My Fathers,Military History,Q103797807,15,0,2,American magazine covering military history,,Q41298,,
Faith of My Fathers,Military History Matters,Q6852048,15,0,2,military history magazine,Military History|Military History Monthly,Q41298,,Military History Matters
Faith of My Fathers,Military History,Q4132097,15,0,2,American pay television channel,,Q561068,,Military History (TV channel)
Faith of My Fathers,Military History,Q110948831,15,0,2,,Review: Military History,Q30070590,,
Faith of My Fathers,Military History,Q96730241,15,0,2,,Gunsa,Q5633421,,
Faith of My Fathers,Military History Podcast,Q111803354,15,0,2,,military history podcast,Q24634210,,
Faith of My Fathers,WikiProject Military history,Q8486702,15,0,2,Wikipedia project aimed at improving coverage of military history,MILHIST|Military history WikiProject,Q16695773,,Wikipedia:WikiProject Military history
Faith of My Fathers,Military History,Q12090792,15,0,2,popular science journal,,Q41298,,
Faith of My Fathers,military history of the United States,Q1483473,15,0,2,history of all of the United States military involvements,study of military history of the United States|US military history|U.S. military history|United States military history|history of the United States military,Q11862829|Q4671286|Q6857547,,Military history of the United States
New Orleans,New Orleans,Q34404,15,1,1,"largest city of the state of Louisiana, United States",The Big Easy|Crescent City,Q1093829|Q1549591|Q3301053,,New Orleans
New Orleans,LSU New Orleans,Q1474157,15,1,1,"public university in New Orleans, Louisiana; part of the Louisiana State University System",Louisiana State University in New Orleans|UNO|uno.edu|Univ. of New Orleans|Louisiana State University New Orleans|University of New Orleans,Q3918|Q23002039,,LSU New Orleans
New Orleans,New Orleans Pelicans,Q172339,15,1,1,American professional basketball team,,Q13393265,,New Orleans Pelicans
New Orleans,New Orleans,Q135264429,15,1,1,Tony Hawk's Underground 2 level,,Q1046315,,
New Orleans,New Orleans Saints,Q172435,15,1,1,"National Football League franchise in New Orleans, Louisiana",Saints,Q17156793,,New Orleans Saints
New Orleans,Utah Jazz,Q170649,15,1,1,American professional basketball team,New Orleans Jazz,Q13393265,,Utah Jazz
New Orleans,New Orleans,Q2522995,15,1,1,"residential skyscraper in Rotterdam, Netherlands",,Q18142,,New Orleans (Rotterdam)
New Orleans,The New Orleans medical and surgical journal,Q27720369,15,1,1,journal,New Orleans Med Surg J|New Orleans Medical and Surgical Journal,Q5633421|Q16024164,,
New Orleans,New Orleans,Q3875298,15,1,1,1929 American drama film directed by Reginald Barker,,Q11424,,New Orleans (1929 film)
New Orleans,New Orleans,Q61794189,15,1,1,show jumping horse,,Q726,,
New Orleans,New Orleans Saints Playoff History,Q7010786,15,1,2,,,,,Playoff history of the New Orleans Saints
New Orleans,history of the New Orleans Saints,Q5870060,15,1,2,aspect of history,the New Orleans Saints history|New Orleans Saints history,Q17524420,,History of the New Orleans Saints
New Orleans,New Orleans Saints bounty scandal,Q3951527,15,1,2,National Football League scandal,,Q1190554|Q192909,,New Orleans Saints bounty scandal
New Orleans,New Orleans Saints White House visit (Super Bowl XLIV),Q123693591,15,1,2,,,Q6163881,,
New Orleans,"New Orleans Saints at Washington Football Team, 10 October 2021",Q123987734,15,1,2,,,Q21140826,,
New Orleans,"New Orleans Saints at Indianapolis Colts (October 29, 2023)",Q123693589,15,1,2,,,Q21140826,,
New Orleans,New Orleans Saints records,Q104889276,15,1,2,Wikimedia list article,,Q13406463,,
New Orleans,"New Orleans Saints at Cleveland Browns (September 14, 2014)",Q123693590,15,1,2,,,Q21140826,,
New Orleans,New Orleans Saints Radio Network,Q104879773,15,1,2,Sports radio network in Louisiana,,,,New Orleans Saints Radio Network
New Orleans,Dixieland jazz,Q906647,15,1,2,style of jazz music,traditional jazz|hot jazz|New Orleans jazz,Q188451,Q8341,Dixieland jazz
New Orleans,New Orleans jazz,Q1982426,15,1,2,music genre,traditional jazz|New Orleans Jazz|original New Orleans jazz,Q188451,Q8341,New Orleans jazz
New Orleans,New Orleans Jazz National Historical Park,Q3338993,15,1,2,U.S. National Historical Park,JAZZ,Q15836337,,New Orleans Jazz National Historical Park
New Orleans,New Orleans Jazz & Heritage Festival,Q3338998,15,1,2,annual music festival,New Orleans Jazz and Heritage Festival|New Orleans Jazz Festival|Jazz Fest|New Orleans Jazz Fest,Q868557,,New Orleans Jazz & Heritage Festival
New Orleans,New Orleans Jazz Museum,Q16982606,15,1,2,"music museum in New Orleans, Louisiana",,Q4830453,,New Orleans Jazz Museum
New Orleans,New Orleans Jazz Vipers,Q3338994,15,1,2,"The New Orleans Jazz Vipers are an award-winning six-piece swing band from New Orleans, Louisiana.",,Q215380,,New Orleans Jazz Vipers
New Orleans,New Orleans Jazz Orchestra,Q54816099,15,1,2,American nonprofit organization,,Q163740,,
New Orleans,"New Orleans Jazz at Indiana Pacers, 29 January 1978",Q138902025,15,1,2,"National Basketball Association regular-season game played on January 29, 1978",,Q18431960,,
New Orleans,"New Orleans Jazz at Milwaukee Bucks, 15 February 1977",Q138899092,15,1,2,"National Basketball Association regular-season game played on February 15, 1977",,Q18431960,,
New Orleans,New Orleans Museum of Art,Q2063082,15,1,2,"art museum in New Orleans, Louisiana",Isaac Delgado Museum of Art|Delgado Museum of Art,Q207694|Q163740|Q33506,,New Orleans Museum of Art
New Orleans,"New Orleans Museum of Art. Art, myth and culture: Greek vases from southern collections. By (H. A.) Shapiro. [Exhib. cat.] New Orleans: Museum of Art and Tulane University. 1981. Pp. 175, [74] plates. $15.95",Q60202804,15,1,2,article,,Q13442814,,
Child of Glass,Child of Glass,Q3674608,16,0,1,album by Blutengel,,Q482994,,Child of Glass (album)
Child of Glass,Child of Glass,Q5097880,16,0,1,1978 television film directed by John Erman,,Q506240,,Child of Glass
Child of Glass,New Orleans,Q34404,16,0,2,"largest city of the state of Louisiana, United States",The Big Easy|Crescent City,Q1093829|Q1549591|Q3301053,,New Orleans
Child of Glass,LSU New Orleans,Q1474157,16,0,2,"public university in New Orleans, Louisiana; part of the Louisiana State University System",Louisiana State University in New Orleans|UNO|uno.edu|Univ. of New Orleans|Louisiana State University New Orleans|University of New Orleans,Q3918|Q23002039,,LSU New Orleans
Child of Glass,New Orleans Pelicans,Q172339,16,0,2,American professional basketball team,,Q13393265,,New Orleans Pelicans
Child of Glass,New Orleans,Q135264429,16,0,2,Tony Hawk's Underground 2 level,,Q1046315,,
Child of Glass,New Orleans Saints,Q172435,16,0,2,"National Football League franchise in New Orleans, Louisiana",Saints,Q17156793,,New Orleans Saints
Child of Glass,Utah Jazz,Q170649,16,0,2,American professional basketball team,New Orleans Jazz,Q13393265,,Utah Jazz
Child of Glass,New Orleans,Q2522995,16,0,2,"residential skyscraper in Rotterdam, Netherlands",,Q18142,,New Orleans (Rotterdam)
Child of Glass,The New Orleans medical and surgical journal,Q27720369,16,0,2,journal,New Orleans Med Surg J|New Orleans Medical and Surgical Journal,Q5633421|Q16024164,,
Child of Glass,New Orleans,Q3875298,16,0,2,1929 American drama film directed by Reginald Barker,,Q11424,,New Orleans (1929 film)
Child of Glass,New Orleans,Q61794189,16,0,2,show jumping horse,,Q726,,
Child of Glass,Glass family,Q2915385,16,0,2,fictional family by American writer J. D. Salinger,,Q15331236,,Glass family
Child of Glass,Dickson Cemetery,Q117589232,16,0,2,"cemetery in Caldwell County, North Carolina, United States",Glass Family Cemetery,Q39614,,
New Orleans,New Orleans,Q34404,16,1,1,"largest city of the state of Louisiana, United States",The Big Easy|Crescent City,Q1093829|Q1549591|Q3301053,,New Orleans
New Orleans,LSU New Orleans,Q1474157,16,1,1,"public university in New Orleans, Louisiana; part of the Louisiana State University System",Louisiana State University in New Orleans|UNO|uno.edu|Univ. of New Orleans|Louisiana State University New Orleans|University of New Orleans,Q3918|Q23002039,,LSU New Orleans
New Orleans,New Orleans Pelicans,Q172339,16,1,1,American professional basketball team,,Q13393265,,New Orleans Pelicans
New Orleans,New Orleans,Q135264429,16,1,1,Tony Hawk's Underground 2 level,,Q1046315,,
New Orleans,New Orleans Saints,Q172435,16,1,1,"National Football League franchise in New Orleans, Louisiana",Saints,Q17156793,,New Orleans Saints
New Orleans,Utah Jazz,Q170649,16,1,1,American professional basketball team,New Orleans Jazz,Q13393265,,Utah Jazz
New Orleans,New Orleans,Q2522995,16,1,1,"residential skyscraper in Rotterdam, Netherlands",,Q18142,,New Orleans (Rotterdam)
New Orleans,The New Orleans medical and surgical journal,Q27720369,16,1,1,journal,New Orleans Med Surg J|New Orleans Medical and Surgical Journal,Q5633421|Q16024164,,
New Orleans,New Orleans,Q3875298,16,1,1,1929 American drama film directed by Reginald Barker,,Q11424,,New Orleans (1929 film)
New Orleans,New Orleans,Q61794189,16,1,1,show jumping horse,,Q726,,
New Orleans,City of Glass,Q3280089,16,1,2,2009 novel by Cassandra Clare,,Q7725634,,City of Glass (Clare novel)
New Orleans,City of Glass,Q5123698,16,1,2,1994 graphic novel written by David Mazzucchelli,,Q725377,,City of Glass (comics)
New Orleans,City of Glass,Q1129628,16,1,2,television series,,Q5398426,,Glass Castle
New Orleans,City of Glass,Q108616035,16,1,2,episode of Shadowhunters,,Q21191270,,
New Orleans,City of Glass,Q5123697,16,1,2,1952 album by Stan Kenton,,Q482994,,City of Glass (Stan Kenton album)
New Orleans,City of Glass,Q5123700,16,1,2,1998 film by Mabel Cheung,,Q11424,,City of Glass (film)
New Orleans,City of Glass,Q5123695,16,1,2,book by Douglas Coupland,,Q7725634,,City of Glass (Coupland book)
New Orleans,City of Glass,Q2326482,16,1,2,1985 novel by Paul Auster,,Q7725634,,
New Orleans,City of Glass,Q138849857,16,1,2,novel by Noel Loomis,,Q7725634,,
New Orleans,City of Glass,Q125695704,16,1,2,"fictional city, narrative location of the 2016 video game Mirror's Edge Catalyst.",,Q1964689,,
A Streetcar Named Desire,A Streetcar Named Desire,Q212129,17,0,1,1951 film directed by Elia Kazan,Streetcar Named Desire,Q11424,,A Streetcar Named Desire (1951 film)
A Streetcar Named Desire,A Streetcar Named Desire,Q842106,17,0,1,1947 US play by Tennessee Williams,,Q7725634,,A Streetcar Named Desire
A Streetcar Named Desire,A Streetcar Named Desire,Q4659869,17,0,1,1998 opera by André Previn,,Q58483083,,A Streetcar Named Desire (opera)
A Streetcar Named Desire,A Streetcar Named Desire,Q4659863,17,0,1,1995 film directed by Glenn Jordan,Streetcar Named Desire,Q506240,,A Streetcar Named Desire (1995 film)
A Streetcar Named Desire,A Streetcar Named Desire,Q114482117,17,0,1,episode of The Originals (S3 E14),,Q21191270,,
A Streetcar Named Desire,A Streetcar Named Desire,Q4659858,17,0,1,1984 film directed by John Erman,Streetcar Named Desire,Q506240,,A Streetcar Named Desire (1984 film)
A Streetcar Named Desire,A Streetcar Named Desire,Q138359309,17,0,1,original 1947 to 1949 Broadway production of the play staring Marlon Brando,,Q7777570,,
A Streetcar Named Desire,Linje Lusta,Q131347758,17,0,1,1981 Swedish production of A Streetcar Named Desire by Borås stadsteater,A Streetcar Named Desire,Q7777570,,
A Streetcar Named Desire,Linje Lusta,Q131347356,17,0,1,1993 Swedish production of A Streetcar Named Desire by Helsingborg City Theatre,A Streetcar Named Desire,Q7777570,,
A Streetcar Named Desire,A Streetcar Named Desire (Endstation Sehnsucht). Oper in drei Akten. In englischer Sprache mit deutschen Übertiteln,Q139388706,17,0,1,performing arts production during the season 2001/02,,Q43099500,,
A Streetcar Named Desire,Tennessee Williams,Q134262,17,0,2,American playwright (1911–1983),Thomas Lanier Williams III|Thomas Williams,Q5,,Tennessee Williams
A Streetcar Named Desire,Tennessee Williams,Q47513341,17,0,2,painting by Buffie Johnson,,Q3305213,,
A Streetcar Named Desire,Tennessee Williams,Q47510960,17,0,2,painting by Bernard Safran,,Q3305213,,
A Streetcar Named Desire,Tennessee Williams papers,Q106928846,17,0,2,"manuscripts of Williams' published and unpublished plays, play fragments, short stories, screen scenarios, and poems (held at UCLA)",,Q9388534,,
A Streetcar Named Desire,"Tennessee Williams, New York",Q64155341,17,0,2,photograph in the National Gallery of Art (NGA 125431),,Q125191,,
A Streetcar Named Desire,Tennessee Williams/New Orleans Literary Festival,Q7700245,17,0,2,Annual literary festival,,Q23902005,,Tennessee Williams & New Orleans Literary Festival
A Streetcar Named Desire,Tennessee Williams: Mad Pilgramage of the Flesh,Q18388586,17,0,2,2014 book by John Lahr,,Q7725634|Q571,,Tennessee Williams: Mad Pilgrimage of the Flesh
A Streetcar Named Desire,Tennessee Williams Canal,Q49269468,17,0,2,"canal in St. James Parish, Louisiana, United States of America",,Q12284,,
A Streetcar Named Desire,"Tennessee Williams’ Letters to Donald Windham, 1940-1965",Q140581679,17,0,2,book,,Q571,,
A Streetcar Named Desire,Tennessee Williams - American Writers 53: University of Minnesota Pamphlets on American Writers,Q136282717,17,0,2,book 1965,,Q3331189,,
A Streetcar Named Desire,play,Q25379,17,0,2,"theatrical dramatic work intended to be performed by actors (in theatre, radio or recorded for TV)",drama|drama play|dramas|dramatic theatrical work|plays|stage drama|stage play|theater play|theatre drama|theatre play|theatrical play|staged dramatic work|theatrical dramatic work,Q4263830|Q110013851|Q223393,Q116476516|Q17537576,Play (theatre)
A Streetcar Named Desire,Play,Q1477063,17,0,2,Belgian-Flemish commercial television channel,VIER|VT4|Play4,Q1616075,,Play (Belgian TV channel)
A Streetcar Named Desire,Google Play,Q79576,17,0,2,digital software distribution platform from Google,Android App Store|Google Playstore|Playstore,Q19307174|Q3814081|Q891055|Q218616|Q312466|Q431289,,Google Play
A Streetcar Named Desire,Play,Q1064897,17,0,2,1999 studio album by Moby,,Q482994,,Play (Moby album)
A Streetcar Named Desire,PlayStation 3,Q10683,17,0,2,video game console developed Sony Interactive Entertainment,PS3|Sony PlayStation 3|Sony PS3,Q10929058,Q17589470,PlayStation 3
A Streetcar Named Desire,association football player,Q937857,17,0,2,person who plays association football (soccer),football player|association footballer|footballer|soccer player|player|association soccer player,Q28640|Q12737077,Q117321337|Q18536342|Q116763437,
A Streetcar Named Desire,game,Q11410,17,0,2,structured form of play,games|recreational game|recreational games|plays and games,Q63981612,Q17538258|Q17537576,Game
A Streetcar Named Desire,PlayStation Portable,Q170325,17,0,2,handheld game console by Sony,Playstation Portable|Play Station Portable|Sony PSP|PSP|PSP-1006|PSP-2006|PSP-3000|PS Portable|PSP-1000,Q62008942,Q941818,PlayStation Portable
A Streetcar Named Desire,PlayStation Vita,Q188808,17,0,2,portable game console developed by Sony Computer Entertainment,Vita|PSVita|PSV|PSVITA|Playstation Vita|Psvita,Q62008942,Q941818,PlayStation Vita
A Streetcar Named Desire,Play,Q42764882,17,0,2,2017 studio album by Super Junior,,Q482994,,Play (Super Junior album)
A Streetcar Named Desire,theater in the United States,Q1133175,17,0,2,theatrical performance and history in the United States,American theatre|theatre of the United States|theater in the USA,Q81391454,Q109677224|Q261127,Theater in the United States
A Streetcar Named Desire,Liberty Theatre,Q17016966,17,0,2,"former movie theater in Walla Walla, Washington, United States",American Theatre|Liberty Theater,Q41253|Q47162123,,
A Streetcar Named Desire,American Theatre,Q2288214,17,0,2,"theater building in Brussels, Belgium",,Q1060829|Q41253|Q19364326,,
A Streetcar Named Desire,American Theatre,Q43036176,17,0,2,"movie theater in Canton, New York, United States",,Q41253,,
A Streetcar Named Desire,American Music Hall,Q4744541,17,0,2,"former theater and movie theater in the Garment District of Manhattan, New York City, United States",American Theatre|Loew's American Theatre,Q24354|Q41253|Q19860854,,American Music Hall
A Streetcar Named Desire,American Theatre,Q42606228,17,0,2,"movie theater in Cherokee, Iowa, United States",Happy Hour Theatre,Q41253,,
A Streetcar Named Desire,American Theatre,Q15766243,17,0,2,journal,,Q5633421,,
A Streetcar Named Desire,American Theatre Wing,Q4745239,17,0,2,New York City-based organization dedicated to supporting excellence and education in theatre,the Wing|American Theater Wing|The Wing,Q163740,,American Theatre Wing
A Streetcar Named Desire,Circuit Playhouse,Q43292563,17,0,2,"theater and former movie theater in Memphis, Tennessee, United States",American Theatre|Memphian Theatre,Q24354|Q41253,,
A Streetcar Named Desire,American Theatre,Q42400287,17,0,2,"former movie theater in Bridgeport, Connecticut, United States",,Q41253,,
New Orleans,New Orleans,Q34404,17,1,1,"largest city of the state of Louisiana, United States",The Big Easy|Crescent City,Q1093829|Q1549591|Q3301053,,New Orleans
New Orleans,LSU New Orleans,Q1474157,17,1,1,"public university in New Orleans, Louisiana; part of the Louisiana State University System",Louisiana State University in New Orleans|UNO|uno.edu|Univ. of New Orleans|Louisiana State University New Orleans|University of New Orleans,Q3918|Q23002039,,LSU New Orleans
New Orleans,New Orleans Pelicans,Q172339,17,1,1,American professional basketball team,,Q13393265,,New Orleans Pelicans
New Orleans,New Orleans,Q135264429,17,1,1,Tony Hawk's Underground 2 level,,Q1046315,,
New Orleans,New Orleans Saints,Q172435,17,1,1,"National Football League franchise in New Orleans, Louisiana",Saints,Q17156793,,New Orleans Saints
New Orleans,Utah Jazz,Q170649,17,1,1,American professional basketball team,New Orleans Jazz,Q13393265,,Utah Jazz
New Orleans,New Orleans,Q2522995,17,1,1,"residential skyscraper in Rotterdam, Netherlands",,Q18142,,New Orleans (Rotterdam)
New Orleans,The New Orleans medical and surgical journal,Q27720369,17,1,1,journal,New Orleans Med Surg J|New Orleans Medical and Surgical Journal,Q5633421|Q16024164,,
New Orleans,New Orleans,Q3875298,17,1,1,1929 American drama film directed by Reginald Barker,,Q11424,,New Orleans (1929 film)
New Orleans,New Orleans,Q61794189,17,1,1,show jumping horse,,Q726,,
New Orleans,A Streetcar Named Desire,Q212129,17,1,2,1951 film directed by Elia Kazan,Streetcar Named Desire,Q11424,,A Streetcar Named Desire (1951 film)
New Orleans,A Streetcar Named Desire,Q4659863,17,1,2,1995 film directed by Glenn Jordan,Streetcar Named Desire,Q506240,,A Streetcar Named Desire (1995 film)
New Orleans,A Streetcar Named Desire,Q4659858,17,1,2,1984 film directed by John Erman,Streetcar Named Desire,Q506240,,A Streetcar Named Desire (1984 film)
New Orleans,Streetcar Named Desire,Q139438576,17,1,2,,,Q11060274,,
New Orleans,A Streetcar Named Desire,Q842106,17,1,2,1947 US play by Tennessee Williams,,Q7725634,,A Streetcar Named Desire
New Orleans,A Streetcar Named Desire,Q4659869,17,1,2,1998 opera by André Previn,,Q58483083,,A Streetcar Named Desire (opera)
New Orleans,A Streetcar Named Desire,Q114482117,17,1,2,episode of The Originals (S3 E14),,Q21191270,,
New Orleans,A Streetcar Named Desire,Q138359309,17,1,2,original 1947 to 1949 Broadway production of the play staring Marlon Brando,,Q7777570,,
New Orleans,Linje Lusta,Q131347758,17,1,2,1981 Swedish production of A Streetcar Named Desire by Borås stadsteater,A Streetcar Named Desire,Q7777570,,
New Orleans,Linje Lusta,Q131347356,17,1,2,1993 Swedish production of A Streetcar Named Desire by Helsingborg City Theatre,A Streetcar Named Desire,Q7777570,,
New Orleans,A Streetcar Named Desire (Endstation Sehnsucht). Oper in drei Akten. In englischer Sprache mit deutschen Übertiteln,Q139388706,17,1,2,performing arts production during the season 2001/02,,Q43099500,,
A Streetcar Named Desire,A Streetcar Named Desire,Q212129,18,0,1,1951 film directed by Elia Kazan,Streetcar Named Desire,Q11424,,A Streetcar Named Desire (1951 film)
A Streetcar Named Desire,A Streetcar Named Desire,Q842106,18,0,1,1947 US play by Tennessee Williams,,Q7725634,,A Streetcar Named Desire
A Streetcar Named Desire,A Streetcar Named Desire,Q4659869,18,0,1,1998 opera by André Previn,,Q58483083,,A Streetcar Named Desire (opera)
A Streetcar Named Desire,A Streetcar Named Desire,Q4659863,18,0,1,1995 film directed by Glenn Jordan,Streetcar Named Desire,Q506240,,A Streetcar Named Desire (1995 film)
A Streetcar Named Desire,A Streetcar Named Desire,Q114482117,18,0,1,episode of The Originals (S3 E14),,Q21191270,,
A Streetcar Named Desire,A Streetcar Named Desire,Q4659858,18,0,1,1984 film directed by John Erman,Streetcar Named Desire,Q506240,,A Streetcar Named Desire (1984 film)
A Streetcar Named Desire,A Streetcar Named Desire,Q138359309,18,0,1,original 1947 to 1949 Broadway production of the play staring Marlon Brando,,Q7777570,,
A Streetcar Named Desire,Linje Lusta,Q131347758,18,0,1,1981 Swedish production of A Streetcar Named Desire by Borås stadsteater,A Streetcar Named Desire,Q7777570,,
A Streetcar Named Desire,Linje Lusta,Q131347356,18,0,1,1993 Swedish production of A Streetcar Named Desire by Helsingborg City Theatre,A Streetcar Named Desire,Q7777570,,
A Streetcar Named Desire,A Streetcar Named Desire (Endstation Sehnsucht). Oper in drei Akten. In englischer Sprache mit deutschen Übertiteln,Q139388706,18,0,1,performing arts production during the season 2001/02,,Q43099500,,
A Streetcar Named Desire,Tennessee Williams,Q134262,18,0,2,American playwright (1911–1983),Thomas Lanier Williams III|Thomas Williams,Q5,,Tennessee Williams
A Streetcar Named Desire,Tennessee Williams,Q47513341,18,0,2,painting by Buffie Johnson,,Q3305213,,
A Streetcar Named Desire,Tennessee Williams,Q47510960,18,0,2,painting by Bernard Safran,,Q3305213,,
A Streetcar Named Desire,Tennessee Williams papers,Q106928846,18,0,2,"manuscripts of Williams' published and unpublished plays, play fragments, short stories, screen scenarios, and poems (held at UCLA)",,Q9388534,,
A Streetcar Named Desire,"Tennessee Williams, New York",Q64155341,18,0,2,photograph in the National Gallery of Art (NGA 125431),,Q125191,,
A Streetcar Named Desire,Tennessee Williams/New Orleans Literary Festival,Q7700245,18,0,2,Annual literary festival,,Q23902005,,Tennessee Williams & New Orleans Literary Festival
A Streetcar Named Desire,Tennessee Williams: Mad Pilgramage of the Flesh,Q18388586,18,0,2,2014 book by John Lahr,,Q7725634|Q571,,Tennessee Williams: Mad Pilgrimage of the Flesh
A Streetcar Named Desire,Tennessee Williams Canal,Q49269468,18,0,2,"canal in St. James Parish, Louisiana, United States of America",,Q12284,,
A Streetcar Named Desire,"Tennessee Williams’ Letters to Donald Windham, 1940-1965",Q140581679,18,0,2,book,,Q571,,
A Streetcar Named Desire,Tennessee Williams - American Writers 53: University of Minnesota Pamphlets on American Writers,Q136282717,18,0,2,book 1965,,Q3331189,,
A Streetcar Named Desire,play,Q25379,18,0,2,"theatrical dramatic work intended to be performed by actors (in theatre, radio or recorded for TV)",drama|drama play|dramas|dramatic theatrical work|plays|stage drama|stage play|theater play|theatre drama|theatre play|theatrical play|staged dramatic work|theatrical dramatic work,Q4263830|Q110013851|Q223393,Q116476516|Q17537576,Play (theatre)
A Streetcar Named Desire,Play,Q1477063,18,0,2,Belgian-Flemish commercial television channel,VIER|VT4|Play4,Q1616075,,Play (Belgian TV channel)
A Streetcar Named Desire,Google Play,Q79576,18,0,2,digital software distribution platform from Google,Android App Store|Google Playstore|Playstore,Q19307174|Q3814081|Q891055|Q218616|Q312466|Q431289,,Google Play
A Streetcar Named Desire,Play,Q1064897,18,0,2,1999 studio album by Moby,,Q482994,,Play (Moby album)
A Streetcar Named Desire,PlayStation 3,Q10683,18,0,2,video game console developed Sony Interactive Entertainment,PS3|Sony PlayStation 3|Sony PS3,Q10929058,Q17589470,PlayStation 3
A Streetcar Named Desire,association football player,Q937857,18,0,2,person who plays association football (soccer),football player|association footballer|footballer|soccer player|player|association soccer player,Q28640|Q12737077,Q117321337|Q18536342|Q116763437,
A Streetcar Named Desire,game,Q11410,18,0,2,structured form of play,games|recreational game|recreational games|plays and games,Q63981612,Q17538258|Q17537576,Game
A Streetcar Named Desire,PlayStation Portable,Q170325,18,0,2,handheld game console by Sony,Playstation Portable|Play Station Portable|Sony PSP|PSP|PSP-1006|PSP-2006|PSP-3000|PS Portable|PSP-1000,Q62008942,Q941818,PlayStation Portable
A Streetcar Named Desire,PlayStation Vita,Q188808,18,0,2,portable game console developed by Sony Computer Entertainment,Vita|PSVita|PSV|PSVITA|Playstation Vita|Psvita,Q62008942,Q941818,PlayStation Vita
A Streetcar Named Desire,Play,Q42764882,18,0,2,2017 studio album by Super Junior,,Q482994,,Play (Super Junior album)
A Streetcar Named Desire,theater in the United States,Q1133175,18,0,2,theatrical performance and history in the United States,American theatre|theatre of the United States|theater in the USA,Q81391454,Q109677224|Q261127,Theater in the United States
A Streetcar Named Desire,Liberty Theatre,Q17016966,18,0,2,"former movie theater in Walla Walla, Washington, United States",American Theatre|Liberty Theater,Q41253|Q47162123,,
A Streetcar Named Desire,American Theatre,Q2288214,18,0,2,"theater building in Brussels, Belgium",,Q1060829|Q41253|Q19364326,,
A Streetcar Named Desire,American Theatre,Q43036176,18,0,2,"movie theater in Canton, New York, United States",,Q41253,,
A Streetcar Named Desire,American Music Hall,Q4744541,18,0,2,"former theater and movie theater in the Garment District of Manhattan, New York City, United States",American Theatre|Loew's American Theatre,Q24354|Q41253|Q19860854,,American Music Hall
A Streetcar Named Desire,American Theatre,Q42606228,18,0,2,"movie theater in Cherokee, Iowa, United States",Happy Hour Theatre,Q41253,,
A Streetcar Named Desire,American Theatre,Q15766243,18,0,2,journal,,Q5633421,,
A Streetcar Named Desire,American Theatre Wing,Q4745239,18,0,2,New York City-based organization dedicated to supporting excellence and education in theatre,the Wing|American Theater Wing|The Wing,Q163740,,American Theatre Wing
A Streetcar Named Desire,Circuit Playhouse,Q43292563,18,0,2,"theater and former movie theater in Memphis, Tennessee, United States",American Theatre|Memphian Theatre,Q24354|Q41253,,
A Streetcar Named Desire,American Theatre,Q42400287,18,0,2,"former movie theater in Bridgeport, Connecticut, United States",,Q41253,,
New Orleans,New Orleans,Q34404,18,1,1,"largest city of the state of Louisiana, United States",The Big Easy|Crescent City,Q1093829|Q1549591|Q3301053,,New Orleans
New Orleans,LSU New Orleans,Q1474157,18,1,1,"public university in New Orleans, Louisiana; part of the Louisiana State University System",Louisiana State University in New Orleans|UNO|uno.edu|Univ. of New Orleans|Louisiana State University New Orleans|University of New Orleans,Q3918|Q23002039,,LSU New Orleans
New Orleans,New Orleans Pelicans,Q172339,18,1,1,American professional basketball team,,Q13393265,,New Orleans Pelicans
New Orleans,New Orleans,Q135264429,18,1,1,Tony Hawk's Underground 2 level,,Q1046315,,
New Orleans,New Orleans Saints,Q172435,18,1,1,"National Football League franchise in New Orleans, Louisiana",Saints,Q17156793,,New Orleans Saints
New Orleans,Utah Jazz,Q170649,18,1,1,American professional basketball team,New Orleans Jazz,Q13393265,,Utah Jazz
New Orleans,New Orleans,Q2522995,18,1,1,"residential skyscraper in Rotterdam, Netherlands",,Q18142,,New Orleans (Rotterdam)
New Orleans,The New Orleans medical and surgical journal,Q27720369,18,1,1,journal,New Orleans Med Surg J|New Orleans Medical and Surgical Journal,Q5633421|Q16024164,,
New Orleans,New Orleans,Q3875298,18,1,1,1929 American drama film directed by Reginald Barker,,Q11424,,New Orleans (1929 film)
New Orleans,New Orleans,Q61794189,18,1,1,show jumping horse,,Q726,,
New Orleans,A Streetcar Named Desire,Q212129,18,1,2,1951 film directed by Elia Kazan,Streetcar Named Desire,Q11424,,A Streetcar Named Desire (1951 film)
New Orleans,A Streetcar Named Desire,Q4659863,18,1,2,1995 film directed by Glenn Jordan,Streetcar Named Desire,Q506240,,A Streetcar Named Desire (1995 film)
New Orleans,A Streetcar Named Desire,Q4659858,18,1,2,1984 film directed by John Erman,Streetcar Named Desire,Q506240,,A Streetcar Named Desire (1984 film)
New Orleans,Streetcar Named Desire,Q139438576,18,1,2,,,Q11060274,,
New Orleans,A Streetcar Named Desire,Q842106,18,1,2,1947 US play by Tennessee Williams,,Q7725634,,A Streetcar Named Desire
New Orleans,A Streetcar Named Desire,Q4659869,18,1,2,1998 opera by André Previn,,Q58483083,,A Streetcar Named Desire (opera)
New Orleans,A Streetcar Named Desire,Q114482117,18,1,2,episode of The Originals (S3 E14),,Q21191270,,
New Orleans,A Streetcar Named Desire,Q138359309,18,1,2,original 1947 to 1949 Broadway production of the play staring Marlon Brando,,Q7777570,,
New Orleans,Linje Lusta,Q131347758,18,1,2,1981 Swedish production of A Streetcar Named Desire by Borås stadsteater,A Streetcar Named Desire,Q7777570,,
New Orleans,Linje Lusta,Q131347356,18,1,2,1993 Swedish production of A Streetcar Named Desire by Helsingborg City Theatre,A Streetcar Named Desire,Q7777570,,
New Orleans,A Streetcar Named Desire (Endstation Sehnsucht). Oper in drei Akten. In englischer Sprache mit deutschen Übertiteln,Q139388706,18,1,2,performing arts production during the season 2001/02,,Q43099500,,
Pop Rocks,Pop Rocks,Q4354146,19,0,1,2004 American television movie directed by Ron Lagomarsino,,Q506240,,Pop Rocks (film)
Pop Rocks,Pop Rocks,Q2448091,19,0,1,candy,,Q16323605,Q109886659,Pop Rocks
Pop Rocks,Pop Rocks EP,Q7229049,19,0,1,extended play by Head Automatica,,Q169930,,Pop Rocks (EP)
New Orleans,New Orleans,Q34404,19,1,1,"largest city of the state of Louisiana, United States",The Big Easy|Crescent City,Q1093829|Q1549591|Q3301053,,New Orleans
New Orleans,LSU New Orleans,Q1474157,19,1,1,"public university in New Orleans, Louisiana; part of the Louisiana State University System",Louisiana State University in New Orleans|UNO|uno.edu|Univ. of New Orleans|Louisiana State University New Orleans|University of New Orleans,Q3918|Q23002039,,LSU New Orleans
New Orleans,New Orleans Pelicans,Q172339,19,1,1,American professional basketball team,,Q13393265,,New Orleans Pelicans
New Orleans,New Orleans,Q135264429,19,1,1,Tony Hawk's Underground 2 level,,Q1046315,,
New Orleans,New Orleans Saints,Q172435,19,1,1,"National Football League franchise in New Orleans, Louisiana",Saints,Q17156793,,New Orleans Saints
New Orleans,Utah Jazz,Q170649,19,1,1,American professional basketball team,New Orleans Jazz,Q13393265,,Utah Jazz
New Orleans,New Orleans,Q2522995,19,1,1,"residential skyscraper in Rotterdam, Netherlands",,Q18142,,New Orleans (Rotterdam)
New Orleans,The New Orleans medical and surgical journal,Q27720369,19,1,1,journal,New Orleans Med Surg J|New Orleans Medical and Surgical Journal,Q5633421|Q16024164,,
New Orleans,New Orleans,Q3875298,19,1,1,1929 American drama film directed by Reginald Barker,,Q11424,,New Orleans (1929 film)
New Orleans,New Orleans,Q61794189,19,1,1,show jumping horse,,Q726,,
New Orleans,Pop Rocks,Q4354146,19,1,2,2004 American television movie directed by Ron Lagomarsino,,Q506240,,Pop Rocks (film)
New Orleans,Pop Rocks,Q2448091,19,1,2,candy,,Q16323605,Q109886659,Pop Rocks
New Orleans,Pop Rocks EP,Q7229049,19,1,2,extended play by Head Automatica,,Q169930,,Pop Rocks (EP)
New Orleans,"New Orleans, Louisiana",Q64156488,19,1,2,photograph in the National Gallery of Art (NGA 118326),,Q125191,,
New Orleans,"New Orleans, Louisiana",Q64172141,19,1,2,photograph in the National Gallery of Art (NGA 213831),,Q125191,,
New Orleans,"New Orleans, Louisiana",Q64172169,19,1,2,photograph in the National Gallery of Art (NGA 213853),,Q125191,,
New Orleans,"New Orleans, Louisiana",Q64156463,19,1,2,photograph in the National Gallery of Art (NGA 118308),,Q125191,,
New Orleans,"New Orleans, Louisiana Auditions",Q114504514,19,1,2,episode of American Idol (S10 E2),,Q21191270,,
New Orleans,"New Orleans, Louisiana Auditions",Q114482123,19,1,2,episode of American Idol (S4 E3),,Q21191270,,
New Orleans,"New Orleans, Louisiana, and Other Customs Records and Vessel Passenger Lists (NAID 17027510)",Q66277102,19,1,2,series in the National Archives and Records Administration's holdings,,Q2668072,,
Harvey,Harvey,Q19767733,20,0,1,family name,,Q101352,,Harvey (surname)
Harvey,Harvey,Q19767732,20,0,1,male given name,,Q12308941,,
Harvey,Harvey,Q130624,20,0,1,town in Western Australia,"Harvey, Western Australia|Harvey, Western Australia, Australia",Q3957,,"Harvey, Western Australia"
Harvey,Harvey,Q16208883,20,0,1,British rapper (born 1979),Michael Harvey Jr.|MC Harvey,Q5,,Harvey (rapper)
Harvey,Mark S. Harvey,Q3294240,20,0,1,Australian arachnologist,Harvey|Mark Harvey|Mark Stephen Harvey|M S Harvey|M. S. Harvey,Q5,,Mark Harvey (arachnologist)
Harvey,Harvey J. Alter,Q5677307,20,0,1,American medical researcher,Harvey James Alter|Harvey Alter|Harvey J Alter|H. J. Alter|H J Alter|H. Alter|H Alter|Alter|Alter H|Alter H.|Alter H. J.|Alter HJ,Q5,,Harvey J. Alter
Harvey,Harvey,Q577973,20,0,1,"city in Cook County, Illinois, United States","Harvey, Illinois|Harvey, IL",Q1093829,,"Harvey, Illinois"
Harvey,Phil Spector,Q213793,20,0,1,American record producer (1939–2021),Harvey Phillip Spector|Phillip Harvey Spector,Q5,,Phil Spector
Harvey,Harvey Jonathan Maddocks,Q113674121,20,0,1,particle physicist,,Q5,,
Harvey,Harvey Keitel,Q191132,20,0,1,American actor,,Q5,,Harvey Keitel
Harvey,Harvey Norman,Q4040441,20,0,2,multi-national Australian-based retailer,Harvey Norman Holdings,Q4830453|Q6881511|Q891723,,Harvey Norman
Harvey,Harvey Patterson,Q5677488,20,0,2,Canadian politician (1924–2014),Harvey Norman Murray Patterson,Q5,,Harvey Patterson
Harvey,Harvey Norman Park,Q21930777,20,0,2,"park in Northern Territory, Australia",,Q22698,,
Vancouver,Vancouver,Q24639,20,1,1,"largest city in the province of British Columbia, Canada","City of Vancouver|Vancouver, British Columbia|Vancouver, BC",Q1549591|Q60458065|Q902814|Q4307514,,Vancouver
Vancouver,Vancouver,Q234053,20,1,1,"city in and the county seat of Clark County, Washington, United States","Vancouver, Washington|Vancouver, WA",Q1093829|Q1549591|Q62049,,"Vancouver, Washington"
Vancouver,Vancouver,Q108471430,20,1,1,family name,,Q101352,,
Vancouver,Vancouver Whitecaps FC,Q196107,20,1,1,"Major League Soccer team in Vancouver, BC, Canada",Vancouver Whitecaps|Vancouver Caps|Vancouver Caps FC|Whitecaps FC|Whitecaps Football Club|Vancouver Whitecaps Football Club|Whitecaps|Caps,Q476028,,Vancouver Whitecaps FC
Vancouver,2010 Winter Olympics,Q9674,20,1,1,"21st edition of Winter Olympics, in Vancouver, Canada",Vancouver 2010,Q137592217|Q14547231,,2010 Winter Olympics
Vancouver,Vancouver,Q135264473,20,1,1,Tony Hawk's Underground level,,Q1046315,,
Vancouver,Vancouver,Q133248684,20,1,1,1962 painting by Bruno Bobak,,Q3305213,,
Vancouver,Vancouver Island,Q170479,20,1,1,"island of British Columbia, Canada",Île de Vancouver,Q23442,,Vancouver Island
Vancouver,Vancouveria hexandra,Q7914286,20,1,1,species of plant,white inside-out flower|white insideout flower|white inside-out-flower,Q16521,,Vancouveria hexandra
Vancouver,Vancouver Sun,Q2004274,20,1,1,"daily newspaper in Vancouver, British Columbia",,Q1110794|Q11032,,Vancouver Sun
Vancouver,Vancouver Civic Theatres,Q107436693,20,1,2,"performing arts presenting organization in Vancouver, British Columbia, Canada",VCT|City of Vancouver,Q7168296,,
Vancouver,City of Vancouver Mayor's Art Awards,Q105937862,20,1,2,Set of annual Vancouver awards in the arts,,Q618779,,
Vancouver,City of Vancouver Archives,Q28233344,20,1,2,municipal archives for the Canadian city of Vancouver,,Q166118,,City of Vancouver Archives
Vancouver,City of Vancouver Book Award,Q5123966,20,1,2,Canadian literary award,The City of Vancouver Book of the Year Award,Q618779,,City of Vancouver Book Award
Vancouver,City of Vancouver public data,Q97014281,20,1,2,,Open Data Portal|opendata.vancouver.ca,Q27031827,,
Vancouver,City of Vancouver v. Attorney-General of Canada,Q125282633,20,1,2,case from the Supreme Court of Canada,,Q19930933,,
Vancouver,City of Vancouver v. Burchill,Q125283513,20,1,2,case from the Supreme Court of Canada,,Q19930933,,
Vancouver,City of Vancouver v. McPhalen,Q125285431,20,1,2,case from the Supreme Court of Canada,,Q19930933,,
Vancouver,City of Vancouver v. Brandram-Henderson of B.C. Ltd.,Q125281343,20,1,2,case from the Supreme Court of Canada,,Q19930933,,
Dead on Target,Dead on Target,Q5245504,21,0,1,novel by Franklin W. Dixon,,Q7725634,,Dead on Target (The Hardy Boys)
Dead on Target,Dead on Target,Q5245503,21,0,1,1976 television film directed by Joseph L. Scanlan,Our Man Flint: Dead On Target,Q506240,,Dead on Target (film)
Dead on Target,Dead on Target,Q60390598,21,0,1,1987 edition,,Q3331189,,
Dead on Target,The Pandora Project,Q3354798,21,0,1,1998 television film,Pandora Project,Q506240,,The Pandora Project
Dead on Target,Dead on Target,Q26879370,21,0,1,Wikimedia disambiguation page,,Q4167410,,Dead on Target
Dead on Target,Vancouver Canucks,Q192890,21,0,2,hockey team of the National Hockey League,,Q4498974,,Vancouver Canucks
Dead on Target,Vancouver Canucks,Q7914129,21,0,2,ice hockey team in the PCHL and WHL (1945–1970),,Q4498974,,Vancouver Canucks (WHL)
Dead on Target,history of the Vancouver Canucks,Q5870687,21,0,2,aspect of history,the Vancouver Canucks history|Vancouver Canucks history,Q17524420,,History of the Vancouver Canucks
Dead on Target,"Vancouver Canucks at Seattle Kraken preseason game (September 27, 2024)",Q136213160,21,0,2,,,Q18918137,,
Dead on Target,"Vancouver Canucks at Dallas Stars (February 13, 2009)",Q124011486,21,0,2,,,Q18918137,,
Dead on Target,"Vancouver Canucks vs. Winnipeg Jets (February 3, 2015)",Q124011489,21,0,2,,,Q18918137,,
Dead on Target,Vancouver Canucks task force,Q21830163,21,0,2,sub-project of WikiProject Ice Hockey,WikiProject Vancouver Canucks|Wikipedia:WikiProject Ice Hockey/Vancouver Canucks task force|WikiProject Ice Hockey/Vancouver Canucks task force,Q110059964,,Wikipedia:WikiProject Ice Hockey/Vancouver Canucks task force
Dead on Target,"Vancouver Canucks at Calgary Flames (September 16, 2019)",Q124011477,21,0,2,,,Q18918137,,
Dead on Target,"Vancouver Canucks at Florida Panthers (November 17, 2025)",Q136849477,21,0,2,,,Q18918137,,
Dead on Target,"Vancouver Canucks vs. Dallas Stars (October 16, 2005)",Q124011478,21,0,2,,,Q18918137,,
Vancouver,Vancouver,Q24639,21,1,1,"largest city in the province of British Columbia, Canada","City of Vancouver|Vancouver, British Columbia|Vancouver, BC",Q1549591|Q60458065|Q902814|Q4307514,,Vancouver
Vancouver,Vancouver,Q234053,21,1,1,"city in and the county seat of Clark County, Washington, United States","Vancouver, Washington|Vancouver, WA",Q1093829|Q1549591|Q62049,,"Vancouver, Washington"
Vancouver,Vancouver,Q108471430,21,1,1,family name,,Q101352,,
Vancouver,Vancouver Whitecaps FC,Q196107,21,1,1,"Major League Soccer team in Vancouver, BC, Canada",Vancouver Whitecaps|Vancouver Caps|Vancouver Caps FC|Whitecaps FC|Whitecaps Football Club|Vancouver Whitecaps Football Club|Whitecaps|Caps,Q476028,,Vancouver Whitecaps FC
Vancouver,2010 Winter Olympics,Q9674,21,1,1,"21st edition of Winter Olympics, in Vancouver, Canada",Vancouver 2010,Q137592217|Q14547231,,2010 Winter Olympics
Vancouver,Vancouver,Q135264473,21,1,1,Tony Hawk's Underground level,,Q1046315,,
Vancouver,Vancouver,Q133248684,21,1,1,1962 painting by Bruno Bobak,,Q3305213,,
Vancouver,Vancouver Island,Q170479,21,1,1,"island of British Columbia, Canada",Île de Vancouver,Q23442,,Vancouver Island
Vancouver,Vancouveria hexandra,Q7914286,21,1,1,species of plant,white inside-out flower|white insideout flower|white inside-out-flower,Q16521,,Vancouveria hexandra
Vancouver,Vancouver Sun,Q2004274,21,1,1,"daily newspaper in Vancouver, British Columbia",,Q1110794|Q11032,,Vancouver Sun
Vancouver,Vancouver Civic Theatres,Q107436693,21,1,2,"performing arts presenting organization in Vancouver, British Columbia, Canada",VCT|City of Vancouver,Q7168296,,
Vancouver,City of Vancouver Mayor's Art Awards,Q105937862,21,1,2,Set of annual Vancouver awards in the arts,,Q618779,,
Vancouver,City of Vancouver Archives,Q28233344,21,1,2,municipal archives for the Canadian city of Vancouver,,Q166118,,City of Vancouver Archives
Vancouver,City of Vancouver Book Award,Q5123966,21,1,2,Canadian literary award,The City of Vancouver Book of the Year Award,Q618779,,City of Vancouver Book Award
Vancouver,City of Vancouver public data,Q97014281,21,1,2,,Open Data Portal|opendata.vancouver.ca,Q27031827,,
Vancouver,City of Vancouver v. Attorney-General of Canada,Q125282633,21,1,2,case from the Supreme Court of Canada,,Q19930933,,
Vancouver,City of Vancouver v. Burchill,Q125283513,21,1,2,case from the Supreme Court of Canada,,Q19930933,,
Vancouver,City of Vancouver v. McPhalen,Q125285431,21,1,2,case from the Supreme Court of Canada,,Q19930933,,
Vancouver,City of Vancouver v. Brandram-Henderson of B.C. Ltd.,Q125281343,21,1,2,case from the Supreme Court of Canada,,Q19930933,,
Blackout,syncope,Q180007,22,0,1,transient loss of consciousness and postural tone,passing out|blackout|fainting|blacking out|faint,Q112965645,Q16669556|Q102186875,Syncope (medicine)
Blackout,Blackout,Q192755,22,0,1,2007 studio album by Britney Spears,,Q482994,,Blackout (Britney Spears album)
Blackout,Blackout,Q170176,22,0,1,1982 studio album by Scorpions,,Q482994,,Blackout (Scorpions album)
Blackout,Blackout,Q112230321,22,0,1,Danish video game from 1997,,Q7889,,
Blackout,Blackout,Q2519093,22,0,1,single by the band Milk Inc.,,Q134556,,
Blackout,Blackout,Q68004892,22,0,1,vocal track by Scorpions; 1982 studio recording,,Q55850593,,
Blackout,Blackout,Q64698418,22,0,1,Star Trek novel,,Q7725634,,
Blackout,Blackout,Q110580437,22,0,1,podcast,,Q24634210,,
Blackout,Blackout: The Darkest Night,Q59224701,22,0,1,2019 adventure video game developed by MiniChimera Game Studio,Blackout,Q7889,,
Blackout,power outage,Q828827,22,0,1,short- or long-term loss of the electric power to an area,power cut|blackout|station blackout|electric power blackout|loss of power|power loss|power failure,Q100151658,Q28914147,Power outage
Vancouver,Vancouver,Q24639,22,1,1,"largest city in the province of British Columbia, Canada","City of Vancouver|Vancouver, British Columbia|Vancouver, BC",Q1549591|Q60458065|Q902814|Q4307514,,Vancouver
Vancouver,Vancouver,Q234053,22,1,1,"city in and the county seat of Clark County, Washington, United States","Vancouver, Washington|Vancouver, WA",Q1093829|Q1549591|Q62049,,"Vancouver, Washington"
Vancouver,Vancouver,Q108471430,22,1,1,family name,,Q101352,,
Vancouver,Vancouver Whitecaps FC,Q196107,22,1,1,"Major League Soccer team in Vancouver, BC, Canada",Vancouver Whitecaps|Vancouver Caps|Vancouver Caps FC|Whitecaps FC|Whitecaps Football Club|Vancouver Whitecaps Football Club|Whitecaps|Caps,Q476028,,Vancouver Whitecaps FC
Vancouver,2010 Winter Olympics,Q9674,22,1,1,"21st edition of Winter Olympics, in Vancouver, Canada",Vancouver 2010,Q137592217|Q14547231,,2010 Winter Olympics
Vancouver,Vancouver,Q135264473,22,1,1,Tony Hawk's Underground level,,Q1046315,,
Vancouver,Vancouver,Q133248684,22,1,1,1962 painting by Bruno Bobak,,Q3305213,,
Vancouver,Vancouver Island,Q170479,22,1,1,"island of British Columbia, Canada",Île de Vancouver,Q23442,,Vancouver Island
Vancouver,Vancouveria hexandra,Q7914286,22,1,1,species of plant,white inside-out flower|white insideout flower|white inside-out-flower,Q16521,,Vancouveria hexandra
Vancouver,Vancouver Sun,Q2004274,22,1,1,"daily newspaper in Vancouver, British Columbia",,Q1110794|Q11032,,Vancouver Sun
Vancouver,Vancouver Civic Theatres,Q107436693,22,1,2,"performing arts presenting organization in Vancouver, British Columbia, Canada",VCT|City of Vancouver,Q7168296,,
Vancouver,City of Vancouver Mayor's Art Awards,Q105937862,22,1,2,Set of annual Vancouver awards in the arts,,Q618779,,
Vancouver,City of Vancouver Archives,Q28233344,22,1,2,municipal archives for the Canadian city of Vancouver,,Q166118,,City of Vancouver Archives
Vancouver,City of Vancouver Book Award,Q5123966,22,1,2,Canadian literary award,The City of Vancouver Book of the Year Award,Q618779,,City of Vancouver Book Award
Vancouver,City of Vancouver public data,Q97014281,22,1,2,,Open Data Portal|opendata.vancouver.ca,Q27031827,,
Vancouver,City of Vancouver v. Attorney-General of Canada,Q125282633,22,1,2,case from the Supreme Court of Canada,,Q19930933,,
Vancouver,City of Vancouver v. Burchill,Q125283513,22,1,2,case from the Supreme Court of Canada,,Q19930933,,
Vancouver,City of Vancouver v. McPhalen,Q125285431,22,1,2,case from the Supreme Court of Canada,,Q19930933,,
Vancouver,City of Vancouver v. Brandram-Henderson of B.C. Ltd.,Q125281343,22,1,2,case from the Supreme Court of Canada,,Q19930933,,
Goblin,Goblin,Q1317474,23,0,1,Italian progressive rock band,BackToTheGoblin|Cherry Five,Q215380,,Goblin (band)
Goblin,Goblin,Q2714268,23,0,1,"2011 studio album by Tyler, the Creator",,Q482994,,Goblin (album)
Goblin,Goblin,Q105771701,23,0,1,family name,,Q101352,,
Goblin,goblin,Q107718592,23,0,1,Croatian Starcraft 2 player,Leon Vrhovec,Q5,,
Goblin,Goblin,Q116970833,23,0,1,American YouTuber,,Q5,,
Goblin,Goblin,Q135048128,23,0,1,2024 video game developed by ASOBI,,Q7889,,
Goblin,goblin,Q308697,23,0,1,"type of mythical humanoid, usually diminutive and mischievous, sometimes associated with fairies",👺,Q24533670|Q24286894,Q6949149|Q2239243|Q8028,Goblin
Goblin,Gospel Oak to Barking Line,Q179084,23,0,1,London Overground railway line,Gospel Oak – Barking Line|GOBLIN|Suffragette line,Q728937|Q124130104,,Gospel Oak to Barking line
Goblin,goblin in a work of fiction,Q5575572,23,0,1,goblin from a work of fiction,Goblins in modern fiction|fictional Goblin|Goblin,,Q28020127,
Goblin,Dmitry Puchkov,Q15253,23,0,1,Russian media personality,Goblin|Dmitri Puchkov|Dmitry Yuryevich Puchkov|Starshiy Operupolnomocheniy,Q5,,Dmitry Puchkov
British Columbia,British Columbia,Q1973,23,1,1,province of Canada,BC|B.C.|Province of British Columbia|CA-BC,Q11828004,,British Columbia
British Columbia,british columbia,Q102434966,23,1,1,Ph.D. University of British Columbia 2014,,Q5,,
British Columbia,Colony of British Columbia,Q918861,23,1,1,British possession in North America between 1858–1866,British Columbia,Q1351282,,Colony of British Columbia (1858–1866)
British Columbia,BC Lions,Q919062,23,1,1,Canadian football team based in Vancouver,British Columbia Lions,Q17271186,,BC Lions
British Columbia,Colony of British Columbia,Q2514958,23,1,1,British possession in North America between 1866–1871,United Colony of British Columbia|British Columbia,Q1351282,,Colony of British Columbia (1866–1871)
British Columbia,BC Cancer Agency,Q4835275,23,1,1,Canadian cancer centre,British Columbia Cancer Agency,Q327333,,BC Cancer Agency
British Columbia,British Columbia,Q20501674,23,1,1,painting by Russell W. Porter,,Q3305213,,
British Columbia,BC United,Q919043,23,1,1,political party,Liberal Party of British Columbia|BC Liberals|British Columbia United,Q7278,,BC United
British Columbia,British Columbia New Democratic Party,Q919052,23,1,1,political party,New Democratic Party of British Columbia|BC NDP,Q7278,,British Columbia New Democratic Party
British Columbia,British Columbia Sports Hall of Fame,Q4835326,23,1,1,"Hall of Fame and museum in British Columbia, Canada",BC Sports Hall of Fame and Museum|BC Sports Hall of Fame,Q42245028|Q17000324,,BC Sports Hall of Fame
British Columbia,Province of British Columbia coroner's report,Q72163094,23,1,2,scientific article published on 01 March 1994,,Q13442814,,
