data,candidates,QID,row,columns,quality,description,aliases,P31,P279,sitelink
Mozambique,Mozambique,Q1029,0,0,1,country in Southeastern Africa; the current form of Mozambique since 1975,Moçambique|República de Moçambique|mz|Republic of Mozambique,Q7270|Q3624078|Q6256,,Mozambique
Mozambique,Portuguese Mozambique,Q889394,0,0,1,1498–1975 Portuguese possession in East Africa,Portuguese East Africa|África Oriental Portuguesa|State of East Africa|Overseas Province of Mozambique|Africa Oriental Portuguesa|Mozambique,Q133156|Q333542|Q11514315|Q333542|Q200464,,Portuguese Mozambique
Mozambique,Mozambique,Q139808514,0,0,1,,,Q571,,
Mozambique,FRELIMO,Q504564,0,0,1,ruling party of Mozambique since 1977,Mozambique Liberation Front|Liberation Front of Mozambique|Mozambican Liberation Front|(Partido Frelimo),Q7278,,FRELIMO
Mozambique,Oreochromis mossambicus,Q1348685,0,0,1,species of fish,Mozambique tilapia|black tilapia,Q16521,,Mozambique tilapia
Mozambique,Mozambique,Q5793520,0,0,1,song by Bob Dylan,,Q134556,,Mozambique (song)
Mozambique,Mozambique Channel,Q165100,0,0,1,arm of the Indian Ocean located between the Southeast African countries of Madagascar and Mozambique,,Q37901,,Mozambique Channel
Mozambique,Mozambique,Q114479073,0,0,1,episode of Southland (S1 E2),,Q21191270,,
Mozambique,Mozambique,Q2720293,0,0,1,"style of vigorous music, developed by Pello el Afrokan (Pedro Izquierdo) in Cuba in 1963, and subsequently adapted by Eddie Palmieri in New York in the 1960s in a quite different form",,Q188451,Q1544863,Mozambique (music)
Mozambique,Mozambique,Q12126300,0,0,1,1965 film by Robert Lynn,,Q11424,,Mozambique (film)
Mozambique,Africa,Q15,0,0,2,continent,African continent,Q5107|Q2221906|Q82794,,Africa
Mozambique,Africa: Journal of the International African Institute,Q4689536,0,0,2,academic journal,Africa : journal of the International African Institute|Africa: The Journal of the International African Institute|Africa,Q5633421|Q1002697,,Africa (journal)
Mozambique,Africa,Q6172568,0,0,2,female given name,,Q11879590,,
Mozambique,Africa,Q109569182,0,0,2,vocal track by Toto; 1982 studio recording,,Q55850593,,
Mozambique,Africa,Q16159116,0,0,2,family name,,Q101352,,Africa (surname)
Mozambique,Africa,Q109569601,0,0,2,"1982 official music video by Toto, directed by Steve Barron",,Q193977,,
Mozambique,African Plant Database,Q20862705,0,0,2,,,Q7094076|Q4117139,,
Mozambique,Database of Cabinet Politics in Sub-Sahara Africa,Q96743901,0,0,2,database of Ministers who served in countries located in Sub-Sahara Africa,African Cabinet Politics - Data Repository,Q8513,,
Mozambique,African Studies,Q4689921,0,0,2,academic journal,,Q5633421,,African Studies (journal)
Mozambique,Africa,Q113568798,0,0,2,troopship of the Portuguese Navy,,Q12859788|Q671079,,
Mozambique Channel,Mozambique Channel,Q165100,0,1,1,arm of the Indian Ocean located between the Southeast African countries of Madagascar and Mozambique,,Q37901,,Mozambique Channel
Mozambique Channel,Mozambique,Q1029,0,1,2,country in Southeastern Africa; the current form of Mozambique since 1975,Moçambique|República de Moçambique|mz|Republic of Mozambique,Q7270|Q3624078|Q6256,,Mozambique
Mozambique Channel,Portuguese Mozambique,Q889394,0,1,2,1498–1975 Portuguese possession in East Africa,Portuguese East Africa|África Oriental Portuguesa|State of East Africa|Overseas Province of Mozambique|Africa Oriental Portuguesa|Mozambique,Q133156|Q333542|Q11514315|Q333542|Q200464,,Portuguese Mozambique
Mozambique Channel,Mozambique,Q139808514,0,1,2,,,Q571,,
Mozambique Channel,FRELIMO,Q504564,0,1,2,ruling party of Mozambique since 1977,Mozambique Liberation Front|Liberation Front of Mozambique|Mozambican Liberation Front|(Partido Frelimo),Q7278,,FRELIMO
Mozambique Channel,Oreochromis mossambicus,Q1348685,0,1,2,species of fish,Mozambique tilapia|black tilapia,Q16521,,Mozambique tilapia
Mozambique Channel,Mozambique,Q5793520,0,1,2,song by Bob Dylan,,Q134556,,Mozambique (song)
Mozambique Channel,Mozambique,Q114479073,0,1,2,episode of Southland (S1 E2),,Q21191270,,
Mozambique Channel,Mozambique,Q2720293,0,1,2,"style of vigorous music, developed by Pello el Afrokan (Pedro Izquierdo) in Cuba in 1963, and subsequently adapted by Eddie Palmieri in New York in the 1960s in a quite different form",,Q188451,Q1544863,Mozambique (music)
Mozambique Channel,Mozambique,Q12126300,0,1,2,1965 film by Robert Lynn,,Q11424,,Mozambique (film)
Mozambique Channel,Africa,Q15,0,1,2,continent,African continent,Q5107|Q2221906|Q82794,,Africa
Mozambique Channel,Africa: Journal of the International African Institute,Q4689536,0,1,2,academic journal,Africa : journal of the International African Institute|Africa: The Journal of the International African Institute|Africa,Q5633421|Q1002697,,Africa (journal)
Mozambique Channel,Africa,Q6172568,0,1,2,female given name,,Q11879590,,
Mozambique Channel,Africa,Q109569182,0,1,2,vocal track by Toto; 1982 studio recording,,Q55850593,,
Mozambique Channel,Africa,Q16159116,0,1,2,family name,,Q101352,,Africa (surname)
Mozambique Channel,Africa,Q109569601,0,1,2,"1982 official music video by Toto, directed by Steve Barron",,Q193977,,
Mozambique Channel,African Plant Database,Q20862705,0,1,2,,,Q7094076|Q4117139,,
Mozambique Channel,Database of Cabinet Politics in Sub-Sahara Africa,Q96743901,0,1,2,database of Ministers who served in countries located in Sub-Sahara Africa,African Cabinet Politics - Data Repository,Q8513,,
Mozambique Channel,African Studies,Q4689921,0,1,2,academic journal,,Q5633421,,African Studies (journal)
Mozambique Channel,Africa,Q113568798,0,1,2,troopship of the Portuguese Navy,,Q12859788|Q671079,,
Africa,Africa,Q15,0,3,1,continent,African continent,Q5107|Q2221906|Q82794,,Africa
Africa,Africa: Journal of the International African Institute,Q4689536,0,3,1,academic journal,Africa : journal of the International African Institute|Africa: The Journal of the International African Institute|Africa,Q5633421|Q1002697,,Africa (journal)
Africa,Africa,Q6172568,0,3,1,female given name,,Q11879590,,
Africa,Africa,Q109569182,0,3,1,vocal track by Toto; 1982 studio recording,,Q55850593,,
Africa,Africa,Q16159116,0,3,1,family name,,Q101352,,Africa (surname)
Africa,Africa,Q109569601,0,3,1,"1982 official music video by Toto, directed by Steve Barron",,Q193977,,
Africa,African Plant Database,Q20862705,0,3,1,,,Q7094076|Q4117139,,
Africa,Database of Cabinet Politics in Sub-Sahara Africa,Q96743901,0,3,1,database of Ministers who served in countries located in Sub-Sahara Africa,African Cabinet Politics - Data Repository,Q8513,,
Africa,African Studies,Q4689921,0,3,1,academic journal,,Q5633421,,African Studies (journal)
Africa,Africa,Q113568798,0,3,1,troopship of the Portuguese Navy,,Q12859788|Q671079,,
Africa,Mozambique,Q1029,0,3,2,country in Southeastern Africa; the current form of Mozambique since 1975,Moçambique|República de Moçambique|mz|Republic of Mozambique,Q7270|Q3624078|Q6256,,Mozambique
Africa,Portuguese Mozambique,Q889394,0,3,2,1498–1975 Portuguese possession in East Africa,Portuguese East Africa|África Oriental Portuguesa|State of East Africa|Overseas Province of Mozambique|Africa Oriental Portuguesa|Mozambique,Q133156|Q333542|Q11514315|Q333542|Q200464,,Portuguese Mozambique
Africa,Mozambique,Q139808514,0,3,2,,,Q571,,
Africa,FRELIMO,Q504564,0,3,2,ruling party of Mozambique since 1977,Mozambique Liberation Front|Liberation Front of Mozambique|Mozambican Liberation Front|(Partido Frelimo),Q7278,,FRELIMO
Africa,Oreochromis mossambicus,Q1348685,0,3,2,species of fish,Mozambique tilapia|black tilapia,Q16521,,Mozambique tilapia
Africa,Mozambique,Q5793520,0,3,2,song by Bob Dylan,,Q134556,,Mozambique (song)
Africa,Mozambique Channel,Q165100,0,3,2,arm of the Indian Ocean located between the Southeast African countries of Madagascar and Mozambique,,Q37901,,Mozambique Channel
Africa,Mozambique,Q114479073,0,3,2,episode of Southland (S1 E2),,Q21191270,,
Africa,Mozambique,Q2720293,0,3,2,"style of vigorous music, developed by Pello el Afrokan (Pedro Izquierdo) in Cuba in 1963, and subsequently adapted by Eddie Palmieri in New York in the 1960s in a quite different form",,Q188451,Q1544863,Mozambique (music)
Africa,Mozambique,Q12126300,0,3,2,1965 film by Robert Lynn,,Q11424,,Mozambique (film)
Papua New Guinea,Papua New Guinea,Q691,1,0,1,country in Oceania,Independent State of Papua New Guinea|PNG|pg,Q202686|Q112099|Q6256|Q3624078|Q11815167|Q41614,,Papua New Guinea
Papua New Guinea,Papua New Guinea Medical Journal,Q15758710,1,0,1,journal,,Q5633421,,
Papua New Guinea,Papua New Guinea,Q6580604,1,0,1,1991 song by the Future Sound of London,,Q105543609,,Papua New Guinea (instrumental)
Papua New Guinea,Papua New Guinea men's national soccer team,Q477647,1,0,1,men's national association football team representing Papua New Guinea,Papua New Guinea national football team|Kapuls|Papua New Guinea national soccer team|Papua New Guinea men's national football team,Q135408445,,Papua New Guinea national soccer team
Papua New Guinea,Papua New Guinea national cricket team,Q3590306,1,0,1,Men's cricket team representing Papua New Guinea,,Q86255944,,Papua New Guinea national cricket team
Papua New Guinea,2017 Papua New Guinean general election,Q23688106,1,0,1,general election held in Papua New Guinea,"Papua New Guinean general election, 2017",Q24183035,,2017 Papua New Guinean general election
Papua New Guinea,Pterocarpus indicus,Q979014,1,0,1,species of plant,Burmese rosewood|Amboyna wood|Malay padauk|Papua New Guinea rosewood,Q16521,Q214609|Q11992872,Pterocarpus indicus
Papua New Guinea,Papua New Guinea National Soccer League,Q1342351,1,0,1,association football league,,Q15991303,Q3270632,Papua New Guinea Premier Soccer League
Papua New Guinea,Pangu Party,Q2007531,1,0,1,Papua New Guinean political party,Papua and Niugini Union Pati|Pangu Pati|Papua New Guinea National Union|Papua & Niugini Union Pati|PANGU PATI,Q7278,,Pangu Pati
Papua New Guinea,kina,Q200759,1,0,1,currency of Papua New Guinea,Papua New Guinean kina|PGK,Q8142,,Papua New Guinean kina
Papua New Guinea,PNG Country Party,Q7119835,1,0,2,political party in Papua New Guinea,Papua New Guinea Country Party,Q7278,,PNG Country Party
Papua New Guinea,Papua New Guinea national rugby league team,Q3590308,1,0,2,National team that represents Papua New Guinea in the sport of rugby league football,Kumuls|The Kumuls|Papua New Guinea rugby league team|Papua New Guinea national RL team|PNG national rugby league team|PNG rugby league team|PNG national RL team|Papua New Guinea Kumuls|Papua New Guinea Kumuls Rugby|Papua New Guinea Kumuls Rugby Team|Papua New Guinea Kumuls Rugby League Team|Papua New Guinea Kumuls National Rugby League Team|PNG Kumuls|PNG Kumuls Rugby|PNG Kumuls Rugby Team|PNG Kumuls Rugby League Team|PNG Kumuls National Rugby League Team,Q59239320,,Papua New Guinea national rugby league team
Papua New Guinea,Papua New Guinea national under-23 soccer team,Q16847197,1,0,2,national association football team,,Q6979593,,Papua New Guinea national under-23 soccer team
Papua New Guinea,Papua New Guinea national under-20 soccer team,Q16847191,1,0,2,national association football team,,Q6979593,,Papua New Guinea national under-20 soccer team
Papua New Guinea,Papua New Guinea national under-17 soccer team,Q3590304,1,0,2,national association football team,,Q6979593,,Papua New Guinea national under-17 soccer team
Papua New Guinea,Papua New Guinea National Herbarium,Q55829162,1,0,2,national herbarium of Papua New Guinea,,Q43229|Q181916,,
Papua New Guinea,Papua New Guinea national rugby union team,Q637465,1,0,2,,,Q58840819,,Papua New Guinea national rugby union team
Pacific Ocean,Pacific Ocean,Q98,1,1,1,"ocean between Asia, Australia and the Americas",Pacific|Pacific Sea|the Pacific|Pacifick|Pacifick Ocean|Pacifick Sea|the Pacifick|Southern Ocean|Southern Sea|the Southern Ocean|the Southern Sea|Great Southern Ocean|the Great Southern Ocean|Great Southern Sea|the Great Southern Sea|the Pacific Ocean,Q9430,,Pacific Ocean
Pacific Ocean,Pacific Ocean,Q22828271,1,1,1,Wikimedia permanent duplicated item,,Q21286738,,
Pacific Ocean,Transvaal,Q107067807,1,1,1,ship built in 1962,IMO 5367611|Ping Yin|Pacific Ocean,Q1752434,,
Pacific Ocean,Pacific Islands,Q844857,1,1,1,geographic region consisting of the islands of the Pacific Ocean,Islands of the Pacific|Pacific Ocean Islands|Insular Oceania,Q82794|Q1402592,,Pacific Islands
Pacific Ocean,Pacific Ocean Theater of World War II,Q2920892,1,1,1,"naval and island campaigns in the Central Pacific, North Pacific and South Central Pacific",,Q718893,,Pacific Ocean theater of World War II
Pacific Ocean,Pacific Ocean Blue,Q686112,1,1,1,album by Dennis Wilson,,Q482994,,Pacific Ocean Blue
Pacific Ocean,Pacific Oceania Billie Jean King Cup team,Q7122612,1,1,1,Billie Jean King Cup team representing smaller island states in Oceania,Pacific Oceania Fed Cup team,Q66817758,,Pacific Oceania Billie Jean King Cup team
Pacific Ocean,Pacific Ocean Areas,Q3359773,1,1,1,1942–1945 Allied regional command in the Pacific War of World War II,POA|Pacific Ocean Area,Q9822982,,Pacific Ocean Areas
Pacific Ocean,Sister Benten Online,Q7531086,1,1,1,record label,Pacific Ocean Studios,Q18127|Q4830453|Q783794,,Benten Label
Pacific Ocean,Pacific Oceania,Q47488806,1,1,1,entry in national team competitions from Oceania excluding Australia and New Zealand,,Q3337001,,
Pacific Ocean,Papua New Guinea,Q691,1,1,2,country in Oceania,Independent State of Papua New Guinea|PNG|pg,Q202686|Q112099|Q6256|Q3624078|Q11815167|Q41614,,Papua New Guinea
Pacific Ocean,Papua New Guinea Medical Journal,Q15758710,1,1,2,journal,,Q5633421,,
Pacific Ocean,Papua New Guinea,Q6580604,1,1,2,1991 song by the Future Sound of London,,Q105543609,,Papua New Guinea (instrumental)
Pacific Ocean,Papua New Guinea men's national soccer team,Q477647,1,1,2,men's national association football team representing Papua New Guinea,Papua New Guinea national football team|Kapuls|Papua New Guinea national soccer team|Papua New Guinea men's national football team,Q135408445,,Papua New Guinea national soccer team
Pacific Ocean,Papua New Guinea national cricket team,Q3590306,1,1,2,Men's cricket team representing Papua New Guinea,,Q86255944,,Papua New Guinea national cricket team
Pacific Ocean,2017 Papua New Guinean general election,Q23688106,1,1,2,general election held in Papua New Guinea,"Papua New Guinean general election, 2017",Q24183035,,2017 Papua New Guinean general election
Pacific Ocean,Pterocarpus indicus,Q979014,1,1,2,species of plant,Burmese rosewood|Amboyna wood|Malay padauk|Papua New Guinea rosewood,Q16521,Q214609|Q11992872,Pterocarpus indicus
Pacific Ocean,Papua New Guinea National Soccer League,Q1342351,1,1,2,association football league,,Q15991303,Q3270632,Papua New Guinea Premier Soccer League
Pacific Ocean,Pangu Party,Q2007531,1,1,2,Papua New Guinean political party,Papua and Niugini Union Pati|Pangu Pati|Papua New Guinea National Union|Papua & Niugini Union Pati|PANGU PATI,Q7278,,Pangu Pati
Pacific Ocean,kina,Q200759,1,1,2,currency of Papua New Guinea,Papua New Guinean kina|PGK,Q8142,,Papua New Guinean kina
Pacific Ocean,Insular Oceania,Q538,1,1,2,"geographic region comprising Melanesia, Micronesia and Polynesia",Oceania,Q5107|Q82794|Q855697,,Insular Oceania
Insular Oceania,Insular Oceania,Q538,1,3,1,"geographic region comprising Melanesia, Micronesia and Polynesia",Oceania,Q5107|Q82794|Q855697,,Insular Oceania
Insular Oceania,Pacific Islands,Q844857,1,3,1,geographic region consisting of the islands of the Pacific Ocean,Islands of the Pacific|Pacific Ocean Islands|Insular Oceania,Q82794|Q1402592,,Pacific Islands
Insular Oceania,Papua New Guinea,Q691,1,3,2,country in Oceania,Independent State of Papua New Guinea|PNG|pg,Q202686|Q112099|Q6256|Q3624078|Q11815167|Q41614,,Papua New Guinea
Insular Oceania,Papua New Guinea Medical Journal,Q15758710,1,3,2,journal,,Q5633421,,
Insular Oceania,Papua New Guinea,Q6580604,1,3,2,1991 song by the Future Sound of London,,Q105543609,,Papua New Guinea (instrumental)
Insular Oceania,Papua New Guinea men's national soccer team,Q477647,1,3,2,men's national association football team representing Papua New Guinea,Papua New Guinea national football team|Kapuls|Papua New Guinea national soccer team|Papua New Guinea men's national football team,Q135408445,,Papua New Guinea national soccer team
Insular Oceania,Papua New Guinea national cricket team,Q3590306,1,3,2,Men's cricket team representing Papua New Guinea,,Q86255944,,Papua New Guinea national cricket team
Insular Oceania,2017 Papua New Guinean general election,Q23688106,1,3,2,general election held in Papua New Guinea,"Papua New Guinean general election, 2017",Q24183035,,2017 Papua New Guinean general election
Insular Oceania,Pterocarpus indicus,Q979014,1,3,2,species of plant,Burmese rosewood|Amboyna wood|Malay padauk|Papua New Guinea rosewood,Q16521,Q214609|Q11992872,Pterocarpus indicus
Insular Oceania,Papua New Guinea National Soccer League,Q1342351,1,3,2,association football league,,Q15991303,Q3270632,Papua New Guinea Premier Soccer League
Insular Oceania,Pangu Party,Q2007531,1,3,2,Papua New Guinean political party,Papua and Niugini Union Pati|Pangu Pati|Papua New Guinea National Union|Papua & Niugini Union Pati|PANGU PATI,Q7278,,Pangu Pati
Insular Oceania,kina,Q200759,1,3,2,currency of Papua New Guinea,Papua New Guinean kina|PGK,Q8142,,Papua New Guinean kina
Insular Oceania,Pacific Ocean,Q98,1,3,2,"ocean between Asia, Australia and the Americas",Pacific|Pacific Sea|the Pacific|Pacifick|Pacifick Ocean|Pacifick Sea|the Pacifick|Southern Ocean|Southern Sea|the Southern Ocean|the Southern Sea|Great Southern Ocean|the Great Southern Ocean|Great Southern Sea|the Great Southern Sea|the Pacific Ocean,Q9430,,Pacific Ocean
Insular Oceania,Pacific Ocean,Q22828271,1,3,2,Wikimedia permanent duplicated item,,Q21286738,,
Insular Oceania,Transvaal,Q107067807,1,3,2,ship built in 1962,IMO 5367611|Ping Yin|Pacific Ocean,Q1752434,,
Insular Oceania,Pacific Ocean Theater of World War II,Q2920892,1,3,2,"naval and island campaigns in the Central Pacific, North Pacific and South Central Pacific",,Q718893,,Pacific Ocean theater of World War II
Insular Oceania,Pacific Ocean Blue,Q686112,1,3,2,album by Dennis Wilson,,Q482994,,Pacific Ocean Blue
Insular Oceania,Pacific Oceania Billie Jean King Cup team,Q7122612,1,3,2,Billie Jean King Cup team representing smaller island states in Oceania,Pacific Oceania Fed Cup team,Q66817758,,Pacific Oceania Billie Jean King Cup team
Insular Oceania,Pacific Ocean Areas,Q3359773,1,3,2,1942–1945 Allied regional command in the Pacific War of World War II,POA|Pacific Ocean Area,Q9822982,,Pacific Ocean Areas
Insular Oceania,Sister Benten Online,Q7531086,1,3,2,record label,Pacific Ocean Studios,Q18127|Q4830453|Q783794,,Benten Label
Insular Oceania,Pacific Oceania,Q47488806,1,3,2,entry in national team competitions from Oceania excluding Australia and New Zealand,,Q3337001,,
Cape Verde,Cape Verde,Q1011,2,0,1,sovereign state comprising ten islands off the Western coast of Africa,Republic of Cape Verde|Republic of Cabo Verde|Cape Verde Islands,Q3624078|Q112099|Q6256|Q11815167,,Cape Verde
Cape Verde,Portuguese Cape Verde,Q3023340,2,0,1,former colony of the Portuguese Empire in the Cape Verde Islands,Cape Verde,Q133156|Q333542,,Portuguese Cape Verde
Cape Verde,Cape Verde Archipelago,Q115212222,2,0,1,"archipelago part of Macaronesia, in the Atlantic Ocean",Cape Verde,Q33837,,
Cape Verde,Cape Verde,Q3658151,2,0,1,promontory and extremity on the rim of Victoria Crater on Mars,,,,Cape Verde (Mars)
Cape Verde,Cape Verde men's national football team,Q330039,2,0,1,men's national association football team representing Cape Verde,Tubarões Azuis|Cape Verde national soccer team|Cape Verdean national soccer team|Cape Verdean national football team|Cape Verde national football team,Q135408445,Q1194951,Cape Verde national football team
Cape Verde,Cape Verdean Creole,Q35963,2,0,1,Portuguese-based creole language spoken in Cape Verde,Kabuverdianu|Kriolu|kea|Cape Verdean Portuguese|Cape Verde Portuguese,Q33289|Q1288568,Q14507109,Cape Verdean Creole
Cape Verde,UTC−01:00,Q6540,2,0,1,Identifier for a time offset from UTC of −1,Cape Verde Time,Q17272482,,UTC−01:00
Cape Verde,Cape Verdeans,Q19903733,2,0,1,citizens or residents of Cabo Verde,Cabo Verdeans|Cape Verdians,Q22947|Q33829,Q1075929|Q1258241|Q99764696|Q122974170,Cape Verdeans
Cape Verde,flag of Cape Verde,Q102944,2,0,1,national flag of the Republic of Cape Verde,Cape Verde flag,Q186516,,Flag of Cape Verde
Cape Verde,Cape Verdean escudo,Q4591,2,0,1,currency of the Republic of Cape Verde,Cape Verde escudo,Q8142|Q745316,,Cape Verdean escudo
Cape Verde,Cape Verde Islands,Q31878253,2,0,2,Island group in Cape Verde,,Q1402592,,
Cape Verde,Cape Verde Islands dry forests,Q8251110,2,0,2,terrestrial ecoregion in Cape Verde,,Q295469|Q6617741,,Cape Verde Islands dry forests
Cape Verde,Cape Verde Islands Dry Forests Ecoregion,Q124366551,2,0,2,One Earth Ecoregion,,Q124221947,,
Cape Verde,Cape Verde Islands Vital Records Index - FamilySearch Historical Records,Q94421605,2,0,2,,,Q60474998,,
Cape Verde,CAPE VERDE ISLANDS. (FURTHER AIDS FOR THE STUDY OF THEIR DEMOGRAPHIC EVOLUTION IN THE DECADE 1951-1960),Q76513432,2,0,2,scientific article published on 01 August 1963,,Q13442814,,
Cape Verde,Cape Verde Islands. 10 years of demographic evolution,Q79070690,2,0,2,scientific article published on 01 June 1962,,Q13442814,,
Cape Verde,Cape Verde Islands,Q25394989,2,0,2,Wikimedia disambiguation page,,Q4167410,,
Pedra de Lume salt ponds,Pedra de Lume salt ponds,Q65688954,2,1,1,Tentative World Heritage Site in Cabo Verde,,Q244326,,
Pedra de Lume salt ponds,Pedra de Lume,Q486580,2,1,2,"village in Sal island, Cape Verde",,Q3257686,,Pedra de Lume
Pedra de Lume salt ponds,Farol de Pedra de Lume,Q10280161,2,1,2,lighthouse in Cape Verde,Pedra de Lume Lighthouse,Q39715,,Pedra de Lume Lighthouse
Atlantic Ocean,Atlantic Ocean,Q97,2,2,1,"ocean between Europe, Africa and the Americas",Atlantic|Atlantic Sea|Great Western Ocean|Oceanus|the Atlantic|Atlantick|Atlantick Ocean|Atlantick Sea|the Atlantick,Q9430,,Atlantic Ocean
Atlantic Ocean,Atlantic Ocean,Q4816504,2,2,1,Dutch trance/electronic band,,Q215380,,Atlantic Ocean (band)
Atlantic Ocean,Atlantic Ocean,Q121826975,2,2,1,painting by José María Velasco,,Q3305213,,
Atlantic Ocean,Atlantic Ocean,Q22828099,2,2,1,Wikimedia permanent duplicated item,,Q21286738,,
Atlantic Ocean,Atlantic Ocean,Q31956345,2,2,1,Swedish band,Quints,Q215380,,
Atlantic Ocean,Atlantic Ocean,Q113612232,2,2,1,ship built in 1978,IMO 7614836|Dien Danielsen|Dien|Ulla Danielsen|Natalie I|Inderbasie,Q105999,,
Atlantic Ocean,Atlantic Ocean drainage basin,Q44715398,2,2,1,drainage basin,Atlantic Ocean basin|Atlantic Ocean watershed,Q82700259,,
Atlantic Ocean,Atlantic Ocean,Q19129281,2,2,1,poem written by Vladimir Mayakovsky,,Q7725634,,
Atlantic Ocean,Atlantic Ocean,Q117082049,2,2,1,container ship built in 1996,IMO 9131008,Q17210,,
Atlantic Ocean,Atlantic Oceanographic and Meteorological Laboratory,Q4816515,2,2,1,U.S. Government research laboratory,AOML,Q327333|Q31855,,Atlantic Oceanographic and Meteorological Laboratory
Atlantic Ocean,Cape Verde,Q1011,2,2,2,sovereign state comprising ten islands off the Western coast of Africa,Republic of Cape Verde|Republic of Cabo Verde|Cape Verde Islands,Q3624078|Q112099|Q6256|Q11815167,,Cape Verde
Atlantic Ocean,Portuguese Cape Verde,Q3023340,2,2,2,former colony of the Portuguese Empire in the Cape Verde Islands,Cape Verde,Q133156|Q333542,,Portuguese Cape Verde
Atlantic Ocean,Cape Verde Archipelago,Q115212222,2,2,2,"archipelago part of Macaronesia, in the Atlantic Ocean",Cape Verde,Q33837,,
Atlantic Ocean,Cape Verde,Q3658151,2,2,2,promontory and extremity on the rim of Victoria Crater on Mars,,,,Cape Verde (Mars)
Atlantic Ocean,Cape Verde men's national football team,Q330039,2,2,2,men's national association football team representing Cape Verde,Tubarões Azuis|Cape Verde national soccer team|Cape Verdean national soccer team|Cape Verdean national football team|Cape Verde national football team,Q135408445,Q1194951,Cape Verde national football team
Atlantic Ocean,Cape Verdean Creole,Q35963,2,2,2,Portuguese-based creole language spoken in Cape Verde,Kabuverdianu|Kriolu|kea|Cape Verdean Portuguese|Cape Verde Portuguese,Q33289|Q1288568,Q14507109,Cape Verdean Creole
Atlantic Ocean,UTC−01:00,Q6540,2,2,2,Identifier for a time offset from UTC of −1,Cape Verde Time,Q17272482,,UTC−01:00
Atlantic Ocean,Cape Verdeans,Q19903733,2,2,2,citizens or residents of Cabo Verde,Cabo Verdeans|Cape Verdians,Q22947|Q33829,Q1075929|Q1258241|Q99764696|Q122974170,Cape Verdeans
Atlantic Ocean,flag of Cape Verde,Q102944,2,2,2,national flag of the Republic of Cape Verde,Cape Verde flag,Q186516,,Flag of Cape Verde
Atlantic Ocean,Cape Verdean escudo,Q4591,2,2,2,currency of the Republic of Cape Verde,Cape Verde escudo,Q8142|Q745316,,Cape Verdean escudo
Atlantic Ocean,Africa,Q15,2,2,2,continent,African continent,Q5107|Q2221906|Q82794,,Africa
Atlantic Ocean,Africa: Journal of the International African Institute,Q4689536,2,2,2,academic journal,Africa : journal of the International African Institute|Africa: The Journal of the International African Institute|Africa,Q5633421|Q1002697,,Africa (journal)
Atlantic Ocean,Africa,Q6172568,2,2,2,female given name,,Q11879590,,
Atlantic Ocean,Africa,Q109569182,2,2,2,vocal track by Toto; 1982 studio recording,,Q55850593,,
Atlantic Ocean,Africa,Q16159116,2,2,2,family name,,Q101352,,Africa (surname)
Atlantic Ocean,Africa,Q109569601,2,2,2,"1982 official music video by Toto, directed by Steve Barron",,Q193977,,
Atlantic Ocean,African Plant Database,Q20862705,2,2,2,,,Q7094076|Q4117139,,
Atlantic Ocean,Database of Cabinet Politics in Sub-Sahara Africa,Q96743901,2,2,2,database of Ministers who served in countries located in Sub-Sahara Africa,African Cabinet Politics - Data Repository,Q8513,,
Atlantic Ocean,African Studies,Q4689921,2,2,2,academic journal,,Q5633421,,African Studies (journal)
Atlantic Ocean,Africa,Q113568798,2,2,2,troopship of the Portuguese Navy,,Q12859788|Q671079,,
Africa,Africa,Q15,2,3,1,continent,African continent,Q5107|Q2221906|Q82794,,Africa
Africa,Africa: Journal of the International African Institute,Q4689536,2,3,1,academic journal,Africa : journal of the International African Institute|Africa: The Journal of the International African Institute|Africa,Q5633421|Q1002697,,Africa (journal)
Africa,Africa,Q6172568,2,3,1,female given name,,Q11879590,,
Africa,Africa,Q109569182,2,3,1,vocal track by Toto; 1982 studio recording,,Q55850593,,
Africa,Africa,Q16159116,2,3,1,family name,,Q101352,,Africa (surname)
Africa,Africa,Q109569601,2,3,1,"1982 official music video by Toto, directed by Steve Barron",,Q193977,,
Africa,African Plant Database,Q20862705,2,3,1,,,Q7094076|Q4117139,,
Africa,Database of Cabinet Politics in Sub-Sahara Africa,Q96743901,2,3,1,database of Ministers who served in countries located in Sub-Sahara Africa,African Cabinet Politics - Data Repository,Q8513,,
Africa,African Studies,Q4689921,2,3,1,academic journal,,Q5633421,,African Studies (journal)
Africa,Africa,Q113568798,2,3,1,troopship of the Portuguese Navy,,Q12859788|Q671079,,
Africa,Cape Verde,Q1011,2,3,2,sovereign state comprising ten islands off the Western coast of Africa,Republic of Cape Verde|Republic of Cabo Verde|Cape Verde Islands,Q3624078|Q112099|Q6256|Q11815167,,Cape Verde
Africa,Portuguese Cape Verde,Q3023340,2,3,2,former colony of the Portuguese Empire in the Cape Verde Islands,Cape Verde,Q133156|Q333542,,Portuguese Cape Verde
Africa,Cape Verde Archipelago,Q115212222,2,3,2,"archipelago part of Macaronesia, in the Atlantic Ocean",Cape Verde,Q33837,,
Africa,Cape Verde,Q3658151,2,3,2,promontory and extremity on the rim of Victoria Crater on Mars,,,,Cape Verde (Mars)
Africa,Cape Verde men's national football team,Q330039,2,3,2,men's national association football team representing Cape Verde,Tubarões Azuis|Cape Verde national soccer team|Cape Verdean national soccer team|Cape Verdean national football team|Cape Verde national football team,Q135408445,Q1194951,Cape Verde national football team
Africa,Cape Verdean Creole,Q35963,2,3,2,Portuguese-based creole language spoken in Cape Verde,Kabuverdianu|Kriolu|kea|Cape Verdean Portuguese|Cape Verde Portuguese,Q33289|Q1288568,Q14507109,Cape Verdean Creole
Africa,UTC−01:00,Q6540,2,3,2,Identifier for a time offset from UTC of −1,Cape Verde Time,Q17272482,,UTC−01:00
Africa,Cape Verdeans,Q19903733,2,3,2,citizens or residents of Cabo Verde,Cabo Verdeans|Cape Verdians,Q22947|Q33829,Q1075929|Q1258241|Q99764696|Q122974170,Cape Verdeans
Africa,flag of Cape Verde,Q102944,2,3,2,national flag of the Republic of Cape Verde,Cape Verde flag,Q186516,,Flag of Cape Verde
Africa,Cape Verdean escudo,Q4591,2,3,2,currency of the Republic of Cape Verde,Cape Verde escudo,Q8142|Q745316,,Cape Verdean escudo
Africa,Atlantic Ocean,Q97,2,3,2,"ocean between Europe, Africa and the Americas",Atlantic|Atlantic Sea|Great Western Ocean|Oceanus|the Atlantic|Atlantick|Atlantick Ocean|Atlantick Sea|the Atlantick,Q9430,,Atlantic Ocean
Africa,Atlantic Ocean,Q4816504,2,3,2,Dutch trance/electronic band,,Q215380,,Atlantic Ocean (band)
Africa,Atlantic Ocean,Q121826975,2,3,2,painting by José María Velasco,,Q3305213,,
Africa,Atlantic Ocean,Q22828099,2,3,2,Wikimedia permanent duplicated item,,Q21286738,,
Africa,Atlantic Ocean,Q31956345,2,3,2,Swedish band,Quints,Q215380,,
Africa,Atlantic Ocean,Q113612232,2,3,2,ship built in 1978,IMO 7614836|Dien Danielsen|Dien|Ulla Danielsen|Natalie I|Inderbasie,Q105999,,
Africa,Atlantic Ocean drainage basin,Q44715398,2,3,2,drainage basin,Atlantic Ocean basin|Atlantic Ocean watershed,Q82700259,,
Africa,Atlantic Ocean,Q19129281,2,3,2,poem written by Vladimir Mayakovsky,,Q7725634,,
Africa,Atlantic Ocean,Q117082049,2,3,2,container ship built in 1996,IMO 9131008,Q17210,,
Africa,Atlantic Oceanographic and Meteorological Laboratory,Q4816515,2,3,2,U.S. Government research laboratory,AOML,Q327333|Q31855,,Atlantic Oceanographic and Meteorological Laboratory
Czech Republic,Czech Republic,Q213,3,0,1,country in Central Europe,Czechia,Q6256|Q3624078|Q123480|Q7270|Q127693126,,Czech Republic
Czech Republic,Czech Republic,Q5201764,3,0,1,constituency of the European Parliament,,Q2631496,,Czech Republic (European Parliament constituency)
Czech Republic,Czech Republic,Q3496079,3,0,1,member state of the Czech and Slovak Federal Republic (1990–1992),,Q56219758,,
Czech Republic,Czechia men's national football team,Q483868,3,0,1,men's national association football team representing Czechia,Czech Republic national football team|Czech national football team|Czechia national team|National team of Czechia|Czechia NT|Czechia N.T.|Czechia national football team,Q135408445,Q1194951,Czech Republic national football team
Czech Republic,Czech Republic national under-21 football team,Q1464421,3,0,1,national under-21 association football team representing Czechia,Czechia national under-21 football team|Czechia national U21 football team,Q6979740,Q1194951,Czech Republic national under-21 football team
Czech Republic,Czechia men's national ice hockey team,Q754410,3,0,1,men's national ice hockey team representing the Czech Republic,Czech Republic men's national ice hockey team|Team Czech Republic,Q135409346,,Czechia men's national ice hockey team
Czech Republic,Czech Republic,Q99288382,3,0,1,the country of the Czech Republic as depicted in Star Trek,Star Trek Czech Republic,Q57663042|Q15796005,,
Czech Republic,2017 Czech legislative election,Q17016895,3,0,1,"All 200 seats of the Chamber of Deputies, lower house of the Parliament, were available for the election.","Election to the Chamber of Deputies of the Parliament of the Czech Republic of 2017|Czech Republic general election of 2017|Czech parliamentary election, 2017|Czech Republic parliamentary election of 2017|Czech legislative election, 2017|Czech general election, 2017|Czech Republic legislative election of 2017|2017 Czech general election",Q14516417,,2017 Czech parliamentary election
Czech Republic,Czech Republic national under-19 football team,Q3873527,3,0,1,national under-19 football team of Czechia,Czechia national under-19 football team|Czechia national U19 football team,Q23901137,,Czech Republic national under-19 football team
Czech Republic,Czech Republic–Poland border,Q1992001,3,0,1,separates the state territories of the two States,border between Czech Republic and Poland|border between Poland and Czech Republic|Czech Republic-Poland border|Poland-Czech Republic border,Q133346|Q15104814|Q12413618,,Czech Republic–Poland border
Czech Republic,Football Association of the Czech Republic,Q337065,3,0,2,governing body of association football in Czechia,Football Association of Czechia|Czechia Football Association|Czechia Football Federation|Czechia FA|Czechia F.A.|Football Federation of Czechia,Q1478443|Q43229|Q2485448,,Football Association of the Czech Republic
Czech Republic,Czech Republic national under-17 football team,Q3590346,3,0,2,national under-17 football team of Czechia,Czechia national under-17 football team|Czechia national U17 football team,Q6979593,,Czech Republic national under-17 football team
Czech Republic,Czech Republic national under-18 football team,Q15079182,3,0,2,national U18 association football team of Czechia,Czechia national under-18 football team|Czechia U18 national team,Q6979593,,Czech Republic national under-18 football team
Czech Republic,Czech Republic national under-20 football team,Q3873547,3,0,2,national under-20 football team of Czechia,Czechia national under-20 football team|Czechia national U20 football team,Q6979593,,
Czech Republic,Czech Republic women's national football team,Q577077,3,0,2,women's national association football team representing Czechia,Czechia women's national football team|Czechia women's national team|Czechia women's NT|Czechia WNT,Q23905105,Q1194951,Czech Republic women's national football team
Elbe,Elbe,Q1644,3,1,1,major river in Central Europe,Labe|Łaba|Łobjo|Elba|Elbe River,Q4022|Q1009249,,Elbe
Elbe,Elbe,Q689718,3,1,1,"municipality in Lower Saxony, Germany",,Q116457956|Q133997481,,"Elbe, Lower Saxony"
Elbe,Elbe,Q37048731,3,1,1,family name,,Q101352,,
Elbe,Elbe,Q1325110,3,1,1,Fishery protection vessel,,Q15809732,,
Elbe,Elbe,Q100144448,3,1,1,1992 Elbe-class replenishment ship,IMO 6128210,Q1317983,,German ship Elbe
Elbe,Elbeuf,Q733414,3,1,1,"commune in Seine-Maritime, France",Elboeuf|Elbeuf sur Seine,Q484170,,Elbeuf
Elbe,Elbe-Elster District,Q6152,3,1,1,"District in Brandenburg state, Germany",Elbe-Elster,Q61793460,,Elbe-Elster
Elbe,Elbert,Q16423093,3,1,1,male given name,Elbert (first name)|Elbert (given name),Q12308941,,
Elbe,Elbert Luther Little,Q2917869,3,1,1,American botanist (1907–2004),"Little|Dr. Elbert Luther Little, Jr.",Q5,,Elbert Luther Little
Elbe,Elbé,Q87236074,3,1,1,family name,,Q101352,,
Elbe,Elbe River-Vltava River Canal,Q116729733,3,1,2,,,Q1267889,,
Elbe,Elbe river flood peaks and postwar agricultural land use in East Germany,Q57126903,3,1,2,article,,Q13442814,,
Olza,Olza,Q1331973,3,2,1,"river in Central Europe, tributary of the Oder",,Q4022,,Olza (river)
Olza,Olza,Q1020550,3,2,1,"municipality in Navarre, Spain",,Q2074737,,Cendea de Olza/Oltza Zendea
Olza,Olza,Q978872,3,2,1,"village in Silesian Voivodeship, Poland",,Q3558970,,"Olza, Silesian Voivodeship"
Olza,Olza,Q55341690,3,2,1,family name; Basque surname,,Q101352|Q3342913,,
Olza,Olza,Q16518534,3,2,1,"concejo in Olza municipality, Navarre, Spain",Oltza,Q2989421,,
Olza,Olza,Q83650275,3,2,1,multi-purpose vessel launched in 1990,IMO 8919843,Q1917626,,
Olza,Cascina Olza,Q18489698,3,2,1,cascina in the Italian municipality of Casalpusterlengo,Olza,Q1169748|Q1497375,,
Olza,Olza,Q2515783,3,2,1,"railway station in Silesian Voivodeship, Poland",,Q55488,,
Olza,Olzak,Q37575036,3,2,1,family name,,Q101352,,
Olza,Olzai,Q295351,3,2,1,Italian comune,Orthài|Ortzài,Q747074,,Olzai
Europe,Europe PubMed Central,Q5412157,3,3,1,database of biomedical research,HielohitooEurope PMC|UKPMhC|Arsingoli,Q1789476|Q1916557|Q4117139|Q7096323,,Europe PubMed Central
Europe,Europe,Q46,3,3,1,terrestrial continent located in north-western Eurasia,European continent|The Old Continent|European Continent|European Peninsula|Old Continent,Q2418896|Q5107|Q82794|Q2221906,,Europe
Europe,Europe,Q185144,3,3,1,Swedish rock band,,Q215380,,Europe (band)
Europe,European Union,Q458,3,3,1,political and economic union of 27 European states,,Q4120211|Q120121699|Q1335818|Q170156,,European Union
Europe,Europe,Q198697,3,3,1,1983 debut studio album by Europe,,Q482994,,Europe (Europe album)
Europe,European Journal of Inorganic Chemistry,Q899591,3,3,1,peer-reviewed scientific journal,,Q5633421|Q737498|Q73364223,,European Journal of Inorganic Chemistry
Europe,Europeana,Q234110,3,3,1,digital collection of European cultural heritage operated by the Europeana Foundation,,Q212805,,Europeana
Europe,European Journal of Organic Chemistry,Q899286,3,3,1,journal,Eur. J. Org. Chem.,Q5633421|Q737498,,European Journal of Organic Chemistry
Europe,Europe,Q766618,3,3,1,Paris Métro station,,Q928830|Q22808403,,Europe station (Paris Metro)
Europe,European Nature Information System,Q374924,3,3,1,,EUNIS|European University Information Systems,Q7094076|Q4117139|Q8513,,European Nature Information System
Europe,directive of the European Union,Q326124,3,3,2,legislative act of the European Union,European Union directive|European directive|directive of the EU|EU directive,Q110430875,Q3629172|Q19847358,Directive (European Union)
Europe,European Food Safety Authority,Q516521,3,3,2,agency of the European Union,EFSA|European Union Food Safety Authority,Q30234158|Q31855|Q45400320|Q112827555,,European Food Safety Authority
Europe,European Union,Q319328,3,3,2,antifascist resistance group,,Q65971239,,European Union (resistance group)
Europe,European Union law,Q208202,3,3,2,rules operating within EU member states,EU law,Q2478386|Q1756157,Q7748,Law of the European Union
Europe,pro-Europeanism,Q3781399,3,3,2,favoring European integration,Europeanism|European Unionism,Q12909644,Q1377153,Pro-Europeanism
Europe,member state of the European Union,Q185441,3,3,2,sovereign states that form the European Union,EU member|European Union member state|state of the European Union|states of the European Union|member state of the EU|member of the EU|EU country|country of the EU|EU state|EU member state|state of the EU|EU countries,Q4897819,Q1646605,Member state of the European Union
Europe,European Union Prize for Literature,Q1126192,3,3,2,annual EU literary award recognising the best emerging fiction writers in Europe,EUPL|EU Prize for Literature,Q618779,Q378427,European Union Prize for Literature
Europe,European Union of the Deaf,Q1377074,3,3,2,organization,EUD,Q1156831|Q61889487,,European Union of the Deaf
Europe,regulation of the European Union,Q240141,3,3,2,EU legal acts that apply directly in each Member State,regulation of the EU|EU regulation|European Union regulation|regulation of the European Parliament and of the Council|Council Regulation|Commission Regulation|EU law|law in the EU,Q110430875,Q3629172,Regulation (European Union)
Europe,European Economic Area,Q8932,3,3,2,area of the European Union's internal market and some of EFTA states established in 1994,EEA,Q4120211|Q3623811|Q1335818|Q1048835|Q5335686|Q1327750|Q2585959,,European Economic Area
Europe,European Economic Area Council,Q90913903,3,3,2,,EEA Council,Q865588|Q7210356,,
Europe,European Economic Area Act 1993,Q30324055,3,3,2,Public General Act of Parliament of the United Kingdom,1993 c. 51|1993 c51,Q105774620,,European Economic Area Act 1993
Europe,European identity card,Q96101027,3,3,2,identity document replacing current national identity cards in the European Union,European Union identity card|European Economic Area identity card|EU identity card|EEA identity card|European ID card|EU ID card|EEA ID card,,Q47988,
Europe,European Economic Area Family Permit,Q1376534,3,3,2,,,,,European Economic Area Family Permit
Europe,European Economic Area: Its Prospects and Impact,Q118855823,3,3,2,,,Q13442814,,
Europe,European Free Trade Association,Q166546,3,3,2,international trade organization and free trade area,EFTA|AELC,Q4120211|Q5335686|Q484652,,European Free Trade Association
Europe,European Free Trade Association Act 1960,Q110266439,3,3,2,Public General Act of Parliament of the United Kingdom,8 & 9 Eliz. 2. c. 19|8&9 Eliz 2 c19,Q105774620,,
Europe,European Free Trade Association Surveillance Authority,Q3775266,3,3,2,,EFTA Surveillance Authority|ESA,Q15820303,,European Free Trade Association Surveillance Authority
Turkmenistan,Turkmenistan,Q874,4,0,1,country in Central Asia,Turkmenia|tm|TKM,Q3624078|Q123480|Q6256,,Turkmenistan
Turkmenistan,Turkmenistan,Q135896319,4,0,1,"human settlement in Daşoguz Region, Turkmenistan (2)",,Q486972,,
Turkmenistan,Turkmenistan,Q135731718,4,0,1,"human settlement in Daşoguz Region, Turkmenistan",,Q486972,,
Turkmenistan,Turkmenistan men's national football team,Q486628,4,0,1,men's national association football team representing Turkmenistan,Turkmenistan national football team,Q135408445,Q1194951,Turkmenistan national football team
Turkmenistan,Turkmenistan,Q4466121,4,0,1,TV channel,,Q2001305,,Turkmenistan (TV channel)
Turkmenistan,Turkmenistan,Q27650318,4,0,1,publishing house in Turkmenistan,,Q2085381,,
Turkmenistan,Democratic Party of Turkmenistan,Q1152752,4,0,1,political party in Turkmenistan that has ruled Turkmenistan since its foundation in 1991,,Q7278,,Democratic Party of Turkmenistan
Turkmenistan,Turkmenistan–Uzbekistan border,Q3088807,4,0,1,separates the territories of Uzbekistan and Turkmenistan,border between Turkmenistan and Ubekistan|border between Ubekistan and Turkmenistan|Turkmenistan-Ubekistan border|Turkmenistan–Ubekistan border|Ubekistan-Turkmenistan border|Ubekistan–Turkmenistan border|Turkmenistan–Uzbekistan barrier,Q133346|Q15104814|Q12413618,,Turkmenistan–Uzbekistan border
Turkmenistan,Turkmenistan new manat,Q486637,4,0,1,currency of Turkmenistan,Turkmenistani new manat|TMT,Q8142|Q12826616,,Turkmen manat
Turkmenistan,Turkmenistan Airlines,Q796158,4,0,1,flag carrier of Turkmenistan,Türkmenhowaýollary|Туркменские авиалинии|T5|TUA,Q46970,,Turkmenistan Airlines
Turkmenistan,Asia,Q48,4,0,2,"terrestrial continent, mainly in the northeastern quadrant",Asian continent|Continental Asia,Q5107|Q2418896|Q82794,,Asia
Turkmenistan,Asia,Q726891,4,0,2,British rock band,Asia (rock band),Q215380,,Asia (band)
Turkmenistan,Asia,Q210718,4,0,2,Roman province,Asia (Roman province),Q182547,,Asia (Roman province)
Turkmenistan,Asia,Q3625042,4,0,2,female given name,Asia (first name)|Asia (given name),Q11879590,,
Turkmenistan,Asia,Q37020313,4,0,2,family name,,Q101352,,
Turkmenistan,Asia Carrera,Q540597,4,0,2,American pornographic actress,Asia Carrera Lemmon|Jessica Bennett|Asia Carera|Asian Carrera|Asia,Q5,,Asia Carrera
Turkmenistan,UTC+06:30,Q6923,4,0,2,Identifier for a time offset from UTC of +6:30,+6:30|GMT+6.5|Myanmar Standard Time|Asia/Yangon|MMT|UTC+6.5|UTC+6:30,Q17272482,,UTC+06:30
Turkmenistan,Asian Football Confederation,Q83276,4,0,2,"governing body of association football, beach soccer, and futsal in most countries and territories in Asia",AFC|Asia Football Confederation|A.F.C.,Q11422536|Q1156831|Q163740,,Asian Football Confederation
Turkmenistan,HMS Sir Francis Drake,Q25053390,4,0,2,1797 fifth-rate frigate,Asia|Dona Maria II,Q848944|Q852190|Q161705,,Asia (1797 ship)
Turkmenistan,Asia,Q54974383,4,0,2,American pornographic actress (born 1986),Asia Rain|Ms. Asia,Q5,,
Turkmenistan,Turan Depression,Q575516,4,0,2,depression in Central Asia,Turan Lowland|Turanian Basin|Turan Oypaty,Q160091,,Turan Depression
Turan Depression,Turan Depression,Q575516,4,1,1,depression in Central Asia,Turan Lowland|Turanian Basin|Turan Oypaty,Q160091,,Turan Depression
Turan Depression,Turkmenistan,Q874,4,1,2,country in Central Asia,Turkmenia|tm|TKM,Q3624078|Q123480|Q6256,,Turkmenistan
Turan Depression,Turkmenistan,Q135896319,4,1,2,"human settlement in Daşoguz Region, Turkmenistan (2)",,Q486972,,
Turan Depression,Turkmenistan,Q135731718,4,1,2,"human settlement in Daşoguz Region, Turkmenistan",,Q486972,,
Turan Depression,Turkmenistan men's national football team,Q486628,4,1,2,men's national association football team representing Turkmenistan,Turkmenistan national football team,Q135408445,Q1194951,Turkmenistan national football team
Turan Depression,Turkmenistan,Q4466121,4,1,2,TV channel,,Q2001305,,Turkmenistan (TV channel)
Turan Depression,Turkmenistan,Q27650318,4,1,2,publishing house in Turkmenistan,,Q2085381,,
Turan Depression,Democratic Party of Turkmenistan,Q1152752,4,1,2,political party in Turkmenistan that has ruled Turkmenistan since its foundation in 1991,,Q7278,,Democratic Party of Turkmenistan
Turan Depression,Turkmenistan–Uzbekistan border,Q3088807,4,1,2,separates the territories of Uzbekistan and Turkmenistan,border between Turkmenistan and Ubekistan|border between Ubekistan and Turkmenistan|Turkmenistan-Ubekistan border|Turkmenistan–Ubekistan border|Ubekistan-Turkmenistan border|Ubekistan–Turkmenistan border|Turkmenistan–Uzbekistan barrier,Q133346|Q15104814|Q12413618,,Turkmenistan–Uzbekistan border
Turan Depression,Turkmenistan new manat,Q486637,4,1,2,currency of Turkmenistan,Turkmenistani new manat|TMT,Q8142|Q12826616,,Turkmen manat
Turan Depression,Turkmenistan Airlines,Q796158,4,1,2,flag carrier of Turkmenistan,Türkmenhowaýollary|Туркменские авиалинии|T5|TUA,Q46970,,Turkmenistan Airlines
Turan Depression,Asia,Q48,4,1,2,"terrestrial continent, mainly in the northeastern quadrant",Asian continent|Continental Asia,Q5107|Q2418896|Q82794,,Asia
Turan Depression,Asia,Q726891,4,1,2,British rock band,Asia (rock band),Q215380,,Asia (band)
Turan Depression,Asia,Q210718,4,1,2,Roman province,Asia (Roman province),Q182547,,Asia (Roman province)
Turan Depression,Asia,Q3625042,4,1,2,female given name,Asia (first name)|Asia (given name),Q11879590,,
Turan Depression,Asia,Q37020313,4,1,2,family name,,Q101352,,
Turan Depression,Asia Carrera,Q540597,4,1,2,American pornographic actress,Asia Carrera Lemmon|Jessica Bennett|Asia Carera|Asian Carrera|Asia,Q5,,Asia Carrera
Turan Depression,UTC+06:30,Q6923,4,1,2,Identifier for a time offset from UTC of +6:30,+6:30|GMT+6.5|Myanmar Standard Time|Asia/Yangon|MMT|UTC+6.5|UTC+6:30,Q17272482,,UTC+06:30
Turan Depression,Asian Football Confederation,Q83276,4,1,2,"governing body of association football, beach soccer, and futsal in most countries and territories in Asia",AFC|Asia Football Confederation|A.F.C.,Q11422536|Q1156831|Q163740,,Asian Football Confederation
Turan Depression,HMS Sir Francis Drake,Q25053390,4,1,2,1797 fifth-rate frigate,Asia|Dona Maria II,Q848944|Q852190|Q161705,,Asia (1797 ship)
Turan Depression,Asia,Q54974383,4,1,2,American pornographic actress (born 1986),Asia Rain|Ms. Asia,Q5,,
Asia,Asia,Q48,4,3,1,"terrestrial continent, mainly in the northeastern quadrant",Asian continent|Continental Asia,Q5107|Q2418896|Q82794,,Asia
Asia,Asia,Q726891,4,3,1,British rock band,Asia (rock band),Q215380,,Asia (band)
Asia,Asia,Q210718,4,3,1,Roman province,Asia (Roman province),Q182547,,Asia (Roman province)
Asia,Asia,Q3625042,4,3,1,female given name,Asia (first name)|Asia (given name),Q11879590,,
Asia,Asia,Q37020313,4,3,1,family name,,Q101352,,
Asia,Asia Carrera,Q540597,4,3,1,American pornographic actress,Asia Carrera Lemmon|Jessica Bennett|Asia Carera|Asian Carrera|Asia,Q5,,Asia Carrera
Asia,UTC+06:30,Q6923,4,3,1,Identifier for a time offset from UTC of +6:30,+6:30|GMT+6.5|Myanmar Standard Time|Asia/Yangon|MMT|UTC+6.5|UTC+6:30,Q17272482,,UTC+06:30
Asia,Asian Football Confederation,Q83276,4,3,1,"governing body of association football, beach soccer, and futsal in most countries and territories in Asia",AFC|Asia Football Confederation|A.F.C.,Q11422536|Q1156831|Q163740,,Asian Football Confederation
Asia,HMS Sir Francis Drake,Q25053390,4,3,1,1797 fifth-rate frigate,Asia|Dona Maria II,Q848944|Q852190|Q161705,,Asia (1797 ship)
Asia,Asia,Q54974383,4,3,1,American pornographic actress (born 1986),Asia Rain|Ms. Asia,Q5,,
Asia,Turkmenistan,Q874,4,3,2,country in Central Asia,Turkmenia|tm|TKM,Q3624078|Q123480|Q6256,,Turkmenistan
Asia,Turkmenistan,Q135896319,4,3,2,"human settlement in Daşoguz Region, Turkmenistan (2)",,Q486972,,
Asia,Turkmenistan,Q135731718,4,3,2,"human settlement in Daşoguz Region, Turkmenistan",,Q486972,,
Asia,Turkmenistan men's national football team,Q486628,4,3,2,men's national association football team representing Turkmenistan,Turkmenistan national football team,Q135408445,Q1194951,Turkmenistan national football team
Asia,Turkmenistan,Q4466121,4,3,2,TV channel,,Q2001305,,Turkmenistan (TV channel)
Asia,Turkmenistan,Q27650318,4,3,2,publishing house in Turkmenistan,,Q2085381,,
Asia,Democratic Party of Turkmenistan,Q1152752,4,3,2,political party in Turkmenistan that has ruled Turkmenistan since its foundation in 1991,,Q7278,,Democratic Party of Turkmenistan
Asia,Turkmenistan–Uzbekistan border,Q3088807,4,3,2,separates the territories of Uzbekistan and Turkmenistan,border between Turkmenistan and Ubekistan|border between Ubekistan and Turkmenistan|Turkmenistan-Ubekistan border|Turkmenistan–Ubekistan border|Ubekistan-Turkmenistan border|Ubekistan–Turkmenistan border|Turkmenistan–Uzbekistan barrier,Q133346|Q15104814|Q12413618,,Turkmenistan–Uzbekistan border
Asia,Turkmenistan new manat,Q486637,4,3,2,currency of Turkmenistan,Turkmenistani new manat|TMT,Q8142|Q12826616,,Turkmen manat
Asia,Turkmenistan Airlines,Q796158,4,3,2,flag carrier of Turkmenistan,Türkmenhowaýollary|Туркменские авиалинии|T5|TUA,Q46970,,Turkmenistan Airlines
Asia,Turan Depression,Q575516,4,3,2,depression in Central Asia,Turan Lowland|Turanian Basin|Turan Oypaty,Q160091,,Turan Depression
Sri Lanka,Sri Lanka,Q854,5,0,1,island country in South Asia,"Democratic Socialist Republic of Sri Lanka|Taprobane|Serendib|Ceylan|lk|Lanka, Sri|sri|lke|ce|Srilanka|SRI",Q3624078|Q112099|Q6256,,Sri Lanka
Sri Lanka,UTC+05:30,Q6828,5,0,1,identifier for a time offset from UTC of +5:30,Kunlun Time Zone|Madras Time|Sri Lanka Standard Time|Indian Standard Time|UTC +5:30|IST|UTC+5:30|UTC+5.5,Q17272482,,UTC+05:30
Sri Lanka,Sri Lanka,Q139734667,5,0,1,,,Q571,,
Sri Lanka,Sri Lanka,Q4526612,5,0,1,main island in the nation of Sri Lanka,Ceylon|Lanka-dvipa|Simhala-dvipa|Srí Lanka,Q23442,,Sri Lanka (island)
Sri Lanka,Sri Lanka men's national football team,Q478339,5,0,1,men's national association football team representing Sri Lanka,Sri Lanka national football team,Q135408445,Q1194951,Sri Lanka national football team
Sri Lanka,Cinnamomum verum,Q370239,5,0,1,species of flowering plant,true cinnamon|Ceylon cinnamon|Sri Lanka cinnamon|Cinnamomum verum,Q16521,Q11992872,Cinnamomum verum
Sri Lanka,Sri Lanka national cricket team,Q203092,5,0,1,national sports team,Sri Lanka cricket team|Sri Lankan national cricket team|Sri Lankan cricket team|Sri Lanka national men's cricket team|Sri Lankan national men's cricket team|Sri Lanka men's cricket team|Sri Lankan men's cricket team,Q86255944,,Sri Lanka national cricket team
Sri Lanka,Sri Lankan civil war,Q213394,5,0,1,armed conflict in Sri Lanka (1983–2009) between the government and the separatist organization Liberation Tigers of Tamil Eelam,,Q8465,,Sri Lankan civil war
Sri Lanka,Sri Lanka Freedom Party,Q1591064,5,0,1,political party in Sri Lanka,SLFP,Q7278,,Sri Lanka Freedom Party
Sri Lanka,Sri Lanka Railways,Q7585945,5,0,1,Sri Lankan government-owned railway,,Q4830453,,Sri Lanka Railways
Sri Lanka,British Ceylon,Q918153,5,0,2,Sri Lankan British Crown colony,Ceylon,Q1351282|Q56061|Q15893266,,British Ceylon
Sri Lanka,Dominion of Ceylon,Q2670092,5,0,2,predecessor of the modern day country of Sri Lanka,Ceylon,Q202686|Q3024240,,Dominion of Ceylon
Sri Lanka,Ceylon,Q56406789,5,0,2,steamyacht,DY Ceylon,Q12859788|Q1313195,,
Sri Lanka,Ceylon,Q139939508,5,0,2,ebook edition,,Q3331189,,
Sri Lanka,Ceylon,Q139937889,5,0,2,,,Q3331189,,
Sri Lanka,Ceylon,Q139704170,5,0,2,,,Q571,,
Sri Lanka,Ceylon Medical Journal,Q15757180,5,0,2,journal,,Q5633421,,
Sri Lanka,Ceylon,Q2231880,5,0,2,city in Minnesota,"Ceylon, Minnesota|Ceylon, MN",Q1093829,,"Ceylon, Minnesota"
Indian Ocean,Indian Ocean,Q1239,5,1,1,"ocean bounded by Africa, Asia, Australia, and Antarctica",Eastern Ocean|Eastern Sea|Indian Sea|Oriental Sea|Oriental Ocean,Q9430|Q165|Q82794,,Indian Ocean
Indian Ocean,Arab slave trade,Q965947,5,1,1,slave trade in the Arab world between the 7th and 20th centuries,tengo 40 años me vendo como esclava pues mi vida no he podido sufrir más te pido que me compres te mando foto y el dinero que Pagés por mi que valla para mis hijos|Indian Ocean slave trade|Trans-Saharan slave trade,Q2986234,,Arab slave trade
Indian Ocean,Indian Ocean,Q2511310,5,1,1,Indian rock band,,Q215380,,Indian Ocean (band)
Indian Ocean,Indian Ocean,Q21697943,5,1,1,Wikimedia permanent duplicated item,,Q21286738,,
Indian Ocean,Indian Ocean,Q17014035,5,1,1,album by Indian Ocean,,Q482994,,Indian Ocean (album)
Indian Ocean,Indo-Pacific bottlenose dolphin,Q370597,5,1,1,species of mammal,Tursiops aduncus|Indian Ocean bottlenose dolphin,Q16521,,Indo-Pacific bottlenose dolphin
Indian Ocean,IMO 8025329,Q83610653,5,1,1,scrapped bulk carrier,,Q15276,,
Indian Ocean,Indian Ocean humpback dolphin,Q3017051,5,1,1,species of mammal,Sousa plumbea,Q16521,,Indian Ocean humpback dolphin
Indian Ocean,Indian Ocean basin,Q44715146,5,1,1,,,Q82700259,,
Indian Ocean,Indian Ocean Island Games,Q1628831,5,1,1,quadrennial multi-sport event from Indian Ocean island nations,,Q18608583,Q167170|Q44637051,Indian Ocean Island Games
Indian Ocean,Sri Lanka,Q854,5,1,2,island country in South Asia,"Democratic Socialist Republic of Sri Lanka|Taprobane|Serendib|Ceylan|lk|Lanka, Sri|sri|lke|ce|Srilanka|SRI",Q3624078|Q112099|Q6256,,Sri Lanka
Indian Ocean,UTC+05:30,Q6828,5,1,2,identifier for a time offset from UTC of +5:30,Kunlun Time Zone|Madras Time|Sri Lanka Standard Time|Indian Standard Time|UTC +5:30|IST|UTC+5:30|UTC+5.5,Q17272482,,UTC+05:30
Indian Ocean,Sri Lanka,Q139734667,5,1,2,,,Q571,,
Indian Ocean,Sri Lanka,Q4526612,5,1,2,main island in the nation of Sri Lanka,Ceylon|Lanka-dvipa|Simhala-dvipa|Srí Lanka,Q23442,,Sri Lanka (island)
Indian Ocean,Sri Lanka men's national football team,Q478339,5,1,2,men's national association football team representing Sri Lanka,Sri Lanka national football team,Q135408445,Q1194951,Sri Lanka national football team
Indian Ocean,Cinnamomum verum,Q370239,5,1,2,species of flowering plant,true cinnamon|Ceylon cinnamon|Sri Lanka cinnamon|Cinnamomum verum,Q16521,Q11992872,Cinnamomum verum
Indian Ocean,Sri Lanka national cricket team,Q203092,5,1,2,national sports team,Sri Lanka cricket team|Sri Lankan national cricket team|Sri Lankan cricket team|Sri Lanka national men's cricket team|Sri Lankan national men's cricket team|Sri Lanka men's cricket team|Sri Lankan men's cricket team,Q86255944,,Sri Lanka national cricket team
Indian Ocean,Sri Lankan civil war,Q213394,5,1,2,armed conflict in Sri Lanka (1983–2009) between the government and the separatist organization Liberation Tigers of Tamil Eelam,,Q8465,,Sri Lankan civil war
Indian Ocean,Sri Lanka Freedom Party,Q1591064,5,1,2,political party in Sri Lanka,SLFP,Q7278,,Sri Lanka Freedom Party
Indian Ocean,Sri Lanka Railways,Q7585945,5,1,2,Sri Lankan government-owned railway,,Q4830453,,Sri Lanka Railways
Indian Ocean,Asia,Q48,5,1,2,"terrestrial continent, mainly in the northeastern quadrant",Asian continent|Continental Asia,Q5107|Q2418896|Q82794,,Asia
Indian Ocean,Asia,Q726891,5,1,2,British rock band,Asia (rock band),Q215380,,Asia (band)
Indian Ocean,Asia,Q210718,5,1,2,Roman province,Asia (Roman province),Q182547,,Asia (Roman province)
Indian Ocean,Asia,Q3625042,5,1,2,female given name,Asia (first name)|Asia (given name),Q11879590,,
Indian Ocean,Asia,Q37020313,5,1,2,family name,,Q101352,,
Indian Ocean,Asia Carrera,Q540597,5,1,2,American pornographic actress,Asia Carrera Lemmon|Jessica Bennett|Asia Carera|Asian Carrera|Asia,Q5,,Asia Carrera
Indian Ocean,UTC+06:30,Q6923,5,1,2,Identifier for a time offset from UTC of +6:30,+6:30|GMT+6.5|Myanmar Standard Time|Asia/Yangon|MMT|UTC+6.5|UTC+6:30,Q17272482,,UTC+06:30
Indian Ocean,Asian Football Confederation,Q83276,5,1,2,"governing body of association football, beach soccer, and futsal in most countries and territories in Asia",AFC|Asia Football Confederation|A.F.C.,Q11422536|Q1156831|Q163740,,Asian Football Confederation
Indian Ocean,HMS Sir Francis Drake,Q25053390,5,1,2,1797 fifth-rate frigate,Asia|Dona Maria II,Q848944|Q852190|Q161705,,Asia (1797 ship)
Indian Ocean,Asia,Q54974383,5,1,2,American pornographic actress (born 1986),Asia Rain|Ms. Asia,Q5,,
Indian Ocean,Indian Ocean,Q1239,5,2,1,"ocean bounded by Africa, Asia, Australia, and Antarctica",Eastern Ocean|Eastern Sea|Indian Sea|Oriental Sea|Oriental Ocean,Q9430|Q165|Q82794,,Indian Ocean
Indian Ocean,Arab slave trade,Q965947,5,2,1,slave trade in the Arab world between the 7th and 20th centuries,tengo 40 años me vendo como esclava pues mi vida no he podido sufrir más te pido que me compres te mando foto y el dinero que Pagés por mi que valla para mis hijos|Indian Ocean slave trade|Trans-Saharan slave trade,Q2986234,,Arab slave trade
Indian Ocean,Indian Ocean,Q2511310,5,2,1,Indian rock band,,Q215380,,Indian Ocean (band)
Indian Ocean,Indian Ocean,Q21697943,5,2,1,Wikimedia permanent duplicated item,,Q21286738,,
Indian Ocean,Indian Ocean,Q17014035,5,2,1,album by Indian Ocean,,Q482994,,Indian Ocean (album)
Indian Ocean,Indo-Pacific bottlenose dolphin,Q370597,5,2,1,species of mammal,Tursiops aduncus|Indian Ocean bottlenose dolphin,Q16521,,Indo-Pacific bottlenose dolphin
Indian Ocean,IMO 8025329,Q83610653,5,2,1,scrapped bulk carrier,,Q15276,,
Indian Ocean,Indian Ocean humpback dolphin,Q3017051,5,2,1,species of mammal,Sousa plumbea,Q16521,,Indian Ocean humpback dolphin
Indian Ocean,Indian Ocean basin,Q44715146,5,2,1,,,Q82700259,,
Indian Ocean,Indian Ocean Island Games,Q1628831,5,2,1,quadrennial multi-sport event from Indian Ocean island nations,,Q18608583,Q167170|Q44637051,Indian Ocean Island Games
Indian Ocean,Sri Lanka,Q854,5,2,2,island country in South Asia,"Democratic Socialist Republic of Sri Lanka|Taprobane|Serendib|Ceylan|lk|Lanka, Sri|sri|lke|ce|Srilanka|SRI",Q3624078|Q112099|Q6256,,Sri Lanka
Indian Ocean,UTC+05:30,Q6828,5,2,2,identifier for a time offset from UTC of +5:30,Kunlun Time Zone|Madras Time|Sri Lanka Standard Time|Indian Standard Time|UTC +5:30|IST|UTC+5:30|UTC+5.5,Q17272482,,UTC+05:30
Indian Ocean,Sri Lanka,Q139734667,5,2,2,,,Q571,,
Indian Ocean,Sri Lanka,Q4526612,5,2,2,main island in the nation of Sri Lanka,Ceylon|Lanka-dvipa|Simhala-dvipa|Srí Lanka,Q23442,,Sri Lanka (island)
Indian Ocean,Sri Lanka men's national football team,Q478339,5,2,2,men's national association football team representing Sri Lanka,Sri Lanka national football team,Q135408445,Q1194951,Sri Lanka national football team
Indian Ocean,Cinnamomum verum,Q370239,5,2,2,species of flowering plant,true cinnamon|Ceylon cinnamon|Sri Lanka cinnamon|Cinnamomum verum,Q16521,Q11992872,Cinnamomum verum
Indian Ocean,Sri Lanka national cricket team,Q203092,5,2,2,national sports team,Sri Lanka cricket team|Sri Lankan national cricket team|Sri Lankan cricket team|Sri Lanka national men's cricket team|Sri Lankan national men's cricket team|Sri Lanka men's cricket team|Sri Lankan men's cricket team,Q86255944,,Sri Lanka national cricket team
Indian Ocean,Sri Lankan civil war,Q213394,5,2,2,armed conflict in Sri Lanka (1983–2009) between the government and the separatist organization Liberation Tigers of Tamil Eelam,,Q8465,,Sri Lankan civil war
Indian Ocean,Sri Lanka Freedom Party,Q1591064,5,2,2,political party in Sri Lanka,SLFP,Q7278,,Sri Lanka Freedom Party
Indian Ocean,Sri Lanka Railways,Q7585945,5,2,2,Sri Lankan government-owned railway,,Q4830453,,Sri Lanka Railways
Indian Ocean,Asia,Q48,5,2,2,"terrestrial continent, mainly in the northeastern quadrant",Asian continent|Continental Asia,Q5107|Q2418896|Q82794,,Asia
Indian Ocean,Asia,Q726891,5,2,2,British rock band,Asia (rock band),Q215380,,Asia (band)
Indian Ocean,Asia,Q210718,5,2,2,Roman province,Asia (Roman province),Q182547,,Asia (Roman province)
Indian Ocean,Asia,Q3625042,5,2,2,female given name,Asia (first name)|Asia (given name),Q11879590,,
Indian Ocean,Asia,Q37020313,5,2,2,family name,,Q101352,,
Indian Ocean,Asia Carrera,Q540597,5,2,2,American pornographic actress,Asia Carrera Lemmon|Jessica Bennett|Asia Carera|Asian Carrera|Asia,Q5,,Asia Carrera
Indian Ocean,UTC+06:30,Q6923,5,2,2,Identifier for a time offset from UTC of +6:30,+6:30|GMT+6.5|Myanmar Standard Time|Asia/Yangon|MMT|UTC+6.5|UTC+6:30,Q17272482,,UTC+06:30
Indian Ocean,Asian Football Confederation,Q83276,5,2,2,"governing body of association football, beach soccer, and futsal in most countries and territories in Asia",AFC|Asia Football Confederation|A.F.C.,Q11422536|Q1156831|Q163740,,Asian Football Confederation
Indian Ocean,HMS Sir Francis Drake,Q25053390,5,2,2,1797 fifth-rate frigate,Asia|Dona Maria II,Q848944|Q852190|Q161705,,Asia (1797 ship)
Indian Ocean,Asia,Q54974383,5,2,2,American pornographic actress (born 1986),Asia Rain|Ms. Asia,Q5,,
Asia,Asia,Q48,5,3,1,"terrestrial continent, mainly in the northeastern quadrant",Asian continent|Continental Asia,Q5107|Q2418896|Q82794,,Asia
Asia,Asia,Q726891,5,3,1,British rock band,Asia (rock band),Q215380,,Asia (band)
Asia,Asia,Q210718,5,3,1,Roman province,Asia (Roman province),Q182547,,Asia (Roman province)
Asia,Asia,Q3625042,5,3,1,female given name,Asia (first name)|Asia (given name),Q11879590,,
Asia,Asia,Q37020313,5,3,1,family name,,Q101352,,
Asia,Asia Carrera,Q540597,5,3,1,American pornographic actress,Asia Carrera Lemmon|Jessica Bennett|Asia Carera|Asian Carrera|Asia,Q5,,Asia Carrera
Asia,UTC+06:30,Q6923,5,3,1,Identifier for a time offset from UTC of +6:30,+6:30|GMT+6.5|Myanmar Standard Time|Asia/Yangon|MMT|UTC+6.5|UTC+6:30,Q17272482,,UTC+06:30
Asia,Asian Football Confederation,Q83276,5,3,1,"governing body of association football, beach soccer, and futsal in most countries and territories in Asia",AFC|Asia Football Confederation|A.F.C.,Q11422536|Q1156831|Q163740,,Asian Football Confederation
Asia,HMS Sir Francis Drake,Q25053390,5,3,1,1797 fifth-rate frigate,Asia|Dona Maria II,Q848944|Q852190|Q161705,,Asia (1797 ship)
Asia,Asia,Q54974383,5,3,1,American pornographic actress (born 1986),Asia Rain|Ms. Asia,Q5,,
Asia,Sri Lanka,Q854,5,3,2,island country in South Asia,"Democratic Socialist Republic of Sri Lanka|Taprobane|Serendib|Ceylan|lk|Lanka, Sri|sri|lke|ce|Srilanka|SRI",Q3624078|Q112099|Q6256,,Sri Lanka
Asia,UTC+05:30,Q6828,5,3,2,identifier for a time offset from UTC of +5:30,Kunlun Time Zone|Madras Time|Sri Lanka Standard Time|Indian Standard Time|UTC +5:30|IST|UTC+5:30|UTC+5.5,Q17272482,,UTC+05:30
Asia,Sri Lanka,Q139734667,5,3,2,,,Q571,,
Asia,Sri Lanka,Q4526612,5,3,2,main island in the nation of Sri Lanka,Ceylon|Lanka-dvipa|Simhala-dvipa|Srí Lanka,Q23442,,Sri Lanka (island)
Asia,Sri Lanka men's national football team,Q478339,5,3,2,men's national association football team representing Sri Lanka,Sri Lanka national football team,Q135408445,Q1194951,Sri Lanka national football team
Asia,Cinnamomum verum,Q370239,5,3,2,species of flowering plant,true cinnamon|Ceylon cinnamon|Sri Lanka cinnamon|Cinnamomum verum,Q16521,Q11992872,Cinnamomum verum
Asia,Sri Lanka national cricket team,Q203092,5,3,2,national sports team,Sri Lanka cricket team|Sri Lankan national cricket team|Sri Lankan cricket team|Sri Lanka national men's cricket team|Sri Lankan national men's cricket team|Sri Lanka men's cricket team|Sri Lankan men's cricket team,Q86255944,,Sri Lanka national cricket team
Asia,Sri Lankan civil war,Q213394,5,3,2,armed conflict in Sri Lanka (1983–2009) between the government and the separatist organization Liberation Tigers of Tamil Eelam,,Q8465,,Sri Lankan civil war
Asia,Sri Lanka Freedom Party,Q1591064,5,3,2,political party in Sri Lanka,SLFP,Q7278,,Sri Lanka Freedom Party
Asia,Sri Lanka Railways,Q7585945,5,3,2,Sri Lankan government-owned railway,,Q4830453,,Sri Lanka Railways
Asia,Indian Ocean,Q1239,5,3,2,"ocean bounded by Africa, Asia, Australia, and Antarctica",Eastern Ocean|Eastern Sea|Indian Sea|Oriental Sea|Oriental Ocean,Q9430|Q165|Q82794,,Indian Ocean
Asia,Arab slave trade,Q965947,5,3,2,slave trade in the Arab world between the 7th and 20th centuries,tengo 40 años me vendo como esclava pues mi vida no he podido sufrir más te pido que me compres te mando foto y el dinero que Pagés por mi que valla para mis hijos|Indian Ocean slave trade|Trans-Saharan slave trade,Q2986234,,Arab slave trade
Asia,Indian Ocean,Q2511310,5,3,2,Indian rock band,,Q215380,,Indian Ocean (band)
Asia,Indian Ocean,Q21697943,5,3,2,Wikimedia permanent duplicated item,,Q21286738,,
Asia,Indian Ocean,Q17014035,5,3,2,album by Indian Ocean,,Q482994,,Indian Ocean (album)
Asia,Indo-Pacific bottlenose dolphin,Q370597,5,3,2,species of mammal,Tursiops aduncus|Indian Ocean bottlenose dolphin,Q16521,,Indo-Pacific bottlenose dolphin
Asia,IMO 8025329,Q83610653,5,3,2,scrapped bulk carrier,,Q15276,,
Asia,Indian Ocean humpback dolphin,Q3017051,5,3,2,species of mammal,Sousa plumbea,Q16521,,Indian Ocean humpback dolphin
Asia,Indian Ocean basin,Q44715146,5,3,2,,,Q82700259,,
Asia,Indian Ocean Island Games,Q1628831,5,3,2,quadrennial multi-sport event from Indian Ocean island nations,,Q18608583,Q167170|Q44637051,Indian Ocean Island Games
Greece,Greece,Q41,6,0,1,country in Southeast Europe,"Hellenic Republic|Hellas|gr|el|Greek Republic|Ellada|Hellas, Greece",Q3624078|Q179164|Q51576574|Q6256|Q619610|Q4209223|Q7275,,Greece
Greece,Ancient Greece,Q11772,6,0,1,Greek civilization from 1200 BC to 600 AD,Greek antiquity|Greece|Hellas|classical Greece,Q1792644|Q28171280|Q1620908|Q3502482|Q11042|Q8432,,Ancient Greece
Greece,Greece,Q36902901,6,0,1,family name,,Q101352,,
Greece,Greece,Q17077105,6,0,1,constituency of the European Parliament,,Q2631496,,Greece (European Parliament constituency)
Greece,Second Hellenic Republic,Q265824,6,0,1,historiographical concept of Greece (1924–1935),Hellenic Republic|Greece|2nd Hellenic Republic,Q3024240,,Second Hellenic Republic
Greece,Greece,Q2610369,6,0,1,"town in Monroe County, New York, United States","Greece (town), Monroe County, New York|Greece, New York|Greece, NY|Greece Town, New York|Town of Greece|Greece (town), New York",Q15127012|Q106071004,,"Greece, New York"
Greece,Greece men's national football team,Q134925,6,0,1,men's national association football team representing Greece,Greece national association football team|Greece national football team,Q135408445,Q1194951,Greece national football team
Greece,Greece and Rome,Q15751915,6,0,1,academic journal,Greece & Rome,Q5633421,,
Greece,Hellenic Navy,Q1129369,6,0,1,maritime warfare branch of Greece's military,Greek Navy|HN|na Greece|navy of Greece|Royal Navy of Greece|BN|Greece navy,Q4508,,Hellenic Navy
Greece,4th of August Regime,Q1358836,6,0,1,military dictatorship of Greece from 1936 to 1941,Metaxas Regime|Kingdom of Greece|Greece,Q7188|Q19953632,,4th of August Regime
Greece,Mediterranean Sea,Q4918,6,0,2,"sea between Europe, Africa and Asia",The Mediterranean|the Mediterranean Sea,Q1973404|Q166620,,Mediterranean Sea
Greece,mediterranean sea,Q986177,6,0,2,type of sea with limited water exchange with outer oceans,,,Q1973404,Mediterranean seas
Greece,Akdeniz,Q17379799,6,0,2,statue by İlhan Koman,Mediterranean Sea,Q179700,,Akdeniz (sculpture)
Greece,Mediterranean Basin,Q72499,6,0,2,loosely defined region of lands around the Mediterranean Sea,Mediterranea|Mediterranean Region|Mediterranean Sea drainage basin|Mediterranean Sea basin|Mediterranean Sea watershed,Q2904233|Q82700259|Q166620|Q2221906,,Mediterranean basin
Greece,X-Press Netravati,Q83641243,6,0,2,ship built in 2006,IMO 9348194|Delmas La Perouse|CCNI Baltico|Mediterranean Sea|Niledutch France|Vento di Nortada|Gerrit Braren,Q17210,,
Greece,Mediterranean Sea,Q83650360,6,0,2,vehicles carrier built in 2010,IMO 9451006,Q356847,,
Greece,Mediterranean Sea marine province,Q107540061,6,0,2,bio-geographic province in MEOW scheme,,Q107539355,,
Greece,Mediterranean Sea Area,Q111384107,6,0,2,general sea area,,Q165,,
Greece,Mediterranean Sea refugee smuggling,Q96392500,6,0,2,organised illegal international movement of people from MENA to Europe,,Q381072,Q1854900,Mediterranean Sea migrant smuggling
Greece,Mediterranean Sea View 2017,Q105812443,6,0,2,Artwork by Banksy,,Q3305213,,Mediterranean Sea View 2017
Greece,Europe PubMed Central,Q5412157,6,0,2,database of biomedical research,HielohitooEurope PMC|UKPMhC|Arsingoli,Q1789476|Q1916557|Q4117139|Q7096323,,Europe PubMed Central
Greece,Europe,Q46,6,0,2,terrestrial continent located in north-western Eurasia,European continent|The Old Continent|European Continent|European Peninsula|Old Continent,Q2418896|Q5107|Q82794|Q2221906,,Europe
Greece,Europe,Q185144,6,0,2,Swedish rock band,,Q215380,,Europe (band)
Greece,European Union,Q458,6,0,2,political and economic union of 27 European states,,Q4120211|Q120121699|Q1335818|Q170156,,European Union
Greece,Europe,Q198697,6,0,2,1983 debut studio album by Europe,,Q482994,,Europe (Europe album)
Greece,European Journal of Inorganic Chemistry,Q899591,6,0,2,peer-reviewed scientific journal,,Q5633421|Q737498|Q73364223,,European Journal of Inorganic Chemistry
Greece,Europeana,Q234110,6,0,2,digital collection of European cultural heritage operated by the Europeana Foundation,,Q212805,,Europeana
Greece,European Journal of Organic Chemistry,Q899286,6,0,2,journal,Eur. J. Org. Chem.,Q5633421|Q737498,,European Journal of Organic Chemistry
Greece,Europe,Q766618,6,0,2,Paris Métro station,,Q928830|Q22808403,,Europe station (Paris Metro)
Greece,European Nature Information System,Q374924,6,0,2,,EUNIS|European University Information Systems,Q7094076|Q4117139|Q8513,,European Nature Information System
Calypso Deep,Calypso Deep,Q1027846,6,1,1,deepest part of the Mediterranean Sea,Calypso Trench,Q119253|Q51330213,,Calypso Deep
Calypso Deep,Mediterranean Sea,Q4918,6,1,2,"sea between Europe, Africa and Asia",The Mediterranean|the Mediterranean Sea,Q1973404|Q166620,,Mediterranean Sea
Calypso Deep,mediterranean sea,Q986177,6,1,2,type of sea with limited water exchange with outer oceans,,,Q1973404,Mediterranean seas
Calypso Deep,Akdeniz,Q17379799,6,1,2,statue by İlhan Koman,Mediterranean Sea,Q179700,,Akdeniz (sculpture)
Calypso Deep,Mediterranean Basin,Q72499,6,1,2,loosely defined region of lands around the Mediterranean Sea,Mediterranea|Mediterranean Region|Mediterranean Sea drainage basin|Mediterranean Sea basin|Mediterranean Sea watershed,Q2904233|Q82700259|Q166620|Q2221906,,Mediterranean basin
Calypso Deep,X-Press Netravati,Q83641243,6,1,2,ship built in 2006,IMO 9348194|Delmas La Perouse|CCNI Baltico|Mediterranean Sea|Niledutch France|Vento di Nortada|Gerrit Braren,Q17210,,
Calypso Deep,Mediterranean Sea,Q83650360,6,1,2,vehicles carrier built in 2010,IMO 9451006,Q356847,,
Calypso Deep,Mediterranean Sea marine province,Q107540061,6,1,2,bio-geographic province in MEOW scheme,,Q107539355,,
Calypso Deep,Mediterranean Sea Area,Q111384107,6,1,2,general sea area,,Q165,,
Calypso Deep,Mediterranean Sea refugee smuggling,Q96392500,6,1,2,organised illegal international movement of people from MENA to Europe,,Q381072,Q1854900,Mediterranean Sea migrant smuggling
Calypso Deep,Mediterranean Sea View 2017,Q105812443,6,1,2,Artwork by Banksy,,Q3305213,,Mediterranean Sea View 2017
Mediterranean Sea,Mediterranean Sea,Q4918,6,2,1,"sea between Europe, Africa and Asia",The Mediterranean|the Mediterranean Sea,Q1973404|Q166620,,Mediterranean Sea
Mediterranean Sea,mediterranean sea,Q986177,6,2,1,type of sea with limited water exchange with outer oceans,,,Q1973404,Mediterranean seas
Mediterranean Sea,Akdeniz,Q17379799,6,2,1,statue by İlhan Koman,Mediterranean Sea,Q179700,,Akdeniz (sculpture)
Mediterranean Sea,Mediterranean Basin,Q72499,6,2,1,loosely defined region of lands around the Mediterranean Sea,Mediterranea|Mediterranean Region|Mediterranean Sea drainage basin|Mediterranean Sea basin|Mediterranean Sea watershed,Q2904233|Q82700259|Q166620|Q2221906,,Mediterranean basin
Mediterranean Sea,X-Press Netravati,Q83641243,6,2,1,ship built in 2006,IMO 9348194|Delmas La Perouse|CCNI Baltico|Mediterranean Sea|Niledutch France|Vento di Nortada|Gerrit Braren,Q17210,,
Mediterranean Sea,Mediterranean Sea,Q83650360,6,2,1,vehicles carrier built in 2010,IMO 9451006,Q356847,,
Mediterranean Sea,Mediterranean Sea marine province,Q107540061,6,2,1,bio-geographic province in MEOW scheme,,Q107539355,,
Mediterranean Sea,Mediterranean Sea Area,Q111384107,6,2,1,general sea area,,Q165,,
Mediterranean Sea,Mediterranean Sea refugee smuggling,Q96392500,6,2,1,organised illegal international movement of people from MENA to Europe,,Q381072,Q1854900,Mediterranean Sea migrant smuggling
Mediterranean Sea,Mediterranean Sea View 2017,Q105812443,6,2,1,Artwork by Banksy,,Q3305213,,Mediterranean Sea View 2017
Mediterranean Sea,Europe PubMed Central,Q5412157,6,2,2,database of biomedical research,HielohitooEurope PMC|UKPMhC|Arsingoli,Q1789476|Q1916557|Q4117139|Q7096323,,Europe PubMed Central
Mediterranean Sea,Europe,Q46,6,2,2,terrestrial continent located in north-western Eurasia,European continent|The Old Continent|European Continent|European Peninsula|Old Continent,Q2418896|Q5107|Q82794|Q2221906,,Europe
Mediterranean Sea,Europe,Q185144,6,2,2,Swedish rock band,,Q215380,,Europe (band)
Mediterranean Sea,European Union,Q458,6,2,2,political and economic union of 27 European states,,Q4120211|Q120121699|Q1335818|Q170156,,European Union
Mediterranean Sea,Europe,Q198697,6,2,2,1983 debut studio album by Europe,,Q482994,,Europe (Europe album)
Mediterranean Sea,European Journal of Inorganic Chemistry,Q899591,6,2,2,peer-reviewed scientific journal,,Q5633421|Q737498|Q73364223,,European Journal of Inorganic Chemistry
Mediterranean Sea,Europeana,Q234110,6,2,2,digital collection of European cultural heritage operated by the Europeana Foundation,,Q212805,,Europeana
Mediterranean Sea,European Journal of Organic Chemistry,Q899286,6,2,2,journal,Eur. J. Org. Chem.,Q5633421|Q737498,,European Journal of Organic Chemistry
Mediterranean Sea,Europe,Q766618,6,2,2,Paris Métro station,,Q928830|Q22808403,,Europe station (Paris Metro)
Mediterranean Sea,European Nature Information System,Q374924,6,2,2,,EUNIS|European University Information Systems,Q7094076|Q4117139|Q8513,,European Nature Information System
Europe,Europe PubMed Central,Q5412157,6,3,1,database of biomedical research,HielohitooEurope PMC|UKPMhC|Arsingoli,Q1789476|Q1916557|Q4117139|Q7096323,,Europe PubMed Central
Europe,Europe,Q46,6,3,1,terrestrial continent located in north-western Eurasia,European continent|The Old Continent|European Continent|European Peninsula|Old Continent,Q2418896|Q5107|Q82794|Q2221906,,Europe
Europe,Europe,Q185144,6,3,1,Swedish rock band,,Q215380,,Europe (band)
Europe,European Union,Q458,6,3,1,political and economic union of 27 European states,,Q4120211|Q120121699|Q1335818|Q170156,,European Union
Europe,Europe,Q198697,6,3,1,1983 debut studio album by Europe,,Q482994,,Europe (Europe album)
Europe,European Journal of Inorganic Chemistry,Q899591,6,3,1,peer-reviewed scientific journal,,Q5633421|Q737498|Q73364223,,European Journal of Inorganic Chemistry
Europe,Europeana,Q234110,6,3,1,digital collection of European cultural heritage operated by the Europeana Foundation,,Q212805,,Europeana
Europe,European Journal of Organic Chemistry,Q899286,6,3,1,journal,Eur. J. Org. Chem.,Q5633421|Q737498,,European Journal of Organic Chemistry
Europe,Europe,Q766618,6,3,1,Paris Métro station,,Q928830|Q22808403,,Europe station (Paris Metro)
Europe,European Nature Information System,Q374924,6,3,1,,EUNIS|European University Information Systems,Q7094076|Q4117139|Q8513,,European Nature Information System
Europe,Greece,Q41,6,3,2,country in Southeast Europe,"Hellenic Republic|Hellas|gr|el|Greek Republic|Ellada|Hellas, Greece",Q3624078|Q179164|Q51576574|Q6256|Q619610|Q4209223|Q7275,,Greece
Europe,Ancient Greece,Q11772,6,3,2,Greek civilization from 1200 BC to 600 AD,Greek antiquity|Greece|Hellas|classical Greece,Q1792644|Q28171280|Q1620908|Q3502482|Q11042|Q8432,,Ancient Greece
Europe,Greece,Q36902901,6,3,2,family name,,Q101352,,
Europe,Greece,Q17077105,6,3,2,constituency of the European Parliament,,Q2631496,,Greece (European Parliament constituency)
Europe,Second Hellenic Republic,Q265824,6,3,2,historiographical concept of Greece (1924–1935),Hellenic Republic|Greece|2nd Hellenic Republic,Q3024240,,Second Hellenic Republic
Europe,Greece,Q2610369,6,3,2,"town in Monroe County, New York, United States","Greece (town), Monroe County, New York|Greece, New York|Greece, NY|Greece Town, New York|Town of Greece|Greece (town), New York",Q15127012|Q106071004,,"Greece, New York"
Europe,Greece men's national football team,Q134925,6,3,2,men's national association football team representing Greece,Greece national association football team|Greece national football team,Q135408445,Q1194951,Greece national football team
Europe,Greece and Rome,Q15751915,6,3,2,academic journal,Greece & Rome,Q5633421,,
Europe,Hellenic Navy,Q1129369,6,3,2,maritime warfare branch of Greece's military,Greek Navy|HN|na Greece|navy of Greece|Royal Navy of Greece|BN|Greece navy,Q4508,,Hellenic Navy
Europe,4th of August Regime,Q1358836,6,3,2,military dictatorship of Greece from 1936 to 1941,Metaxas Regime|Kingdom of Greece|Greece,Q7188|Q19953632,,4th of August Regime
Europe,Mediterranean Sea,Q4918,6,3,2,"sea between Europe, Africa and Asia",The Mediterranean|the Mediterranean Sea,Q1973404|Q166620,,Mediterranean Sea
Europe,mediterranean sea,Q986177,6,3,2,type of sea with limited water exchange with outer oceans,,,Q1973404,Mediterranean seas
Europe,Akdeniz,Q17379799,6,3,2,statue by İlhan Koman,Mediterranean Sea,Q179700,,Akdeniz (sculpture)
Europe,Mediterranean Basin,Q72499,6,3,2,loosely defined region of lands around the Mediterranean Sea,Mediterranea|Mediterranean Region|Mediterranean Sea drainage basin|Mediterranean Sea basin|Mediterranean Sea watershed,Q2904233|Q82700259|Q166620|Q2221906,,Mediterranean basin
Europe,X-Press Netravati,Q83641243,6,3,2,ship built in 2006,IMO 9348194|Delmas La Perouse|CCNI Baltico|Mediterranean Sea|Niledutch France|Vento di Nortada|Gerrit Braren,Q17210,,
Europe,Mediterranean Sea,Q83650360,6,3,2,vehicles carrier built in 2010,IMO 9451006,Q356847,,
Europe,Mediterranean Sea marine province,Q107540061,6,3,2,bio-geographic province in MEOW scheme,,Q107539355,,
Europe,Mediterranean Sea Area,Q111384107,6,3,2,general sea area,,Q165,,
Europe,Mediterranean Sea refugee smuggling,Q96392500,6,3,2,organised illegal international movement of people from MENA to Europe,,Q381072,Q1854900,Mediterranean Sea migrant smuggling
Europe,Mediterranean Sea View 2017,Q105812443,6,3,2,Artwork by Banksy,,Q3305213,,Mediterranean Sea View 2017
Italy,Italy,Q38,7,0,1,country in southern Europe,Italian Republic|Republic of Italy,Q6256|Q3624078|Q619610|Q179164|Q7270|Q51576574,,Italy
Italy,Kingdom of Italy,Q172579,7,0,1,kingdom in Southern Europe from 1861 to 1946,Regno d’Italia|Italy,Q3624078|Q3024240|Q20181813,,Kingdom of Italy
Italy,Italy,Q105415085,7,0,1,Counter-Strike map,cs_italy,Q87906572,,
Italy,Kingdom of Italy,Q223936,7,0,1,kingdom in southern Europe between 1805 and 1814,Regno d'Italia|Royaume d’Italie|Napoleonic Kingdom of Italy|Italian Kingdom|Italy,Q3024240|Q26879763,,Kingdom of Italy (Napoleonic)
Italy,Italian Peninsula,Q145694,7,0,1,peninsula of southern Europe,Apennine Peninsula|Italy|Italic Peninsula|penisola italica|lo Stivale|península Itálica,Q34763,,Italian Peninsula
Italy,Kingdom of Italy,Q838931,7,0,1,(962 – 1801) constituent kingdom of the Holy Roman Empire,Regnum Italiae|Regnum Italicum|Italian Kingdom|Italy|Regnum Italicorum,Q3024240|Q26830017,,Kingdom of Italy (Holy Roman Empire)
Italy,Italy men's national association football team,Q676899,7,0,1,men's national association football team representing Italy,Italy national football team|The Azzurri|Italy national team|Italian national team|Italy NT|Italian NT|Team of Italy|Italy men's national football team|Italy national association football team,Q135408445,Q1194951,Italy national football team
Italy,Italy,Q140228534,7,0,1,,,Q1980247,,
Italy,Italy,Q66477411,7,0,1,constituency of the European Parliament,,Q2631496,,
Italy,Italy national under-21 football team,Q922698,7,0,1,national under-21 association football team representing Italy,Nazionale di calcio dell'Italia Under-21|Italy U21,Q135408445,Q1194951,Italy national under-21 football team
Contane,Contane,Q3687778,7,1,1,"human settlement in Jolanda di Savoia, Province of Ferrara, Emilia-Romagna, Italy",,Q1134686,,
Ligurian Sea,Ligurian Sea,Q42820,7,2,1,arm of the Mediterranean Sea,,Q204894,,Ligurian Sea
Ligurian Sea,Ligurian Sea,Q117026899,7,2,1,crude oil tanker built in 2011,IMO 9577032,Q14928,,
Ligurian Sea,Ligurian Sea Cetacean Sanctuary,Q1537757,7,2,1,Marine Protected Area in Europe,,Q1367500|Q473972,,Ligurian Sea Cetacean Sanctuary
Ligurian Sea,Italy,Q38,7,2,2,country in southern Europe,Italian Republic|Republic of Italy,Q6256|Q3624078|Q619610|Q179164|Q7270|Q51576574,,Italy
Ligurian Sea,Kingdom of Italy,Q172579,7,2,2,kingdom in Southern Europe from 1861 to 1946,Regno d’Italia|Italy,Q3624078|Q3024240|Q20181813,,Kingdom of Italy
Ligurian Sea,Italy,Q105415085,7,2,2,Counter-Strike map,cs_italy,Q87906572,,
Ligurian Sea,Kingdom of Italy,Q223936,7,2,2,kingdom in southern Europe between 1805 and 1814,Regno d'Italia|Royaume d’Italie|Napoleonic Kingdom of Italy|Italian Kingdom|Italy,Q3024240|Q26879763,,Kingdom of Italy (Napoleonic)
Ligurian Sea,Italian Peninsula,Q145694,7,2,2,peninsula of southern Europe,Apennine Peninsula|Italy|Italic Peninsula|penisola italica|lo Stivale|península Itálica,Q34763,,Italian Peninsula
Ligurian Sea,Kingdom of Italy,Q838931,7,2,2,(962 – 1801) constituent kingdom of the Holy Roman Empire,Regnum Italiae|Regnum Italicum|Italian Kingdom|Italy|Regnum Italicorum,Q3024240|Q26830017,,Kingdom of Italy (Holy Roman Empire)
Ligurian Sea,Italy men's national association football team,Q676899,7,2,2,men's national association football team representing Italy,Italy national football team|The Azzurri|Italy national team|Italian national team|Italy NT|Italian NT|Team of Italy|Italy men's national football team|Italy national association football team,Q135408445,Q1194951,Italy national football team
Ligurian Sea,Italy,Q140228534,7,2,2,,,Q1980247,,
Ligurian Sea,Italy,Q66477411,7,2,2,constituency of the European Parliament,,Q2631496,,
Ligurian Sea,Italy national under-21 football team,Q922698,7,2,2,national under-21 association football team representing Italy,Nazionale di calcio dell'Italia Under-21|Italy U21,Q135408445,Q1194951,Italy national under-21 football team
Ligurian Sea,Contane,Q3687778,7,2,2,"human settlement in Jolanda di Savoia, Province of Ferrara, Emilia-Romagna, Italy",,Q1134686,,
Ligurian Sea,Europe PubMed Central,Q5412157,7,2,2,database of biomedical research,HielohitooEurope PMC|UKPMhC|Arsingoli,Q1789476|Q1916557|Q4117139|Q7096323,,Europe PubMed Central
Ligurian Sea,Europe,Q46,7,2,2,terrestrial continent located in north-western Eurasia,European continent|The Old Continent|European Continent|European Peninsula|Old Continent,Q2418896|Q5107|Q82794|Q2221906,,Europe
Ligurian Sea,Europe,Q185144,7,2,2,Swedish rock band,,Q215380,,Europe (band)
Ligurian Sea,European Union,Q458,7,2,2,political and economic union of 27 European states,,Q4120211|Q120121699|Q1335818|Q170156,,European Union
Ligurian Sea,Europe,Q198697,7,2,2,1983 debut studio album by Europe,,Q482994,,Europe (Europe album)
Ligurian Sea,European Journal of Inorganic Chemistry,Q899591,7,2,2,peer-reviewed scientific journal,,Q5633421|Q737498|Q73364223,,European Journal of Inorganic Chemistry
Ligurian Sea,Europeana,Q234110,7,2,2,digital collection of European cultural heritage operated by the Europeana Foundation,,Q212805,,Europeana
Ligurian Sea,European Journal of Organic Chemistry,Q899286,7,2,2,journal,Eur. J. Org. Chem.,Q5633421|Q737498,,European Journal of Organic Chemistry
Ligurian Sea,Europe,Q766618,7,2,2,Paris Métro station,,Q928830|Q22808403,,Europe station (Paris Metro)
Ligurian Sea,European Nature Information System,Q374924,7,2,2,,EUNIS|European University Information Systems,Q7094076|Q4117139|Q8513,,European Nature Information System
Europe,Europe PubMed Central,Q5412157,7,3,1,database of biomedical research,HielohitooEurope PMC|UKPMhC|Arsingoli,Q1789476|Q1916557|Q4117139|Q7096323,,Europe PubMed Central
Europe,Europe,Q46,7,3,1,terrestrial continent located in north-western Eurasia,European continent|The Old Continent|European Continent|European Peninsula|Old Continent,Q2418896|Q5107|Q82794|Q2221906,,Europe
Europe,Europe,Q185144,7,3,1,Swedish rock band,,Q215380,,Europe (band)
Europe,European Union,Q458,7,3,1,political and economic union of 27 European states,,Q4120211|Q120121699|Q1335818|Q170156,,European Union
Europe,Europe,Q198697,7,3,1,1983 debut studio album by Europe,,Q482994,,Europe (Europe album)
Europe,European Journal of Inorganic Chemistry,Q899591,7,3,1,peer-reviewed scientific journal,,Q5633421|Q737498|Q73364223,,European Journal of Inorganic Chemistry
Europe,Europeana,Q234110,7,3,1,digital collection of European cultural heritage operated by the Europeana Foundation,,Q212805,,Europeana
Europe,European Journal of Organic Chemistry,Q899286,7,3,1,journal,Eur. J. Org. Chem.,Q5633421|Q737498,,European Journal of Organic Chemistry
Europe,Europe,Q766618,7,3,1,Paris Métro station,,Q928830|Q22808403,,Europe station (Paris Metro)
Europe,European Nature Information System,Q374924,7,3,1,,EUNIS|European University Information Systems,Q7094076|Q4117139|Q8513,,European Nature Information System
Europe,directive of the European Union,Q326124,7,3,2,legislative act of the European Union,European Union directive|European directive|directive of the EU|EU directive,Q110430875,Q3629172|Q19847358,Directive (European Union)
Europe,European Food Safety Authority,Q516521,7,3,2,agency of the European Union,EFSA|European Union Food Safety Authority,Q30234158|Q31855|Q45400320|Q112827555,,European Food Safety Authority
Europe,European Union,Q319328,7,3,2,antifascist resistance group,,Q65971239,,European Union (resistance group)
Europe,European Union law,Q208202,7,3,2,rules operating within EU member states,EU law,Q2478386|Q1756157,Q7748,Law of the European Union
Europe,pro-Europeanism,Q3781399,7,3,2,favoring European integration,Europeanism|European Unionism,Q12909644,Q1377153,Pro-Europeanism
Europe,member state of the European Union,Q185441,7,3,2,sovereign states that form the European Union,EU member|European Union member state|state of the European Union|states of the European Union|member state of the EU|member of the EU|EU country|country of the EU|EU state|EU member state|state of the EU|EU countries,Q4897819,Q1646605,Member state of the European Union
Europe,European Union Prize for Literature,Q1126192,7,3,2,annual EU literary award recognising the best emerging fiction writers in Europe,EUPL|EU Prize for Literature,Q618779,Q378427,European Union Prize for Literature
Europe,European Union of the Deaf,Q1377074,7,3,2,organization,EUD,Q1156831|Q61889487,,European Union of the Deaf
Europe,regulation of the European Union,Q240141,7,3,2,EU legal acts that apply directly in each Member State,regulation of the EU|EU regulation|European Union regulation|regulation of the European Parliament and of the Council|Council Regulation|Commission Regulation|EU law|law in the EU,Q110430875,Q3629172,Regulation (European Union)
Europe,continental Europe,Q466039,7,3,2,"continent of Europe, excluding European islands",mainland Europe|European Continent|the Continent,Q4835091|Q1140140,,Continental Europe
Europe,Whites,Q65967295,7,3,2,"individuals having origins in any of the original peoples of Europe, the Middle East, or North Africa",European continental ancestry group|White people|White,Q67006304,,
Europe,Crossair Europe,Q1141227,7,3,2,Defunct Swiss airline,European Continental Airways,Q46970,,Crossair Europe
Europe,European Continental Province of the Moravian Church,Q15730603,7,3,2,,European Continental Province of the Unitas Fratrum,Q625160,,
Europe,European continental shelf as a significant sink for atmospheric carbon dioxide,Q58306619,7,3,2,,,Q13442814,,
Burkina Faso,Burkina Faso,Q965,8,0,1,sovereign state in Africa,bf|Republic of Upper Volta (-1984)|Republic of Burkina Faso,Q3624078|Q123480|Q6256,,Burkina Faso
Burkina Faso,Burkina Faso men's national football team,Q44270,8,0,1,men's national association football team representing Burkina Faso,Burkina Faso national soccer team|Les Etalons|Burkina Faso national football team,Q135408445,Q1194951,Burkina Faso national football team
Burkina Faso,Burkina Faso,Q28554165,8,0,1,painting by Fred Wilson,,Q3305213,,
Burkina Faso,Burkina Faso national road cycling championships,Q2955201,8,0,1,,,Q2306612,Q22231119,
Burkina Faso,Burkina Faso National Road Cycling Championships - Men RR,Q112306295,8,0,1,,,Q2306612,Q22231119,
Burkina Faso,Burkina Faso at the Olympics,Q668652,8,0,1,Participation of athletes from Burkina Faso in the Olympic Games,,Q26213387,,Burkina Faso at the Olympics
Burkina Faso,flag of Burkina Faso,Q134252,8,0,1,national flag of Burkina Faso,Burkina Faso flag,Q186516,,Flag of Burkina Faso
Burkina Faso,COVID-19 pandemic in Burkina Faso,Q87665364,8,0,1,details of ongoing viral pandemic in Burkina Faso,2020 coronavirus outbreak in Burkina Faso|coronavirus outbreak in Burkina Faso|2020 COVID-19 pandemic in Burkina Faso|Burkina Faso COVID-19 pandemic|2020 Burkina Faso COVID-19 pandemic|COVID pandemic in Burkina Faso,Q3241045,,COVID-19 pandemic in Burkina Faso
Burkina Faso,Burkina Faso military,Q3022671,8,0,1,combined military forces of Burkina Faso,Burkin Faso Armed Forces|Burkina Faso Army|military of Burkina Faso|mil Burkina Faso|armed forces of Bukina Faso,Q772547,,Burkina Faso Armed Forces
Burkina Faso,Burkina Faso–Ghana border,Q3089016,8,0,1,international border,border between Burkina Faso and Ghana|border between Ghana and Burkina Faso|Burkina Faso-Ghana border|Ghana-Burkina Faso border|Ghana–Burkina Faso border,Q133346|Q15104814|Q12413618,,Burkina Faso–Ghana border
Burkina Faso,Black Volta,Q1256528,8,0,2,"river in Burkina Faso, Ivory Coast, and Ghana",Black Volta River|Mouhoun River,Q4022,,Black Volta
Burkina Faso,Black Volta Region,Q14207068,8,0,2,,,Q82794,,
Burkina Faso,Africa,Q15,8,0,2,continent,African continent,Q5107|Q2221906|Q82794,,Africa
Burkina Faso,Africa: Journal of the International African Institute,Q4689536,8,0,2,academic journal,Africa : journal of the International African Institute|Africa: The Journal of the International African Institute|Africa,Q5633421|Q1002697,,Africa (journal)
Burkina Faso,Africa,Q6172568,8,0,2,female given name,,Q11879590,,
Burkina Faso,Africa,Q109569182,8,0,2,vocal track by Toto; 1982 studio recording,,Q55850593,,
Burkina Faso,Africa,Q16159116,8,0,2,family name,,Q101352,,Africa (surname)
Burkina Faso,Africa,Q109569601,8,0,2,"1982 official music video by Toto, directed by Steve Barron",,Q193977,,
Burkina Faso,African Plant Database,Q20862705,8,0,2,,,Q7094076|Q4117139,,
Burkina Faso,Database of Cabinet Politics in Sub-Sahara Africa,Q96743901,8,0,2,database of Ministers who served in countries located in Sub-Sahara Africa,African Cabinet Politics - Data Repository,Q8513,,
Burkina Faso,African Studies,Q4689921,8,0,2,academic journal,,Q5633421,,African Studies (journal)
Burkina Faso,Africa,Q113568798,8,0,2,troopship of the Portuguese Navy,,Q12859788|Q671079,,
Black Volta,Black Volta,Q1256528,8,1,1,"river in Burkina Faso, Ivory Coast, and Ghana",Black Volta River|Mouhoun River,Q4022,,Black Volta
Black Volta,Black Volta Region,Q14207068,8,1,1,,,Q82794,,
Black Volta,Volta River,Q192415,8,1,2,river system in West Africa,Volta|River Volta,Q4022,,Volta River
Black Volta,Volta River,Q106678244,8,1,2,ship built in 1980,Toledo|Express Hercules|IMO 7802287,Q1752434,,
Black Volta,Volta River Authority,Q2532874,8,1,2,main generator and supplier of electricity in Ghana,VRA,Q43229|Q174834,,Volta River Authority
Black Volta,Volta River Authority - VII project,Q100343663,8,1,2,,,Q170584,,
Black Volta,Volta River Aluminium Scheme,Q59082657,8,1,2,scientific article published in Nature,,Q13442814,,
Black Volta,Volta River Project in the Gold Coast,Q58937536,8,1,2,scientific article published in Nature,,Q13442814,,
Black Volta,Volta River Estates France,Q132047576,8,1,2,,,Q43229,,
Africa,Africa,Q15,8,3,1,continent,African continent,Q5107|Q2221906|Q82794,,Africa
Africa,Africa: Journal of the International African Institute,Q4689536,8,3,1,academic journal,Africa : journal of the International African Institute|Africa: The Journal of the International African Institute|Africa,Q5633421|Q1002697,,Africa (journal)
Africa,Africa,Q6172568,8,3,1,female given name,,Q11879590,,
Africa,Africa,Q109569182,8,3,1,vocal track by Toto; 1982 studio recording,,Q55850593,,
Africa,Africa,Q16159116,8,3,1,family name,,Q101352,,Africa (surname)
Africa,Africa,Q109569601,8,3,1,"1982 official music video by Toto, directed by Steve Barron",,Q193977,,
Africa,African Plant Database,Q20862705,8,3,1,,,Q7094076|Q4117139,,
Africa,Database of Cabinet Politics in Sub-Sahara Africa,Q96743901,8,3,1,database of Ministers who served in countries located in Sub-Sahara Africa,African Cabinet Politics - Data Repository,Q8513,,
Africa,African Studies,Q4689921,8,3,1,academic journal,,Q5633421,,African Studies (journal)
Africa,Africa,Q113568798,8,3,1,troopship of the Portuguese Navy,,Q12859788|Q671079,,
Africa,Burkina Faso,Q965,8,3,2,sovereign state in Africa,bf|Republic of Upper Volta (-1984)|Republic of Burkina Faso,Q3624078|Q123480|Q6256,,Burkina Faso
Africa,Burkina Faso men's national football team,Q44270,8,3,2,men's national association football team representing Burkina Faso,Burkina Faso national soccer team|Les Etalons|Burkina Faso national football team,Q135408445,Q1194951,Burkina Faso national football team
Africa,Burkina Faso,Q28554165,8,3,2,painting by Fred Wilson,,Q3305213,,
Africa,Burkina Faso national road cycling championships,Q2955201,8,3,2,,,Q2306612,Q22231119,
Africa,Burkina Faso National Road Cycling Championships - Men RR,Q112306295,8,3,2,,,Q2306612,Q22231119,
Africa,Burkina Faso at the Olympics,Q668652,8,3,2,Participation of athletes from Burkina Faso in the Olympic Games,,Q26213387,,Burkina Faso at the Olympics
Africa,flag of Burkina Faso,Q134252,8,3,2,national flag of Burkina Faso,Burkina Faso flag,Q186516,,Flag of Burkina Faso
Africa,COVID-19 pandemic in Burkina Faso,Q87665364,8,3,2,details of ongoing viral pandemic in Burkina Faso,2020 coronavirus outbreak in Burkina Faso|coronavirus outbreak in Burkina Faso|2020 COVID-19 pandemic in Burkina Faso|Burkina Faso COVID-19 pandemic|2020 Burkina Faso COVID-19 pandemic|COVID pandemic in Burkina Faso,Q3241045,,COVID-19 pandemic in Burkina Faso
Africa,Burkina Faso military,Q3022671,8,3,2,combined military forces of Burkina Faso,Burkin Faso Armed Forces|Burkina Faso Army|military of Burkina Faso|mil Burkina Faso|armed forces of Bukina Faso,Q772547,,Burkina Faso Armed Forces
Africa,Burkina Faso–Ghana border,Q3089016,8,3,2,international border,border between Burkina Faso and Ghana|border between Ghana and Burkina Faso|Burkina Faso-Ghana border|Ghana-Burkina Faso border|Ghana–Burkina Faso border,Q133346|Q15104814|Q12413618,,Burkina Faso–Ghana border
Africa,Black Volta,Q1256528,8,3,2,"river in Burkina Faso, Ivory Coast, and Ghana",Black Volta River|Mouhoun River,Q4022,,Black Volta
Africa,Black Volta Region,Q14207068,8,3,2,,,Q82794,,
Africa,African Union,Q7159,8,3,2,supranational union in Africa,AU|UA|The African Union|African union|Union Africaine,Q4120211|Q769802|Q484652,,African Union
Africa,African Union Commission,Q2362881,8,3,2,Executive branch of the African Union,,Q178706|Q35798,,African Union Commission
Africa,African Union Mission to Somalia,Q1641888,8,3,2,peacekeeping mission,AMISOM,Q245065|Q645883,Q1456930,African Union Mission to Somalia
Africa,African Great Green Wall,Q387790,8,3,2,African global initiative against desertification in Africa,African initiative--Great Green Wall|African Union. Great Green Wall (Project)|Community of Sahel-Saharan States. Great Green Wall (Project)|GGW|Great Green Wall,Q2384419|Q139251117,,Great Green Wall (Africa)
Africa,African Union of the Blind,Q129676195,8,3,2,,,Q814491|Q79913|Q1156831,,
Africa,African Union Kwame Nkrumah Awards for Scientific Excellence,Q30749435,8,3,2,,,Q11448906,Q5257307,African Union Kwame Nkrumah Award for Scientific Excellence
Africa,flag of the African Union,Q630077,8,3,2,flag,the African Union flag|African Union flag,Q69506823,,Flag of the African Union
Africa,African Union–European Union relations,Q17637747,8,3,2,,,Q15221623,,
Africa,African Union Mission in Sudan,Q650224,8,3,2,peacekeeping mission in Sudan,,Q20082270,,African Union Mission in Sudan
Africa,African Union Conference Center and Office Complex,Q4655013,8,3,2,"building in Addis Ababa, Ethiopia",AU Conference Center and Office Complex|Headquarters of the African Union,Q7540126,,African Union Conference Center and Office Complex
Africa,African Development Bank,Q340195,8,3,2,multilateral development finance institution,AfDB|African Development Bank Group,Q105758271,,African Development Bank
Africa,"African Development Bank Act, 1983",Q106630478,8,3,2,Act of the Parliament of India,,Q33283984,,
Africa,African Development Bank and Economic Reparations,Q135196867,8,3,2,AfDB's role in the economic reparations in Africa,,Q43229,,
Africa,African Development Bank and Fund,Q59669761,8,3,2,Congressional Research Service report,,Q6451276,,
Africa,AFRICAN DEVELOPMENT BANK: Debt Relief,Q110528344,8,3,2,scientific article,,Q13442814,,
Africa,AFRICAN DEVELOPMENT BANK: Climate Smart Initiatives,Q114626329,8,3,2,scientific article published in 2015,,Q13442814,,
Africa,African Continental Free Trade Area,Q50828855,8,3,2,free trade agreement founded in 2018 and commenced in 2021,AfCFTA,Q5335686|Q321839,,African Continental Free Trade Area
Africa,African Continental Free Trade Area Secretariat,Q131847091,8,3,2,,,Q43229,,
Africa,"African Continental Free Trade Area:Progress, Effects and Advancing Path",Q118650924,8,3,2,,,Q13442814,,
Uzbekistan,Uzbekistan,Q265,9,0,1,sovereign state in Central Asia,Republic of Uzbekistan,Q3624078|Q136361597|Q6256,,Uzbekistan
Uzbekistan,Uzbekistan men's national football team,Q487321,9,0,1,national association football team,Uzbekistan national football team,Q135408445,Q1194951,Uzbekistan national football team
Uzbekistan,Uzbekistan Cup,Q1508046,9,0,1,Football tournament in Uzbekistan,,Q8463186,,Uzbekistan Cup
Uzbekistan,Uzbekistan,Q115946048,9,0,1,ship launched in 1962,IMO 6421543,Q11446,,
Uzbekistan,Uzbekistan State Institute of Arts and Culture,Q4146801,9,0,1,"higher education institution in Tashkent, Uzbekistan",A.I. Ostrovsky State Theatre and Art Institute|Tashkent State Theatre and Art Institute,Q38723|Q1664720,,Uzbekistan State Institute of Arts and Culture
Uzbekistan,Uzbekistan Super League,Q856855,9,0,1,association football league,Uzbekistan Professional Football League|Uzbek League,Q15991303|Q18608583,Q3270632,Uzbekistan Super League
Uzbekistan,Uzbekistan Liberal Democratic Party,Q1146334,9,0,1,political party,O'zLiDeP|O‘zlidep,Q7278,,Uzbekistan Liberal Democratic Party
Uzbekistan,Uzbekistan National Revival Democratic Party,Q7076484,9,0,1,political party in Uzbekistan,,Q7278,,Milliy Tiklanish
Uzbekistan,Uzbekistan Pro League,Q304228,9,0,1,Second football division of Uzbekistan,Футбол бўйича Ўзбекистон Про лигаси,Q15991303,,Uzbekistan Pro League
Uzbekistan,sport in Uzbekistan,Q137113,9,0,1,overview of sport in Uzbekistan,sports in Uzbekistan|Uzbekistan sports|sports of Uzbekistan|sporting in Uzbekistan,Q29791211,Q166291,Sport in Uzbekistan
Uzbekistan,Sarygamysh Lake,Q257416,9,0,2,salt lake,,Q23397,,Sarygamysh Lake
Uzbekistan,Asia,Q48,9,0,2,"terrestrial continent, mainly in the northeastern quadrant",Asian continent|Continental Asia,Q5107|Q2418896|Q82794,,Asia
Uzbekistan,Asia,Q726891,9,0,2,British rock band,Asia (rock band),Q215380,,Asia (band)
Uzbekistan,Asia,Q210718,9,0,2,Roman province,Asia (Roman province),Q182547,,Asia (Roman province)
Uzbekistan,Asia,Q3625042,9,0,2,female given name,Asia (first name)|Asia (given name),Q11879590,,
Uzbekistan,Asia,Q37020313,9,0,2,family name,,Q101352,,
Uzbekistan,Asia Carrera,Q540597,9,0,2,American pornographic actress,Asia Carrera Lemmon|Jessica Bennett|Asia Carera|Asian Carrera|Asia,Q5,,Asia Carrera
Uzbekistan,UTC+06:30,Q6923,9,0,2,Identifier for a time offset from UTC of +6:30,+6:30|GMT+6.5|Myanmar Standard Time|Asia/Yangon|MMT|UTC+6.5|UTC+6:30,Q17272482,,UTC+06:30
Uzbekistan,Asian Football Confederation,Q83276,9,0,2,"governing body of association football, beach soccer, and futsal in most countries and territories in Asia",AFC|Asia Football Confederation|A.F.C.,Q11422536|Q1156831|Q163740,,Asian Football Confederation
Uzbekistan,HMS Sir Francis Drake,Q25053390,9,0,2,1797 fifth-rate frigate,Asia|Dona Maria II,Q848944|Q852190|Q161705,,Asia (1797 ship)
Uzbekistan,Asia,Q54974383,9,0,2,American pornographic actress (born 1986),Asia Rain|Ms. Asia,Q5,,
Sarygamysh Lake,Sarygamysh Lake,Q257416,9,1,1,salt lake,,Q23397,,Sarygamysh Lake
Asia,Asia,Q48,9,3,1,"terrestrial continent, mainly in the northeastern quadrant",Asian continent|Continental Asia,Q5107|Q2418896|Q82794,,Asia
Asia,Asia,Q726891,9,3,1,British rock band,Asia (rock band),Q215380,,Asia (band)
Asia,Asia,Q210718,9,3,1,Roman province,Asia (Roman province),Q182547,,Asia (Roman province)
Asia,Asia,Q3625042,9,3,1,female given name,Asia (first name)|Asia (given name),Q11879590,,
Asia,Asia,Q37020313,9,3,1,family name,,Q101352,,
Asia,Asia Carrera,Q540597,9,3,1,American pornographic actress,Asia Carrera Lemmon|Jessica Bennett|Asia Carera|Asian Carrera|Asia,Q5,,Asia Carrera
Asia,UTC+06:30,Q6923,9,3,1,Identifier for a time offset from UTC of +6:30,+6:30|GMT+6.5|Myanmar Standard Time|Asia/Yangon|MMT|UTC+6.5|UTC+6:30,Q17272482,,UTC+06:30
Asia,Asian Football Confederation,Q83276,9,3,1,"governing body of association football, beach soccer, and futsal in most countries and territories in Asia",AFC|Asia Football Confederation|A.F.C.,Q11422536|Q1156831|Q163740,,Asian Football Confederation
Asia,HMS Sir Francis Drake,Q25053390,9,3,1,1797 fifth-rate frigate,Asia|Dona Maria II,Q848944|Q852190|Q161705,,Asia (1797 ship)
Asia,Asia,Q54974383,9,3,1,American pornographic actress (born 1986),Asia Rain|Ms. Asia,Q5,,
Asia,Uzbekistan,Q265,9,3,2,sovereign state in Central Asia,Republic of Uzbekistan,Q3624078|Q136361597|Q6256,,Uzbekistan
Asia,Uzbekistan men's national football team,Q487321,9,3,2,national association football team,Uzbekistan national football team,Q135408445,Q1194951,Uzbekistan national football team
Asia,Uzbekistan Cup,Q1508046,9,3,2,Football tournament in Uzbekistan,,Q8463186,,Uzbekistan Cup
Asia,Uzbekistan,Q115946048,9,3,2,ship launched in 1962,IMO 6421543,Q11446,,
Asia,Uzbekistan State Institute of Arts and Culture,Q4146801,9,3,2,"higher education institution in Tashkent, Uzbekistan",A.I. Ostrovsky State Theatre and Art Institute|Tashkent State Theatre and Art Institute,Q38723|Q1664720,,Uzbekistan State Institute of Arts and Culture
Asia,Uzbekistan Super League,Q856855,9,3,2,association football league,Uzbekistan Professional Football League|Uzbek League,Q15991303|Q18608583,Q3270632,Uzbekistan Super League
Asia,Uzbekistan Liberal Democratic Party,Q1146334,9,3,2,political party,O'zLiDeP|O‘zlidep,Q7278,,Uzbekistan Liberal Democratic Party
Asia,Uzbekistan National Revival Democratic Party,Q7076484,9,3,2,political party in Uzbekistan,,Q7278,,Milliy Tiklanish
Asia,Uzbekistan Pro League,Q304228,9,3,2,Second football division of Uzbekistan,Футбол бўйича Ўзбекистон Про лигаси,Q15991303,,Uzbekistan Pro League
Asia,sport in Uzbekistan,Q137113,9,3,2,overview of sport in Uzbekistan,sports in Uzbekistan|Uzbekistan sports|sports of Uzbekistan|sporting in Uzbekistan,Q29791211,Q166291,Sport in Uzbekistan
Asia,Sarygamysh Lake,Q257416,9,3,2,salt lake,,Q23397,,Sarygamysh Lake
San Marino,San Marino,Q238,10,0,1,"sovereign state in southern Europe, enclaved within Italy",sm|Most Serene Republic of San Marino,Q3624078|Q171441|Q123480|Q244381|Q51576574|Q6256,,San Marino
San Marino,San Marino,Q1848,10,0,1,capital city of San Marino,City of San Marino,Q515|Q14292916|Q902814,,City of San Marino
San Marino,San Marino,Q850869,10,0,1,"city in Los Angeles County, California, United States","San Marino, California|San Marino, CA",Q1093829,,"San Marino, California"
San Marino,San Marino men's national football team,Q185350,10,0,1,men's national association football team representing San Marino,San Marino national football team,Q135408445,Q1194951,San Marino national football team
San Marino,San Marino,Q20248229,10,0,1,"town in Tijuana Municipality, State of Baja California, Mexico",,Q20202352,,
San Marino,San Marino,Q136671328,10,0,1,,,Q2175765,,
San Marino,San Marino,Q18506869,10,0,1,settlement in the Italian municipality of Valbrenta,,Q486972,,
San Marino,San Marino,Q18441622,10,0,1,"human settlement in Carpi, Province of Modena, Emilia-Romagna, Italy",,Q1134686,,
San Marino,San Marino Calcio,Q742685,10,0,1,"association football club based in the city of Acquaviva, San Marino",Victor San Marino,Q476028,,San Marino Calcio
San Marino,San Marino,Q18438670,10,0,1,human settlement in Italy,,Q1134686,,
San Marino,Republic of San Marino State Hospital,Q3886678,10,0,2,"hospital in Cailungo, San Marino",,Q16917,,
San Marino,Republic of SAN MARINO,Q58631204,10,0,2,,,Q13442814,,
San Marino,Republic of San Marino: 2018 Article IV Consultation-Press Release; Staff Report; and Statement by the Executive Director for the Republic of San Marino,Q129868070,10,0,2,scholarly article published in 2018,,Q13442814,,
San Marino,Republic of San Marino: Selected Issues,Q129865967,10,0,2,scholarly article published in 2018,,Q13442814,,
San Marino,Republic of San Marino: 2019 Article IV Consultation-Press Release; Staff Report; and Statement by the Executive Director for the Republic of San Marino,Q127999534,10,0,2,scholarly article,,Q13442814,,
Ausa River,Ausa River,Q2589967,10,1,1,river in San Marino,,Q4022,,Ausa (river)
Ausa River,San Marino,Q238,10,1,2,"sovereign state in southern Europe, enclaved within Italy",sm|Most Serene Republic of San Marino,Q3624078|Q171441|Q123480|Q244381|Q51576574|Q6256,,San Marino
Ausa River,San Marino,Q1848,10,1,2,capital city of San Marino,City of San Marino,Q515|Q14292916|Q902814,,City of San Marino
Ausa River,San Marino,Q850869,10,1,2,"city in Los Angeles County, California, United States","San Marino, California|San Marino, CA",Q1093829,,"San Marino, California"
Ausa River,San Marino men's national football team,Q185350,10,1,2,men's national association football team representing San Marino,San Marino national football team,Q135408445,Q1194951,San Marino national football team
Ausa River,San Marino,Q20248229,10,1,2,"town in Tijuana Municipality, State of Baja California, Mexico",,Q20202352,,
Ausa River,San Marino,Q136671328,10,1,2,,,Q2175765,,
Ausa River,San Marino,Q18506869,10,1,2,settlement in the Italian municipality of Valbrenta,,Q486972,,
Ausa River,San Marino,Q18441622,10,1,2,"human settlement in Carpi, Province of Modena, Emilia-Romagna, Italy",,Q1134686,,
Ausa River,San Marino Calcio,Q742685,10,1,2,"association football club based in the city of Acquaviva, San Marino",Victor San Marino,Q476028,,San Marino Calcio
Ausa River,San Marino,Q18438670,10,1,2,human settlement in Italy,,Q1134686,,
Ausa River,Europe PubMed Central,Q5412157,10,1,2,database of biomedical research,HielohitooEurope PMC|UKPMhC|Arsingoli,Q1789476|Q1916557|Q4117139|Q7096323,,Europe PubMed Central
Ausa River,Europe,Q46,10,1,2,terrestrial continent located in north-western Eurasia,European continent|The Old Continent|European Continent|European Peninsula|Old Continent,Q2418896|Q5107|Q82794|Q2221906,,Europe
Ausa River,Europe,Q185144,10,1,2,Swedish rock band,,Q215380,,Europe (band)
Ausa River,European Union,Q458,10,1,2,political and economic union of 27 European states,,Q4120211|Q120121699|Q1335818|Q170156,,European Union
Ausa River,Europe,Q198697,10,1,2,1983 debut studio album by Europe,,Q482994,,Europe (Europe album)
Ausa River,European Journal of Inorganic Chemistry,Q899591,10,1,2,peer-reviewed scientific journal,,Q5633421|Q737498|Q73364223,,European Journal of Inorganic Chemistry
Ausa River,Europeana,Q234110,10,1,2,digital collection of European cultural heritage operated by the Europeana Foundation,,Q212805,,Europeana
Ausa River,European Journal of Organic Chemistry,Q899286,10,1,2,journal,Eur. J. Org. Chem.,Q5633421|Q737498,,European Journal of Organic Chemistry
Ausa River,Europe,Q766618,10,1,2,Paris Métro station,,Q928830|Q22808403,,Europe station (Paris Metro)
Ausa River,European Nature Information System,Q374924,10,1,2,,EUNIS|European University Information Systems,Q7094076|Q4117139|Q8513,,European Nature Information System
Europe,Europe PubMed Central,Q5412157,10,3,1,database of biomedical research,HielohitooEurope PMC|UKPMhC|Arsingoli,Q1789476|Q1916557|Q4117139|Q7096323,,Europe PubMed Central
Europe,Europe,Q46,10,3,1,terrestrial continent located in north-western Eurasia,European continent|The Old Continent|European Continent|European Peninsula|Old Continent,Q2418896|Q5107|Q82794|Q2221906,,Europe
Europe,Europe,Q185144,10,3,1,Swedish rock band,,Q215380,,Europe (band)
Europe,European Union,Q458,10,3,1,political and economic union of 27 European states,,Q4120211|Q120121699|Q1335818|Q170156,,European Union
Europe,Europe,Q198697,10,3,1,1983 debut studio album by Europe,,Q482994,,Europe (Europe album)
Europe,European Journal of Inorganic Chemistry,Q899591,10,3,1,peer-reviewed scientific journal,,Q5633421|Q737498|Q73364223,,European Journal of Inorganic Chemistry
Europe,Europeana,Q234110,10,3,1,digital collection of European cultural heritage operated by the Europeana Foundation,,Q212805,,Europeana
Europe,European Journal of Organic Chemistry,Q899286,10,3,1,journal,Eur. J. Org. Chem.,Q5633421|Q737498,,European Journal of Organic Chemistry
Europe,Europe,Q766618,10,3,1,Paris Métro station,,Q928830|Q22808403,,Europe station (Paris Metro)
Europe,European Nature Information System,Q374924,10,3,1,,EUNIS|European University Information Systems,Q7094076|Q4117139|Q8513,,European Nature Information System
Europe,directive of the European Union,Q326124,10,3,2,legislative act of the European Union,European Union directive|European directive|directive of the EU|EU directive,Q110430875,Q3629172|Q19847358,Directive (European Union)
Europe,European Food Safety Authority,Q516521,10,3,2,agency of the European Union,EFSA|European Union Food Safety Authority,Q30234158|Q31855|Q45400320|Q112827555,,European Food Safety Authority
Europe,European Union,Q319328,10,3,2,antifascist resistance group,,Q65971239,,European Union (resistance group)
Europe,European Union law,Q208202,10,3,2,rules operating within EU member states,EU law,Q2478386|Q1756157,Q7748,Law of the European Union
Europe,pro-Europeanism,Q3781399,10,3,2,favoring European integration,Europeanism|European Unionism,Q12909644,Q1377153,Pro-Europeanism
Europe,member state of the European Union,Q185441,10,3,2,sovereign states that form the European Union,EU member|European Union member state|state of the European Union|states of the European Union|member state of the EU|member of the EU|EU country|country of the EU|EU state|EU member state|state of the EU|EU countries,Q4897819,Q1646605,Member state of the European Union
Europe,European Union Prize for Literature,Q1126192,10,3,2,annual EU literary award recognising the best emerging fiction writers in Europe,EUPL|EU Prize for Literature,Q618779,Q378427,European Union Prize for Literature
Europe,European Union of the Deaf,Q1377074,10,3,2,organization,EUD,Q1156831|Q61889487,,European Union of the Deaf
Europe,regulation of the European Union,Q240141,10,3,2,EU legal acts that apply directly in each Member State,regulation of the EU|EU regulation|European Union regulation|regulation of the European Parliament and of the Council|Council Regulation|Commission Regulation|EU law|law in the EU,Q110430875,Q3629172,Regulation (European Union)
Europe,European Economic Area,Q8932,10,3,2,area of the European Union's internal market and some of EFTA states established in 1994,EEA,Q4120211|Q3623811|Q1335818|Q1048835|Q5335686|Q1327750|Q2585959,,European Economic Area
Europe,European Economic Area Council,Q90913903,10,3,2,,EEA Council,Q865588|Q7210356,,
Europe,European Economic Area Act 1993,Q30324055,10,3,2,Public General Act of Parliament of the United Kingdom,1993 c. 51|1993 c51,Q105774620,,European Economic Area Act 1993
Europe,European identity card,Q96101027,10,3,2,identity document replacing current national identity cards in the European Union,European Union identity card|European Economic Area identity card|EU identity card|EEA identity card|European ID card|EU ID card|EEA ID card,,Q47988,
Europe,European Economic Area Family Permit,Q1376534,10,3,2,,,,,European Economic Area Family Permit
Europe,European Economic Area: Its Prospects and Impact,Q118855823,10,3,2,,,Q13442814,,
Europe,European Free Trade Association,Q166546,10,3,2,international trade organization and free trade area,EFTA|AELC,Q4120211|Q5335686|Q484652,,European Free Trade Association
Europe,European Free Trade Association Act 1960,Q110266439,10,3,2,Public General Act of Parliament of the United Kingdom,8 & 9 Eliz. 2. c. 19|8&9 Eliz 2 c19,Q105774620,,
Europe,European Free Trade Association Surveillance Authority,Q3775266,10,3,2,,EFTA Surveillance Authority|ESA,Q15820303,,European Free Trade Association Surveillance Authority
Costa Rica,Costa Rica,Q800,11,0,1,country in Central America,Republic of Costa Rica|cr,Q3624078|Q6256,,Costa Rica
Costa Rica,Costa Rica men's national football team,Q194387,11,0,1,men's national association football team representing Costa Rica,Ticos|Los Ticos|Costa Rica national football team,Q135408445,Q1194951,Costa Rica national football team
Costa Rica,Costa Rica,Q1024894,11,0,1,"municipality of Mato Grosso do Sul state, Brazil",,Q3184121,,"Costa Rica, Mato Grosso do Sul"
Costa Rica,Costa Rica women's national association football team,Q1136312,11,0,1,women's association football team representing Costa Rica,Costa Rica women's national soccer team|Costa Rica women's national football team,Q23905105,,Costa Rica women's national football team
Costa Rica,Costa Rica,Q4559688,11,0,1,"town in Culiacán Municipality, State of Sinaloa, Mexico",,Q20202352,,"Costa Rica, Sinaloa"
Costa Rica,Costa Rica,Q114459077,11,0,1,episode of Wildboyz (S2 E3),,Q21191270,,
Costa Rica,Liga FPD,Q1139408,11,0,1,association football league,Primera División de Costa Rica|Costa Rican Primera Division,Q15991303,Q3270632,Liga FPD
Costa Rica,Costa Rica,Q12889217,11,0,1,"human settlement in Guantánamo Province, Cuba",,Q486972,,
Costa Rica,Costa Rica,Q96375584,11,0,1,2019 hip hop single,,Q134556,,"Costa Rica (Dreamville, Bas and JID song)"
Costa Rica,Costa Rica national under-20 football team,Q922309,11,0,1,national association football team,,Q6979593,Q1194951,Costa Rica national under-20 football team
Costa Rica,Caribbean Sea,Q1247,11,0,2,"a marginal tropical sea of the Atlantic Ocean, located east of Central America, south of the Greater Antilles and north of South America",The Caribbean|Caribbean|North Sea of the Spaniards,Q165|Q166620,,Caribbean Sea
Costa Rica,Caribbean Sea,Q117077021,11,0,2,container ship built in 1992,IMO 8913459,Q17210,,
Costa Rica,Caribbean Sea basin,Q84499932,11,0,2,,,Q166620,,
Costa Rica,Caribbean Sea history,Q5658130,11,0,2,,,Q17524420,,
Costa Rica,Caribbean sea level change : observational analysis from millennial to decadal timescales,Q56646771,11,0,2,doctoral thesis,,Q187685,,
Costa Rica,"Caribbean Sea, Jamaica",Q118144743,11,0,2,"photograph by Hiroshi Sugimoto (Japanese, 1948-); Kytoto Shoin Company",,Q125191,,
Costa Rica,"Caribbean Sea, Yucatan",Q118144765,11,0,2,"photograph by Hiroshi Sugimoto (Japanese, 1948-); Kytoto Shoin Company",,Q125191,,
Costa Rica,"Caribbean Sea, Jamaica",Q79973524,11,0,2,"photograph by Hiroshi Sugimoto (Japanese, 1948-) (1994.22)",,Q4364339|Q125191,,
Costa Rica,"Caribbean Sea, Jamaica",Q64155149,11,0,2,photograph in the National Gallery of Art (NGA 96553),,Q125191,,
Costa Rica,Caribbean sea-fan mortalities,Q59098439,11,0,2,scientific article published in Nature,,Q13442814,,
Costa Rica,North America,Q49,11,0,2,continent in the Americas,NA|Turtle Island|North and Central America|N. America|North American continent|North america|North-America|North America (continent)|North America (region)|North America (Americas)|North American Continent|N america|003 (UN M.49 code)|N America|Amérique du Nord|N Am|North Am|NoAm|NOAM|North Amer,Q5107|Q855697|Q2418896,,North America
Costa Rica,Eastern Time Zone,Q941023,11,0,2,time zone observing UTC−05:00 during standard time and UTC−04:00 during daylight saving time,EDT|North American Eastern Time Zone|Eastern Standard Time|DC time|D.C. time|NY time|New York Time,Q125359378,,Eastern Time Zone
Costa Rica,Central Time Zone,Q2086913,11,0,2,time zone observing UTC−06:00 during standard time and UTC−05:00 during daylight saving time,North American Central Time Zone|Central Standard Time|Central Daylight Time|Central Standard Time Zone|CDT|CST6CDT,Q125359378,,Central Time Zone
Costa Rica,North American P-51 Mustang,Q192075,11,0,2,US fighter aircraft,P-51|Mustang fighter|Mustang|North American Mustang|F-51 Mustang|Mustang aircraft|North American Mustang aircraft|Pursuit Design 51|P-51 Mustang,Q15056993,Q18491097|Q385642|Q69129709|Q135214932,North American P-51 Mustang
Costa Rica,North America,Q139808347,11,0,2,,,Q1980247,,
Costa Rica,Northern America and Mexico,Q19464773,11,0,2,"Canada, USA, Mexico, and Greenland",North America,Q855697,,
Costa Rica,blastomycosis,Q627368,11,0,2,"primary systemic mycosis that results in a systemic fungal infection, and has material basis in Blastomyces dermatitidis","Blastomyces Dermatitidis Infection|Blastomycosis (& [Chicago disease] or [Gilchrists disease] or [North American])|Blastomycosis NOS (disorder)|Blastomycosis, unspecified (disorder)|Blastomycotic infection|Chicago disease|Chicago disease (disorder)|Gilchrist's disease (disorder)|Infection by Blastomyces dermatitidis (disorder)|North American blastomycosis|Gilchrist's disease|Infection by Blastomyces dermatitidis",Q112193867,Q18553244|Q18123741,Blastomycosis
Costa Rica,North American F-86 Sabre,Q153826,11,0,2,1947 fighter aircraft family by North American Aviation,Sabre|F-86 Sabre,Q15056993,Q69129709|Q782885|Q10331907|Q135214932,North American F-86 Sabre
Costa Rica,North American B-25 Mitchell,Q502117,11,0,2,1940 bomber aircraft family,B25|Mitchell bomber|North American Mitchell|Mitchell aircraft,Q15056993,Q18518465|Q70180928,North American B-25 Mitchell
Costa Rica,North American T-28 Trojan,Q206084,11,0,2,1949 military trainer aircraft family by North American Aviation,North American T-28|North American NA-159|NA159|NA-159|T28|North American Trojan|Trojan|T-28 Trojan|T-28,Q15056993,Q18536143|Q104884174,North American T-28 Trojan
Caribbean Sea,Caribbean Sea,Q1247,11,1,1,"a marginal tropical sea of the Atlantic Ocean, located east of Central America, south of the Greater Antilles and north of South America",The Caribbean|Caribbean|North Sea of the Spaniards,Q165|Q166620,,Caribbean Sea
Caribbean Sea,Caribbean Sea,Q117077021,11,1,1,container ship built in 1992,IMO 8913459,Q17210,,
Caribbean Sea,Caribbean Sea basin,Q84499932,11,1,1,,,Q166620,,
Caribbean Sea,Caribbean Sea history,Q5658130,11,1,1,,,Q17524420,,
Caribbean Sea,Caribbean sea level change : observational analysis from millennial to decadal timescales,Q56646771,11,1,1,doctoral thesis,,Q187685,,
Caribbean Sea,"Caribbean Sea, Jamaica",Q118144743,11,1,1,"photograph by Hiroshi Sugimoto (Japanese, 1948-); Kytoto Shoin Company",,Q125191,,
Caribbean Sea,"Caribbean Sea, Yucatan",Q118144765,11,1,1,"photograph by Hiroshi Sugimoto (Japanese, 1948-); Kytoto Shoin Company",,Q125191,,
Caribbean Sea,"Caribbean Sea, Jamaica",Q79973524,11,1,1,"photograph by Hiroshi Sugimoto (Japanese, 1948-) (1994.22)",,Q4364339|Q125191,,
Caribbean Sea,"Caribbean Sea, Jamaica",Q64155149,11,1,1,photograph in the National Gallery of Art (NGA 96553),,Q125191,,
Caribbean Sea,Caribbean sea-fan mortalities,Q59098439,11,1,1,scientific article published in Nature,,Q13442814,,
Caribbean Sea,Costa Rica,Q800,11,1,2,country in Central America,Republic of Costa Rica|cr,Q3624078|Q6256,,Costa Rica
Caribbean Sea,Costa Rica men's national football team,Q194387,11,1,2,men's national association football team representing Costa Rica,Ticos|Los Ticos|Costa Rica national football team,Q135408445,Q1194951,Costa Rica national football team
Caribbean Sea,Costa Rica,Q1024894,11,1,2,"municipality of Mato Grosso do Sul state, Brazil",,Q3184121,,"Costa Rica, Mato Grosso do Sul"
Caribbean Sea,Costa Rica women's national association football team,Q1136312,11,1,2,women's association football team representing Costa Rica,Costa Rica women's national soccer team|Costa Rica women's national football team,Q23905105,,Costa Rica women's national football team
Caribbean Sea,Costa Rica,Q4559688,11,1,2,"town in Culiacán Municipality, State of Sinaloa, Mexico",,Q20202352,,"Costa Rica, Sinaloa"
Caribbean Sea,Costa Rica,Q114459077,11,1,2,episode of Wildboyz (S2 E3),,Q21191270,,
Caribbean Sea,Liga FPD,Q1139408,11,1,2,association football league,Primera División de Costa Rica|Costa Rican Primera Division,Q15991303,Q3270632,Liga FPD
Caribbean Sea,Costa Rica,Q12889217,11,1,2,"human settlement in Guantánamo Province, Cuba",,Q486972,,
Caribbean Sea,Costa Rica,Q96375584,11,1,2,2019 hip hop single,,Q134556,,"Costa Rica (Dreamville, Bas and JID song)"
Caribbean Sea,Costa Rica national under-20 football team,Q922309,11,1,2,national association football team,,Q6979593,Q1194951,Costa Rica national under-20 football team
Caribbean Sea,North America,Q49,11,1,2,continent in the Americas,NA|Turtle Island|North and Central America|N. America|North American continent|North america|North-America|North America (continent)|North America (region)|North America (Americas)|North American Continent|N america|003 (UN M.49 code)|N America|Amérique du Nord|N Am|North Am|NoAm|NOAM|North Amer,Q5107|Q855697|Q2418896,,North America
Caribbean Sea,Eastern Time Zone,Q941023,11,1,2,time zone observing UTC−05:00 during standard time and UTC−04:00 during daylight saving time,EDT|North American Eastern Time Zone|Eastern Standard Time|DC time|D.C. time|NY time|New York Time,Q125359378,,Eastern Time Zone
Caribbean Sea,Central Time Zone,Q2086913,11,1,2,time zone observing UTC−06:00 during standard time and UTC−05:00 during daylight saving time,North American Central Time Zone|Central Standard Time|Central Daylight Time|Central Standard Time Zone|CDT|CST6CDT,Q125359378,,Central Time Zone
Caribbean Sea,North American P-51 Mustang,Q192075,11,1,2,US fighter aircraft,P-51|Mustang fighter|Mustang|North American Mustang|F-51 Mustang|Mustang aircraft|North American Mustang aircraft|Pursuit Design 51|P-51 Mustang,Q15056993,Q18491097|Q385642|Q69129709|Q135214932,North American P-51 Mustang
Caribbean Sea,North America,Q139808347,11,1,2,,,Q1980247,,
Caribbean Sea,Northern America and Mexico,Q19464773,11,1,2,"Canada, USA, Mexico, and Greenland",North America,Q855697,,
Caribbean Sea,blastomycosis,Q627368,11,1,2,"primary systemic mycosis that results in a systemic fungal infection, and has material basis in Blastomyces dermatitidis","Blastomyces Dermatitidis Infection|Blastomycosis (& [Chicago disease] or [Gilchrists disease] or [North American])|Blastomycosis NOS (disorder)|Blastomycosis, unspecified (disorder)|Blastomycotic infection|Chicago disease|Chicago disease (disorder)|Gilchrist's disease (disorder)|Infection by Blastomyces dermatitidis (disorder)|North American blastomycosis|Gilchrist's disease|Infection by Blastomyces dermatitidis",Q112193867,Q18553244|Q18123741,Blastomycosis
Caribbean Sea,North American F-86 Sabre,Q153826,11,1,2,1947 fighter aircraft family by North American Aviation,Sabre|F-86 Sabre,Q15056993,Q69129709|Q782885|Q10331907|Q135214932,North American F-86 Sabre
Caribbean Sea,North American B-25 Mitchell,Q502117,11,1,2,1940 bomber aircraft family,B25|Mitchell bomber|North American Mitchell|Mitchell aircraft,Q15056993,Q18518465|Q70180928,North American B-25 Mitchell
Caribbean Sea,North American T-28 Trojan,Q206084,11,1,2,1949 military trainer aircraft family by North American Aviation,North American T-28|North American NA-159|NA159|NA-159|T28|North American Trojan|Trojan|T-28 Trojan|T-28,Q15056993,Q18536143|Q104884174,North American T-28 Trojan
Caribbean Sea,Caribbean Sea,Q1247,11,2,1,"a marginal tropical sea of the Atlantic Ocean, located east of Central America, south of the Greater Antilles and north of South America",The Caribbean|Caribbean|North Sea of the Spaniards,Q165|Q166620,,Caribbean Sea
Caribbean Sea,Caribbean Sea,Q117077021,11,2,1,container ship built in 1992,IMO 8913459,Q17210,,
Caribbean Sea,Caribbean Sea basin,Q84499932,11,2,1,,,Q166620,,
Caribbean Sea,Caribbean Sea history,Q5658130,11,2,1,,,Q17524420,,
Caribbean Sea,Caribbean sea level change : observational analysis from millennial to decadal timescales,Q56646771,11,2,1,doctoral thesis,,Q187685,,
Caribbean Sea,"Caribbean Sea, Jamaica",Q118144743,11,2,1,"photograph by Hiroshi Sugimoto (Japanese, 1948-); Kytoto Shoin Company",,Q125191,,
Caribbean Sea,"Caribbean Sea, Yucatan",Q118144765,11,2,1,"photograph by Hiroshi Sugimoto (Japanese, 1948-); Kytoto Shoin Company",,Q125191,,
Caribbean Sea,"Caribbean Sea, Jamaica",Q79973524,11,2,1,"photograph by Hiroshi Sugimoto (Japanese, 1948-) (1994.22)",,Q4364339|Q125191,,
Caribbean Sea,"Caribbean Sea, Jamaica",Q64155149,11,2,1,photograph in the National Gallery of Art (NGA 96553),,Q125191,,
Caribbean Sea,Caribbean sea-fan mortalities,Q59098439,11,2,1,scientific article published in Nature,,Q13442814,,
Caribbean Sea,Costa Rica,Q800,11,2,2,country in Central America,Republic of Costa Rica|cr,Q3624078|Q6256,,Costa Rica
Caribbean Sea,Costa Rica men's national football team,Q194387,11,2,2,men's national association football team representing Costa Rica,Ticos|Los Ticos|Costa Rica national football team,Q135408445,Q1194951,Costa Rica national football team
Caribbean Sea,Costa Rica,Q1024894,11,2,2,"municipality of Mato Grosso do Sul state, Brazil",,Q3184121,,"Costa Rica, Mato Grosso do Sul"
Caribbean Sea,Costa Rica women's national association football team,Q1136312,11,2,2,women's association football team representing Costa Rica,Costa Rica women's national soccer team|Costa Rica women's national football team,Q23905105,,Costa Rica women's national football team
Caribbean Sea,Costa Rica,Q4559688,11,2,2,"town in Culiacán Municipality, State of Sinaloa, Mexico",,Q20202352,,"Costa Rica, Sinaloa"
Caribbean Sea,Costa Rica,Q114459077,11,2,2,episode of Wildboyz (S2 E3),,Q21191270,,
Caribbean Sea,Liga FPD,Q1139408,11,2,2,association football league,Primera División de Costa Rica|Costa Rican Primera Division,Q15991303,Q3270632,Liga FPD
Caribbean Sea,Costa Rica,Q12889217,11,2,2,"human settlement in Guantánamo Province, Cuba",,Q486972,,
Caribbean Sea,Costa Rica,Q96375584,11,2,2,2019 hip hop single,,Q134556,,"Costa Rica (Dreamville, Bas and JID song)"
Caribbean Sea,Costa Rica national under-20 football team,Q922309,11,2,2,national association football team,,Q6979593,Q1194951,Costa Rica national under-20 football team
Caribbean Sea,North America,Q49,11,2,2,continent in the Americas,NA|Turtle Island|North and Central America|N. America|North American continent|North america|North-America|North America (continent)|North America (region)|North America (Americas)|North American Continent|N america|003 (UN M.49 code)|N America|Amérique du Nord|N Am|North Am|NoAm|NOAM|North Amer,Q5107|Q855697|Q2418896,,North America
Caribbean Sea,Eastern Time Zone,Q941023,11,2,2,time zone observing UTC−05:00 during standard time and UTC−04:00 during daylight saving time,EDT|North American Eastern Time Zone|Eastern Standard Time|DC time|D.C. time|NY time|New York Time,Q125359378,,Eastern Time Zone
Caribbean Sea,Central Time Zone,Q2086913,11,2,2,time zone observing UTC−06:00 during standard time and UTC−05:00 during daylight saving time,North American Central Time Zone|Central Standard Time|Central Daylight Time|Central Standard Time Zone|CDT|CST6CDT,Q125359378,,Central Time Zone
Caribbean Sea,North American P-51 Mustang,Q192075,11,2,2,US fighter aircraft,P-51|Mustang fighter|Mustang|North American Mustang|F-51 Mustang|Mustang aircraft|North American Mustang aircraft|Pursuit Design 51|P-51 Mustang,Q15056993,Q18491097|Q385642|Q69129709|Q135214932,North American P-51 Mustang
Caribbean Sea,North America,Q139808347,11,2,2,,,Q1980247,,
Caribbean Sea,Northern America and Mexico,Q19464773,11,2,2,"Canada, USA, Mexico, and Greenland",North America,Q855697,,
Caribbean Sea,blastomycosis,Q627368,11,2,2,"primary systemic mycosis that results in a systemic fungal infection, and has material basis in Blastomyces dermatitidis","Blastomyces Dermatitidis Infection|Blastomycosis (& [Chicago disease] or [Gilchrists disease] or [North American])|Blastomycosis NOS (disorder)|Blastomycosis, unspecified (disorder)|Blastomycotic infection|Chicago disease|Chicago disease (disorder)|Gilchrist's disease (disorder)|Infection by Blastomyces dermatitidis (disorder)|North American blastomycosis|Gilchrist's disease|Infection by Blastomyces dermatitidis",Q112193867,Q18553244|Q18123741,Blastomycosis
Caribbean Sea,North American F-86 Sabre,Q153826,11,2,2,1947 fighter aircraft family by North American Aviation,Sabre|F-86 Sabre,Q15056993,Q69129709|Q782885|Q10331907|Q135214932,North American F-86 Sabre
Caribbean Sea,North American B-25 Mitchell,Q502117,11,2,2,1940 bomber aircraft family,B25|Mitchell bomber|North American Mitchell|Mitchell aircraft,Q15056993,Q18518465|Q70180928,North American B-25 Mitchell
Caribbean Sea,North American T-28 Trojan,Q206084,11,2,2,1949 military trainer aircraft family by North American Aviation,North American T-28|North American NA-159|NA159|NA-159|T28|North American Trojan|Trojan|T-28 Trojan|T-28,Q15056993,Q18536143|Q104884174,North American T-28 Trojan
North America,North America,Q49,11,3,1,continent in the Americas,NA|Turtle Island|North and Central America|N. America|North American continent|North america|North-America|North America (continent)|North America (region)|North America (Americas)|North American Continent|N america|003 (UN M.49 code)|N America|Amérique du Nord|N Am|North Am|NoAm|NOAM|North Amer,Q5107|Q855697|Q2418896,,North America
North America,Eastern Time Zone,Q941023,11,3,1,time zone observing UTC−05:00 during standard time and UTC−04:00 during daylight saving time,EDT|North American Eastern Time Zone|Eastern Standard Time|DC time|D.C. time|NY time|New York Time,Q125359378,,Eastern Time Zone
North America,Central Time Zone,Q2086913,11,3,1,time zone observing UTC−06:00 during standard time and UTC−05:00 during daylight saving time,North American Central Time Zone|Central Standard Time|Central Daylight Time|Central Standard Time Zone|CDT|CST6CDT,Q125359378,,Central Time Zone
North America,North American P-51 Mustang,Q192075,11,3,1,US fighter aircraft,P-51|Mustang fighter|Mustang|North American Mustang|F-51 Mustang|Mustang aircraft|North American Mustang aircraft|Pursuit Design 51|P-51 Mustang,Q15056993,Q18491097|Q385642|Q69129709|Q135214932,North American P-51 Mustang
North America,North America,Q139808347,11,3,1,,,Q1980247,,
North America,Northern America and Mexico,Q19464773,11,3,1,"Canada, USA, Mexico, and Greenland",North America,Q855697,,
North America,blastomycosis,Q627368,11,3,1,"primary systemic mycosis that results in a systemic fungal infection, and has material basis in Blastomyces dermatitidis","Blastomyces Dermatitidis Infection|Blastomycosis (& [Chicago disease] or [Gilchrists disease] or [North American])|Blastomycosis NOS (disorder)|Blastomycosis, unspecified (disorder)|Blastomycotic infection|Chicago disease|Chicago disease (disorder)|Gilchrist's disease (disorder)|Infection by Blastomyces dermatitidis (disorder)|North American blastomycosis|Gilchrist's disease|Infection by Blastomyces dermatitidis",Q112193867,Q18553244|Q18123741,Blastomycosis
North America,North American F-86 Sabre,Q153826,11,3,1,1947 fighter aircraft family by North American Aviation,Sabre|F-86 Sabre,Q15056993,Q69129709|Q782885|Q10331907|Q135214932,North American F-86 Sabre
North America,North American B-25 Mitchell,Q502117,11,3,1,1940 bomber aircraft family,B25|Mitchell bomber|North American Mitchell|Mitchell aircraft,Q15056993,Q18518465|Q70180928,North American B-25 Mitchell
North America,North American T-28 Trojan,Q206084,11,3,1,1949 military trainer aircraft family by North American Aviation,North American T-28|North American NA-159|NA159|NA-159|T28|North American Trojan|Trojan|T-28 Trojan|T-28,Q15056993,Q18536143|Q104884174,North American T-28 Trojan
North America,Costa Rica,Q800,11,3,2,country in Central America,Republic of Costa Rica|cr,Q3624078|Q6256,,Costa Rica
North America,Costa Rica men's national football team,Q194387,11,3,2,men's national association football team representing Costa Rica,Ticos|Los Ticos|Costa Rica national football team,Q135408445,Q1194951,Costa Rica national football team
North America,Costa Rica,Q1024894,11,3,2,"municipality of Mato Grosso do Sul state, Brazil",,Q3184121,,"Costa Rica, Mato Grosso do Sul"
North America,Costa Rica women's national association football team,Q1136312,11,3,2,women's association football team representing Costa Rica,Costa Rica women's national soccer team|Costa Rica women's national football team,Q23905105,,Costa Rica women's national football team
North America,Costa Rica,Q4559688,11,3,2,"town in Culiacán Municipality, State of Sinaloa, Mexico",,Q20202352,,"Costa Rica, Sinaloa"
North America,Costa Rica,Q114459077,11,3,2,episode of Wildboyz (S2 E3),,Q21191270,,
North America,Liga FPD,Q1139408,11,3,2,association football league,Primera División de Costa Rica|Costa Rican Primera Division,Q15991303,Q3270632,Liga FPD
North America,Costa Rica,Q12889217,11,3,2,"human settlement in Guantánamo Province, Cuba",,Q486972,,
North America,Costa Rica,Q96375584,11,3,2,2019 hip hop single,,Q134556,,"Costa Rica (Dreamville, Bas and JID song)"
North America,Costa Rica national under-20 football team,Q922309,11,3,2,national association football team,,Q6979593,Q1194951,Costa Rica national under-20 football team
North America,Caribbean Sea,Q1247,11,3,2,"a marginal tropical sea of the Atlantic Ocean, located east of Central America, south of the Greater Antilles and north of South America",The Caribbean|Caribbean|North Sea of the Spaniards,Q165|Q166620,,Caribbean Sea
North America,Caribbean Sea,Q117077021,11,3,2,container ship built in 1992,IMO 8913459,Q17210,,
North America,Caribbean Sea basin,Q84499932,11,3,2,,,Q166620,,
North America,Caribbean Sea history,Q5658130,11,3,2,,,Q17524420,,
North America,Caribbean sea level change : observational analysis from millennial to decadal timescales,Q56646771,11,3,2,doctoral thesis,,Q187685,,
North America,"Caribbean Sea, Jamaica",Q118144743,11,3,2,"photograph by Hiroshi Sugimoto (Japanese, 1948-); Kytoto Shoin Company",,Q125191,,
North America,"Caribbean Sea, Yucatan",Q118144765,11,3,2,"photograph by Hiroshi Sugimoto (Japanese, 1948-); Kytoto Shoin Company",,Q125191,,
North America,"Caribbean Sea, Jamaica",Q79973524,11,3,2,"photograph by Hiroshi Sugimoto (Japanese, 1948-) (1994.22)",,Q4364339|Q125191,,
North America,"Caribbean Sea, Jamaica",Q64155149,11,3,2,photograph in the National Gallery of Art (NGA 96553),,Q125191,,
North America,Caribbean sea-fan mortalities,Q59098439,11,3,2,scientific article published in Nature,,Q13442814,,
United Arab Emirates,United Arab Emirates,Q878,12,0,1,country in Western Asia,U.A.E.|ae|Emirates|the United Arab Emirates|the UAE|the U.A.E.|the Emirates,Q3624078|Q6256,,United Arab Emirates
United Arab Emirates,UTC+04:00,Q6779,12,0,1,identifier for a time offset from UTC of +4,Mauritius Time|Seychelles Time|Samara Time|United Arab Emirates Standard Time|UAE Standard Time|Gulf Standard Time,Q17272482,,UTC+04:00
United Arab Emirates,Emirates men's national football team,Q235910,12,0,1,men's national association football team representing the Emirates,Emirates national football team|UAE men's national football team.|United Arab Emirates men's national football team.|UAE FC,Q135408445,Q1194951,United Arab Emirates national football team
United Arab Emirates,United Arab Emirates University,Q1544739,12,0,1,university,University of the United Arab Emirates|UAEU|UAE University,Q3918,,United Arab Emirates University
United Arab Emirates,state-affiliated X account,Q111678803,12,0,1,Twitter (X) account label given to accounts of state-affiliated media outlets or government officials or organizations (label under display name),state-affiliated account|United States government official|China government organization|Russia government organization|government organization account|state–affiliated Twitter account|government official account|state-affiliated media account|US government official|Russia state-affiliated media|China state-affiliated media|Russia government official|China government official|Ukraine government official|United Kingdom government organization|United Kingdom government official|Saudi Arabia government account|Saudi Arabia government official|state-affiliated twttr account|Belarus government organization|United Arab Emirates government account|Russia government account|Iran state-affiliated media|France government organization|Germany government organization|Japan government organization|Indonesia government organization|United States government organization|Iran government official|state-owned Twitter account|Government-funded Media|Publicly funded media|state-affiliated Twitter account,Q111691402|Q71533077,Q63976454|Q113459057,
United Arab Emirates,United Arab Emirates Football Association,Q944522,12,0,1,governing body of association football in the UAE,UAEFA,Q1478443|Q163740,,United Arab Emirates Football Association
United Arab Emirates,United Arab Emirates dirham,Q200294,12,0,1,currency,AED|Emirati dirham|UAE dirham|U.A.E. dirham|Dirham (1973-date),Q8142|Q572664,,United Arab Emirates dirham
United Arab Emirates,United Arab Emirates national cricket team,Q3101549,12,0,1,Cricket team that represents the United Arab Emirates,,Q17376093,,United Arab Emirates national cricket team
United Arab Emirates,sport in the United Arab Emirates,Q7579510,12,0,1,sports activities in the United Arab Emirates,sports in the United Arab Emirates|sports in the UAE|sport in the UAE|United Arab Emirates sports|sports of the United Arab Emirates|sporting in the United Arab Emirates,Q29791211,Q166291,Sport in the United Arab Emirates
United Arab Emirates,United Arab Emirates Air Force,Q2556685,12,0,1,aerial warfare branch of the United Arab Emirates' military,UAEAF|af UAE,Q61883,,United Arab Emirates Air Force
United Arab Emirates,Persian Gulf,Q34675,12,0,2,extension of the Indian Ocean,Gulf of Iran|Al-Farsi Gulf|The Gulf|Arabian Gulf,Q165|Q1322134,,Persian Gulf
United Arab Emirates,Gulf War,Q37643,12,0,2,1990–1991 conflict between Iraq and a 42-country coalition,Kuwait War|Iraq War|First Gulf War|Gulf War I|First Iraq War|Persian Gulf War|Video Game War,Q198,,Gulf War
United Arab Emirates,Persian Gulf,Q21996664,12,0,2,British-bred Thoroughbred racehorse,,Q726,,Persian Gulf (horse)
United Arab Emirates,Persian Gulf,Q49163608,12,0,2,episode of JAG (S9 E16),,Q21191270,,
United Arab Emirates,Persian Gulf Inferno,Q2840757,12,0,2,1989 video game,,Q7889,,Persian Gulf Inferno
United Arab Emirates,Persian Gulf,Q5955752,12,0,2,song,Persian Gulf (song),Q105543609,,
United Arab Emirates,Persian Gulf Residency,Q1132257,12,0,2,colonial subdivision of the British Raj,Bushire Residency,Q2145649,,Persian Gulf Residency
United Arab Emirates,Persian Gulf Basin,Q107998950,12,0,2,drainage basin in Asia,Euphrates River Watershed,Q166620,,
United Arab Emirates,Gulf War syndrome,Q970826,12,0,2,illlnesses affecting Gulf War Vets,persian gulf syndrome|Gulf war syndrome (disorder)|Gulf war syndrome,Q112193867,Q179630,Gulf War syndrome
United Arab Emirates,Persian Gulf Pro League,Q194641,12,0,2,top men's professional football division of the Iranian football league system,Iranian Pro League|Iran Football League|Iranian Football League|Iran Pro League,Q15991303|Q18608583,Q3270632,Persian Gulf Pro League
United Arab Emirates,Gulf of Oman,Q79948,12,0,2,strait that connects the Arabian Sea with the Persian Gulf,Makrān Sea|Sea of Oman|Persian Sea,Q39594,,Gulf of Oman
United Arab Emirates,June 2019 Gulf of Oman incident,Q64590471,12,0,2,attack on 2 vessels in the Gulf of Oman,Gulf of Oman incident,Q2235325,,June 2019 Gulf of Oman incident
United Arab Emirates,Gulf of Oman incident,Q63830384,12,0,2,sabotage of four commercial ships in the Gulf of Oman,,Q193518,,May 2019 Gulf of Oman incident
United Arab Emirates,Gulf of Oman desert and semi-desert,Q5804224,12,0,2,Ecoregion (WWF),,Q295469|Q6617741,,Gulf of Oman desert and semi-desert
United Arab Emirates,Gulf of Oman marine ecoregion,Q107554877,12,0,2,bio-geographic region in MEOW scheme,,Q107539356,,
United Arab Emirates,Gulf of Oman Attacks Scramble a Crucial but Dangerous Shipping Route,Q114449605,12,0,2,"Wall Street Journal article (June 13, 2019)",,Q5707594,,
United Arab Emirates,Gulf of Oman Tanker Attacks Roil Mideast Oil Market,Q114449603,12,0,2,"Wall Street Journal article (June 17, 2019)",,Q5707594,,
United Arab Emirates,Gulf of Oman Attacks Trigger Tighter Security on Key Shipping Routes,Q114449604,12,0,2,"Wall Street Journal article (June 14, 2019)",,Q5707594,,
United Arab Emirates,Gulf of Oman hosts vast dead zone,Q129858118,12,0,2,scholarly article published on 7 May 2018,,Q13442814,,
United Arab Emirates,Gulf of Oman incident,Q64624365,12,0,2,Wikimedia disambiguation page,,Q4167410,,Gulf of Oman incident
United Arab Emirates,Asia,Q48,12,0,2,"terrestrial continent, mainly in the northeastern quadrant",Asian continent|Continental Asia,Q5107|Q2418896|Q82794,,Asia
United Arab Emirates,Asia,Q726891,12,0,2,British rock band,Asia (rock band),Q215380,,Asia (band)
United Arab Emirates,Asia,Q210718,12,0,2,Roman province,Asia (Roman province),Q182547,,Asia (Roman province)
United Arab Emirates,Asia,Q3625042,12,0,2,female given name,Asia (first name)|Asia (given name),Q11879590,,
United Arab Emirates,Asia,Q37020313,12,0,2,family name,,Q101352,,
United Arab Emirates,Asia Carrera,Q540597,12,0,2,American pornographic actress,Asia Carrera Lemmon|Jessica Bennett|Asia Carera|Asian Carrera|Asia,Q5,,Asia Carrera
United Arab Emirates,UTC+06:30,Q6923,12,0,2,Identifier for a time offset from UTC of +6:30,+6:30|GMT+6.5|Myanmar Standard Time|Asia/Yangon|MMT|UTC+6.5|UTC+6:30,Q17272482,,UTC+06:30
United Arab Emirates,Asian Football Confederation,Q83276,12,0,2,"governing body of association football, beach soccer, and futsal in most countries and territories in Asia",AFC|Asia Football Confederation|A.F.C.,Q11422536|Q1156831|Q163740,,Asian Football Confederation
United Arab Emirates,HMS Sir Francis Drake,Q25053390,12,0,2,1797 fifth-rate frigate,Asia|Dona Maria II,Q848944|Q852190|Q161705,,Asia (1797 ship)
United Arab Emirates,Asia,Q54974383,12,0,2,American pornographic actress (born 1986),Asia Rain|Ms. Asia,Q5,,
Persian Gulf,Persian Gulf,Q34675,12,1,1,extension of the Indian Ocean,Gulf of Iran|Al-Farsi Gulf|The Gulf|Arabian Gulf,Q165|Q1322134,,Persian Gulf
Persian Gulf,Gulf War,Q37643,12,1,1,1990–1991 conflict between Iraq and a 42-country coalition,Kuwait War|Iraq War|First Gulf War|Gulf War I|First Iraq War|Persian Gulf War|Video Game War,Q198,,Gulf War
Persian Gulf,Persian Gulf,Q21996664,12,1,1,British-bred Thoroughbred racehorse,,Q726,,Persian Gulf (horse)
Persian Gulf,Persian Gulf,Q49163608,12,1,1,episode of JAG (S9 E16),,Q21191270,,
Persian Gulf,Persian Gulf Inferno,Q2840757,12,1,1,1989 video game,,Q7889,,Persian Gulf Inferno
Persian Gulf,Persian Gulf,Q5955752,12,1,1,song,Persian Gulf (song),Q105543609,,
Persian Gulf,Persian Gulf Residency,Q1132257,12,1,1,colonial subdivision of the British Raj,Bushire Residency,Q2145649,,Persian Gulf Residency
Persian Gulf,Persian Gulf Basin,Q107998950,12,1,1,drainage basin in Asia,Euphrates River Watershed,Q166620,,
Persian Gulf,Gulf War syndrome,Q970826,12,1,1,illlnesses affecting Gulf War Vets,persian gulf syndrome|Gulf war syndrome (disorder)|Gulf war syndrome,Q112193867,Q179630,Gulf War syndrome
Persian Gulf,Persian Gulf Pro League,Q194641,12,1,1,top men's professional football division of the Iranian football league system,Iranian Pro League|Iran Football League|Iranian Football League|Iran Pro League,Q15991303|Q18608583,Q3270632,Persian Gulf Pro League
Persian Gulf,United Arab Emirates,Q878,12,1,2,country in Western Asia,U.A.E.|ae|Emirates|the United Arab Emirates|the UAE|the U.A.E.|the Emirates,Q3624078|Q6256,,United Arab Emirates
Persian Gulf,UTC+04:00,Q6779,12,1,2,identifier for a time offset from UTC of +4,Mauritius Time|Seychelles Time|Samara Time|United Arab Emirates Standard Time|UAE Standard Time|Gulf Standard Time,Q17272482,,UTC+04:00
Persian Gulf,Emirates men's national football team,Q235910,12,1,2,men's national association football team representing the Emirates,Emirates national football team|UAE men's national football team.|United Arab Emirates men's national football team.|UAE FC,Q135408445,Q1194951,United Arab Emirates national football team
Persian Gulf,United Arab Emirates University,Q1544739,12,1,2,university,University of the United Arab Emirates|UAEU|UAE University,Q3918,,United Arab Emirates University
Persian Gulf,state-affiliated X account,Q111678803,12,1,2,Twitter (X) account label given to accounts of state-affiliated media outlets or government officials or organizations (label under display name),state-affiliated account|United States government official|China government organization|Russia government organization|government organization account|state–affiliated Twitter account|government official account|state-affiliated media account|US government official|Russia state-affiliated media|China state-affiliated media|Russia government official|China government official|Ukraine government official|United Kingdom government organization|United Kingdom government official|Saudi Arabia government account|Saudi Arabia government official|state-affiliated twttr account|Belarus government organization|United Arab Emirates government account|Russia government account|Iran state-affiliated media|France government organization|Germany government organization|Japan government organization|Indonesia government organization|United States government organization|Iran government official|state-owned Twitter account|Government-funded Media|Publicly funded media|state-affiliated Twitter account,Q111691402|Q71533077,Q63976454|Q113459057,
Persian Gulf,United Arab Emirates Football Association,Q944522,12,1,2,governing body of association football in the UAE,UAEFA,Q1478443|Q163740,,United Arab Emirates Football Association
Persian Gulf,United Arab Emirates dirham,Q200294,12,1,2,currency,AED|Emirati dirham|UAE dirham|U.A.E. dirham|Dirham (1973-date),Q8142|Q572664,,United Arab Emirates dirham
Persian Gulf,United Arab Emirates national cricket team,Q3101549,12,1,2,Cricket team that represents the United Arab Emirates,,Q17376093,,United Arab Emirates national cricket team
Persian Gulf,sport in the United Arab Emirates,Q7579510,12,1,2,sports activities in the United Arab Emirates,sports in the United Arab Emirates|sports in the UAE|sport in the UAE|United Arab Emirates sports|sports of the United Arab Emirates|sporting in the United Arab Emirates,Q29791211,Q166291,Sport in the United Arab Emirates
Persian Gulf,United Arab Emirates Air Force,Q2556685,12,1,2,aerial warfare branch of the United Arab Emirates' military,UAEAF|af UAE,Q61883,,United Arab Emirates Air Force
Persian Gulf,Gulf of Oman,Q79948,12,1,2,strait that connects the Arabian Sea with the Persian Gulf,Makrān Sea|Sea of Oman|Persian Sea,Q39594,,Gulf of Oman
Persian Gulf,June 2019 Gulf of Oman incident,Q64590471,12,1,2,attack on 2 vessels in the Gulf of Oman,Gulf of Oman incident,Q2235325,,June 2019 Gulf of Oman incident
Persian Gulf,Gulf of Oman incident,Q63830384,12,1,2,sabotage of four commercial ships in the Gulf of Oman,,Q193518,,May 2019 Gulf of Oman incident
Persian Gulf,Gulf of Oman desert and semi-desert,Q5804224,12,1,2,Ecoregion (WWF),,Q295469|Q6617741,,Gulf of Oman desert and semi-desert
Persian Gulf,Gulf of Oman marine ecoregion,Q107554877,12,1,2,bio-geographic region in MEOW scheme,,Q107539356,,
Persian Gulf,Gulf of Oman Attacks Scramble a Crucial but Dangerous Shipping Route,Q114449605,12,1,2,"Wall Street Journal article (June 13, 2019)",,Q5707594,,
Persian Gulf,Gulf of Oman Tanker Attacks Roil Mideast Oil Market,Q114449603,12,1,2,"Wall Street Journal article (June 17, 2019)",,Q5707594,,
Persian Gulf,Gulf of Oman Attacks Trigger Tighter Security on Key Shipping Routes,Q114449604,12,1,2,"Wall Street Journal article (June 14, 2019)",,Q5707594,,
Persian Gulf,Gulf of Oman hosts vast dead zone,Q129858118,12,1,2,scholarly article published on 7 May 2018,,Q13442814,,
Persian Gulf,Gulf of Oman incident,Q64624365,12,1,2,Wikimedia disambiguation page,,Q4167410,,Gulf of Oman incident
Persian Gulf,Asia,Q48,12,1,2,"terrestrial continent, mainly in the northeastern quadrant",Asian continent|Continental Asia,Q5107|Q2418896|Q82794,,Asia
Persian Gulf,Asia,Q726891,12,1,2,British rock band,Asia (rock band),Q215380,,Asia (band)
Persian Gulf,Asia,Q210718,12,1,2,Roman province,Asia (Roman province),Q182547,,Asia (Roman province)
Persian Gulf,Asia,Q3625042,12,1,2,female given name,Asia (first name)|Asia (given name),Q11879590,,
Persian Gulf,Asia,Q37020313,12,1,2,family name,,Q101352,,
Persian Gulf,Asia Carrera,Q540597,12,1,2,American pornographic actress,Asia Carrera Lemmon|Jessica Bennett|Asia Carera|Asian Carrera|Asia,Q5,,Asia Carrera
Persian Gulf,UTC+06:30,Q6923,12,1,2,Identifier for a time offset from UTC of +6:30,+6:30|GMT+6.5|Myanmar Standard Time|Asia/Yangon|MMT|UTC+6.5|UTC+6:30,Q17272482,,UTC+06:30
Persian Gulf,Asian Football Confederation,Q83276,12,1,2,"governing body of association football, beach soccer, and futsal in most countries and territories in Asia",AFC|Asia Football Confederation|A.F.C.,Q11422536|Q1156831|Q163740,,Asian Football Confederation
Persian Gulf,HMS Sir Francis Drake,Q25053390,12,1,2,1797 fifth-rate frigate,Asia|Dona Maria II,Q848944|Q852190|Q161705,,Asia (1797 ship)
Persian Gulf,Asia,Q54974383,12,1,2,American pornographic actress (born 1986),Asia Rain|Ms. Asia,Q5,,
Gulf of Oman,Gulf of Oman,Q79948,12,2,1,strait that connects the Arabian Sea with the Persian Gulf,Makrān Sea|Sea of Oman|Persian Sea,Q39594,,Gulf of Oman
Gulf of Oman,June 2019 Gulf of Oman incident,Q64590471,12,2,1,attack on 2 vessels in the Gulf of Oman,Gulf of Oman incident,Q2235325,,June 2019 Gulf of Oman incident
Gulf of Oman,Gulf of Oman incident,Q63830384,12,2,1,sabotage of four commercial ships in the Gulf of Oman,,Q193518,,May 2019 Gulf of Oman incident
Gulf of Oman,Gulf of Oman desert and semi-desert,Q5804224,12,2,1,Ecoregion (WWF),,Q295469|Q6617741,,Gulf of Oman desert and semi-desert
Gulf of Oman,Gulf of Oman marine ecoregion,Q107554877,12,2,1,bio-geographic region in MEOW scheme,,Q107539356,,
Gulf of Oman,Gulf of Oman Attacks Scramble a Crucial but Dangerous Shipping Route,Q114449605,12,2,1,"Wall Street Journal article (June 13, 2019)",,Q5707594,,
Gulf of Oman,Gulf of Oman Tanker Attacks Roil Mideast Oil Market,Q114449603,12,2,1,"Wall Street Journal article (June 17, 2019)",,Q5707594,,
Gulf of Oman,Gulf of Oman Attacks Trigger Tighter Security on Key Shipping Routes,Q114449604,12,2,1,"Wall Street Journal article (June 14, 2019)",,Q5707594,,
Gulf of Oman,Gulf of Oman hosts vast dead zone,Q129858118,12,2,1,scholarly article published on 7 May 2018,,Q13442814,,
Gulf of Oman,Gulf of Oman incident,Q64624365,12,2,1,Wikimedia disambiguation page,,Q4167410,,Gulf of Oman incident
Gulf of Oman,Persian Gulf,Q34675,12,2,2,extension of the Indian Ocean,Gulf of Iran|Al-Farsi Gulf|The Gulf|Arabian Gulf,Q165|Q1322134,,Persian Gulf
Gulf of Oman,Gulf War,Q37643,12,2,2,1990–1991 conflict between Iraq and a 42-country coalition,Kuwait War|Iraq War|First Gulf War|Gulf War I|First Iraq War|Persian Gulf War|Video Game War,Q198,,Gulf War
Gulf of Oman,Persian Gulf,Q21996664,12,2,2,British-bred Thoroughbred racehorse,,Q726,,Persian Gulf (horse)
Gulf of Oman,Persian Gulf,Q49163608,12,2,2,episode of JAG (S9 E16),,Q21191270,,
Gulf of Oman,Persian Gulf Inferno,Q2840757,12,2,2,1989 video game,,Q7889,,Persian Gulf Inferno
Gulf of Oman,Persian Gulf,Q5955752,12,2,2,song,Persian Gulf (song),Q105543609,,
Gulf of Oman,Persian Gulf Residency,Q1132257,12,2,2,colonial subdivision of the British Raj,Bushire Residency,Q2145649,,Persian Gulf Residency
Gulf of Oman,Persian Gulf Basin,Q107998950,12,2,2,drainage basin in Asia,Euphrates River Watershed,Q166620,,
Gulf of Oman,Gulf War syndrome,Q970826,12,2,2,illlnesses affecting Gulf War Vets,persian gulf syndrome|Gulf war syndrome (disorder)|Gulf war syndrome,Q112193867,Q179630,Gulf War syndrome
Gulf of Oman,Persian Gulf Pro League,Q194641,12,2,2,top men's professional football division of the Iranian football league system,Iranian Pro League|Iran Football League|Iranian Football League|Iran Pro League,Q15991303|Q18608583,Q3270632,Persian Gulf Pro League
Asia,Asia,Q48,12,3,1,"terrestrial continent, mainly in the northeastern quadrant",Asian continent|Continental Asia,Q5107|Q2418896|Q82794,,Asia
Asia,Asia,Q726891,12,3,1,British rock band,Asia (rock band),Q215380,,Asia (band)
Asia,Asia,Q210718,12,3,1,Roman province,Asia (Roman province),Q182547,,Asia (Roman province)
Asia,Asia,Q3625042,12,3,1,female given name,Asia (first name)|Asia (given name),Q11879590,,
Asia,Asia,Q37020313,12,3,1,family name,,Q101352,,
Asia,Asia Carrera,Q540597,12,3,1,American pornographic actress,Asia Carrera Lemmon|Jessica Bennett|Asia Carera|Asian Carrera|Asia,Q5,,Asia Carrera
Asia,UTC+06:30,Q6923,12,3,1,Identifier for a time offset from UTC of +6:30,+6:30|GMT+6.5|Myanmar Standard Time|Asia/Yangon|MMT|UTC+6.5|UTC+6:30,Q17272482,,UTC+06:30
Asia,Asian Football Confederation,Q83276,12,3,1,"governing body of association football, beach soccer, and futsal in most countries and territories in Asia",AFC|Asia Football Confederation|A.F.C.,Q11422536|Q1156831|Q163740,,Asian Football Confederation
Asia,HMS Sir Francis Drake,Q25053390,12,3,1,1797 fifth-rate frigate,Asia|Dona Maria II,Q848944|Q852190|Q161705,,Asia (1797 ship)
Asia,Asia,Q54974383,12,3,1,American pornographic actress (born 1986),Asia Rain|Ms. Asia,Q5,,
Asia,Persian Gulf,Q34675,12,3,2,extension of the Indian Ocean,Gulf of Iran|Al-Farsi Gulf|The Gulf|Arabian Gulf,Q165|Q1322134,,Persian Gulf
Asia,Gulf War,Q37643,12,3,2,1990–1991 conflict between Iraq and a 42-country coalition,Kuwait War|Iraq War|First Gulf War|Gulf War I|First Iraq War|Persian Gulf War|Video Game War,Q198,,Gulf War
Asia,Persian Gulf,Q21996664,12,3,2,British-bred Thoroughbred racehorse,,Q726,,Persian Gulf (horse)
Asia,Persian Gulf,Q49163608,12,3,2,episode of JAG (S9 E16),,Q21191270,,
Asia,Persian Gulf Inferno,Q2840757,12,3,2,1989 video game,,Q7889,,Persian Gulf Inferno
Asia,Persian Gulf,Q5955752,12,3,2,song,Persian Gulf (song),Q105543609,,
Asia,Persian Gulf Residency,Q1132257,12,3,2,colonial subdivision of the British Raj,Bushire Residency,Q2145649,,Persian Gulf Residency
Asia,Persian Gulf Basin,Q107998950,12,3,2,drainage basin in Asia,Euphrates River Watershed,Q166620,,
Asia,Gulf War syndrome,Q970826,12,3,2,illlnesses affecting Gulf War Vets,persian gulf syndrome|Gulf war syndrome (disorder)|Gulf war syndrome,Q112193867,Q179630,Gulf War syndrome
Asia,Persian Gulf Pro League,Q194641,12,3,2,top men's professional football division of the Iranian football league system,Iranian Pro League|Iran Football League|Iranian Football League|Iran Pro League,Q15991303|Q18608583,Q3270632,Persian Gulf Pro League
Asia,Gulf of Oman,Q79948,12,3,2,strait that connects the Arabian Sea with the Persian Gulf,Makrān Sea|Sea of Oman|Persian Sea,Q39594,,Gulf of Oman
Asia,June 2019 Gulf of Oman incident,Q64590471,12,3,2,attack on 2 vessels in the Gulf of Oman,Gulf of Oman incident,Q2235325,,June 2019 Gulf of Oman incident
Asia,Gulf of Oman incident,Q63830384,12,3,2,sabotage of four commercial ships in the Gulf of Oman,,Q193518,,May 2019 Gulf of Oman incident
Asia,Gulf of Oman desert and semi-desert,Q5804224,12,3,2,Ecoregion (WWF),,Q295469|Q6617741,,Gulf of Oman desert and semi-desert
Asia,Gulf of Oman marine ecoregion,Q107554877,12,3,2,bio-geographic region in MEOW scheme,,Q107539356,,
Asia,Gulf of Oman Attacks Scramble a Crucial but Dangerous Shipping Route,Q114449605,12,3,2,"Wall Street Journal article (June 13, 2019)",,Q5707594,,
Asia,Gulf of Oman Tanker Attacks Roil Mideast Oil Market,Q114449603,12,3,2,"Wall Street Journal article (June 17, 2019)",,Q5707594,,
Asia,Gulf of Oman Attacks Trigger Tighter Security on Key Shipping Routes,Q114449604,12,3,2,"Wall Street Journal article (June 14, 2019)",,Q5707594,,
Asia,Gulf of Oman hosts vast dead zone,Q129858118,12,3,2,scholarly article published on 7 May 2018,,Q13442814,,
Asia,Gulf of Oman incident,Q64624365,12,3,2,Wikimedia disambiguation page,,Q4167410,,Gulf of Oman incident
Azerbaijan,Azerbaijan,Q227,13,0,1,country in the Caucasus in Eastern Europe and Western Asia,Republic of Azerbaijan,Q3624078|Q6256|Q123480|Q140892892,,Azerbaijan
Azerbaijan,Azerbaijani Wikipedia,Q58251,13,0,1,Azerbaijani-language edition of Wikipedia,Azerbaijan Wikipedia,Q10876391,,Azerbaijani Wikipedia
Azerbaijan,Azerbaijani,Q9292,13,0,1,Oghuz Turkic language,Azeri|Azerbaijani Turkic|Azerbaijani language|Azerbaijani Turkic language|Azeri Turkish|Azerbaijani Turkish,Q33742|Q152559|Q1288568,Q494600|Q34090,Azerbaijani language
Azerbaijan,Azerbaijan,Q274536,13,0,1,region in northwestern Iran,Azarbaijan|Azerbijan|Azarbayjan|Âzarbâyjân|Āzarbāyjān|South Azerbaijan|Iranian Azerbaijan,Q82794|Q1620908,,Azerbaijan (Iran)
Azerbaijan,Azerbaijani Soviet Encyclopedia,Q2634919,13,0,1,encyclopedia by the Azerbaijan National Academy of Sciences,Азәрбајҹан Совет Енсиклопедијасы|Azerbaijan Soviet Encyclopedia,Q47461344|Q1239328|Q1525071,,Azerbaijani Soviet Encyclopedia
Azerbaijan,Azerbaijani Armed Forces,Q724216,13,0,1,combined military forces of Azerbaijan,military of Azerbaijan|mil Azerbaijan|Armed Forces of Azerbaijan,Q772547,,Azerbaijani Armed Forces
Azerbaijan,Azerbaijan Soviet Socialist Republic,Q131337,13,0,1,constituent republic of the Soviet Union between 1922 and 1991,Azerbaijan SSR|Azerbaijani SSR|Soviet Azerbaijan|Azerbaidzhan Soviet Socialist Republic|Azerbaidzhan SSR|Azerbaidzhani SSR|Soviet Azerbaidzhan|Azerbaydzhanskaya Sovetskaya Sotsialisticheskaya Respublika,Q236036|Q7270|Q56061|Q3024240,,Azerbaijan Soviet Socialist Republic
Azerbaijan,Apostolic Prefecture of Azerbaijan,Q620059,13,0,1,Prefecture Apostolic,Apostolic Prefecture of Baku|Azerbaijan,Q384003,,Apostolic Prefecture of Azerbaijan
Azerbaijan,Azerbaijan Democratic Republic,Q206411,13,0,1,former country in the South Caucasus (1918–1920),Democratic Republic of Azerbaijan|Azerbaijan People's Republic|People's Republic of Azerbaijan,Q21512251|Q99541706,,Azerbaijan Democratic Republic
Azerbaijan,Azerbaijani Land Force,Q2984556,13,0,1,Ground warfare branch of the Azerbaijani Armed Forces,Azerbaijani Armed Forces Land Force|Azerbaijani Army|army of Azerbaijan|ar Azerbaijan,Q37726,,Azerbaijani Land Forces
Azerbaijan,Azerbaijan Coast Guard,Q4084231,13,0,2,maritime security agency of Azerbaijan,Azerbaijan Republic State Border Service Coast Guard,Q1353040,,
Azerbaijan,Azerbaijan–Republic of the Congo relations,Q64174143,13,0,2,bilateral relations between Azerbaijan and the Republic of the Congo,Republic of the Congo–Azerbaijan relations|Azerbaijan-Republic of the Congo relations|Republic of the Congo-Azerbaijan relations,Q15221623,,
Azerbaijan,Azerbaijan Tourism Representative Office in Tel Aviv,Q115267113,13,0,2,,Trade and Tourism Representative Offices of Azerbaijan in Tel Aviv|Azerbaijan Republic Tourism Representative Office in Israel|Azerbaijan Tourism Representative Office in Israel|Trade and Tourism Representative Offices of Azerbaijan in Israel|Azerbaijan Republic Tourism Representative Office in Tel Aviv,Q327333,,
Caspian Sea,Caspian Sea,Q5484,13,1,1,"largest landlocked salt lake, located between Europe and Asia",Caspic Sea,Q9019918|Q188025|Q23397|Q165,,Caspian Sea
Caspian Sea,Caspian Sea Basin,Q96188898,13,1,1,drainage basin,,Q166620,,
Caspian Sea,Caspian Sea,Q104379229,13,1,1,ship built in 2019,IMO 9829095,Q11446,,
Caspian Sea,Caspian seal,Q742727,13,1,1,species of mammal,Pusa caspica,Q16521,,Caspian seal
Caspian Sea,Caspian Sea Monster,Q1411851,13,1,1,Soviet ground-effect aircraft,Korabl Maket|KM,Q309398|Q216916,,Caspian Sea Monster
Caspian Sea,Caspian sea lovers (underwater merfolk),Q106652065,13,1,1,painting by Eeva Peura,,Q3305213,,
Caspian Sea,Caspian Sea Yogurt,Q28692563,13,1,1,,,,Q13317,
Caspian Sea,Caspian Sea sturgeon Conservation and Fisheries: Past present and Future,Q60569058,13,1,1,article by Mohammad Pourkazemi published December 2006 in Journal of Applied Ichthyology,,Q13442814,,
Caspian Sea,Caspian seal die-off is caused by canine distemper virus,Q45738312,13,1,1,scientific article published in March 2001,,Q13442814,,
Caspian Sea,Caspian Sea Negotiation Support System,Q58012172,13,1,1,,,Q13442814,,
Caspian Sea,Azerbaijan,Q227,13,1,2,country in the Caucasus in Eastern Europe and Western Asia,Republic of Azerbaijan,Q3624078|Q6256|Q123480|Q140892892,,Azerbaijan
Caspian Sea,Azerbaijani Wikipedia,Q58251,13,1,2,Azerbaijani-language edition of Wikipedia,Azerbaijan Wikipedia,Q10876391,,Azerbaijani Wikipedia
Caspian Sea,Azerbaijani,Q9292,13,1,2,Oghuz Turkic language,Azeri|Azerbaijani Turkic|Azerbaijani language|Azerbaijani Turkic language|Azeri Turkish|Azerbaijani Turkish,Q33742|Q152559|Q1288568,Q494600|Q34090,Azerbaijani language
Caspian Sea,Azerbaijan,Q274536,13,1,2,region in northwestern Iran,Azarbaijan|Azerbijan|Azarbayjan|Âzarbâyjân|Āzarbāyjān|South Azerbaijan|Iranian Azerbaijan,Q82794|Q1620908,,Azerbaijan (Iran)
Caspian Sea,Azerbaijani Soviet Encyclopedia,Q2634919,13,1,2,encyclopedia by the Azerbaijan National Academy of Sciences,Азәрбајҹан Совет Енсиклопедијасы|Azerbaijan Soviet Encyclopedia,Q47461344|Q1239328|Q1525071,,Azerbaijani Soviet Encyclopedia
Caspian Sea,Azerbaijani Armed Forces,Q724216,13,1,2,combined military forces of Azerbaijan,military of Azerbaijan|mil Azerbaijan|Armed Forces of Azerbaijan,Q772547,,Azerbaijani Armed Forces
Caspian Sea,Azerbaijan Soviet Socialist Republic,Q131337,13,1,2,constituent republic of the Soviet Union between 1922 and 1991,Azerbaijan SSR|Azerbaijani SSR|Soviet Azerbaijan|Azerbaidzhan Soviet Socialist Republic|Azerbaidzhan SSR|Azerbaidzhani SSR|Soviet Azerbaidzhan|Azerbaydzhanskaya Sovetskaya Sotsialisticheskaya Respublika,Q236036|Q7270|Q56061|Q3024240,,Azerbaijan Soviet Socialist Republic
Caspian Sea,Apostolic Prefecture of Azerbaijan,Q620059,13,1,2,Prefecture Apostolic,Apostolic Prefecture of Baku|Azerbaijan,Q384003,,Apostolic Prefecture of Azerbaijan
Caspian Sea,Azerbaijan Democratic Republic,Q206411,13,1,2,former country in the South Caucasus (1918–1920),Democratic Republic of Azerbaijan|Azerbaijan People's Republic|People's Republic of Azerbaijan,Q21512251|Q99541706,,Azerbaijan Democratic Republic
Caspian Sea,Azerbaijani Land Force,Q2984556,13,1,2,Ground warfare branch of the Azerbaijani Armed Forces,Azerbaijani Armed Forces Land Force|Azerbaijani Army|army of Azerbaijan|ar Azerbaijan,Q37726,,Azerbaijani Land Forces
Caspian Sea,Asia,Q48,13,1,2,"terrestrial continent, mainly in the northeastern quadrant",Asian continent|Continental Asia,Q5107|Q2418896|Q82794,,Asia
Caspian Sea,Asia,Q726891,13,1,2,British rock band,Asia (rock band),Q215380,,Asia (band)
Caspian Sea,Asia,Q210718,13,1,2,Roman province,Asia (Roman province),Q182547,,Asia (Roman province)
Caspian Sea,Asia,Q3625042,13,1,2,female given name,Asia (first name)|Asia (given name),Q11879590,,
Caspian Sea,Asia,Q37020313,13,1,2,family name,,Q101352,,
Caspian Sea,Asia Carrera,Q540597,13,1,2,American pornographic actress,Asia Carrera Lemmon|Jessica Bennett|Asia Carera|Asian Carrera|Asia,Q5,,Asia Carrera
Caspian Sea,UTC+06:30,Q6923,13,1,2,Identifier for a time offset from UTC of +6:30,+6:30|GMT+6.5|Myanmar Standard Time|Asia/Yangon|MMT|UTC+6.5|UTC+6:30,Q17272482,,UTC+06:30
Caspian Sea,Asian Football Confederation,Q83276,13,1,2,"governing body of association football, beach soccer, and futsal in most countries and territories in Asia",AFC|Asia Football Confederation|A.F.C.,Q11422536|Q1156831|Q163740,,Asian Football Confederation
Caspian Sea,HMS Sir Francis Drake,Q25053390,13,1,2,1797 fifth-rate frigate,Asia|Dona Maria II,Q848944|Q852190|Q161705,,Asia (1797 ship)
Caspian Sea,Asia,Q54974383,13,1,2,American pornographic actress (born 1986),Asia Rain|Ms. Asia,Q5,,
Asia,Asia,Q48,13,3,1,"terrestrial continent, mainly in the northeastern quadrant",Asian continent|Continental Asia,Q5107|Q2418896|Q82794,,Asia
Asia,Asia,Q726891,13,3,1,British rock band,Asia (rock band),Q215380,,Asia (band)
Asia,Asia,Q210718,13,3,1,Roman province,Asia (Roman province),Q182547,,Asia (Roman province)
Asia,Asia,Q3625042,13,3,1,female given name,Asia (first name)|Asia (given name),Q11879590,,
Asia,Asia,Q37020313,13,3,1,family name,,Q101352,,
Asia,Asia Carrera,Q540597,13,3,1,American pornographic actress,Asia Carrera Lemmon|Jessica Bennett|Asia Carera|Asian Carrera|Asia,Q5,,Asia Carrera
Asia,UTC+06:30,Q6923,13,3,1,Identifier for a time offset from UTC of +6:30,+6:30|GMT+6.5|Myanmar Standard Time|Asia/Yangon|MMT|UTC+6.5|UTC+6:30,Q17272482,,UTC+06:30
Asia,Asian Football Confederation,Q83276,13,3,1,"governing body of association football, beach soccer, and futsal in most countries and territories in Asia",AFC|Asia Football Confederation|A.F.C.,Q11422536|Q1156831|Q163740,,Asian Football Confederation
Asia,HMS Sir Francis Drake,Q25053390,13,3,1,1797 fifth-rate frigate,Asia|Dona Maria II,Q848944|Q852190|Q161705,,Asia (1797 ship)
Asia,Asia,Q54974383,13,3,1,American pornographic actress (born 1986),Asia Rain|Ms. Asia,Q5,,
Asia,Azerbaijan,Q227,13,3,2,country in the Caucasus in Eastern Europe and Western Asia,Republic of Azerbaijan,Q3624078|Q6256|Q123480|Q140892892,,Azerbaijan
Asia,Azerbaijani Wikipedia,Q58251,13,3,2,Azerbaijani-language edition of Wikipedia,Azerbaijan Wikipedia,Q10876391,,Azerbaijani Wikipedia
Asia,Azerbaijani,Q9292,13,3,2,Oghuz Turkic language,Azeri|Azerbaijani Turkic|Azerbaijani language|Azerbaijani Turkic language|Azeri Turkish|Azerbaijani Turkish,Q33742|Q152559|Q1288568,Q494600|Q34090,Azerbaijani language
Asia,Azerbaijan,Q274536,13,3,2,region in northwestern Iran,Azarbaijan|Azerbijan|Azarbayjan|Âzarbâyjân|Āzarbāyjān|South Azerbaijan|Iranian Azerbaijan,Q82794|Q1620908,,Azerbaijan (Iran)
Asia,Azerbaijani Soviet Encyclopedia,Q2634919,13,3,2,encyclopedia by the Azerbaijan National Academy of Sciences,Азәрбајҹан Совет Енсиклопедијасы|Azerbaijan Soviet Encyclopedia,Q47461344|Q1239328|Q1525071,,Azerbaijani Soviet Encyclopedia
Asia,Azerbaijani Armed Forces,Q724216,13,3,2,combined military forces of Azerbaijan,military of Azerbaijan|mil Azerbaijan|Armed Forces of Azerbaijan,Q772547,,Azerbaijani Armed Forces
Asia,Azerbaijan Soviet Socialist Republic,Q131337,13,3,2,constituent republic of the Soviet Union between 1922 and 1991,Azerbaijan SSR|Azerbaijani SSR|Soviet Azerbaijan|Azerbaidzhan Soviet Socialist Republic|Azerbaidzhan SSR|Azerbaidzhani SSR|Soviet Azerbaidzhan|Azerbaydzhanskaya Sovetskaya Sotsialisticheskaya Respublika,Q236036|Q7270|Q56061|Q3024240,,Azerbaijan Soviet Socialist Republic
Asia,Apostolic Prefecture of Azerbaijan,Q620059,13,3,2,Prefecture Apostolic,Apostolic Prefecture of Baku|Azerbaijan,Q384003,,Apostolic Prefecture of Azerbaijan
Asia,Azerbaijan Democratic Republic,Q206411,13,3,2,former country in the South Caucasus (1918–1920),Democratic Republic of Azerbaijan|Azerbaijan People's Republic|People's Republic of Azerbaijan,Q21512251|Q99541706,,Azerbaijan Democratic Republic
Asia,Azerbaijani Land Force,Q2984556,13,3,2,Ground warfare branch of the Azerbaijani Armed Forces,Azerbaijani Armed Forces Land Force|Azerbaijani Army|army of Azerbaijan|ar Azerbaijan,Q37726,,Azerbaijani Land Forces
Asia,Caspian Sea,Q5484,13,3,2,"largest landlocked salt lake, located between Europe and Asia",Caspic Sea,Q9019918|Q188025|Q23397|Q165,,Caspian Sea
Asia,Caspian Sea Basin,Q96188898,13,3,2,drainage basin,,Q166620,,
Asia,Caspian Sea,Q104379229,13,3,2,ship built in 2019,IMO 9829095,Q11446,,
Asia,Caspian seal,Q742727,13,3,2,species of mammal,Pusa caspica,Q16521,,Caspian seal
Asia,Caspian Sea Monster,Q1411851,13,3,2,Soviet ground-effect aircraft,Korabl Maket|KM,Q309398|Q216916,,Caspian Sea Monster
Asia,Caspian sea lovers (underwater merfolk),Q106652065,13,3,2,painting by Eeva Peura,,Q3305213,,
Asia,Caspian Sea Yogurt,Q28692563,13,3,2,,,,Q13317,
Asia,Caspian Sea sturgeon Conservation and Fisheries: Past present and Future,Q60569058,13,3,2,article by Mohammad Pourkazemi published December 2006 in Journal of Applied Ichthyology,,Q13442814,,
Asia,Caspian seal die-off is caused by canine distemper virus,Q45738312,13,3,2,scientific article published in March 2001,,Q13442814,,
Asia,Caspian Sea Negotiation Support System,Q58012172,13,3,2,,,Q13442814,,
Vanuatu,Vanuatu,Q686,14,0,1,island country in Oceania,Republic of Vanuatu|vu|vut|van|VAN,Q3624078|Q112099|Q6256|Q11815167,,Vanuatu
Vanuatu,New Hebrides,Q19399831,14,0,1,island group in the South Pacific; now comprises the present-day Republic of Vanuatu,Vanuatu islands|Vanuatu,Q1402592,,New Hebrides (island group)
Vanuatu,Vanuatu men's national football team,Q328318,14,0,1,men's national association football team representing Vanuatu,Vanuatu national football team,Q135408445,Q1194951,Vanuatu national football team
Vanuatu,ni-Vanuatu,Q1290668,14,0,1,citizens or residents of Vanuatu,Vanuatuans|Vanuatuan people,Q33829|Q6266,Q1762752|Q2065556|Q22947,Ni-Vanuatu
Vanuatu,Vanuatubasis,Q2491713,14,0,1,genus of insects,,Q16521,,
Vanuatu,Vanuatubasis malekulana,Q2179943,14,0,1,species of insect,,Q16521,,
Vanuatu,Vanuatubasis santoensis,Q21303170,14,0,1,species of insect,Vanuatubasis santosensis,Q16521,,
Vanuatu,Vanuatu Premia Divisen,Q384073,14,0,1,top division of the National Football Association of Vanuatu,Port Vila Football League,Q15991303,Q3270632,Port Vila Football League
Vanuatu,Vanuatu Football Federation,Q1067795,14,0,1,national football association of Vanuatu,,Q1478443|Q163740,,Vanuatu Football Federation
Vanuatu,Vanuatu at the Olympics,Q839276,14,0,1,Participation of athletes from Vanuatu in the Olympic Games,,Q26213387,,Vanuatu at the Olympics
Vanuatu,Pacific Ocean,Q98,14,0,2,"ocean between Asia, Australia and the Americas",Pacific|Pacific Sea|the Pacific|Pacifick|Pacifick Ocean|Pacifick Sea|the Pacifick|Southern Ocean|Southern Sea|the Southern Ocean|the Southern Sea|Great Southern Ocean|the Great Southern Ocean|Great Southern Sea|the Great Southern Sea|the Pacific Ocean,Q9430,,Pacific Ocean
Vanuatu,Pacific Ocean,Q22828271,14,0,2,Wikimedia permanent duplicated item,,Q21286738,,
Vanuatu,Transvaal,Q107067807,14,0,2,ship built in 1962,IMO 5367611|Ping Yin|Pacific Ocean,Q1752434,,
Vanuatu,Pacific Islands,Q844857,14,0,2,geographic region consisting of the islands of the Pacific Ocean,Islands of the Pacific|Pacific Ocean Islands|Insular Oceania,Q82794|Q1402592,,Pacific Islands
Vanuatu,Pacific Ocean Theater of World War II,Q2920892,14,0,2,"naval and island campaigns in the Central Pacific, North Pacific and South Central Pacific",,Q718893,,Pacific Ocean theater of World War II
Vanuatu,Pacific Ocean Blue,Q686112,14,0,2,album by Dennis Wilson,,Q482994,,Pacific Ocean Blue
Vanuatu,Pacific Oceania Billie Jean King Cup team,Q7122612,14,0,2,Billie Jean King Cup team representing smaller island states in Oceania,Pacific Oceania Fed Cup team,Q66817758,,Pacific Oceania Billie Jean King Cup team
Vanuatu,Pacific Ocean Areas,Q3359773,14,0,2,1942–1945 Allied regional command in the Pacific War of World War II,POA|Pacific Ocean Area,Q9822982,,Pacific Ocean Areas
Vanuatu,Sister Benten Online,Q7531086,14,0,2,record label,Pacific Ocean Studios,Q18127|Q4830453|Q783794,,Benten Label
Vanuatu,Pacific Oceania,Q47488806,14,0,2,entry in national team competitions from Oceania excluding Australia and New Zealand,,Q3337001,,
Vanuatu,Insular Oceania,Q538,14,0,2,"geographic region comprising Melanesia, Micronesia and Polynesia",Oceania,Q5107|Q82794|Q855697,,Insular Oceania
Pacific Ocean,Pacific Ocean,Q98,14,1,1,"ocean between Asia, Australia and the Americas",Pacific|Pacific Sea|the Pacific|Pacifick|Pacifick Ocean|Pacifick Sea|the Pacifick|Southern Ocean|Southern Sea|the Southern Ocean|the Southern Sea|Great Southern Ocean|the Great Southern Ocean|Great Southern Sea|the Great Southern Sea|the Pacific Ocean,Q9430,,Pacific Ocean
Pacific Ocean,Pacific Ocean,Q22828271,14,1,1,Wikimedia permanent duplicated item,,Q21286738,,
Pacific Ocean,Transvaal,Q107067807,14,1,1,ship built in 1962,IMO 5367611|Ping Yin|Pacific Ocean,Q1752434,,
Pacific Ocean,Pacific Islands,Q844857,14,1,1,geographic region consisting of the islands of the Pacific Ocean,Islands of the Pacific|Pacific Ocean Islands|Insular Oceania,Q82794|Q1402592,,Pacific Islands
Pacific Ocean,Pacific Ocean Theater of World War II,Q2920892,14,1,1,"naval and island campaigns in the Central Pacific, North Pacific and South Central Pacific",,Q718893,,Pacific Ocean theater of World War II
Pacific Ocean,Pacific Ocean Blue,Q686112,14,1,1,album by Dennis Wilson,,Q482994,,Pacific Ocean Blue
Pacific Ocean,Pacific Oceania Billie Jean King Cup team,Q7122612,14,1,1,Billie Jean King Cup team representing smaller island states in Oceania,Pacific Oceania Fed Cup team,Q66817758,,Pacific Oceania Billie Jean King Cup team
Pacific Ocean,Pacific Ocean Areas,Q3359773,14,1,1,1942–1945 Allied regional command in the Pacific War of World War II,POA|Pacific Ocean Area,Q9822982,,Pacific Ocean Areas
Pacific Ocean,Sister Benten Online,Q7531086,14,1,1,record label,Pacific Ocean Studios,Q18127|Q4830453|Q783794,,Benten Label
Pacific Ocean,Pacific Oceania,Q47488806,14,1,1,entry in national team competitions from Oceania excluding Australia and New Zealand,,Q3337001,,
Pacific Ocean,Pacific Time Zone,Q847142,14,1,2,time zone observing UTC−08:00 during standard time and UTC−07:00 during daylight saving time,PST (UTC-8)|PDT (UTC-7)|Pacific Standard Time Zone|PT|PST|PDT|PST8PDT,Q125359378,,Pacific Time Zone
Pacific Ocean,Pacific,Q307095,14,1,2,2007 studio album by NEWS,,Q482994,,Pacific (NEWS album)
Pacific Ocean,Pacific Rim,Q9301187,14,1,2,lands around the rim of the Pacific Ocean,Pacific Basin|Pacific region|Pacific,Q166620|Q82794,,Pacific Rim
Pacific Ocean,University of the Pacific,Q630226,14,1,2,"private university in Stockton, California, United States",Pacific|UOP|University of Pacific|Pacific University|U. Pacific|Univ. of Pacific|U. of Pacific|California Wesleyan College|College of the Pacific,Q902104|Q23002054,,University of the Pacific (United States)
Pacific Ocean,Pacific,Q37128581,14,1,2,family name,,Q101352,,
Pacific Ocean,Pacific,Q22128538,14,1,2,"1978 studio album by Haruomi Hosono, Shigeru Suzuki & Tatsuro Yamashita",,Q482994,,Pacific (1978 album)
Pacific Ocean,4-6-2,Q1043481,14,1,2,"wheel arrangement of a locomotive with 4 leading wheels, 6 driving wheels and 2 trailing wheels",2C1|231|3/6|Pacific,Q672593,Q93301,4-6-2
Pacific Ocean,UTC−08:00,Q2204,14,1,2,identifier for a time offset from UTC of −8,Pacific Standard Time|Alaska Daylight Time|UTC-08:00|UTC-8|U,Q17272482,,UTC−08:00
Pacific Ocean,Pacific Historical Review,Q7122492,14,1,2,academic journal,,Q627517,,Pacific Historical Review
Pacific Ocean,Ocean,Q71267306,14,1,2,unisex given name,,Q3409032,,
Pacific Ocean,Oceanus,Q161419,14,1,2,"ancient Greek god of the earth-encircling river, Oceanos",Okeanos,Q45713|Q3059255|Q207174,,Oceanus
Pacific Ocean,ocean,Q9430,14,1,2,very large body of saline water,sea|oceans|oceanic,,Q35145263|Q15324|Q116126039|Q116126228,Ocean
Pacific Ocean,Ocean,Q37507221,14,1,2,family name,,Q101352,,
Pacific Ocean,Ocean,Q55064464,14,1,2,musical track by Martin Garrix featuring Khalid,,Q55850593,,
Pacific Ocean,mountain range,Q46831,14,1,2,geographic area containing several geologically related mountains,mountain belt|mountain barrier|hill range|range|mountains|oceanic range|mountain system,,Q271669|Q82794|Q35145263|Q106589819,Mountain range
Pacific Ocean,Ocean,Q22130561,14,1,2,scrapped ro/ro ferry,Ferry Lavender|Ionian King|Ocean Rose|Ocean King,Q25653,,
Pacific Ocean,Atlantic Ocean,Q97,14,1,2,"ocean between Europe, Africa and the Americas",Atlantic|Atlantic Sea|Great Western Ocean|Oceanus|the Atlantic|Atlantick|Atlantick Ocean|Atlantick Sea|the Atlantick,Q9430,,Atlantic Ocean
Pacific Ocean,Ocean Software,Q1408498,14,1,2,British software company,Ocean Software Ltd|Ocean|Bandai Namco Games UK Ltd.,Q210167|Q1137109,,Ocean Software
Pacific Ocean,Oceanside,Q488924,14,1,2,"city in San Diego County, California, United States","Oceanside, California|Oceanside, USA|Oceanside, CA",Q1093829|Q1549591|Q13218391,,"Oceanside, California"
Insular Oceania,Insular Oceania,Q538,14,3,1,"geographic region comprising Melanesia, Micronesia and Polynesia",Oceania,Q5107|Q82794|Q855697,,Insular Oceania
Insular Oceania,Pacific Islands,Q844857,14,3,1,geographic region consisting of the islands of the Pacific Ocean,Islands of the Pacific|Pacific Ocean Islands|Insular Oceania,Q82794|Q1402592,,Pacific Islands
Insular Oceania,Pacific Ocean,Q98,14,3,2,"ocean between Asia, Australia and the Americas",Pacific|Pacific Sea|the Pacific|Pacifick|Pacifick Ocean|Pacifick Sea|the Pacifick|Southern Ocean|Southern Sea|the Southern Ocean|the Southern Sea|Great Southern Ocean|the Great Southern Ocean|Great Southern Sea|the Great Southern Sea|the Pacific Ocean,Q9430,,Pacific Ocean
Insular Oceania,Pacific Ocean,Q22828271,14,3,2,Wikimedia permanent duplicated item,,Q21286738,,
Insular Oceania,Transvaal,Q107067807,14,3,2,ship built in 1962,IMO 5367611|Ping Yin|Pacific Ocean,Q1752434,,
Insular Oceania,Pacific Ocean Theater of World War II,Q2920892,14,3,2,"naval and island campaigns in the Central Pacific, North Pacific and South Central Pacific",,Q718893,,Pacific Ocean theater of World War II
Insular Oceania,Pacific Ocean Blue,Q686112,14,3,2,album by Dennis Wilson,,Q482994,,Pacific Ocean Blue
Insular Oceania,Pacific Oceania Billie Jean King Cup team,Q7122612,14,3,2,Billie Jean King Cup team representing smaller island states in Oceania,Pacific Oceania Fed Cup team,Q66817758,,Pacific Oceania Billie Jean King Cup team
Insular Oceania,Pacific Ocean Areas,Q3359773,14,3,2,1942–1945 Allied regional command in the Pacific War of World War II,POA|Pacific Ocean Area,Q9822982,,Pacific Ocean Areas
Insular Oceania,Sister Benten Online,Q7531086,14,3,2,record label,Pacific Ocean Studios,Q18127|Q4830453|Q783794,,Benten Label
Insular Oceania,Pacific Oceania,Q47488806,14,3,2,entry in national team competitions from Oceania excluding Australia and New Zealand,,Q3337001,,
Myanmar,Myanmar,Q836,15,0,1,country in Southeast Asia,Republic of the Union of Myanmar|Union of Burma,Q3624078|Q6256|Q7270,,Myanmar
Myanmar,UTC+06:30,Q6923,15,0,1,Identifier for a time offset from UTC of +6:30,+6:30|GMT+6.5|Myanmar Standard Time|Asia/Yangon|MMT|UTC+6.5|UTC+6:30,Q17272482,,UTC+06:30
Myanmar,Burmese Wikipedia,Q4614845,15,0,1,Burmese-language edition of Wikipedia,Myanmar Wikipedia,Q10876391,,Burmese Wikipedia
Myanmar,Myanmar,Q1229861,15,0,1,Unicode code block,U+1000-109F|Burmese,Q3512806,,Myanmar (Unicode block)
Myanmar,Burmese,Q9228,15,0,1,Sino-Tibetan language of Myanmar,Myanmar language|Burmese language,Q33742|Q1288568,Q45961,Burmese language
Myanmar,Myanmar,Q11883635,15,0,1,beer brand,,Q15075508,,
Myanmar,Myanmar men's national football team,Q271753,15,0,1,national association football team,Myanmar national football team,Q135408445,Q1194951,Myanmar national football team
Myanmar,Mon–Burmese script,Q43887939,15,0,1,writing system used for various languages of Myanmar,Mon–Burmese|Myanmar|Myanmar script|Mymr|Burmese script|Burmese,Q8192|Q29517555|Q335806|Q4004706|Q12775371,,Mon–Burmese script
Myanmar,Burmese amber,Q865750,15,0,1,Late Cretaceous amber from Northern Myanmar,Burmite|Myanmar Amber,,Q25381,Burmese amber
Myanmar,Myanmarorchestia,Q101572539,15,0,1,genus of amphipods,,Q16521,,
Myanmar,Republic of the Union of Myanmar (2008-2021),Q138661164,15,0,2,Government,Myanmar|Burma|Republic of the Union of Myanmar|History of Myanmar (2008-2021),Q7188,,
Myanmar,Burmanniaceae,Q1016710,15,0,2,family of plants,,Q16521,,Burmanniaceae
Myanmar,Burmannia,Q141307,15,0,2,genus of plants,,Q16521,,Burmannia (plant)
Myanmar,Burman,Q450765,15,0,2,family name,,Q101352,,Burman
Myanmar,Bamar,Q503963,15,0,2,Southeast Asian ethnic group native to Myanmar (Burma),Burmese (ethnicity)|Burmese (ethnic group)|Burmans|Burman people,Q41710,,Bamar people
Myanmar,Burmagomphus,Q1307674,15,0,2,genus of insects,,Q16521,,Burmagomphus
Myanmar,Burma,Q27124573,15,0,2,"town in Jerash, Jordan",Borma,Q3957,,
Myanmar,Burmarsh,Q2383465,15,0,2,"village and civil parish in Kent, United Kingdom","Burmarsh, Kent",Q532|Q1115575,,Burmarsh
Myanmar,Andaman Sea,Q47632,15,0,2,sea of the Indian Ocean,Burma Sea,Q204894,,Andaman Sea
Myanmar,Burma,Q12862869,15,0,2,village in Georgia,,Q532,,
Indian Ocean,Indian Ocean,Q1239,15,1,1,"ocean bounded by Africa, Asia, Australia, and Antarctica",Eastern Ocean|Eastern Sea|Indian Sea|Oriental Sea|Oriental Ocean,Q9430|Q165|Q82794,,Indian Ocean
Indian Ocean,Arab slave trade,Q965947,15,1,1,slave trade in the Arab world between the 7th and 20th centuries,tengo 40 años me vendo como esclava pues mi vida no he podido sufrir más te pido que me compres te mando foto y el dinero que Pagés por mi que valla para mis hijos|Indian Ocean slave trade|Trans-Saharan slave trade,Q2986234,,Arab slave trade
Indian Ocean,Indian Ocean,Q2511310,15,1,1,Indian rock band,,Q215380,,Indian Ocean (band)
Indian Ocean,Indian Ocean,Q21697943,15,1,1,Wikimedia permanent duplicated item,,Q21286738,,
Indian Ocean,Indian Ocean,Q17014035,15,1,1,album by Indian Ocean,,Q482994,,Indian Ocean (album)
Indian Ocean,Indo-Pacific bottlenose dolphin,Q370597,15,1,1,species of mammal,Tursiops aduncus|Indian Ocean bottlenose dolphin,Q16521,,Indo-Pacific bottlenose dolphin
Indian Ocean,IMO 8025329,Q83610653,15,1,1,scrapped bulk carrier,,Q15276,,
Indian Ocean,Indian Ocean humpback dolphin,Q3017051,15,1,1,species of mammal,Sousa plumbea,Q16521,,Indian Ocean humpback dolphin
Indian Ocean,Indian Ocean basin,Q44715146,15,1,1,,,Q82700259,,
Indian Ocean,Indian Ocean Island Games,Q1628831,15,1,1,quadrennial multi-sport event from Indian Ocean island nations,,Q18608583,Q167170|Q44637051,Indian Ocean Island Games
Indian Ocean,Myanmar,Q836,15,1,2,country in Southeast Asia,Republic of the Union of Myanmar|Union of Burma,Q3624078|Q6256|Q7270,,Myanmar
Indian Ocean,UTC+06:30,Q6923,15,1,2,Identifier for a time offset from UTC of +6:30,+6:30|GMT+6.5|Myanmar Standard Time|Asia/Yangon|MMT|UTC+6.5|UTC+6:30,Q17272482,,UTC+06:30
Indian Ocean,Burmese Wikipedia,Q4614845,15,1,2,Burmese-language edition of Wikipedia,Myanmar Wikipedia,Q10876391,,Burmese Wikipedia
Indian Ocean,Myanmar,Q1229861,15,1,2,Unicode code block,U+1000-109F|Burmese,Q3512806,,Myanmar (Unicode block)
Indian Ocean,Burmese,Q9228,15,1,2,Sino-Tibetan language of Myanmar,Myanmar language|Burmese language,Q33742|Q1288568,Q45961,Burmese language
Indian Ocean,Myanmar,Q11883635,15,1,2,beer brand,,Q15075508,,
Indian Ocean,Myanmar men's national football team,Q271753,15,1,2,national association football team,Myanmar national football team,Q135408445,Q1194951,Myanmar national football team
Indian Ocean,Mon–Burmese script,Q43887939,15,1,2,writing system used for various languages of Myanmar,Mon–Burmese|Myanmar|Myanmar script|Mymr|Burmese script|Burmese,Q8192|Q29517555|Q335806|Q4004706|Q12775371,,Mon–Burmese script
Indian Ocean,Burmese amber,Q865750,15,1,2,Late Cretaceous amber from Northern Myanmar,Burmite|Myanmar Amber,,Q25381,Burmese amber
Indian Ocean,Myanmarorchestia,Q101572539,15,1,2,genus of amphipods,,Q16521,,
Indian Ocean,Asia,Q48,15,1,2,"terrestrial continent, mainly in the northeastern quadrant",Asian continent|Continental Asia,Q5107|Q2418896|Q82794,,Asia
Indian Ocean,Asia,Q726891,15,1,2,British rock band,Asia (rock band),Q215380,,Asia (band)
Indian Ocean,Asia,Q210718,15,1,2,Roman province,Asia (Roman province),Q182547,,Asia (Roman province)
Indian Ocean,Asia,Q3625042,15,1,2,female given name,Asia (first name)|Asia (given name),Q11879590,,
Indian Ocean,Asia,Q37020313,15,1,2,family name,,Q101352,,
Indian Ocean,Asia Carrera,Q540597,15,1,2,American pornographic actress,Asia Carrera Lemmon|Jessica Bennett|Asia Carera|Asian Carrera|Asia,Q5,,Asia Carrera
Indian Ocean,Asian Football Confederation,Q83276,15,1,2,"governing body of association football, beach soccer, and futsal in most countries and territories in Asia",AFC|Asia Football Confederation|A.F.C.,Q11422536|Q1156831|Q163740,,Asian Football Confederation
Indian Ocean,HMS Sir Francis Drake,Q25053390,15,1,2,1797 fifth-rate frigate,Asia|Dona Maria II,Q848944|Q852190|Q161705,,Asia (1797 ship)
Indian Ocean,Asia,Q54974383,15,1,2,American pornographic actress (born 1986),Asia Rain|Ms. Asia,Q5,,
Asia,Asia,Q48,15,3,1,"terrestrial continent, mainly in the northeastern quadrant",Asian continent|Continental Asia,Q5107|Q2418896|Q82794,,Asia
Asia,Asia,Q726891,15,3,1,British rock band,Asia (rock band),Q215380,,Asia (band)
Asia,Asia,Q210718,15,3,1,Roman province,Asia (Roman province),Q182547,,Asia (Roman province)
Asia,Asia,Q3625042,15,3,1,female given name,Asia (first name)|Asia (given name),Q11879590,,
Asia,Asia,Q37020313,15,3,1,family name,,Q101352,,
Asia,Asia Carrera,Q540597,15,3,1,American pornographic actress,Asia Carrera Lemmon|Jessica Bennett|Asia Carera|Asian Carrera|Asia,Q5,,Asia Carrera
Asia,UTC+06:30,Q6923,15,3,1,Identifier for a time offset from UTC of +6:30,+6:30|GMT+6.5|Myanmar Standard Time|Asia/Yangon|MMT|UTC+6.5|UTC+6:30,Q17272482,,UTC+06:30
Asia,Asian Football Confederation,Q83276,15,3,1,"governing body of association football, beach soccer, and futsal in most countries and territories in Asia",AFC|Asia Football Confederation|A.F.C.,Q11422536|Q1156831|Q163740,,Asian Football Confederation
Asia,HMS Sir Francis Drake,Q25053390,15,3,1,1797 fifth-rate frigate,Asia|Dona Maria II,Q848944|Q852190|Q161705,,Asia (1797 ship)
Asia,Asia,Q54974383,15,3,1,American pornographic actress (born 1986),Asia Rain|Ms. Asia,Q5,,
Asia,Myanmar,Q836,15,3,2,country in Southeast Asia,Republic of the Union of Myanmar|Union of Burma,Q3624078|Q6256|Q7270,,Myanmar
Asia,Burmese Wikipedia,Q4614845,15,3,2,Burmese-language edition of Wikipedia,Myanmar Wikipedia,Q10876391,,Burmese Wikipedia
Asia,Myanmar,Q1229861,15,3,2,Unicode code block,U+1000-109F|Burmese,Q3512806,,Myanmar (Unicode block)
Asia,Burmese,Q9228,15,3,2,Sino-Tibetan language of Myanmar,Myanmar language|Burmese language,Q33742|Q1288568,Q45961,Burmese language
Asia,Myanmar,Q11883635,15,3,2,beer brand,,Q15075508,,
Asia,Myanmar men's national football team,Q271753,15,3,2,national association football team,Myanmar national football team,Q135408445,Q1194951,Myanmar national football team
Asia,Mon–Burmese script,Q43887939,15,3,2,writing system used for various languages of Myanmar,Mon–Burmese|Myanmar|Myanmar script|Mymr|Burmese script|Burmese,Q8192|Q29517555|Q335806|Q4004706|Q12775371,,Mon–Burmese script
Asia,Burmese amber,Q865750,15,3,2,Late Cretaceous amber from Northern Myanmar,Burmite|Myanmar Amber,,Q25381,Burmese amber
Asia,Myanmarorchestia,Q101572539,15,3,2,genus of amphipods,,Q16521,,
Asia,Indian Ocean,Q1239,15,3,2,"ocean bounded by Africa, Asia, Australia, and Antarctica",Eastern Ocean|Eastern Sea|Indian Sea|Oriental Sea|Oriental Ocean,Q9430|Q165|Q82794,,Indian Ocean
Asia,Arab slave trade,Q965947,15,3,2,slave trade in the Arab world between the 7th and 20th centuries,tengo 40 años me vendo como esclava pues mi vida no he podido sufrir más te pido que me compres te mando foto y el dinero que Pagés por mi que valla para mis hijos|Indian Ocean slave trade|Trans-Saharan slave trade,Q2986234,,Arab slave trade
Asia,Indian Ocean,Q2511310,15,3,2,Indian rock band,,Q215380,,Indian Ocean (band)
Asia,Indian Ocean,Q21697943,15,3,2,Wikimedia permanent duplicated item,,Q21286738,,
Asia,Indian Ocean,Q17014035,15,3,2,album by Indian Ocean,,Q482994,,Indian Ocean (album)
Asia,Indo-Pacific bottlenose dolphin,Q370597,15,3,2,species of mammal,Tursiops aduncus|Indian Ocean bottlenose dolphin,Q16521,,Indo-Pacific bottlenose dolphin
Asia,IMO 8025329,Q83610653,15,3,2,scrapped bulk carrier,,Q15276,,
Asia,Indian Ocean humpback dolphin,Q3017051,15,3,2,species of mammal,Sousa plumbea,Q16521,,Indian Ocean humpback dolphin
Asia,Indian Ocean basin,Q44715146,15,3,2,,,Q82700259,,
Asia,Indian Ocean Island Games,Q1628831,15,3,2,quadrennial multi-sport event from Indian Ocean island nations,,Q18608583,Q167170|Q44637051,Indian Ocean Island Games
Bhutan,Bhutan,Q917,16,0,1,sovereign state in South Asia,Kingdom of Bhutan|bt|BHU,Q3624078|Q123480|Q417175|Q6256|Q1309121,,Bhutan
Bhutan,Bhutan men's national football team,Q244431,16,0,1,men's national association football team representing Bhutan,Bhutan national football team,Q135408445,Q1194951,Bhutan national football team
Bhutan,Bhutaniella,Q5206795,16,0,1,genus of arachnids,,Q16521,,Bhutaniella
Bhutan,Bhutanitis,Q794495,16,0,1,genus of butterfly,,Q16521,,Bhutanitis
Bhutan,Bhutanthera,Q14852314,16,0,1,genus of orchids from China,,Q16521,,Bhutanthera
Bhutan,Bhutanitis lidderdalii,Q1768041,16,0,1,species of insect,Bhutan Glory,Q16521,,Bhutanitis lidderdalii
Bhutan,Bhutanitis mansfieldi,Q1939406,16,0,1,species of insect,,Q16521,,Bhutanitis mansfieldi
Bhutan,Bhutan,Q83550431,16,0,1,painting by Samuel Davis,,Q3305213,,
Bhutan,Bhutani,Q37436088,16,0,1,family name,,Q101352,,
Bhutan,Bhutanitis thaidina,Q1756759,16,0,1,species of insect,Tibetan Glory,Q16521,,Bhutanitis thaidina
Drangme Chhu,Drangme Chhu,Q5305803,16,1,1,river in India,,Q4022,,Drangme Chhu
Drangme Chhu,Manas River,Q2015702,16,1,1,river in India,,Q4022,,Manas River
Drangme Chhu,Manas,Q1888748,16,1,1,Wikimedia disambiguation page,,Q4167410,,Manas
Asia,Asia,Q48,16,3,1,"terrestrial continent, mainly in the northeastern quadrant",Asian continent|Continental Asia,Q5107|Q2418896|Q82794,,Asia
Asia,Asia,Q726891,16,3,1,British rock band,Asia (rock band),Q215380,,Asia (band)
Asia,Asia,Q210718,16,3,1,Roman province,Asia (Roman province),Q182547,,Asia (Roman province)
Asia,Asia,Q3625042,16,3,1,female given name,Asia (first name)|Asia (given name),Q11879590,,
Asia,Asia,Q37020313,16,3,1,family name,,Q101352,,
Asia,Asia Carrera,Q540597,16,3,1,American pornographic actress,Asia Carrera Lemmon|Jessica Bennett|Asia Carera|Asian Carrera|Asia,Q5,,Asia Carrera
Asia,UTC+06:30,Q6923,16,3,1,Identifier for a time offset from UTC of +6:30,+6:30|GMT+6.5|Myanmar Standard Time|Asia/Yangon|MMT|UTC+6.5|UTC+6:30,Q17272482,,UTC+06:30
Asia,Asian Football Confederation,Q83276,16,3,1,"governing body of association football, beach soccer, and futsal in most countries and territories in Asia",AFC|Asia Football Confederation|A.F.C.,Q11422536|Q1156831|Q163740,,Asian Football Confederation
Asia,HMS Sir Francis Drake,Q25053390,16,3,1,1797 fifth-rate frigate,Asia|Dona Maria II,Q848944|Q852190|Q161705,,Asia (1797 ship)
Asia,Asia,Q54974383,16,3,1,American pornographic actress (born 1986),Asia Rain|Ms. Asia,Q5,,
Asia,Bhutan,Q917,16,3,2,sovereign state in South Asia,Kingdom of Bhutan|bt|BHU,Q3624078|Q123480|Q417175|Q6256|Q1309121,,Bhutan
Asia,Bhutan men's national football team,Q244431,16,3,2,men's national association football team representing Bhutan,Bhutan national football team,Q135408445,Q1194951,Bhutan national football team
Asia,Bhutaniella,Q5206795,16,3,2,genus of arachnids,,Q16521,,Bhutaniella
Asia,Bhutanitis,Q794495,16,3,2,genus of butterfly,,Q16521,,Bhutanitis
Asia,Bhutanthera,Q14852314,16,3,2,genus of orchids from China,,Q16521,,Bhutanthera
Asia,Bhutanitis lidderdalii,Q1768041,16,3,2,species of insect,Bhutan Glory,Q16521,,Bhutanitis lidderdalii
Asia,Bhutanitis mansfieldi,Q1939406,16,3,2,species of insect,,Q16521,,Bhutanitis mansfieldi
Asia,Bhutan,Q83550431,16,3,2,painting by Samuel Davis,,Q3305213,,
Asia,Bhutani,Q37436088,16,3,2,family name,,Q101352,,
Asia,Bhutanitis thaidina,Q1756759,16,3,2,species of insect,Tibetan Glory,Q16521,,Bhutanitis thaidina
Asia,Drangme Chhu,Q5305803,16,3,2,river in India,,Q4022,,Drangme Chhu
Asia,Manas River,Q2015702,16,3,2,river in India,,Q4022,,Manas River
Asia,Manas,Q1888748,16,3,2,Wikimedia disambiguation page,,Q4167410,,Manas
