data,candidates,QID,row,columns,quality,description,aliases,P31,P279,sitelink
Psyche and Love,Psyche and Love,Q87137561,0,0,1,"painting by William-Adolphe Bouguereau, Tasmanian Museum and Art Gallery",Psyche et L'Amour,Q3305213,,
Psyche and Love,Psyche and Love,Q29205121,0,0,1,"tapestry and national heritage monument (PM27000726) in Évreux (Eure, France)",Psyche and Cupid,Q184296|Q44740228,,
Psyche and Love,Psyche,Q10355327,0,0,2,genus of insects,,Q16521,,Psyche (moth)
Psyche and Love,16 Psyche,Q107517,0,0,2,main-belt asteroid,(16) Psyche|Psyche,Q3863,,16 Psyche
Psyche and Love,Psyche,Q2071295,0,0,2,entomological journal,Psyche (Camb. Mass.)|Psyche: A Journal of Entomology,Q5633421|Q773668|Q73364223|Q73365499|Q737498|Q773668,,Psyche (entomology journal)
Psyche and Love,Psyche,Q21079313,0,0,2,NASA spacecraft en route to metallic asteroid 16 Psyche,Discovery 14,Q26529|Q928667,,Psyche (spacecraft)
Psyche and Love,Psyche,Q1668564,0,0,2,German psychoanalytic journal (1947-),Psyche (Stuttg)|Psyche: Zeitschrift fuer Psychoanalyse und ihre Anwendungen,Q5633421,,
Psyche and Love,Psyche,Q27113589,0,0,2,given name,,Q202444,,
Psyche and Love,Psyche,Q95105914,0,0,2,vocal track by Nouvelle Vague; 2004 studio recording; cover version,,Q55850593,,
Psyche and Love,Psyche,Q843382,0,0,2,mythical lover of Eros/Cupid,,Q22989102|Q22988604,,Psyche (mythology)
Psyche and Love,psychedelic rock,Q206159,0,0,2,genre of rock music,acid rock|psy rock|psyrock|psych-rock,Q188451,Q11399|Q846119,Psychedelic rock
Psyche and Love,psyche,Q194034,0,0,2,psychological term refering to the group of acts and functions of the mind,,Q33104279,,Psyche (psychology)
Psyche and Love,love,Q316,0,0,2,"strong, positive emotion based on affection",affection,Q16748888|Q1053916,Q5489108|Q1124198|Q9415,Love
Psyche and Love,Love,Q289778,0,0,2,1992 studio album by Thalía,,Q482994,,Love (Thalía album)
Psyche and Love,Love,Q105392014,0,0,2,2021 film directed by Igor Tverdokhlebov,,Q11424,,Love (2021 film)
Psyche and Love,Love,Q6690277,0,0,2,2010 video game,,Q7889,,Love (2010 video game)
Psyche and Love,Love,Q15042433,0,0,2,2013 studio album by Arashi,,Q482994,,Love (Arashi album)
Psyche and Love,Love,Q1872389,0,0,2,2011 film by William Eubank,,Q11424,,Love (2011 film)
Psyche and Love,Love,Q97239837,0,0,2,2019 studio album by d'Masiv,,Q482994,,
Psyche and Love,zero,Q204,0,0,2,integer number zero; neutral element for the addition,o|oh|nought|additive identity|nil|naught|zilch|zip|scratch|love|null|duck,Q245102|Q47371099|Q12503|Q13366104|Q28920052|Q2313686|Q47577|Q2767837|Q2915234,,0
Psyche and Love,Love,Q3837722,0,0,2,album by Foetus,,Q482994,,Love (Foetus album)
Psyche and Love,Love,Q39074118,0,0,2,2008 indie platform game,,Q7889,,Love (2008 video game)
Évreux,Évreux,Q171800,0,1,1,"commune in Eure, France",Evreux|Eureius,Q484170,,Évreux
Évreux,Évreux Cathedral,Q2918846,0,1,1,"cathedral located in Eure, in France",Evreux Cathedral,Q56242215,,Évreux Cathedral
Évreux,Évreux FC 27,Q3592915,0,1,1,French association football club,Evreux FC,Q476028,,Évreux FC 27
Évreux,Évreux Volley-ball,Q3592913,0,1,1,French women's volleyball club,,Q15720476,,
Évreux,Évreux-Fauville Air Base,Q2886452,0,1,1,"French Air Force base near Evreux, Eure, France",base aerienne 105|Evreux-Fauville Air Base|EVX|LFOE|BA 105|BA105|Advanced Landing Ground B-28|B-28|B28|Fauville AB Airport,Q695850,,Évreux-Fauville Air Base
Évreux,arrondissement of Évreux,Q702864,0,1,1,arrondissement of France,arrondissement of Evreux,Q194203,,Arrondissement of Évreux
Évreux,Evreux,Q119270542,0,1,1,"painting by Cathleen Mann (1896–1959), IWM (Imperial War Museums)",,Q3305213,,
Évreux,Évreux Portes de Normandie,Q28494658,0,1,1,French intercommunal structure,,Q18706073,,Évreux Portes de Normandie
Évreux,Évreux Educational Film Festival,Q3070467,0,1,1,,,Q220505,,
Évreux,Évreux Football Club 27,Q3592912,0,1,1,women's association football,,Q476028,,
Psyche,Psyche,Q10355327,0,2,1,genus of insects,,Q16521,,Psyche (moth)
Psyche,16 Psyche,Q107517,0,2,1,main-belt asteroid,(16) Psyche|Psyche,Q3863,,16 Psyche
Psyche,Psyche,Q2071295,0,2,1,entomological journal,Psyche (Camb. Mass.)|Psyche: A Journal of Entomology,Q5633421|Q773668|Q73364223|Q73365499|Q737498|Q773668,,Psyche (entomology journal)
Psyche,Psyche,Q21079313,0,2,1,NASA spacecraft en route to metallic asteroid 16 Psyche,Discovery 14,Q26529|Q928667,,Psyche (spacecraft)
Psyche,Psyche,Q1668564,0,2,1,German psychoanalytic journal (1947-),Psyche (Stuttg)|Psyche: Zeitschrift fuer Psychoanalyse und ihre Anwendungen,Q5633421,,
Psyche,Psyche,Q27113589,0,2,1,given name,,Q202444,,
Psyche,Psyche,Q95105914,0,2,1,vocal track by Nouvelle Vague; 2004 studio recording; cover version,,Q55850593,,
Psyche,Psyche,Q843382,0,2,1,mythical lover of Eros/Cupid,,Q22989102|Q22988604,,Psyche (mythology)
Psyche,psychedelic rock,Q206159,0,2,1,genre of rock music,acid rock|psy rock|psyrock|psych-rock,Q188451,Q11399|Q846119,Psychedelic rock
Psyche,psyche,Q194034,0,2,1,psychological term refering to the group of acts and functions of the mind,,Q33104279,,Psyche (psychology)
Psyche,love,Q316,0,2,2,"strong, positive emotion based on affection",affection,Q16748888|Q1053916,Q5489108|Q1124198|Q9415,Love
Psyche,Love,Q289778,0,2,2,1992 studio album by Thalía,,Q482994,,Love (Thalía album)
Psyche,Love,Q105392014,0,2,2,2021 film directed by Igor Tverdokhlebov,,Q11424,,Love (2021 film)
Psyche,Love,Q6690277,0,2,2,2010 video game,,Q7889,,Love (2010 video game)
Psyche,Love,Q15042433,0,2,2,2013 studio album by Arashi,,Q482994,,Love (Arashi album)
Psyche,Love,Q1872389,0,2,2,2011 film by William Eubank,,Q11424,,Love (2011 film)
Psyche,Love,Q97239837,0,2,2,2019 studio album by d'Masiv,,Q482994,,
Psyche,zero,Q204,0,2,2,integer number zero; neutral element for the addition,o|oh|nought|additive identity|nil|naught|zilch|zip|scratch|love|null|duck,Q245102|Q47371099|Q12503|Q13366104|Q28920052|Q2313686|Q47577|Q2767837|Q2915234,,0
Psyche,Love,Q3837722,0,2,2,album by Foetus,,Q482994,,Love (Foetus album)
Psyche,Love,Q39074118,0,2,2,2008 indie platform game,,Q7889,,Love (2008 video game)
Psyche,Évreux,Q171800,0,2,2,"commune in Eure, France",Evreux|Eureius,Q484170,,Évreux
Psyche,Évreux Cathedral,Q2918846,0,2,2,"cathedral located in Eure, in France",Evreux Cathedral,Q56242215,,Évreux Cathedral
Psyche,Évreux FC 27,Q3592915,0,2,2,French association football club,Evreux FC,Q476028,,Évreux FC 27
Psyche,Évreux Volley-ball,Q3592913,0,2,2,French women's volleyball club,,Q15720476,,
Psyche,Évreux-Fauville Air Base,Q2886452,0,2,2,"French Air Force base near Evreux, Eure, France",base aerienne 105|Evreux-Fauville Air Base|EVX|LFOE|BA 105|BA105|Advanced Landing Ground B-28|B-28|B28|Fauville AB Airport,Q695850,,Évreux-Fauville Air Base
Psyche,arrondissement of Évreux,Q702864,0,2,2,arrondissement of France,arrondissement of Evreux,Q194203,,Arrondissement of Évreux
Psyche,Evreux,Q119270542,0,2,2,"painting by Cathleen Mann (1896–1959), IWM (Imperial War Museums)",,Q3305213,,
Psyche,Évreux Portes de Normandie,Q28494658,0,2,2,French intercommunal structure,,Q18706073,,Évreux Portes de Normandie
Psyche,Évreux Educational Film Festival,Q3070467,0,2,2,,,Q220505,,
Psyche,Évreux Football Club 27,Q3592912,0,2,2,women's association football,,Q476028,,
embroidered heraldic hanging with the Arms of France and of La Rochelle,embroidered heraldic hanging with the Arms of France and of La Rochelle,Q29298160,1,0,1,"wall hanging and national heritage monument (PM17000337) in the Orbigny-Bernon Museum, La Rochelle, Charente-Maritime, France",,Q184296|Q44740228|Q28966302,,
embroidered heraldic hanging with the Arms of France and of La Rochelle,French Arms Tavern,Q5501679,1,0,2,"former historic building in Trenton, New Jersey",City Tavern|City Hotel,Q35112127,,French Arms Tavern
La Rochelle,La Rochelle,Q82185,1,1,1,"French commune and prefecture of Charente-Maritime, New Aquitaine",Rochelle,Q484170|Q2264924|Q515,,La Rochelle
La Rochelle,La Rochelle,Q901852,1,1,1,"commune in Haute-Saône, France",,Q484170,,"La Rochelle, Haute-Saône"
La Rochelle,la Rochelle,Q104825268,1,1,1,family name,la Rochelle (family name)|la Rochelle (surname),Q101352,,
La Rochelle,Stade Rochelais,Q756594,1,1,1,French rugby union club,Atlantique Stade Rochelais|Stade rochelais|La Rochelle,Q14645593,,Stade Rochelais
La Rochelle,La Rochelle,Q28130736,1,1,1,painting by Paul Signac,,Q3305213,,
La Rochelle,La Rochelle,Q28130738,1,1,1,painting by Paul Signac (Barnes BF722),,Q3305213,,
La Rochelle,La Rochelle,Q26953388,1,1,1,"painting by Jean-Baptiste-Camille Corot, Groninger Museum",,Q3305213,,
La Rochelle,La Rochelle,Q49216003,1,1,1,painting by Albert Marquet,,Q3305213,,
La Rochelle,La Rochelle,Q64619131,1,1,1,drawing in the National Gallery of Art (NGA 52320),,Q93184,,
La Rochelle,La Rochelle,Q64573998,1,1,1,drawing in the National Gallery of Art (NGA 10306),,Q93184,,
La Rochelle,municipality of La Rochelle,Q3278472,1,1,2,"municipal government of La Rochelle, Charente-Maritime, France",Administration of La Rochelle|City of La Rochelle|La Rochelle city government,Q86442081,,
La Rochelle,Hôtel de Ville de La Rochelle,Q3146153,1,1,2,"town hall in La Rochelle, France",,Q13226383,,"Hôtel de Ville, La Rochelle"
La Rochelle,town hall of La Rochelle,Q119314042,1,1,2,"town hall located in Haute-Saône department, France",,Q13226383,,
Orbigny-Bernon Museum,Orbigny-Bernon Museum,Q3329549,1,3,1,"museum in La Rochelle, France",,Q33506,,Orbigny-Bernon Museum
Orbigny-Bernon Museum,musée d'Orbigny-Bernon,Q30269026,1,3,2,,,Q1365179,,
Animal Combat,Animal Combat,Q29213983,2,0,1,"tapestry and heritage monument (PM75003539) in the Hôtel de la Marine, Paris, France",,Q184296|Q44740228,,
Animal Combat,Animal Combat,Q79974134,2,0,1,"drawing by Paul B. Travis (American, 1891-1975) (1995.111)",,Q93184,,
Animal Combat,animal combat sport,Q125995881,2,0,1,sport involving fighting or wrestling a non-human animal,animal fighting|animal wrestling,,Q7128792|Q1060018,
8th arrondissement of Paris,8th arrondissement of Paris,Q270230,2,1,1,administrative district of Paris,Paris 8|75008,Q702842,,8th arrondissement of Paris
8th arrondissement of Paris,Hôtel de la Marine,Q2059518,2,1,2,"historic building in Paris, France",Hotel de la Marine,Q41176,,Hôtel de la Marine
8th arrondissement of Paris,hôtel de la Marine,Q3146034,2,1,2,"historic building in Nantes, France",,Q1365179,,Hôtel de la Marine (Nantes)
8th arrondissement of Paris,Hôtel-restaurant de La Marine,Q83610307,2,1,2,"hotel in Saint-Herblain, France",Hôtel de la Marine,Q27686|Q11707,,
8th arrondissement of Paris,Hotel de la Marine,Q77014767,2,1,2,print in the National Gallery of Art (NGA 196913),,Q11060274,,
8th arrondissement of Paris,Hôtel de la Marine,Q111650775,2,1,2,tavern in Lousibourg,,Q154250,,
8th arrondissement of Paris,Hôtel de la Marine,Q64145769,2,1,2,photograph in the National Gallery of Art (NGA 134309),,Q125191,,
8th arrondissement of Paris,"Hôtel de la Marine, renaissance d'un palais",Q120885742,2,1,2,2018 television film directed by Nathalie Plicot,,Q506240,,
8th arrondissement of Paris,Hôtel de la marine (Bordeaux),Q18086048,2,1,2,,,Q2519340,,
8th arrondissement of Paris,Château de Rochefort-sur-Charente,Q2970400,2,1,2,,,Q23413,,
8th arrondissement of Paris,Hôtel de préfecture maritime de Rochefort,Q107906304,2,1,2,,,Q1365179,,
8th arrondissement of Paris,Animal Combat,Q29213983,2,1,2,"tapestry and heritage monument (PM75003539) in the Hôtel de la Marine, Paris, France",,Q184296|Q44740228,,
8th arrondissement of Paris,Animal Combat,Q79974134,2,1,2,"drawing by Paul B. Travis (American, 1891-1975) (1995.111)",,Q93184,,
8th arrondissement of Paris,animal combat sport,Q125995881,2,1,2,sport involving fighting or wrestling a non-human animal,animal fighting|animal wrestling,,Q7128792|Q1060018,
Hôtel de la Marine,Hôtel de la Marine,Q2059518,2,3,1,"historic building in Paris, France",Hotel de la Marine,Q41176,,Hôtel de la Marine
Hôtel de la Marine,hôtel de la Marine,Q3146034,2,3,1,"historic building in Nantes, France",,Q1365179,,Hôtel de la Marine (Nantes)
Hôtel de la Marine,Hôtel-restaurant de La Marine,Q83610307,2,3,1,"hotel in Saint-Herblain, France",Hôtel de la Marine,Q27686|Q11707,,
Hôtel de la Marine,Hotel de la Marine,Q77014767,2,3,1,print in the National Gallery of Art (NGA 196913),,Q11060274,,
Hôtel de la Marine,Hôtel de la Marine,Q111650775,2,3,1,tavern in Lousibourg,,Q154250,,
Hôtel de la Marine,Hôtel de la Marine,Q64145769,2,3,1,photograph in the National Gallery of Art (NGA 134309),,Q125191,,
Hôtel de la Marine,"Hôtel de la Marine, renaissance d'un palais",Q120885742,2,3,1,2018 television film directed by Nathalie Plicot,,Q506240,,
Hôtel de la Marine,Hôtel de la marine (Bordeaux),Q18086048,2,3,1,,,Q2519340,,
Hôtel de la Marine,Château de Rochefort-sur-Charente,Q2970400,2,3,1,,,Q23413,,
Hôtel de la Marine,Hôtel de préfecture maritime de Rochefort,Q107906304,2,3,1,,,Q1365179,,
Two Scenes from the Life of Saint Florent,Two Scenes from the Life of Saint Florent,Q29279642,3,0,1,"tapestry and national heritage monument (PM49000193) in the Château d'Angers, France",,Q184296|Q44740228|Q11086567,,
Two Scenes from the Life of Saint Florent,Château d'Angers,Q1048155,3,0,2,"Castle in Angers, France",,Q751876,,Château d'Angers
Two Scenes from the Life of Saint Florent,chapelle du château d'Angers,Q60342339,3,0,2,"chapel located in Maine-et-Loire, in France",,Q108325,,
Two Scenes from the Life of Saint Florent,Saint-Florent,Q677952,3,0,2,"French commune in Haute-Corse, Corsica",San Fiurenzu|San Fiorenzo|Saint Florent|St. Florent,Q484170|Q532,,"Saint-Florent, Haute-Corse"
Two Scenes from the Life of Saint Florent,Saint-Florent-sur-Cher,Q1172299,3,0,2,"commune in Cher, France",Saint-Florent,Q484170,,Saint-Florent-sur-Cher
Two Scenes from the Life of Saint Florent,Saint-Florent-sur-Auzonnet,Q859709,3,0,2,"commune in Gard, France",Mont-Mayard|Montmajord|Saint-Florent|Sent Florenç d'Ausona,Q484170,,Saint-Florent-sur-Auzonnet
Two Scenes from the Life of Saint Florent,Saint-Florent-le-Jeune,Q967187,3,0,2,"commune in Loiret, France",,Q484170,,Saint-Florent-le-Jeune
Two Scenes from the Life of Saint Florent,Saint-Florentin,Q840511,3,0,2,"commune in Yonne, France",Pont-Civique|Mont-Armance,Q484170,,"Saint-Florentin, Yonne"
Two Scenes from the Life of Saint Florent,Saint-Florent-le-Vieil,Q120161,3,0,2,"former commune in Maine-et-Loire, France",Mont-Glone|Saint-Florent,Q484170|Q21869758,,Saint-Florent-le-Vieil
Two Scenes from the Life of Saint Florent,Saint-Florent-des-Bois,Q1412676,3,0,2,"former commune in Vendée, France",Bois-Milon|Saint-Florent,Q484170|Q21869758,,Saint-Florent-des-Bois
Two Scenes from the Life of Saint Florent,Saint-Florentin,Q1171984,3,0,2,"commune in Indre, France",Les Bruères,Q484170,,"Saint-Florentin, Indre"
Two Scenes from the Life of Saint Florent,Saint Florent,Q106963938,3,0,2,,,Q2175765,,
Two Scenes from the Life of Saint Florent,Saint-Florent,Q28040489,3,0,2,,,Q484170,,
Angers,Angers,Q38380,3,1,1,"commune in Maine-et-Loire, Pays de la Loire, France",Peu-de-Fonds|Fruits-Sucrés|Gaie-Vallée,Q484170|Q1549591|Q515,,Angers
Angers,Angers SCO,Q845137,3,1,1,French football club,Angers Sporting Club de l'Ouest|SCO|SCO of Angers|Angers,Q476028,,Angers SCO
Angers,Angers,Q28660470,3,1,1,"neighbourhood in Gatineau, Quebec, Canada, former municipality",,Q27676420|Q87518090|Q19730508|Q123705,,
Angers,Angers,Q113067510,3,1,1,"post office in Gatineau, Quebec, Canada",,Q35054,,
Angers,Angers,Q16479722,3,1,1,family name,Angers (surname)|Angers (name),Q101352,,Angers (surname)
Angers,Angerstein,Q21504522,3,1,1,family name,,Q101352,,Angerstein
Angers,Angerstraße,Q97707891,3,1,1,"street in the district of Bemerode in Hanover, Germany",,Q79007,,
Angers,371220 Angers,Q29568471,3,1,1,asteroid,2006 BD8|Angers,Q3863,,371220 Angers
Angers,Angers,Q4763139,3,1,1,meteorite fallen in June 1822 in France,,Q60186,,Angers (meteorite)
Angers,Angers (Pauly-Wissowa),Q19828612,3,1,1,encyclopedic article in Paulys Realencyclopädie der classischen Altertumswissenschaft (RE),,Q13433827,,
Angers,Château d'Angers,Q1048155,3,1,2,"Castle in Angers, France",,Q751876,,Château d'Angers
Angers,chapelle du château d'Angers,Q60342339,3,1,2,"chapel located in Maine-et-Loire, in France",,Q108325,,
Angers,Saint-Florent,Q677952,3,1,2,"French commune in Haute-Corse, Corsica",San Fiurenzu|San Fiorenzo|Saint Florent|St. Florent,Q484170|Q532,,"Saint-Florent, Haute-Corse"
Angers,Saint-Florent-sur-Cher,Q1172299,3,1,2,"commune in Cher, France",Saint-Florent,Q484170,,Saint-Florent-sur-Cher
Angers,Saint-Florent-sur-Auzonnet,Q859709,3,1,2,"commune in Gard, France",Mont-Mayard|Montmajord|Saint-Florent|Sent Florenç d'Ausona,Q484170,,Saint-Florent-sur-Auzonnet
Angers,Saint-Florent-le-Jeune,Q967187,3,1,2,"commune in Loiret, France",,Q484170,,Saint-Florent-le-Jeune
Angers,Saint-Florentin,Q840511,3,1,2,"commune in Yonne, France",Pont-Civique|Mont-Armance,Q484170,,"Saint-Florentin, Yonne"
Angers,Saint-Florent-le-Vieil,Q120161,3,1,2,"former commune in Maine-et-Loire, France",Mont-Glone|Saint-Florent,Q484170|Q21869758,,Saint-Florent-le-Vieil
Angers,Saint-Florent-des-Bois,Q1412676,3,1,2,"former commune in Vendée, France",Bois-Milon|Saint-Florent,Q484170|Q21869758,,Saint-Florent-des-Bois
Angers,Saint-Florentin,Q1171984,3,1,2,"commune in Indre, France",Les Bruères,Q484170,,"Saint-Florentin, Indre"
Angers,Saint Florent,Q106963938,3,1,2,,,Q2175765,,
Angers,Saint-Florent,Q28040489,3,1,2,,,Q484170,,
Angers,Two Scenes from the Life of Saint Florent,Q29279642,3,1,2,"tapestry and national heritage monument (PM49000193) in the Château d'Angers, France",,Q184296|Q44740228|Q11086567,,
Château d'Angers,Château d'Angers,Q1048155,3,3,1,"Castle in Angers, France",,Q751876,,Château d'Angers
Château d'Angers,chapelle du château d'Angers,Q60342339,3,3,1,"chapel located in Maine-et-Loire, in France",,Q108325,,
Château d'Angers,Saint-Florent,Q677952,3,3,2,"French commune in Haute-Corse, Corsica",San Fiurenzu|San Fiorenzo|Saint Florent|St. Florent,Q484170|Q532,,"Saint-Florent, Haute-Corse"
Château d'Angers,Saint-Florent-sur-Cher,Q1172299,3,3,2,"commune in Cher, France",Saint-Florent,Q484170,,Saint-Florent-sur-Cher
Château d'Angers,Saint-Florent-sur-Auzonnet,Q859709,3,3,2,"commune in Gard, France",Mont-Mayard|Montmajord|Saint-Florent|Sent Florenç d'Ausona,Q484170,,Saint-Florent-sur-Auzonnet
Château d'Angers,Saint-Florent-le-Jeune,Q967187,3,3,2,"commune in Loiret, France",,Q484170,,Saint-Florent-le-Jeune
Château d'Angers,Saint-Florentin,Q840511,3,3,2,"commune in Yonne, France",Pont-Civique|Mont-Armance,Q484170,,"Saint-Florentin, Yonne"
Château d'Angers,Saint-Florent-le-Vieil,Q120161,3,3,2,"former commune in Maine-et-Loire, France",Mont-Glone|Saint-Florent,Q484170|Q21869758,,Saint-Florent-le-Vieil
Château d'Angers,Saint-Florent-des-Bois,Q1412676,3,3,2,"former commune in Vendée, France",Bois-Milon|Saint-Florent,Q484170|Q21869758,,Saint-Florent-des-Bois
Château d'Angers,Saint-Florentin,Q1171984,3,3,2,"commune in Indre, France",Les Bruères,Q484170,,"Saint-Florentin, Indre"
Château d'Angers,Saint Florent,Q106963938,3,3,2,,,Q2175765,,
Château d'Angers,Saint-Florent,Q28040489,3,3,2,,,Q484170,,
Château d'Angers,Angers,Q38380,3,3,2,"commune in Maine-et-Loire, Pays de la Loire, France",Peu-de-Fonds|Fruits-Sucrés|Gaie-Vallée,Q484170|Q1549591|Q515,,Angers
Château d'Angers,Angers SCO,Q845137,3,3,2,French football club,Angers Sporting Club de l'Ouest|SCO|SCO of Angers|Angers,Q476028,,Angers SCO
Château d'Angers,Angers,Q28660470,3,3,2,"neighbourhood in Gatineau, Quebec, Canada, former municipality",,Q27676420|Q87518090|Q19730508|Q123705,,
Château d'Angers,Angers,Q113067510,3,3,2,"post office in Gatineau, Quebec, Canada",,Q35054,,
Château d'Angers,Angers,Q16479722,3,3,2,family name,Angers (surname)|Angers (name),Q101352,,Angers (surname)
Château d'Angers,Angerstein,Q21504522,3,3,2,family name,,Q101352,,Angerstein
Château d'Angers,Angerstraße,Q97707891,3,3,2,"street in the district of Bemerode in Hanover, Germany",,Q79007,,
Château d'Angers,371220 Angers,Q29568471,3,3,2,asteroid,2006 BD8|Angers,Q3863,,371220 Angers
Château d'Angers,Angers,Q4763139,3,3,2,meteorite fallen in June 1822 in France,,Q60186,,Angers (meteorite)
Château d'Angers,Angers (Pauly-Wissowa),Q19828612,3,3,2,encyclopedic article in Paulys Realencyclopädie der classischen Altertumswissenschaft (RE),,Q13433827,,
The Fates Spinning the Life of Marie de Medici,The Fates Spinning the Life of Marie de Medici,Q29214779,4,0,1,"tapestry and heritage monument (PM75003324) in the headquarters of the Ministry of Foreign Affairs, Paris, France",The Destiny of Marie de Medici,Q184296|Q44740228,,
The Fates Spinning the Life of Marie de Medici,Marie de' Medici,Q182021,4,0,2,Queen of France (1575-1642); second wife of King Henry IV of France,"Maria de' Medici|María de Médici|Marie de Médicis|consort of Henry IV, King of France Marie de Médicis|Queen, consort of Henry IV, King of France Maria de' Medici|Maria de', Queen, consort of Henry IV, King of France Medici|regina consorte di Henri IV, re di Francia Maria de' Medici|Queen consort of Henry IV Marie de Médicis|Queen of France Maria de'Medici|Queen, consort of Henry IV, King of France Marie de Médicis|Maria, Queen, consort of Henry IV, King of France De' Medici|Marie, Queen, consort of Henry IV, King of France De Médicis|reine de France Marie de Médicis|Königin Maria Frankreich|de Médicis, koningin van Frankrijk Maria|Marie de, Queen, consort of Henry IV, King of France Médicis|Maria de'Medici|Maria de Medici|Marie de Medicis|Queen consort of Henry IV Marie de Medicis|reine de France Marie de Medicis|Marie de'Medici",Q5,,Marie de' Medici
The Fates Spinning the Life of Marie de Medici,Marie de Médici,Q20268417,4,0,2,"painting by Frans Pourbus, the Younger",,Q3305213,,
The Fates Spinning the Life of Marie de Medici,Marie de Medici,Q76355704,4,0,2,print in the National Gallery of Art (NGA 126515),,Q11060274,,
The Fates Spinning the Life of Marie de Medici,Marie de Medici,Q65215244,4,0,2,print in the National Gallery of Art (NGA 38538),,Q11060274,,
The Fates Spinning the Life of Marie de Medici,"Marie de Medicis, Consort of Henry IV, King of France",Q17323507,4,0,2,painting by the workshop of Frans Pourbus the Younger,,Q3305213,,
The Fates Spinning the Life of Marie de Medici,"Marie de Medici, Queen of France",Q27699479,4,0,2,painting by Pieter Paul Rubens,,Q3305213,,
The Fates Spinning the Life of Marie de Medici,Marie de Medici (1575-1642),Q28037930,4,0,2,"painting by French School, 17th century",,Q3305213,,
The Fates Spinning the Life of Marie de Medici,Marie de Médicis,Q18145903,4,0,2,sculpture by Louis-Denis Caillouette,,Q179700,,
The Fates Spinning the Life of Marie de Medici,"Marie de Médicis, Royne de France et de Navarre",Q110111074,4,0,2,etching - print made by Antonius Wierix,,Q18218093|Q11060274,,
The Fates Spinning the Life of Marie de Medici,Marie de Medici op bezoek bij P.P. Rubens,Q56363006,4,0,2,Designed by Jean-Baptiste Madou (1796 - 1877),,Q75837457,,
The Fates Spinning the Life of Marie de Medici,7th arrondissement of Paris,Q259463,4,0,2,"municipal arrondissement in Île-de-France, France",7e arrondissement de Paris,Q702842,,7th arrondissement of Paris
The Fates Spinning the Life of Marie de Medici,Ministry of Foreign Affairs building,Q3146306,4,0,2,"historic building at 37 Quai d'Orsay, Paris, France",Hôtel du Ministère des Affaires Etrangères|Quai d'Orsay,Q1365179|Q1220959,,Hôtel du ministre des Affaires étrangères
The Fates Spinning the Life of Marie de Medici,Ministry of Foreign Affairs Building,Q96912064,4,0,2,building in Africa,,Q41176,,
7th arrondissement of Paris,7th arrondissement of Paris,Q259463,4,1,1,"municipal arrondissement in Île-de-France, France",7e arrondissement de Paris,Q702842,,7th arrondissement of Paris
7th arrondissement of Paris,Ministry of Foreign Affairs building,Q3146306,4,1,2,"historic building at 37 Quai d'Orsay, Paris, France",Hôtel du Ministère des Affaires Etrangères|Quai d'Orsay,Q1365179|Q1220959,,Hôtel du ministre des Affaires étrangères
7th arrondissement of Paris,Ministry of Foreign Affairs Building,Q96912064,4,1,2,building in Africa,,Q41176,,
Ministry of Foreign Affairs building,Ministry of Foreign Affairs building,Q3146306,4,3,1,"historic building at 37 Quai d'Orsay, Paris, France",Hôtel du Ministère des Affaires Etrangères|Quai d'Orsay,Q1365179|Q1220959,,Hôtel du ministre des Affaires étrangères
Ministry of Foreign Affairs building,Ministry of Foreign Affairs Building,Q96912064,4,3,1,building in Africa,,Q41176,,
Ministry of Foreign Affairs building,foreign affairs ministry,Q20901295,4,3,2,government department responsible for diplomacy,department of foreign affairs|department of state|state department|ministry of foreign affairs|foreign ministry,,Q192350,Ministry of foreign affairs
Ministry of Foreign Affairs building,Ministry of Foreign Affairs,Q697158,4,3,2,Republic of China Ministry in Taiwan in charge of Foreign Affairs,MOFA,Q20901295|Q10876308,,Ministry of Foreign Affairs (Taiwan)
Ministry of Foreign Affairs building,Ministry of Foreign Affairs of Japan,Q222241,4,3,2,ministry in charge of the diplomatic relations of Japan with other countries,"Ministry of Foreign Affairs|MOFA|MoFA|MOFA Japan|MOFA, Japan|Ministry of Foreign Affairs of Japan",Q15409298|Q20901295,,Ministry of Foreign Affairs (Japan)
Ministry of Foreign Affairs building,Ministry of Foreign Affairs,Q12490747,4,3,2,Indonesian Ministry dealing with international relations,Minister for Foreign Affairs|Ministry of Foreign Affairs of Indonesia|Ministry of Foreign Affairs|Ministry of Foreign Affairs Indonesia|MoFA Indonesia,Q20901295|Q17417403,,Ministry of Foreign Affairs (Indonesia)
Ministry of Foreign Affairs building,Ministry of Foreign Affairs,Q6867005,4,3,2,Czech government ministry,Ministry of Foreign Affairs of the Czech Republic|Ministerstvo zahraničních věcí,Q20901295|Q118495193,,Ministry of Foreign Affairs (Czech Republic)
Ministry of Foreign Affairs building,Ministry of Foreign Affairs (Russian Empire),Q3251811,4,3,2,government ministry in imperial Russia,Ministry of Foreign Affairs,Q20901295,,Ministry of Foreign Affairs of the Russian Empire
Ministry of Foreign Affairs building,Ministry of Foreign Affairs,Q15978652,4,3,2,runs the diplomatic Relations of Hungary with other states,Ministry of Foreign Affairs of Hungary,Q52063153|Q213283,Q20901295,
Ministry of Foreign Affairs building,Ministry of Foreign Action and Open Government,Q54578915,4,3,2,Ministry of the Government of Catalonia,Ministry of Foreign Affairs,Q22961938,Q20901295,
Ministry of Foreign Affairs building,Ministry of Foreign Affairs of the Republic of Korea,Q9405654,4,3,2,runs the diplomatic relations of the Republic of Korea (South Korea) with other countries,MOFA,Q20901295|Q136542063,,Ministry of Foreign Affairs (South Korea)
Ministry of Foreign Affairs building,Ministry of Foreign Affairs,Q6867006,4,3,2,Estonian government ministry,Estonian Ministry of Foreign Affairs|Estonian Foreign Ministry|Republic of Estonia’s Ministry of Foreign Affairs,Q20901295,,Ministry of Foreign Affairs (Estonia)
Ministry of Foreign Affairs building,quai d'Orsay,Q1146988,4,3,2,"thoroughfare in Paris, France",,Q3840711,,Quai d'Orsay
Ministry of Foreign Affairs building,Ministry for Europe and Foreign Affairs,Q789848,4,3,2,French Ministry,Ministry of Foreign Affairs and International Development of France|Quai d'Orsay|France - Ministry for Europe and Foreign Affairs,Q20901295,,Ministry for Europe and Foreign Affairs (France)
Ministry of Foreign Affairs building,Quai d'Orsay,Q3412674,4,3,2,"comic book by Antonin Baudry, Christophe Blain",,Q1004,,
Ministry of Foreign Affairs building,Quai d'Orsay,Q14549501,4,3,2,2013 film by Bertrand Tavernier,The French Minister,Q11424,,The French Minister
Ministry of Foreign Affairs building,Quai d'Orsay,Q96100652,4,3,2,comics series,,Q14406742,,Quai d'Orsay (comics)
Ministry of Foreign Affairs building,Quai d'Orsay,Q3408102,4,3,2,cigar brand,,Q431289,,Quai d'Orsay (cigar)
Ministry of Foreign Affairs building,Quai d'Orsay - Invalides,Q86252394,4,3,2,bicycle-sharing station of Vélib’ Métropole network,,Q61663696,,
Ministry of Foreign Affairs building,"Quai d'Orsay, Paris",Q123667919,4,3,2,painting by Eugène Galien-Laloue,,Q3305213,,
Ministry of Foreign Affairs building,Quai d'Orsay Kuva,Q133347888,4,3,2,,,Q5,,
Ministry of Foreign Affairs building,Hôtel de la Marine,Q2059518,4,3,2,"historic building in Paris, France",Hotel de la Marine,Q41176,,Hôtel de la Marine
Ministry of Foreign Affairs building,hôtel de la Marine,Q3146034,4,3,2,"historic building in Nantes, France",,Q1365179,,Hôtel de la Marine (Nantes)
Ministry of Foreign Affairs building,Hôtel-restaurant de La Marine,Q83610307,4,3,2,"hotel in Saint-Herblain, France",Hôtel de la Marine,Q27686|Q11707,,
Ministry of Foreign Affairs building,Hotel de la Marine,Q77014767,4,3,2,print in the National Gallery of Art (NGA 196913),,Q11060274,,
Ministry of Foreign Affairs building,Hôtel de la Marine,Q111650775,4,3,2,tavern in Lousibourg,,Q154250,,
Ministry of Foreign Affairs building,Hôtel de la Marine,Q64145769,4,3,2,photograph in the National Gallery of Art (NGA 134309),,Q125191,,
Ministry of Foreign Affairs building,"Hôtel de la Marine, renaissance d'un palais",Q120885742,4,3,2,2018 television film directed by Nathalie Plicot,,Q506240,,
Ministry of Foreign Affairs building,Hôtel de la marine (Bordeaux),Q18086048,4,3,2,,,Q2519340,,
Ministry of Foreign Affairs building,Château de Rochefort-sur-Charente,Q2970400,4,3,2,,,Q23413,,
Ministry of Foreign Affairs building,Hôtel de préfecture maritime de Rochefort,Q107906304,4,3,2,,,Q1365179,,
The Vocation and Consecration of Saint Remy,The Vocation and Consecration of Saint Remy,Q29183671,5,0,1,"tapestry and national heritage monument (PM51001579) in the Basilica of Saint-Remi, Reims, France",The Vocation and Consecration of Saint Remigius,Q184296|Q44740228,,
The Vocation and Consecration of Saint Remy,Saint-Rémy-de-Provence,Q221507,5,0,2,"commune in Bouches-du-Rhône, France",Saint-Rémy|Saint-Remy|Glanum|Sant Romieg de Provença|Sant Roumié de Prouvènço,Q484170,,Saint-Rémy-de-Provence
The Vocation and Consecration of Saint Remy,Saint-Remy,Q217639,5,0,2,"commune in Vosges, France",Chêne-Libre,Q484170,,"Saint-Remy, Vosges"
The Vocation and Consecration of Saint Remy,Saint-Rémy,Q1624645,5,0,2,"commune in Saône-et-Loire, France",Bellevue-sur-Saône,Q484170,,"Saint-Rémy, Saône-et-Loire"
The Vocation and Consecration of Saint Remy,Saint-Remy-sous-Barbuise,Q1363856,5,0,2,"commune in Aube, France",Saint-Remy,Q484170,,Saint-Remy-sous-Barbuise
The Vocation and Consecration of Saint Remy,Saint-Remy-en-Bouzemont-Saint-Genest-et-Isson,Q42012,5,0,2,"commune in Marne, France",Saint-Remy-en-Bouzemont (réunie à Saint-Remy-en-Bouzemont-Saint-Genest-et-Isson)|Bouzemont|Saint-Genest (réunie à Saint-Remy-en-Bouzemont-Saint-Genest-et-Isson)|La Fraternité|Montgenest|Saint-Remy,Q484170,,Saint-Remy-en-Bouzemont-Saint-Genest-et-Isson
The Vocation and Consecration of Saint Remy,Saint-Remy-en-l'Eau,Q1365239,5,0,2,"commune in Oise, France",Saint-Remy,Q484170,,Saint-Remy-en-l'Eau
The Vocation and Consecration of Saint Remy,Saint-Remy-Chaussée,Q657789,5,0,2,"commune in Nord, France",Saint-Remy,Q484170,,Saint-Remy-Chaussée
The Vocation and Consecration of Saint Remy,Saint-Rémy,Q679713,5,0,2,"commune in Ain, France",Bellevue-sur-Veyle,Q484170,,"Saint-Rémy, Ain"
The Vocation and Consecration of Saint Remy,Saint-Remy-du-Nord,Q655174,5,0,2,"commune in Nord, France",Saint-Remy,Q484170,,Saint-Remy-du-Nord
The Vocation and Consecration of Saint Remy,Saint-Remy-sur-Bussy,Q1224707,5,0,2,"commune in Marne, France",Somme-Bussy|Somme-Remy-sur-Bussy-les-Mottes|Somremy-sur-Bussy|Saint-Remy,Q484170,,Saint-Remy-sur-Bussy
The Vocation and Consecration of Saint Remy,Saint Remigius,Q367208,5,0,2,French archbishop and saint,Rémi|Remy|St. Remigius,Q5,,Saint Remigius
The Vocation and Consecration of Saint Remy,Saint Remigius,Q45989004,5,0,2,"statue in Eschau, France",,Q179700,,
The Vocation and Consecration of Saint Remy,Saint Remigius,Q64959841,5,0,2,print in the National Gallery of Art (NGA 5294),,Q11060274,,
The Vocation and Consecration of Saint Remy,Saint Remigius Replenishing the Barrel of Wine; (interior) Saint Remigius and the Burning Wheat,Q19911553,5,0,2,painting by Swiss Painter,,Q3305213,,
The Vocation and Consecration of Saint Remy,Saint Remigius church of Aclou,Q41750997,5,0,2,"church located in Eure, in France",,Q16970,,
The Vocation and Consecration of Saint Remy,"Saint Remy Gives Clovis a Barrel of Wine, The Punishment of a Miller, Story of Saint Genebaldo",Q29183668,5,0,2,"tapestry and national heritage monument (PM51001582) in the Basilica of Saint-Remi, Reims, France","Saint Remigius Gives Clovis a Barrel of Wine, The Punishment of a Miller, Story of Saint Genebaldo",Q184296|Q44740228,,
The Vocation and Consecration of Saint Remy,Saint Remigius chapel,Q1947587,5,0,2,"chapel in Fisenne, Belgium",,Q16970,,
The Vocation and Consecration of Saint Remy,Saint Remigius Church (Boucheporn),Q3584319,5,0,2,"church located in Moselle, in France",,Q16970,,
The Vocation and Consecration of Saint Remy,Saint Remigius Church,Q66614267,5,0,2,"parish church in Neustadt an der Weinstraße, Germany",,Q317557,,
The Vocation and Consecration of Saint Remy,Saint Remigius Church (Franc-Waret),Q2423236,5,0,2,"church in Fernelmont, Belgium",,Q16970|Q24398318,,
The Vocation and Consecration of Saint Remy,Musée Saint-Remi,Q23596705,5,0,2,museum in France,,Q33506,,Musée Saint-Remi
Reims,Reims,Q41876,5,1,1,"city in Marne, France",Rheims,Q484170|Q1549591,,Reims
Reims,Reims-la-Brûlée,Q616652,5,1,1,"commune in Marne, France",Reims,Q484170,,Reims-la-Brûlée
Reims,Reims,Q125384203,5,1,1,family name,,Q101352,,
Reims,Museum of Fine Arts of Reims,Q3330225,5,1,1,"museum in Reims, France",Musée des Beaux-Arts de Reims|Reims museum,Q207694,,"Museum of Fine Arts, Reims"
Reims,12280 Reims,Q770316,5,1,1,asteroid,Reims,Q3863,,12280 Reims
Reims,Reims Cathedral,Q206823,5,1,1,Roman Catholic cathedral of Reims in France,Notre-Dame de Reims,Q56242215,,Reims Cathedral
Reims,Reims-Cessna F406 Caravan II,Q1668182,5,1,1,1983 utility aircraft model by Reims Aviation,Reims-Cessna 406 Caravan II|Reims F406 Caravan II|Reims 406 Caravan II|406 Caravan II|Caravan II|F406 Caravan II,Q45296117,Q68072093,Reims-Cessna F406 Caravan II
Reims,Reims,Q3423821,5,1,1,ship,,Q782984,,
Reims,Reimsbach,Q2140235,5,1,1,human settlement in Germany,,Q253019|Q262166,,Reimsbach
Reims,Reims Champagne Hockey,Q1312922,5,1,1,"ice hockey club in Reims, France",,Q4498974,,
Reims,Reims Cathedral,Q80015527,5,1,2,"print by Auguste Louis Lepère (French, 1849-1918) (1940.888)",,Q11060274,,
Reims,Reims Cathedral,Q80018824,5,1,2,"print by Auguste Louis Lepère (French, 1849-1918) (1942.746)",,Q11060274,,
Reims,Reims Cathedral (Cathedrale de Reims),Q65019018,5,1,2,print in the National Gallery of Art (NGA 8474),,Q11060274,,
Reims,"Reims Cathedral, France",Q119174079,5,1,2,"painting by Milly Childers (1866–1922), Leeds Art Gallery, Leeds Museums and Galleries",,Q3305213,,
Saint Remigius,Saint Remigius,Q367208,5,2,1,French archbishop and saint,Rémi|Remy|St. Remigius,Q5,,Saint Remigius
Saint Remigius,Saint Remigius,Q45989004,5,2,1,"statue in Eschau, France",,Q179700,,
Saint Remigius,Saint Remigius,Q64959841,5,2,1,print in the National Gallery of Art (NGA 5294),,Q11060274,,
Saint Remigius,Saint Remigius Replenishing the Barrel of Wine; (interior) Saint Remigius and the Burning Wheat,Q19911553,5,2,1,painting by Swiss Painter,,Q3305213,,
Saint Remigius,Saint Remigius church of Aclou,Q41750997,5,2,1,"church located in Eure, in France",,Q16970,,
Saint Remigius,"Saint Remy Gives Clovis a Barrel of Wine, The Punishment of a Miller, Story of Saint Genebaldo",Q29183668,5,2,1,"tapestry and national heritage monument (PM51001582) in the Basilica of Saint-Remi, Reims, France","Saint Remigius Gives Clovis a Barrel of Wine, The Punishment of a Miller, Story of Saint Genebaldo",Q184296|Q44740228,,
Saint Remigius,Saint Remigius chapel,Q1947587,5,2,1,"chapel in Fisenne, Belgium",,Q16970,,
Saint Remigius,Saint Remigius Church (Boucheporn),Q3584319,5,2,1,"church located in Moselle, in France",,Q16970,,
Saint Remigius,Saint Remigius Church,Q66614267,5,2,1,"parish church in Neustadt an der Weinstraße, Germany",,Q317557,,
Saint Remigius,Saint Remigius Church (Franc-Waret),Q2423236,5,2,1,"church in Fernelmont, Belgium",,Q16970|Q24398318,,
Saint Remigius,Saint-Rémy-de-Provence,Q221507,5,2,2,"commune in Bouches-du-Rhône, France",Saint-Rémy|Saint-Remy|Glanum|Sant Romieg de Provença|Sant Roumié de Prouvènço,Q484170,,Saint-Rémy-de-Provence
Saint Remigius,Saint-Remy,Q217639,5,2,2,"commune in Vosges, France",Chêne-Libre,Q484170,,"Saint-Remy, Vosges"
Saint Remigius,Saint-Rémy,Q1624645,5,2,2,"commune in Saône-et-Loire, France",Bellevue-sur-Saône,Q484170,,"Saint-Rémy, Saône-et-Loire"
Saint Remigius,Saint-Remy-sous-Barbuise,Q1363856,5,2,2,"commune in Aube, France",Saint-Remy,Q484170,,Saint-Remy-sous-Barbuise
Saint Remigius,Saint-Remy-en-Bouzemont-Saint-Genest-et-Isson,Q42012,5,2,2,"commune in Marne, France",Saint-Remy-en-Bouzemont (réunie à Saint-Remy-en-Bouzemont-Saint-Genest-et-Isson)|Bouzemont|Saint-Genest (réunie à Saint-Remy-en-Bouzemont-Saint-Genest-et-Isson)|La Fraternité|Montgenest|Saint-Remy,Q484170,,Saint-Remy-en-Bouzemont-Saint-Genest-et-Isson
Saint Remigius,Saint-Remy-en-l'Eau,Q1365239,5,2,2,"commune in Oise, France",Saint-Remy,Q484170,,Saint-Remy-en-l'Eau
Saint Remigius,Saint-Remy-Chaussée,Q657789,5,2,2,"commune in Nord, France",Saint-Remy,Q484170,,Saint-Remy-Chaussée
Saint Remigius,Saint-Rémy,Q679713,5,2,2,"commune in Ain, France",Bellevue-sur-Veyle,Q484170,,"Saint-Rémy, Ain"
Saint Remigius,Saint-Remy-du-Nord,Q655174,5,2,2,"commune in Nord, France",Saint-Remy,Q484170,,Saint-Remy-du-Nord
Saint Remigius,Saint-Remy-sur-Bussy,Q1224707,5,2,2,"commune in Marne, France",Somme-Bussy|Somme-Remy-sur-Bussy-les-Mottes|Somremy-sur-Bussy|Saint-Remy,Q484170,,Saint-Remy-sur-Bussy
Saint Remigius,Saint-Remimont,Q371623,5,2,2,"commune in Meurthe-et-Moselle, France",,Q484170,,"Saint-Remimont, Meurthe-et-Moselle"
Saint Remigius,Saint-Remimont,Q656050,5,2,2,"commune in Vosges, France",,Q484170,,"Saint-Remimont, Vosges"
Saint Remigius,Saint-Rémi-de-Tingwick,Q3463306,5,2,2,"municipality in Arthabaska, Quebec, Canada","Saint-Remi-de-Tingwick|Saint-Rémi-de-Tingwick, Quebec",Q27676428|Q27676524|Q27676428,,Saint-Rémi-de-Tingwick
Saint Remigius,Saint-Rémi,Q142504,5,2,2,"town in Quebec, Canada","Saint-Remi, Quebec|Saint‑Remi, QC",Q27676416,,"Saint-Rémi, Quebec"
Saint Remigius,Saint-Rémi,Q2384807,5,2,2,"Catholic parish in Price, Quebec, Canada",,Q17143723,,
Saint Remigius,Saint-Rémi,Q112912744,5,2,2,"Catholic parish in Montréal, Quebec, Canada",,Q17143723,,
Saint Remigius,Saint-Rémi,Q112912747,5,2,2,"Catholic parish in Lac-aux-Sables, Quebec, Canada",,Q17143723,,
Saint Remigius,Saint-Rémi,Q112912746,5,2,2,"Catholic parish in Amherst, Quebec, Canada",,Q17143723,,
Saint Remigius,Saint-Rémi,Q112912743,5,2,2,"Catholic parish in Saint-Rémi, Quebec, Canada",,Q17143723,,
Musée Saint-Remi,Musée Saint-Remi,Q23596705,5,3,1,museum in France,,Q33506,,Musée Saint-Remi
Musée Saint-Remi,Saint-Rémy-de-Provence,Q221507,5,3,2,"commune in Bouches-du-Rhône, France",Saint-Rémy|Saint-Remy|Glanum|Sant Romieg de Provença|Sant Roumié de Prouvènço,Q484170,,Saint-Rémy-de-Provence
Musée Saint-Remi,Saint-Remy,Q217639,5,3,2,"commune in Vosges, France",Chêne-Libre,Q484170,,"Saint-Remy, Vosges"
Musée Saint-Remi,Saint-Rémy,Q1624645,5,3,2,"commune in Saône-et-Loire, France",Bellevue-sur-Saône,Q484170,,"Saint-Rémy, Saône-et-Loire"
Musée Saint-Remi,Saint-Remy-sous-Barbuise,Q1363856,5,3,2,"commune in Aube, France",Saint-Remy,Q484170,,Saint-Remy-sous-Barbuise
Musée Saint-Remi,Saint-Remy-en-Bouzemont-Saint-Genest-et-Isson,Q42012,5,3,2,"commune in Marne, France",Saint-Remy-en-Bouzemont (réunie à Saint-Remy-en-Bouzemont-Saint-Genest-et-Isson)|Bouzemont|Saint-Genest (réunie à Saint-Remy-en-Bouzemont-Saint-Genest-et-Isson)|La Fraternité|Montgenest|Saint-Remy,Q484170,,Saint-Remy-en-Bouzemont-Saint-Genest-et-Isson
Musée Saint-Remi,Saint-Remy-en-l'Eau,Q1365239,5,3,2,"commune in Oise, France",Saint-Remy,Q484170,,Saint-Remy-en-l'Eau
Musée Saint-Remi,Saint-Remy-Chaussée,Q657789,5,3,2,"commune in Nord, France",Saint-Remy,Q484170,,Saint-Remy-Chaussée
Musée Saint-Remi,Saint-Rémy,Q679713,5,3,2,"commune in Ain, France",Bellevue-sur-Veyle,Q484170,,"Saint-Rémy, Ain"
Musée Saint-Remi,Saint-Remy-du-Nord,Q655174,5,3,2,"commune in Nord, France",Saint-Remy,Q484170,,Saint-Remy-du-Nord
Musée Saint-Remi,Saint-Remy-sur-Bussy,Q1224707,5,3,2,"commune in Marne, France",Somme-Bussy|Somme-Remy-sur-Bussy-les-Mottes|Somremy-sur-Bussy|Saint-Remy,Q484170,,Saint-Remy-sur-Bussy
Musée Saint-Remi,Reims,Q41876,5,3,2,"city in Marne, France",Rheims,Q484170|Q1549591,,Reims
Musée Saint-Remi,Reims-la-Brûlée,Q616652,5,3,2,"commune in Marne, France",Reims,Q484170,,Reims-la-Brûlée
Musée Saint-Remi,Reims,Q125384203,5,3,2,family name,,Q101352,,
Musée Saint-Remi,Museum of Fine Arts of Reims,Q3330225,5,3,2,"museum in Reims, France",Musée des Beaux-Arts de Reims|Reims museum,Q207694,,"Museum of Fine Arts, Reims"
Musée Saint-Remi,12280 Reims,Q770316,5,3,2,asteroid,Reims,Q3863,,12280 Reims
Musée Saint-Remi,Reims Cathedral,Q206823,5,3,2,Roman Catholic cathedral of Reims in France,Notre-Dame de Reims,Q56242215,,Reims Cathedral
Musée Saint-Remi,Reims-Cessna F406 Caravan II,Q1668182,5,3,2,1983 utility aircraft model by Reims Aviation,Reims-Cessna 406 Caravan II|Reims F406 Caravan II|Reims 406 Caravan II|406 Caravan II|Caravan II|F406 Caravan II,Q45296117,Q68072093,Reims-Cessna F406 Caravan II
Musée Saint-Remi,Reims,Q3423821,5,3,2,ship,,Q782984,,
Musée Saint-Remi,Reimsbach,Q2140235,5,3,2,human settlement in Germany,,Q253019|Q262166,,Reimsbach
Musée Saint-Remi,Reims Champagne Hockey,Q1312922,5,3,2,"ice hockey club in Reims, France",,Q4498974,,
Musée Saint-Remi,Saint Remigius,Q367208,5,3,2,French archbishop and saint,Rémi|Remy|St. Remigius,Q5,,Saint Remigius
Musée Saint-Remi,Saint Remigius,Q45989004,5,3,2,"statue in Eschau, France",,Q179700,,
Musée Saint-Remi,Saint Remigius,Q64959841,5,3,2,print in the National Gallery of Art (NGA 5294),,Q11060274,,
Musée Saint-Remi,Saint Remigius Replenishing the Barrel of Wine; (interior) Saint Remigius and the Burning Wheat,Q19911553,5,3,2,painting by Swiss Painter,,Q3305213,,
Musée Saint-Remi,Saint Remigius church of Aclou,Q41750997,5,3,2,"church located in Eure, in France",,Q16970,,
Musée Saint-Remi,"Saint Remy Gives Clovis a Barrel of Wine, The Punishment of a Miller, Story of Saint Genebaldo",Q29183668,5,3,2,"tapestry and national heritage monument (PM51001582) in the Basilica of Saint-Remi, Reims, France","Saint Remigius Gives Clovis a Barrel of Wine, The Punishment of a Miller, Story of Saint Genebaldo",Q184296|Q44740228,,
Musée Saint-Remi,Saint Remigius chapel,Q1947587,5,3,2,"chapel in Fisenne, Belgium",,Q16970,,
Musée Saint-Remi,Saint Remigius Church (Boucheporn),Q3584319,5,3,2,"church located in Moselle, in France",,Q16970,,
Musée Saint-Remi,Saint Remigius Church,Q66614267,5,3,2,"parish church in Neustadt an der Weinstraße, Germany",,Q317557,,
Musée Saint-Remi,Saint Remigius Church (Franc-Waret),Q2423236,5,3,2,"church in Fernelmont, Belgium",,Q16970|Q24398318,,
The Story of Scipio,Six tapestries from The Story of Scipio,Q29320387,6,0,1,"tapestry series and national heritage monument (PM13000978) in the Château de Tarascon, France",The Story of Scipio Africanus|The Story of Scipio|Deeds and Triumphs of Scipio,Q18609875|Q79141101,,
The Story of Scipio,The Story of Scipio,Q83563936,6,0,1,"tapestry series after designs by Giulio Romano and Gianfrancesco Penni, extant in mutiple editions",Scipio Tapestries|Story of Scipio|Deeds and Triumphs of Scipio Africanus|The Story of Scipio Africanus|Deeds and Triumphs of Scipio,Q18609875|Q18609861,,
The Story of Scipio,The Story of Scipio,Q86373186,6,0,1,"tapestry series in the Château de Chambord, France",Scipio Tapestries|Story of Scipio|Deeds and Triumphs of Scipio Africanus|The Story of Scipio Africanus|Deeds and Triumphs of Scipio,Q18609875|Q44740228,,
The Story of Scipio,Scipio Africanus,Q2253,6,0,2,Roman general and politician (236/235–183 BC),"Publius Cornelius Scipio Africanus|Scipio the Great|Scipio the Elder|Scipio the African|Publius Cornelius Scipio Africanus Major|Scipio Africanus the Elder|Africanus Scipio|P. Cornelius Scipio, the Elder",Q5,,Scipio Africanus
The Story of Scipio,Scipio Aemilianus,Q2307,6,0,2,Roman politician and general (185–129 BC),"Publius Cornelius Scipio Aemilianus Africanus Numantinus|Scipio Africanus Minor|Publius Cornelius Scipio Aemilianus Africanus|P. Cornelius Scipio, the Younger",Q5,,Scipio Aemilianus
The Story of Scipio,Scipio Africanus,Q28168719,6,0,2,painting by David Teniers after Andrea Schiavone,,Q3305213,,
The Story of Scipio,Scipio Africanus,Q63814736,6,0,2,sculpture in the National Gallery of Art (NGA 43886),,Q838948|Q860861,,
The Story of Scipio,Scipio Africanus,Q7434013,6,0,2,West African British slave,,Q5,,Scipio Africanus (slave)
The Story of Scipio,Scipio Africanus: The Defeat of Hannibal,Q1717918,6,0,2,1937 film by Carmine Gallone,Scipione l'Africano|The Defeat of Hannibal,Q11424,,Scipio Africanus: The Defeat of Hannibal
The Story of Scipio,Scipio Africanus,Q1214197,6,0,2,Wikimedia disambiguation page,,Q22808320,,Scipio Africanus (disambiguation)
The Story of Scipio,Scipio Africanus,Q104856222,6,0,2,1718 play,,Q7725634,,Scipio Africanus (play)
The Story of Scipio,Scipio Africanus,Q116306817,6,0,2,"panel at the Metropolitan Museum of Art (MET, 1997.26)",,Q1348059,,
The Story of Scipio,Scipio Africanus,Q48244673,6,0,2,,,Q11060274,,
The Story of Scipio,Château de Chambord,Q205367,6,0,2,"castle in Chambord, Centre-Val de Loire, France",château de Chambord|Chambord Castle|castle of Chambord|Chambord,Q751876,,Château de Chambord
The Story of Scipio,Chateau de Chambord,Q129994121,6,0,2,,,Q838948,,
The Story of Scipio,"Château de Chambord. Representation of a model of the core, ""Le château de bois"", of c. 1519",Q110715656,6,0,2,,,Q93184,,
The Story of Scipio,chapelle du château de Chambord,Q60342395,6,0,2,"chapel located in Loir-et-Cher, in France",,Q108325,,
Scipio Africanus,Scipio Africanus,Q2253,6,2,1,Roman general and politician (236/235–183 BC),"Publius Cornelius Scipio Africanus|Scipio the Great|Scipio the Elder|Scipio the African|Publius Cornelius Scipio Africanus Major|Scipio Africanus the Elder|Africanus Scipio|P. Cornelius Scipio, the Elder",Q5,,Scipio Africanus
Scipio Africanus,Scipio Aemilianus,Q2307,6,2,1,Roman politician and general (185–129 BC),"Publius Cornelius Scipio Aemilianus Africanus Numantinus|Scipio Africanus Minor|Publius Cornelius Scipio Aemilianus Africanus|P. Cornelius Scipio, the Younger",Q5,,Scipio Aemilianus
Scipio Africanus,Scipio Africanus,Q28168719,6,2,1,painting by David Teniers after Andrea Schiavone,,Q3305213,,
Scipio Africanus,Scipio Africanus,Q63814736,6,2,1,sculpture in the National Gallery of Art (NGA 43886),,Q838948|Q860861,,
Scipio Africanus,Scipio Africanus,Q7434013,6,2,1,West African British slave,,Q5,,Scipio Africanus (slave)
Scipio Africanus,Scipio Africanus: The Defeat of Hannibal,Q1717918,6,2,1,1937 film by Carmine Gallone,Scipione l'Africano|The Defeat of Hannibal,Q11424,,Scipio Africanus: The Defeat of Hannibal
Scipio Africanus,Scipio Africanus,Q1214197,6,2,1,Wikimedia disambiguation page,,Q22808320,,Scipio Africanus (disambiguation)
Scipio Africanus,Scipio Africanus,Q104856222,6,2,1,1718 play,,Q7725634,,Scipio Africanus (play)
Scipio Africanus,Scipio Africanus,Q116306817,6,2,1,"panel at the Metropolitan Museum of Art (MET, 1997.26)",,Q1348059,,
Scipio Africanus,Scipio Africanus,Q48244673,6,2,1,,,Q11060274,,
Scipio Africanus,Adam Weishaupt,Q159481,6,2,2,German philosopher and founder of the Illuminati (1748–1830),Johann Adam Weishaupt,Q5,,Adam Weishaupt
Scipio Africanus,Scipio Aemilianus. A. E. Astin,Q59743063,6,2,2,,,Q13442814,,
Scipio Africanus,SCIPIO AEMILIANUS AND GREEK ETHICS,Q129503330,6,2,2,scholarly article,,Q13442814,,
Scipio Africanus,Publius Cornelius Scipio Africanus,Q56193716,6,2,2,"toscan marble relief, Louvre",,Q14562306,,
Scipio Africanus,Publius Cornelius Scipio,Q1241388,6,2,2,Eldest son of Scipio Africanus (died 170 BC),,Q5,,Publius Cornelius Scipio (son of Scipio Africanus)
Scipio Africanus,Publius Cornelius Scipio Africanus,Q22077672,6,2,2,,,Q11060274,,
Scipio Africanus,Publius Cornelius Scipio Africanus bust,Q125317070,6,2,2,,,Q241045,,
Château de Chambord,Château de Chambord,Q205367,6,3,1,"castle in Chambord, Centre-Val de Loire, France",château de Chambord|Chambord Castle|castle of Chambord|Chambord,Q751876,,Château de Chambord
Château de Chambord,Chateau de Chambord,Q129994121,6,3,1,,,Q838948,,
Château de Chambord,"Château de Chambord. Representation of a model of the core, ""Le château de bois"", of c. 1519",Q110715656,6,3,1,,,Q93184,,
Château de Chambord,chapelle du château de Chambord,Q60342395,6,3,1,"chapel located in Loir-et-Cher, in France",,Q108325,,
Château de Chambord,Scipio Africanus,Q2253,6,3,2,Roman general and politician (236/235–183 BC),"Publius Cornelius Scipio Africanus|Scipio the Great|Scipio the Elder|Scipio the African|Publius Cornelius Scipio Africanus Major|Scipio Africanus the Elder|Africanus Scipio|P. Cornelius Scipio, the Elder",Q5,,Scipio Africanus
Château de Chambord,Scipio Aemilianus,Q2307,6,3,2,Roman politician and general (185–129 BC),"Publius Cornelius Scipio Aemilianus Africanus Numantinus|Scipio Africanus Minor|Publius Cornelius Scipio Aemilianus Africanus|P. Cornelius Scipio, the Younger",Q5,,Scipio Aemilianus
Château de Chambord,Scipio Africanus,Q28168719,6,3,2,painting by David Teniers after Andrea Schiavone,,Q3305213,,
Château de Chambord,Scipio Africanus,Q63814736,6,3,2,sculpture in the National Gallery of Art (NGA 43886),,Q838948|Q860861,,
Château de Chambord,Scipio Africanus,Q7434013,6,3,2,West African British slave,,Q5,,Scipio Africanus (slave)
Château de Chambord,Scipio Africanus: The Defeat of Hannibal,Q1717918,6,3,2,1937 film by Carmine Gallone,Scipione l'Africano|The Defeat of Hannibal,Q11424,,Scipio Africanus: The Defeat of Hannibal
Château de Chambord,Scipio Africanus,Q1214197,6,3,2,Wikimedia disambiguation page,,Q22808320,,Scipio Africanus (disambiguation)
Château de Chambord,Scipio Africanus,Q104856222,6,3,2,1718 play,,Q7725634,,Scipio Africanus (play)
Château de Chambord,Scipio Africanus,Q116306817,6,3,2,"panel at the Metropolitan Museum of Art (MET, 1997.26)",,Q1348059,,
Château de Chambord,Scipio Africanus,Q48244673,6,3,2,,,Q11060274,,
The Dead Christ,The Dead Christ,Q79911898,7,0,1,"drawing by Albrecht Dürer (German, 1471-1528) (1952.531)",Dead Christ lying on the ground,Q93184,,
The Dead Christ,The dead Christ,Q27751673,7,0,1,painting by Juan Antonio de Frías y Escalante,,Q3305213,,
The Dead Christ,The Dead Christ,Q98150523,7,0,1,painting by Cima Da Conegliano,,Q3305213,,
The Dead Christ,The Dead Christ,Q29263221,7,0,1,"historical monument painting (PM12000443) located in Rodez (Aveyron, France)",,Q3305213,,
The Dead Christ,The Dead Christ,Q26493203,7,0,1,painting by Venetian Italian,The Man of Sorrows,Q3305213,,
The Dead Christ,The Dead Christ,Q63809950,7,0,1,sculpture in the National Gallery of Art (NGA 1415),,Q838948|Q860861,,
The Dead Christ,The Dead Christ,Q28032700,7,0,1,painting by After Nicolas Poussin,,Q3305213,,
The Dead Christ,The dead Christ,Q114745308,7,0,1,,,Q3305213,,
The Dead Christ,The Dead Christ,Q108741939,7,0,1,drawing by Okänd,,Q93184,,
The Dead Christ,The Dead Christ,Q26706169,7,0,1,painting by Ercole de' Roberti,The Dead Christ,Q3305213,,
The Dead Christ,Christ the Redeemer,Q79961,7,0,2,"colossal statue of Jesus in Rio de Janeiro, Brazil",Christ the Redeemer statue,Q29168169|Q15135589|Q1779653|Q179700|Q4989906,,Christ the Redeemer (statue)
The Dead Christ,Christ the Redeemer,Q3697586,7,0,2,painting by Andrea Mantegna,,Q3305213,,Christ the Redeemer (Mantegna)
The Dead Christ,Christ the Redeemer,Q3945930,7,0,2,painting by Andrea del Sarto,,Q3305213,,
The Dead Christ,Christ the Redeemer,Q5109001,7,0,2,Russian icon,Saviour,Q132137|Q3305213,,
The Dead Christ,Christ the Redeemer of the Andes,Q69992,7,0,2,statue on the border between Chile and Argentina,,Q29168168|Q2434238,,Christ the Redeemer of the Andes
The Dead Christ,Christ the Redeemer,Q106767393,7,0,2,painting by Matteo Rosselli,,Q3305213,,
The Dead Christ,Christ the Redeemer,Q52228107,7,0,2,painting by after Andrea del Sarto,,Q3305213,,
The Dead Christ,Christ the Redeemer,Q131704772,7,0,2,painting by Antonio da Correggio in the Pinacoteca Vaticana,Christ the Redeemer (Correggio)|Christ in Glory (Correggio),Q3305213,,
The Dead Christ,Christ the Redeemer,Q105100205,7,0,2,"church in Southall, Middlesex",,Q16970,,
The Dead Christ,Christ the Redeemer,Q123751969,7,0,2,painting by Titian,,Q3305213,,
The Dead Christ,Christ of Saint John of the Cross,Q25749,7,0,2,painting by Salvador Dali,The Christ,Q3305213,,Christ of Saint John of the Cross
5th arrondissement of Paris,5th arrondissement of Paris,Q238723,7,1,1,"one of the 20 administrative districts of Paris, France",,Q702842,,5th arrondissement of Paris
5th arrondissement of Paris,Église Saint-Médard,Q574970,7,1,2,"roman catholic church located in Paris, in France",,Q16970,,"Saint-Médard, Paris"
5th arrondissement of Paris,Église Saint-Médard,Q22962068,7,1,2,"church located in Pas-de-Calais, in France",,Q16970,,
5th arrondissement of Paris,Église Saint-Médard,Q3583268,7,1,2,"church located in Somme, in France",,Q16970,,
5th arrondissement of Paris,Église Saint-Médard,Q22997323,7,1,2,"church located in Orne, in France",,Q16970,,
5th arrondissement of Paris,Église Saint-Médard,Q27443162,7,1,2,"church located in Mayenne, in France",,Q16970,,
5th arrondissement of Paris,Église Saint-Médard,Q41795693,7,1,2,"church located in Sarthe, in France",,Q16970,,
5th arrondissement of Paris,Église Saint-Médard,Q41766062,7,1,2,"church located in Landes, in France",,Q16970,,
5th arrondissement of Paris,Église Saint-Médard,Q22954667,7,1,2,"church located in Charente, in France",,Q16970,,
5th arrondissement of Paris,Église Saint-Médard,Q41746949,7,1,2,"church located in Charente-Maritime, in France",,Q16970,,
5th arrondissement of Paris,Église Saint-Médard,Q22996178,7,1,2,"church located in Dordogne, in France",,Q16970,,
Passion,Passion,Q3016883,7,2,1,2012 film by Brian De Palma,,Q11424,,Passion (2012 film)
Passion,Passion: Music for The Last Temptation of Christ,Q662635,7,2,1,1989 soundtrack album by Peter Gabriel,Passion,Q482994,,Passion (Peter Gabriel album)
Passion,Passion,Q740836,7,2,1,2005 single by Hikaru Utada,Sanctuary,Q134556|Q7366,,Passion (Hikaru Utada song)
Passion,Passion,Q2715432,7,2,1,album by Geri Halliwell,,Q482994,,Passion (Geri Halliwell album)
Passion,Passion,Q7142703,7,2,1,2010 album by In-Grid,,Q482994,,Passion (In-Grid album)
Passion,Passion,Q12895215,7,2,1,,,Q5,,
Passion,Passion,Q17150924,7,2,1,1991 studio album by Steve Laury,,Q482994,,Passion (Steve Laury album)
Passion,Passion,Q12581698,7,2,1,2000 studio album by Koyote,,Q482994,,
Passion,Passion,Q623306,7,2,1,"final period in the life of Jesus, before his crucifixion",Passion of Christ|Passion of Jesus,Q856663|Q5780945,,Passion of Jesus
Passion,Palm Sunday,Q42236,7,2,1,commemoration of the triumphal entry of Jesus into Jerusalem,Palmarum|Passion|Sunday of the Passion|Sixth Sunday of Lent|Palm and Passion Sunday,Q124654547,,Palm Sunday
Église Saint-Médard,Église Saint-Médard,Q574970,7,3,1,"roman catholic church located in Paris, in France",,Q16970,,"Saint-Médard, Paris"
Église Saint-Médard,Église Saint-Médard,Q22962068,7,3,1,"church located in Pas-de-Calais, in France",,Q16970,,
Église Saint-Médard,Église Saint-Médard,Q3583268,7,3,1,"church located in Somme, in France",,Q16970,,
Église Saint-Médard,Église Saint-Médard,Q22997323,7,3,1,"church located in Orne, in France",,Q16970,,
Église Saint-Médard,Église Saint-Médard,Q27443162,7,3,1,"church located in Mayenne, in France",,Q16970,,
Église Saint-Médard,Église Saint-Médard,Q41795693,7,3,1,"church located in Sarthe, in France",,Q16970,,
Église Saint-Médard,Église Saint-Médard,Q41766062,7,3,1,"church located in Landes, in France",,Q16970,,
Église Saint-Médard,Église Saint-Médard,Q22954667,7,3,1,"church located in Charente, in France",,Q16970,,
Église Saint-Médard,Église Saint-Médard,Q41746949,7,3,1,"church located in Charente-Maritime, in France",,Q16970,,
Église Saint-Médard,Église Saint-Médard,Q22996178,7,3,1,"church located in Dordogne, in France",,Q16970,,
Église Saint-Médard,Saint Medard Church,Q3583280,7,3,2,"church in Jodoigne, Belgium",,Q16970,,
Église Saint-Médard,Saint Medard Church,Q29898985,7,3,2,"catholic religious building in Pecqueuse, France",,Q16970,,
Église Saint-Médard,Saint Medard church,Q97576250,7,3,2,"church building in Tarsch, South Tyrol",St. Medardus,Q16970,,
Église Saint-Médard,"Saint Medard Church (Auenheim, Bergheim)",Q59350521,7,3,2,"roman-catholic church in North Rhine-Westphalia, Germany",,Q16970,,
Église Saint-Médard,Saint Medard Church and Rue Mouffetard,Q124172723,7,3,2,painting by Maurice Utrillo,,Q3305213,,
Saint Faith before Decius,Saint Faith before Decius,Q29261952,8,0,1,"tapestry and national heritage monument (PM12000772) in the Abbey Church of Saint Foy, Conques-en-Rouergue (Aveyron, France)",,Q184296|Q44740228,,
Saint Faith before Decius,Saint Faith,Q972874,8,0,2,Gallo-Roman saint,Saint Foy,Q5,,Saint Faith
Saint Faith before Decius,Saint Foy,Q109572327,8,0,2,"former commune in Côte-d'Or, France",,Q484170,,
Saint Faith before Decius,Sainte-Foy-la-Grande,Q320233,8,0,2,"commune in Gironde, France",Bonne-Foy|Senta Fe la Granda|Genève de la Dordogne,Q484170,,Sainte-Foy-la-Grande
Saint Faith before Decius,Abbey Church of Saint Foy,Q670092,8,0,2,"abbatial church located in Aveyron, in France",,Q334383,,Abbey Church of Sainte-Foy
Saint Faith before Decius,Saint Faith Church,Q38513512,8,0,2,"church located in Aveyron, in France",,Q16970,,
Saint Faith before Decius,Saint Faith Church,Q56509176,8,0,2,"church located in Calvados, in France",,Q16970,,
Saint Faith before Decius,St Faiths Lane,Q136343212,8,0,2,"street in Norwich, Norfolk, England, UK",Saint Faiths Lane,Q79007,,
Saint Faith before Decius,Saint Faith's,Q105076438,8,0,2,"church in North Dulwich, London","St Faith's Church, North Dulwich",Q16970,,
Saint Faith before Decius,St Faith Crematorium,Q133573571,8,0,2,"crematorium and cemetery in Horsham St Faith, Broadland District, Norfolk, England",Saint Faith Crematorium|Norwich and Norfolk Crematorium,Q157570|Q39614,,
Saint Faith before Decius,Church of All Saints,Q17550318,8,0,2,"church in Coleshill, Oxfordshire, England, UK","Saint Faith with All Saints Church, Coleshill",Q16970,,
Saint Faith before Decius,Church of St Faith,Q17537352,8,0,2,"located in Bacton Parish, United Kingdom","Saint Faith's Church, Bacton, Herefordshire",Q16970,,
Saint Faith before Decius,Saint Faith Primary School Day & Boarding,Q22999701,8,0,2,"primary school in Karera, Uganda",,Q9842,,
Conques-en-Rouergue,Conques-en-Rouergue,Q21619422,8,1,1,"commune in Aveyron, France",Conques (Francie)|Conques-en-Rouergue (France),Q484170,,Conques-en-Rouergue
Conques-en-Rouergue,Conques,Q317349,8,1,2,"former commune in Aveyron, France",,Q484170|Q21869758,,Conques
Conques-en-Rouergue,Conques-sur-Orbiel,Q781871,8,1,2,"commune in Aude, France",,Q484170,,Conques-sur-Orbiel
Conques-en-Rouergue,Conques (Conca Dellà),Q17182032,8,1,2,"human settlement in Isona i Conca Dellà, Pallars Jussà, Alt Pirineu i Aran, Spain",,Q3055118|Q130261443,,Conques (Isona i Conca Dellà)
Conques-en-Rouergue,Conquest of the New World,Q1126599,8,1,2,1996 video game,,Q7889,,Conquest of the New World
Conques-en-Rouergue,Conquests of the Longbow: The Legend of Robin Hood,Q2993575,8,1,2,1991 video game,,Q7889,,Conquests of the Longbow: The Legend of Robin Hood
Conques-en-Rouergue,Conquests of Camelot: The Search for the Grail,Q3687141,8,1,2,1989 video game,,Q7889,,Conquests of Camelot: The Search for the Grail
Conques-en-Rouergue,Conquest of Elysium 3,Q76691585,8,1,2,2012 video game,Conquest of Elysium III,Q7889,,
Conques-en-Rouergue,Conquestador,Q5971345,8,1,2,1986 video game,,Q7889,,
Conques-en-Rouergue,annexation,Q194465,8,1,2,acquisition of a state's territory by another state,conquest|annexing|annexation of territory,,Q1190554|Q85249348|Q180684,Annexation
Conques-en-Rouergue,Saint Faith,Q972874,8,1,2,Gallo-Roman saint,Saint Foy,Q5,,Saint Faith
Conques-en-Rouergue,Saint Foy,Q109572327,8,1,2,"former commune in Côte-d'Or, France",,Q484170,,
Conques-en-Rouergue,Sainte-Foy-la-Grande,Q320233,8,1,2,"commune in Gironde, France",Bonne-Foy|Senta Fe la Granda|Genève de la Dordogne,Q484170,,Sainte-Foy-la-Grande
Conques-en-Rouergue,Abbey Church of Saint Foy,Q670092,8,1,2,"abbatial church located in Aveyron, in France",,Q334383,,Abbey Church of Sainte-Foy
Abbey Church of Saint Foy,Abbey Church of Saint Foy,Q670092,8,3,1,"abbatial church located in Aveyron, in France",,Q334383,,Abbey Church of Sainte-Foy
Abbey Church of Saint Foy,Saint Faith,Q972874,8,3,2,Gallo-Roman saint,Saint Foy,Q5,,Saint Faith
Abbey Church of Saint Foy,Saint Foy,Q109572327,8,3,2,"former commune in Côte-d'Or, France",,Q484170,,
Abbey Church of Saint Foy,Sainte-Foy-la-Grande,Q320233,8,3,2,"commune in Gironde, France",Bonne-Foy|Senta Fe la Granda|Genève de la Dordogne,Q484170,,Sainte-Foy-la-Grande
Abbey Church of Saint Foy,Conques Abbey,Q120567167,8,3,2,"abbey located in Aveyron, in France","Abbey of St Faith, Conques",Q160742,,
Animals Entering the Ark,Animals Entering the Ark,Q88897645,9,0,1,"tapestry from a set of The Story of Noah in Wawel Castle, Poland",,Q184296|Q44740228,,
Animals Entering the Ark,Noah,Q19819780,9,0,2,male given name,Noah (given name)|Noah (first name),Q12308941,,
Animals Entering the Ark,Noah,Q26972634,9,0,2,family name,,Q101352|Q98775491,,
Animals Entering the Ark,Noah,Q81422,9,0,2,"biblical prophet, son of Lamech, major figure in the Book of Genesis",Noach|Nóe,Q20643955,,Noah
Animals Entering the Ark,Noah,Q1379338,9,0,2,Indonesian pop rock band,,Q215380,,Noah (band)
Animals Entering the Ark,"Noah Beery, Sr.",Q452545,9,0,2,American actor (1882–1946),Noah Beery,Q5,,Noah Beery
Animals Entering the Ark,NOAH,Q115529789,9,0,2,Japanese actor,,Q5,,
Animals Entering the Ark,Reika Kanzaki,Q136912717,9,0,2,Japanese AV actress,NOAH|Shigure Hashiba,Q5,,
Animals Entering the Ark,Noah Beery Jr.,Q1361050,9,0,2,American actor (1913–1994),Noah Beery|Noah Lindsey Beery|Pidge Beery,Q5,,Noah Beery Jr.
Animals Entering the Ark,Noah,Q286868,9,0,2,2014 film directed by Darren Aronofsky,,Q11424,,Noah (2014 film)
Animals Entering the Ark,Chief Seattle,Q216477,9,0,2,Duwamish chief,Si'ahl|Sealth|Seathl|See-ahth|Chief Si'ahl|Chief Sealth|Chief Seathl|Chief See-ahth|Seattle|si?al|Chief si?al|Noah|Chief Noah,Q5,,Chief Seattle
Animals Entering the Ark,Arkansas,Q1612,9,0,2,state of the United States of America,"AR|Ark.|State of Arkansas|The Natural State|Arkansas, United States|AR-kən-saw|ARkənsaw|Arkensaw|Arkansaw|US-AR",Q35657,,Arkansas
Animals Entering the Ark,ARKive,Q433276,9,0,2,"non-profit repository of high-quality, high-value media of endangered species",ARKive - Images of Life on Earth|arkive.org,Q35127|Q1225034|Q7094076|Q4117139,,ARKive
Animals Entering the Ark,Ursa Major,Q8918,9,0,2,constellation visible throughout the year in most of the northern hemisphere,Great Bear|Larger Bear|Charles's Wain|UMa|Ursae Majoris|Arctus|Arktos,Q8928,,Ursa Major
Animals Entering the Ark,Ark,Q37509717,9,0,2,family name,,Q101352,,
Animals Entering the Ark,Arkhangelsk,Q1851,9,0,2,city in the northwest of Russia,Archangel|Archangell,Q7930989|Q1549591|Q2264924,,Arkhangelsk
Animals Entering the Ark,Archival Resource Key,Q2860403,9,0,2,multi-purpose persistent identifier for information objects of any type,ARK ID|Ark ID|ark ID|ARK identifier,Q420330|Q317623,,Archival Resource Key
Animals Entering the Ark,Arkitekter verksamma i Sverige,Q17373699,9,0,2,dataset of architects active in Sweden,,Q1172284|Q29937289,,
Animals Entering the Ark,archaeologist,Q3621491,9,0,2,person studying human activity in the past,archeologist|arky,Q28640|Q12737077,Q19829999|Q16727193,Archaeologist
Animals Entering the Ark,Arkansas State University,Q500131,9,0,2,"public university in Arkansas, United States",Arkansas State University-Jonesboro|astate.edu|ASU|A-State,Q3918|Q23002039|Q96888669,,Arkansas State University
Animals Entering the Ark,Arka Gdynia,Q666969,9,0,2,association football club in Poland,,Q476028,,Arka Gdynia
Animals Entering the Ark,Wawel Castle,Q18820,9,0,2,"castle in Krakow, the former royal seat",Wawel,Q23413|Q16735822|Q570116|Q33506,,Wawel Castle
Animals Entering the Ark,Wawel Castle Gate,Q9178713,9,0,2,,,Q53060,,
Animals Entering the Ark,Wawel Castle [Num46355],Q135873878,9,0,2,Medals › Souvenir medallions - Milled - Poland,,Q113813711,Q41207,
Animals Entering the Ark,Wawel Castle [Num82262],Q135881054,9,0,2,Medals › Souvenir medallions - Milled - Poland,,Q113813711,Q41207,
Animals Entering the Ark,Wawel Castle Armoury,Q9388776,9,0,2,,,Q2772772,,
Animals Entering the Ark,Kraków,Q31487,9,0,2,capital city of Lesser Poland Voivodeship in southern Poland,Royal City of Kraków|Royal Capital City of Kraków|Kroke|Cracovie|Krakov|Krakiv|Krakkó|Krakova|Krako|Krakoy|Krakuv,Q925381|Q1549591|Q707813|Q1200957|Q108178728|Q7930989|Q13539802|Q129268952,,Kraków
Animals Entering the Ark,Krakow,Q37441068,9,0,2,family name,,Q101352,,
Animals Entering the Ark,Kraków County,Q1164890,9,0,2,powiat of Poland,Krakow County,Q247073,,Kraków County
Animals Entering the Ark,Krakowski,Q21492550,9,0,2,family name,,Q101352|Q18972245,,
Animals Entering the Ark,Kraków University of Technology,Q931642,9,0,2,"technical university in Kraków, Poland",Tadeusz Kosciuszko Cracow University of Technology|Tadeusz Kościuszko University of Technology|Politechnika Krakowska im. Tadeusza Kościuszki|pk.edu.pl,Q3918,,Tadeusz Kościuszko Kraków University of Technology
Animals Entering the Ark,Sejm Constituency no. 13,Q6435960,9,0,2,Polish parliamentary constituency,Members of Polish Sejm elected from Kraków constituency|Krakow|Members of Polish Sejm elected from Krakow constituency|Kraków II electoral district|Kraków II parliamentary district|Kraków electoral district|Kraków parliamentary district,Q11797473,,Sejm Constituency no. 13
Animals Entering the Ark,Krakow University of Economics,Q1471879,9,0,2,"business school in Cracow, Poland",Uniwersytet Ekonomiczny w Krakowie|Akademia Ekonomiczna w Krakowie,Q3918|Q45400320,,Kraków University of Economics
Animals Entering the Ark,Krakowskie Studia z Historii Państwa i Prawa,Q17619372,9,0,2,academic journal,,Q1002697|Q773668,,
Animals Entering the Ark,Krakowska,Q106403604,9,0,2,family name,Krakowska (family name)|Krakowska (surname),Q101352|Q18972207,,
Animals Entering the Ark,Krakow am See,Q536858,9,0,2,town in Germany,,Q42744322,,Krakow am See
Kraków,Kraków,Q31487,9,1,1,capital city of Lesser Poland Voivodeship in southern Poland,Royal City of Kraków|Royal Capital City of Kraków|Kroke|Cracovie|Krakov|Krakiv|Krakkó|Krakova|Krako|Krakoy|Krakuv,Q925381|Q1549591|Q707813|Q1200957|Q108178728|Q7930989|Q13539802|Q129268952,,Kraków
Kraków,Krakow,Q37441068,9,1,1,family name,,Q101352,,
Kraków,Kraków County,Q1164890,9,1,1,powiat of Poland,Krakow County,Q247073,,Kraków County
Kraków,Krakowski,Q21492550,9,1,1,family name,,Q101352|Q18972245,,
Kraków,Kraków University of Technology,Q931642,9,1,1,"technical university in Kraków, Poland",Tadeusz Kosciuszko Cracow University of Technology|Tadeusz Kościuszko University of Technology|Politechnika Krakowska im. Tadeusza Kościuszki|pk.edu.pl,Q3918,,Tadeusz Kościuszko Kraków University of Technology
Kraków,Sejm Constituency no. 13,Q6435960,9,1,1,Polish parliamentary constituency,Members of Polish Sejm elected from Kraków constituency|Krakow|Members of Polish Sejm elected from Krakow constituency|Kraków II electoral district|Kraków II parliamentary district|Kraków electoral district|Kraków parliamentary district,Q11797473,,Sejm Constituency no. 13
Kraków,Krakow University of Economics,Q1471879,9,1,1,"business school in Cracow, Poland",Uniwersytet Ekonomiczny w Krakowie|Akademia Ekonomiczna w Krakowie,Q3918|Q45400320,,Kraków University of Economics
Kraków,Krakowskie Studia z Historii Państwa i Prawa,Q17619372,9,1,1,academic journal,,Q1002697|Q773668,,
Kraków,Krakowska,Q106403604,9,1,1,family name,Krakowska (family name)|Krakowska (surname),Q101352|Q18972207,,
Kraków,Krakow am See,Q536858,9,1,1,town in Germany,,Q42744322,,Krakow am See
Kraków,Wawel Castle,Q18820,9,1,2,"castle in Krakow, the former royal seat",Wawel,Q23413|Q16735822|Q570116|Q33506,,Wawel Castle
Kraków,Wawel Castle Gate,Q9178713,9,1,2,,,Q53060,,
Kraków,Wawel Castle [Num46355],Q135873878,9,1,2,Medals › Souvenir medallions - Milled - Poland,,Q113813711,Q41207,
Kraków,Wawel Castle [Num82262],Q135881054,9,1,2,Medals › Souvenir medallions - Milled - Poland,,Q113813711,Q41207,
Kraków,Wawel Castle Armoury,Q9388776,9,1,2,,,Q2772772,,
Noah,Noah,Q19819780,9,2,1,male given name,Noah (given name)|Noah (first name),Q12308941,,
Noah,Noah,Q26972634,9,2,1,family name,,Q101352|Q98775491,,
Noah,Noah,Q81422,9,2,1,"biblical prophet, son of Lamech, major figure in the Book of Genesis",Noach|Nóe,Q20643955,,Noah
Noah,Noah,Q1379338,9,2,1,Indonesian pop rock band,,Q215380,,Noah (band)
Noah,"Noah Beery, Sr.",Q452545,9,2,1,American actor (1882–1946),Noah Beery,Q5,,Noah Beery
Noah,NOAH,Q115529789,9,2,1,Japanese actor,,Q5,,
Noah,Reika Kanzaki,Q136912717,9,2,1,Japanese AV actress,NOAH|Shigure Hashiba,Q5,,
Noah,Noah Beery Jr.,Q1361050,9,2,1,American actor (1913–1994),Noah Beery|Noah Lindsey Beery|Pidge Beery,Q5,,Noah Beery Jr.
Noah,Noah,Q286868,9,2,1,2014 film directed by Darren Aronofsky,,Q11424,,Noah (2014 film)
Noah,Chief Seattle,Q216477,9,2,1,Duwamish chief,Si'ahl|Sealth|Seathl|See-ahth|Chief Si'ahl|Chief Sealth|Chief Seathl|Chief See-ahth|Seattle|si?al|Chief si?al|Noah|Chief Noah,Q5,,Chief Seattle
Noah,Noah's Ark,Q2579866,9,2,2,1992 NES game,,Q7889,,Noah's Ark (video game)
Noah,Noah's Ark,Q3430071,9,2,2,by PopCap Games,,Q7889,,Noah's Ark (game)
Noah,Noah's Ark,Q126553,9,2,2,vessel in the Genesis flood narrative,Noah's ark|Ark of Noah,Q34760007,,Noah's Ark
Noah,Noah's Ark,Q14942261,9,2,2,Dutch record label,,Q18127,,
Noah,Noah's Ark,Q111181824,9,2,2,painting by Theodore Poulakis,,Q3305213|Q132137,,Noah's Ark (Poulakis)
Noah,Noah's Ark,Q632532,9,2,2,1999 television film directed by John Irvin,El arca de Noé|El arca de Noe,Q1259759|Q506240,,Noah's Ark (miniseries)
Noah,Noah's Ark,Q2720211,9,2,2,album by CocoRosie,,Q482994,,Noah's Ark (album)
Noah,Noah's Ark,Q20812907,9,2,2,painting by Edward Hicks,,Q3305213,,
Noah,Noah's Ark,Q111822038,9,2,2,painting by artist unknown,,Q3305213,,
Noah,Noah's Ark,Q27877147,9,2,2,painting by Roeland Savery,,Q3305213,,
Noah,Ark of the Covenant,Q131316,9,2,2,"in Judaism, a wooden chest containing the two stone tablets of the Ten Commandments",Ark of the Testimony|Ark of God,Q30149195|Q15706911,,Ark of the Covenant
Noah,Ark of the Covenant,Q111821644,9,2,2,"drawing by Illustrator of 'Speculum humanae salvationis', Germany (?), c. 1400-1500",,Q93184,,
Noah,Ark of the Covenant,Q20188656,9,2,2,painting by Erastus Salisbury Field,,Q3305213,,
Noah,Ark of the Covenant,Q111842024,9,2,2,mosaic by artist unknown,,Q133067,,
Noah,Ark of the Covenant,Q20311865,9,2,2,American Christian metalcore band,,Q215380,,Ark of the Covenant (band)
Noah,ark of the covenant,Q98636623,9,2,2,heraldic figure,,Q3744866,,
Noah,Ark of the Covenant,Q116307644,9,2,2,dictionary entry,,Q13433827,,
Noah,Ark of the Covenant Monument,Q65965553,9,2,2,"statue in Győr, Hungary",,,,
Noah,"Ark of the covenant, not that",Q126389945,9,2,2,"Latin Christian hymn text, as translated into English by Edward Caswall",Cor arca legem continens,Q602446|Q63141557,,
Wawel Castle,Wawel Castle,Q18820,9,3,1,"castle in Krakow, the former royal seat",Wawel,Q23413|Q16735822|Q570116|Q33506,,Wawel Castle
Wawel Castle,Wawel Castle Gate,Q9178713,9,3,1,,,Q53060,,
Wawel Castle,Wawel Castle [Num46355],Q135873878,9,3,1,Medals › Souvenir medallions - Milled - Poland,,Q113813711,Q41207,
Wawel Castle,Wawel Castle [Num82262],Q135881054,9,3,1,Medals › Souvenir medallions - Milled - Poland,,Q113813711,Q41207,
Wawel Castle,Wawel Castle Armoury,Q9388776,9,3,1,,,Q2772772,,
Wawel Castle,Kraków,Q31487,9,3,2,capital city of Lesser Poland Voivodeship in southern Poland,Royal City of Kraków|Royal Capital City of Kraków|Kroke|Cracovie|Krakov|Krakiv|Krakkó|Krakova|Krako|Krakoy|Krakuv,Q925381|Q1549591|Q707813|Q1200957|Q108178728|Q7930989|Q13539802|Q129268952,,Kraków
Wawel Castle,Krakow,Q37441068,9,3,2,family name,,Q101352,,
Wawel Castle,Kraków County,Q1164890,9,3,2,powiat of Poland,Krakow County,Q247073,,Kraków County
Wawel Castle,Krakowski,Q21492550,9,3,2,family name,,Q101352|Q18972245,,
Wawel Castle,Kraków University of Technology,Q931642,9,3,2,"technical university in Kraków, Poland",Tadeusz Kosciuszko Cracow University of Technology|Tadeusz Kościuszko University of Technology|Politechnika Krakowska im. Tadeusza Kościuszki|pk.edu.pl,Q3918,,Tadeusz Kościuszko Kraków University of Technology
Wawel Castle,Sejm Constituency no. 13,Q6435960,9,3,2,Polish parliamentary constituency,Members of Polish Sejm elected from Kraków constituency|Krakow|Members of Polish Sejm elected from Krakow constituency|Kraków II electoral district|Kraków II parliamentary district|Kraków electoral district|Kraków parliamentary district,Q11797473,,Sejm Constituency no. 13
Wawel Castle,Krakow University of Economics,Q1471879,9,3,2,"business school in Cracow, Poland",Uniwersytet Ekonomiczny w Krakowie|Akademia Ekonomiczna w Krakowie,Q3918|Q45400320,,Kraków University of Economics
Wawel Castle,Krakowskie Studia z Historii Państwa i Prawa,Q17619372,9,3,2,academic journal,,Q1002697|Q773668,,
Wawel Castle,Krakowska,Q106403604,9,3,2,family name,Krakowska (family name)|Krakowska (surname),Q101352|Q18972207,,
Wawel Castle,Krakow am See,Q536858,9,3,2,town in Germany,,Q42744322,,Krakow am See
Wawel Castle,Noah,Q19819780,9,3,2,male given name,Noah (given name)|Noah (first name),Q12308941,,
Wawel Castle,Noah,Q26972634,9,3,2,family name,,Q101352|Q98775491,,
Wawel Castle,Noah,Q81422,9,3,2,"biblical prophet, son of Lamech, major figure in the Book of Genesis",Noach|Nóe,Q20643955,,Noah
Wawel Castle,Noah,Q1379338,9,3,2,Indonesian pop rock band,,Q215380,,Noah (band)
Wawel Castle,"Noah Beery, Sr.",Q452545,9,3,2,American actor (1882–1946),Noah Beery,Q5,,Noah Beery
Wawel Castle,NOAH,Q115529789,9,3,2,Japanese actor,,Q5,,
Wawel Castle,Reika Kanzaki,Q136912717,9,3,2,Japanese AV actress,NOAH|Shigure Hashiba,Q5,,
Wawel Castle,Noah Beery Jr.,Q1361050,9,3,2,American actor (1913–1994),Noah Beery|Noah Lindsey Beery|Pidge Beery,Q5,,Noah Beery Jr.
Wawel Castle,Noah,Q286868,9,3,2,2014 film directed by Darren Aronofsky,,Q11424,,Noah (2014 film)
Wawel Castle,Chief Seattle,Q216477,9,3,2,Duwamish chief,Si'ahl|Sealth|Seathl|See-ahth|Chief Si'ahl|Chief Sealth|Chief Seathl|Chief See-ahth|Seattle|si?al|Chief si?al|Noah|Chief Noah,Q5,,Chief Seattle
The Story of Perseus,The Story of Perseus,Q29172886,10,0,1,"tapestry and national heritage monument (PM41000756) in the Château de Chaumont, France",,Q184296|Q44740228,,
The Story of Perseus,The Story of Perseus and the Gorgon's Head,Q123700571,10,0,1,"1898 short novel by Charles Kingsley, edited by W.T. Stead",,Q12799318,,The Story of Perseus and the Gorgon's Head
The Story of Perseus,Perseus,Q10511,10,0,2,constellation in the northern celestial hemisphere,Per|Persei,Q8928,,Perseus (constellation)
The Story of Perseus,Perseus Digital Library,Q639661,10,0,2,digital library,PERSEUS|Perseus Project|Perseus Hopper,Q212805,,Perseus Digital Library
The Story of Perseus,Perseus,Q130832,10,0,2,"legendary Greek hero and founder of Mycenae, demigod son of Zeus and Danae; famous for beheading the Gorgon Medusa",,Q23015925|Q12502038,,Perseus
The Story of Perseus,Perseus,Q115641168,10,0,2,male given name,,Q12308941,,
The Story of Perseus,Perseus,Q135029706,10,0,2,video game developed by Oddly Interactive,,Q7889,,
The Story of Perseus,Perseus,Q1760397,10,0,2,mythical son of Nestor,Perseus of Pylos,Q22988604,,Perseus of Pylos
The Story of Perseus,Perseus of Macedon,Q207363,10,0,2,King of Macedonia from 179 to 168 BC,Persius,Q5,,Perseus of Macedon
The Story of Perseus,Perseus,Q3900144,10,0,2,ancient Greek geometer,,Q5,,Perseus (geometer)
The Story of Perseus,Asfi Al Andromeda,Q102179928,10,0,2,fictional character from Is It Wrong to Try to Pick Up Girls in a Dungeon?,Perseus|Asufi Al Andromeda,Q15632617|Q3658341|Q87576284|Q80447738,,
The Story of Perseus,Perseus,Q88300044,10,0,2,"triptych by Max Beckmann in the Museum Folkwang, Essen",Perseus. Triptych,Q3305213|Q79218,,
The Story of Perseus,Perseus and Andromeda,Q7170141,10,0,2,1983 video game,,Q7889,,Perseus & Andromeda (video game)
The Story of Perseus,Perseus and Andromeda,Q64513194,10,0,2,painting by Giuseppe Cesari,,Q3305213,,
The Story of Perseus,Perseus and Andromeda,Q140958485,10,0,2,painting by Donato Creti,,Q3305213,,
The Story of Perseus,Perseus and Andromeda,Q26988394,10,0,2,artistic theme from classical mythology,,Q1406161|Q12827256|Q21190845,,
The Story of Perseus,Perseus and Andromeda,Q3900153,10,0,2,painting by Peter Paul Rubens in the Hermitage,,Q3305213,,Perseus and Andromeda (Rubens)
The Story of Perseus,Perseus and Andromeda,Q19925882,10,0,2,"painting by Peter Paul Rubens, Museum Boijmans Van Beuningen",,Q3305213|Q1964917,,
The Story of Perseus,Perseus and Andromeda,Q34191856,10,0,2,painting by Titian,,Q3305213,,Perseus and Andromeda (Titian)
The Story of Perseus,Perseus and Andromeda,Q18685555,10,0,2,"painting by Frederic Leighton, 1st Baron Leighton",,Q3305213,,Perseus and Andromeda (Leighton)
The Story of Perseus,Perseus and Andromeda,Q24027537,10,0,2,painting by François Lemoyne,,Q3305213,,Perseus and Andromeda (Lemoyne)
The Story of Perseus,Perseus and Andromeda,Q59826806,10,0,2,painting by anonymous,Andromeda and the Dragon,Q3305213,,
Chaumont-sur-Loire,Chaumont-sur-Loire,Q635143,10,1,1,"French commune in Loir-et-Cher, Centre-Val de Loire","Chaumont|Chaumont, Loir-et-Cher|Chaumont sur Loire",Q484170|Q532,,Chaumont-sur-Loire
Chaumont-sur-Loire,Chaumont-sur-Loire International Garden Festival,Q3070359,10,1,1,,Festival des jardins de Chaumont-sur-Loire|International Garden Festival of Chaumont-sur-Loire,Q132241,,
Chaumont-sur-Loire,Castle of Chaumont-sur-Loire,Q522779,10,1,1,"castle in Centre-Val de Loire, France",Château de Chaumont|Castle of Chaumont|château de Chaumont-sur-Loire,Q751876,,Château de Chaumont
Castle of Chaumont-sur-Loire,Castle of Chaumont-sur-Loire,Q522779,10,3,1,"castle in Centre-Val de Loire, France",Château de Chaumont|Castle of Chaumont|château de Chaumont-sur-Loire,Q751876,,Château de Chaumont
Castle of Chaumont-sur-Loire,chapelle du château de Chaumont-sur-Loire,Q60342406,10,3,2,"chapel located in Loir-et-Cher, in France",,Q108325,,
"Manna, from the Story of Moses","Manna, from the Story of Moses",Q29160527,11,0,1,"tapestry and national heritage monument (PM28000645) in Château de Châteaudun, France",,Q184296|Q44740228,,
"Manna, from the Story of Moses",Manna,Q37453910,11,0,2,family name,,Q101352,,
"Manna, from the Story of Moses",Manna,Q4244083,11,0,2,"Bangladeshi film actor, film producer ‍and film organizer (1964–2008)",Megastar|SM Aslam Talukder|Aslam Talukder,Q5,,Manna (actor)
"Manna, from the Story of Moses",Manna,Q4199469,11,0,2,"district in South Bengkulu Regency, Bengkulu Province, Indonesia",Manna District,Q3700011,,
"Manna, from the Story of Moses",Manna,Q6750704,11,0,2,British Thoroughbred racehorse and sire,,Q726,,Manna (horse)
"Manna, from the Story of Moses",D-(-)-mannitol,Q407646,11,0,2,chemical compound,"Aridol Kit|Resectisol|e421|Fraxinine|(2R,3R,4R,5R)-Hexane-1,2,3,4,5,6-hexol|D-Mannitol|Mannite|Manna Sugar|e-421|(2R,3R,4R,5R)-Hexane-1,2,3,4,5,6-hexaol|Mannit|Osmitrol|e 421|Diosmol|Manitol|Mannitol|Mannitolum|Osmosal|dulcite|Mannazucker|Maniton S|Mannit p|Mannidex|1,2,3,4,5,6-Hexanehexol|Hexanhexol|Manicol|Isotol|Mushroom sugar|Cordycepic acid|SDM No. 35|Marine crystal|Mannogem 2080|Maniton-S|Mannigen|Osmofundin|Invenex|Mannistol|Cordycepate|Hexahydroxyhexane|mannitol",Q113145171,Q11358|Q75079467,Mannitol
"Manna, from the Story of Moses",Manna,Q11880764,11,0,2,Finnish-Algerian singer and actor,Mariam Jäntti|Manna Mariam Jäntti,Q5,,
"Manna, from the Story of Moses",Manna Dey,Q156310,11,0,2,"Indian playback singer, music director, musician and vocalist (1919–2013)",Prabodh Chandra Dey,Q5,,Manna Dey
"Manna, from the Story of Moses",Manhattan,Q11299,11,0,2,"borough of New York City, New York, United States","Manhattan, New York City|Manhattan, New York|Manhattan borough, New York City|Borough of Manhattan|Mannahatta|New York County|New York County, NY|New York County, New York|Manhattan, NY",Q408804|Q3301053,,Manhattan
"Manna, from the Story of Moses",Manna,Q55261797,11,0,2,genus of insects,,Q16521,,Manna (cicada)
"Manna, from the Story of Moses",MANNA,Q115529757,11,0,2,Japanese singer,,Q5,,
"Manna, from the Story of Moses",Moses,Q13554012,11,0,2,male given name,Moses (given name)|Moses (first name),Q12308941,,Moses (given name)
"Manna, from the Story of Moses",Moses,Q16742085,11,0,2,family name,,Q101352,,Moses (surname)
"Manna, from the Story of Moses",Moses,Q9077,11,0,2,Abrahamic prophet said to have led the Israelites out of Egypt,Moshe|Moshe Rabbeinu,Q20643955,,Moses
"Manna, from the Story of Moses",Moses,Q6915664,11,0,2,horse,,Q726,,Moses (horse)
"Manna, from the Story of Moses",Moses,Q100155310,11,0,2,,,Q5,,
"Manna, from the Story of Moses",Moses Ashley Curtis,Q2601895,11,0,2,U.S. botanist (1801–1872),M.A.Curtis,Q5,,Moses Ashley Curtis
"Manna, from the Story of Moses",Moses Elisaf,Q56966508,11,0,2,"Greek physician, academic, and politician",Moisis Elisaf,Q5,,Moses Elisaf
"Manna, from the Story of Moses",Moses Lake,Q1060640,11,0,2,"reservoir in Grant County, Washington state, United",Salt Lake,Q131681,,Moses Lake
"Manna, from the Story of Moses",Moses Mendelssohn,Q76997,11,0,2,German-Jewish philosopher and theologian (1729–1786),,Q5,,Moses Mendelssohn
"Manna, from the Story of Moses",Móses,Q16422779,11,0,2,male given name,,Q12308941,,
"Manna, from the Story of Moses",Château de Châteaudun,Q1815544,11,0,2,French castle in Eure-et-Loir,Chateau de Chateaudun,Q23413|Q33506,,Château de Châteaudun
"Manna, from the Story of Moses",Château de Châteaudun,Q124459742,11,0,2,,,Q3305213,,
Châteaudun,Châteaudun,Q181886,11,1,1,"commune in Eure-et-Loir, France",Chateaudun|Dun-sur-Loir,Q484170,,Châteaudun
Châteaudun,Châteaudun airfield,Q1836876,11,1,1,airfield in France,Chateaudun Air Base|Lieutenant Marcel Beau Air Base|Beau Air Base|LFOC|base aerienne 279|BA 279|BA279|Advanced Landing Ground A-39|Chateaudun AB Airport,Q695850|Q62447,,Châteaudun Air Base
Châteaudun,Châteaudun - Barbès,Q77341584,11,1,1,Île-de-France tramway station,,Q2175765,,
Châteaudun,arrondissement of Châteaudun,Q700981,11,1,1,arrondissement of France,arrondissement of Chateaudun,Q194203,,Arrondissement of Châteaudun
Châteaudun,"Châteaudun, Champigny-sur-Marne",Q56857814,11,1,1,,,Q953806,,
Châteaudun,Châteaudun weather station,Q117882151,11,1,1,"weather station located in Eure-et-Loir, in France",,Q190107,,
Châteaudun,Châteaudun (Samian Ware Discovery Site),Q103159371,11,1,1,Châteaudun as Samian Ware discovery site,,Q102202066|Q839954,,
Châteaudun,canton of Châteaudun,Q1456621,11,1,1,canton of France,canton of Chateaudun,Q18524218,,Canton of Châteaudun
Châteaudun,Chateaudun-du-Rhumel Airfield,Q5087516,11,1,1,abandoned military airfield in Algeria,,Q695850|Q62447|Q140315050,,Chateaudun-du-Rhumel Airfield
Châteaudun,Châteaudun metropolitan area,Q2828437,11,1,1,metropolitan area in France,Chateaudun metropolitan area,Q2342385,,
Châteaudun,Château de Châteaudun,Q1815544,11,1,2,French castle in Eure-et-Loir,Chateau de Chateaudun,Q23413|Q33506,,Château de Châteaudun
Châteaudun,Château de Châteaudun,Q124459742,11,1,2,,,Q3305213,,
manna,Manna,Q37453910,11,2,1,family name,,Q101352,,
manna,Manna,Q4244083,11,2,1,"Bangladeshi film actor, film producer ‍and film organizer (1964–2008)",Megastar|SM Aslam Talukder|Aslam Talukder,Q5,,Manna (actor)
manna,Manna,Q4199469,11,2,1,"district in South Bengkulu Regency, Bengkulu Province, Indonesia",Manna District,Q3700011,,
manna,Manna,Q6750704,11,2,1,British Thoroughbred racehorse and sire,,Q726,,Manna (horse)
manna,D-(-)-mannitol,Q407646,11,2,1,chemical compound,"Aridol Kit|Resectisol|e421|Fraxinine|(2R,3R,4R,5R)-Hexane-1,2,3,4,5,6-hexol|D-Mannitol|Mannite|Manna Sugar|e-421|(2R,3R,4R,5R)-Hexane-1,2,3,4,5,6-hexaol|Mannit|Osmitrol|e 421|Diosmol|Manitol|Mannitol|Mannitolum|Osmosal|dulcite|Mannazucker|Maniton S|Mannit p|Mannidex|1,2,3,4,5,6-Hexanehexol|Hexanhexol|Manicol|Isotol|Mushroom sugar|Cordycepic acid|SDM No. 35|Marine crystal|Mannogem 2080|Maniton-S|Mannigen|Osmofundin|Invenex|Mannistol|Cordycepate|Hexahydroxyhexane|mannitol",Q113145171,Q11358|Q75079467,Mannitol
manna,Manna,Q11880764,11,2,1,Finnish-Algerian singer and actor,Mariam Jäntti|Manna Mariam Jäntti,Q5,,
manna,Manna Dey,Q156310,11,2,1,"Indian playback singer, music director, musician and vocalist (1919–2013)",Prabodh Chandra Dey,Q5,,Manna Dey
manna,Manhattan,Q11299,11,2,1,"borough of New York City, New York, United States","Manhattan, New York City|Manhattan, New York|Manhattan borough, New York City|Borough of Manhattan|Mannahatta|New York County|New York County, NY|New York County, New York|Manhattan, NY",Q408804|Q3301053,,Manhattan
manna,Manna,Q55261797,11,2,1,genus of insects,,Q16521,,Manna (cicada)
manna,MANNA,Q115529757,11,2,1,Japanese singer,,Q5,,
manna,Château de Châteaudun,Q1815544,11,2,2,French castle in Eure-et-Loir,Chateau de Chateaudun,Q23413|Q33506,,Château de Châteaudun
manna,Château de Châteaudun,Q124459742,11,2,2,,,Q3305213,,
Château de Châteaudun,Château de Châteaudun,Q1815544,11,3,1,French castle in Eure-et-Loir,Chateau de Chateaudun,Q23413|Q33506,,Château de Châteaudun
Château de Châteaudun,Château de Châteaudun,Q124459742,11,3,1,,,Q3305213,,
The Coronation of a King of France,The Coronation of a King of France,Q29210016,12,0,1,"tapestry and heritage monument (PM76001342) from Rouen Cathedral, in the Château de Châteaudun, France",,Q184296|Q44740228,,
Rouen,Rouen,Q30974,12,1,1,"commune in Seine-Maritime, France",Rotomagus,Q484170|Q1549591,,Rouen
Rouen,Rouen,Q37301308,12,1,1,family name,,Q101352,,
Rouen,FC Rouen,Q867320,12,1,1,association football club in France,F.C. Rouen 1899|Rouen|Football Club de Rouen 1899,Q476028,,FC Rouen
Rouen,Rouen Cathedral,Q476516,12,1,1,"cathedral located in Seine-Maritime, in France",,Q56242215,,Rouen Cathedral
Rouen,Rouen,Q28130742,12,1,1,painting by Paul Signac,,Q3305213,,
Rouen,Rouen,Q110022256,12,1,1,watercolour - attributed to Amelia Long,,Q18761202,,
Rouen,Rouen,Q49194440,12,1,1,painting by Samuel Halpert,,Q3305213,,
Rouen,Rouen,Q110122618,12,1,1,engraving - print made by Albert Henry Payne,,Q11835431|Q11060274,,
Rouen,Rouen,Q59550859,12,1,1,painting by Henri Beau,,Q3305213,,
Rouen,Rouen,Q23641885,12,1,1,"artwork by Jean-Pierre Cortot in Paris, France",,Q179700,,
Rouen,Rouen Cathedral Series,Q637414,12,1,2,series painted in the 1890s by Claude Monet,Rouen Cathedral (series)|Rouen Cathedral,Q15727816,,Rouen Cathedral (Monet series)
Rouen,Rouen Cathedral,Q17436674,12,1,2,"painting by Claude Monet, 1892 - part of the Rouen Cathedral series - National Museum in Belgrade",,Q3305213,,
Rouen,Rouen Cathedral,Q17436693,12,1,2,"painting by Claude Monet, 1893 - part of the Rouen Cathedral series - private collection",,Q3305213,,
Rouen,Rouen Cathedral,Q63313756,12,1,2,"photograph by unknown photographer (MoMA, 540.1981)",,Q125191,,
Rouen,Rouen Cathedral,Q110093793,12,1,2,engraving by Thomas Higham (YCBA B1977.14.7576),,Q11835431|Q11060274,,
Rouen,Rouen Cathedral,Q20502983,12,1,2,painting by David Roberts,,Q3305213,,
Rouen,Rouen Cathedral,Q73825154,12,1,2,painting by Pierre Dumont,,Q3305213,,
Rouen,Rouen Cathedral,Q110094493,12,1,2,engraving by Thomas Higham (YCBA B1977.14.8441),,Q11835431|Q11060274,,
Rouen,Rouen Cathedral,Q110093789,12,1,2,engraving by Thomas Higham (YCBA B1977.14.7575),,Q11835431|Q11060274,,
Rouen,"Rouen, France",Q119808287,12,1,2,"painting by Howard Gull Stormont (1859–1935), Rye Art Gallery",,Q3305213,,
Rouen,"Rouen, France",Q119032538,12,1,2,"painting by George Vincent (1796–1831), Norfolk Museums Service",,Q3305213,,
Rouen,"Rouen, France",Q119033536,12,1,2,"painting by John Berney Crome (1794–1842), Norfolk Museums Service",,Q3305213,,
Rouen,Centre hospitalier universitaire de Rouen,Q2945771,12,1,2,,Rouen University Hospital,Q2945729|Q43229,,
Château de Châteaudun,Château de Châteaudun,Q1815544,12,3,1,French castle in Eure-et-Loir,Chateau de Chateaudun,Q23413|Q33506,,Château de Châteaudun
Château de Châteaudun,Château de Châteaudun,Q124459742,12,3,1,,,Q3305213,,
Esther Before Ahasuerus,Esther before Ahasuerus,Q3733425,13,0,1,painting by Artemisia Gentileschi,,Q3305213,,Esther Before Ahasuerus (Artemisia Gentileschi)
Esther Before Ahasuerus,Esther before Ahasuerus,Q86835881,13,0,1,artistic subject from the Book of Esther,,Q856663|Q1406161,,
Esther Before Ahasuerus,Esther before Ahasuerus,Q111645381,13,0,1,painting by Sébastien Bourdon,Esther and Ahasveros,Q3305213,,
Esther Before Ahasuerus,Esther before Ahasuerus,Q27957610,13,0,1,painting by Jacopo Tintoretto,,Q3305213,,Esther Before Ahasuerus (Tintoretto)
Esther Before Ahasuerus,Esther before Ahasuerus,Q74016685,13,0,1,painting by Rubens,,Q3305213,,
Esther Before Ahasuerus,Esther before Ahasuerus,Q21738208,13,0,1,painting by Jan Steen,,Q3305213,,
Esther Before Ahasuerus,Esther before Ahasuerus,Q112153811,13,0,1,painting by Jacob de Wit / Rubens,,Q3305213,,
Esther Before Ahasuerus,Esther before Ahasuerus,Q27978428,13,0,1,"painting by Paolo Veronese, Uffizi",,Q3305213,,
Esther Before Ahasuerus,Esther before Ahasuerus,Q5849316,13,0,1,painting by Nicolas Poussin,,Q3305213,,
Esther Before Ahasuerus,Esther before Ahasuerus,Q50814097,13,0,1,painting by Jan Boeckhorst,,Q3305213,,
Esther Before Ahasuerus,Esther Lilian Bromley,Q75373569,13,0,2,(1905-1996),,Q5,,
Esther Before Ahasuerus,Esther Lilienweiß,Q139038547,13,0,2,,,Q5,,
Esther Before Ahasuerus,Notre-Dame de la Couture,Q3580738,13,0,2,"church located in Le Mans, Department of Sarthe, in France",,Q16970,,"Notre-Dame de la Couture, Le Mans"
Esther Before Ahasuerus,Église Notre-Dame de la Couture de Bernay,Q22343100,13,0,2,"church located in Eure, in France",,Q16970|Q120560,,
Esther Before Ahasuerus,Notre-Dame-de-la-Couture,Q110336482,13,0,2,Wikimedia disambiguation page,,Q4167410,,
Le Mans,Le Mans,Q1476,13,1,1,"commune in Sarthe, France",Cenomanensium|Croix-Gazonfière|Sainte-Croix (réunie au Mans)|Saint-Georges-du-Plain (réunie au Mans)|Denis-des-Coudrais,Q484170|Q1549591,,Le Mans
Le Mans,Le Mans Sarthe Basket,Q40063,13,1,1,French basketball club,MSB|Le Mans|Le Mans Basket|Sporting Club Moderne,Q13393265,,Le Mans Sarthe Basket
Le Mans,24 Hours of Le Mans,Q187579,13,1,1,annual sports car race held in France,LM24|Le Mans 24 Hours|24hLM|Le Mans,Q18608583|Q87292877,Q87267436,24 Hours of Le Mans
Le Mans,Le Mans F.C.,Q210864,13,1,1,"football team in Le Mans, France",Le Mans FC|Le MUC|Le Mans Football Club|Le Mans U.C. 72,Q476028,,Le Mans FC
Le Mans,Le Mans,Q613290,13,1,1,1971 action film by Lee H. Katzin,Mans,Q11424,,Le Mans (film)
Le Mans,Le Mans,Q3756611,13,1,1,Spanish indie rock band,,Q215380,,Le Mans (band)
Le Mans,Le Mans Université,Q834825,13,1,1,French university based in Le Mans founded in 1977,University of Le Mans|University of Maine,Q875538|Q3551775,,Le Mans University
Le Mans,Le Mans 24,Q6507191,13,1,1,1997 video game,,Q7889,,Le Mans 24 (video game)
Le Mans,Le Mans,Q5679850,13,1,1,1994 album by spanish group Le Mans,,Q482994,,
Le Mans,Le Mans Cathedral,Q1563071,13,1,1,"cathedral located in Sarthe, in France",,Q56242215,,Le Mans Cathedral
Le Mans,Région Pays de la Loire Tour,Q955021,13,1,2,early-season short road bicycle racing stage race,Circuit de la Sarthe-Pays de la Loire|Circuit de la Sarthe,Q1318941,Q22231112|Q74275176,Région Pays de la Loire Tour
Le Mans,Circuit de la Sarthe,Q174090,13,1,2,race course in Le Mans,Circuit des 24 Heures,Q1777138|Q2338524,,Circuit de la Sarthe
Le Mans,2016 Circuit de la Sarthe,Q24037730,13,1,2,,Circuit de la Sarthe 2016,Q955021,Q22231112,
Le Mans,Bugatti Circuit,Q928721,13,1,2,motorsport track,Circuito de Bugatti,Q2338524,,Bugatti Circuit
Le Mans,2017 Circuit de la Sarthe,Q29048898,13,1,2,cycling race,,Q955021,Q22231112,2017 Circuit de la Sarthe
Le Mans,2019 Circuit de la Sarthe,Q63038756,13,1,2,,,Q955021,Q22231112,
Le Mans,2022 Circuit de la Sarthe,Q111502652,13,1,2,cycling competition in France,,Q955021,Q22231112,
Le Mans,2018 Circuit de la Sarthe,Q53844311,13,1,2,,,Q955021,Q22231112,
Le Mans,2015 Circuit de la Sarthe,Q19790107,13,1,2,cycling race,,Q955021,Q22231112,2015 Circuit de la Sarthe
Le Mans,2009 Circuit de la Sarthe,Q2669732,13,1,2,,,Q27020041|Q955021,Q22231112,
Le Mans,24 Hours of Le Mans (motorcycle race),Q216315,13,1,2,motorcycle endurance race in France,24 Heures Motos,Q18608583,Q56321344,24 Hours of Le Mans (motorcycle race)
Le Mans,24 Hours of Le Mans entry,Q55096520,13,1,2,endurance racing team entered in a running of the 24 Hours of Le Mans,Le Mans entrant,,Q20074337,
Le Mans,24 Hours of Le Mans Test Day,Q54935318,13,1,2,recurrent racing event,,,Q15275719,
Le Mans,2015 24 Hours of Le Mans,Q17515564,13,1,2,automobile endurance event,,Q114609228,,2015 24 Hours of Le Mans
Le Mans,2012 24 Hours of Le Mans,Q216575,13,1,2,80th Grand Prix of Endurance,,Q187579|Q114609228,,2012 24 Hours of Le Mans
Le Mans,2011 24 Hours of Le Mans,Q216574,13,1,2,79th edition of the 24 Hours of Le Mans,,Q187579|Q114609228,,2011 24 Hours of Le Mans
Le Mans,24 Hours of Le Mans,Q2815261,13,1,2,Wikimedia disambiguation page,,Q4167410,,24 Hours of Le Mans (disambiguation)
Le Mans,24 Hours of Le Mans Virtual,Q131617789,13,1,2,Wikimedia disambiguation page,,Q4167410,,24 Hours of Le Mans Virtual
Esther lili,Esther Lilian Bromley,Q75373569,13,2,1,(1905-1996),,Q5,,
Esther lili,Esther Lilienweiß,Q139038547,13,2,1,,,Q5,,
Esther lili,Esther before Ahasuerus,Q3733425,13,2,2,painting by Artemisia Gentileschi,,Q3305213,,Esther Before Ahasuerus (Artemisia Gentileschi)
Esther lili,Esther before Ahasuerus,Q86835881,13,2,2,artistic subject from the Book of Esther,,Q856663|Q1406161,,
Esther lili,Esther before Ahasuerus,Q111645381,13,2,2,painting by Sébastien Bourdon,Esther and Ahasveros,Q3305213,,
Esther lili,Esther before Ahasuerus,Q27957610,13,2,2,painting by Jacopo Tintoretto,,Q3305213,,Esther Before Ahasuerus (Tintoretto)
Esther lili,Esther before Ahasuerus,Q74016685,13,2,2,painting by Rubens,,Q3305213,,
Esther lili,Esther before Ahasuerus,Q21738208,13,2,2,painting by Jan Steen,,Q3305213,,
Esther lili,Esther before Ahasuerus,Q112153811,13,2,2,painting by Jacob de Wit / Rubens,,Q3305213,,
Esther lili,Esther before Ahasuerus,Q27978428,13,2,2,"painting by Paolo Veronese, Uffizi",,Q3305213,,
Esther lili,Esther before Ahasuerus,Q5849316,13,2,2,painting by Nicolas Poussin,,Q3305213,,
Esther lili,Esther before Ahasuerus,Q50814097,13,2,2,painting by Jan Boeckhorst,,Q3305213,,
Notre-Dame de la Couture,Notre-Dame de la Couture,Q3580738,13,3,1,"church located in Le Mans, Department of Sarthe, in France",,Q16970,,"Notre-Dame de la Couture, Le Mans"
Notre-Dame de la Couture,Église Notre-Dame de la Couture de Bernay,Q22343100,13,3,1,"church located in Eure, in France",,Q16970|Q120560,,
Notre-Dame de la Couture,Notre-Dame-de-la-Couture,Q110336482,13,3,1,Wikimedia disambiguation page,,Q4167410,,
Esther Before Ahasuerus,Esther before Ahasuerus,Q3733425,14,0,1,painting by Artemisia Gentileschi,,Q3305213,,Esther Before Ahasuerus (Artemisia Gentileschi)
Esther Before Ahasuerus,Esther before Ahasuerus,Q86835881,14,0,1,artistic subject from the Book of Esther,,Q856663|Q1406161,,
Esther Before Ahasuerus,Esther before Ahasuerus,Q111645381,14,0,1,painting by Sébastien Bourdon,Esther and Ahasveros,Q3305213,,
Esther Before Ahasuerus,Esther before Ahasuerus,Q27957610,14,0,1,painting by Jacopo Tintoretto,,Q3305213,,Esther Before Ahasuerus (Tintoretto)
Esther Before Ahasuerus,Esther before Ahasuerus,Q74016685,14,0,1,painting by Rubens,,Q3305213,,
Esther Before Ahasuerus,Esther before Ahasuerus,Q21738208,14,0,1,painting by Jan Steen,,Q3305213,,
Esther Before Ahasuerus,Esther before Ahasuerus,Q112153811,14,0,1,painting by Jacob de Wit / Rubens,,Q3305213,,
Esther Before Ahasuerus,Esther before Ahasuerus,Q27978428,14,0,1,"painting by Paolo Veronese, Uffizi",,Q3305213,,
Esther Before Ahasuerus,Esther before Ahasuerus,Q5849316,14,0,1,painting by Nicolas Poussin,,Q3305213,,
Esther Before Ahasuerus,Esther before Ahasuerus,Q50814097,14,0,1,painting by Jan Boeckhorst,,Q3305213,,
Esther Before Ahasuerus,Esther Lilian Bromley,Q75373569,14,0,2,(1905-1996),,Q5,,
Esther Before Ahasuerus,Esther Lilienweiß,Q139038547,14,0,2,,,Q5,,
Esther Before Ahasuerus,Ahasuerus,Q21143681,14,0,2,given name,Ahasuerus (given name)|Ahasuerus (first name),Q202444,,
Esther Before Ahasuerus,Ahasuerus,Q1370497,14,0,2,"name of one or more kings of Persia in the Hebrew Bible (Esther, Ezra, Daniel), cognate to the Greek form Xerxes or Artaxerxes",Ahasverus|King Ahasuerus|Achashverosh|Ahashverosh|Ahashuerus,Q20643955,,Ahasuerus
Esther Before Ahasuerus,Wandering Jew,Q464017,14,0,2,European Christian legendary figure of a Jew who taunted Jesus and was cursed to immortally walk the Earth until the Second Coming,Ahasuerus|Ewige Jude|The Wandering Jew|Eternal Jew|The Eternal Jew|Cartaphilus|Ahasver,Q13002315,,Wandering Jew
Esther Before Ahasuerus,Annie Dorrington,Q19668304,14,0,2,Australian botanical artist and flag designer (1866–1926),Annie Whistler|Ahasuerus,Q5,,Annie Dorrington
Esther Before Ahasuerus,Ahasuerus,Q104760637,14,0,2,painting by Maurycy Gottlieb,,Q3305213,,
Esther Before Ahasuerus,Ahasuerus W. Buell,Q111157426,14,0,2,American politician,Ahasuerus Buell,Q5,,
Esther Before Ahasuerus,Ahasuerus‏‏‏‏,Q92547271,14,0,2,painting by Osias Hoffstatter,,Q3305213,,
Esther Before Ahasuerus,Ahasuerus and Haman at the Feast of Esther,Q2589202,14,0,2,painting by Rembrandt,,Q3305213,,Ahasuerus and Haman at the Feast of Esther
Esther Before Ahasuerus,Ahasuerus Chooses Esther,Q3733423,14,0,2,painting by Filippino Lippi,,Q3305213,,
Esther Before Ahasuerus,The Wrath of Ahasuerus,Q29350888,14,0,2,painting by Jan Steen,Ahasuerus and Esther,Q3305213,,
Le Mans,Le Mans,Q1476,14,1,1,"commune in Sarthe, France",Cenomanensium|Croix-Gazonfière|Sainte-Croix (réunie au Mans)|Saint-Georges-du-Plain (réunie au Mans)|Denis-des-Coudrais,Q484170|Q1549591,,Le Mans
Le Mans,Le Mans Sarthe Basket,Q40063,14,1,1,French basketball club,MSB|Le Mans|Le Mans Basket|Sporting Club Moderne,Q13393265,,Le Mans Sarthe Basket
Le Mans,24 Hours of Le Mans,Q187579,14,1,1,annual sports car race held in France,LM24|Le Mans 24 Hours|24hLM|Le Mans,Q18608583|Q87292877,Q87267436,24 Hours of Le Mans
Le Mans,Le Mans F.C.,Q210864,14,1,1,"football team in Le Mans, France",Le Mans FC|Le MUC|Le Mans Football Club|Le Mans U.C. 72,Q476028,,Le Mans FC
Le Mans,Le Mans,Q613290,14,1,1,1971 action film by Lee H. Katzin,Mans,Q11424,,Le Mans (film)
Le Mans,Le Mans,Q3756611,14,1,1,Spanish indie rock band,,Q215380,,Le Mans (band)
Le Mans,Le Mans Université,Q834825,14,1,1,French university based in Le Mans founded in 1977,University of Le Mans|University of Maine,Q875538|Q3551775,,Le Mans University
Le Mans,Le Mans 24,Q6507191,14,1,1,1997 video game,,Q7889,,Le Mans 24 (video game)
Le Mans,Le Mans,Q5679850,14,1,1,1994 album by spanish group Le Mans,,Q482994,,
Le Mans,Le Mans Cathedral,Q1563071,14,1,1,"cathedral located in Sarthe, in France",,Q56242215,,Le Mans Cathedral
Esther lili,Esther Lilian Bromley,Q75373569,14,2,1,(1905-1996),,Q5,,
Esther lili,Esther Lilienweiß,Q139038547,14,2,1,,,Q5,,
Esther lili,Esther before Ahasuerus,Q3733425,14,2,2,painting by Artemisia Gentileschi,,Q3305213,,Esther Before Ahasuerus (Artemisia Gentileschi)
Esther lili,Esther before Ahasuerus,Q86835881,14,2,2,artistic subject from the Book of Esther,,Q856663|Q1406161,,
Esther lili,Esther before Ahasuerus,Q111645381,14,2,2,painting by Sébastien Bourdon,Esther and Ahasveros,Q3305213,,
Esther lili,Esther before Ahasuerus,Q27957610,14,2,2,painting by Jacopo Tintoretto,,Q3305213,,Esther Before Ahasuerus (Tintoretto)
Esther lili,Esther before Ahasuerus,Q74016685,14,2,2,painting by Rubens,,Q3305213,,
Esther lili,Esther before Ahasuerus,Q21738208,14,2,2,painting by Jan Steen,,Q3305213,,
Esther lili,Esther before Ahasuerus,Q112153811,14,2,2,painting by Jacob de Wit / Rubens,,Q3305213,,
Esther lili,Esther before Ahasuerus,Q27978428,14,2,2,"painting by Paolo Veronese, Uffizi",,Q3305213,,
Esther lili,Esther before Ahasuerus,Q5849316,14,2,2,painting by Nicolas Poussin,,Q3305213,,
Esther lili,Esther before Ahasuerus,Q50814097,14,2,2,painting by Jan Boeckhorst,,Q3305213,,
Le Mans Cathedral,Le Mans Cathedral,Q1563071,14,3,1,"cathedral located in Sarthe, in France",,Q56242215,,Le Mans Cathedral
