data,candidates,QID,row,columns,quality,description,aliases,P31,P279,sitelink
Maribor,Maribor,Q1010,0,0,1,city in Slovenia,,Q1549591,,Maribor
Maribor,Maribor City Municipality,Q3435104,0,0,1,city municipality of Slovenia,City Municipality of Maribor|Mesta občina Maribor|Maribor|Marburg,Q6960199,,Urban Municipality of Maribor
Maribor,Maribor,Q101892218,0,0,1,ship built in 2005,IMO 9290804,Q11446,,
Maribor,Maribor,Q19921473,0,0,1,fictional city from the Witcher series,,Q1964689,,
Maribor,Maribor,Q23861643,0,0,1,article in Otto's encyclopedia,,Q13433827,,
Maribor,Maribor railway station,Q6762546,0,0,1,"railway station in Maribor City Municipality, Slovenia",,Q55488|Q18564289,,Maribor railway station
Maribor,Maribor Cemetery,Q12798937,0,0,1,"cemetery in Maribor, Slovenia",Pobrežje Cemetery,Q39614,,
Maribor,Maribor University Medical Centre,Q12805065,0,0,1,"medical institution in Maribor, Slovenia",Maribor UMC|UKC Maribor,Q16917,,Maribor University Medical Centre
Maribor,Maribor,Q122785025,0,0,1,ship built in 1976,IMO 7512741,Q11446,,
Maribor,NK Maribor,Q210530,0,0,1,association football club in Slovenia,Nogometni Klub Maribor,Q476028,,NK Maribor
Europe,Europe PubMed Central,Q5412157,0,1,1,database of biomedical research,HielohitooEurope PMC|UKPMhC|Arsingoli,Q1789476|Q1916557|Q4117139|Q7096323,,Europe PubMed Central
Europe,Europe,Q46,0,1,1,terrestrial continent located in north-western Eurasia,European continent|The Old Continent|European Continent|European Peninsula|Old Continent,Q2418896|Q5107|Q82794|Q2221906,,Europe
Europe,Europe,Q185144,0,1,1,Swedish rock band,,Q215380,,Europe (band)
Europe,European Union,Q458,0,1,1,political and economic union of 27 European states,,Q4120211|Q120121699|Q1335818|Q170156,,European Union
Europe,Europe,Q198697,0,1,1,1983 debut studio album by Europe,,Q482994,,Europe (Europe album)
Europe,European Journal of Inorganic Chemistry,Q899591,0,1,1,peer-reviewed scientific journal,,Q5633421|Q737498|Q73364223,,European Journal of Inorganic Chemistry
Europe,Europeana,Q234110,0,1,1,digital collection of European cultural heritage operated by the Europeana Foundation,,Q212805,,Europeana
Europe,European Journal of Organic Chemistry,Q899286,0,1,1,journal,Eur. J. Org. Chem.,Q5633421|Q737498,,European Journal of Organic Chemistry
Europe,Europe,Q766618,0,1,1,Paris Métro station,,Q928830|Q22808403,,Europe station (Paris Metro)
Europe,European Nature Information System,Q374924,0,1,1,,EUNIS|European University Information Systems,Q7094076|Q4117139|Q8513,,European Nature Information System
Europe,directive of the European Union,Q326124,0,1,2,legislative act of the European Union,European Union directive|European directive|directive of the EU|EU directive,Q110430875,Q3629172|Q19847358,Directive (European Union)
Europe,European Food Safety Authority,Q516521,0,1,2,agency of the European Union,EFSA|European Union Food Safety Authority,Q30234158|Q31855|Q45400320|Q112827555,,European Food Safety Authority
Europe,European Union,Q319328,0,1,2,antifascist resistance group,,Q65971239,,European Union (resistance group)
Europe,European Union law,Q208202,0,1,2,rules operating within EU member states,EU law,Q2478386|Q1756157,Q7748,Law of the European Union
Europe,pro-Europeanism,Q3781399,0,1,2,favoring European integration,Europeanism|European Unionism,Q12909644,Q1377153,Pro-Europeanism
Europe,member state of the European Union,Q185441,0,1,2,sovereign states that form the European Union,EU member|European Union member state|state of the European Union|states of the European Union|member state of the EU|member of the EU|EU country|country of the EU|EU state|EU member state|state of the EU|EU countries,Q4897819,Q1646605,Member state of the European Union
Europe,European Union Prize for Literature,Q1126192,0,1,2,annual EU literary award recognising the best emerging fiction writers in Europe,EUPL|EU Prize for Literature,Q618779,Q378427,European Union Prize for Literature
Europe,European Union of the Deaf,Q1377074,0,1,2,organization,EUD,Q1156831|Q61889487,,European Union of the Deaf
Europe,regulation of the European Union,Q240141,0,1,2,EU legal acts that apply directly in each Member State,regulation of the EU|EU regulation|European Union regulation|regulation of the European Parliament and of the Council|Council Regulation|Commission Regulation|EU law|law in the EU,Q110430875,Q3629172,Regulation (European Union)
Europe,continental Europe,Q466039,0,1,2,"continent of Europe, excluding European islands",mainland Europe|European Continent|the Continent,Q4835091|Q1140140,,Continental Europe
Europe,Whites,Q65967295,0,1,2,"individuals having origins in any of the original peoples of Europe, the Middle East, or North Africa",European continental ancestry group|White people|White,Q67006304,,
Europe,Crossair Europe,Q1141227,0,1,2,Defunct Swiss airline,European Continental Airways,Q46970,,Crossair Europe
Europe,European Continental Province of the Moravian Church,Q15730603,0,1,2,,European Continental Province of the Unitas Fratrum,Q625160,,
Europe,European continental shelf as a significant sink for atmospheric carbon dioxide,Q58306619,0,1,2,,,Q13442814,,
Europe,Europe Region,Q5412164,0,1,2,Girl Guide Organization in Europe,,Q1572070|Q163740,Q683524,Europe Region (World Association of Girl Guides and Girl Scouts)
Europe,Europe Region Files (NAID 16624174),Q66280352,0,1,2,series in the National Archives and Records Administration's holdings,,Q2668072,,
Europe,Europe Region Files (NAID 18252853),Q64476140,0,1,2,series in the National Archives and Records Administration's holdings,,Q2668072,,
Europe,Europe Regional Chapter of the International Society of Exposure Science,Q124525762,0,1,2,"nonprofit organization in Nijmegen, The Netherlands",ISES Europe|International Society of Exposure Science – Europe Chapter|ISES Europe Board,Q163740,,
Europe,Europe Region of World Physiotherapy,Q131900518,0,1,2,,,Q43229,,
Yaroslavl,Yaroslavl,Q2423,1,0,1,"city in Yaroslavl Oblast, Russia",Jaroslav,Q7930989|Q1549591|Q56580425|Q13626398,,Yaroslavl
Yaroslavl,Yaroslavl Oblast,Q2448,1,0,1,federal subject of Russia,,Q835714|Q43263,,Yaroslavl Oblast
Yaroslavl,Yaroslavl Governorate,Q2417759,1,0,1,governorate in Russian Empire and RSFSR,,Q86622|Q47530375,,Yaroslavl Governorate
Yaroslavl,Yaroslavl,Q100375371,1,0,1,painting by Lazare Volovick,,Q3305213,,
Yaroslavl,Yaroslavl,Q4538905,1,0,1,,,Q6881511|Q44782,,
Yaroslavl,15212 Yaroslavlʹ,Q2214492,1,0,1,asteroid,Yaroslavl'|Yaroslavlʹ,Q3863,,15212 Yaroslavlʹ
Yaroslavl,Yaroslavl State University,Q958886,1,0,1,university,P.G. Demidov Yaroslavl State University,Q48940751|Q4129775|Q45400320,,Yaroslavl State University
Yaroslavl,Yaroslavl railway station,Q1967106,1,0,1,"railway station in Yaroslavl, Russia",,Q1339195|Q55488|Q2319498,,Yaroslavl-Glavny railway station
Yaroslavl,Yaroslavl State Pedagogical University,Q4538869,1,0,1,,,Q3918,,
Yaroslavl,Yaroslavl State Theatre Institute,Q4538872,1,0,1,"education organization in Yaroslavl, Russia",,Q1664720|Q2385804,,
Yaroslavl,Yaroslavl Oblast Duma,Q4538835,1,0,2,"Regional parliament of Yaroslavl Oblast, Russia",,Q4345591,,Yaroslavl Oblast Duma
Yaroslavl,"Yaroslavl Regional ""Solovyov NV Clinical Emergency Hospital""",Q4091101,1,0,2,hospital in Russia,"State Autonomous Healthcare Institution of Yaroslavl Region|Yaroslavl Oblast State Autonomous Healthcare Institution ""NV Solovyov Clinical Hospital for Emergency Care""",Q16917|Q1497364|Q4287745|Q2319498,,
Yaroslavl,flag of Yaroslavl Oblast,Q2635547,1,0,2,flag of the Russian oblast of Yaroslavl,Yaroslavl Oblast flag,Q22807280,,Flag of Yaroslavl Oblast
Yaroslavl,geography of Yaroslavl Oblast,Q4135656,1,0,2,,Yaroslavl Oblast geography,Q46865913,,
Yaroslavl,coat of arms of Yaroslavl Oblast,Q4136945,1,0,2,,Yaroslavl Oblast coat of arms,Q14659,,
Yaroslavl,2017 Yaroslavl Oblast gubernatorial election,Q30452760,1,0,2,,"Yaroslavl Oblast gubernatorial election, 2017",Q15261477,,2017 Yaroslavl Oblast gubernatorial election
Yaroslavl,music of Yaroslavl Oblast,Q106626891,1,0,2,,Yaroslavl Oblast music|music in Yaroslavl Oblast,Q75054287,Q2498201,
Yaroslavl,COVID-19 pandemic in Yaroslavl Oblast,Q104719961,1,0,2,,"Yaroslavl Oblast COVID-19 pandemic|2020 Yaroslavl Oblast COVID-19 pandemic|COVID pandemic in Yaroslavl Oblast|COVID-19 pandemic in Yaroslavl Oblast, Russia",Q3241045,,
Yaroslavl,Yaroslavl State University,Q4538875,1,0,2,university in 1918—1924,,Q875538,,
Europe,Europe PubMed Central,Q5412157,1,1,1,database of biomedical research,HielohitooEurope PMC|UKPMhC|Arsingoli,Q1789476|Q1916557|Q4117139|Q7096323,,Europe PubMed Central
Europe,Europe,Q46,1,1,1,terrestrial continent located in north-western Eurasia,European continent|The Old Continent|European Continent|European Peninsula|Old Continent,Q2418896|Q5107|Q82794|Q2221906,,Europe
Europe,Europe,Q185144,1,1,1,Swedish rock band,,Q215380,,Europe (band)
Europe,European Union,Q458,1,1,1,political and economic union of 27 European states,,Q4120211|Q120121699|Q1335818|Q170156,,European Union
Europe,Europe,Q198697,1,1,1,1983 debut studio album by Europe,,Q482994,,Europe (Europe album)
Europe,European Journal of Inorganic Chemistry,Q899591,1,1,1,peer-reviewed scientific journal,,Q5633421|Q737498|Q73364223,,European Journal of Inorganic Chemistry
Europe,Europeana,Q234110,1,1,1,digital collection of European cultural heritage operated by the Europeana Foundation,,Q212805,,Europeana
Europe,European Journal of Organic Chemistry,Q899286,1,1,1,journal,Eur. J. Org. Chem.,Q5633421|Q737498,,European Journal of Organic Chemistry
Europe,Europe,Q766618,1,1,1,Paris Métro station,,Q928830|Q22808403,,Europe station (Paris Metro)
Europe,European Nature Information System,Q374924,1,1,1,,EUNIS|European University Information Systems,Q7094076|Q4117139|Q8513,,European Nature Information System
Europe,directive of the European Union,Q326124,1,1,2,legislative act of the European Union,European Union directive|European directive|directive of the EU|EU directive,Q110430875,Q3629172|Q19847358,Directive (European Union)
Europe,European Food Safety Authority,Q516521,1,1,2,agency of the European Union,EFSA|European Union Food Safety Authority,Q30234158|Q31855|Q45400320|Q112827555,,European Food Safety Authority
Europe,European Union,Q319328,1,1,2,antifascist resistance group,,Q65971239,,European Union (resistance group)
Europe,European Union law,Q208202,1,1,2,rules operating within EU member states,EU law,Q2478386|Q1756157,Q7748,Law of the European Union
Europe,pro-Europeanism,Q3781399,1,1,2,favoring European integration,Europeanism|European Unionism,Q12909644,Q1377153,Pro-Europeanism
Europe,member state of the European Union,Q185441,1,1,2,sovereign states that form the European Union,EU member|European Union member state|state of the European Union|states of the European Union|member state of the EU|member of the EU|EU country|country of the EU|EU state|EU member state|state of the EU|EU countries,Q4897819,Q1646605,Member state of the European Union
Europe,European Union Prize for Literature,Q1126192,1,1,2,annual EU literary award recognising the best emerging fiction writers in Europe,EUPL|EU Prize for Literature,Q618779,Q378427,European Union Prize for Literature
Europe,European Union of the Deaf,Q1377074,1,1,2,organization,EUD,Q1156831|Q61889487,,European Union of the Deaf
Europe,regulation of the European Union,Q240141,1,1,2,EU legal acts that apply directly in each Member State,regulation of the EU|EU regulation|European Union regulation|regulation of the European Parliament and of the Council|Council Regulation|Commission Regulation|EU law|law in the EU,Q110430875,Q3629172,Regulation (European Union)
Europe,European Economic Area,Q8932,1,1,2,area of the European Union's internal market and some of EFTA states established in 1994,EEA,Q4120211|Q3623811|Q1335818|Q1048835|Q5335686|Q1327750|Q2585959,,European Economic Area
Europe,European Economic Area Council,Q90913903,1,1,2,,EEA Council,Q865588|Q7210356,,
Europe,European Economic Area Act 1993,Q30324055,1,1,2,Public General Act of Parliament of the United Kingdom,1993 c. 51|1993 c51,Q105774620,,European Economic Area Act 1993
Europe,European identity card,Q96101027,1,1,2,identity document replacing current national identity cards in the European Union,European Union identity card|European Economic Area identity card|EU identity card|EEA identity card|European ID card|EU ID card|EEA ID card,,Q47988,
Europe,European Economic Area Family Permit,Q1376534,1,1,2,,,,,European Economic Area Family Permit
Europe,European Economic Area: Its Prospects and Impact,Q118855823,1,1,2,,,Q13442814,,
Europe,European Free Trade Association,Q166546,1,1,2,international trade organization and free trade area,EFTA|AELC,Q4120211|Q5335686|Q484652,,European Free Trade Association
Europe,European Free Trade Association Act 1960,Q110266439,1,1,2,Public General Act of Parliament of the United Kingdom,8 & 9 Eliz. 2. c. 19|8&9 Eliz 2 c19,Q105774620,,
Europe,European Free Trade Association Surveillance Authority,Q3775266,1,1,2,,EFTA Surveillance Authority|ESA,Q15820303,,European Free Trade Association Surveillance Authority
Dharwad,Dharwad district,Q1790904,2,0,1,"district of Karnataka, India",Dharwad,Q1149652,,Dharwad district
Dharwad,Dhariawad Vidhan Sabha constituency,Q19807532,2,0,1,constituency of the Rajasthan legislative assembly in India,Dharwad|Dhariawad,Q54375498,,Dhariawad Assembly constituency
Dharwad,Dharwad Lok Sabha constituency,Q5269410,2,0,1,Lok Sabha Constituency in Karnataka,,Q47481352,,Dharwad Lok Sabha constituency
Dharwad,Dharwad,Q2761728,2,0,1,City in the state of Karnataka of India,Dharwar|Vidyakashi|Hubli-Dharwad|Hubballi-Dharwad|Oxford of Karnataka,Q58339518|Q1549591,,Dharwad
Dharwad,Dharwad,Q10755009,2,0,1,"village in Karnataka, India",,Q56436498,,Dharwad (village)
Dharwad,Dharwad postal division,Q63680280,2,0,1,,,Q63676827,,
Dharwad,Dharwad railway station,Q24942847,2,0,1,railway station in Karnataka,Dharwad city Railway Station|DWR,Q55488|Q22808404,,Dharwad railway station
Dharwad,Dharwad North Lok Sabha constituency,Q5269408,2,0,1,Lok Sabha Constituency in Karnataka,,Q125450892,,Dharwad North Lok Sabha constituency
Dharwad,Dharwad South Lok Sabha constituency,Q5269409,2,0,1,Lok Sabha constituency,,Q125450892,,Dharwad South Lok Sabha constituency
Dharwad,Dharwad Assembly constituency,Q55434966,2,0,1,constituency of the Karnataka legislative assembly in India,,Q54375457,,Dharwad Assembly constituency
Dharwad,Hubli–Dharwad,Q1707092,2,0,2,"twin city in Karnataka, India",,Q244793,,Hubli–Dharwad
Dharwad,Hubballi-Dharwad BRTS,Q17055477,2,0,2,"Bus rapid transit system in Hubballi-Dharwad, Karnataka, India",HDBRTS|Dharwad BRTS|Chigri|Hubballi - Dharwad BRTS,Q2878855,,Hubli-Dharwad Bus Rapid Transit System
Dharwad,Hubballi-Dharwad Urban Development Authority,Q116446203,2,0,2,Devlopment authority of Hubballi-Dharwad,HDUDA|Dharwad Urban Development Authority,Q327333,,
Dharwad,2020 COVID-19 pandemic in Dharwad district,Q88372121,2,0,2,Corona statistics,"2020 coronavirus outbreak in Dharwad district|2020 Dharwad district COVID-19 pandemic|Dharwad district COVID-19 pandemic|2020 COVID pandemic in Dharwad district|2020 COVID-19 pandemic in Dharwad district, India|COVID-19 pandemic in Dharwad district, India",Q3241045,,
Asia,Asia,Q48,2,1,1,"terrestrial continent, mainly in the northeastern quadrant",Asian continent|Continental Asia,Q5107|Q2418896|Q82794,,Asia
Asia,Asia,Q726891,2,1,1,British rock band,Asia (rock band),Q215380,,Asia (band)
Asia,Asia,Q210718,2,1,1,Roman province,Asia (Roman province),Q182547,,Asia (Roman province)
Asia,Asia,Q3625042,2,1,1,female given name,Asia (first name)|Asia (given name),Q11879590,,
Asia,Asia,Q37020313,2,1,1,family name,,Q101352,,
Asia,Asia Carrera,Q540597,2,1,1,American pornographic actress,Asia Carrera Lemmon|Jessica Bennett|Asia Carera|Asian Carrera|Asia,Q5,,Asia Carrera
Asia,UTC+06:30,Q6923,2,1,1,Identifier for a time offset from UTC of +6:30,+6:30|GMT+6.5|Myanmar Standard Time|Asia/Yangon|MMT|UTC+6.5|UTC+6:30,Q17272482,,UTC+06:30
Asia,Asian Football Confederation,Q83276,2,1,1,"governing body of association football, beach soccer, and futsal in most countries and territories in Asia",AFC|Asia Football Confederation|A.F.C.,Q11422536|Q1156831|Q163740,,Asian Football Confederation
Asia,HMS Sir Francis Drake,Q25053390,2,1,1,1797 fifth-rate frigate,Asia|Dona Maria II,Q848944|Q852190|Q161705,,Asia (1797 ship)
Asia,Asia,Q54974383,2,1,1,American pornographic actress (born 1986),Asia Rain|Ms. Asia,Q5,,
Asia,Asian people,Q4058325,2,1,2,people of Asian origin,Asians|Asiatic people|Asian continental ancestry group,Q41710|Q67006304,Q22947,Asian people
Asia,Asian continent,Q17173111,2,1,2,,continental Asia,Q855697,,
Asia,Asian Regionalism Contrasted with European Integration,Q119421359,2,1,2,,,Q13442814,,
Asia,Asian Regional Congress of C.I.C.I.A.M.S. Profession,Q67031771,2,1,2,scientific article published on 01 January 1977,,Q13442814,,
Asia,"Asian Regionalism: Not so New, Not so Effective",Q127334035,2,1,2,scholarly article,,Q13442814,,
Asia,Asian Regional Congress of C.I.C.I.A.M.S. Preparation,Q67031786,2,1,2,scientific article published on 01 January 1977,,Q13442814,,
Asia,Asian Regional Congress of C.I.C.I.A.M.S. Progress,Q93486002,2,1,2,,,Q13442814,,
Asia,Asian Regional Governance,Q59403943,2,1,2,article,,Q13442814,,
Asia,"Asian Regional Conference on Evolution of the System of Radiological Protection. Tokyo, 24-25 October 2002",Q78838950,2,1,2,scientific article published on 01 December 2002,,Q13442814,,
Asia,Asian regional project set for new cycle,Q77204480,2,1,2,scientific article published on 01 March 1996,,Q13442814,,
Asia,Asian regional seminar held in new delhi,Q81211414,2,1,2,scientific article published on 01 January 1979,,Q13442814,,
Asia,Asian regional conference on aging,Q77202552,2,1,2,scientific article published on 01 August 1999,,Q13442814,,
Hubballi-Dharwad,Hubli–Dharwad,Q1707092,2,3,1,"twin city in Karnataka, India",,Q244793,,Hubli–Dharwad
Hubballi-Dharwad,Dharwad,Q2761728,2,3,1,City in the state of Karnataka of India,Dharwar|Vidyakashi|Hubli-Dharwad|Hubballi-Dharwad|Oxford of Karnataka,Q58339518|Q1549591,,Dharwad
Hubballi-Dharwad,Hubballi-Dharwad BRTS,Q17055477,2,3,1,"Bus rapid transit system in Hubballi-Dharwad, Karnataka, India",HDBRTS|Dharwad BRTS|Chigri|Hubballi - Dharwad BRTS,Q2878855,,Hubli-Dharwad Bus Rapid Transit System
Hubballi-Dharwad,Hubballi-Dharwad Urban Development Authority,Q116446203,2,3,1,Devlopment authority of Hubballi-Dharwad,HDUDA|Dharwad Urban Development Authority,Q327333,,
Hubballi-Dharwad,Dharwad district,Q1790904,2,3,2,"district of Karnataka, India",Dharwad,Q1149652,,Dharwad district
Hubballi-Dharwad,Dhariawad Vidhan Sabha constituency,Q19807532,2,3,2,constituency of the Rajasthan legislative assembly in India,Dharwad|Dhariawad,Q54375498,,Dhariawad Assembly constituency
Hubballi-Dharwad,Dharwad Lok Sabha constituency,Q5269410,2,3,2,Lok Sabha Constituency in Karnataka,,Q47481352,,Dharwad Lok Sabha constituency
Hubballi-Dharwad,Dharwad,Q10755009,2,3,2,"village in Karnataka, India",,Q56436498,,Dharwad (village)
Hubballi-Dharwad,Dharwad postal division,Q63680280,2,3,2,,,Q63676827,,
Hubballi-Dharwad,Dharwad railway station,Q24942847,2,3,2,railway station in Karnataka,Dharwad city Railway Station|DWR,Q55488|Q22808404,,Dharwad railway station
Hubballi-Dharwad,Dharwad North Lok Sabha constituency,Q5269408,2,3,2,Lok Sabha Constituency in Karnataka,,Q125450892,,Dharwad North Lok Sabha constituency
Hubballi-Dharwad,Dharwad South Lok Sabha constituency,Q5269409,2,3,2,Lok Sabha constituency,,Q125450892,,Dharwad South Lok Sabha constituency
Hubballi-Dharwad,Dharwad Assembly constituency,Q55434966,2,3,2,constituency of the Karnataka legislative assembly in India,,Q54375457,,Dharwad Assembly constituency
Hubballi-Dharwad,Hubli,Q33412,2,3,2,"city in Karnataka, India",,Q515,,Hubli
Hubballi-Dharwad,Hubballi Airport,Q3207464,2,3,2,airport in India,HBX|VOHB|HUBBALLI,Q1248784|Q94993988,,Hubli Airport
Hubballi-Dharwad,Hubballi railway division,Q24088892,2,3,2,railway division of India,,Q63383616,,Hubli railway division
Hubballi-Dharwad,Hubballi Taluk,Q16252371,2,3,2,"Taluk of Dharwad District in Karnataka, India",,Q122987724,,Hubli taluk
Hubballi-Dharwad,Hubballi - Hyderabad Express,Q39047840,2,3,2,passenger train service in India,Hubli Hyderabad Express,Q5421693|Q91908084,,Hubballi–Hyderabad Express
Hubballi-Dharwad,Hubballi – Lokmanya Tilak Terminus Express,Q9905101,2,3,2,Express train in India,,Q914913|Q91908084,,Hubballi–Lokmanya Tilak Terminus Express
Hubballi-Dharwad,Hubballi - Lokmanya Tilak Terminus Express,Q39073131,2,3,2,express train in India,,Q5421693|Q91908084,,Hubballi–Lokmanya Tilak Terminus Express (via Bijapur)
Zlatoust,Zlatoust,Q140087,3,0,1,city in Russia,,Q192287|Q1549591|Q7930989,,Zlatoust
Zlatoust,Zlatoust,Q110943259,3,0,1,male given name (Златоуст),Златоуст,Q12308941,,
Zlatoust,Zlatoust,Q20122152,3,0,1,"human settlement in Lezhnevsky District, Ivanovo Oblast, Russia",,Q532,,"Zlatoust, Ivanovo Oblast"
Zlatoust,Zlatoust,Q16654183,3,0,1,Village in Kostanay region,,Q130212458,,
Zlatoust,Zlatoust railway station,Q4192402,3,0,1,railway station in Russia,,Q55488,,
Zlatoust,Zlatoustovsky Uyezd,Q4192437,3,0,1,,,Q18867465,,Zlatoustovsky Uyezd
Zlatoust,Zlatoust,Q2687557,3,0,1,"""book by Johannes Chrysostomus"", Old Russian miscellany",,Q47461344,,
Zlatoust,Zlatoust Urban Okrug,Q19909554,3,0,1,"municipal district in Chelyabinsk Oblast, Russia",,Q13626398,,
Zlatoust,Zlatoust Machine-Building Plant,Q4192427,3,0,1,subsidiary of Roscosmos,,Q4830453|Q6881511,,Zlatoust Machine-Building Plant
Zlatoust,Zlatoustove,Q4192418,3,0,1,"village in Berezivka urban hromada (municipality), Berezivka Raion (district), Odesa Oblast, Ukraine",,Q21672098,,
Europe,Europe PubMed Central,Q5412157,3,1,1,database of biomedical research,HielohitooEurope PMC|UKPMhC|Arsingoli,Q1789476|Q1916557|Q4117139|Q7096323,,Europe PubMed Central
Europe,Europe,Q46,3,1,1,terrestrial continent located in north-western Eurasia,European continent|The Old Continent|European Continent|European Peninsula|Old Continent,Q2418896|Q5107|Q82794|Q2221906,,Europe
Europe,Europe,Q185144,3,1,1,Swedish rock band,,Q215380,,Europe (band)
Europe,European Union,Q458,3,1,1,political and economic union of 27 European states,,Q4120211|Q120121699|Q1335818|Q170156,,European Union
Europe,Europe,Q198697,3,1,1,1983 debut studio album by Europe,,Q482994,,Europe (Europe album)
Europe,European Journal of Inorganic Chemistry,Q899591,3,1,1,peer-reviewed scientific journal,,Q5633421|Q737498|Q73364223,,European Journal of Inorganic Chemistry
Europe,Europeana,Q234110,3,1,1,digital collection of European cultural heritage operated by the Europeana Foundation,,Q212805,,Europeana
Europe,European Journal of Organic Chemistry,Q899286,3,1,1,journal,Eur. J. Org. Chem.,Q5633421|Q737498,,European Journal of Organic Chemistry
Europe,Europe,Q766618,3,1,1,Paris Métro station,,Q928830|Q22808403,,Europe station (Paris Metro)
Europe,European Nature Information System,Q374924,3,1,1,,EUNIS|European University Information Systems,Q7094076|Q4117139|Q8513,,European Nature Information System
Europe,directive of the European Union,Q326124,3,1,2,legislative act of the European Union,European Union directive|European directive|directive of the EU|EU directive,Q110430875,Q3629172|Q19847358,Directive (European Union)
Europe,European Food Safety Authority,Q516521,3,1,2,agency of the European Union,EFSA|European Union Food Safety Authority,Q30234158|Q31855|Q45400320|Q112827555,,European Food Safety Authority
Europe,European Union,Q319328,3,1,2,antifascist resistance group,,Q65971239,,European Union (resistance group)
Europe,European Union law,Q208202,3,1,2,rules operating within EU member states,EU law,Q2478386|Q1756157,Q7748,Law of the European Union
Europe,pro-Europeanism,Q3781399,3,1,2,favoring European integration,Europeanism|European Unionism,Q12909644,Q1377153,Pro-Europeanism
Europe,member state of the European Union,Q185441,3,1,2,sovereign states that form the European Union,EU member|European Union member state|state of the European Union|states of the European Union|member state of the EU|member of the EU|EU country|country of the EU|EU state|EU member state|state of the EU|EU countries,Q4897819,Q1646605,Member state of the European Union
Europe,European Union Prize for Literature,Q1126192,3,1,2,annual EU literary award recognising the best emerging fiction writers in Europe,EUPL|EU Prize for Literature,Q618779,Q378427,European Union Prize for Literature
Europe,European Union of the Deaf,Q1377074,3,1,2,organization,EUD,Q1156831|Q61889487,,European Union of the Deaf
Europe,regulation of the European Union,Q240141,3,1,2,EU legal acts that apply directly in each Member State,regulation of the EU|EU regulation|European Union regulation|regulation of the European Parliament and of the Council|Council Regulation|Commission Regulation|EU law|law in the EU,Q110430875,Q3629172,Regulation (European Union)
Europe,European Economic Area,Q8932,3,1,2,area of the European Union's internal market and some of EFTA states established in 1994,EEA,Q4120211|Q3623811|Q1335818|Q1048835|Q5335686|Q1327750|Q2585959,,European Economic Area
Europe,European Economic Area Council,Q90913903,3,1,2,,EEA Council,Q865588|Q7210356,,
Europe,European Economic Area Act 1993,Q30324055,3,1,2,Public General Act of Parliament of the United Kingdom,1993 c. 51|1993 c51,Q105774620,,European Economic Area Act 1993
Europe,European identity card,Q96101027,3,1,2,identity document replacing current national identity cards in the European Union,European Union identity card|European Economic Area identity card|EU identity card|EEA identity card|European ID card|EU ID card|EEA ID card,,Q47988,
Europe,European Economic Area Family Permit,Q1376534,3,1,2,,,,,European Economic Area Family Permit
Europe,European Economic Area: Its Prospects and Impact,Q118855823,3,1,2,,,Q13442814,,
Europe,European Free Trade Association,Q166546,3,1,2,international trade organization and free trade area,EFTA|AELC,Q4120211|Q5335686|Q484652,,European Free Trade Association
Europe,European Free Trade Association Act 1960,Q110266439,3,1,2,Public General Act of Parliament of the United Kingdom,8 & 9 Eliz. 2. c. 19|8&9 Eliz 2 c19,Q105774620,,
Europe,European Free Trade Association Surveillance Authority,Q3775266,3,1,2,,EFTA Surveillance Authority|ESA,Q15820303,,European Free Trade Association Surveillance Authority
Frankfurt,Frankfurt,Q1794,4,0,1,"most populated city of Hesse, Germany","Kreisfreie Stadt Frankfurt am Main|Frankfurt, Germany|Frankfurt am Main, Germany|Francfort|Frankfurt am Main",Q1549591|Q57318|Q1187811|Q1066984|Q1375749|Q13218276|Q515|Q42744322|Q61980648|Q745456|Q208511|Q486972,,Frankfurt
Frankfurt,Frankfurt (Oder),Q4024,4,0,1,"city in Brandenburg, Germany","Frankfurt|Frankfurt/Oder|Frankfurt on the Oder|Franckf. an der Oder|Franckforth|Frankfurt, Brandenburg|Frankfurt a. d. Oder",Q1187811|Q707813|Q42744322|Q61793478|Q902814|Q67123843|Q515,,Frankfurt (Oder)
Frankfurt,Eintracht Frankfurt,Q38245,4,0,1,"sports club based in Frankfurt am Main, Hesse, Germany",Eintracht Frankfurt e. V.|Frankfurt|Eintracht|Die Adler|The Eagles,Q847017|Q476028,,Eintracht Frankfurt
Frankfurt,Frankfurt Stock Exchange,Q151139,4,0,1,"stock exchange located in Frankfurt, Germany",FWB|Frankfurter Börse|Frankfurter Wertpapierbörse|FRA Stock Exchange|BOERSE FRANKFURT - REGULIERTER MARKT|FRAA,Q11691|Q475000|Q7309637,,Frankfurt Stock Exchange
Frankfurt,Städel Museum,Q163804,4,0,1,"art museum in Frankfurt, Germany",Städtische Galerie im Städelschen Kunstinstitut Frankfurt am Main|Städelsches Kunstinstitut und Städtische Galerie Frankfurt am Main|Frankfurt am Main Städtische Galerie im Städelschen Kunstinstitut|Stadelschen Kunstinstitut|Staedel|Staedel Museum,Q207694|Q163740,,Städel
Frankfurt,Frankfurt Airport,Q46033,4,0,1,"biggest airport of Germany, located in Frankfurt, Hesse",EDDF|FRA|Rhein-Main Airport|Frankfurt am Main Airport,Q21836433|Q644371,,Frankfurt Airport
Frankfurt,Frankfurt (Oder) railway station,Q445993,4,0,1,"train station in Brandenburg, Germany",Bahnhof Frankfurt (Oder)|Frankfurt (O),Q55488|Q27996466|Q1402443,,Frankfurt (Oder) station
Frankfurt,Frankfurt,Q131342677,4,0,1,"German article in Meyer’s Universum, 1840",,Q191067,,
Frankfurt,Frankfurt (Main) Hbf,Q165368,4,0,1,"main railway station in Frankfurt, Germany",Frankfurt am Main main station|Frankfurt Central Station|Frankfurt (Main) main station,Q1406904|Q2138274|Q55485|Q18543139,,Frankfurt (Main) Hauptbahnhof
Frankfurt,Frankfurt-Flughafen,Q560737,4,0,1,"Neighbourhood of Frankfurt, Germany",Flughafen,Q79416466,,Flughafen
Frankfurt,Frankfurt am Main,Q833965,4,0,2,2001 Berlin-class replenishment ship,A 1412|FGS FFM|FGS Frankfurt am Main,Q162986,,German ship Frankfurt am Main
Frankfurt,Frankfurt Main Cemetery,Q881481,4,0,2,"cemetery in Frankfurt am Main, Hesse, Germany",Frankfurt am Main|Frankfurter Hauptfriedhof|Hauptfriedhof Frankfurt,Q39614,,Frankfurt Main Cemetery
Frankfurt,Frankfurt am Main,Q103920493,4,0,2,encyclopedia article,,Q13433827,,
Frankfurt,Frankfurt am Main I,Q1008171,4,0,2,federal electoral district of Germany,constituency for the Bundestag election Frankfurt am Main I,Q11703715,,Frankfurt am Main I
Frankfurt,Frankfurt (Main) Hbf (tief),Q871012,4,0,2,"lower level for S-Bahn trains of the main railway station in Frankfurt (Main), Germany",Frankfurt Main Station|Frankfurt Central Station,Q1793804|Q2451577|Q55491|Q19274527|Q55488|Q22808403,,Frankfurt (Main) Hauptbahnhof (low level)
Frankfurt,Frankfurt am Main II,Q1008175,4,0,2,federal electoral district of Germany,constituency for the Bundestag election Frankfurt am Main II,Q11703715,,Frankfurt am Main II
Europe,Europe PubMed Central,Q5412157,4,1,1,database of biomedical research,HielohitooEurope PMC|UKPMhC|Arsingoli,Q1789476|Q1916557|Q4117139|Q7096323,,Europe PubMed Central
Europe,Europe,Q46,4,1,1,terrestrial continent located in north-western Eurasia,European continent|The Old Continent|European Continent|European Peninsula|Old Continent,Q2418896|Q5107|Q82794|Q2221906,,Europe
Europe,Europe,Q185144,4,1,1,Swedish rock band,,Q215380,,Europe (band)
Europe,European Union,Q458,4,1,1,political and economic union of 27 European states,,Q4120211|Q120121699|Q1335818|Q170156,,European Union
Europe,Europe,Q198697,4,1,1,1983 debut studio album by Europe,,Q482994,,Europe (Europe album)
Europe,European Journal of Inorganic Chemistry,Q899591,4,1,1,peer-reviewed scientific journal,,Q5633421|Q737498|Q73364223,,European Journal of Inorganic Chemistry
Europe,Europeana,Q234110,4,1,1,digital collection of European cultural heritage operated by the Europeana Foundation,,Q212805,,Europeana
Europe,European Journal of Organic Chemistry,Q899286,4,1,1,journal,Eur. J. Org. Chem.,Q5633421|Q737498,,European Journal of Organic Chemistry
Europe,Europe,Q766618,4,1,1,Paris Métro station,,Q928830|Q22808403,,Europe station (Paris Metro)
Europe,European Nature Information System,Q374924,4,1,1,,EUNIS|European University Information Systems,Q7094076|Q4117139|Q8513,,European Nature Information System
Europe,directive of the European Union,Q326124,4,1,2,legislative act of the European Union,European Union directive|European directive|directive of the EU|EU directive,Q110430875,Q3629172|Q19847358,Directive (European Union)
Europe,European Food Safety Authority,Q516521,4,1,2,agency of the European Union,EFSA|European Union Food Safety Authority,Q30234158|Q31855|Q45400320|Q112827555,,European Food Safety Authority
Europe,European Union,Q319328,4,1,2,antifascist resistance group,,Q65971239,,European Union (resistance group)
Europe,European Union law,Q208202,4,1,2,rules operating within EU member states,EU law,Q2478386|Q1756157,Q7748,Law of the European Union
Europe,pro-Europeanism,Q3781399,4,1,2,favoring European integration,Europeanism|European Unionism,Q12909644,Q1377153,Pro-Europeanism
Europe,member state of the European Union,Q185441,4,1,2,sovereign states that form the European Union,EU member|European Union member state|state of the European Union|states of the European Union|member state of the EU|member of the EU|EU country|country of the EU|EU state|EU member state|state of the EU|EU countries,Q4897819,Q1646605,Member state of the European Union
Europe,European Union Prize for Literature,Q1126192,4,1,2,annual EU literary award recognising the best emerging fiction writers in Europe,EUPL|EU Prize for Literature,Q618779,Q378427,European Union Prize for Literature
Europe,European Union of the Deaf,Q1377074,4,1,2,organization,EUD,Q1156831|Q61889487,,European Union of the Deaf
Europe,regulation of the European Union,Q240141,4,1,2,EU legal acts that apply directly in each Member State,regulation of the EU|EU regulation|European Union regulation|regulation of the European Parliament and of the Council|Council Regulation|Commission Regulation|EU law|law in the EU,Q110430875,Q3629172,Regulation (European Union)
Europe,continental Europe,Q466039,4,1,2,"continent of Europe, excluding European islands",mainland Europe|European Continent|the Continent,Q4835091|Q1140140,,Continental Europe
Europe,Whites,Q65967295,4,1,2,"individuals having origins in any of the original peoples of Europe, the Middle East, or North Africa",European continental ancestry group|White people|White,Q67006304,,
Europe,Crossair Europe,Q1141227,4,1,2,Defunct Swiss airline,European Continental Airways,Q46970,,Crossair Europe
Europe,European Continental Province of the Moravian Church,Q15730603,4,1,2,,European Continental Province of the Unitas Fratrum,Q625160,,
Europe,European continental shelf as a significant sink for atmospheric carbon dioxide,Q58306619,4,1,2,,,Q13442814,,
Europe,Europe Region,Q5412164,4,1,2,Girl Guide Organization in Europe,,Q1572070|Q163740,Q683524,Europe Region (World Association of Girl Guides and Girl Scouts)
Europe,Europe Region Files (NAID 16624174),Q66280352,4,1,2,series in the National Archives and Records Administration's holdings,,Q2668072,,
Europe,Europe Region Files (NAID 18252853),Q64476140,4,1,2,series in the National Archives and Records Administration's holdings,,Q2668072,,
Europe,Europe Regional Chapter of the International Society of Exposure Science,Q124525762,4,1,2,"nonprofit organization in Nijmegen, The Netherlands",ISES Europe|International Society of Exposure Science – Europe Chapter|ISES Europe Board,Q163740,,
Europe,Europe Region of World Physiotherapy,Q131900518,4,1,2,,,Q43229,,
Stadtregion Frankfurt,Stadtregion Frankfurt,Q16801822,4,3,1,human settlement in Germany,,Q159313|Q3175539,,
Stadtregion Frankfurt,Frankfurt,Q1794,4,3,2,"most populated city of Hesse, Germany","Kreisfreie Stadt Frankfurt am Main|Frankfurt, Germany|Frankfurt am Main, Germany|Francfort|Frankfurt am Main",Q1549591|Q57318|Q1187811|Q1066984|Q1375749|Q13218276|Q515|Q42744322|Q61980648|Q745456|Q208511|Q486972,,Frankfurt
Stadtregion Frankfurt,Frankfurt (Oder),Q4024,4,3,2,"city in Brandenburg, Germany","Frankfurt|Frankfurt/Oder|Frankfurt on the Oder|Franckf. an der Oder|Franckforth|Frankfurt, Brandenburg|Frankfurt a. d. Oder",Q1187811|Q707813|Q42744322|Q61793478|Q902814|Q67123843|Q515,,Frankfurt (Oder)
Stadtregion Frankfurt,Eintracht Frankfurt,Q38245,4,3,2,"sports club based in Frankfurt am Main, Hesse, Germany",Eintracht Frankfurt e. V.|Frankfurt|Eintracht|Die Adler|The Eagles,Q847017|Q476028,,Eintracht Frankfurt
Stadtregion Frankfurt,Frankfurt Stock Exchange,Q151139,4,3,2,"stock exchange located in Frankfurt, Germany",FWB|Frankfurter Börse|Frankfurter Wertpapierbörse|FRA Stock Exchange|BOERSE FRANKFURT - REGULIERTER MARKT|FRAA,Q11691|Q475000|Q7309637,,Frankfurt Stock Exchange
Stadtregion Frankfurt,Städel Museum,Q163804,4,3,2,"art museum in Frankfurt, Germany",Städtische Galerie im Städelschen Kunstinstitut Frankfurt am Main|Städelsches Kunstinstitut und Städtische Galerie Frankfurt am Main|Frankfurt am Main Städtische Galerie im Städelschen Kunstinstitut|Stadelschen Kunstinstitut|Staedel|Staedel Museum,Q207694|Q163740,,Städel
Stadtregion Frankfurt,Frankfurt Airport,Q46033,4,3,2,"biggest airport of Germany, located in Frankfurt, Hesse",EDDF|FRA|Rhein-Main Airport|Frankfurt am Main Airport,Q21836433|Q644371,,Frankfurt Airport
Stadtregion Frankfurt,Frankfurt (Oder) railway station,Q445993,4,3,2,"train station in Brandenburg, Germany",Bahnhof Frankfurt (Oder)|Frankfurt (O),Q55488|Q27996466|Q1402443,,Frankfurt (Oder) station
Stadtregion Frankfurt,Frankfurt,Q131342677,4,3,2,"German article in Meyer’s Universum, 1840",,Q191067,,
Stadtregion Frankfurt,Frankfurt (Main) Hbf,Q165368,4,3,2,"main railway station in Frankfurt, Germany",Frankfurt am Main main station|Frankfurt Central Station|Frankfurt (Main) main station,Q1406904|Q2138274|Q55485|Q18543139,,Frankfurt (Main) Hauptbahnhof
Stadtregion Frankfurt,Frankfurt-Flughafen,Q560737,4,3,2,"Neighbourhood of Frankfurt, Germany",Flughafen,Q79416466,,Flughafen
Stadtregion Frankfurt,Frankfurt am Main,Q833965,4,3,2,2001 Berlin-class replenishment ship,A 1412|FGS FFM|FGS Frankfurt am Main,Q162986,,German ship Frankfurt am Main
Stadtregion Frankfurt,Frankfurt Main Cemetery,Q881481,4,3,2,"cemetery in Frankfurt am Main, Hesse, Germany",Frankfurt am Main|Frankfurter Hauptfriedhof|Hauptfriedhof Frankfurt,Q39614,,Frankfurt Main Cemetery
Stadtregion Frankfurt,Frankfurt am Main,Q103920493,4,3,2,encyclopedia article,,Q13433827,,
Stadtregion Frankfurt,Frankfurt am Main I,Q1008171,4,3,2,federal electoral district of Germany,constituency for the Bundestag election Frankfurt am Main I,Q11703715,,Frankfurt am Main I
Stadtregion Frankfurt,Frankfurt (Main) Hbf (tief),Q871012,4,3,2,"lower level for S-Bahn trains of the main railway station in Frankfurt (Main), Germany",Frankfurt Main Station|Frankfurt Central Station,Q1793804|Q2451577|Q55491|Q19274527|Q55488|Q22808403,,Frankfurt (Main) Hauptbahnhof (low level)
Stadtregion Frankfurt,Frankfurt am Main II,Q1008175,4,3,2,federal electoral district of Germany,constituency for the Bundestag election Frankfurt am Main II,Q11703715,,Frankfurt am Main II
Stadtregion Frankfurt,European City,Q1375749,4,3,2,self-imposed term for a city that feels particularly committed to the idea of an European Understanding,,Q216353,Q515,
Stadtregion Frankfurt,European Capital of Culture,Q129372,4,3,2,award,European City of Culture,Q22222786|Q15900616|Q618779,,European Capital of Culture
Stadtregion Frankfurt,European City of the Reformation,Q20828891,4,3,2,honorary title for European cities,,Q3320743,,European City of the Reformation
Stadtregion Frankfurt,European City of the Trees,Q20198245,4,3,2,Title and award of the European Arboricultural Council,ECOT,Q618779|Q136925872,,European City of the Trees
Stadtregion Frankfurt,European city bike,Q305083,4,3,2,a type of bicycle dedicated to urban infrastructure,city bicycle|city bike,,Q3480295|Q6453072,City bicycle
Stadtregion Frankfurt,City University of Paris,Q131150117,4,3,2,Higher education institution in France,,Q38723|Q3918,,
Stadtregion Frankfurt,European city clusters based on morphological configurations of urban landscapes and relation with surface urban heat islands,Q129993621,4,3,2,scholarly article published on 17 September 2023,,Q13442814,,
Stadtregion Frankfurt,"European City-States in the Emergence of Capitalism: Critical Assessment of Institutional, Political Economy, and Cultural Factors",Q128014113,4,3,2,scholarly article,,Q13442814,,
Stadtregion Frankfurt,European city network on migrants with irregular status: Exploring functions and outcomes on a sensitive policy issue,Q140993608,4,3,2,"scholarly article published in Global Networks, vol. 22, no. 3 (2022) (DOI: 10.1111/GLOB.12354)",,Q13442814,,
Sendai,Sendai virus,Q1055751,5,0,1,species of virus,,Q16521,,Murine respirovirus
Sendai,Sendai,Q46747,5,0,1,"city in Miyagi Prefecture, Japan",,Q1749269|Q65589340|Q11422368|Q1187811|Q11499984|Q137547946,,Sendai
Sendai,Japanese cruiser Sendai,Q1490069,5,0,1,1923 Sendai-class cruiser,Sendai,Q778129,,Japanese cruiser Sendai
Sendai,Sendai,Q8194034,5,0,1,"dissolved municipality in Kagoshima prefecture, Japan",,Q18663566,,
Sendai,Sunday,Q132,5,0,1,day of the week,Sun|Su|U,Q41825,Q573|Q1445650,Sunday
Sendai,Sendai Station,Q801429,5,0,1,"railway station in Sendai, Miyagi Prefecture, Japan",,Q55488|Q2142091|Q4312270|Q121844395|Q1147171|Q2451577|Q11670533|Q123025722,,Sendai Station (Miyagi)
Sendai,Sendai River,Q3478526,5,0,1,"river in Kyushu, Japan",,Q4022,,Sendai River (Kyushu)
Sendai,Sendai Station,Q1136688,5,0,1,"railway station in Satsumasendai, Kagoshima prefecture, Japan",,Q55488|Q4312270|Q2142091|Q1147171|Q332496|Q11429081|Q7886778|Q121844395|Q121844689|Q105038730|Q123114662|Q11606300,,Sendai Station (Kagoshima)
Sendai,3133 Sendai,Q660802,5,0,1,asteroid,Sendai,Q3863,,3133 Sendai
Sendai,Sendai River,Q7450175,5,0,1,"river in Tottori prefecture, Japan",,Q4022,,Sendai River (Tottori)
Sendai,Sapporo,Q37951,5,0,2,"city on Hokkaido, Japan",sat poro pet,Q1749269|Q65589340|Q1549591|Q11422368|Q494721,,Sapporo
Sendai,Sapporo Breweries,Q288727,5,0,2,Japanese beer brewing company,Sapporo Brewery,Q4830453|Q131734|Q6881511,,Sapporo Breweries
Sendai,1972 Winter Olympics,Q9646,5,0,2,"11th edition of Winter Olympics, in Sapporo, Japan",Sapporo 1972,Q137592217|Q14547231,,1972 Winter Olympics
Sendai,Sapporo Station,Q801404,5,0,2,"railway station in Sapporo, Hokkaido, Japan",,Q55488,,Sapporo Station
Sendai,3473 Sapporo,Q931031,5,0,2,asteroid,Sapporo,Q3863,,3473 Sapporo
Sendai,Sapporo igaku zasshi. The Sapporo medical journal,Q27713365,5,0,2,journal,Sapporo Igaku Zasshi,Q5633421,,
Sendai,Sapporo Medical University,Q835726,5,0,2,"university in Sapporo, Japan",Sapporo ika daigaku,Q3918,,Sapporo Medical University
Sendai,Sapporo,Q11093487,5,0,2,"dissolved municipality in Sapporo district, Hokkaido, Japan",,Q18663566,,
Sendai,Sapporo Station,Q7421111,5,0,2,"metro station in Sapporo, Hokkaido, Japan",,Q928830|Q22808403,,Sapporo Station (Sapporo Municipal Subway)
Sendai,Sapporo University,Q859258,5,0,2,"university in Sapporo, Japan",,Q902104|Q96888669,,Sapporo University
Sendai,Niigata Prefecture,Q132705,5,0,2,prefecture of Japan,JP-15,Q50337,,Niigata Prefecture
Sendai,Niigata,Q179691,5,0,2,"city in Niigata prefecture, Japan",,Q1749269|Q65589340|Q1549591|Q494721,,Niigata (city)
Sendai,Niigata River,Q11502336,5,0,2,river in Japan,Sengen-bori,Q4022,,
Sendai,Niigata Station,Q701753,5,0,2,"railway station in Niigata, Niigata prefecture, Japan",,Q55488|Q11670533|Q1147171|Q2451577|Q121844395|Q11606300|Q123025722,,Niigata Station
Sendai,Niigata University,Q267111,5,0,2,"Higher education institution in Niigata Prefecture, Japan",Niigata daigaku,Q265662|Q3918,,Niigata University
Sendai,19509 Niigata,Q3597891,5,0,2,asteroid,Niigata,Q3863,,19509 Niigata
Sendai,Niigata prefectural roads,Q111696058,5,0,2,,prefectural roads in Niigata prefecture,Q358078,,
Sendai,Niigata,Q11502965,5,0,2,"dissolved municipality in Minamikanbara district, Niigata prefecture, Japan",,Q18663566,,
Sendai,Niigata Airport,Q1197536,5,0,2,airport,KIJ|RJSN|新潟,Q1248784|Q94993988,,Niigata Airport
Sendai,Niigata medical journal,Q27720032,5,0,2,journal,Niigata Igakkai Zasshi,Q5633421,,
Sendai,Tokyo,Q1490,5,0,2,capital and largest city of Japan,"Tôkyô|Tokyo-to|Tokyo Metropolitan prefecture|Tōkyō-to|Tôkyô-to|Tokyo Metropolis|Tokio|Tokyo Prefecture|Tokyo, Japan|Tokei|Tokyo (Japan)|Edo|Jedo|Yedo",Q124313007|Q1025961|Q1200957|Q200250|Q208511|Q174844|Q51929311|Q1549591|Q50337|Q200250|Q1066984,,Tokyo
Sendai,Tokyo,Q7473516,5,0,2,"special wards in the eastern part of Tokyo Metropolis in Japan, that used to form a single city",City of Tokyo|Eastern Tokyo|Tōkyō,Q129319205|Q515,,Tokyo Proper
Sendai,Sony Group,Q41187,5,0,2,Japanese multinational conglomerate corporation,Totsuko|Tokyo Telecommunications Engineering Corporation,Q219577|Q778575|Q891723|Q11294827|Q161726|Q4830453,,Sony
Sendai,ward area of Tokyo,Q308891,5,0,2,"special municipality in the eastern part of Tokyo Metropolis in Japan. Occupying the site of historical Edo and the former city of Tokyo. For each ward, see Q5327704",Tokyo-to Ku-bu|Tōkyō-to Ku-bu|Tokyo 23 wards|Tokyo 23 special wards|23 wards|23 special wards|special wards of Tokyo|special wards of Tōkyō|ward area of Tōkyō,Q82794|Q135236643,,Special wards of Tokyo
Sendai,Tokyo,Q7813796,5,0,2,Masaharu Fukuyama song,,Q134556,,Tokyo (Masaharu Fukuyama song)
Sendai,University of Tokyo,Q7842,5,0,2,"national university in Tokyo, Japan","Todai|Tōkyō Daigaku|UTokyo|The University of Tokyo|Tokyo University|Imperial College of Engineering, Tokyo",Q15936437|Q265662|Q96888669,,University of Tokyo
Sendai,1964 Summer Olympics,Q8420,5,0,2,"Games of the XVIII Olympiad, in Tokyo, Japan",Tokyo 1964|Games of the XVIII Olympiad|Games of the 18th Olympiad,Q135976384|Q14547231,,1964 Summer Olympics
Sendai,Tokyo Station,Q283196,5,0,2,"railway and metro station in Chiyoda, Tokyo, Japan. Central station of Tokyo",Tōkyō Station|Tokyo Central Station,Q18543139|Q55491|Q11670533|Q55488|Q1147171,,Tokyo Station
Sendai,Tokyo City,Q1207735,5,0,2,"historic municipality in Japan, 1889-1943. now area of 23 special wards",Tokyo-shi|City of Tokyo|Tōkyō-shi,Q1025961|Q18663566|Q494721|Q135267675,,Tokyo City
Sendai,Tokyo Photoelectric Meridian Circle Catalog,Q28916890,5,0,2,astronomical catalogue,PMC,Q605175,,
Asia,Asia,Q48,5,1,1,"terrestrial continent, mainly in the northeastern quadrant",Asian continent|Continental Asia,Q5107|Q2418896|Q82794,,Asia
Asia,Asia,Q726891,5,1,1,British rock band,Asia (rock band),Q215380,,Asia (band)
Asia,Asia,Q210718,5,1,1,Roman province,Asia (Roman province),Q182547,,Asia (Roman province)
Asia,Asia,Q3625042,5,1,1,female given name,Asia (first name)|Asia (given name),Q11879590,,
Asia,Asia,Q37020313,5,1,1,family name,,Q101352,,
Asia,Asia Carrera,Q540597,5,1,1,American pornographic actress,Asia Carrera Lemmon|Jessica Bennett|Asia Carera|Asian Carrera|Asia,Q5,,Asia Carrera
Asia,UTC+06:30,Q6923,5,1,1,Identifier for a time offset from UTC of +6:30,+6:30|GMT+6.5|Myanmar Standard Time|Asia/Yangon|MMT|UTC+6.5|UTC+6:30,Q17272482,,UTC+06:30
Asia,Asian Football Confederation,Q83276,5,1,1,"governing body of association football, beach soccer, and futsal in most countries and territories in Asia",AFC|Asia Football Confederation|A.F.C.,Q11422536|Q1156831|Q163740,,Asian Football Confederation
Asia,HMS Sir Francis Drake,Q25053390,5,1,1,1797 fifth-rate frigate,Asia|Dona Maria II,Q848944|Q852190|Q161705,,Asia (1797 ship)
Asia,Asia,Q54974383,5,1,1,American pornographic actress (born 1986),Asia Rain|Ms. Asia,Q5,,
Asia,Sendai virus,Q1055751,5,1,2,species of virus,,Q16521,,Murine respirovirus
Asia,Sendai,Q46747,5,1,2,"city in Miyagi Prefecture, Japan",,Q1749269|Q65589340|Q11422368|Q1187811|Q11499984|Q137547946,,Sendai
Asia,Japanese cruiser Sendai,Q1490069,5,1,2,1923 Sendai-class cruiser,Sendai,Q778129,,Japanese cruiser Sendai
Asia,Sendai,Q8194034,5,1,2,"dissolved municipality in Kagoshima prefecture, Japan",,Q18663566,,
Asia,Sunday,Q132,5,1,2,day of the week,Sun|Su|U,Q41825,Q573|Q1445650,Sunday
Asia,Sendai Station,Q801429,5,1,2,"railway station in Sendai, Miyagi Prefecture, Japan",,Q55488|Q2142091|Q4312270|Q121844395|Q1147171|Q2451577|Q11670533|Q123025722,,Sendai Station (Miyagi)
Asia,Sendai River,Q3478526,5,1,2,"river in Kyushu, Japan",,Q4022,,Sendai River (Kyushu)
Asia,Sendai Station,Q1136688,5,1,2,"railway station in Satsumasendai, Kagoshima prefecture, Japan",,Q55488|Q4312270|Q2142091|Q1147171|Q332496|Q11429081|Q7886778|Q121844395|Q121844689|Q105038730|Q123114662|Q11606300,,Sendai Station (Kagoshima)
Asia,3133 Sendai,Q660802,5,1,2,asteroid,Sendai,Q3863,,3133 Sendai
Asia,Sendai River,Q7450175,5,1,2,"river in Tottori prefecture, Japan",,Q4022,,Sendai River (Tottori)
Asia,Sassenhirofuku,Q11521076,5,1,2,"group of four cities in Japan: Sapporo, Sendai, Hiroshima, Fukuoka",Sassen Hirofuku|Sas-Sen-Hiro-Fuku,Q29428373|Q25964111,,
Sassenhirofuku,Sassenhirofuku,Q11521076,5,3,1,"group of four cities in Japan: Sapporo, Sendai, Hiroshima, Fukuoka",Sassen Hirofuku|Sas-Sen-Hiro-Fuku,Q29428373|Q25964111,,
Sassenhirofuku,Sendai virus,Q1055751,5,3,2,species of virus,,Q16521,,Murine respirovirus
Sassenhirofuku,Sendai,Q46747,5,3,2,"city in Miyagi Prefecture, Japan",,Q1749269|Q65589340|Q11422368|Q1187811|Q11499984|Q137547946,,Sendai
Sassenhirofuku,Japanese cruiser Sendai,Q1490069,5,3,2,1923 Sendai-class cruiser,Sendai,Q778129,,Japanese cruiser Sendai
Sassenhirofuku,Sendai,Q8194034,5,3,2,"dissolved municipality in Kagoshima prefecture, Japan",,Q18663566,,
Sassenhirofuku,Sunday,Q132,5,3,2,day of the week,Sun|Su|U,Q41825,Q573|Q1445650,Sunday
Sassenhirofuku,Sendai Station,Q801429,5,3,2,"railway station in Sendai, Miyagi Prefecture, Japan",,Q55488|Q2142091|Q4312270|Q121844395|Q1147171|Q2451577|Q11670533|Q123025722,,Sendai Station (Miyagi)
Sassenhirofuku,Sendai River,Q3478526,5,3,2,"river in Kyushu, Japan",,Q4022,,Sendai River (Kyushu)
Sassenhirofuku,Sendai Station,Q1136688,5,3,2,"railway station in Satsumasendai, Kagoshima prefecture, Japan",,Q55488|Q4312270|Q2142091|Q1147171|Q332496|Q11429081|Q7886778|Q121844395|Q121844689|Q105038730|Q123114662|Q11606300,,Sendai Station (Kagoshima)
Sassenhirofuku,3133 Sendai,Q660802,5,3,2,asteroid,Sendai,Q3863,,3133 Sendai
Sassenhirofuku,Sendai River,Q7450175,5,3,2,"river in Tottori prefecture, Japan",,Q4022,,Sendai River (Tottori)
Sassenhirofuku,Asia,Q48,5,3,2,"terrestrial continent, mainly in the northeastern quadrant",Asian continent|Continental Asia,Q5107|Q2418896|Q82794,,Asia
Sassenhirofuku,Asia,Q726891,5,3,2,British rock band,Asia (rock band),Q215380,,Asia (band)
Sassenhirofuku,Asia,Q210718,5,3,2,Roman province,Asia (Roman province),Q182547,,Asia (Roman province)
Sassenhirofuku,Asia,Q3625042,5,3,2,female given name,Asia (first name)|Asia (given name),Q11879590,,
Sassenhirofuku,Asia,Q37020313,5,3,2,family name,,Q101352,,
Sassenhirofuku,Asia Carrera,Q540597,5,3,2,American pornographic actress,Asia Carrera Lemmon|Jessica Bennett|Asia Carera|Asian Carrera|Asia,Q5,,Asia Carrera
Sassenhirofuku,UTC+06:30,Q6923,5,3,2,Identifier for a time offset from UTC of +6:30,+6:30|GMT+6.5|Myanmar Standard Time|Asia/Yangon|MMT|UTC+6.5|UTC+6:30,Q17272482,,UTC+06:30
Sassenhirofuku,Asian Football Confederation,Q83276,5,3,2,"governing body of association football, beach soccer, and futsal in most countries and territories in Asia",AFC|Asia Football Confederation|A.F.C.,Q11422536|Q1156831|Q163740,,Asian Football Confederation
Sassenhirofuku,HMS Sir Francis Drake,Q25053390,5,3,2,1797 fifth-rate frigate,Asia|Dona Maria II,Q848944|Q852190|Q161705,,Asia (1797 ship)
Sassenhirofuku,Asia,Q54974383,5,3,2,American pornographic actress (born 1986),Asia Rain|Ms. Asia,Q5,,
Oslo,Oslo,Q585,6,0,1,capital city of Norway,"NOOSL|Oslo, Norway",Q1549591|Q1306755|Q51929311|Q108178728,,Oslo
Oslo,Oslo Municipality,Q5245991,6,0,1,municipality in Norway,Oslo|Oslo (fylke),Q755707|Q192299,,
Oslo,Oslo University Hospital,Q3111191,6,0,1,hospital in Norway,Oslo universitetssykehus HF,Q5691177,,Oslo University Hospital
Oslo,University of Oslo,Q486156,6,0,1,Norwegian public research university,UiO|Universitas Osloensis|Universitas Regia Fredericiana|Oslo University|uio.no,Q875538|Q45400320,,University of Oslo
Oslo,Oslo,Q11994196,6,0,1,1999 studio album by Folk & Røvere,,Q482994,,
Oslo,Oslo,Q11994197,6,0,1,album by Lars Lillo-Stenberg,,Q482994,,
Oslo,Oslo electoral division,Q48408821,6,0,1,constituency for elections to the Parliament of Norway,,Q48406342,,Oslo (Storting constituency)
Oslo,Oslob,Q316230,6,0,1,municipality of the Philippines in the province of Cebu,"Oslob, Cebu|Municipality of Oslob",Q24764,,Oslob
Oslo,1952 Winter Olympics,Q9623,6,0,1,"6th edition of Winter Olympics, in Oslo, Norway",Oslo 1952|VI Olympic Winter Games,Q137592217|Q14547231,,1952 Winter Olympics
Oslo,Oslo Airport,Q210559,6,0,1,"international airport serving Oslo, Norway","Oslo Airport, Gardermoen|OSLO/GARDERMOEN airport|Oslo Gardermoen Airport|Gardermoen Airport",Q644371|Q1248784|Q94993988,,"Oslo Airport, Gardermoen"
Oslo,European Capital of Culture,Q129372,6,0,2,award,European City of Culture,Q22222786|Q15900616|Q618779,,European Capital of Culture
Oslo,European Capital of Culture Bad Ischl Salzkammergut,Q113623149,6,0,2,,,Q170584|Q129372,,
Oslo,SA Tartu 2024,Q131905043,6,0,2,Estonian organization,European Capital of Culture Tartu 2024,Q43229,,
Oslo,European Capital of Culture Designation as an Initiator of Urban Transformation in the Post-socialist Countries,Q109326624,6,0,2,scientific article,,Q13442814,,
Europe,Europe PubMed Central,Q5412157,6,1,1,database of biomedical research,HielohitooEurope PMC|UKPMhC|Arsingoli,Q1789476|Q1916557|Q4117139|Q7096323,,Europe PubMed Central
Europe,Europe,Q46,6,1,1,terrestrial continent located in north-western Eurasia,European continent|The Old Continent|European Continent|European Peninsula|Old Continent,Q2418896|Q5107|Q82794|Q2221906,,Europe
Europe,Europe,Q185144,6,1,1,Swedish rock band,,Q215380,,Europe (band)
Europe,European Union,Q458,6,1,1,political and economic union of 27 European states,,Q4120211|Q120121699|Q1335818|Q170156,,European Union
Europe,Europe,Q198697,6,1,1,1983 debut studio album by Europe,,Q482994,,Europe (Europe album)
Europe,European Journal of Inorganic Chemistry,Q899591,6,1,1,peer-reviewed scientific journal,,Q5633421|Q737498|Q73364223,,European Journal of Inorganic Chemistry
Europe,Europeana,Q234110,6,1,1,digital collection of European cultural heritage operated by the Europeana Foundation,,Q212805,,Europeana
Europe,European Journal of Organic Chemistry,Q899286,6,1,1,journal,Eur. J. Org. Chem.,Q5633421|Q737498,,European Journal of Organic Chemistry
Europe,Europe,Q766618,6,1,1,Paris Métro station,,Q928830|Q22808403,,Europe station (Paris Metro)
Europe,European Nature Information System,Q374924,6,1,1,,EUNIS|European University Information Systems,Q7094076|Q4117139|Q8513,,European Nature Information System
Europe,Oslo,Q585,6,1,2,capital city of Norway,"NOOSL|Oslo, Norway",Q1549591|Q1306755|Q51929311|Q108178728,,Oslo
Europe,Oslo Municipality,Q5245991,6,1,2,municipality in Norway,Oslo|Oslo (fylke),Q755707|Q192299,,
Europe,Oslo University Hospital,Q3111191,6,1,2,hospital in Norway,Oslo universitetssykehus HF,Q5691177,,Oslo University Hospital
Europe,University of Oslo,Q486156,6,1,2,Norwegian public research university,UiO|Universitas Osloensis|Universitas Regia Fredericiana|Oslo University|uio.no,Q875538|Q45400320,,University of Oslo
Europe,Oslo,Q11994196,6,1,2,1999 studio album by Folk & Røvere,,Q482994,,
Europe,Oslo,Q11994197,6,1,2,album by Lars Lillo-Stenberg,,Q482994,,
Europe,Oslo electoral division,Q48408821,6,1,2,constituency for elections to the Parliament of Norway,,Q48406342,,Oslo (Storting constituency)
Europe,Oslob,Q316230,6,1,2,municipality of the Philippines in the province of Cebu,"Oslob, Cebu|Municipality of Oslob",Q24764,,Oslob
Europe,1952 Winter Olympics,Q9623,6,1,2,"6th edition of Winter Olympics, in Oslo, Norway",Oslo 1952|VI Olympic Winter Games,Q137592217|Q14547231,,1952 Winter Olympics
Europe,Oslo Airport,Q210559,6,1,2,"international airport serving Oslo, Norway","Oslo Airport, Gardermoen|OSLO/GARDERMOEN airport|Oslo Gardermoen Airport|Gardermoen Airport",Q644371|Q1248784|Q94993988,,"Oslo Airport, Gardermoen"
Europe,directive of the European Union,Q326124,6,1,2,legislative act of the European Union,European Union directive|European directive|directive of the EU|EU directive,Q110430875,Q3629172|Q19847358,Directive (European Union)
Europe,European Food Safety Authority,Q516521,6,1,2,agency of the European Union,EFSA|European Union Food Safety Authority,Q30234158|Q31855|Q45400320|Q112827555,,European Food Safety Authority
Europe,European Union,Q319328,6,1,2,antifascist resistance group,,Q65971239,,European Union (resistance group)
Europe,European Union law,Q208202,6,1,2,rules operating within EU member states,EU law,Q2478386|Q1756157,Q7748,Law of the European Union
Europe,pro-Europeanism,Q3781399,6,1,2,favoring European integration,Europeanism|European Unionism,Q12909644,Q1377153,Pro-Europeanism
Europe,member state of the European Union,Q185441,6,1,2,sovereign states that form the European Union,EU member|European Union member state|state of the European Union|states of the European Union|member state of the EU|member of the EU|EU country|country of the EU|EU state|EU member state|state of the EU|EU countries,Q4897819,Q1646605,Member state of the European Union
Europe,European Union Prize for Literature,Q1126192,6,1,2,annual EU literary award recognising the best emerging fiction writers in Europe,EUPL|EU Prize for Literature,Q618779,Q378427,European Union Prize for Literature
Europe,European Union of the Deaf,Q1377074,6,1,2,organization,EUD,Q1156831|Q61889487,,European Union of the Deaf
Europe,regulation of the European Union,Q240141,6,1,2,EU legal acts that apply directly in each Member State,regulation of the EU|EU regulation|European Union regulation|regulation of the European Parliament and of the Council|Council Regulation|Commission Regulation|EU law|law in the EU,Q110430875,Q3629172,Regulation (European Union)
Europe,European Parliament,Q8889,6,1,2,parliament of the European Union directly elected by the citizens of the Union,Europarl|EU Parliament|Europarliament|Parliament of Europe,Q748720|Q97374157,,European Parliament
Europe,Europarl corpus version 7,Q5412081,6,1,2,set of documents of the proceedings of the European Parliament from 1996 to the present,European Parliament Proceedings Parallel Corpus,Q461183,,Europarl Corpus
Europe,Sixth European Parliament,Q4642661,6,1,2,session of the European Parliament from 2004 to 2009,6th European Parliament|European Parliament (2004-2009),Q15238777,,Sixth European Parliament
Europe,Seventh European Parliament,Q4644021,6,1,2,session of the European Parliament from 2009 to 2014,7th European Parliament|European Parliament (2009-2014),Q15238777,,Seventh European Parliament
Europe,Ninth European Parliament,Q64038205,6,1,2,session of the European Parliament from 2019 to 2024,9th European Parliament|European Parliament (2019-2024),Q15238777,,Ninth European Parliament
Europe,Fifth European Parliament,Q16836722,6,1,2,session of the European Parliament from 1999 to 2004,5th European Parliament|European Parliament (1999-2004),Q15238777,,Fifth European Parliament
Europe,Eighth European Parliament,Q17315694,6,1,2,session of the European Parliament from 2014 to 2019,8th European Parliament|European Parliament (2014-2019),Q15238777,,Eighth European Parliament
Europe,European Parliament election,Q1128324,6,1,2,election to the European Parliament,election to the European Parliament,Q107359024,Q2618461,Elections to the European Parliament
Europe,Fourth European Parliament,Q17315706,6,1,2,session of the European Parliament from 1994 to 1999,4th European Parliament|European Parliament (1994–1999),Q15238777,,
Europe,Third European Parliament,Q17315704,6,1,2,session of the European Parliament from 1989 to 1994,3rd European Parliament|European Parliament (1989–1994),Q15238777,,
Europe,Council of the European Union,Q8896,6,1,2,institution of the European Union representing the member states' governments bringing together national ministers from each EU country to adopt laws and coordinate policies,Council of Ministers|Council|EU Council,Q748720|Q35798|Q11204|Q637846,,Council of the European Union
Europe,Council of the European Union decisions on designer drugs,Q5176539,6,1,2,EU committee,,,,Council of the European Union decisions on designer drugs
Europe,Council of the European Union conclusions on chronic respiratory diseases in children,Q83780609,6,1,2,scientific article published on 01 March 2012,,Q13442814,,
Europe,Council of the European Union: have institutional changes of the presidency been solving the EU coherence and effectiveness problem?,Q120763861,6,1,2,scientific article published in 2016,,Q13442814,,
Europe,Council of the European Union publishes action list for Commission and member states to continue to fight HIV/AIDS in Europe and beyond,Q79749058,6,1,2,scientific article published on 30 June 2005,,Q13442814,,
Rijeka,Rijeka,Q1647,7,0,1,"city and settlement in Primorje-Gorski Kotar County, Croatia",Fiume|Pflaum,Q15105893|Q1549591,,Rijeka
Rijeka,river,Q4022,7,0,1,larger natural watercourse,rivers,Q125824188|Q1428660|Q140595023,Q355304|Q2479431|Q30092769|Q2221906,River
Rijeka,Rijeka Philological School,Q16115992,7,0,1,academic journal,,,,Rijeka Philological School
Rijeka,Rijeka Airport,Q1141414,7,0,1,"international airport in Omišalj, Croatia",RJK|LDRI|Rijeka|RIJEKA/KRK airport,Q1248784|Q94993988,,Rijeka Airport
Rijeka,11706 Rijeka,Q1410287,7,0,1,asteroid,Rijeka,Q3863,,11706 Rijeka
Rijeka,University of Rijeka,Q787388,7,0,1,Croatian university,Rijeka University|Sveučilište u Rijeci|uniri.hr,Q3918|Q45400320,,University of Rijeka
Rijeka,Rijeka,Q3432000,7,0,1,"village in Trnovo municipality, Bosnia and Herzegovina",,Q486972,,Rijeka (Trnovo)
Rijeka,Rijeka,Q105733178,7,0,1,2021 single by Alkonost of Balkan,,Q134556,,
Rijeka,1980–81 NK Rijeka season,Q16244436,7,0,1,season of football team,Rijeka,Q26887310,,1980–81 NK Rijeka season
Rijeka,Rijeka railway station,Q801362,7,0,1,railway station in Croatia,,Q55488,,Rijeka railway station
Europe,Europe PubMed Central,Q5412157,7,1,1,database of biomedical research,HielohitooEurope PMC|UKPMhC|Arsingoli,Q1789476|Q1916557|Q4117139|Q7096323,,Europe PubMed Central
Europe,Europe,Q46,7,1,1,terrestrial continent located in north-western Eurasia,European continent|The Old Continent|European Continent|European Peninsula|Old Continent,Q2418896|Q5107|Q82794|Q2221906,,Europe
Europe,Europe,Q185144,7,1,1,Swedish rock band,,Q215380,,Europe (band)
Europe,European Union,Q458,7,1,1,political and economic union of 27 European states,,Q4120211|Q120121699|Q1335818|Q170156,,European Union
Europe,Europe,Q198697,7,1,1,1983 debut studio album by Europe,,Q482994,,Europe (Europe album)
Europe,European Journal of Inorganic Chemistry,Q899591,7,1,1,peer-reviewed scientific journal,,Q5633421|Q737498|Q73364223,,European Journal of Inorganic Chemistry
Europe,Europeana,Q234110,7,1,1,digital collection of European cultural heritage operated by the Europeana Foundation,,Q212805,,Europeana
Europe,European Journal of Organic Chemistry,Q899286,7,1,1,journal,Eur. J. Org. Chem.,Q5633421|Q737498,,European Journal of Organic Chemistry
Europe,Europe,Q766618,7,1,1,Paris Métro station,,Q928830|Q22808403,,Europe station (Paris Metro)
Europe,European Nature Information System,Q374924,7,1,1,,EUNIS|European University Information Systems,Q7094076|Q4117139|Q8513,,European Nature Information System
Europe,directive of the European Union,Q326124,7,1,2,legislative act of the European Union,European Union directive|European directive|directive of the EU|EU directive,Q110430875,Q3629172|Q19847358,Directive (European Union)
Europe,European Food Safety Authority,Q516521,7,1,2,agency of the European Union,EFSA|European Union Food Safety Authority,Q30234158|Q31855|Q45400320|Q112827555,,European Food Safety Authority
Europe,European Union,Q319328,7,1,2,antifascist resistance group,,Q65971239,,European Union (resistance group)
Europe,European Union law,Q208202,7,1,2,rules operating within EU member states,EU law,Q2478386|Q1756157,Q7748,Law of the European Union
Europe,pro-Europeanism,Q3781399,7,1,2,favoring European integration,Europeanism|European Unionism,Q12909644,Q1377153,Pro-Europeanism
Europe,member state of the European Union,Q185441,7,1,2,sovereign states that form the European Union,EU member|European Union member state|state of the European Union|states of the European Union|member state of the EU|member of the EU|EU country|country of the EU|EU state|EU member state|state of the EU|EU countries,Q4897819,Q1646605,Member state of the European Union
Europe,European Union Prize for Literature,Q1126192,7,1,2,annual EU literary award recognising the best emerging fiction writers in Europe,EUPL|EU Prize for Literature,Q618779,Q378427,European Union Prize for Literature
Europe,European Union of the Deaf,Q1377074,7,1,2,organization,EUD,Q1156831|Q61889487,,European Union of the Deaf
Europe,regulation of the European Union,Q240141,7,1,2,EU legal acts that apply directly in each Member State,regulation of the EU|EU regulation|European Union regulation|regulation of the European Parliament and of the Council|Council Regulation|Commission Regulation|EU law|law in the EU,Q110430875,Q3629172,Regulation (European Union)
Europe,continental Europe,Q466039,7,1,2,"continent of Europe, excluding European islands",mainland Europe|European Continent|the Continent,Q4835091|Q1140140,,Continental Europe
Europe,Whites,Q65967295,7,1,2,"individuals having origins in any of the original peoples of Europe, the Middle East, or North Africa",European continental ancestry group|White people|White,Q67006304,,
Europe,Crossair Europe,Q1141227,7,1,2,Defunct Swiss airline,European Continental Airways,Q46970,,Crossair Europe
Europe,European Continental Province of the Moravian Church,Q15730603,7,1,2,,European Continental Province of the Unitas Fratrum,Q625160,,
Europe,European continental shelf as a significant sink for atmospheric carbon dioxide,Q58306619,7,1,2,,,Q13442814,,
Europe,Europe Region,Q5412164,7,1,2,Girl Guide Organization in Europe,,Q1572070|Q163740,Q683524,Europe Region (World Association of Girl Guides and Girl Scouts)
Europe,Europe Region Files (NAID 16624174),Q66280352,7,1,2,series in the National Archives and Records Administration's holdings,,Q2668072,,
Europe,Europe Region Files (NAID 18252853),Q64476140,7,1,2,series in the National Archives and Records Administration's holdings,,Q2668072,,
Europe,Europe Regional Chapter of the International Society of Exposure Science,Q124525762,7,1,2,"nonprofit organization in Nijmegen, The Netherlands",ISES Europe|International Society of Exposure Science – Europe Chapter|ISES Europe Board,Q163740,,
Europe,Europe Region of World Physiotherapy,Q131900518,7,1,2,,,Q43229,,
Kvarner Gulf,Kvarner Gulf,Q938838,7,3,1,bay in Croatia,,Q1322134|Q39594,,Kvarner Gulf
Kvarner Gulf,Rijeka Bay,Q3514920,7,3,2,bay in Croatia,Rijeka gulf|Rijecka Zaliv,Q39594,,
Taichung,Taichung,Q245023,8,0,1,city in Taiwan,Taizhong|Taichung City|Taichū|Tâi-tiong|Thòi-chûng,Q2225003|Q515|Q1549591,,Taichung
Taichung,Taichung,Q15897444,8,0,1,former provincial city of Taiwan (1945-2010),Taizhong|Taichung (provincial city)|Taizhong (provincial city),Q83020,,
Taichung,Taichung County,Q701682,8,0,1,former county of Taiwan,Taizhong County,Q706447,,Taichung County
Taichung,Taichū,Q15902940,8,0,1,Taiwanese city during Japanese rule,Taichung,Q70036182,,
Taichung,Taichung Veterans General Hospital,Q15901822,8,0,1,hospital in Taiwan,,Q16917,,
Taichung,300892 Taichung,Q10960523,8,0,1,asteroid,Taichung,Q3863,,300892 Taichung
Taichung,Taichung HSR station,Q6142478,8,0,1,"railway station in Taichung, Taiwan",,Q55488|Q11670533,,Taichung HSR station
Taichung,TRA Taichung Station,Q7675922,8,0,1,railway station located in Taichung,Taichung Railway Station,Q55488|Q11670533,,Taichung railway station
Taichung,Taichung Municipal Taichung First Senior High School,Q6978817,8,0,1,"municipal senior high school in North District, Taichung",National Taichung First Senior High School|Taichung First Senior High School,Q9826|Q1080794,,Taichung Municipal Taichung First Senior High School
Taichung,2nd Taichung City Council,Q49996566,8,0,1,2014–2018 Taichung City Council,Taichung City Council 2014–2018,Q15238777,,
Taichung,Central Taiwan,Q6856738,8,0,2,region in Taiwan,,Q82794,,
Taichung,Central Taiwan,Q138564252,8,0,2,Wikimedia permanent duplicated item,,Q21286738,,
Taichung,Central Taiwan University of Science and Technology,Q10875989,8,0,2,private university in Taichung,Zhōngtái Kējì Dàxué,Q902104,,Central Taiwan University of Science and Technology
Taichung,"Central Taiwan Joint Services Center, Executive Yuan",Q15909551,8,0,2,,,,,
Taichung,CTbus (Taiwan),Q10872636,8,0,2,,Central Taiwan Bus,,,
Taichung,Central Taiwan Science Park,Q10876715,8,0,2,industrial park in Taiwan,,Q1976594,,Central Taiwan Science Park
Taichung,Central Taiwan Innovation Campus,Q24837883,8,0,2,"research center in Nantou City, Nantou County, Taiwan",,Q41176,,Central Taiwan Innovation Campus
Taichung,Central Taiwan Lantern Festival,Q18651284,8,0,2,,,,,
Taichung,Central Taiwan Theological Seminary,Q10872637,8,0,2,,,,,Central Taiwan Theological Seminary
Taichung,Central Taiwan Science Park Bureau,Q15907776,8,0,2,,,Q327333,,
Asia,Asia,Q48,8,1,1,"terrestrial continent, mainly in the northeastern quadrant",Asian continent|Continental Asia,Q5107|Q2418896|Q82794,,Asia
Asia,Asia,Q726891,8,1,1,British rock band,Asia (rock band),Q215380,,Asia (band)
Asia,Asia,Q210718,8,1,1,Roman province,Asia (Roman province),Q182547,,Asia (Roman province)
Asia,Asia,Q3625042,8,1,1,female given name,Asia (first name)|Asia (given name),Q11879590,,
Asia,Asia,Q37020313,8,1,1,family name,,Q101352,,
Asia,Asia Carrera,Q540597,8,1,1,American pornographic actress,Asia Carrera Lemmon|Jessica Bennett|Asia Carera|Asian Carrera|Asia,Q5,,Asia Carrera
Asia,UTC+06:30,Q6923,8,1,1,Identifier for a time offset from UTC of +6:30,+6:30|GMT+6.5|Myanmar Standard Time|Asia/Yangon|MMT|UTC+6.5|UTC+6:30,Q17272482,,UTC+06:30
Asia,Asian Football Confederation,Q83276,8,1,1,"governing body of association football, beach soccer, and futsal in most countries and territories in Asia",AFC|Asia Football Confederation|A.F.C.,Q11422536|Q1156831|Q163740,,Asian Football Confederation
Asia,HMS Sir Francis Drake,Q25053390,8,1,1,1797 fifth-rate frigate,Asia|Dona Maria II,Q848944|Q852190|Q161705,,Asia (1797 ship)
Asia,Asia,Q54974383,8,1,1,American pornographic actress (born 1986),Asia Rain|Ms. Asia,Q5,,
Asia,Central Asia,Q27275,8,1,2,subregion of the Asian continent,,Q82794|Q3502482,,Central Asia
Asia,Tibetan Buddhism,Q483889,8,1,2,form of Buddhism practiced in Tibet and Bhutan,Vajrayana|Sutrayana|Grand Lamaism|Lamaism|Central Asian Buddhism|South Asian Buddhism,Q13414953|Q71966963|Q113574050,Q748,Tibetan Buddhism
Asia,Central Asiatic Journal,Q5060378,8,1,2,academic journal,,Q5633421,,Central Asiatic Journal
Asia,Central Asian journal of global health,Q27725092,8,1,2,journal,Cent Asian J Glob Health|Central Asian Journal of Global Health,Q5633421|Q737498|Q773668|Q108440863,,
Asia,Central Asian Survey,Q5060368,8,1,2,journal,,Q627517,,Central Asian Survey
Asia,Central Asian possessions of the Russian Empire,Q4511505,8,1,2,"Central Asia, a region ruled by the Russian Empire",,Q183366|Q161243,Q20192141,Central Asian possessions of the Russian Empire
Asia,nomadic empire,Q2495771,8,1,2,non-sedentary polity,steppe empire|Inner Asian empire|Central Asian empire,,Q48349,Nomadic empire
Asia,history of Central Asia,Q635111,8,1,2,aspect of history,Central Asian history,Q63313685,Q627531,History of Central Asia
Asia,Central Asian Football Association,Q17047664,8,1,2,football organization,CAFA,Q11422536|Q163740,,Central Asian Football Association
Asia,Central Asia,Q103896691,8,1,2,encyclopedia article,,Q13433827,,
Asia,East Asia,Q15761181,8,1,2,journal,,Q5633421,,
Asia,East Asia,Q27231,8,1,2,eastern region of Asia,Eastern Asia|Far East Asia|East Asian Cultural Sphere|E Asia,Q82794,,East Asia
Asia,Abu Sayyaf,Q335361,8,1,2,Jihadist militant group in the southwestern Philippines,Abu Sayyaf group|ASG|Islamic State- East Asia Province|IS-EAP|Abu Sayyaf Group|East Asia Wilayah|East Asia|Wilāyat Šārq Āsiyā|East Asia Province,Q17127659,,Abu Sayyaf
Asia,Betula pendula,Q156895,8,1,2,species of plant,silver birch|warty birch|European white birch|East Asian white birch,Q16521,Q11992872,Betula pendula
Asia,era name,Q256408,8,1,2,name given to a time period in East Asian cultures,East Asian era name|reign motto of East Asian emperors,,Q11514315|Q4375074,Era name
Asia,Chinese constellation,Q1074076,8,1,2,grouping used in traditional Chinese culture to organize the stars,Chinese asterism|constellation of China|asterism of China|traditional constellation|traditional Chinese constellation|traditional Chinese asterism|traditional asterism|East Asian asterism|East Asian constellation|asterism of East Asia|constellation of East Asia,Q5962346,Q8928,Chinese constellations
Asia,East Asia,Q5327728,8,1,2,album by Miyuki Nakajima,,Q482994,,East Asia (album)
Asia,East Asian History,Q15754204,8,1,2,academic journal,,Q5633421,,East Asian History (journal)
Asia,"East Asian Science, Technology, and Medicine",Q15754421,8,1,2,academic journal,,Q5633421,,
Asia,Pueraria montana var. lobata,Q15198502,8,1,2,variety of plants,East Asian arrowroot|Pueraria montana lobata ex|Kudzu|japanese arrowroot,Q16521,,Pueraria montana var. lobata
Asia,South Asia,Q15753367,8,1,2,academic journal,,Q5633421,,
Asia,South Asia,Q771405,8,1,2,southern region of Asia,"Southern Asia|Asia, Southern|S Asia|South Asian region|S. Asia|Greater South Asia",Q82794,,South Asia
Asia,Theravāda,Q132265,8,1,2,"major branch of Buddhism following the Pāli Canon, dominant in Sri Lanka, Cambodia, Laos, Myanmar and Thailand",Theravada Buddhism|Southern Buddhism|Doctrine of the Elders|Southeast Asian Buddhism|South Asian Buddhism|South-East Asian Buddhism,Q13414953,Q748,Theravada
Asia,South Asian Studies,Q15746530,8,1,2,academic journal,,Q5633421,,
Asia,Indology,Q625510,8,1,2,Study of the history and culture of South Asia,South Asian studies,Q11862829|Q4671286|Q1047113,Q105397778,Indology
Asia,South Asian Journal of Cancer,Q26842041,8,1,2,journal,,Q5633421|Q737498|Q773668,,
Asia,Indian subcontinent,Q60140,8,1,2,physiographical region in South Asia,Subcontinent|Asian subcontinent|South Asian subcontinent,Q855697|Q3502482,,Indian subcontinent
Asia,Indian classical music,Q1323698,8,1,2,ancient music and music theories from the Indian subcontinent,Classical Indian music|Sangita|Sangeeta|Shastriya gana|South Asian classical music|classical music of South Asia,Q188451,Q1583807|Q98528267,Indian classical music
Asia,South Asian History and Culture,Q15816431,8,1,2,journal,,Q737498,,
Asia,West Asia,Q27293,8,1,2,western region of Asia,Southwestern Asia|Southwest Asia|Western Asia,Q82794|Q855697,,West Asia
Asia,Middle Eastern studies,Q12211529,8,1,2,academic discipline,Middle East studies|Near and Middle Eastern studies|Near Eastern studies|Near East studies|West Asian studies|South Western Asian studies,Q11862829|Q4671286|Q9347372,Q476294,Middle Eastern studies
Asia,history of the Middle East,Q51615,8,1,2,aspect of history,Middle Eastern history|Middle East history|history of Western Asia|history of West Asia|history of West-Asia|West-Asian history|Western Asian history|West Asian History,Q63313685|Q17524420|Q1066186,Q627531|Q149813,History of the Middle East
Asia,Middle East and North Africa,Q984212,8,1,2,Middle East and North Africa region,"North Africa and the Middle East|WANA|NAWA|West Asia and North Africa|North Africa-West Asia|MENA|Middle East, North Africa",Q137186904,,Middle East and North Africa
Asia,music of the Middle East,Q1503406,8,1,2,music of the Middle Eastern region,Middle Eastern music|music of Middle East|music of West Asia|West Asian music|the Middle East music|music in the Middle East,Q75054287|Q188451,Q525073|Q11400811,Middle Eastern music
Asia,West Asian Football Federation,Q1154453,8,1,2,governing body of association football in Western Asia,WAFF,Q11422536|Q163740,,West Asian Football Federation
Asia,Middle Easterners,Q100448011,8,1,2,people from the Middle East,Middle East residents|West Asians|Western Asians|South West Asians|Southwest Asians|Mideasterners|Middle Eastern people,Q33829,Q4058325|Q100272072,
Asia,West Asian Football Federation Championship,Q510242,8,1,2,West Asian association football tournament for men's national teams,WAFF Championship,Q13406554|Q18608583,,WAFF Championship
Asia,Middle Eastern folk dance,Q2030514,8,1,2,group of dances,Southwest Asian traditional dance|Middle Eastern traditional dance|traditional Middle Eastern folk dance|Southwest Asian folk dance|West Asian traditional dance|Oriental folk dance,Q107357104,Q4068392|Q109448926,
Asia,West Asia Basketball Association,Q25220515,8,1,2,,WABA,Q43229,,West Asia Basketball Association
Central Taiwan,Central Taiwan,Q6856738,8,3,1,region in Taiwan,,Q82794,,
Central Taiwan,Central Taiwan,Q138564252,8,3,1,Wikimedia permanent duplicated item,,Q21286738,,
Central Taiwan,Central Taiwan University of Science and Technology,Q10875989,8,3,1,private university in Taichung,Zhōngtái Kējì Dàxué,Q902104,,Central Taiwan University of Science and Technology
Central Taiwan,"Central Taiwan Joint Services Center, Executive Yuan",Q15909551,8,3,1,,,,,
Central Taiwan,CTbus (Taiwan),Q10872636,8,3,1,,Central Taiwan Bus,,,
Central Taiwan,Central Taiwan Science Park,Q10876715,8,3,1,industrial park in Taiwan,,Q1976594,,Central Taiwan Science Park
Central Taiwan,Central Taiwan Innovation Campus,Q24837883,8,3,1,"research center in Nantou City, Nantou County, Taiwan",,Q41176,,Central Taiwan Innovation Campus
Central Taiwan,Central Taiwan Lantern Festival,Q18651284,8,3,1,,,,,
Central Taiwan,Central Taiwan Theological Seminary,Q10872637,8,3,1,,,,,Central Taiwan Theological Seminary
Central Taiwan,Central Taiwan Science Park Bureau,Q15907776,8,3,1,,,Q327333,,
Central Taiwan,Taichung,Q245023,8,3,2,city in Taiwan,Taizhong|Taichung City|Taichū|Tâi-tiong|Thòi-chûng,Q2225003|Q515|Q1549591,,Taichung
Central Taiwan,Taichung,Q15897444,8,3,2,former provincial city of Taiwan (1945-2010),Taizhong|Taichung (provincial city)|Taizhong (provincial city),Q83020,,
Central Taiwan,Taichung County,Q701682,8,3,2,former county of Taiwan,Taizhong County,Q706447,,Taichung County
Central Taiwan,Taichū,Q15902940,8,3,2,Taiwanese city during Japanese rule,Taichung,Q70036182,,
Central Taiwan,Taichung Veterans General Hospital,Q15901822,8,3,2,hospital in Taiwan,,Q16917,,
Central Taiwan,300892 Taichung,Q10960523,8,3,2,asteroid,Taichung,Q3863,,300892 Taichung
Central Taiwan,Taichung HSR station,Q6142478,8,3,2,"railway station in Taichung, Taiwan",,Q55488|Q11670533,,Taichung HSR station
Central Taiwan,TRA Taichung Station,Q7675922,8,3,2,railway station located in Taichung,Taichung Railway Station,Q55488|Q11670533,,Taichung railway station
Central Taiwan,Taichung Municipal Taichung First Senior High School,Q6978817,8,3,2,"municipal senior high school in North District, Taichung",National Taichung First Senior High School|Taichung First Senior High School,Q9826|Q1080794,,Taichung Municipal Taichung First Senior High School
Central Taiwan,2nd Taichung City Council,Q49996566,8,3,2,2014–2018 Taichung City Council,Taichung City Council 2014–2018,Q15238777,,
Central Taiwan,Asia,Q48,8,3,2,"terrestrial continent, mainly in the northeastern quadrant",Asian continent|Continental Asia,Q5107|Q2418896|Q82794,,Asia
Central Taiwan,Asia,Q726891,8,3,2,British rock band,Asia (rock band),Q215380,,Asia (band)
Central Taiwan,Asia,Q210718,8,3,2,Roman province,Asia (Roman province),Q182547,,Asia (Roman province)
Central Taiwan,Asia,Q3625042,8,3,2,female given name,Asia (first name)|Asia (given name),Q11879590,,
Central Taiwan,Asia,Q37020313,8,3,2,family name,,Q101352,,
Central Taiwan,Asia Carrera,Q540597,8,3,2,American pornographic actress,Asia Carrera Lemmon|Jessica Bennett|Asia Carera|Asian Carrera|Asia,Q5,,Asia Carrera
Central Taiwan,UTC+06:30,Q6923,8,3,2,Identifier for a time offset from UTC of +6:30,+6:30|GMT+6.5|Myanmar Standard Time|Asia/Yangon|MMT|UTC+6.5|UTC+6:30,Q17272482,,UTC+06:30
Central Taiwan,Asian Football Confederation,Q83276,8,3,2,"governing body of association football, beach soccer, and futsal in most countries and territories in Asia",AFC|Asia Football Confederation|A.F.C.,Q11422536|Q1156831|Q163740,,Asian Football Confederation
Central Taiwan,HMS Sir Francis Drake,Q25053390,8,3,2,1797 fifth-rate frigate,Asia|Dona Maria II,Q848944|Q852190|Q161705,,Asia (1797 ship)
Central Taiwan,Asia,Q54974383,8,3,2,American pornographic actress (born 1986),Asia Rain|Ms. Asia,Q5,,
Dongguan,Dongguan,Q59218,9,0,1,"prefecture-level city in Guangdong, China",,Q748149|Q9383952|Q1549591,,Dongguan
Dongguan,Dongguan County,Q11103954,9,0,1,former county in China,Dongguan,Q28739697,,
Dongguan,Dongguan,Q10869484,9,0,1,"subdistrict in Kangping County, Liaoning, China",Dongguantun,Q986065,,
Dongguan,Dongguan,Q10869478,9,0,1,"township in Dafang County, Guizhou, China",,Q1500350,,
Dongguan,3476 Dongguan,Q151641,9,0,1,asteroid,Dongguan,Q3863,,3476 Dongguan
Dongguan,Dongguan Town,Q10870912,9,0,1,,,Q735428,,
Dongguan,Qu Ruji,Q15938420,9,0,1,Ming dynasty person CBDB = 30185,Dongguan|Yuanli|Jiongqing,Q5,,
Dongguan,Dongguan,Q112416235,9,0,1,fictional location in Water Margin,Dongguan (Water Margin),Q108078133,,
Dongguan,Dongguan Han Ji,Q902129,9,0,1,Chinese historical work from the C.E. first century,Dongguan Hanji,Q10916116,,Dongguan Hanji
Dongguan,"Dongguan Town, Qixian",Q10870961,9,0,1,,,Q735428,,
Dongguan,Unisen Group (China),Q50040522,9,0,2,"company in Dongguan, China",Dongguan City Kangmao Eletronic Ltd,Q4830453,,
Asia,Asia,Q48,9,1,1,"terrestrial continent, mainly in the northeastern quadrant",Asian continent|Continental Asia,Q5107|Q2418896|Q82794,,Asia
Asia,Asia,Q726891,9,1,1,British rock band,Asia (rock band),Q215380,,Asia (band)
Asia,Asia,Q210718,9,1,1,Roman province,Asia (Roman province),Q182547,,Asia (Roman province)
Asia,Asia,Q3625042,9,1,1,female given name,Asia (first name)|Asia (given name),Q11879590,,
Asia,Asia,Q37020313,9,1,1,family name,,Q101352,,
Asia,Asia Carrera,Q540597,9,1,1,American pornographic actress,Asia Carrera Lemmon|Jessica Bennett|Asia Carera|Asian Carrera|Asia,Q5,,Asia Carrera
Asia,UTC+06:30,Q6923,9,1,1,Identifier for a time offset from UTC of +6:30,+6:30|GMT+6.5|Myanmar Standard Time|Asia/Yangon|MMT|UTC+6.5|UTC+6:30,Q17272482,,UTC+06:30
Asia,Asian Football Confederation,Q83276,9,1,1,"governing body of association football, beach soccer, and futsal in most countries and territories in Asia",AFC|Asia Football Confederation|A.F.C.,Q11422536|Q1156831|Q163740,,Asian Football Confederation
Asia,HMS Sir Francis Drake,Q25053390,9,1,1,1797 fifth-rate frigate,Asia|Dona Maria II,Q848944|Q852190|Q161705,,Asia (1797 ship)
Asia,Asia,Q54974383,9,1,1,American pornographic actress (born 1986),Asia Rain|Ms. Asia,Q5,,
Asia,Dongguan,Q59218,9,1,2,"prefecture-level city in Guangdong, China",,Q748149|Q9383952|Q1549591,,Dongguan
Asia,Dongguan County,Q11103954,9,1,2,former county in China,Dongguan,Q28739697,,
Asia,Dongguan,Q10869484,9,1,2,"subdistrict in Kangping County, Liaoning, China",Dongguantun,Q986065,,
Asia,Dongguan,Q10869478,9,1,2,"township in Dafang County, Guizhou, China",,Q1500350,,
Asia,3476 Dongguan,Q151641,9,1,2,asteroid,Dongguan,Q3863,,3476 Dongguan
Asia,Dongguan Town,Q10870912,9,1,2,,,Q735428,,
Asia,Qu Ruji,Q15938420,9,1,2,Ming dynasty person CBDB = 30185,Dongguan|Yuanli|Jiongqing,Q5,,
Asia,Dongguan,Q112416235,9,1,2,fictional location in Water Margin,Dongguan (Water Margin),Q108078133,,
Asia,Dongguan Han Ji,Q902129,9,1,2,Chinese historical work from the C.E. first century,Dongguan Hanji,Q10916116,,Dongguan Hanji
Asia,"Dongguan Town, Qixian",Q10870961,9,1,2,,,Q735428,,
Asia,Pearl River Delta,Q1144286,9,1,2,low-lying area surrounding the Pearl River estuary,Zhujiang Kou|Canton River,Q496341|Q43197,,Pearl River Delta
Asia,Hong Kong–Zhuhai–Macau Bridge,Q1191515,9,1,2,fixed link consisting of tunnel and multiple bridges,Pearl River Bridge Project|Hong Kong-Zhuhai-Macau bridge|Hong Kong-Zhuhai-Macao Bridge|Gǎngzhū'ào Dàqiáo|Hong Kong-Zhuhai-Macau Bridge|Pearl River Delta bridge|Hong Kong-Macau bridge|Macau-Hong Kong bridge|Hong Kong-Macau tunnel|HKZMB|Hong Kong-Zhuhai Bridge|HZMB|Hong Kong–Zhuhai–Macao Bridge,Q5456378|Q59264914,,Hong Kong–Zhuhai–Macau Bridge
Asia,Pearl River Delta Metropolitan Region intercity railway,Q4121252,9,1,2,Regional rail network in South China,PRDIR,Q124130081,,Pearl River Delta Metropolitan Region intercity railway
Asia,Pearl River Delta Economic Zone,Q7158154,9,1,2,Economic region in southeastern China,,Q1973901,,Pearl River Delta Economic Zone
Asia,Foshan Gaoming International Airport,Q59569145,9,1,2,proposed airport in China,Pearl River Delta International Airport,Q44665966,,Foshan Gaoming International Airport
Asia,"Pearl River Delta: Scales, Times, Domains: A Mapping Method for the Exploration of Rapidly Urbanizng Deltas",Q105945078,9,1,2,Doctoral Thesis from Delft University of Technology,,Q187685,,
Asia,Pearl River Delta: the Position and Function of Local Government in the Economic Development,Q118485380,9,1,2,,,Q13442814,,
Asia,Pearl River Delta’s Regional Differentiation and Synergy,Q119500806,9,1,2,"scholarly article in Jinan Journal (Philosophy & Social Science Edition), no. 6, 2010",,Q13442814,,
Asia,Pearl River Delta in a Crisis of Industrialisation,Q140956258,9,1,2,scholarly article published in Series on Contemporary China (2010) (DOI: 10.1142/9789814287715_0005),,Q13442814,,
Pearl River Delta,Pearl River Delta,Q1144286,9,3,1,low-lying area surrounding the Pearl River estuary,Zhujiang Kou|Canton River,Q496341|Q43197,,Pearl River Delta
Pearl River Delta,Hong Kong–Zhuhai–Macau Bridge,Q1191515,9,3,1,fixed link consisting of tunnel and multiple bridges,Pearl River Bridge Project|Hong Kong-Zhuhai-Macau bridge|Hong Kong-Zhuhai-Macao Bridge|Gǎngzhū'ào Dàqiáo|Hong Kong-Zhuhai-Macau Bridge|Pearl River Delta bridge|Hong Kong-Macau bridge|Macau-Hong Kong bridge|Hong Kong-Macau tunnel|HKZMB|Hong Kong-Zhuhai Bridge|HZMB|Hong Kong–Zhuhai–Macao Bridge,Q5456378|Q59264914,,Hong Kong–Zhuhai–Macau Bridge
Pearl River Delta,Pearl River Delta Metropolitan Region intercity railway,Q4121252,9,3,1,Regional rail network in South China,PRDIR,Q124130081,,Pearl River Delta Metropolitan Region intercity railway
Pearl River Delta,Pearl River Delta Economic Zone,Q7158154,9,3,1,Economic region in southeastern China,,Q1973901,,Pearl River Delta Economic Zone
Pearl River Delta,Foshan Gaoming International Airport,Q59569145,9,3,1,proposed airport in China,Pearl River Delta International Airport,Q44665966,,Foshan Gaoming International Airport
Pearl River Delta,"Pearl River Delta: Scales, Times, Domains: A Mapping Method for the Exploration of Rapidly Urbanizng Deltas",Q105945078,9,3,1,Doctoral Thesis from Delft University of Technology,,Q187685,,
Pearl River Delta,Pearl River Delta: the Position and Function of Local Government in the Economic Development,Q118485380,9,3,1,,,Q13442814,,
Pearl River Delta,Pearl River Delta’s Regional Differentiation and Synergy,Q119500806,9,3,1,"scholarly article in Jinan Journal (Philosophy & Social Science Edition), no. 6, 2010",,Q13442814,,
Pearl River Delta,Pearl River Delta in a Crisis of Industrialisation,Q140956258,9,3,1,scholarly article published in Series on Contemporary China (2010) (DOI: 10.1142/9789814287715_0005),,Q13442814,,
Pearl River Delta,Dongguan,Q59218,9,3,2,"prefecture-level city in Guangdong, China",,Q748149|Q9383952|Q1549591,,Dongguan
Pearl River Delta,Dongguan County,Q11103954,9,3,2,former county in China,Dongguan,Q28739697,,
Pearl River Delta,Dongguan,Q10869484,9,3,2,"subdistrict in Kangping County, Liaoning, China",Dongguantun,Q986065,,
Pearl River Delta,Dongguan,Q10869478,9,3,2,"township in Dafang County, Guizhou, China",,Q1500350,,
Pearl River Delta,3476 Dongguan,Q151641,9,3,2,asteroid,Dongguan,Q3863,,3476 Dongguan
Pearl River Delta,Dongguan Town,Q10870912,9,3,2,,,Q735428,,
Pearl River Delta,Qu Ruji,Q15938420,9,3,2,Ming dynasty person CBDB = 30185,Dongguan|Yuanli|Jiongqing,Q5,,
Pearl River Delta,Dongguan,Q112416235,9,3,2,fictional location in Water Margin,Dongguan (Water Margin),Q108078133,,
Pearl River Delta,Dongguan Han Ji,Q902129,9,3,2,Chinese historical work from the C.E. first century,Dongguan Hanji,Q10916116,,Dongguan Hanji
Pearl River Delta,"Dongguan Town, Qixian",Q10870961,9,3,2,,,Q735428,,
Pearl River Delta,Asia,Q48,9,3,2,"terrestrial continent, mainly in the northeastern quadrant",Asian continent|Continental Asia,Q5107|Q2418896|Q82794,,Asia
Pearl River Delta,Asia,Q726891,9,3,2,British rock band,Asia (rock band),Q215380,,Asia (band)
Pearl River Delta,Asia,Q210718,9,3,2,Roman province,Asia (Roman province),Q182547,,Asia (Roman province)
Pearl River Delta,Asia,Q3625042,9,3,2,female given name,Asia (first name)|Asia (given name),Q11879590,,
Pearl River Delta,Asia,Q37020313,9,3,2,family name,,Q101352,,
Pearl River Delta,Asia Carrera,Q540597,9,3,2,American pornographic actress,Asia Carrera Lemmon|Jessica Bennett|Asia Carera|Asian Carrera|Asia,Q5,,Asia Carrera
Pearl River Delta,UTC+06:30,Q6923,9,3,2,Identifier for a time offset from UTC of +6:30,+6:30|GMT+6.5|Myanmar Standard Time|Asia/Yangon|MMT|UTC+6.5|UTC+6:30,Q17272482,,UTC+06:30
Pearl River Delta,Asian Football Confederation,Q83276,9,3,2,"governing body of association football, beach soccer, and futsal in most countries and territories in Asia",AFC|Asia Football Confederation|A.F.C.,Q11422536|Q1156831|Q163740,,Asian Football Confederation
Pearl River Delta,HMS Sir Francis Drake,Q25053390,9,3,2,1797 fifth-rate frigate,Asia|Dona Maria II,Q848944|Q852190|Q161705,,Asia (1797 ship)
Pearl River Delta,Asia,Q54974383,9,3,2,American pornographic actress (born 1986),Asia Rain|Ms. Asia,Q5,,
Pskov,Pskov Oblast,Q2218,10,0,1,federal subject of Russia,Pskov|Pskov Region|Pskovskaya Oblast,Q835714|Q43263,,Pskov Oblast
Pskov,Pskov,Q2214,10,0,1,city and administrative center of Pskov Oblast in northwestern Russia,Psków|Pskow|Pskof|Pleskau|Pleskow|Pskovo|Pihkva|Pihkova|Pszkov|Pleskava|Pskovas|Pscovia|Pleskov|Plescow,Q97660032|Q707813|Q7930989|Q1549591,,Pskov
Pskov,Pskov,Q4382971,10,0,1,Sierra-class attack submarine of the Russian Navy,Okun,Q757587,,Russian submarine Pskov
Pskov,10711 Pskov,Q2627719,10,0,1,asteroid,Pskov,Q3863,,10711 Pskov
Pskov,Pskov Governorate,Q1458686,10,0,1,governorate of the Russian Empire,,Q86622|Q47530375,,Pskov Governorate
Pskov,Pskov-Passenger train station,Q4353008,10,0,1,railway station,,Q55488|Q1339195,,
Pskov,Pskovsky District,Q2706915,10,0,1,"administrative division of Pskov Oblast, Russia",,Q2198484,,Pskovsky District
Pskov,Pskov Eparchy,Q4382989,10,0,1,ecclesiastical subdivision of Russia,Diocese of Pskov,Q60176300,,Diocese of Pskov
Pskov,Pskov Republic,Q317078,10,0,1,Russian city-state,,Q3024240,,Pskov Republic
Pskov,Lake Pihkva,Q1144905,10,0,1,lake in Russia and Estonia,Pskovskoe Lake|Lake Pskov|Pihkva,Q23397,,Lake Pihkva
Pskov,Pskov Oblast Assembly of Deputies,Q4383029,10,0,2,"legislative body of power in Pskov Oblast, Russia",,Q11204|Q4345591,Q4345591,Legislative Assembly of Pskov Oblast
Pskov,2020 COVID-19 pandemic in Pskov Oblast,Q89588513,10,0,2,,"2020 coronavirus outbreak in Pskov Oblast|2020 Pskov Oblast COVID-19 pandemic|Pskov Oblast COVID-19 pandemic|2020 COVID pandemic in Pskov Oblast|2020 COVID-19 pandemic in Pskov Oblast, Russia|COVID-19 pandemic in Pskov Oblast, Russia",Q3241045,,
Pskov,2018 Pskov Oblast gubernatorial election,Q55390403,10,0,2,gubernatorial election in Pskov Oblast,"Pskov Oblast gubernatorial election, 2018",Q15261477,,2018 Pskov Oblast gubernatorial election
Pskov,geography of Pskov Oblast,Q4135639,10,0,2,,Pskov Oblast geography,Q46865913,,
Pskov,coat of arms of Pskov Oblast,Q4136707,10,0,2,,Pskov Oblast coat of arms,Q14659,,
Pskov,Pskov City Duma,Q4382982,10,0,2,"local legislature of Pskov, Russia",,Q11204,,Pskov City Duma
Pskov,Ostrov,Q4338787,10,0,2,railway station in Russia,Pskov region,Q55488|Q1339195,,
Pskov,Pskov region studies journal,Q96730295,10,0,2,,,Q5633421,,
Pskov Oblast,Pskov Oblast,Q2218,10,3,1,federal subject of Russia,Pskov|Pskov Region|Pskovskaya Oblast,Q835714|Q43263,,Pskov Oblast
Pskov Oblast,Pskov Oblast Assembly of Deputies,Q4383029,10,3,1,"legislative body of power in Pskov Oblast, Russia",,Q11204|Q4345591,Q4345591,Legislative Assembly of Pskov Oblast
Pskov Oblast,2020 COVID-19 pandemic in Pskov Oblast,Q89588513,10,3,1,,"2020 coronavirus outbreak in Pskov Oblast|2020 Pskov Oblast COVID-19 pandemic|Pskov Oblast COVID-19 pandemic|2020 COVID pandemic in Pskov Oblast|2020 COVID-19 pandemic in Pskov Oblast, Russia|COVID-19 pandemic in Pskov Oblast, Russia",Q3241045,,
Pskov Oblast,2018 Pskov Oblast gubernatorial election,Q55390403,10,3,1,gubernatorial election in Pskov Oblast,"Pskov Oblast gubernatorial election, 2018",Q15261477,,2018 Pskov Oblast gubernatorial election
Pskov Oblast,geography of Pskov Oblast,Q4135639,10,3,1,,Pskov Oblast geography,Q46865913,,
Pskov Oblast,coat of arms of Pskov Oblast,Q4136707,10,3,1,,Pskov Oblast coat of arms,Q14659,,
Pskov Oblast,Ostrov,Q4338787,10,3,2,railway station in Russia,Pskov region,Q55488|Q1339195,,
Pskov Oblast,Pskov region studies journal,Q96730295,10,3,2,,,Q5633421,,
Nuremberg,Nuremberg,Q2090,11,0,1,city in the German state of Bavaria,Nürnberg|Kreisfreie Stadt Nürnberg|Nüremberg,Q1549591|Q57318|Q42744322|Q85631896,,Nuremberg
Nuremberg,Nuremberg Trials Project,Q78909371,11,0,1,Harvard Law School Library website on the Nuremberg Trials,,Q35127,,
Nuremberg,Nuremberg Medical Trial,Q160721,11,0,1,first of 12 U.S. war crimes trials in Nuremberg,"United States v. Karl Brandt, et al.|NMT 1|Doctors Trial|Doctor's Trial|Doctors' Trial",Q1265353|Q1656682|Q2334719,,Doctors' Trial
Nuremberg,Nuremberg,Q248392,11,0,1,2000 miniseries directed by Yves Simoneau,,Q1259759|Q506240,,Nuremberg (miniseries)
Nuremberg,Nuremberg,Q1803365,11,0,1,former district of Germany,Landkreis Nürnberg|Nuremberg district,Q106658,,
Nuremberg,Nuremberg,Q1181674,11,0,1,"CDP in Luzerene and Schuylkill Counties, Pennsylvania","Nuremberg, Pennsylvania|Nuremberg, PA",Q498162|Q17343829,,"Nuremberg, Pennsylvania"
Nuremberg,Nuremberg trials,Q80130,11,0,1,"series of military tribunals after World War II, held 1945-1946",Nürnberg trials,Q1265353,Q8016240,Nuremberg trials
Nuremberg,International Military Tribunal,Q1667613,11,0,1,military court for war criminals after the Second World War,"International Military Court|Nuremberg Tribunal|IMT|International Military Tribunal, Nuremberg",Q1262438|Q752080|Q1656682|Q8016240,,
Nuremberg,Nuremberg Central Station,Q682583,11,0,1,"main railway station of Nuremberg, Bavaria, Germany",Nürnberg Hbf|Nürnberg Hauptbahnhof station,Q18543139|Q27996466|Q1793804|Q1406904|Q55490,,Nürnberg Hauptbahnhof
Nuremberg,Nuremberg,Q104619366,11,0,1,painting by Jan Ciągliński,,Q3305213,,
Nuremberg,Nuremberg Metropolitan Region,Q728664,11,0,2,metropolitan region in Germany,,Q1132300,,Nuremberg Metropolitan Region
Nuremberg Metropolitan Region,Nuremberg Metropolitan Region,Q728664,11,3,1,metropolitan region in Germany,,Q1132300,,Nuremberg Metropolitan Region
Urgench,Urgench,Q472925,12,0,1,city in Uzbekistan,Urganch,Q515|Q1549591,,Urgench
Urgench,Urgench railway station,Q115295750,12,0,1,railway station in Uzbekistan,Urgench,Q55488,,
Urgench,Urganch District,Q2609539,12,0,1,district in Uzbekistan,Urgench District|Urganch Tumani,Q2631599,,Urganch District
Urgench,Urgench International Airport,Q975965,12,0,1,Airport in Uzbekistan,UGC|UTNU|UZNU,Q644371|Q94993988,,Urgench International Airport
Urgench,Urgench State University,Q15924726,12,0,1,"university in Urgench, Uzbekistan",Urgench State University|Al-Khwarizmi Urgench State University|Urgench State University named after Al-Khorezmi|UrSU|Khorezm State Pedagogical Institute|Urgench State University named after Abu Rayhan Biruni|Urgench University|Urgench State University after named Al-Khorezmi,Q3918,,Urgench State University
Urgench,Urgench (football club),Q21661167,12,0,1,Football club,,Q476028,,
Urgench,Urganch RANCH Texnologiya Universiteti,Q140351184,12,0,1,"education organization in Urgench, Uzbekistan",Ranch University|Urgench RANCH University of Technology,Q2385804,,
Urgench,Urganch Innovation University,Q128123078,12,0,1,"education organization in Urgench, Uzbekistan",Urganch innovatsion universiteti|Urgench Innovation University|Ургенчский инновационный университет|UrIU,Q2385804,,
Asia,Asia,Q48,12,1,1,"terrestrial continent, mainly in the northeastern quadrant",Asian continent|Continental Asia,Q5107|Q2418896|Q82794,,Asia
Asia,Asia,Q726891,12,1,1,British rock band,Asia (rock band),Q215380,,Asia (band)
Asia,Asia,Q210718,12,1,1,Roman province,Asia (Roman province),Q182547,,Asia (Roman province)
Asia,Asia,Q3625042,12,1,1,female given name,Asia (first name)|Asia (given name),Q11879590,,
Asia,Asia,Q37020313,12,1,1,family name,,Q101352,,
Asia,Asia Carrera,Q540597,12,1,1,American pornographic actress,Asia Carrera Lemmon|Jessica Bennett|Asia Carera|Asian Carrera|Asia,Q5,,Asia Carrera
Asia,UTC+06:30,Q6923,12,1,1,Identifier for a time offset from UTC of +6:30,+6:30|GMT+6.5|Myanmar Standard Time|Asia/Yangon|MMT|UTC+6.5|UTC+6:30,Q17272482,,UTC+06:30
Asia,Asian Football Confederation,Q83276,12,1,1,"governing body of association football, beach soccer, and futsal in most countries and territories in Asia",AFC|Asia Football Confederation|A.F.C.,Q11422536|Q1156831|Q163740,,Asian Football Confederation
Asia,HMS Sir Francis Drake,Q25053390,12,1,1,1797 fifth-rate frigate,Asia|Dona Maria II,Q848944|Q852190|Q161705,,Asia (1797 ship)
Asia,Asia,Q54974383,12,1,1,American pornographic actress (born 1986),Asia Rain|Ms. Asia,Q5,,
Asia,Asian people,Q4058325,12,1,2,people of Asian origin,Asians|Asiatic people|Asian continental ancestry group,Q41710|Q67006304,Q22947,Asian people
Asia,Asian continent,Q17173111,12,1,2,,continental Asia,Q855697,,
Asia,Asian Regionalism Contrasted with European Integration,Q119421359,12,1,2,,,Q13442814,,
Asia,Asian Regional Congress of C.I.C.I.A.M.S. Profession,Q67031771,12,1,2,scientific article published on 01 January 1977,,Q13442814,,
Asia,"Asian Regionalism: Not so New, Not so Effective",Q127334035,12,1,2,scholarly article,,Q13442814,,
Asia,Asian Regional Congress of C.I.C.I.A.M.S. Preparation,Q67031786,12,1,2,scientific article published on 01 January 1977,,Q13442814,,
Asia,Asian Regional Congress of C.I.C.I.A.M.S. Progress,Q93486002,12,1,2,,,Q13442814,,
Asia,Asian Regional Governance,Q59403943,12,1,2,article,,Q13442814,,
Asia,"Asian Regional Conference on Evolution of the System of Radiological Protection. Tokyo, 24-25 October 2002",Q78838950,12,1,2,scientific article published on 01 December 2002,,Q13442814,,
Asia,Asian regional project set for new cycle,Q77204480,12,1,2,scientific article published on 01 March 1996,,Q13442814,,
Asia,Asian regional seminar held in new delhi,Q81211414,12,1,2,scientific article published on 01 January 1979,,Q13442814,,
Asia,Asian regional conference on aging,Q77202552,12,1,2,scientific article published on 01 August 1999,,Q13442814,,
Cape Town,Cape Town,Q5465,13,0,1,"city in the Western Cape, South Africa","iKapa|Kaap|Cape|Cape Town, South Africa|Mother City|Tavern of the Seas|West side",Q2264924|Q15042037|Q1549591|Q105742469|Q108178728|Q56061,,Cape Town
Cape Town,City of Cape Town,Q1185115,13,0,1,"metropolitan municipality in Western Cape, South Africa",City of Cape Town Metropolitan Municipality|City of Cape Town Metro|Cape Town Metropolitan Municipality|City of Cape Town Municipality|Cape Town Metro|Cape Town Municipality|Cape Town Unicity|Cape Metropolitan Council|Cape Metropolitan Administration,Q1530824,,City of Cape Town
Cape Town,University of Cape Town,Q951305,13,0,1,"public university in Cape Town, South Africa",South African College|uct.ac.za|Cape Town University,Q875538|Q45400320|Q38723|Q3918,,University of Cape Town
Cape Town,Cape Town,Q114518672,13,0,1,episode of iZombie (S2 E9),,Q21191270,,
Cape Town,Cape Town Spurs F.C.,Q412502,13,0,1,association football club in South Africa,Ajax Cape Town FC|Ajax Cape Town Football Club|Ajax Cape Town,Q476028,,Cape Town Spurs F.C.
Cape Town,Cape Town,Q102242472,13,0,1,Thoroughbred racehorse,,Q726,,
Cape Town,Cape Town,Q25343756,13,0,1,South African-German produced TV series,,Q5398426,,Cape Town (TV series)
Cape Town,Cape Town Stadium,Q173559,13,0,1,"sports stadium in Cape Town, South Africa",Green Point Stadium|DHL Stadium,Q1049757|Q483110|Q1154710|Q15303456,,Cape Town Stadium
Cape Town,Cape Town City F.C.,Q5035093,13,0,1,football club,Cape Town City Football Club,Q476028,,Cape Town City F.C. (1960)
Cape Town,Cape Town International Airport,Q854130,13,0,1,"airport in Cape Town, South Africa",Cape Town Airport|CPT|FACT|D.F. Malan Airport,Q644371|Q1248784|Q94993988,,Cape Town International Airport
Cape Town,Western Cape,Q127167,13,0,2,province of South Africa,Western Cape Province|province of the Western Cape|province of Western Cape,Q191093,,Western Cape
Cape Town,Western Cape,Q59136539,13,0,2,'at large' constituency for the Western Cape provincial parliament in South Africa,,Q59136510,,
Cape Town,Western Capercaillie,Q129059,13,0,2,species of bird,Capercaillie|wood grouse|heather cock|Capercailzie|Eurasian capercaillie,Q16521,,Western capercaillie
Cape Town,Western Cape,Q107313799,13,0,2,,,Q192611,,Western Cape (National Assembly of South Africa constituency)
Cape Town,Western Cape Department of Health,Q7987677,13,0,2,South Africa provincial government department,Department of Health and Wellness,Q327333|Q1312371,,Western Cape Department of Health
Cape Town,Provincial Cabinet of the Western Cape,Q57283361,13,0,2,executive of the Western Cape Province,Western Cape Executive Council,Q5419808,,
Cape Town,Western Cape Provincial Parliament,Q17081929,13,0,2,legislature of the Western Cape Province,,Q7252701,,Western Cape Provincial Parliament
Cape Town,Western Cape High Court,Q7987681,13,0,2,"superior court of law in the Western Cape, South Africa",Western Cape Division of the High Court of South Africa|Western Cape Division|Cape High Court|Cape Provincial Division,Q72286849,,Western Cape High Court
Cape Town,Government of the Western Cape,Q5589407,13,0,2,government of the Western Cape province of South Africa,Western Cape Government|the Western Cape government|Western Cape government,Q7188,,Government of the Western Cape
Cape Town,Cape Independence,Q108378099,13,0,2,the political movement to make the Western Cape province an independent state from the rest of South Africa,CapeXit|Wexit|Western Cape independence movement,Q2738074|Q3318733,,Cape independence
Cape Town,Africa,Q15,13,0,2,continent,African continent,Q5107|Q2221906|Q82794,,Africa
Cape Town,Africa: Journal of the International African Institute,Q4689536,13,0,2,academic journal,Africa : journal of the International African Institute|Africa: The Journal of the International African Institute|Africa,Q5633421|Q1002697,,Africa (journal)
Cape Town,Africa,Q6172568,13,0,2,female given name,,Q11879590,,
Cape Town,Africa,Q109569182,13,0,2,vocal track by Toto; 1982 studio recording,,Q55850593,,
Cape Town,Africa,Q16159116,13,0,2,family name,,Q101352,,Africa (surname)
Cape Town,Africa,Q109569601,13,0,2,"1982 official music video by Toto, directed by Steve Barron",,Q193977,,
Cape Town,African Plant Database,Q20862705,13,0,2,,,Q7094076|Q4117139,,
Cape Town,Database of Cabinet Politics in Sub-Sahara Africa,Q96743901,13,0,2,database of Ministers who served in countries located in Sub-Sahara Africa,African Cabinet Politics - Data Repository,Q8513,,
Cape Town,African Studies,Q4689921,13,0,2,academic journal,,Q5633421,,African Studies (journal)
Cape Town,Africa,Q113568798,13,0,2,troopship of the Portuguese Navy,,Q12859788|Q671079,,
Africa,Africa,Q15,13,1,1,continent,African continent,Q5107|Q2221906|Q82794,,Africa
Africa,Africa: Journal of the International African Institute,Q4689536,13,1,1,academic journal,Africa : journal of the International African Institute|Africa: The Journal of the International African Institute|Africa,Q5633421|Q1002697,,Africa (journal)
Africa,Africa,Q6172568,13,1,1,female given name,,Q11879590,,
Africa,Africa,Q109569182,13,1,1,vocal track by Toto; 1982 studio recording,,Q55850593,,
Africa,Africa,Q16159116,13,1,1,family name,,Q101352,,Africa (surname)
Africa,Africa,Q109569601,13,1,1,"1982 official music video by Toto, directed by Steve Barron",,Q193977,,
Africa,African Plant Database,Q20862705,13,1,1,,,Q7094076|Q4117139,,
Africa,Database of Cabinet Politics in Sub-Sahara Africa,Q96743901,13,1,1,database of Ministers who served in countries located in Sub-Sahara Africa,African Cabinet Politics - Data Repository,Q8513,,
Africa,African Studies,Q4689921,13,1,1,academic journal,,Q5633421,,African Studies (journal)
Africa,Africa,Q113568798,13,1,1,troopship of the Portuguese Navy,,Q12859788|Q671079,,
Africa,Cape Town,Q5465,13,1,2,"city in the Western Cape, South Africa","iKapa|Kaap|Cape|Cape Town, South Africa|Mother City|Tavern of the Seas|West side",Q2264924|Q15042037|Q1549591|Q105742469|Q108178728|Q56061,,Cape Town
Africa,City of Cape Town,Q1185115,13,1,2,"metropolitan municipality in Western Cape, South Africa",City of Cape Town Metropolitan Municipality|City of Cape Town Metro|Cape Town Metropolitan Municipality|City of Cape Town Municipality|Cape Town Metro|Cape Town Municipality|Cape Town Unicity|Cape Metropolitan Council|Cape Metropolitan Administration,Q1530824,,City of Cape Town
Africa,University of Cape Town,Q951305,13,1,2,"public university in Cape Town, South Africa",South African College|uct.ac.za|Cape Town University,Q875538|Q45400320|Q38723|Q3918,,University of Cape Town
Africa,Cape Town,Q114518672,13,1,2,episode of iZombie (S2 E9),,Q21191270,,
Africa,Cape Town Spurs F.C.,Q412502,13,1,2,association football club in South Africa,Ajax Cape Town FC|Ajax Cape Town Football Club|Ajax Cape Town,Q476028,,Cape Town Spurs F.C.
Africa,Cape Town,Q102242472,13,1,2,Thoroughbred racehorse,,Q726,,
Africa,Cape Town,Q25343756,13,1,2,South African-German produced TV series,,Q5398426,,Cape Town (TV series)
Africa,Cape Town Stadium,Q173559,13,1,2,"sports stadium in Cape Town, South Africa",Green Point Stadium|DHL Stadium,Q1049757|Q483110|Q1154710|Q15303456,,Cape Town Stadium
Africa,Cape Town City F.C.,Q5035093,13,1,2,football club,Cape Town City Football Club,Q476028,,Cape Town City F.C. (1960)
Africa,Cape Town International Airport,Q854130,13,1,2,"airport in Cape Town, South Africa",Cape Town Airport|CPT|FACT|D.F. Malan Airport,Q644371|Q1248784|Q94993988,,Cape Town International Airport
Africa,Western Cape,Q127167,13,1,2,province of South Africa,Western Cape Province|province of the Western Cape|province of Western Cape,Q191093,,Western Cape
Africa,Western Cape,Q59136539,13,1,2,'at large' constituency for the Western Cape provincial parliament in South Africa,,Q59136510,,
Africa,Western Capercaillie,Q129059,13,1,2,species of bird,Capercaillie|wood grouse|heather cock|Capercailzie|Eurasian capercaillie,Q16521,,Western capercaillie
Africa,Western Cape,Q107313799,13,1,2,,,Q192611,,Western Cape (National Assembly of South Africa constituency)
Africa,Western Cape Department of Health,Q7987677,13,1,2,South Africa provincial government department,Department of Health and Wellness,Q327333|Q1312371,,Western Cape Department of Health
Africa,Provincial Cabinet of the Western Cape,Q57283361,13,1,2,executive of the Western Cape Province,Western Cape Executive Council,Q5419808,,
Africa,Western Cape Provincial Parliament,Q17081929,13,1,2,legislature of the Western Cape Province,,Q7252701,,Western Cape Provincial Parliament
Africa,Western Cape High Court,Q7987681,13,1,2,"superior court of law in the Western Cape, South Africa",Western Cape Division of the High Court of South Africa|Western Cape Division|Cape High Court|Cape Provincial Division,Q72286849,,Western Cape High Court
Africa,Government of the Western Cape,Q5589407,13,1,2,government of the Western Cape province of South Africa,Western Cape Government|the Western Cape government|Western Cape government,Q7188,,Government of the Western Cape
Africa,Cape Independence,Q108378099,13,1,2,the political movement to make the Western Cape province an independent state from the rest of South Africa,CapeXit|Wexit|Western Cape independence movement,Q2738074|Q3318733,,Cape independence
Africa,African Union,Q7159,13,1,2,supranational union in Africa,AU|UA|The African Union|African union|Union Africaine,Q4120211|Q769802|Q484652,,African Union
Africa,African Union Commission,Q2362881,13,1,2,Executive branch of the African Union,,Q178706|Q35798,,African Union Commission
Africa,African Union Mission to Somalia,Q1641888,13,1,2,peacekeeping mission,AMISOM,Q245065|Q645883,Q1456930,African Union Mission to Somalia
Africa,African Great Green Wall,Q387790,13,1,2,African global initiative against desertification in Africa,African initiative--Great Green Wall|African Union. Great Green Wall (Project)|Community of Sahel-Saharan States. Great Green Wall (Project)|GGW|Great Green Wall,Q2384419|Q139251117,,Great Green Wall (Africa)
Africa,African Union of the Blind,Q129676195,13,1,2,,,Q814491|Q79913|Q1156831,,
Africa,African Union Kwame Nkrumah Awards for Scientific Excellence,Q30749435,13,1,2,,,Q11448906,Q5257307,African Union Kwame Nkrumah Award for Scientific Excellence
Africa,flag of the African Union,Q630077,13,1,2,flag,the African Union flag|African Union flag,Q69506823,,Flag of the African Union
Africa,African Union–European Union relations,Q17637747,13,1,2,,,Q15221623,,
Africa,African Union Mission in Sudan,Q650224,13,1,2,peacekeeping mission in Sudan,,Q20082270,,African Union Mission in Sudan
Africa,African Union Conference Center and Office Complex,Q4655013,13,1,2,"building in Addis Ababa, Ethiopia",AU Conference Center and Office Complex|Headquarters of the African Union,Q7540126,,African Union Conference Center and Office Complex
Africa,African Development Bank,Q340195,13,1,2,multilateral development finance institution,AfDB|African Development Bank Group,Q105758271,,African Development Bank
Africa,"African Development Bank Act, 1983",Q106630478,13,1,2,Act of the Parliament of India,,Q33283984,,
Africa,African Development Bank and Economic Reparations,Q135196867,13,1,2,AfDB's role in the economic reparations in Africa,,Q43229,,
Africa,African Development Bank and Fund,Q59669761,13,1,2,Congressional Research Service report,,Q6451276,,
Africa,AFRICAN DEVELOPMENT BANK: Debt Relief,Q110528344,13,1,2,scientific article,,Q13442814,,
Africa,AFRICAN DEVELOPMENT BANK: Climate Smart Initiatives,Q114626329,13,1,2,scientific article published in 2015,,Q13442814,,
Africa,African Union Commission for International Law,Q2986471,13,1,2,body of the African Union,,,,
Africa,African Union Development Agency,Q115564822,13,1,2,The New Partnership for Africa's Development Agency (NEPAD) is the implementing agency for the AU's Agenda 2063 development strategy.,NEPAD,Q352450,,
Western Cape,Western Cape,Q127167,13,3,1,province of South Africa,Western Cape Province|province of the Western Cape|province of Western Cape,Q191093,,Western Cape
Western Cape,Western Cape,Q59136539,13,3,1,'at large' constituency for the Western Cape provincial parliament in South Africa,,Q59136510,,
Western Cape,Western Capercaillie,Q129059,13,3,1,species of bird,Capercaillie|wood grouse|heather cock|Capercailzie|Eurasian capercaillie,Q16521,,Western capercaillie
Western Cape,Western Cape,Q107313799,13,3,1,,,Q192611,,Western Cape (National Assembly of South Africa constituency)
Western Cape,Western Cape Department of Health,Q7987677,13,3,1,South Africa provincial government department,Department of Health and Wellness,Q327333|Q1312371,,Western Cape Department of Health
Western Cape,Provincial Cabinet of the Western Cape,Q57283361,13,3,1,executive of the Western Cape Province,Western Cape Executive Council,Q5419808,,
Western Cape,Western Cape Provincial Parliament,Q17081929,13,3,1,legislature of the Western Cape Province,,Q7252701,,Western Cape Provincial Parliament
Western Cape,Western Cape High Court,Q7987681,13,3,1,"superior court of law in the Western Cape, South Africa",Western Cape Division of the High Court of South Africa|Western Cape Division|Cape High Court|Cape Provincial Division,Q72286849,,Western Cape High Court
Western Cape,Government of the Western Cape,Q5589407,13,3,1,government of the Western Cape province of South Africa,Western Cape Government|the Western Cape government|Western Cape government,Q7188,,Government of the Western Cape
Western Cape,Cape Independence,Q108378099,13,3,1,the political movement to make the Western Cape province an independent state from the rest of South Africa,CapeXit|Wexit|Western Cape independence movement,Q2738074|Q3318733,,Cape independence
Western Cape,Cape Town,Q5465,13,3,2,"city in the Western Cape, South Africa","iKapa|Kaap|Cape|Cape Town, South Africa|Mother City|Tavern of the Seas|West side",Q2264924|Q15042037|Q1549591|Q105742469|Q108178728|Q56061,,Cape Town
Western Cape,City of Cape Town,Q1185115,13,3,2,"metropolitan municipality in Western Cape, South Africa",City of Cape Town Metropolitan Municipality|City of Cape Town Metro|Cape Town Metropolitan Municipality|City of Cape Town Municipality|Cape Town Metro|Cape Town Municipality|Cape Town Unicity|Cape Metropolitan Council|Cape Metropolitan Administration,Q1530824,,City of Cape Town
Western Cape,University of Cape Town,Q951305,13,3,2,"public university in Cape Town, South Africa",South African College|uct.ac.za|Cape Town University,Q875538|Q45400320|Q38723|Q3918,,University of Cape Town
Western Cape,Cape Town,Q114518672,13,3,2,episode of iZombie (S2 E9),,Q21191270,,
Western Cape,Cape Town Spurs F.C.,Q412502,13,3,2,association football club in South Africa,Ajax Cape Town FC|Ajax Cape Town Football Club|Ajax Cape Town,Q476028,,Cape Town Spurs F.C.
Western Cape,Cape Town,Q102242472,13,3,2,Thoroughbred racehorse,,Q726,,
Western Cape,Cape Town,Q25343756,13,3,2,South African-German produced TV series,,Q5398426,,Cape Town (TV series)
Western Cape,Cape Town Stadium,Q173559,13,3,2,"sports stadium in Cape Town, South Africa",Green Point Stadium|DHL Stadium,Q1049757|Q483110|Q1154710|Q15303456,,Cape Town Stadium
Western Cape,Cape Town City F.C.,Q5035093,13,3,2,football club,Cape Town City Football Club,Q476028,,Cape Town City F.C. (1960)
Western Cape,Cape Town International Airport,Q854130,13,3,2,"airport in Cape Town, South Africa",Cape Town Airport|CPT|FACT|D.F. Malan Airport,Q644371|Q1248784|Q94993988,,Cape Town International Airport
Western Cape,Africa,Q15,13,3,2,continent,African continent,Q5107|Q2221906|Q82794,,Africa
Western Cape,Africa: Journal of the International African Institute,Q4689536,13,3,2,academic journal,Africa : journal of the International African Institute|Africa: The Journal of the International African Institute|Africa,Q5633421|Q1002697,,Africa (journal)
Western Cape,Africa,Q6172568,13,3,2,female given name,,Q11879590,,
Western Cape,Africa,Q109569182,13,3,2,vocal track by Toto; 1982 studio recording,,Q55850593,,
Western Cape,Africa,Q16159116,13,3,2,family name,,Q101352,,Africa (surname)
Western Cape,Africa,Q109569601,13,3,2,"1982 official music video by Toto, directed by Steve Barron",,Q193977,,
Western Cape,African Plant Database,Q20862705,13,3,2,,,Q7094076|Q4117139,,
Western Cape,Database of Cabinet Politics in Sub-Sahara Africa,Q96743901,13,3,2,database of Ministers who served in countries located in Sub-Sahara Africa,African Cabinet Politics - Data Repository,Q8513,,
Western Cape,African Studies,Q4689921,13,3,2,academic journal,,Q5633421,,African Studies (journal)
Western Cape,Africa,Q113568798,13,3,2,troopship of the Portuguese Navy,,Q12859788|Q671079,,
