data,candidates,QID,row,columns,quality,description,aliases,P31,P279,sitelink
Ulzurrun,Ulzurrun,Q12268549,0,0,1,,,Q2989421|Q3055118,,
Ulzurrun,Ulzurrun,Q117747526,0,0,1,family name,,Q101352|Q17143070,,
Ulzurrun,Ulzurrun de Asanza,Q107213349,0,0,1,family name,,Q101352,,
Spanish,Spanish,Q1321,0,1,1,Romance language originating in the Iberian Peninsula,Castilian|Spanish language|Castilian language,Q33742|Q34770|Q1288568|Q20162172,Q71924|Q1377152,Spanish language
Spanish,Spanish Wikipedia,Q8449,0,1,1,Spanish-language edition of Wikipedia,ESWIKI|Spanish language Wikipedia|esWP|es.wikipedia|Spanish-language Wikipedia,Q10876391|Q123407493,,Spanish Wikipedia
Spanish,Spanish,Q7573131,0,1,1,song by Craig David,Spanish (song),Q134556,,Spanish (song)
Spanish,Spaniards,Q160894,0,1,1,people native to any part of Spain or that hold Spanish citizenship,Spanish people|Spain residents|Spain citizens|the Spanish|Spanish|Spaniard|People from Spain|People of Spain,Q33829|Q6266|Q2472587|Q16334295,Q394067|Q22947|Q101094841,Spaniards
Spanish,Spanish River,Q478249,0,1,1,"river in Ontario, Canada",,Q4022,,Spanish River (Ontario)
Spanish,Spanish Civil War,Q10859,0,1,1,war between the Republicans and the Nationalists in Spain from 1936 to 1939,Spanish War|The Spanish Civil War,Q8465,,Spanish Civil War
Spanish,municipality of Spain,Q2074737,0,1,1,administrative territorial entity of Spain,municipio de España|Spanish municipality|Municipality of Spain,Q126192154,Q3183364|Q15284|Q1763214|Q11618417|Q48909258,Municipalities of Spain
Spanish,Spanish Biographical Dictionary,Q41705771,0,1,1,biographical dictionary,,Q47461344|Q7094076|Q1172284,,Diccionario biográfico español
Spanish,Univision,Q731824,0,1,1,American Spanish-language free-to-air television network,Univisión|Spanish International Network|SIN,Q1254874,,Univision
Spanish,Western Sahara,Q6250,0,1,1,territory in North and West Africa,West Sahara|Spanish Sahara|Southern Provinces,Q15239622|Q900119|Q2577883,,Western Sahara
Spanish,rock en español,Q2994332,0,1,2,Spanish-language rock,Surda|Spanish-language rock|roque en Español|rock in Spanish language,Q107565306|Q188451,Q11399|Q107718509,Rock en español
Spanish,Spanish language in the Philippines,Q1572128,0,1,2,historical and sociological aspects of the Spanish language in the Philippines,,Q25683172,Q1321|Q1066778,Spanish language in the Philippines
Spanish,Spanish language in the Americas,Q3058369,0,1,2,family of language varieties,American Spanish,Q1208380|Q25683172,Q1321|Q4536480,Spanish language in the Americas
Spanish,Spanish-language literature,Q99571024,0,1,2,"literature written in Spanish, independent of the place of origin",,,Q109551565,Spanish-language literature
Spanish,Spanish hypocorism,Q113686468,0,1,2,diminutive for a Spanish personal name,Spanish-language hypocorism|Spanish language name diminutive|Spanish name diminutive|Spanish hypocoristics|Spanish language hypocoristics|Spanish diminutives of names|Spanish hypocorisms|Spanish language hypocorism|hipocorismo,Q56682890,Q1130279,Spanish language hypocorism
Spanish,Spanish language in South America,Q7573411,0,1,2,dialect of Spanish in South America,South-American Spanish|South American Spanish,Q1208380|Q25683172,Q56649449|Q1144022,Spanish language in South America
Spanish,dictionary of the Spanish language,Q55625587,0,1,2,language version of dictionary,Spanish dictionary|Spanish language dictionary|dictionary of Spanish,,Q55594385,
Spanish,Spanish language in the United States,Q2301077,0,1,2,dialect of Spanish written and spoken in the United States,US Spanish|American Spanish|U.S. Spanish|U.S.A. Spanish|United States Spanish,Q20671152|Q25683172,Q1321|Q1058256,Spanish language in the United States
Ossés,Ossès,Q838739,1,0,1,"commune in Pyrénées-Atlantiques, France",Ortzaize,Q484170,,Ossès
Ossés,Osses,Q118088286,1,0,1,family name,,Q101352,,
Ossés,Ossés,Q117661708,1,0,1,family name,,Q101352|Q17143070,,
Ossés,Ossessione,Q547226,1,0,1,1943 Italian film,,Q11424,,Ossessione
Ossés,Ossesio Silva,Q10342290,1,0,1,politician,Bispo Ossesio,Q5,,
Ossés,Credo / Ossessioni,Q16545554,1,0,1,1972 single by Mia Martini,Credo|Ossessioni,Q134556,,
Ossés,Ossesso,Q112768650,1,0,1,2022 single by Giorgio Poi,,Q134556,,
Ossés,Ossèse,Q3357365,1,0,1,river in France,Ossese,Q4022,,
Ossés,Aussois,Q567783,1,0,1,"commune in Savoie, France",,Q484170|Q130003,,Aussois
Ossés,Ossetians,Q106974,1,0,1,Caucasian ethnic group,Ossetes,Q41710,Q1672477,Ossetians
Spanish,Spanish,Q1321,1,1,1,Romance language originating in the Iberian Peninsula,Castilian|Spanish language|Castilian language,Q33742|Q34770|Q1288568|Q20162172,Q71924|Q1377152,Spanish language
Spanish,Spanish Wikipedia,Q8449,1,1,1,Spanish-language edition of Wikipedia,ESWIKI|Spanish language Wikipedia|esWP|es.wikipedia|Spanish-language Wikipedia,Q10876391|Q123407493,,Spanish Wikipedia
Spanish,Spanish,Q7573131,1,1,1,song by Craig David,Spanish (song),Q134556,,Spanish (song)
Spanish,Spaniards,Q160894,1,1,1,people native to any part of Spain or that hold Spanish citizenship,Spanish people|Spain residents|Spain citizens|the Spanish|Spanish|Spaniard|People from Spain|People of Spain,Q33829|Q6266|Q2472587|Q16334295,Q394067|Q22947|Q101094841,Spaniards
Spanish,Spanish River,Q478249,1,1,1,"river in Ontario, Canada",,Q4022,,Spanish River (Ontario)
Spanish,Spanish Civil War,Q10859,1,1,1,war between the Republicans and the Nationalists in Spain from 1936 to 1939,Spanish War|The Spanish Civil War,Q8465,,Spanish Civil War
Spanish,municipality of Spain,Q2074737,1,1,1,administrative territorial entity of Spain,municipio de España|Spanish municipality|Municipality of Spain,Q126192154,Q3183364|Q15284|Q1763214|Q11618417|Q48909258,Municipalities of Spain
Spanish,Spanish Biographical Dictionary,Q41705771,1,1,1,biographical dictionary,,Q47461344|Q7094076|Q1172284,,Diccionario biográfico español
Spanish,Univision,Q731824,1,1,1,American Spanish-language free-to-air television network,Univisión|Spanish International Network|SIN,Q1254874,,Univision
Spanish,Western Sahara,Q6250,1,1,1,territory in North and West Africa,West Sahara|Spanish Sahara|Southern Provinces,Q15239622|Q900119|Q2577883,,Western Sahara
Spanish,rock en español,Q2994332,1,1,2,Spanish-language rock,Surda|Spanish-language rock|roque en Español|rock in Spanish language,Q107565306|Q188451,Q11399|Q107718509,Rock en español
Spanish,Spanish language in the Philippines,Q1572128,1,1,2,historical and sociological aspects of the Spanish language in the Philippines,,Q25683172,Q1321|Q1066778,Spanish language in the Philippines
Spanish,Spanish language in the Americas,Q3058369,1,1,2,family of language varieties,American Spanish,Q1208380|Q25683172,Q1321|Q4536480,Spanish language in the Americas
Spanish,Spanish-language literature,Q99571024,1,1,2,"literature written in Spanish, independent of the place of origin",,,Q109551565,Spanish-language literature
Spanish,Spanish hypocorism,Q113686468,1,1,2,diminutive for a Spanish personal name,Spanish-language hypocorism|Spanish language name diminutive|Spanish name diminutive|Spanish hypocoristics|Spanish language hypocoristics|Spanish diminutives of names|Spanish hypocorisms|Spanish language hypocorism|hipocorismo,Q56682890,Q1130279,Spanish language hypocorism
Spanish,Spanish language in South America,Q7573411,1,1,2,dialect of Spanish in South America,South-American Spanish|South American Spanish,Q1208380|Q25683172,Q56649449|Q1144022,Spanish language in South America
Spanish,dictionary of the Spanish language,Q55625587,1,1,2,language version of dictionary,Spanish dictionary|Spanish language dictionary|dictionary of Spanish,,Q55594385,
Spanish,Spanish language in the United States,Q2301077,1,1,2,dialect of Spanish written and spoken in the United States,US Spanish|American Spanish|U.S. Spanish|U.S.A. Spanish|United States Spanish,Q20671152|Q25683172,Q1321|Q1058256,Spanish language in the United States
Spanish,Español,Q49961576,1,1,2,family name,Español (family name),Q101352,,Español (surname)
Spanish,Francesc Español Coll,Q8962174,1,1,2,Spanish entomologist (1907-1999),Francesc Español|Francesc Español i Coll|Francisco Español Coll|Francisco Español|Español|F. Espanol,Q5,,
Spanish,Español,Q12890463,1,1,2,"Cienfuegos province, Cuba",,Q115291,,
Spanish,Peninsular Spanish,Q7162990,1,1,2,dialect cluster and variety of the Spanish language spoken in Spain,European Spanish|Spanish of Spain|Spanish Spanish|es-ES|es_ES|Spainish|Iberian Spanish|Spanish (Spain),Q25683172|Q3123468,Q1321|Q534191,Peninsular Spanish
Spanish,Españolistos | Learn Spanish With Spanish Conversations!,Q110573902,1,1,2,podcast,,Q24634210,,
Spanish,RCD Espanyol de Barcelona,Q8780,1,1,2,sports club in Spain,RCDE|RCD Espanyol|Reial Club Deportiu Espanyol de Barcelona|Espanyol|R.C.D. Espanyol de Barcelona|R.C.D. Espanyol of Barcelona|R.C.D. Espanyol|RCD Espanyol of Barcelona|Espanyol of Barcelona|Espanyol Barcelona,Q476028|Q103229495,,RCD Espanyol
Spanish,Española,Q1018839,1,1,2,"city primarily in Rio Arriba County, New Mexico, in the United States","Espanola|Española, New Mexico|Espanola, New Mexico|Espanola, NM|Española, NM",Q1093829,,"Española, New Mexico"
Spanish,Espanol,Q37047625,1,1,2,family name,,Q101352,,
Munain,Munain,Q117427583,2,0,1,family name,,Q101352|Q17143070,,
Munain,Munain,Q95628804,2,0,1,river in the Basque Country,,Q4022,,
Munain,Munain,Q3327788,2,0,1,"Hamlet in Álava province, Spain",,Q16543169|Q3055118,,Munain
Munain,Munain,Q133515084,2,0,1,,,Q34023,,
Munain,Munaingo eliza,Q109769342,2,0,1,,,Q16970,,
Spanish,Spanish,Q1321,2,1,1,Romance language originating in the Iberian Peninsula,Castilian|Spanish language|Castilian language,Q33742|Q34770|Q1288568|Q20162172,Q71924|Q1377152,Spanish language
Spanish,Spanish Wikipedia,Q8449,2,1,1,Spanish-language edition of Wikipedia,ESWIKI|Spanish language Wikipedia|esWP|es.wikipedia|Spanish-language Wikipedia,Q10876391|Q123407493,,Spanish Wikipedia
Spanish,Spanish,Q7573131,2,1,1,song by Craig David,Spanish (song),Q134556,,Spanish (song)
Spanish,Spaniards,Q160894,2,1,1,people native to any part of Spain or that hold Spanish citizenship,Spanish people|Spain residents|Spain citizens|the Spanish|Spanish|Spaniard|People from Spain|People of Spain,Q33829|Q6266|Q2472587|Q16334295,Q394067|Q22947|Q101094841,Spaniards
Spanish,Spanish River,Q478249,2,1,1,"river in Ontario, Canada",,Q4022,,Spanish River (Ontario)
Spanish,Spanish Civil War,Q10859,2,1,1,war between the Republicans and the Nationalists in Spain from 1936 to 1939,Spanish War|The Spanish Civil War,Q8465,,Spanish Civil War
Spanish,municipality of Spain,Q2074737,2,1,1,administrative territorial entity of Spain,municipio de España|Spanish municipality|Municipality of Spain,Q126192154,Q3183364|Q15284|Q1763214|Q11618417|Q48909258,Municipalities of Spain
Spanish,Spanish Biographical Dictionary,Q41705771,2,1,1,biographical dictionary,,Q47461344|Q7094076|Q1172284,,Diccionario biográfico español
Spanish,Univision,Q731824,2,1,1,American Spanish-language free-to-air television network,Univisión|Spanish International Network|SIN,Q1254874,,Univision
Spanish,Western Sahara,Q6250,2,1,1,territory in North and West Africa,West Sahara|Spanish Sahara|Southern Provinces,Q15239622|Q900119|Q2577883,,Western Sahara
Spanish,rock en español,Q2994332,2,1,2,Spanish-language rock,Surda|Spanish-language rock|roque en Español|rock in Spanish language,Q107565306|Q188451,Q11399|Q107718509,Rock en español
Spanish,Spanish language in the Philippines,Q1572128,2,1,2,historical and sociological aspects of the Spanish language in the Philippines,,Q25683172,Q1321|Q1066778,Spanish language in the Philippines
Spanish,Spanish language in the Americas,Q3058369,2,1,2,family of language varieties,American Spanish,Q1208380|Q25683172,Q1321|Q4536480,Spanish language in the Americas
Spanish,Spanish-language literature,Q99571024,2,1,2,"literature written in Spanish, independent of the place of origin",,,Q109551565,Spanish-language literature
Spanish,Spanish hypocorism,Q113686468,2,1,2,diminutive for a Spanish personal name,Spanish-language hypocorism|Spanish language name diminutive|Spanish name diminutive|Spanish hypocoristics|Spanish language hypocoristics|Spanish diminutives of names|Spanish hypocorisms|Spanish language hypocorism|hipocorismo,Q56682890,Q1130279,Spanish language hypocorism
Spanish,Spanish language in South America,Q7573411,2,1,2,dialect of Spanish in South America,South-American Spanish|South American Spanish,Q1208380|Q25683172,Q56649449|Q1144022,Spanish language in South America
Spanish,dictionary of the Spanish language,Q55625587,2,1,2,language version of dictionary,Spanish dictionary|Spanish language dictionary|dictionary of Spanish,,Q55594385,
Spanish,Spanish language in the United States,Q2301077,2,1,2,dialect of Spanish written and spoken in the United States,US Spanish|American Spanish|U.S. Spanish|U.S.A. Spanish|United States Spanish,Q20671152|Q25683172,Q1321|Q1058256,Spanish language in the United States
Fontenla,Fontenla,Q117394480,3,0,1,family name,,Q101352|Q17143070,,
Fontenla,Roberto Fontenla,Q88822692,3,0,1,botanist,Fontenla,Q5,,
Fontenla,"Fontenla, Ponteareas",Q12951657,3,0,1,,,Q12397176,,
Fontenla,Fontenla,Q20547307,3,0,1,"human settlement in Abegondo, A Coruña Province, Spain","Fontenla, Vilacova, Abegondo|Fontenla, Vilacova",Q20541692,,
Fontenla,Fontenla,Q31280954,3,0,1,,"Fontenla, Camos, Nigrán",Q20541692,,
Fontenla,Fontenla,Q31282238,3,0,1,,"Fontenla, San Lourenzo de Nogueira, Meis",Q20541692,,
Fontenla,Fontenla,Q116781399,3,0,1,,"Fontenla, Vilaza, Gondomar",Q20541692,,
Fontenla,Fontenla,Q115931810,3,0,1,,"Fontenla, As Fragas, O Campo Lameiro",Q20541692,,
Fontenla,Fontenla,Q28119891,3,0,1,beach in Spain,,Q28060923,,
Fontenla,Fontenla,Q125253824,3,0,1,,,Q8524,,
Spanish,Spanish,Q1321,3,1,1,Romance language originating in the Iberian Peninsula,Castilian|Spanish language|Castilian language,Q33742|Q34770|Q1288568|Q20162172,Q71924|Q1377152,Spanish language
Spanish,Spanish Wikipedia,Q8449,3,1,1,Spanish-language edition of Wikipedia,ESWIKI|Spanish language Wikipedia|esWP|es.wikipedia|Spanish-language Wikipedia,Q10876391|Q123407493,,Spanish Wikipedia
Spanish,Spanish,Q7573131,3,1,1,song by Craig David,Spanish (song),Q134556,,Spanish (song)
Spanish,Spaniards,Q160894,3,1,1,people native to any part of Spain or that hold Spanish citizenship,Spanish people|Spain residents|Spain citizens|the Spanish|Spanish|Spaniard|People from Spain|People of Spain,Q33829|Q6266|Q2472587|Q16334295,Q394067|Q22947|Q101094841,Spaniards
Spanish,Spanish River,Q478249,3,1,1,"river in Ontario, Canada",,Q4022,,Spanish River (Ontario)
Spanish,Spanish Civil War,Q10859,3,1,1,war between the Republicans and the Nationalists in Spain from 1936 to 1939,Spanish War|The Spanish Civil War,Q8465,,Spanish Civil War
Spanish,municipality of Spain,Q2074737,3,1,1,administrative territorial entity of Spain,municipio de España|Spanish municipality|Municipality of Spain,Q126192154,Q3183364|Q15284|Q1763214|Q11618417|Q48909258,Municipalities of Spain
Spanish,Spanish Biographical Dictionary,Q41705771,3,1,1,biographical dictionary,,Q47461344|Q7094076|Q1172284,,Diccionario biográfico español
Spanish,Univision,Q731824,3,1,1,American Spanish-language free-to-air television network,Univisión|Spanish International Network|SIN,Q1254874,,Univision
Spanish,Western Sahara,Q6250,3,1,1,territory in North and West Africa,West Sahara|Spanish Sahara|Southern Provinces,Q15239622|Q900119|Q2577883,,Western Sahara
Spanish,rock en español,Q2994332,3,1,2,Spanish-language rock,Surda|Spanish-language rock|roque en Español|rock in Spanish language,Q107565306|Q188451,Q11399|Q107718509,Rock en español
Spanish,Spanish language in the Philippines,Q1572128,3,1,2,historical and sociological aspects of the Spanish language in the Philippines,,Q25683172,Q1321|Q1066778,Spanish language in the Philippines
Spanish,Spanish language in the Americas,Q3058369,3,1,2,family of language varieties,American Spanish,Q1208380|Q25683172,Q1321|Q4536480,Spanish language in the Americas
Spanish,Spanish-language literature,Q99571024,3,1,2,"literature written in Spanish, independent of the place of origin",,,Q109551565,Spanish-language literature
Spanish,Spanish hypocorism,Q113686468,3,1,2,diminutive for a Spanish personal name,Spanish-language hypocorism|Spanish language name diminutive|Spanish name diminutive|Spanish hypocoristics|Spanish language hypocoristics|Spanish diminutives of names|Spanish hypocorisms|Spanish language hypocorism|hipocorismo,Q56682890,Q1130279,Spanish language hypocorism
Spanish,Spanish language in South America,Q7573411,3,1,2,dialect of Spanish in South America,South-American Spanish|South American Spanish,Q1208380|Q25683172,Q56649449|Q1144022,Spanish language in South America
Spanish,dictionary of the Spanish language,Q55625587,3,1,2,language version of dictionary,Spanish dictionary|Spanish language dictionary|dictionary of Spanish,,Q55594385,
Spanish,Spanish language in the United States,Q2301077,3,1,2,dialect of Spanish written and spoken in the United States,US Spanish|American Spanish|U.S. Spanish|U.S.A. Spanish|United States Spanish,Q20671152|Q25683172,Q1321|Q1058256,Spanish language in the United States
Spanish,Español,Q49961576,3,1,2,family name,Español (family name),Q101352,,Español (surname)
Spanish,Francesc Español Coll,Q8962174,3,1,2,Spanish entomologist (1907-1999),Francesc Español|Francesc Español i Coll|Francisco Español Coll|Francisco Español|Español|F. Espanol,Q5,,
Spanish,Español,Q12890463,3,1,2,"Cienfuegos province, Cuba",,Q115291,,
Spanish,Peninsular Spanish,Q7162990,3,1,2,dialect cluster and variety of the Spanish language spoken in Spain,European Spanish|Spanish of Spain|Spanish Spanish|es-ES|es_ES|Spainish|Iberian Spanish|Spanish (Spain),Q25683172|Q3123468,Q1321|Q534191,Peninsular Spanish
Spanish,Españolistos | Learn Spanish With Spanish Conversations!,Q110573902,3,1,2,podcast,,Q24634210,,
Spanish,RCD Espanyol de Barcelona,Q8780,3,1,2,sports club in Spain,RCDE|RCD Espanyol|Reial Club Deportiu Espanyol de Barcelona|Espanyol|R.C.D. Espanyol de Barcelona|R.C.D. Espanyol of Barcelona|R.C.D. Espanyol|RCD Espanyol of Barcelona|Espanyol of Barcelona|Espanyol Barcelona,Q476028|Q103229495,,RCD Espanyol
Spanish,Española,Q1018839,3,1,2,"city primarily in Rio Arriba County, New Mexico, in the United States","Espanola|Española, New Mexico|Espanola, New Mexico|Espanola, NM|Española, NM",Q1093829,,"Española, New Mexico"
Spanish,Espanol,Q37047625,3,1,2,family name,,Q101352,,
Tamames,Tamames,Q24014727,4,0,1,"capital of Tamames Municipality, Spain",,Q121289819,,
Tamames,Tamames,Q1640615,4,0,1,"municipality in Salamanca, Spain",,Q2074737,,Tamames
Tamames,Tamames,Q116641371,4,0,1,family name,,Q101352|Q17143070,,
Tamames,Agustín Tamames,Q399463,4,0,1,Spanish cyclist,Agustin Tamames,Q5,,Agustín Tamames
Tamames,Tamames town hall,Q126822257,4,0,1,"municipal building in Tamames, Spain",,Q112793351,,
Tamames,Tamames,Q29973369,4,0,1,Wikimedia disambiguation page,,Q4167410,,
Spanish,Spanish,Q1321,4,1,1,Romance language originating in the Iberian Peninsula,Castilian|Spanish language|Castilian language,Q33742|Q34770|Q1288568|Q20162172,Q71924|Q1377152,Spanish language
Spanish,Spanish Wikipedia,Q8449,4,1,1,Spanish-language edition of Wikipedia,ESWIKI|Spanish language Wikipedia|esWP|es.wikipedia|Spanish-language Wikipedia,Q10876391|Q123407493,,Spanish Wikipedia
Spanish,Spanish,Q7573131,4,1,1,song by Craig David,Spanish (song),Q134556,,Spanish (song)
Spanish,Spaniards,Q160894,4,1,1,people native to any part of Spain or that hold Spanish citizenship,Spanish people|Spain residents|Spain citizens|the Spanish|Spanish|Spaniard|People from Spain|People of Spain,Q33829|Q6266|Q2472587|Q16334295,Q394067|Q22947|Q101094841,Spaniards
Spanish,Spanish River,Q478249,4,1,1,"river in Ontario, Canada",,Q4022,,Spanish River (Ontario)
Spanish,Spanish Civil War,Q10859,4,1,1,war between the Republicans and the Nationalists in Spain from 1936 to 1939,Spanish War|The Spanish Civil War,Q8465,,Spanish Civil War
Spanish,municipality of Spain,Q2074737,4,1,1,administrative territorial entity of Spain,municipio de España|Spanish municipality|Municipality of Spain,Q126192154,Q3183364|Q15284|Q1763214|Q11618417|Q48909258,Municipalities of Spain
Spanish,Spanish Biographical Dictionary,Q41705771,4,1,1,biographical dictionary,,Q47461344|Q7094076|Q1172284,,Diccionario biográfico español
Spanish,Univision,Q731824,4,1,1,American Spanish-language free-to-air television network,Univisión|Spanish International Network|SIN,Q1254874,,Univision
Spanish,Western Sahara,Q6250,4,1,1,territory in North and West Africa,West Sahara|Spanish Sahara|Southern Provinces,Q15239622|Q900119|Q2577883,,Western Sahara
Spanish,rock en español,Q2994332,4,1,2,Spanish-language rock,Surda|Spanish-language rock|roque en Español|rock in Spanish language,Q107565306|Q188451,Q11399|Q107718509,Rock en español
Spanish,Spanish language in the Philippines,Q1572128,4,1,2,historical and sociological aspects of the Spanish language in the Philippines,,Q25683172,Q1321|Q1066778,Spanish language in the Philippines
Spanish,Spanish language in the Americas,Q3058369,4,1,2,family of language varieties,American Spanish,Q1208380|Q25683172,Q1321|Q4536480,Spanish language in the Americas
Spanish,Spanish-language literature,Q99571024,4,1,2,"literature written in Spanish, independent of the place of origin",,,Q109551565,Spanish-language literature
Spanish,Spanish hypocorism,Q113686468,4,1,2,diminutive for a Spanish personal name,Spanish-language hypocorism|Spanish language name diminutive|Spanish name diminutive|Spanish hypocoristics|Spanish language hypocoristics|Spanish diminutives of names|Spanish hypocorisms|Spanish language hypocorism|hipocorismo,Q56682890,Q1130279,Spanish language hypocorism
Spanish,Spanish language in South America,Q7573411,4,1,2,dialect of Spanish in South America,South-American Spanish|South American Spanish,Q1208380|Q25683172,Q56649449|Q1144022,Spanish language in South America
Spanish,dictionary of the Spanish language,Q55625587,4,1,2,language version of dictionary,Spanish dictionary|Spanish language dictionary|dictionary of Spanish,,Q55594385,
Spanish,Spanish language in the United States,Q2301077,4,1,2,dialect of Spanish written and spoken in the United States,US Spanish|American Spanish|U.S. Spanish|U.S.A. Spanish|United States Spanish,Q20671152|Q25683172,Q1321|Q1058256,Spanish language in the United States
Spanish,Español,Q49961576,4,1,2,family name,Español (family name),Q101352,,Español (surname)
Spanish,Francesc Español Coll,Q8962174,4,1,2,Spanish entomologist (1907-1999),Francesc Español|Francesc Español i Coll|Francisco Español Coll|Francisco Español|Español|F. Espanol,Q5,,
Spanish,Español,Q12890463,4,1,2,"Cienfuegos province, Cuba",,Q115291,,
Spanish,Peninsular Spanish,Q7162990,4,1,2,dialect cluster and variety of the Spanish language spoken in Spain,European Spanish|Spanish of Spain|Spanish Spanish|es-ES|es_ES|Spainish|Iberian Spanish|Spanish (Spain),Q25683172|Q3123468,Q1321|Q534191,Peninsular Spanish
Spanish,Españolistos | Learn Spanish With Spanish Conversations!,Q110573902,4,1,2,podcast,,Q24634210,,
Spanish,RCD Espanyol de Barcelona,Q8780,4,1,2,sports club in Spain,RCDE|RCD Espanyol|Reial Club Deportiu Espanyol de Barcelona|Espanyol|R.C.D. Espanyol de Barcelona|R.C.D. Espanyol of Barcelona|R.C.D. Espanyol|RCD Espanyol of Barcelona|Espanyol of Barcelona|Espanyol Barcelona,Q476028|Q103229495,,RCD Espanyol
Spanish,Española,Q1018839,4,1,2,"city primarily in Rio Arriba County, New Mexico, in the United States","Espanola|Española, New Mexico|Espanola, New Mexico|Espanola, NM|Española, NM",Q1093829,,"Española, New Mexico"
Spanish,Espanol,Q37047625,4,1,2,family name,,Q101352,,
Ambrona,Ambrona,Q29643321,5,0,1,"human settlement in Miño de Medinaceli, Soria Province, Castile and León, Spain",,Q3333989|Q3055118,,
Ambrona,Ambronay,Q193533,5,0,1,"commune in Ain, France",,Q484170,,Ambronay
Ambrona,Ambrona,Q116031509,5,0,1,family name,,Q101352|Q17143070,,
Ambrona,Ambronay Festival,Q3070048,5,0,1,,,Q868557,,Ambronay Festival
Ambrona,Ambrona,Q130272481,5,0,1,,,Q55488,,
Ambrona,demographics of Ambronay,Q3043551,5,0,1,,,Q23983664,Q3044183,
Ambrona,Gare d'Ambronay-Priay,Q2876103,5,0,1,"railway station in Ambronay, France",,Q55488,,Ambronay–Priay station
Ambrona,Ambronay. Kayak. Phénicia Dupras sélectionnée aux Championnats du monde,Q111768608,5,0,1,,,Q5707594,,
Ambrona,Spanish village,Q20442473,5,0,2,painting by Harley Griffiths Jnr.,,Q3305213,,
Ambrona,Spanish Village,Q106859938,5,0,2,painting by Pablo Ruiz Picasso,,Q3305213,,
Ambrona,Spanish Village,Q59522145,5,0,2,painting by George Pepper,,Q3305213,,
Ambrona,Spanish Village,Q120066236,5,0,2,"painting by John Copnall (1928–2007), Paintings in Hospitals",,Q3305213,,
Ambrona,Spanish Village,Q119293687,5,0,2,"painting by Pujol, Abbot Hall",,Q3305213,,
Ambrona,Spanish Village,Q119899875,5,0,2,"painting by John Minton (1917–1957), Towner",,Q3305213,,
Ambrona,Spanish Village,Q119859835,5,0,2,"painting by Anne Redpath (1895–1965), National Museum Wales, National Museum Cardiff",,Q3305213,,
Ambrona,Spanish Village,Q119295857,5,0,2,"painting by Tomás Harris (1908–1964), Royal Free Hospital",,Q3305213,,
Ambrona,Spanish Village,Q119950677,5,0,2,"painting by Anne Redpath (1895–1965), Norfolk Museums Service",,Q3305213,,
Ambrona,Spanish Village,Q119982613,5,0,2,"painting by William McDowall (1905–1983), Rozelle House Galleries",,Q3305213,,
Spanish,Spanish,Q1321,5,1,1,Romance language originating in the Iberian Peninsula,Castilian|Spanish language|Castilian language,Q33742|Q34770|Q1288568|Q20162172,Q71924|Q1377152,Spanish language
Spanish,Spanish Wikipedia,Q8449,5,1,1,Spanish-language edition of Wikipedia,ESWIKI|Spanish language Wikipedia|esWP|es.wikipedia|Spanish-language Wikipedia,Q10876391|Q123407493,,Spanish Wikipedia
Spanish,Spanish,Q7573131,5,1,1,song by Craig David,Spanish (song),Q134556,,Spanish (song)
Spanish,Spaniards,Q160894,5,1,1,people native to any part of Spain or that hold Spanish citizenship,Spanish people|Spain residents|Spain citizens|the Spanish|Spanish|Spaniard|People from Spain|People of Spain,Q33829|Q6266|Q2472587|Q16334295,Q394067|Q22947|Q101094841,Spaniards
Spanish,Spanish River,Q478249,5,1,1,"river in Ontario, Canada",,Q4022,,Spanish River (Ontario)
Spanish,Spanish Civil War,Q10859,5,1,1,war between the Republicans and the Nationalists in Spain from 1936 to 1939,Spanish War|The Spanish Civil War,Q8465,,Spanish Civil War
Spanish,municipality of Spain,Q2074737,5,1,1,administrative territorial entity of Spain,municipio de España|Spanish municipality|Municipality of Spain,Q126192154,Q3183364|Q15284|Q1763214|Q11618417|Q48909258,Municipalities of Spain
Spanish,Spanish Biographical Dictionary,Q41705771,5,1,1,biographical dictionary,,Q47461344|Q7094076|Q1172284,,Diccionario biográfico español
Spanish,Univision,Q731824,5,1,1,American Spanish-language free-to-air television network,Univisión|Spanish International Network|SIN,Q1254874,,Univision
Spanish,Western Sahara,Q6250,5,1,1,territory in North and West Africa,West Sahara|Spanish Sahara|Southern Provinces,Q15239622|Q900119|Q2577883,,Western Sahara
Spanish,rock en español,Q2994332,5,1,2,Spanish-language rock,Surda|Spanish-language rock|roque en Español|rock in Spanish language,Q107565306|Q188451,Q11399|Q107718509,Rock en español
Spanish,Spanish language in the Philippines,Q1572128,5,1,2,historical and sociological aspects of the Spanish language in the Philippines,,Q25683172,Q1321|Q1066778,Spanish language in the Philippines
Spanish,Spanish language in the Americas,Q3058369,5,1,2,family of language varieties,American Spanish,Q1208380|Q25683172,Q1321|Q4536480,Spanish language in the Americas
Spanish,Spanish-language literature,Q99571024,5,1,2,"literature written in Spanish, independent of the place of origin",,,Q109551565,Spanish-language literature
Spanish,Spanish hypocorism,Q113686468,5,1,2,diminutive for a Spanish personal name,Spanish-language hypocorism|Spanish language name diminutive|Spanish name diminutive|Spanish hypocoristics|Spanish language hypocoristics|Spanish diminutives of names|Spanish hypocorisms|Spanish language hypocorism|hipocorismo,Q56682890,Q1130279,Spanish language hypocorism
Spanish,Spanish language in South America,Q7573411,5,1,2,dialect of Spanish in South America,South-American Spanish|South American Spanish,Q1208380|Q25683172,Q56649449|Q1144022,Spanish language in South America
Spanish,dictionary of the Spanish language,Q55625587,5,1,2,language version of dictionary,Spanish dictionary|Spanish language dictionary|dictionary of Spanish,,Q55594385,
Spanish,Spanish language in the United States,Q2301077,5,1,2,dialect of Spanish written and spoken in the United States,US Spanish|American Spanish|U.S. Spanish|U.S.A. Spanish|United States Spanish,Q20671152|Q25683172,Q1321|Q1058256,Spanish language in the United States
Galeote,Galeote,Q113548452,6,0,1,male given name,,Q12308941,,
Galeote,Galeote,Q115689758,6,0,1,family name,,Q101352|Q829026|Q17143070,,
Galeote,Galeote,Q97625480,6,0,1,,,Q5084|Q486972|Q839954,,
Galeote,Galeotes (Pauly-Wissowa),Q95641130,6,0,1,encyclopedic article in Paulys Realencyclopädie der classischen Altertumswissenschaft (RE),,Q13433827,,
Galeote,Galeotes,Q12874911,6,0,1,"a figure in ancient Greek mythology, the son of Apollo and Themisto",Galeus,Q22988604,,Galeus (son of Apollo)
Galeote,Galeote Pereira,Q5518426,6,0,1,Portuguese explorer,,Q5,,Galeote Pereira
Galeote,galley slave,Q588083,6,0,1,person enslaved or sentenced to row in a galley,,Q16335296|Q186361,Q12773225|Q893169|Q989174|Q1862087,Galley slave
Galeote,Galeotes de Mercurio. El Caso de Mateo Alemán: La Interacción entre el Derecho y la Literatura en el Informe de la Mina de Mercu,Q136133368,6,0,1,2020,,Q3331189,,
Galeote,Cayetano Galeote,Q5759042,6,0,1,,Cayetano Galeote Cotilla,Q5,,
Galeote,Galeote,Q1424474,6,0,1,,,,,
Spanish,Spanish,Q1321,6,1,1,Romance language originating in the Iberian Peninsula,Castilian|Spanish language|Castilian language,Q33742|Q34770|Q1288568|Q20162172,Q71924|Q1377152,Spanish language
Spanish,Spanish Wikipedia,Q8449,6,1,1,Spanish-language edition of Wikipedia,ESWIKI|Spanish language Wikipedia|esWP|es.wikipedia|Spanish-language Wikipedia,Q10876391|Q123407493,,Spanish Wikipedia
Spanish,Spanish,Q7573131,6,1,1,song by Craig David,Spanish (song),Q134556,,Spanish (song)
Spanish,Spaniards,Q160894,6,1,1,people native to any part of Spain or that hold Spanish citizenship,Spanish people|Spain residents|Spain citizens|the Spanish|Spanish|Spaniard|People from Spain|People of Spain,Q33829|Q6266|Q2472587|Q16334295,Q394067|Q22947|Q101094841,Spaniards
Spanish,Spanish River,Q478249,6,1,1,"river in Ontario, Canada",,Q4022,,Spanish River (Ontario)
Spanish,Spanish Civil War,Q10859,6,1,1,war between the Republicans and the Nationalists in Spain from 1936 to 1939,Spanish War|The Spanish Civil War,Q8465,,Spanish Civil War
Spanish,municipality of Spain,Q2074737,6,1,1,administrative territorial entity of Spain,municipio de España|Spanish municipality|Municipality of Spain,Q126192154,Q3183364|Q15284|Q1763214|Q11618417|Q48909258,Municipalities of Spain
Spanish,Spanish Biographical Dictionary,Q41705771,6,1,1,biographical dictionary,,Q47461344|Q7094076|Q1172284,,Diccionario biográfico español
Spanish,Univision,Q731824,6,1,1,American Spanish-language free-to-air television network,Univisión|Spanish International Network|SIN,Q1254874,,Univision
Spanish,Western Sahara,Q6250,6,1,1,territory in North and West Africa,West Sahara|Spanish Sahara|Southern Provinces,Q15239622|Q900119|Q2577883,,Western Sahara
Spanish,Galeote,Q113548452,6,1,2,male given name,,Q12308941,,
Spanish,Galeote,Q115689758,6,1,2,family name,,Q101352|Q829026|Q17143070,,
Spanish,Galeote,Q97625480,6,1,2,,,Q5084|Q486972|Q839954,,
Spanish,Galeotes (Pauly-Wissowa),Q95641130,6,1,2,encyclopedic article in Paulys Realencyclopädie der classischen Altertumswissenschaft (RE),,Q13433827,,
Spanish,Galeotes,Q12874911,6,1,2,"a figure in ancient Greek mythology, the son of Apollo and Themisto",Galeus,Q22988604,,Galeus (son of Apollo)
Spanish,Galeote Pereira,Q5518426,6,1,2,Portuguese explorer,,Q5,,Galeote Pereira
Spanish,galley slave,Q588083,6,1,2,person enslaved or sentenced to row in a galley,,Q16335296|Q186361,Q12773225|Q893169|Q989174|Q1862087,Galley slave
Spanish,Galeotes de Mercurio. El Caso de Mateo Alemán: La Interacción entre el Derecho y la Literatura en el Informe de la Mina de Mercu,Q136133368,6,1,2,2020,,Q3331189,,
Spanish,Cayetano Galeote,Q5759042,6,1,2,,Cayetano Galeote Cotilla,Q5,,
Spanish,Galeote,Q1424474,6,1,2,,,,,
Spanish,rock en español,Q2994332,6,1,2,Spanish-language rock,Surda|Spanish-language rock|roque en Español|rock in Spanish language,Q107565306|Q188451,Q11399|Q107718509,Rock en español
Spanish,Spanish language in the Philippines,Q1572128,6,1,2,historical and sociological aspects of the Spanish language in the Philippines,,Q25683172,Q1321|Q1066778,Spanish language in the Philippines
Spanish,Spanish language in the Americas,Q3058369,6,1,2,family of language varieties,American Spanish,Q1208380|Q25683172,Q1321|Q4536480,Spanish language in the Americas
Spanish,Spanish-language literature,Q99571024,6,1,2,"literature written in Spanish, independent of the place of origin",,,Q109551565,Spanish-language literature
Spanish,Spanish hypocorism,Q113686468,6,1,2,diminutive for a Spanish personal name,Spanish-language hypocorism|Spanish language name diminutive|Spanish name diminutive|Spanish hypocoristics|Spanish language hypocoristics|Spanish diminutives of names|Spanish hypocorisms|Spanish language hypocorism|hipocorismo,Q56682890,Q1130279,Spanish language hypocorism
Spanish,Spanish language in South America,Q7573411,6,1,2,dialect of Spanish in South America,South-American Spanish|South American Spanish,Q1208380|Q25683172,Q56649449|Q1144022,Spanish language in South America
Spanish,dictionary of the Spanish language,Q55625587,6,1,2,language version of dictionary,Spanish dictionary|Spanish language dictionary|dictionary of Spanish,,Q55594385,
Spanish,Spanish language in the United States,Q2301077,6,1,2,dialect of Spanish written and spoken in the United States,US Spanish|American Spanish|U.S. Spanish|U.S.A. Spanish|United States Spanish,Q20671152|Q25683172,Q1321|Q1058256,Spanish language in the United States
Regueras,Les Regueres,Q842644,7,0,1,"municipality (concejo) in Asturias, Spain",Las Regueras|Regueras,Q5055981,,Las Regueras
Regueras,Regueras de Arriba,Q141199,7,0,1,municipality of Spain,Regueras,Q2074737,,Regueras de Arriba
Regueras,Regueras,Q115532784,7,0,1,family name,,Q101352|Q17143070,,
Regueras,Regueras de Arriba,Q24013127,7,0,1,"capital of Regueras de Arriba Municipality, Spain",,Q486972|Q121289819,,
Regueras,Reguerascura,Q113653694,7,0,1,,,Q5756064,,
Regueras,Regueras de Arriba town hall,Q126821081,7,0,1,"municipal building in Regueras de Arriba, Spain",,Q112793351,,
Regueras,Regueras de Abajo,Q6104464,7,0,1,"human settlement in León Province, Castile and León, Spain",,Q486972|Q3055118,,
Regueras,Regueras,Q2891581,7,0,1,Wikimedia disambiguation page,,Q4167410,,
Regueras,Regueras de Arriba,Q29973833,7,0,1,Wikimedia disambiguation page,,Q4167410,,
Regueras,Josep Icart,Q11928605,7,0,2,Spanish painter (1928-1985),Spanish painter,Q5,,
Regueras,Manuel Salinas,Q105426998,7,0,2,Spanish painter,,Q5,,
Spanish,Spanish,Q1321,7,1,1,Romance language originating in the Iberian Peninsula,Castilian|Spanish language|Castilian language,Q33742|Q34770|Q1288568|Q20162172,Q71924|Q1377152,Spanish language
Spanish,Spanish Wikipedia,Q8449,7,1,1,Spanish-language edition of Wikipedia,ESWIKI|Spanish language Wikipedia|esWP|es.wikipedia|Spanish-language Wikipedia,Q10876391|Q123407493,,Spanish Wikipedia
Spanish,Spanish,Q7573131,7,1,1,song by Craig David,Spanish (song),Q134556,,Spanish (song)
Spanish,Spaniards,Q160894,7,1,1,people native to any part of Spain or that hold Spanish citizenship,Spanish people|Spain residents|Spain citizens|the Spanish|Spanish|Spaniard|People from Spain|People of Spain,Q33829|Q6266|Q2472587|Q16334295,Q394067|Q22947|Q101094841,Spaniards
Spanish,Spanish River,Q478249,7,1,1,"river in Ontario, Canada",,Q4022,,Spanish River (Ontario)
Spanish,Spanish Civil War,Q10859,7,1,1,war between the Republicans and the Nationalists in Spain from 1936 to 1939,Spanish War|The Spanish Civil War,Q8465,,Spanish Civil War
Spanish,municipality of Spain,Q2074737,7,1,1,administrative territorial entity of Spain,municipio de España|Spanish municipality|Municipality of Spain,Q126192154,Q3183364|Q15284|Q1763214|Q11618417|Q48909258,Municipalities of Spain
Spanish,Spanish Biographical Dictionary,Q41705771,7,1,1,biographical dictionary,,Q47461344|Q7094076|Q1172284,,Diccionario biográfico español
Spanish,Univision,Q731824,7,1,1,American Spanish-language free-to-air television network,Univisión|Spanish International Network|SIN,Q1254874,,Univision
Spanish,Western Sahara,Q6250,7,1,1,territory in North and West Africa,West Sahara|Spanish Sahara|Southern Provinces,Q15239622|Q900119|Q2577883,,Western Sahara
Spanish,Les Regueres,Q842644,7,1,2,"municipality (concejo) in Asturias, Spain",Las Regueras|Regueras,Q5055981,,Las Regueras
Spanish,Regueras de Arriba,Q141199,7,1,2,municipality of Spain,Regueras,Q2074737,,Regueras de Arriba
Spanish,Regueras,Q115532784,7,1,2,family name,,Q101352|Q17143070,,
Spanish,Regueras de Arriba,Q24013127,7,1,2,"capital of Regueras de Arriba Municipality, Spain",,Q486972|Q121289819,,
Spanish,Reguerascura,Q113653694,7,1,2,,,Q5756064,,
Spanish,Regueras de Arriba town hall,Q126821081,7,1,2,"municipal building in Regueras de Arriba, Spain",,Q112793351,,
Spanish,Regueras de Abajo,Q6104464,7,1,2,"human settlement in León Province, Castile and León, Spain",,Q486972|Q3055118,,
Spanish,Regueras,Q2891581,7,1,2,Wikimedia disambiguation page,,Q4167410,,
Spanish,Regueras de Arriba,Q29973833,7,1,2,Wikimedia disambiguation page,,Q4167410,,
Spanish,rock en español,Q2994332,7,1,2,Spanish-language rock,Surda|Spanish-language rock|roque en Español|rock in Spanish language,Q107565306|Q188451,Q11399|Q107718509,Rock en español
Spanish,Spanish language in the Philippines,Q1572128,7,1,2,historical and sociological aspects of the Spanish language in the Philippines,,Q25683172,Q1321|Q1066778,Spanish language in the Philippines
Spanish,Spanish language in the Americas,Q3058369,7,1,2,family of language varieties,American Spanish,Q1208380|Q25683172,Q1321|Q4536480,Spanish language in the Americas
Spanish,Spanish-language literature,Q99571024,7,1,2,"literature written in Spanish, independent of the place of origin",,,Q109551565,Spanish-language literature
Spanish,Spanish hypocorism,Q113686468,7,1,2,diminutive for a Spanish personal name,Spanish-language hypocorism|Spanish language name diminutive|Spanish name diminutive|Spanish hypocoristics|Spanish language hypocoristics|Spanish diminutives of names|Spanish hypocorisms|Spanish language hypocorism|hipocorismo,Q56682890,Q1130279,Spanish language hypocorism
Spanish,Spanish language in South America,Q7573411,7,1,2,dialect of Spanish in South America,South-American Spanish|South American Spanish,Q1208380|Q25683172,Q56649449|Q1144022,Spanish language in South America
Spanish,dictionary of the Spanish language,Q55625587,7,1,2,language version of dictionary,Spanish dictionary|Spanish language dictionary|dictionary of Spanish,,Q55594385,
Spanish,Spanish language in the United States,Q2301077,7,1,2,dialect of Spanish written and spoken in the United States,US Spanish|American Spanish|U.S. Spanish|U.S.A. Spanish|United States Spanish,Q20671152|Q25683172,Q1321|Q1058256,Spanish language in the United States
Godos,Godos,Q8964566,8,0,1,Parroquia of Oviedo,,Q55102916|Q8776398,,
Godos,Godos,Q49125958,8,0,1,"human settlement in Godos, Oviedo, Asturias, Spain",,Q13526752,,
Godos,Godos,Q8964568,8,0,1,"human settlement in Teruel Province, Aragon, Spain",,Q3055118,,
Godos,"Godos, Caldas de Reis",Q11245431,8,0,1,"civil parish in Galicia, Spain",Godos (Santa María),Q12397176,,
Godos,Godos,Q23644326,8,0,1,"mine in Atacama Region, Chile",,Q820477,,
Godos,Godos,Q115249887,8,0,1,family name,,Q101352|Q17143070,,
Godos,Goths,Q42193,8,0,1,East Germanic ethnolinguistic group,,Q4204501,Q613732,Goths
Godos,Visigoths,Q23693,8,0,1,Germanic people of late antiquity and the early Middle Ages,West Goths|Goths|Wisigots,Q133311|Q4204501,Q22633|Q133311|Q42193,Visigoths
Godos,Godos Aerodrome,Q104093009,8,0,1,,,Q62447,,
Godos,Godosilgol,Q27303242,8,0,1,"valley in North Chungcheong Province, South Korea",,Q39816,,
Spanish,Spanish,Q1321,8,1,1,Romance language originating in the Iberian Peninsula,Castilian|Spanish language|Castilian language,Q33742|Q34770|Q1288568|Q20162172,Q71924|Q1377152,Spanish language
Spanish,Spanish Wikipedia,Q8449,8,1,1,Spanish-language edition of Wikipedia,ESWIKI|Spanish language Wikipedia|esWP|es.wikipedia|Spanish-language Wikipedia,Q10876391|Q123407493,,Spanish Wikipedia
Spanish,Spanish,Q7573131,8,1,1,song by Craig David,Spanish (song),Q134556,,Spanish (song)
Spanish,Spaniards,Q160894,8,1,1,people native to any part of Spain or that hold Spanish citizenship,Spanish people|Spain residents|Spain citizens|the Spanish|Spanish|Spaniard|People from Spain|People of Spain,Q33829|Q6266|Q2472587|Q16334295,Q394067|Q22947|Q101094841,Spaniards
Spanish,Spanish River,Q478249,8,1,1,"river in Ontario, Canada",,Q4022,,Spanish River (Ontario)
Spanish,Spanish Civil War,Q10859,8,1,1,war between the Republicans and the Nationalists in Spain from 1936 to 1939,Spanish War|The Spanish Civil War,Q8465,,Spanish Civil War
Spanish,municipality of Spain,Q2074737,8,1,1,administrative territorial entity of Spain,municipio de España|Spanish municipality|Municipality of Spain,Q126192154,Q3183364|Q15284|Q1763214|Q11618417|Q48909258,Municipalities of Spain
Spanish,Spanish Biographical Dictionary,Q41705771,8,1,1,biographical dictionary,,Q47461344|Q7094076|Q1172284,,Diccionario biográfico español
Spanish,Univision,Q731824,8,1,1,American Spanish-language free-to-air television network,Univisión|Spanish International Network|SIN,Q1254874,,Univision
Spanish,Western Sahara,Q6250,8,1,1,territory in North and West Africa,West Sahara|Spanish Sahara|Southern Provinces,Q15239622|Q900119|Q2577883,,Western Sahara
Spanish,rock en español,Q2994332,8,1,2,Spanish-language rock,Surda|Spanish-language rock|roque en Español|rock in Spanish language,Q107565306|Q188451,Q11399|Q107718509,Rock en español
Spanish,Spanish language in the Philippines,Q1572128,8,1,2,historical and sociological aspects of the Spanish language in the Philippines,,Q25683172,Q1321|Q1066778,Spanish language in the Philippines
Spanish,Spanish language in the Americas,Q3058369,8,1,2,family of language varieties,American Spanish,Q1208380|Q25683172,Q1321|Q4536480,Spanish language in the Americas
Spanish,Spanish-language literature,Q99571024,8,1,2,"literature written in Spanish, independent of the place of origin",,,Q109551565,Spanish-language literature
Spanish,Spanish hypocorism,Q113686468,8,1,2,diminutive for a Spanish personal name,Spanish-language hypocorism|Spanish language name diminutive|Spanish name diminutive|Spanish hypocoristics|Spanish language hypocoristics|Spanish diminutives of names|Spanish hypocorisms|Spanish language hypocorism|hipocorismo,Q56682890,Q1130279,Spanish language hypocorism
Spanish,Spanish language in South America,Q7573411,8,1,2,dialect of Spanish in South America,South-American Spanish|South American Spanish,Q1208380|Q25683172,Q56649449|Q1144022,Spanish language in South America
Spanish,dictionary of the Spanish language,Q55625587,8,1,2,language version of dictionary,Spanish dictionary|Spanish language dictionary|dictionary of Spanish,,Q55594385,
Spanish,Spanish language in the United States,Q2301077,8,1,2,dialect of Spanish written and spoken in the United States,US Spanish|American Spanish|U.S. Spanish|U.S.A. Spanish|United States Spanish,Q20671152|Q25683172,Q1321|Q1058256,Spanish language in the United States
Queiles,Queiles,Q3054057,9,0,1,river in Spain,,Q4022,,Queiles
Queiles,Queiles,Q114374060,9,0,1,family name,,Q101352|Q17143070,,
Queiles,Ribera del Queiles PGI,Q1384248,9,0,1,Protected geographical indication,,Q2140699|Q325668,,Ribera del Queiles
Queiles,Queiles Ibarreko Gizarte Zerbitzu Oinarrizkoen Mankomunitatea,Q107553816,9,0,1,,,Q531230,,
Queiles,Queiles,Q65477036,9,0,1,Wikimedia disambiguation page,,Q4167410,,
Queiles,municipality of Spain,Q2074737,9,0,2,administrative territorial entity of Spain,municipio de España|Spanish municipality|Municipality of Spain,Q126192154,Q3183364|Q15284|Q1763214|Q11618417|Q48909258,Municipalities of Spain
Queiles,Spanish Town 11.,Q846939,9,0,2,"town and city in the Saint Catherine Parish, Jamaica","Spanish Town, Saint Catherine|Villa de la Vega",Q515|Q1549591|Q27554677,,Spanish Town
Queiles,populated place nucleus,Q11939023,9,0,2,generic statistical designation in Spain,spanish town|population nucleus (Spain)|populated place|populated places,Q98966309,Q486972|Q3183364|Q123964505|Q3257686,
Queiles,Spanish Town,Q9340035,9,0,2,"town in the British Virgin Islands, United Kingdom","Spanish Town, British Virgin Islands|Spanish Town, BVI",Q3957|Q486972,,"Spanish Town, British Virgin Islands"
Queiles,Spanish Town,Q15278853,9,0,2,"human settlement in United States Virgin Islands, United States of America","Spanish Town, United States Virgin Islands",Q486972,,"Spanish Town, U.S. Virgin Islands"
Queiles,Spanish Town,Q24055812,9,0,2,painting by Corneille,,Q3305213,,
Queiles,Spanish Town,Q52156458,9,0,2,painting by Lucio Munoz,,Q3305213,,
Queiles,Spanish Town,Q7573312,9,0,2,"human settlement in Baton Rouge, Louisiana, United States of America","Spanish Town, Baton Rouge, Louisiana",Q123705|Q15243209,,"Spanish Town, Baton Rouge, Louisiana"
Queiles,Spanish Town,Q119858313,9,0,2,"painting by Ladislas Kardos (1909–1951), Bristol Museum & Art Gallery",,Q3305213,,
Queiles,Spanish Town Iron Bridge,Q137810403,9,0,2,,,Q1068842,,
Queiles,Spanish Town railway station,Q7573313,9,0,2,railway station in Jamaica,,Q55488,,Spanish Town railway station
Spanish,Spanish,Q1321,9,1,1,Romance language originating in the Iberian Peninsula,Castilian|Spanish language|Castilian language,Q33742|Q34770|Q1288568|Q20162172,Q71924|Q1377152,Spanish language
Spanish,Spanish Wikipedia,Q8449,9,1,1,Spanish-language edition of Wikipedia,ESWIKI|Spanish language Wikipedia|esWP|es.wikipedia|Spanish-language Wikipedia,Q10876391|Q123407493,,Spanish Wikipedia
Spanish,Spanish,Q7573131,9,1,1,song by Craig David,Spanish (song),Q134556,,Spanish (song)
Spanish,Spaniards,Q160894,9,1,1,people native to any part of Spain or that hold Spanish citizenship,Spanish people|Spain residents|Spain citizens|the Spanish|Spanish|Spaniard|People from Spain|People of Spain,Q33829|Q6266|Q2472587|Q16334295,Q394067|Q22947|Q101094841,Spaniards
Spanish,Spanish River,Q478249,9,1,1,"river in Ontario, Canada",,Q4022,,Spanish River (Ontario)
Spanish,Spanish Civil War,Q10859,9,1,1,war between the Republicans and the Nationalists in Spain from 1936 to 1939,Spanish War|The Spanish Civil War,Q8465,,Spanish Civil War
Spanish,municipality of Spain,Q2074737,9,1,1,administrative territorial entity of Spain,municipio de España|Spanish municipality|Municipality of Spain,Q126192154,Q3183364|Q15284|Q1763214|Q11618417|Q48909258,Municipalities of Spain
Spanish,Spanish Biographical Dictionary,Q41705771,9,1,1,biographical dictionary,,Q47461344|Q7094076|Q1172284,,Diccionario biográfico español
Spanish,Univision,Q731824,9,1,1,American Spanish-language free-to-air television network,Univisión|Spanish International Network|SIN,Q1254874,,Univision
Spanish,Western Sahara,Q6250,9,1,1,territory in North and West Africa,West Sahara|Spanish Sahara|Southern Provinces,Q15239622|Q900119|Q2577883,,Western Sahara
Spanish,rock en español,Q2994332,9,1,2,Spanish-language rock,Surda|Spanish-language rock|roque en Español|rock in Spanish language,Q107565306|Q188451,Q11399|Q107718509,Rock en español
Spanish,Spanish language in the Philippines,Q1572128,9,1,2,historical and sociological aspects of the Spanish language in the Philippines,,Q25683172,Q1321|Q1066778,Spanish language in the Philippines
Spanish,Spanish language in the Americas,Q3058369,9,1,2,family of language varieties,American Spanish,Q1208380|Q25683172,Q1321|Q4536480,Spanish language in the Americas
Spanish,Spanish-language literature,Q99571024,9,1,2,"literature written in Spanish, independent of the place of origin",,,Q109551565,Spanish-language literature
Spanish,Spanish hypocorism,Q113686468,9,1,2,diminutive for a Spanish personal name,Spanish-language hypocorism|Spanish language name diminutive|Spanish name diminutive|Spanish hypocoristics|Spanish language hypocoristics|Spanish diminutives of names|Spanish hypocorisms|Spanish language hypocorism|hipocorismo,Q56682890,Q1130279,Spanish language hypocorism
Spanish,Spanish language in South America,Q7573411,9,1,2,dialect of Spanish in South America,South-American Spanish|South American Spanish,Q1208380|Q25683172,Q56649449|Q1144022,Spanish language in South America
Spanish,dictionary of the Spanish language,Q55625587,9,1,2,language version of dictionary,Spanish dictionary|Spanish language dictionary|dictionary of Spanish,,Q55594385,
Spanish,Spanish language in the United States,Q2301077,9,1,2,dialect of Spanish written and spoken in the United States,US Spanish|American Spanish|U.S. Spanish|U.S.A. Spanish|United States Spanish,Q20671152|Q25683172,Q1321|Q1058256,Spanish language in the United States
Spanish,Español,Q49961576,9,1,2,family name,Español (family name),Q101352,,Español (surname)
Spanish,Francesc Español Coll,Q8962174,9,1,2,Spanish entomologist (1907-1999),Francesc Español|Francesc Español i Coll|Francisco Español Coll|Francisco Español|Español|F. Espanol,Q5,,
Spanish,Español,Q12890463,9,1,2,"Cienfuegos province, Cuba",,Q115291,,
Spanish,Peninsular Spanish,Q7162990,9,1,2,dialect cluster and variety of the Spanish language spoken in Spain,European Spanish|Spanish of Spain|Spanish Spanish|es-ES|es_ES|Spainish|Iberian Spanish|Spanish (Spain),Q25683172|Q3123468,Q1321|Q534191,Peninsular Spanish
Spanish,Españolistos | Learn Spanish With Spanish Conversations!,Q110573902,9,1,2,podcast,,Q24634210,,
Spanish,RCD Espanyol de Barcelona,Q8780,9,1,2,sports club in Spain,RCDE|RCD Espanyol|Reial Club Deportiu Espanyol de Barcelona|Espanyol|R.C.D. Espanyol de Barcelona|R.C.D. Espanyol of Barcelona|R.C.D. Espanyol|RCD Espanyol of Barcelona|Espanyol of Barcelona|Espanyol Barcelona,Q476028|Q103229495,,RCD Espanyol
Spanish,Española,Q1018839,9,1,2,"city primarily in Rio Arriba County, New Mexico, in the United States","Espanola|Española, New Mexico|Espanola, New Mexico|Espanola, NM|Española, NM",Q1093829,,"Española, New Mexico"
Spanish,Espanol,Q37047625,9,1,2,family name,,Q101352,,
Contamina,Contamina,Q114320857,10,0,1,human settlement in Spain,,Q3957|Q11939023|Q121289819,,
Contamina,Contamina,Q1641087,10,0,1,municipality of Spain,,Q61763947,,Contamina
Contamina,contaminated/misidentified cell line,Q27971671,10,0,1,cell line whose origin differs from that originally proposed,,Q189118,Q21014462,
Contamina,Contamination,Q54807004,10,0,1,1991 novel by John Vornholt,,Q7725634,,
Contamina,county of Contamina,Q28502318,10,0,1,,Contamina,Q58001476,,
Contamina,Contamina,Q114320896,10,0,1,family name,,Q101352|Q17143070,,
Contamina,Contaminazione,Q2690255,10,0,1,1973 studio album by Il Rovescio della Medaglia,,Q482994,,
Contamina,Contamination,Q54825541,10,0,1,translation of novel,,Q3331189,,
Contamina,Contamination,Q63257400,10,0,1,1985 video game,,Q7889,,
Contamina,contamination control,Q5164919,10,0,1,"activities aiming to control the existence, growth and proliferation of contamination",,,Q1914636|Q1724915|Q1717246,Contamination control
Contamina,pollution,Q58734,10,0,2,introduction of contaminants into the natural environment that cause adverse change,environmental pollution,Q574376,Q2144359|Q1135789|Q275372|Q214609,Pollution
Contamina,Contaminación,Q125849268,10,0,2,written work by Jesús Rodríguez Lázaro,,Q47461344,,
Contamina,radioactive contamination,Q817114,10,0,2,presence of radioactive substances where they are undesirable,radiological contamination|radiological pollution,Q129676813|Q86923152,Q6108858|Q60528603,Radioactive contamination
Contamina,contamination,Q60528603,10,0,2,"presence of an unwanted constituent, harmful substance or impurity in a material, physical body, or environment",contaminated,Q130286945,Q24255051|Q3249551|Q621184,Contamination
Contamina,air pollution,Q131123,10,0,2,presence of dangerous substances in the atmosphere,atmospheric pollution,Q129676813|Q574376,Q13065634|Q58734|Q105766508,Air pollution
Contamina,No Blade of Grass,Q1438732,10,0,2,1970 film by Cornel Wilde,,Q11424,,No Blade of Grass (film)
Contamina,chemical pollution,Q28854976,10,0,2,pollution caused by chemical substances normally absent from the environment,,,Q2144359,
Contamina,water pollution,Q183129,10,0,2,contamination of water bodies,stream pollution|aquatic pollution,Q129676813,Q13065634,Water pollution
Contamina,noise pollution,Q92251,10,0,2,"excessive, displeasing human, animal, or machine-created environmental noise",,Q129676813,Q179448|Q58734,Noise pollution
Contamina,light pollution,Q180644,10,0,2,"anthropogenic light in the night environment, caused by excess or misdirected lighting",photopollution|luminous pollution|light clutter|sky pollution|light trespass,Q129676813|Q2920615|Q574376,Q58734|Q138502,Light pollution
Contamina,environmental pollution,Q13065634,10,0,2,contamination of the natural environment with pollutants,pollution|environmental contamination,,Q58734|Q60528603,
Contamina,Contaminación ambiental y repositorios de datos históricos de contaminantes atmosféricos en Perú,Q58752296,10,0,2,scientific article published on 01 September 2017,,Q13442814,,
Contamina,"Contaminación ambiental por material particulado y compuestos orgánicos volátiles en la ciudad de Tandil, provincia de Buenos Aires",Q80713728,10,0,2,doctoral thesis,,Q187685,,
Contamina,Contaminación ambiental: análisis y mitigación/remoción de material particulado (MP) y compuestos orgánicos volátiles (COVs) y semivolátiles (COSVs),Q80713405,10,0,2,doctoral thesis,,Q187685,,
Spanish,Spanish,Q1321,10,1,1,Romance language originating in the Iberian Peninsula,Castilian|Spanish language|Castilian language,Q33742|Q34770|Q1288568|Q20162172,Q71924|Q1377152,Spanish language
Spanish,Spanish Wikipedia,Q8449,10,1,1,Spanish-language edition of Wikipedia,ESWIKI|Spanish language Wikipedia|esWP|es.wikipedia|Spanish-language Wikipedia,Q10876391|Q123407493,,Spanish Wikipedia
Spanish,Spanish,Q7573131,10,1,1,song by Craig David,Spanish (song),Q134556,,Spanish (song)
Spanish,Spaniards,Q160894,10,1,1,people native to any part of Spain or that hold Spanish citizenship,Spanish people|Spain residents|Spain citizens|the Spanish|Spanish|Spaniard|People from Spain|People of Spain,Q33829|Q6266|Q2472587|Q16334295,Q394067|Q22947|Q101094841,Spaniards
Spanish,Spanish River,Q478249,10,1,1,"river in Ontario, Canada",,Q4022,,Spanish River (Ontario)
Spanish,Spanish Civil War,Q10859,10,1,1,war between the Republicans and the Nationalists in Spain from 1936 to 1939,Spanish War|The Spanish Civil War,Q8465,,Spanish Civil War
Spanish,municipality of Spain,Q2074737,10,1,1,administrative territorial entity of Spain,municipio de España|Spanish municipality|Municipality of Spain,Q126192154,Q3183364|Q15284|Q1763214|Q11618417|Q48909258,Municipalities of Spain
Spanish,Spanish Biographical Dictionary,Q41705771,10,1,1,biographical dictionary,,Q47461344|Q7094076|Q1172284,,Diccionario biográfico español
Spanish,Univision,Q731824,10,1,1,American Spanish-language free-to-air television network,Univisión|Spanish International Network|SIN,Q1254874,,Univision
Spanish,Western Sahara,Q6250,10,1,1,territory in North and West Africa,West Sahara|Spanish Sahara|Southern Provinces,Q15239622|Q900119|Q2577883,,Western Sahara
Spanish,Spain,Q29,10,1,2,country in southwestern Europe with territories in Africa,Kingdom of Spain,Q3624078|Q1250464|Q6256|Q51576574|Q179671,,Spain
Spanish,Spain,Q16932431,10,1,2,family name,,Q101352,,Spain (surname)
Spanish,Spain men's national football team,Q42267,10,1,2,men's national association football team representing Spain,The Red Fury|The Fury|The Red One|The Spanish Fury|La Furia Roja|La Furia|La Roja|La Furia Española|Spain|Spanish national team|Spain futbol team|Spain national football team|Spanish national association football team|Spain men's national association football team,Q135408445,Q1194951,Spain national football team
Spanish,Second Spanish Republic,Q178038,10,1,2,"political regime established in Spain between April 14, 1931 and April 1, 1939",Spain,Q11514315|Q7270|Q3024240|Q859563,,Second Spanish Republic
Spanish,New Spain,Q170603,10,1,2,viceroyalty of the Spanish Empire (1535-1821),Viceroyalty of New Spain|Nueva España|Nueva Espana|Spanish Mexico|Spanish Central America|Spanish America|Colonial Mexico|Colonial Central America|Mexico under Spain|Central America under Spain|Spain|Kingdom of Mexico,Q20203507,,New Spain
Spanish,Spain under the Restoration,Q1044536,10,1,2,"name given to a period between 1874 (end of First Spanish Republic) and 1931 (start of the Second Spanish Republic), and the state of Spain during that time",Restoration|Bourbon Restoration|Second Bourbon Restoration|Kingdom of Spain|Spain|Restoration (Spain),Q3624078|Q3024240|Q11514315,,Restoration (Spain)
Spanish,Spain,Q16254367,10,1,2,constituency of the European Parliament,,Q2631496,,Spain (European Parliament constituency)
Spanish,Kingdom of Spain,Q3399982,10,1,2,1700–1873 historical period in Spain,Spain|Bourbon Spain,Q11514315|Q3024240,,
Spanish,Hispanic Monarchy,Q766543,10,1,2,"(1479-1716) set of territories distributed throughout the world, which were governed equally by the Spanish monarch and corresponding to the period of the House of Habsburg",Kingdom of the Spains|Spain|Crown of Spain|Hispanic Crown|Spains|Kingdom of Spains,Q3024240|Q59104206|Q4835091,,Hispanic Monarchy (political entity)
Spanish,Spain Rodriguez,Q621791,10,1,2,American comix artist (1940–2012),Manuel Rodriguez,Q5,,Spain Rodriguez
Spanish,Hispania,Q1654573,10,1,2,Colombian municipality of the department of Antioquia,,Q2555896,,"Hispania, Antioquia"
Spanish,Hispania,Q15759880,10,1,2,academic journal,Hispania. Revista Española de Historia|Hisp. (Madr.),Q5633421|Q627517|Q737498|Q773668,,Hispania. Revista Española de Historia
Spanish,Hispania,Q186513,10,1,2,Roman province (218 BC - 472 AD),,Q1620908|Q2221906|Q24457356|Q11514315|Q182547,,Hispania
Spanish,Hispania,Q5898711,10,1,2,journal of the American Association of Teachers of Spanish and Portuguese,,Q5633421,,Hispania (journal)
Spanish,Hispania,Q135022287,10,1,2,"2025 video game developed by Avalon Digital, Headquarter and Pixel Ratio",,Q7889,,
Spanish,Hispania Baetica,Q219415,10,1,2,Roman province,,Q182547,,Hispania Baetica
Spanish,Hispania Tarraconensis,Q216791,10,1,2,Roman province on the Iberian Peninsula (27 BC-460 AD),Hispania Citerior Tarraconensis,Q182547,,Hispania Tarraconensis
Spanish,804 Hispania,Q157192,10,1,2,main-belt asteroid,(804) Hispania|Hispania,Q3863,,804 Hispania
Spanish,Hispania Ulterior,Q747040,10,1,2,Roman province,,Q182547,,Hispania Ulterior
Tarczynska,Tarczynska,Q121598961,11,0,1,family name,Tarczyńska,Q101352|Q18972207|Q17143070,,
Tarczynska,Tarczyńska,Q112590779,11,0,1,family name,,Q101352|Q18972207|Q17143070,,
Tarczynska,Tarczyńska Street,Q60615198,11,0,1,"street in Ochota, Warsaw, Poland",,Q79007,,
Tarczynska,Tarczyńska 11 in Warsaw,Q104183743,11,0,1,,,Q1723032,,
Tarczynska,8 Tarczyńska Street in Warsaw,Q33528829,11,0,1,,,Q1723032,,
Tarczynska,Jolanta Kozak,Q11728075,11,0,2,,,Q5,,
Polish,Polish,Q809,11,1,1,West Slavic language,Polish language,Q33742|Q1288568,Q742782,Polish language
Polish,Polish Wikipedia,Q1551807,11,1,1,Polish-language edition of Wikipedia,,Q10876391,,Polish Wikipedia
Polish,Polish,Q36982750,11,1,1,family name,,Q101352,,
Polish,Polish–Lithuanian Commonwealth,Q172107,11,1,1,historical multinational monarchist state in Eastern Europe (Crown of the Kingdom of Poland and the Grand Duchy of Lithuania),Republic of Both Nations|Commonwealth of Poland|First Republic of Poland|Poland|Poland–Lithuania|Polish-Lithuanian Commonwealth|Poland-Lithuania,Q3624078|Q3024240|Q1088391,,Polish–Lithuanian Commonwealth
Polish,Polish census of 2021,Q110427963,11,1,1,,2021 Polish census,Q5058977,,2021 Polish census
Polish,Polish People's Republic,Q211274,11,1,1,country of the Warsaw Pact and Eastern Bloc from 1947 to 1989,Communist Poland|People's Republic of Poland|PRL,Q3024240|Q465613|Q109614735,,Polish People's Republic
Polish,Polish Biographical Dictionary,Q1485141,11,1,1,biographical dictionary,,Q1787111,,Polish Biographical Dictionary
Polish,Polish Wikisource,Q15298974,11,1,1,Polish version of Wikisource,plwikisource|pl.wikisource.org|s:pl,Q15156455,,
Polish,Polish Science,Q97032597,11,1,1,online database of science in Poland,Nauka Polska|Ludzie nauki,Q1789476|Q7094076,,
Polish,Polish Wikinews,Q21281278,11,1,1,Polish language edition of Wikinews,plwikinews|pl.wikinews.org,Q20671729,,
Turczynska,Turczynska,Q121437340,12,0,1,family name,Turczyńska,Q101352|Q18972207|Q17143070,,
Turczynska,Turczyńska,Q118055064,12,0,1,family name,,Q101352|Q18972207|Q17143070,,
Turczynska,Anna Turczynska,Q23772302,12,0,2,,,Q5,,
Polish,Polish,Q809,12,1,1,West Slavic language,Polish language,Q33742|Q1288568,Q742782,Polish language
Polish,Polish Wikipedia,Q1551807,12,1,1,Polish-language edition of Wikipedia,,Q10876391,,Polish Wikipedia
Polish,Polish,Q36982750,12,1,1,family name,,Q101352,,
Polish,Polish–Lithuanian Commonwealth,Q172107,12,1,1,historical multinational monarchist state in Eastern Europe (Crown of the Kingdom of Poland and the Grand Duchy of Lithuania),Republic of Both Nations|Commonwealth of Poland|First Republic of Poland|Poland|Poland–Lithuania|Polish-Lithuanian Commonwealth|Poland-Lithuania,Q3624078|Q3024240|Q1088391,,Polish–Lithuanian Commonwealth
Polish,Polish census of 2021,Q110427963,12,1,1,,2021 Polish census,Q5058977,,2021 Polish census
Polish,Polish People's Republic,Q211274,12,1,1,country of the Warsaw Pact and Eastern Bloc from 1947 to 1989,Communist Poland|People's Republic of Poland|PRL,Q3024240|Q465613|Q109614735,,Polish People's Republic
Polish,Polish Biographical Dictionary,Q1485141,12,1,1,biographical dictionary,,Q1787111,,Polish Biographical Dictionary
Polish,Polish Wikisource,Q15298974,12,1,1,Polish version of Wikisource,plwikisource|pl.wikisource.org|s:pl,Q15156455,,
Polish,Polish Science,Q97032597,12,1,1,online database of science in Poland,Nauka Polska|Ludzie nauki,Q1789476|Q7094076,,
Polish,Polish Wikinews,Q21281278,12,1,1,Polish language edition of Wikinews,plwikinews|pl.wikinews.org,Q20671729,,
Polish,Polish language corpus,Q55408922,12,1,2,thematically and genre-balanced Polish language corpus with over 70 million words,,Q461183|Q55387247,,
Polish,Council for the Polish Language,Q2102593,12,1,2,official language regulating organ of the Polish language,Rada Języka Polskiego|Polish Language Council,Q2093358,,Polish Language Council
Polish,Polish language guidance bureau,Q55400395,12,1,2,"institution specialized in providing advice in the field of linguistics, usage, etymology, etc. with respect to the Polish language",Polish language counselling service,,Q55376418,
Polish,Polish teacher,Q101539434,12,1,2,person who teaches the Polish language,Polish professor|Polish instructor|Polish tutor|Polish language teacher|Polish language professor|Polish language instructor|Polish language tutor,Q28640|Q12737077,Q30002353,
Polish,history of Polish language,Q5866013,12,1,2,hIstory of the Polish language,Polish language history|History of the Polish language,Q139800429,,History of the Polish language
Polish,Polish language in Ukraine,Q12141987,12,1,2,,,Q131615651,Q809|Q2477544,
Polish,Polish language in Lithuania,Q131616773,12,1,2,,,Q131615651,Q809|Q4536491,
Polish,Category:Polish-language books about literature,Q111473715,12,1,2,Wikimedia category,Polish-language books about literature|Polish books,Q30432511,,
Polish,Polish-language sign,Q110050442,12,1,2,sign written in the Polish language,sign in Polish,,Q3695082,
Polish,Polish nationality law,Q1781230,12,1,2,law in Poland,,Q3176665,,Polish nationality law
Turczyńska,Turczyńska,Q118055064,13,0,1,family name,,Q101352|Q18972207|Q17143070,,
Turczyńska,Turczynska,Q121437340,13,0,1,family name,Turczyńska,Q101352|Q18972207|Q17143070,,
Turczyńska,Anna Turczynska,Q23772302,13,0,2,,,Q5,,
Polish,Polish,Q809,13,1,1,West Slavic language,Polish language,Q33742|Q1288568,Q742782,Polish language
Polish,Polish Wikipedia,Q1551807,13,1,1,Polish-language edition of Wikipedia,,Q10876391,,Polish Wikipedia
Polish,Polish,Q36982750,13,1,1,family name,,Q101352,,
Polish,Polish–Lithuanian Commonwealth,Q172107,13,1,1,historical multinational monarchist state in Eastern Europe (Crown of the Kingdom of Poland and the Grand Duchy of Lithuania),Republic of Both Nations|Commonwealth of Poland|First Republic of Poland|Poland|Poland–Lithuania|Polish-Lithuanian Commonwealth|Poland-Lithuania,Q3624078|Q3024240|Q1088391,,Polish–Lithuanian Commonwealth
Polish,Polish census of 2021,Q110427963,13,1,1,,2021 Polish census,Q5058977,,2021 Polish census
Polish,Polish People's Republic,Q211274,13,1,1,country of the Warsaw Pact and Eastern Bloc from 1947 to 1989,Communist Poland|People's Republic of Poland|PRL,Q3024240|Q465613|Q109614735,,Polish People's Republic
Polish,Polish Biographical Dictionary,Q1485141,13,1,1,biographical dictionary,,Q1787111,,Polish Biographical Dictionary
Polish,Polish Wikisource,Q15298974,13,1,1,Polish version of Wikisource,plwikisource|pl.wikisource.org|s:pl,Q15156455,,
Polish,Polish Science,Q97032597,13,1,1,online database of science in Poland,Nauka Polska|Ludzie nauki,Q1789476|Q7094076,,
Polish,Polish Wikinews,Q21281278,13,1,1,Polish language edition of Wikinews,plwikinews|pl.wikinews.org,Q20671729,,
Polish,Polish language corpus,Q55408922,13,1,2,thematically and genre-balanced Polish language corpus with over 70 million words,,Q461183|Q55387247,,
Polish,Council for the Polish Language,Q2102593,13,1,2,official language regulating organ of the Polish language,Rada Języka Polskiego|Polish Language Council,Q2093358,,Polish Language Council
Polish,Polish language guidance bureau,Q55400395,13,1,2,"institution specialized in providing advice in the field of linguistics, usage, etymology, etc. with respect to the Polish language",Polish language counselling service,,Q55376418,
Polish,Polish teacher,Q101539434,13,1,2,person who teaches the Polish language,Polish professor|Polish instructor|Polish tutor|Polish language teacher|Polish language professor|Polish language instructor|Polish language tutor,Q28640|Q12737077,Q30002353,
Polish,history of Polish language,Q5866013,13,1,2,hIstory of the Polish language,Polish language history|History of the Polish language,Q139800429,,History of the Polish language
Polish,Polish language in Ukraine,Q12141987,13,1,2,,,Q131615651,Q809|Q2477544,
Polish,Polish language in Lithuania,Q131616773,13,1,2,,,Q131615651,Q809|Q4536491,
Polish,Category:Polish-language books about literature,Q111473715,13,1,2,Wikimedia category,Polish-language books about literature|Polish books,Q30432511,,
Polish,Polish-language sign,Q110050442,13,1,2,sign written in the Polish language,sign in Polish,,Q3695082,
Polish,Polish nationality law,Q1781230,13,1,2,law in Poland,,Q3176665,,Polish nationality law
Ranera,Ranera,Q54860470,14,0,1,"human settlement in Burgos Province, Castile and León, Spain",,Q3055118,,
Ranera,Ranera,Q18489744,14,0,1,human settlement in Italy,,Q1134686,,
Ranera,Ranera,Q115508706,14,0,1,"triangulation station in Talayuelas, Spain",,Q131862,,
Ranera,Ranera,Q117050022,14,0,1,,,Q101352|Q17143070,,
Ranera,stertorous,Q2560633,14,0,1,medical condition,noisy breathing|rattle,Q779038|Q112965645,,Stertor
Ranera,Raneralmhütte,Q127787263,14,0,1,,,Q134515612,,
Ranera,Italian Village,Q65944357,14,0,2,painting by Carl Rotteken,,Q3305213,,
Ranera,Italian village,Q20441435,14,0,2,painting by Maurice de Vlaminck,,Q3305213,,
Ranera,Italian Village,Q6093010,14,0,2,"human settlement in Columbus, Ohio, United States of America",,Q123705|Q748198,,Italian Village
Ranera,Italian Village,Q77849992,14,0,2,painting by Paul Horiuchi,,Q3305213,,
Ranera,Italian Village,Q119950761,14,0,2,"painting by James Holland (1799–1870), Museums Sheffield",,Q3305213,,
Ranera,Italian village scene with women selling their wares,Q17344432,14,0,2,painting by Hendrik Mommers,,Q3305213,,
Ranera,Italian Village Park,Q49505743,14,0,2,"park in Franklin County, Ohio, United States of America",,Q22698,,
Ranera,Italian village street,Q115926587,14,0,2,painting by Franz Leo Ruben,,Q3305213,,
Ranera,Italian village with a belltower against the summer sky.,Q134621572,14,0,2,painting by Niels Bredal,,Q3305213,,
Ranera,Italian Village Forge,Q137145259,14,0,2,"painting by Heinrich Bürkel, Hamburger Kunsthalle",,Q3305213,,
Italian,Italian,Q652,14,1,1,Romance language,Italian language|Italiana,Q33742|Q1288568,Q3356483|Q85380120,Italian language
Italian,Italy,Q38,14,1,1,country in southern Europe,Italian Republic|Republic of Italy,Q6256|Q3624078|Q619610|Q179164|Q7270|Q51576574,,Italy
Italian,Italian Wikipedia,Q11920,14,1,1,Italian-language edition of Wikipedia,itWP|Wikipedia in italiano,Q10876391,,Italian Wikipedia
Italian,Italian national heritage,Q26971668,14,1,1,cultural property of Italy,,,Q2065736|Q358,
Italian,Italian School Data Portal,Q52116343,14,1,1,Italian data set based on education,,Q1172284,,
Italian,Italian Studies,Q15764180,14,1,1,academic journal,,Q5633421,,
Italian,Italians,Q50001,14,1,1,ethnic group native to Italy,Italian people,Q33829|Q2472587|Q41710,Q3157225|Q101094841|Q22947,Italians
Italian,comune of Italy,Q747074,14,1,1,municipal divisions of Italy,Gemeinde (South Tirol)|Italian municipality|Italian comune,,Q12357920|Q2824645|Q15284,Comune
Italian,Italian National Institute of Statistics,Q214195,14,1,1,Italy's principal government institution in charge of statistics and census data,Istituto Nazionale di Statistica|ISTAT,Q480242|Q130367871,,Italian National Institute of Statistics
Italian,The Italianist,Q15762166,14,1,1,academic journal,Italianist,Q5633421,,
Italian,Italian Language,Q110262577,14,1,2,"Stack Exchange site for students, teachers, and linguists wanting to discuss the finer points of the Italian language",,Q110256698,,
Italian,Italian poetry,Q6093382,14,1,2,poetry in Italian,Italian-language poetry,Q109587099,Q482|Q74217,Italian poetry
Italian,Italian family name,Q22992257,14,1,2,family name originating from Italy or Italian language,Italian surname|Italian-language surname|Italian-language family name,,Q33283501,
Italian,dictionary of the Italian language,Q3712211,14,1,2,language version of dictionary,Italian dictionary|Italian language dictionary|dictionary of Italian,,Q55594385,
Italian,Italian teacher,Q101444561,14,1,2,person who teaches the Italian language,Italian professor|Italian instructor|Italian tutor|Italian language teacher|Italian language professor|Italian language instructor|Italian language tutor,Q28640|Q12737077,Q30002353,
Italian,Italian language in the United States,Q6093340,14,1,2,overview about the Italian language in the United States,,Q25662882,Q652|Q1058256,Italian language in the United States
Italian,Italian language in Slovenia,Q6093327,14,1,2,,,Q25662882,Q652|Q1066739,Italian language in Slovenia
Italian,Italian language in Venezuela,Q6093332,14,1,2,,,Q25662882,Q652|Q3351529,Italian language in Venezuela
Italian,Italian language in Croatia,Q12858603,14,1,2,,,Q25662882,Q652|Q4536501,Italian language in Croatia
Italian,Italian cuisine,Q192786,14,1,2,culinary traditions of Italy,Italian cooking|Italian food|cuisine of Italy,Q1968435,Q579316|Q934309,Italian cuisine
Italian,History of Italian cuisine,Q139816080,14,1,2,aspect of history referring to the development of Italian cuisine,Italian cuisine history,Q17524420,,History of Italian cuisine
Italian,Italian Cuisine: A Cultural History,Q136283886,14,1,2,book 2003,,Q3331189,,
Bruchhagen,Bruchhagen,Q123240976,15,0,1,family name,,Q101352|Q17143070,,
Bruchhagen,Bruchhagen,Q64996015,15,0,1,"village in Brandenburg state, Germany",,Q253019|Q532,,
Bruchhagen,"Bruchhagen, Steyerberg",Q991965,15,0,1,human settlement,,Q253019,,
Bruchhagen,Bruchhagen railway halt,Q132561360,15,0,1,railway halt in Germany,,Q55678,,
Bruchhagen,Bruchhagener Weg,Q101563915,15,0,1,"street in Angermünde, Brandenburg, Germany",,Q79007,,
Bruchhagen,Bruchhagen,Q991959,15,0,1,Wikimedia disambiguation page,,Q4167410,,
Bruchhagen,German Footballer of the Year,Q311830,15,0,2,award of a German organization of sports journalists,Deutschlands Fußballer des Jahres|Fußballer des Jahres,Q5257307|Q15229207,Q15229207,Footballer of the Year (Germany)
Bruchhagen,German footballer Mesut Özil announces retirement from international football over 'racism',Q97303077,15,0,2,Wikinews article,,Q17633526,,
Bruchhagen,German Politicians,Q119148688,15,0,2,"painting by S. Young, St Albans Museums",,Q3305213,,
Bruchhagen,German politician and psychiatrist face manslaughter charges for their role in assisted suicide deaths,Q48292667,15,0,2,"scientific article published on May 16, 2014",,Q13442814,,
German,German,Q188,15,1,1,West Germanic language,German language,Q1288568,Q106937689|Q26721|Q52040,German language
German,German,Q2699418,15,1,1,male given name,German (given name)|German (first name),Q12308941,,German (given name)
German,German,Q24088311,15,1,1,family name,,Q101352,,German (surname)
German,Germany,Q183,15,1,1,country in Central Europe,Federal Republic of Germany|DE|DEU|FRG|BRD,Q3624078|Q619610|Q4209223|Q63791824|Q6256,,Germany
German,Germán,Q19688438,15,1,1,male given name,,Q12308941,,Germán
German,German Wikipedia,Q48183,15,1,1,German-language edition of Wikipedia,Dewiki|de.wikipedia|Wikipedia (de)|deWP|German-language Wikipedia|wikipedia.de|German language Wikipedia|de wiki,Q10876391,,German Wikipedia
German,germanium,Q867,15,1,1,chemical element with symbol Ge and atomic number 32,Ge|element 32|32Ge,Q11344|Q1929547,Q19596|Q632350,Germanium
German,German Democratic Republic,Q16957,15,1,1,"1949–1990 country in central Europe, unified into modern Germany",GDR|DDR|Deutsche Demokratische Republik|Communist Germany|East Germany,Q3024240|Q325261|Q7275|Q17007978,,East Germany
German,German Wikisource,Q15522295,15,1,1,edition of the free library,dewikisource|de.wikisource.org,Q15156455|Q2668072|Q17489659,,
German,Eastern Front,Q189266,15,1,1,1941–1945 World War II theater,Great Patriotic War|Eastern Campaign|Russian Campaign|German-Soviet War|Soviet-German War|Eastern Front of World War II,Q842332|Q198,,Eastern Front (World War II)
German,German Shepherd,Q38280,15,1,2,German breed of dog,Alsatian|GSD|Alsatian dog|Alsatian wolf dog|German Shepherd Dog|Berger Allemand|Deutscher Schäferhund|Schäferhund,Q39367,Q144,German Shepherd
German,German Shepherd,Q64786766,15,1,2,painting by Otto Dix in the Städel Museum,,Q3305213,,
German,"German Shepherds Needed for Sentry Dog Duty, Lackland Air Force Base, Texas (NAID 102044789)",Q67459916,15,1,2,item in the National Archives and Records Administration's holdings,,Q18593264,,
German,German Shepherd Dog Myelopathy—A Morphologic and Morphometric Study,Q67388007,15,1,2,scientific article published on 01 August 1978,,Q13442814,,
German,German shepherd dog is suspected of sexually abusing a child,Q30321191,15,1,2,scientific article published on 01 January 1999,,Q13442814,,
German,German shepherd dog pyoderma: a prospective study of 12 dogs,Q52553434,15,1,2,scientific article published in July 1997,,Q13442814,,
German,German shepherds and splenic tumors,Q44196012,15,1,2,"scientific article published on May 20, 1978",,Q13442814,,
German,German Shepherd Dog pyoderma,Q36346911,15,1,2,scientific article,,Q13442814,,
German,German shepherd dog his survey,Q71494734,15,1,2,scientific article published on 01 December 1980,,Q13442814,,
German,German shepherd dog pyoderma: a genetic disorder,Q69732378,15,1,2,scientific article published on 01 July 1989,,Q13442814,,
German,German Shorthaired Pointer,Q38084,15,1,2,Dog breed,German Shorthair Pointer,Q39367,,German Shorthaired Pointer
German,German Longhaired Pointer,Q37834,15,1,2,dog breed,,Q39367,,German Longhaired Pointer
Preetz,Preetz,Q500171,16,0,1,"town in the district of Plön, in Schleswig-Holstein, Northern Germany",,Q42744322,,Preetz
Preetz,Preetz station,Q109376039,16,0,1,"railway station in Preetz, Germany",,Q55488,,
Preetz,Preetz,Q123017618,16,0,1,family name,,Q101352|Q17143070,,
Preetz,Preetz,Q688727,16,0,1,"municipality in Landkreis Vorpommern-Rügen, Germany",,Q116457956,,"Preetz, Mecklenburg-Vorpommern"
Preetz,Preetzmann,Q46995321,16,0,1,family name,,Q101352,,
Preetz,Preetz,Q15125447,16,0,1,"town in Plön district in Schleswig-Holstein, Germany",,Q253019,,
Preetz,Preetz,Q32235553,16,0,1,,,Q486972|Q253019,,
Preetz,Preetz,Q32235559,16,0,1,human settlement in Germany,,Q486972,,
Preetz,Preetz-Land,Q479816,16,0,1,"place in Schleswig-Holstein, Germany",,Q478847,,Preetz-Land
Preetz,Preetz Priory,Q1775818,16,0,1,"former nunnery in Schleswig-Holstein, Germany",,Q44613,,Preetz Priory
Preetz,GERMAN TOWN,Q123661859,16,0,2,"weather station in Tasmania, Australia from 1929",092014,Q190107,,
Preetz,German Town Regional Reserve,Q139745911,16,0,2,"regional reserve in Tasmania, Australia",German Town,Q62059246,,
Preetz,German Township,Q5551268,16,0,2,"township in Fayette County, Pennsylvania",,Q9035798,,"German Township, Fayette County, Pennsylvania"
Preetz,German Township,Q5551265,16,0,2,"township in Bartholomew County, Indiana",,Q17201685,,"German Township, Bartholomew County, Indiana"
Preetz,German town at a river,Q112215655,16,0,2,painting by Hermann Gradl (1883 - 1964),,Q3305213,,
Preetz,German Township,Q5551269,16,0,2,"township in Harrison County, Ohio","German Township,Harrison County, Ohio",Q17198620,,"German Township, Harrison County, Ohio"
Preetz,German Township,Q9039403,16,0,2,"township in Kossuth County, Iowa","German Township, Kossuth County, Iowa",Q17205621,,"German Township, Kossuth County, Iowa"
Preetz,German Township,Q2887782,16,0,2,"township in Vanderburgh County, Indiana",,Q17201685,,"German Township, Vanderburgh County, Indiana"
Preetz,German Township,Q5551278,16,0,2,"township in Marshall County, Indiana",,Q17201685,,"German Township, Marshall County, Indiana"
Preetz,German Township,Q5551282,16,0,2,"township in St. Joseph County, Indiana",,Q17201685,,"German Township, St. Joseph County, Indiana"
German,German,Q188,16,1,1,West Germanic language,German language,Q1288568,Q106937689|Q26721|Q52040,German language
German,German,Q2699418,16,1,1,male given name,German (given name)|German (first name),Q12308941,,German (given name)
German,German,Q24088311,16,1,1,family name,,Q101352,,German (surname)
German,Germany,Q183,16,1,1,country in Central Europe,Federal Republic of Germany|DE|DEU|FRG|BRD,Q3624078|Q619610|Q4209223|Q63791824|Q6256,,Germany
German,Germán,Q19688438,16,1,1,male given name,,Q12308941,,Germán
German,German Wikipedia,Q48183,16,1,1,German-language edition of Wikipedia,Dewiki|de.wikipedia|Wikipedia (de)|deWP|German-language Wikipedia|wikipedia.de|German language Wikipedia|de wiki,Q10876391,,German Wikipedia
German,germanium,Q867,16,1,1,chemical element with symbol Ge and atomic number 32,Ge|element 32|32Ge,Q11344|Q1929547,Q19596|Q632350,Germanium
German,German Democratic Republic,Q16957,16,1,1,"1949–1990 country in central Europe, unified into modern Germany",GDR|DDR|Deutsche Demokratische Republik|Communist Germany|East Germany,Q3024240|Q325261|Q7275|Q17007978,,East Germany
German,German Wikisource,Q15522295,16,1,1,edition of the free library,dewikisource|de.wikisource.org,Q15156455|Q2668072|Q17489659,,
German,Eastern Front,Q189266,16,1,1,1941–1945 World War II theater,Great Patriotic War|Eastern Campaign|Russian Campaign|German-Soviet War|Soviet-German War|Eastern Front of World War II,Q842332|Q198,,Eastern Front (World War II)
German,German-language literature,Q181287,16,1,2,overview of German-language literature,German language literature|German literature|literature written in the German language,Q109551565,Q8242,German literature
German,Germanic languages,Q21200,16,1,2,branch of the Indo-European language family,Germanic family|Teutonic languages|Teutonic language|Germanic language|Germanic language group|German languages|Germanic language family|northern European languages,Q25295,Q19860,Germanic languages
German,German language society (17th and 18th century),Q145050,16,1,2,"society founded in Germany in the 17th and 18th centuries dedicated to the ""purification"" and cultivation of language",language society in Germany (17th and 18th century),Q17197366,Q955824|Q2093358,
German,German-language studies,Q109647876,16,1,2,discipline that studies German language and literature,German-language study|German-language literature,Q109551317|Q4671286,,
German,German-Language Motion Picture Films (NAID 100363),Q63915793,16,1,2,series in the National Archives and Records Administration's holdings,,Q2668072,,
German,WikiCon,Q15231127,16,1,2,Annual meeting of the German language Wikimedia community,German language WikiCon,Q15900616,Q625994,
German,German teacher,Q101444594,16,1,2,person who teaches the German language,German professor|German instructor|German tutor|German language teacher|German language professor|German language instructor|German language tutor,Q28640,Q30002353|Q37226,
German,German Language,Q110262520,16,1,2,Stack Exchange site for speakers of German wanting to discuss the finer points of the language and translation,,Q110256698,,
German,Germanic languages Swadesh list,Q13210376,16,1,2,Wikimedia list article,Germanic Swadesh lists,Q152392,,
German,Germanic Languages,Q55899405,16,1,2,2006scholarly article,,Q13442814,,
Mühlenberg,Muhlenberg College,Q1951942,17,0,1,"private liberal arts college in Allentown, Pennsylvania, USA",'Berg,Q1377182|Q23002054,,Muhlenberg College
Mühlenberg,Muhlenberg,Q90395077,17,0,1,family name,,Q101352,,Muhlenberg (surname)
Mühlenberg,Muhlenbergia,Q2111903,17,0,1,genus of plants,,Q16521,,Muhlenbergia
Mühlenberg,Mühlenberg Colliery,Q2603236,17,0,1,mine in Germany,,Q820477,,
Mühlenberg,Mühlenberg,Q108600277,17,0,1,mountain,,Q8502,,
Mühlenberg,Mühlenberg,Q100897366,17,0,1,"street in Wuppertal, North Rhine-Westphalia, Germany",,Q79007,,
Mühlenberg,Mühlenberg,Q138690742,17,0,1,"hill in the municipality of Kressbronn am Bodensee, Baden-Württemberg, Germany",,Q54050,,
Mühlenberg,Mühlenberg,Q75135712,17,0,1,"district of Hannover, Germany",,Q97312698,,
Mühlenberg,Mühlenberg,Q17325382,17,0,1,"nature reserve in Brilon, North Rhine-Westphalia, Germany",,Q759421,,
Mühlenberg,Muhlenbergia repens,Q15516778,17,0,1,species of plant,,Q16521,,
Mühlenberg,German Hill,Q22637603,17,0,2,"hill in Manitoba, Canada",,Q54050,,
Mühlenberg,German Hill,Q22637614,17,0,2,"hill in Saskatchewan, Canada",,Q54050,,
Mühlenberg,German Hill,Q31697207,17,0,2,"hill in Taranaki, New Zealand",,Q8502|Q54050,,
Mühlenberg,German Hill,Q49031320,17,0,2,"mountain in Pennsylvania, United States of America",,Q8502,,
Mühlenberg,German Hill,Q49031318,17,0,2,,,Q207326,,
Mühlenberg,German Hill,Q31659682,17,0,2,hill in New Zealand,,Q54050,,
Mühlenberg,German Hill,Q21963997,17,0,2,mountain in Australia,,Q8502,,
Mühlenberg,German Hill,Q56280400,17,0,2,,,Q8502,,
Mühlenberg,German Hill Road Jewish Cemetery,Q117560477,17,0,2,"cemetery in Baltimore County, Maryland, United States",,Q39614,,
Mühlenberg,German Hill Cemetery,Q117688206,17,0,2,"cemetery in Clackamas County, Oregon, United States",Scheel Family Cemetery,Q39614,,
Mühlenberg,German Village,Q1420834,17,0,2,"historic district in Columbus, Ohio, USA",,Q123705|Q15243209|Q748198,,German Village
Mühlenberg,German Village,Q103841124,17,0,2,painting by Leonard Saurfelt,,Q3305213,,
Mühlenberg,German village,Q20433615,17,0,2,painting by Martin Bloch,,Q3305213,,
Mühlenberg,German Village,Q13635101,17,0,2,"section of Dugway Proving Ground in Tooele County, Utah, United States",,Q811979,,German Village (Dugway Proving Ground)
Mühlenberg,German Village,Q126082591,17,0,2,,,Q604435,,
Mühlenberg,German Village Historic District,Q5551304,17,0,2,"historic district in Ohio, United States",,Q15243209,,German Village Historic District
Mühlenberg,Namhae German Village,Q1234724,17,0,2,Ethnic enclave in South Korea,"German Village, South Korea|Dogil Maeul|German Village, Namhae|Dogilmaeul",,,Namhae German Village
Mühlenberg,German Village Park,Q65240999,17,0,2,"park in Ōasa-chō Hinoki, Japan",,Q22698,,
Mühlenberg,German Village Commission,Q16994054,17,0,2,organization,,Q43229,,German Village Commission
German,German,Q188,17,1,1,West Germanic language,German language,Q1288568,Q106937689|Q26721|Q52040,German language
German,German,Q2699418,17,1,1,male given name,German (given name)|German (first name),Q12308941,,German (given name)
German,German,Q24088311,17,1,1,family name,,Q101352,,German (surname)
German,Germany,Q183,17,1,1,country in Central Europe,Federal Republic of Germany|DE|DEU|FRG|BRD,Q3624078|Q619610|Q4209223|Q63791824|Q6256,,Germany
German,Germán,Q19688438,17,1,1,male given name,,Q12308941,,Germán
German,German Wikipedia,Q48183,17,1,1,German-language edition of Wikipedia,Dewiki|de.wikipedia|Wikipedia (de)|deWP|German-language Wikipedia|wikipedia.de|German language Wikipedia|de wiki,Q10876391,,German Wikipedia
German,germanium,Q867,17,1,1,chemical element with symbol Ge and atomic number 32,Ge|element 32|32Ge,Q11344|Q1929547,Q19596|Q632350,Germanium
German,German Democratic Republic,Q16957,17,1,1,"1949–1990 country in central Europe, unified into modern Germany",GDR|DDR|Deutsche Demokratische Republik|Communist Germany|East Germany,Q3024240|Q325261|Q7275|Q17007978,,East Germany
German,German Wikisource,Q15522295,17,1,1,edition of the free library,dewikisource|de.wikisource.org,Q15156455|Q2668072|Q17489659,,
German,Eastern Front,Q189266,17,1,1,1941–1945 World War II theater,Great Patriotic War|Eastern Campaign|Russian Campaign|German-Soviet War|Soviet-German War|Eastern Front of World War II,Q842332|Q198,,Eastern Front (World War II)
German,German-language literature,Q181287,17,1,2,overview of German-language literature,German language literature|German literature|literature written in the German language,Q109551565,Q8242,German literature
German,Germanic languages,Q21200,17,1,2,branch of the Indo-European language family,Germanic family|Teutonic languages|Teutonic language|Germanic language|Germanic language group|German languages|Germanic language family|northern European languages,Q25295,Q19860,Germanic languages
German,German language society (17th and 18th century),Q145050,17,1,2,"society founded in Germany in the 17th and 18th centuries dedicated to the ""purification"" and cultivation of language",language society in Germany (17th and 18th century),Q17197366,Q955824|Q2093358,
German,German-language studies,Q109647876,17,1,2,discipline that studies German language and literature,German-language study|German-language literature,Q109551317|Q4671286,,
German,German-Language Motion Picture Films (NAID 100363),Q63915793,17,1,2,series in the National Archives and Records Administration's holdings,,Q2668072,,
German,WikiCon,Q15231127,17,1,2,Annual meeting of the German language Wikimedia community,German language WikiCon,Q15900616,Q625994,
German,German teacher,Q101444594,17,1,2,person who teaches the German language,German professor|German instructor|German tutor|German language teacher|German language professor|German language instructor|German language tutor,Q28640,Q30002353|Q37226,
German,German Language,Q110262520,17,1,2,Stack Exchange site for speakers of German wanting to discuss the finer points of the language and translation,,Q110256698,,
German,Germanic languages Swadesh list,Q13210376,17,1,2,Wikimedia list article,Germanic Swadesh lists,Q152392,,
German,Germanic Languages,Q55899405,17,1,2,2006scholarly article,,Q13442814,,
Teßendorf,Teßendorf,Q118152142,18,0,1,family name,,Q101352|Q17143070,,
Teßendorf,Tessendorf,Q37070148,18,0,1,family name,,Q101352|Q17143070,,
Teßendorf,Tessendorff,Q118151810,18,0,1,family name,,Q101352|Q17143070,,
Teßendorf,Hermann Tessendorf,Q1612880,18,0,1,,,Q5,,
Teßendorf,GERMAN TOWN,Q123661859,18,0,2,"weather station in Tasmania, Australia from 1929",092014,Q190107,,
Teßendorf,German Town Regional Reserve,Q139745911,18,0,2,"regional reserve in Tasmania, Australia",German Town,Q62059246,,
Teßendorf,German Township,Q5551268,18,0,2,"township in Fayette County, Pennsylvania",,Q9035798,,"German Township, Fayette County, Pennsylvania"
Teßendorf,German Township,Q5551265,18,0,2,"township in Bartholomew County, Indiana",,Q17201685,,"German Township, Bartholomew County, Indiana"
Teßendorf,German town at a river,Q112215655,18,0,2,painting by Hermann Gradl (1883 - 1964),,Q3305213,,
Teßendorf,German Township,Q5551269,18,0,2,"township in Harrison County, Ohio","German Township,Harrison County, Ohio",Q17198620,,"German Township, Harrison County, Ohio"
Teßendorf,German Township,Q9039403,18,0,2,"township in Kossuth County, Iowa","German Township, Kossuth County, Iowa",Q17205621,,"German Township, Kossuth County, Iowa"
Teßendorf,German Township,Q2887782,18,0,2,"township in Vanderburgh County, Indiana",,Q17201685,,"German Township, Vanderburgh County, Indiana"
Teßendorf,German Township,Q5551278,18,0,2,"township in Marshall County, Indiana",,Q17201685,,"German Township, Marshall County, Indiana"
Teßendorf,German Township,Q5551282,18,0,2,"township in St. Joseph County, Indiana",,Q17201685,,"German Township, St. Joseph County, Indiana"
German,German,Q188,18,1,1,West Germanic language,German language,Q1288568,Q106937689|Q26721|Q52040,German language
German,German,Q2699418,18,1,1,male given name,German (given name)|German (first name),Q12308941,,German (given name)
German,German,Q24088311,18,1,1,family name,,Q101352,,German (surname)
German,Germany,Q183,18,1,1,country in Central Europe,Federal Republic of Germany|DE|DEU|FRG|BRD,Q3624078|Q619610|Q4209223|Q63791824|Q6256,,Germany
German,Germán,Q19688438,18,1,1,male given name,,Q12308941,,Germán
German,German Wikipedia,Q48183,18,1,1,German-language edition of Wikipedia,Dewiki|de.wikipedia|Wikipedia (de)|deWP|German-language Wikipedia|wikipedia.de|German language Wikipedia|de wiki,Q10876391,,German Wikipedia
German,germanium,Q867,18,1,1,chemical element with symbol Ge and atomic number 32,Ge|element 32|32Ge,Q11344|Q1929547,Q19596|Q632350,Germanium
German,German Democratic Republic,Q16957,18,1,1,"1949–1990 country in central Europe, unified into modern Germany",GDR|DDR|Deutsche Demokratische Republik|Communist Germany|East Germany,Q3024240|Q325261|Q7275|Q17007978,,East Germany
German,German Wikisource,Q15522295,18,1,1,edition of the free library,dewikisource|de.wikisource.org,Q15156455|Q2668072|Q17489659,,
German,Eastern Front,Q189266,18,1,1,1941–1945 World War II theater,Great Patriotic War|Eastern Campaign|Russian Campaign|German-Soviet War|Soviet-German War|Eastern Front of World War II,Q842332|Q198,,Eastern Front (World War II)
German,German-language literature,Q181287,18,1,2,overview of German-language literature,German language literature|German literature|literature written in the German language,Q109551565,Q8242,German literature
German,Germanic languages,Q21200,18,1,2,branch of the Indo-European language family,Germanic family|Teutonic languages|Teutonic language|Germanic language|Germanic language group|German languages|Germanic language family|northern European languages,Q25295,Q19860,Germanic languages
German,German language society (17th and 18th century),Q145050,18,1,2,"society founded in Germany in the 17th and 18th centuries dedicated to the ""purification"" and cultivation of language",language society in Germany (17th and 18th century),Q17197366,Q955824|Q2093358,
German,German-language studies,Q109647876,18,1,2,discipline that studies German language and literature,German-language study|German-language literature,Q109551317|Q4671286,,
German,German-Language Motion Picture Films (NAID 100363),Q63915793,18,1,2,series in the National Archives and Records Administration's holdings,,Q2668072,,
German,WikiCon,Q15231127,18,1,2,Annual meeting of the German language Wikimedia community,German language WikiCon,Q15900616,Q625994,
German,German teacher,Q101444594,18,1,2,person who teaches the German language,German professor|German instructor|German tutor|German language teacher|German language professor|German language instructor|German language tutor,Q28640,Q30002353|Q37226,
German,German Language,Q110262520,18,1,2,Stack Exchange site for speakers of German wanting to discuss the finer points of the language and translation,,Q110256698,,
German,Germanic languages Swadesh list,Q13210376,18,1,2,Wikimedia list article,Germanic Swadesh lists,Q152392,,
German,Germanic Languages,Q55899405,18,1,2,2006scholarly article,,Q13442814,,
Tessendorff,Tessendorff,Q118151810,19,0,1,family name,,Q101352|Q17143070,,
German,German,Q188,19,1,1,West Germanic language,German language,Q1288568,Q106937689|Q26721|Q52040,German language
German,German,Q2699418,19,1,1,male given name,German (given name)|German (first name),Q12308941,,German (given name)
German,German,Q24088311,19,1,1,family name,,Q101352,,German (surname)
German,Germany,Q183,19,1,1,country in Central Europe,Federal Republic of Germany|DE|DEU|FRG|BRD,Q3624078|Q619610|Q4209223|Q63791824|Q6256,,Germany
German,Germán,Q19688438,19,1,1,male given name,,Q12308941,,Germán
German,German Wikipedia,Q48183,19,1,1,German-language edition of Wikipedia,Dewiki|de.wikipedia|Wikipedia (de)|deWP|German-language Wikipedia|wikipedia.de|German language Wikipedia|de wiki,Q10876391,,German Wikipedia
German,germanium,Q867,19,1,1,chemical element with symbol Ge and atomic number 32,Ge|element 32|32Ge,Q11344|Q1929547,Q19596|Q632350,Germanium
German,German Democratic Republic,Q16957,19,1,1,"1949–1990 country in central Europe, unified into modern Germany",GDR|DDR|Deutsche Demokratische Republik|Communist Germany|East Germany,Q3024240|Q325261|Q7275|Q17007978,,East Germany
German,German Wikisource,Q15522295,19,1,1,edition of the free library,dewikisource|de.wikisource.org,Q15156455|Q2668072|Q17489659,,
German,Eastern Front,Q189266,19,1,1,1941–1945 World War II theater,Great Patriotic War|Eastern Campaign|Russian Campaign|German-Soviet War|Soviet-German War|Eastern Front of World War II,Q842332|Q198,,Eastern Front (World War II)
German,German-language literature,Q181287,19,1,2,overview of German-language literature,German language literature|German literature|literature written in the German language,Q109551565,Q8242,German literature
German,Germanic languages,Q21200,19,1,2,branch of the Indo-European language family,Germanic family|Teutonic languages|Teutonic language|Germanic language|Germanic language group|German languages|Germanic language family|northern European languages,Q25295,Q19860,Germanic languages
German,German language society (17th and 18th century),Q145050,19,1,2,"society founded in Germany in the 17th and 18th centuries dedicated to the ""purification"" and cultivation of language",language society in Germany (17th and 18th century),Q17197366,Q955824|Q2093358,
German,German-language studies,Q109647876,19,1,2,discipline that studies German language and literature,German-language study|German-language literature,Q109551317|Q4671286,,
German,German-Language Motion Picture Films (NAID 100363),Q63915793,19,1,2,series in the National Archives and Records Administration's holdings,,Q2668072,,
German,WikiCon,Q15231127,19,1,2,Annual meeting of the German language Wikimedia community,German language WikiCon,Q15900616,Q625994,
German,German teacher,Q101444594,19,1,2,person who teaches the German language,German professor|German instructor|German tutor|German language teacher|German language professor|German language instructor|German language tutor,Q28640,Q30002353|Q37226,
German,German Language,Q110262520,19,1,2,Stack Exchange site for speakers of German wanting to discuss the finer points of the language and translation,,Q110256698,,
German,Germanic languages Swadesh list,Q13210376,19,1,2,Wikimedia list article,Germanic Swadesh lists,Q152392,,
German,Germanic Languages,Q55899405,19,1,2,2006scholarly article,,Q13442814,,
Middendorff,Middendorffinaia,Q21369159,20,0,1,genus of molluscs,,Q16521,,
Middendorff,Middendorff,Q19910806,20,0,1,family,,Q13417114,,
Middendorff,Middendorff,Q118143552,20,0,1,family name,,Q101352|Q1714800|Q17143070,,
Middendorff,Middendorffinaia mongolica,Q106030955,20,0,1,species of mollusc,,Q16521,,Middendorffinaia mongolica
Middendorff,Middendorffiana dulkeitiana,Q4292808,20,0,1,species of mollusc,,Q16521,,
Middendorff,Middendorffinaia shadini,Q20720277,20,0,1,species of mollusc,,Q16521,,
Middendorff,Middendorff Bay,Q2990544,20,0,1,bay in the shores of the Taymyr Peninsula,,Q39594|Q1322134,,Middendorff Bay
Middendorff,Locustella ochotensis,Q1585356,20,0,1,species of bird,Middendorff’s Grasshopper Warbler,Q16521,,
Middendorff,"Middendorff, Alexander Theodor von",Q27605870,20,0,1,entry in the Allgemeine Deutsche Biographie,"Middendorff, Alexander Theodor von (ADB)",Q19389637,,
Middendorff,Helopsaltes ochotensis,Q62168792,20,0,1,species of bird,Middendorff's Grasshopper Warbler,Q16521,,Middendorff's grasshopper warbler
German,German,Q188,20,1,1,West Germanic language,German language,Q1288568,Q106937689|Q26721|Q52040,German language
German,German,Q2699418,20,1,1,male given name,German (given name)|German (first name),Q12308941,,German (given name)
German,German,Q24088311,20,1,1,family name,,Q101352,,German (surname)
German,Germany,Q183,20,1,1,country in Central Europe,Federal Republic of Germany|DE|DEU|FRG|BRD,Q3624078|Q619610|Q4209223|Q63791824|Q6256,,Germany
German,Germán,Q19688438,20,1,1,male given name,,Q12308941,,Germán
German,German Wikipedia,Q48183,20,1,1,German-language edition of Wikipedia,Dewiki|de.wikipedia|Wikipedia (de)|deWP|German-language Wikipedia|wikipedia.de|German language Wikipedia|de wiki,Q10876391,,German Wikipedia
German,germanium,Q867,20,1,1,chemical element with symbol Ge and atomic number 32,Ge|element 32|32Ge,Q11344|Q1929547,Q19596|Q632350,Germanium
German,German Democratic Republic,Q16957,20,1,1,"1949–1990 country in central Europe, unified into modern Germany",GDR|DDR|Deutsche Demokratische Republik|Communist Germany|East Germany,Q3024240|Q325261|Q7275|Q17007978,,East Germany
German,German Wikisource,Q15522295,20,1,1,edition of the free library,dewikisource|de.wikisource.org,Q15156455|Q2668072|Q17489659,,
German,Eastern Front,Q189266,20,1,1,1941–1945 World War II theater,Great Patriotic War|Eastern Campaign|Russian Campaign|German-Soviet War|Soviet-German War|Eastern Front of World War II,Q842332|Q198,,Eastern Front (World War II)
German,Middendorffinaia,Q21369159,20,1,2,genus of molluscs,,Q16521,,
German,Middendorff,Q19910806,20,1,2,family,,Q13417114,,
German,Middendorff,Q118143552,20,1,2,family name,,Q101352|Q1714800|Q17143070,,
German,Middendorffinaia mongolica,Q106030955,20,1,2,species of mollusc,,Q16521,,Middendorffinaia mongolica
German,Middendorffiana dulkeitiana,Q4292808,20,1,2,species of mollusc,,Q16521,,
German,Middendorffinaia shadini,Q20720277,20,1,2,species of mollusc,,Q16521,,
German,Middendorff Bay,Q2990544,20,1,2,bay in the shores of the Taymyr Peninsula,,Q39594|Q1322134,,Middendorff Bay
German,Locustella ochotensis,Q1585356,20,1,2,species of bird,Middendorff’s Grasshopper Warbler,Q16521,,
German,"Middendorff, Alexander Theodor von",Q27605870,20,1,2,entry in the Allgemeine Deutsche Biographie,"Middendorff, Alexander Theodor von (ADB)",Q19389637,,
German,Helopsaltes ochotensis,Q62168792,20,1,2,species of bird,Middendorff's Grasshopper Warbler,Q16521,,Middendorff's grasshopper warbler
German,German naturalist G. Fischer von Waldheim in Russia: To the 250th anniversary of his birthday,Q122268968,20,1,2,scientific article published in 2021,,Q13442814,,
German,German scientists in the Indian forest service: A German contribution to the Raj?,Q58515657,20,1,2,article,,Q13442814,,
German,German scientists demand a ban on tobacco additives,Q43002340,20,1,2,scientific article published in March 2005,,Q13442814,,
German,German scientists may escape fraud trial,Q50267316,20,1,2,scientific article published in October 1998,,Q13442814,,
German,German Scientists and Atom Bomb,Q80876541,20,1,2,scientific article published on 01 April 1959,,Q13442814,,
German,German scientists pledge to fight growing xenophobia,Q74191868,20,1,2,scientific article published on 01 August 2000,,Q13442814,,
German,German scientists must repay fees,Q58998429,20,1,2,scientific article published in Nature,,Q13442814,,
German,German scientists withdraw research paper on cancer vaccine,Q49500217,20,1,2,scientific article published in September 2003,,Q13442814,,
German,German scientists want dialogue with the public,Q46775637,20,1,2,scientific article published on 01 July 1999,,Q13442814,,
German,German scientists in the Soviet atomic project,Q56068123,20,1,2,article,,Q13442814,,
German,German scientists rail at animal welfare law,Q74793411,20,1,2,scientific article published on 01 May 1986,,Q13442814,,
Grundschöttel,Grundschöttel,Q118141503,21,0,1,family name,,Q101352|Q17143070,,
Grundschöttel,Grundschöttel,Q65515969,21,0,1,,,Q253019,,
Grundschöttel,Grundschöttel,Q1550695,21,0,1,Wikimedia disambiguation page,,Q4167410,,
German,German,Q188,21,1,1,West Germanic language,German language,Q1288568,Q106937689|Q26721|Q52040,German language
German,German,Q2699418,21,1,1,male given name,German (given name)|German (first name),Q12308941,,German (given name)
German,German,Q24088311,21,1,1,family name,,Q101352,,German (surname)
German,Germany,Q183,21,1,1,country in Central Europe,Federal Republic of Germany|DE|DEU|FRG|BRD,Q3624078|Q619610|Q4209223|Q63791824|Q6256,,Germany
German,Germán,Q19688438,21,1,1,male given name,,Q12308941,,Germán
German,German Wikipedia,Q48183,21,1,1,German-language edition of Wikipedia,Dewiki|de.wikipedia|Wikipedia (de)|deWP|German-language Wikipedia|wikipedia.de|German language Wikipedia|de wiki,Q10876391,,German Wikipedia
German,germanium,Q867,21,1,1,chemical element with symbol Ge and atomic number 32,Ge|element 32|32Ge,Q11344|Q1929547,Q19596|Q632350,Germanium
German,German Democratic Republic,Q16957,21,1,1,"1949–1990 country in central Europe, unified into modern Germany",GDR|DDR|Deutsche Demokratische Republik|Communist Germany|East Germany,Q3024240|Q325261|Q7275|Q17007978,,East Germany
German,German Wikisource,Q15522295,21,1,1,edition of the free library,dewikisource|de.wikisource.org,Q15156455|Q2668072|Q17489659,,
German,Eastern Front,Q189266,21,1,1,1941–1945 World War II theater,Great Patriotic War|Eastern Campaign|Russian Campaign|German-Soviet War|Soviet-German War|Eastern Front of World War II,Q842332|Q198,,Eastern Front (World War II)
German,German-language literature,Q181287,21,1,2,overview of German-language literature,German language literature|German literature|literature written in the German language,Q109551565,Q8242,German literature
German,Germanic languages,Q21200,21,1,2,branch of the Indo-European language family,Germanic family|Teutonic languages|Teutonic language|Germanic language|Germanic language group|German languages|Germanic language family|northern European languages,Q25295,Q19860,Germanic languages
German,German language society (17th and 18th century),Q145050,21,1,2,"society founded in Germany in the 17th and 18th centuries dedicated to the ""purification"" and cultivation of language",language society in Germany (17th and 18th century),Q17197366,Q955824|Q2093358,
German,German-language studies,Q109647876,21,1,2,discipline that studies German language and literature,German-language study|German-language literature,Q109551317|Q4671286,,
German,German-Language Motion Picture Films (NAID 100363),Q63915793,21,1,2,series in the National Archives and Records Administration's holdings,,Q2668072,,
German,WikiCon,Q15231127,21,1,2,Annual meeting of the German language Wikimedia community,German language WikiCon,Q15900616,Q625994,
German,German teacher,Q101444594,21,1,2,person who teaches the German language,German professor|German instructor|German tutor|German language teacher|German language professor|German language instructor|German language tutor,Q28640,Q30002353|Q37226,
German,German Language,Q110262520,21,1,2,Stack Exchange site for speakers of German wanting to discuss the finer points of the language and translation,,Q110256698,,
German,Germanic languages Swadesh list,Q13210376,21,1,2,Wikimedia list article,Germanic Swadesh lists,Q152392,,
German,Germanic Languages,Q55899405,21,1,2,2006scholarly article,,Q13442814,,
von Bayern,von Bayern,Q115819240,22,0,1,German toponymic surname,of Bavaria,Q17143070|Q66480858,,
von Bayern,Sophie of Bavaria,Q75290523,22,0,1,(13th century),von Bayern Sophie,Q5,,
von Bayern,Susanne Herzogin von Bayern,Q76033888,22,0,1,(1499-1500),von Bayern Susanne|Susanne von Bayern,Q5,,
von Bayern,Agnes of Bavaria,Q75290515,22,0,1,(1254-1313),"von Bayern, Agnes|von Bayern Agnes|of Bavaria Agnes|of Bavaria, Agnes|Agnes Bavariae",Q5,,
von Bayern,Agnes of Bavaria,Q75290518,22,0,1,(1255-1260),Agnes von Bayern|von Bayern Agnes,Q5,,
von Bayern,Anna of Bavaria,Q75268455,22,0,1,daughter of Louis II. of Upper Bavaria (13th century),"of Bavaria, Anna|of Bavaria Anna|Anna von Bayern|von Bayern, Anna|von Bayern Anna",Q5,,
von Bayern,Elisabeth of Bavaria,Q94772080,22,0,1,(1420-1478),"von Bayern Elisabeth|of Bavaria Elisabeth|of Bavaria, Elisabeth",Q5,,
von Bayern,Maria Anna of Bavaria,Q57995,22,0,1,Austrian archduchess (*1551-1608),"Maria Anna von Bayern|of Bavaria Maria Anna|of Bavaria, Maria Anna",Q5,,Maria Anna of Bavaria (born 1551)
von Bayern,Prince Arnulf of Bavaria,Q64956,22,0,1,Bavarian prince (1852-1907),Arnulf Prinz von Bayern|Arnulf Prince of Bavaria|Arnulf of Bavaria|of Bavaria Arnulf,Q5,,Prince Arnulf of Bavaria
von Bayern,"Margaret of Bavaria, Marchioness of Mantua",Q70789,22,0,1,Marchioness consort of Mantua (1442-1479),Margarete von Bayern|Margaret of Bavaria,Q5,,"Margaret of Bavaria, Marquise of Mantua"
von Bayern,Kingdom of Bavaria,Q154195,22,0,2,"kingdom in Central Europe between 1806 and 1918, from January 1871 part of the German Empire",Bavaria|Königreich Baiern|Kinereich Baiern|Königreich Bayern|Kinereich Bayern,Q3024240|Q26879769|Q1250464|Q113136497,,Kingdom of Bavaria
von Bayern,Königreich Bayern,Q132472619,22,0,2,,,Q1311092,,
von Bayern,Duchy of Bavaria,Q47261,22,0,2,Duchy of the Holy Roman Empire (907–1805),Bayern,Q617347|Q26830017|Q3024240,,Duchy of Bavaria
von Bayern,Duchy Bavaria,Q13725428,22,0,2,,,Q154547,,
von Bayern,Duchy of Bavaria (1340–1349),Q14631237,22,0,2,,,Q154547,,
von Bayern,Bavaria-Munich,Q552033,22,0,2,duchy part of the Holy Roman Empire,,Q154547|Q3024240,,Bavaria-Munich
von Bayern,Herzogtum Bayern,Q89190183,22,0,2,Wikimedia disambiguation page,,Q4167410,,
von Bayern,Bavaria,Q980,22,0,2,federated state in the south of Germany,Free State of Bavaria|Bayern|Freistaat Bayern|Freistoot Bayern|State of Bavaria,Q1221156|Q107390|Q836915|Q596321,,Bavaria
von Bayern,Bayern,Q255654,22,0,2,Wikimedia disambiguation page,,Q4167410,,Bayern (disambiguation)
von Bayern,state election in Bavaria,Q1845840,22,0,2,type of elections in Germany,Bavarian state election|Bavaria state election|state elections in Bavaria,Q107359024,Q26772977|Q126123626,
von Bayern,2013 Bavarian state election,Q1250713,22,0,2,"state election in Bavaria, Germany",2013 Bavaria state election,Q1845840,,2013 Bavarian state election
German,German,Q188,22,1,1,West Germanic language,German language,Q1288568,Q106937689|Q26721|Q52040,German language
German,German,Q2699418,22,1,1,male given name,German (given name)|German (first name),Q12308941,,German (given name)
German,German,Q24088311,22,1,1,family name,,Q101352,,German (surname)
German,Germany,Q183,22,1,1,country in Central Europe,Federal Republic of Germany|DE|DEU|FRG|BRD,Q3624078|Q619610|Q4209223|Q63791824|Q6256,,Germany
German,Germán,Q19688438,22,1,1,male given name,,Q12308941,,Germán
German,German Wikipedia,Q48183,22,1,1,German-language edition of Wikipedia,Dewiki|de.wikipedia|Wikipedia (de)|deWP|German-language Wikipedia|wikipedia.de|German language Wikipedia|de wiki,Q10876391,,German Wikipedia
German,germanium,Q867,22,1,1,chemical element with symbol Ge and atomic number 32,Ge|element 32|32Ge,Q11344|Q1929547,Q19596|Q632350,Germanium
German,German Democratic Republic,Q16957,22,1,1,"1949–1990 country in central Europe, unified into modern Germany",GDR|DDR|Deutsche Demokratische Republik|Communist Germany|East Germany,Q3024240|Q325261|Q7275|Q17007978,,East Germany
German,German Wikisource,Q15522295,22,1,1,edition of the free library,dewikisource|de.wikisource.org,Q15156455|Q2668072|Q17489659,,
German,Eastern Front,Q189266,22,1,1,1941–1945 World War II theater,Great Patriotic War|Eastern Campaign|Russian Campaign|German-Soviet War|Soviet-German War|Eastern Front of World War II,Q842332|Q198,,Eastern Front (World War II)
German,Bavaria,Q980,22,1,2,federated state in the south of Germany,Free State of Bavaria|Bayern|Freistaat Bayern|Freistoot Bayern|State of Bavaria,Q1221156|Q107390|Q836915|Q596321,,Bavaria
German,FC Bayern Munich,Q15789,22,1,2,"association football club in Munich, Germany",Bayern Munich|Bayern Muenchen|Bayern Munchen|FC Bayern Muenchen|FC Bayern Munchen|Bayern|Bayern München|FC Bayern München|FCBM|Munich|FCBM 1900|FCB Munich|Bayern of Munich|F.C. Bayern Munich|Die Bayernf|FC Hollywood|FC Bavaria Munich|Bavaria Munich,Q847017|Q476028,,FC Bayern Munich
German,German frigate Bayern,Q812478,22,1,2,1994 Brandenburg-class frigate,Bayern,Q161705,,German frigate Bayern
German,Bayern,Q812477,22,1,2,1962 Hamburg-class destroyer,,Q174736,,German destroyer Bayern
German,Duchy of Bavaria,Q47261,22,1,2,Duchy of the Holy Roman Empire (907–1805),Bayern,Q617347|Q26830017|Q3024240,,Duchy of Bavaria
German,Bayern,Q136357426,22,1,2,,Bayern (II)|Sontay,Q11446,,
German,BayernAtlas,Q812473,22,1,2,digital atlas of Bavaria with multiple map services,,Q1503337|Q122261772,,
German,Bayernwerk,Q1273383,22,1,2,regional distribution system operator in Germany,E.ON Bayern AG|Bayernwerk AG,Q658255|Q4830453|Q6881511,,
German,Bayern,Q91013589,22,1,2,family name,,Q17143070,,
German,Bayernhymne,Q256615,22,1,2,official anthem of the Free State of Bavaria,Hymn of Bavaria,Q484692|Q105543609|Q1079693,,Bayernhymne
German,Kingdom of Bavaria,Q154195,22,1,2,"kingdom in Central Europe between 1806 and 1918, from January 1871 part of the German Empire",Bavaria|Königreich Baiern|Kinereich Baiern|Königreich Bayern|Kinereich Bayern,Q3024240|Q26879769|Q1250464|Q113136497,,Kingdom of Bavaria
German,Bavaria,Q64913456,22,1,2,family name,,Q101352,,
German,Bavaria,Q55334469,22,1,2,beer brand,,Q15075508,,
German,Bavaria,Q106318202,22,1,2,cargo ship built in 1966,IMO 6609690,Q1752434,,
German,Bavarian State Painting Collections,Q812285,22,1,2,"artworks held by the Free State of Bavaria for Alte Pinakothek, Aschaffenburg, Bamberg, Bayreuth, Schleissheim and others",BStGS|Bayerische Staatsgemäldesammlungen|Centralgemäldegaleriedirektion,Q7328910|Q207694,,Bavarian State Painting Collections
German,Electorate of Bavaria,Q256961,22,1,2,state in the Holy Roman Empire,Bavaria,Q26830017|Q3024240,,Electorate of Bavaria
German,Bavarian,Q29540,22,1,2,major group of Upper German varieties spoken in the southeast of the German language area Bavaria,Austro-Bavarian language|Bavarian language|Austro-Bavarian|Boarisch|Boirisch,Q215844|Q34770|Q33384|Q1288568,Q263522,Bavarian language
German,Bavarian Academy of Sciences and Humanities,Q684415,22,1,2,academy of sciences,badw.de,Q414147|Q1320047|Q43229,,Bavarian Academy of Sciences and Humanities
Schweinfurt,Schweinfurt,Q4126,23,0,1,"city in the district of Lower Franconia in Bavaria, Germany",,Q253030|Q42744322|Q85631896|Q134626|Q106517174,,Schweinfurt
Schweinfurt,Schweinfurt,Q115557752,23,0,1,family name,,Q101352,,
Schweinfurt,Schweinfurt District,Q10461,23,0,1,"district of Bavaria, Germany",Schweinfurt (district)|Schweinfurt,Q85482556,,Schweinfurt (district)
Schweinfurt,Schweinfurt,Q1008588,23,0,1,federal electoral district of Germany,constituency for the Bundestag election Schweinfurt,Q11703715,,Schweinfurt (electoral district)
Schweinfurt,Schweinfurthia,Q9075180,23,0,1,genus of plants,,Q16521,,Schweinfurthia (plant)
Schweinfurt,Georg August Schweinfurth,Q63126,23,0,1,German explorer and scientist (1836-1925),George Schweinfurth|George August Schweinfurth|George Augustus Schweinfurth|G. A. Schweinfurth|Schweinfurth|G. Schweinfurth,Q5,,Georg August Schweinfurth
Schweinfurt,Schweinfurth,Q37562134,23,0,1,family name,,Q101352,,
Schweinfurt,Schweinfurthia papilionacea,Q17745814,23,0,1,species of plant,,Q16521,,
Schweinfurt,Schweinfurt Central Station,Q870390,23,0,1,"railway halt in Schweinfurt, Germany",Schweinfurt Hauptbahnhof|Schweinfurt Hbf,Q55488,,Schweinfurt Hauptbahnhof
Schweinfurt,Schweinfurt,Q116760957,23,0,1,"main settlement of Schweinfurt, Lower Franconia, Germany",,Q956214|Q253019,,
Schweinfurt,German City,Q22034072,23,0,2,"human settlement in Iowa, United States of America",,Q22674925,,"German City, Iowa"
Schweinfurt,German City to Return Painting Stolen by Nazis to Owner's Heirs,Q131841546,23,0,2,news article,,Q5707594,,
Schweinfurt,German City Cemetery,Q117564686,23,0,2,"cemetery in Woodbury County, Iowa, United States",Saint Johns Evangelical Church Cemetery,Q39614,,
Schweinfurt,German City Condolence Books (NAID 7861658),Q63910241,23,0,2,series in the National Archives and Records Administration's holdings,,Q2668072,,
Schweinfurt,German city restitutes a Renoir to the heirs of a Jewish banker and buys it back,Q119158196,23,0,2,news article,,Q5707594,,
Schweinfurt,"German City, Jewish Memory: The Story of Worms",Q136127764,23,0,2,2010,,Q3331189,,
Schweinfurt,GERMAN TOWN,Q123661859,23,0,2,"weather station in Tasmania, Australia from 1929",092014,Q190107,,
Schweinfurt,German Town Regional Reserve,Q139745911,23,0,2,"regional reserve in Tasmania, Australia",German Town,Q62059246,,
Schweinfurt,German Township,Q5551268,23,0,2,"township in Fayette County, Pennsylvania",,Q9035798,,"German Township, Fayette County, Pennsylvania"
Schweinfurt,German Township,Q5551265,23,0,2,"township in Bartholomew County, Indiana",,Q17201685,,"German Township, Bartholomew County, Indiana"
Schweinfurt,German town at a river,Q112215655,23,0,2,painting by Hermann Gradl (1883 - 1964),,Q3305213,,
Schweinfurt,German Township,Q5551269,23,0,2,"township in Harrison County, Ohio","German Township,Harrison County, Ohio",Q17198620,,"German Township, Harrison County, Ohio"
Schweinfurt,German Township,Q9039403,23,0,2,"township in Kossuth County, Iowa","German Township, Kossuth County, Iowa",Q17205621,,"German Township, Kossuth County, Iowa"
Schweinfurt,German Township,Q2887782,23,0,2,"township in Vanderburgh County, Indiana",,Q17201685,,"German Township, Vanderburgh County, Indiana"
Schweinfurt,German Township,Q5551278,23,0,2,"township in Marshall County, Indiana",,Q17201685,,"German Township, Marshall County, Indiana"
Schweinfurt,German Township,Q5551282,23,0,2,"township in St. Joseph County, Indiana",,Q17201685,,"German Township, St. Joseph County, Indiana"
German,German,Q188,23,1,1,West Germanic language,German language,Q1288568,Q106937689|Q26721|Q52040,German language
German,German,Q2699418,23,1,1,male given name,German (given name)|German (first name),Q12308941,,German (given name)
German,German,Q24088311,23,1,1,family name,,Q101352,,German (surname)
German,Germany,Q183,23,1,1,country in Central Europe,Federal Republic of Germany|DE|DEU|FRG|BRD,Q3624078|Q619610|Q4209223|Q63791824|Q6256,,Germany
German,Germán,Q19688438,23,1,1,male given name,,Q12308941,,Germán
German,German Wikipedia,Q48183,23,1,1,German-language edition of Wikipedia,Dewiki|de.wikipedia|Wikipedia (de)|deWP|German-language Wikipedia|wikipedia.de|German language Wikipedia|de wiki,Q10876391,,German Wikipedia
German,germanium,Q867,23,1,1,chemical element with symbol Ge and atomic number 32,Ge|element 32|32Ge,Q11344|Q1929547,Q19596|Q632350,Germanium
German,German Democratic Republic,Q16957,23,1,1,"1949–1990 country in central Europe, unified into modern Germany",GDR|DDR|Deutsche Demokratische Republik|Communist Germany|East Germany,Q3024240|Q325261|Q7275|Q17007978,,East Germany
German,German Wikisource,Q15522295,23,1,1,edition of the free library,dewikisource|de.wikisource.org,Q15156455|Q2668072|Q17489659,,
German,Eastern Front,Q189266,23,1,1,1941–1945 World War II theater,Great Patriotic War|Eastern Campaign|Russian Campaign|German-Soviet War|Soviet-German War|Eastern Front of World War II,Q842332|Q198,,Eastern Front (World War II)
German,German-language literature,Q181287,23,1,2,overview of German-language literature,German language literature|German literature|literature written in the German language,Q109551565,Q8242,German literature
German,Germanic languages,Q21200,23,1,2,branch of the Indo-European language family,Germanic family|Teutonic languages|Teutonic language|Germanic language|Germanic language group|German languages|Germanic language family|northern European languages,Q25295,Q19860,Germanic languages
German,German language society (17th and 18th century),Q145050,23,1,2,"society founded in Germany in the 17th and 18th centuries dedicated to the ""purification"" and cultivation of language",language society in Germany (17th and 18th century),Q17197366,Q955824|Q2093358,
German,German-language studies,Q109647876,23,1,2,discipline that studies German language and literature,German-language study|German-language literature,Q109551317|Q4671286,,
German,German-Language Motion Picture Films (NAID 100363),Q63915793,23,1,2,series in the National Archives and Records Administration's holdings,,Q2668072,,
German,WikiCon,Q15231127,23,1,2,Annual meeting of the German language Wikimedia community,German language WikiCon,Q15900616,Q625994,
German,German teacher,Q101444594,23,1,2,person who teaches the German language,German professor|German instructor|German tutor|German language teacher|German language professor|German language instructor|German language tutor,Q28640,Q30002353|Q37226,
German,German Language,Q110262520,23,1,2,Stack Exchange site for speakers of German wanting to discuss the finer points of the language and translation,,Q110256698,,
German,Germanic languages Swadesh list,Q13210376,23,1,2,Wikimedia list article,Germanic Swadesh lists,Q152392,,
German,Germanic Languages,Q55899405,23,1,2,2006scholarly article,,Q13442814,,
