data,candidates,QID,row,columns,quality,description,aliases,P31,P279,sitelink
1990–91 US Quevilly season,1990–91 US Quevilly season,Q109688740,0,0,1,season of football team,,Q26887310,,
1990–91 US Quevilly season,US Quevilly,Q1465560,0,0,2,association football club in France,Union sportive quevillaise|US Quevilly-Rouen|US Quevilly-Rouen Métropole,Q476028,,US Quevilly-Rouen Métropole
1990–91 US Quevilly season,U.S. Quevilly-Rouen Métropole II,Q109503721,0,0,2,,U.S. Quevilly-Rouen Métropole B,Q15944511|Q2412834,,
US Quevilly,US Quevilly,Q1465560,0,1,1,association football club in France,Union sportive quevillaise|US Quevilly-Rouen|US Quevilly-Rouen Métropole,Q476028,,US Quevilly-Rouen Métropole
US Quevilly,U.S. Quevilly-Rouen Métropole II,Q109503721,0,1,1,,U.S. Quevilly-Rouen Métropole B,Q15944511|Q2412834,,
US Quevilly,1990–91 US Quevilly season,Q109688740,0,1,2,season of football team,,Q26887310,,
US Quevilly,men's association football team,Q103229495,0,1,2,men sports team that plays association football,football team|soccer team|association football team|men's football team|men's soccer team,,Q15944511|Q22808963,
men's association football,men's association football,Q31930761,0,2,1,association football when played by men,men's soccer|men's football|men's association football|men's football (soccer)|boys' soccer|boys' football|the men's game,Q10708051,Q2736|Q35555522,
men's association football,men's association football team,Q103229495,0,2,1,men sports team that plays association football,football team|soccer team|association football team|men's football team|men's soccer team,,Q15944511|Q22808963,
men's association football,men's association football club,Q103231176,0,2,1,association football club with men's team,men's soccer club,,Q476028,
men's association football,men's football in Sweden,Q136385609,0,2,1,overview of men's association football in Sweden,men's soccer in Sweden|men's association football in Sweden,Q29791211,Q1318821,
men's association football,men's soccer in the United States,Q136385634,0,2,1,overview of men's association football in the USA,men's association football in the United States|men's football in the United States|men's football in the USA|men's association football in the USA|men's soccer in the USA,Q29791211,Q610674|Q140794164|Q140794248,
men's association football,men's soccer in South Africa,Q136386332,0,2,1,overview of men's association football in South Africa,men's association football in South Africa|men's football in South Africa,Q29791211,Q1478206,
men's association football,men's association football in Europe,Q135490464,0,2,1,overview of men's association football in Europe,men's soccer in Europe|men's football in Europe,Q29791211,Q14215723|Q135647781,
men's association football,men's football in Norway,Q136385614,0,2,1,overview of men's association football in Norway,men's soccer in Norway|men's association football in Norway,Q29791211,Q592271,
men's association football,men's soccer in Australia,Q136346454,0,2,1,overview of men's association football in Australia,men's association football in Australia|men's football in Australia,Q29791211,Q1478113,
men's association football,men's association football in Asia,Q136442402,0,2,1,overview of men's association football in Asia,men's soccer in Asia|men's football in Asia,Q29791211,Q56355039,
men's association football,association football,Q2736,0,2,2,sport that is practiced between two teams of eleven players,football|soccer|footie|footy|futbol|futebol|association soccer|foot ball,Q31629|Q216048|Q212434|Q4356073|Q47728,Q877517,Association football
men's association football,association football player,Q937857,0,2,2,person who plays association football (soccer),football player|association footballer|footballer|soccer player|player|association soccer player,Q28640|Q12737077,Q117321337|Q18536342|Q116763437,
men's association football,goalkeeper,Q201330,0,2,2,position in association football,football goalkeeper|soccer goalkeeper|GK|goalie|goal keeper|keeper|association football goalkeeper,Q4611891,Q172964,Goalkeeper (association football)
men's association football,association football club,Q476028,0,2,2,sports club devoted to association football (soccer),football club|soccer club|association soccer club|FC|F.C.,,Q17270000|Q847017,Football club (association football)
men's association football,association football coach,Q628099,0,2,2,person doing training of association footballers (profession/occupation); for team position (head coach or manager) use Q136659823,soccer manager|football coach|football manager|coach|manager|soccer coach,Q28640,Q41583,Manager (association football)
men's association football,association football referee,Q859528,0,2,2,supervisor of a game of association football,soccer referee|football referee|association soccer referee,Q28640,Q202648|Q38088701|Q116763437,Referee (association football)
men's association football,association football team season,Q26887310,0,2,2,association football team during season,soccer team season|football team season,,Q1539532,
men's association football,association football club match,Q109623729,0,2,2,association football match between club teams,,,Q12166442,
men's association football,association football players who play in this club,Q56465024,0,2,2,Wikidata metaclass,footballers of this club|footballers who play in this club|footballers of this national team,Q19478619,Q937857|Q58840094,
men's association football,captain,Q715772,0,2,2,team captain of an association football team,skipper|association football captain,Q4611891,Q584540|Q937857,Captain (association football)
men's association football,association football federation,Q1478443,0,2,2,governing body of association football (soccer),football association|soccer association|soccer federation|association soccer federation,,Q2485448,Football association
men's association football,Norwegian Football Federation,Q474952,0,2,2,sports governing body organizing association football in Norway,NFF|Norges Fotballforbund|Football Association of Norway,Q1478443|Q130405942,,Norwegian Football Federation
men's association football,Football Association of the Czech Republic,Q337065,0,2,2,governing body of association football in Czechia,Football Association of Czechia|Czechia Football Association|Czechia Football Federation|Czechia FA|Czechia F.A.|Football Federation of Czechia,Q1478443|Q43229|Q2485448,,Football Association of the Czech Republic
men's association football,FA Cup,Q11151,0,2,2,annual knockout football competition,Football Association Challenge Cup,Q8463186,,FA Cup
men's association football,Football Association of Finland,Q474947,0,2,2,sports governing body in Finland,Suomen Palloliitto|Finlands Bollförbund|Suomen Palloliitto ry|Finlands Bollförbund rf,Q1478443,,Football Association of Finland
men's association football,Football Association of Serbia,Q754433,0,2,2,governing body of association football in Serbia,,Q1478443,,Football Association of Serbia
men's association football,Football Association of Iceland,Q478734,0,2,2,association football governing body in Iceland,KSÍ,Q1478443,,Football Association of Iceland
men's association football,Football Association of Ireland,Q497782,0,2,2,Football Association of the Republic of Ireland,FAI|Cumann Peile na h-Éireann,Q1478443,,Football Association of Ireland
men's association football,Albanian Football Federation,Q390598,0,2,2,governing body of association football in Albania,Football Association of Albania,Q1478443,,Albanian Football Federation
1989–90 US Quevilly season,1989–90 US Quevilly season,Q109688739,1,0,1,season of football team,,Q26887310,,
US Quevilly,US Quevilly,Q1465560,1,1,1,association football club in France,Union sportive quevillaise|US Quevilly-Rouen|US Quevilly-Rouen Métropole,Q476028,,US Quevilly-Rouen Métropole
US Quevilly,U.S. Quevilly-Rouen Métropole II,Q109503721,1,1,1,,U.S. Quevilly-Rouen Métropole B,Q15944511|Q2412834,,
US Quevilly,1989–90 US Quevilly season,Q109688739,1,1,2,season of football team,,Q26887310,,
men's association football,men's association football,Q31930761,1,2,1,association football when played by men,men's soccer|men's football|men's association football|men's football (soccer)|boys' soccer|boys' football|the men's game,Q10708051,Q2736|Q35555522,
men's association football,men's association football team,Q103229495,1,2,1,men sports team that plays association football,football team|soccer team|association football team|men's football team|men's soccer team,,Q15944511|Q22808963,
men's association football,men's association football club,Q103231176,1,2,1,association football club with men's team,men's soccer club,,Q476028,
men's association football,men's football in Sweden,Q136385609,1,2,1,overview of men's association football in Sweden,men's soccer in Sweden|men's association football in Sweden,Q29791211,Q1318821,
men's association football,men's soccer in the United States,Q136385634,1,2,1,overview of men's association football in the USA,men's association football in the United States|men's football in the United States|men's football in the USA|men's association football in the USA|men's soccer in the USA,Q29791211,Q610674|Q140794164|Q140794248,
men's association football,men's soccer in South Africa,Q136386332,1,2,1,overview of men's association football in South Africa,men's association football in South Africa|men's football in South Africa,Q29791211,Q1478206,
men's association football,men's association football in Europe,Q135490464,1,2,1,overview of men's association football in Europe,men's soccer in Europe|men's football in Europe,Q29791211,Q14215723|Q135647781,
men's association football,men's football in Norway,Q136385614,1,2,1,overview of men's association football in Norway,men's soccer in Norway|men's association football in Norway,Q29791211,Q592271,
men's association football,men's soccer in Australia,Q136346454,1,2,1,overview of men's association football in Australia,men's association football in Australia|men's football in Australia,Q29791211,Q1478113,
men's association football,men's association football in Asia,Q136442402,1,2,1,overview of men's association football in Asia,men's soccer in Asia|men's football in Asia,Q29791211,Q56355039,
men's association football,association football,Q2736,1,2,2,sport that is practiced between two teams of eleven players,football|soccer|footie|footy|futbol|futebol|association soccer|foot ball,Q31629|Q216048|Q212434|Q4356073|Q47728,Q877517,Association football
men's association football,association football player,Q937857,1,2,2,person who plays association football (soccer),football player|association footballer|footballer|soccer player|player|association soccer player,Q28640|Q12737077,Q117321337|Q18536342|Q116763437,
men's association football,goalkeeper,Q201330,1,2,2,position in association football,football goalkeeper|soccer goalkeeper|GK|goalie|goal keeper|keeper|association football goalkeeper,Q4611891,Q172964,Goalkeeper (association football)
men's association football,association football club,Q476028,1,2,2,sports club devoted to association football (soccer),football club|soccer club|association soccer club|FC|F.C.,,Q17270000|Q847017,Football club (association football)
men's association football,association football coach,Q628099,1,2,2,person doing training of association footballers (profession/occupation); for team position (head coach or manager) use Q136659823,soccer manager|football coach|football manager|coach|manager|soccer coach,Q28640,Q41583,Manager (association football)
men's association football,association football referee,Q859528,1,2,2,supervisor of a game of association football,soccer referee|football referee|association soccer referee,Q28640,Q202648|Q38088701|Q116763437,Referee (association football)
men's association football,association football team season,Q26887310,1,2,2,association football team during season,soccer team season|football team season,,Q1539532,
men's association football,association football club match,Q109623729,1,2,2,association football match between club teams,,,Q12166442,
men's association football,association football players who play in this club,Q56465024,1,2,2,Wikidata metaclass,footballers of this club|footballers who play in this club|footballers of this national team,Q19478619,Q937857|Q58840094,
men's association football,captain,Q715772,1,2,2,team captain of an association football team,skipper|association football captain,Q4611891,Q584540|Q937857,Captain (association football)
men's association football,association football federation,Q1478443,1,2,2,governing body of association football (soccer),football association|soccer association|soccer federation|association soccer federation,,Q2485448,Football association
men's association football,Norwegian Football Federation,Q474952,1,2,2,sports governing body organizing association football in Norway,NFF|Norges Fotballforbund|Football Association of Norway,Q1478443|Q130405942,,Norwegian Football Federation
men's association football,Football Association of the Czech Republic,Q337065,1,2,2,governing body of association football in Czechia,Football Association of Czechia|Czechia Football Association|Czechia Football Federation|Czechia FA|Czechia F.A.|Football Federation of Czechia,Q1478443|Q43229|Q2485448,,Football Association of the Czech Republic
men's association football,FA Cup,Q11151,1,2,2,annual knockout football competition,Football Association Challenge Cup,Q8463186,,FA Cup
men's association football,Football Association of Finland,Q474947,1,2,2,sports governing body in Finland,Suomen Palloliitto|Finlands Bollförbund|Suomen Palloliitto ry|Finlands Bollförbund rf,Q1478443,,Football Association of Finland
men's association football,Football Association of Serbia,Q754433,1,2,2,governing body of association football in Serbia,,Q1478443,,Football Association of Serbia
men's association football,Football Association of Iceland,Q478734,1,2,2,association football governing body in Iceland,KSÍ,Q1478443,,Football Association of Iceland
men's association football,Football Association of Ireland,Q497782,1,2,2,Football Association of the Republic of Ireland,FAI|Cumann Peile na h-Éireann,Q1478443,,Football Association of Ireland
men's association football,Albanian Football Federation,Q390598,1,2,2,governing body of association football in Albania,Football Association of Albania,Q1478443,,Albanian Football Federation
1988–89 US Quevilly season,1988–89 US Quevilly season,Q109688738,2,0,1,season of football team,,Q26887310,,
US Quevilly,US Quevilly,Q1465560,2,1,1,association football club in France,Union sportive quevillaise|US Quevilly-Rouen|US Quevilly-Rouen Métropole,Q476028,,US Quevilly-Rouen Métropole
US Quevilly,U.S. Quevilly-Rouen Métropole II,Q109503721,2,1,1,,U.S. Quevilly-Rouen Métropole B,Q15944511|Q2412834,,
men's association football,men's association football,Q31930761,2,2,1,association football when played by men,men's soccer|men's football|men's association football|men's football (soccer)|boys' soccer|boys' football|the men's game,Q10708051,Q2736|Q35555522,
men's association football,men's association football team,Q103229495,2,2,1,men sports team that plays association football,football team|soccer team|association football team|men's football team|men's soccer team,,Q15944511|Q22808963,
men's association football,men's association football club,Q103231176,2,2,1,association football club with men's team,men's soccer club,,Q476028,
men's association football,men's football in Sweden,Q136385609,2,2,1,overview of men's association football in Sweden,men's soccer in Sweden|men's association football in Sweden,Q29791211,Q1318821,
men's association football,men's soccer in the United States,Q136385634,2,2,1,overview of men's association football in the USA,men's association football in the United States|men's football in the United States|men's football in the USA|men's association football in the USA|men's soccer in the USA,Q29791211,Q610674|Q140794164|Q140794248,
men's association football,men's soccer in South Africa,Q136386332,2,2,1,overview of men's association football in South Africa,men's association football in South Africa|men's football in South Africa,Q29791211,Q1478206,
men's association football,men's association football in Europe,Q135490464,2,2,1,overview of men's association football in Europe,men's soccer in Europe|men's football in Europe,Q29791211,Q14215723|Q135647781,
men's association football,men's football in Norway,Q136385614,2,2,1,overview of men's association football in Norway,men's soccer in Norway|men's association football in Norway,Q29791211,Q592271,
men's association football,men's soccer in Australia,Q136346454,2,2,1,overview of men's association football in Australia,men's association football in Australia|men's football in Australia,Q29791211,Q1478113,
men's association football,men's association football in Asia,Q136442402,2,2,1,overview of men's association football in Asia,men's soccer in Asia|men's football in Asia,Q29791211,Q56355039,
men's association football,association football,Q2736,2,2,2,sport that is practiced between two teams of eleven players,football|soccer|footie|footy|futbol|futebol|association soccer|foot ball,Q31629|Q216048|Q212434|Q4356073|Q47728,Q877517,Association football
men's association football,association football player,Q937857,2,2,2,person who plays association football (soccer),football player|association footballer|footballer|soccer player|player|association soccer player,Q28640|Q12737077,Q117321337|Q18536342|Q116763437,
men's association football,goalkeeper,Q201330,2,2,2,position in association football,football goalkeeper|soccer goalkeeper|GK|goalie|goal keeper|keeper|association football goalkeeper,Q4611891,Q172964,Goalkeeper (association football)
men's association football,association football club,Q476028,2,2,2,sports club devoted to association football (soccer),football club|soccer club|association soccer club|FC|F.C.,,Q17270000|Q847017,Football club (association football)
men's association football,association football coach,Q628099,2,2,2,person doing training of association footballers (profession/occupation); for team position (head coach or manager) use Q136659823,soccer manager|football coach|football manager|coach|manager|soccer coach,Q28640,Q41583,Manager (association football)
men's association football,association football referee,Q859528,2,2,2,supervisor of a game of association football,soccer referee|football referee|association soccer referee,Q28640,Q202648|Q38088701|Q116763437,Referee (association football)
men's association football,association football team season,Q26887310,2,2,2,association football team during season,soccer team season|football team season,,Q1539532,
men's association football,association football club match,Q109623729,2,2,2,association football match between club teams,,,Q12166442,
men's association football,association football players who play in this club,Q56465024,2,2,2,Wikidata metaclass,footballers of this club|footballers who play in this club|footballers of this national team,Q19478619,Q937857|Q58840094,
men's association football,captain,Q715772,2,2,2,team captain of an association football team,skipper|association football captain,Q4611891,Q584540|Q937857,Captain (association football)
men's association football,association football federation,Q1478443,2,2,2,governing body of association football (soccer),football association|soccer association|soccer federation|association soccer federation,,Q2485448,Football association
men's association football,Norwegian Football Federation,Q474952,2,2,2,sports governing body organizing association football in Norway,NFF|Norges Fotballforbund|Football Association of Norway,Q1478443|Q130405942,,Norwegian Football Federation
men's association football,Football Association of the Czech Republic,Q337065,2,2,2,governing body of association football in Czechia,Football Association of Czechia|Czechia Football Association|Czechia Football Federation|Czechia FA|Czechia F.A.|Football Federation of Czechia,Q1478443|Q43229|Q2485448,,Football Association of the Czech Republic
men's association football,FA Cup,Q11151,2,2,2,annual knockout football competition,Football Association Challenge Cup,Q8463186,,FA Cup
men's association football,Football Association of Finland,Q474947,2,2,2,sports governing body in Finland,Suomen Palloliitto|Finlands Bollförbund|Suomen Palloliitto ry|Finlands Bollförbund rf,Q1478443,,Football Association of Finland
men's association football,Football Association of Serbia,Q754433,2,2,2,governing body of association football in Serbia,,Q1478443,,Football Association of Serbia
men's association football,Football Association of Iceland,Q478734,2,2,2,association football governing body in Iceland,KSÍ,Q1478443,,Football Association of Iceland
men's association football,Football Association of Ireland,Q497782,2,2,2,Football Association of the Republic of Ireland,FAI|Cumann Peile na h-Éireann,Q1478443,,Football Association of Ireland
men's association football,Albanian Football Federation,Q390598,2,2,2,governing body of association football in Albania,Football Association of Albania,Q1478443,,Albanian Football Federation
1987–88 US Quevilly season,1987–88 US Quevilly season,Q109688735,3,0,1,season of football team,,Q26887310,,
US Quevilly,US Quevilly,Q1465560,3,1,1,association football club in France,Union sportive quevillaise|US Quevilly-Rouen|US Quevilly-Rouen Métropole,Q476028,,US Quevilly-Rouen Métropole
US Quevilly,U.S. Quevilly-Rouen Métropole II,Q109503721,3,1,1,,U.S. Quevilly-Rouen Métropole B,Q15944511|Q2412834,,
US Quevilly,1987–88 US Quevilly season,Q109688735,3,1,2,season of football team,,Q26887310,,
US Quevilly,men's association football team,Q103229495,3,1,2,men sports team that plays association football,football team|soccer team|association football team|men's football team|men's soccer team,,Q15944511|Q22808963,
men's association football,men's association football,Q31930761,3,2,1,association football when played by men,men's soccer|men's football|men's association football|men's football (soccer)|boys' soccer|boys' football|the men's game,Q10708051,Q2736|Q35555522,
men's association football,men's association football team,Q103229495,3,2,1,men sports team that plays association football,football team|soccer team|association football team|men's football team|men's soccer team,,Q15944511|Q22808963,
men's association football,men's association football club,Q103231176,3,2,1,association football club with men's team,men's soccer club,,Q476028,
men's association football,men's football in Sweden,Q136385609,3,2,1,overview of men's association football in Sweden,men's soccer in Sweden|men's association football in Sweden,Q29791211,Q1318821,
men's association football,men's soccer in the United States,Q136385634,3,2,1,overview of men's association football in the USA,men's association football in the United States|men's football in the United States|men's football in the USA|men's association football in the USA|men's soccer in the USA,Q29791211,Q610674|Q140794164|Q140794248,
men's association football,men's soccer in South Africa,Q136386332,3,2,1,overview of men's association football in South Africa,men's association football in South Africa|men's football in South Africa,Q29791211,Q1478206,
men's association football,men's association football in Europe,Q135490464,3,2,1,overview of men's association football in Europe,men's soccer in Europe|men's football in Europe,Q29791211,Q14215723|Q135647781,
men's association football,men's football in Norway,Q136385614,3,2,1,overview of men's association football in Norway,men's soccer in Norway|men's association football in Norway,Q29791211,Q592271,
men's association football,men's soccer in Australia,Q136346454,3,2,1,overview of men's association football in Australia,men's association football in Australia|men's football in Australia,Q29791211,Q1478113,
men's association football,men's association football in Asia,Q136442402,3,2,1,overview of men's association football in Asia,men's soccer in Asia|men's football in Asia,Q29791211,Q56355039,
men's association football,association football,Q2736,3,2,2,sport that is practiced between two teams of eleven players,football|soccer|footie|footy|futbol|futebol|association soccer|foot ball,Q31629|Q216048|Q212434|Q4356073|Q47728,Q877517,Association football
men's association football,association football player,Q937857,3,2,2,person who plays association football (soccer),football player|association footballer|footballer|soccer player|player|association soccer player,Q28640|Q12737077,Q117321337|Q18536342|Q116763437,
men's association football,goalkeeper,Q201330,3,2,2,position in association football,football goalkeeper|soccer goalkeeper|GK|goalie|goal keeper|keeper|association football goalkeeper,Q4611891,Q172964,Goalkeeper (association football)
men's association football,association football club,Q476028,3,2,2,sports club devoted to association football (soccer),football club|soccer club|association soccer club|FC|F.C.,,Q17270000|Q847017,Football club (association football)
men's association football,association football coach,Q628099,3,2,2,person doing training of association footballers (profession/occupation); for team position (head coach or manager) use Q136659823,soccer manager|football coach|football manager|coach|manager|soccer coach,Q28640,Q41583,Manager (association football)
men's association football,association football referee,Q859528,3,2,2,supervisor of a game of association football,soccer referee|football referee|association soccer referee,Q28640,Q202648|Q38088701|Q116763437,Referee (association football)
men's association football,association football team season,Q26887310,3,2,2,association football team during season,soccer team season|football team season,,Q1539532,
men's association football,association football club match,Q109623729,3,2,2,association football match between club teams,,,Q12166442,
men's association football,association football players who play in this club,Q56465024,3,2,2,Wikidata metaclass,footballers of this club|footballers who play in this club|footballers of this national team,Q19478619,Q937857|Q58840094,
men's association football,captain,Q715772,3,2,2,team captain of an association football team,skipper|association football captain,Q4611891,Q584540|Q937857,Captain (association football)
men's association football,association football federation,Q1478443,3,2,2,governing body of association football (soccer),football association|soccer association|soccer federation|association soccer federation,,Q2485448,Football association
men's association football,Norwegian Football Federation,Q474952,3,2,2,sports governing body organizing association football in Norway,NFF|Norges Fotballforbund|Football Association of Norway,Q1478443|Q130405942,,Norwegian Football Federation
men's association football,Football Association of the Czech Republic,Q337065,3,2,2,governing body of association football in Czechia,Football Association of Czechia|Czechia Football Association|Czechia Football Federation|Czechia FA|Czechia F.A.|Football Federation of Czechia,Q1478443|Q43229|Q2485448,,Football Association of the Czech Republic
men's association football,FA Cup,Q11151,3,2,2,annual knockout football competition,Football Association Challenge Cup,Q8463186,,FA Cup
men's association football,Football Association of Finland,Q474947,3,2,2,sports governing body in Finland,Suomen Palloliitto|Finlands Bollförbund|Suomen Palloliitto ry|Finlands Bollförbund rf,Q1478443,,Football Association of Finland
men's association football,Football Association of Serbia,Q754433,3,2,2,governing body of association football in Serbia,,Q1478443,,Football Association of Serbia
men's association football,Football Association of Iceland,Q478734,3,2,2,association football governing body in Iceland,KSÍ,Q1478443,,Football Association of Iceland
men's association football,Football Association of Ireland,Q497782,3,2,2,Football Association of the Republic of Ireland,FAI|Cumann Peile na h-Éireann,Q1478443,,Football Association of Ireland
men's association football,Albanian Football Federation,Q390598,3,2,2,governing body of association football in Albania,Football Association of Albania,Q1478443,,Albanian Football Federation
1986–87 US Quevilly season,1986–87 US Quevilly season,Q109688733,4,0,1,season of football team,,Q26887310,,
US Quevilly,US Quevilly,Q1465560,4,1,1,association football club in France,Union sportive quevillaise|US Quevilly-Rouen|US Quevilly-Rouen Métropole,Q476028,,US Quevilly-Rouen Métropole
US Quevilly,U.S. Quevilly-Rouen Métropole II,Q109503721,4,1,1,,U.S. Quevilly-Rouen Métropole B,Q15944511|Q2412834,,
US Quevilly,1986–87 US Quevilly season,Q109688733,4,1,2,season of football team,,Q26887310,,
US Quevilly,men's association football team,Q103229495,4,1,2,men sports team that plays association football,football team|soccer team|association football team|men's football team|men's soccer team,,Q15944511|Q22808963,
men's association football,men's association football,Q31930761,4,2,1,association football when played by men,men's soccer|men's football|men's association football|men's football (soccer)|boys' soccer|boys' football|the men's game,Q10708051,Q2736|Q35555522,
men's association football,men's association football team,Q103229495,4,2,1,men sports team that plays association football,football team|soccer team|association football team|men's football team|men's soccer team,,Q15944511|Q22808963,
men's association football,men's association football club,Q103231176,4,2,1,association football club with men's team,men's soccer club,,Q476028,
men's association football,men's football in Sweden,Q136385609,4,2,1,overview of men's association football in Sweden,men's soccer in Sweden|men's association football in Sweden,Q29791211,Q1318821,
men's association football,men's soccer in the United States,Q136385634,4,2,1,overview of men's association football in the USA,men's association football in the United States|men's football in the United States|men's football in the USA|men's association football in the USA|men's soccer in the USA,Q29791211,Q610674|Q140794164|Q140794248,
men's association football,men's soccer in South Africa,Q136386332,4,2,1,overview of men's association football in South Africa,men's association football in South Africa|men's football in South Africa,Q29791211,Q1478206,
men's association football,men's association football in Europe,Q135490464,4,2,1,overview of men's association football in Europe,men's soccer in Europe|men's football in Europe,Q29791211,Q14215723|Q135647781,
men's association football,men's football in Norway,Q136385614,4,2,1,overview of men's association football in Norway,men's soccer in Norway|men's association football in Norway,Q29791211,Q592271,
men's association football,men's soccer in Australia,Q136346454,4,2,1,overview of men's association football in Australia,men's association football in Australia|men's football in Australia,Q29791211,Q1478113,
men's association football,men's association football in Asia,Q136442402,4,2,1,overview of men's association football in Asia,men's soccer in Asia|men's football in Asia,Q29791211,Q56355039,
men's association football,association football,Q2736,4,2,2,sport that is practiced between two teams of eleven players,football|soccer|footie|footy|futbol|futebol|association soccer|foot ball,Q31629|Q216048|Q212434|Q4356073|Q47728,Q877517,Association football
men's association football,association football player,Q937857,4,2,2,person who plays association football (soccer),football player|association footballer|footballer|soccer player|player|association soccer player,Q28640|Q12737077,Q117321337|Q18536342|Q116763437,
men's association football,goalkeeper,Q201330,4,2,2,position in association football,football goalkeeper|soccer goalkeeper|GK|goalie|goal keeper|keeper|association football goalkeeper,Q4611891,Q172964,Goalkeeper (association football)
men's association football,association football club,Q476028,4,2,2,sports club devoted to association football (soccer),football club|soccer club|association soccer club|FC|F.C.,,Q17270000|Q847017,Football club (association football)
men's association football,association football coach,Q628099,4,2,2,person doing training of association footballers (profession/occupation); for team position (head coach or manager) use Q136659823,soccer manager|football coach|football manager|coach|manager|soccer coach,Q28640,Q41583,Manager (association football)
men's association football,association football referee,Q859528,4,2,2,supervisor of a game of association football,soccer referee|football referee|association soccer referee,Q28640,Q202648|Q38088701|Q116763437,Referee (association football)
men's association football,association football team season,Q26887310,4,2,2,association football team during season,soccer team season|football team season,,Q1539532,
men's association football,association football club match,Q109623729,4,2,2,association football match between club teams,,,Q12166442,
men's association football,association football players who play in this club,Q56465024,4,2,2,Wikidata metaclass,footballers of this club|footballers who play in this club|footballers of this national team,Q19478619,Q937857|Q58840094,
men's association football,captain,Q715772,4,2,2,team captain of an association football team,skipper|association football captain,Q4611891,Q584540|Q937857,Captain (association football)
men's association football,association football federation,Q1478443,4,2,2,governing body of association football (soccer),football association|soccer association|soccer federation|association soccer federation,,Q2485448,Football association
men's association football,Norwegian Football Federation,Q474952,4,2,2,sports governing body organizing association football in Norway,NFF|Norges Fotballforbund|Football Association of Norway,Q1478443|Q130405942,,Norwegian Football Federation
men's association football,Football Association of the Czech Republic,Q337065,4,2,2,governing body of association football in Czechia,Football Association of Czechia|Czechia Football Association|Czechia Football Federation|Czechia FA|Czechia F.A.|Football Federation of Czechia,Q1478443|Q43229|Q2485448,,Football Association of the Czech Republic
men's association football,FA Cup,Q11151,4,2,2,annual knockout football competition,Football Association Challenge Cup,Q8463186,,FA Cup
men's association football,Football Association of Finland,Q474947,4,2,2,sports governing body in Finland,Suomen Palloliitto|Finlands Bollförbund|Suomen Palloliitto ry|Finlands Bollförbund rf,Q1478443,,Football Association of Finland
men's association football,Football Association of Serbia,Q754433,4,2,2,governing body of association football in Serbia,,Q1478443,,Football Association of Serbia
men's association football,Football Association of Iceland,Q478734,4,2,2,association football governing body in Iceland,KSÍ,Q1478443,,Football Association of Iceland
men's association football,Football Association of Ireland,Q497782,4,2,2,Football Association of the Republic of Ireland,FAI|Cumann Peile na h-Éireann,Q1478443,,Football Association of Ireland
men's association football,Albanian Football Federation,Q390598,4,2,2,governing body of association football in Albania,Football Association of Albania,Q1478443,,Albanian Football Federation
1985–86 US Quevilly season,1985–86 US Quevilly season,Q109688731,5,0,1,season of football team,,Q26887310,,
US Quevilly,US Quevilly,Q1465560,5,1,1,association football club in France,Union sportive quevillaise|US Quevilly-Rouen|US Quevilly-Rouen Métropole,Q476028,,US Quevilly-Rouen Métropole
US Quevilly,U.S. Quevilly-Rouen Métropole II,Q109503721,5,1,1,,U.S. Quevilly-Rouen Métropole B,Q15944511|Q2412834,,
men's association football,men's association football,Q31930761,5,2,1,association football when played by men,men's soccer|men's football|men's association football|men's football (soccer)|boys' soccer|boys' football|the men's game,Q10708051,Q2736|Q35555522,
men's association football,men's association football team,Q103229495,5,2,1,men sports team that plays association football,football team|soccer team|association football team|men's football team|men's soccer team,,Q15944511|Q22808963,
men's association football,men's association football club,Q103231176,5,2,1,association football club with men's team,men's soccer club,,Q476028,
men's association football,men's football in Sweden,Q136385609,5,2,1,overview of men's association football in Sweden,men's soccer in Sweden|men's association football in Sweden,Q29791211,Q1318821,
men's association football,men's soccer in the United States,Q136385634,5,2,1,overview of men's association football in the USA,men's association football in the United States|men's football in the United States|men's football in the USA|men's association football in the USA|men's soccer in the USA,Q29791211,Q610674|Q140794164|Q140794248,
men's association football,men's soccer in South Africa,Q136386332,5,2,1,overview of men's association football in South Africa,men's association football in South Africa|men's football in South Africa,Q29791211,Q1478206,
men's association football,men's association football in Europe,Q135490464,5,2,1,overview of men's association football in Europe,men's soccer in Europe|men's football in Europe,Q29791211,Q14215723|Q135647781,
men's association football,men's football in Norway,Q136385614,5,2,1,overview of men's association football in Norway,men's soccer in Norway|men's association football in Norway,Q29791211,Q592271,
men's association football,men's soccer in Australia,Q136346454,5,2,1,overview of men's association football in Australia,men's association football in Australia|men's football in Australia,Q29791211,Q1478113,
men's association football,men's association football in Asia,Q136442402,5,2,1,overview of men's association football in Asia,men's soccer in Asia|men's football in Asia,Q29791211,Q56355039,
men's association football,association football,Q2736,5,2,2,sport that is practiced between two teams of eleven players,football|soccer|footie|footy|futbol|futebol|association soccer|foot ball,Q31629|Q216048|Q212434|Q4356073|Q47728,Q877517,Association football
men's association football,association football player,Q937857,5,2,2,person who plays association football (soccer),football player|association footballer|footballer|soccer player|player|association soccer player,Q28640|Q12737077,Q117321337|Q18536342|Q116763437,
men's association football,goalkeeper,Q201330,5,2,2,position in association football,football goalkeeper|soccer goalkeeper|GK|goalie|goal keeper|keeper|association football goalkeeper,Q4611891,Q172964,Goalkeeper (association football)
men's association football,association football club,Q476028,5,2,2,sports club devoted to association football (soccer),football club|soccer club|association soccer club|FC|F.C.,,Q17270000|Q847017,Football club (association football)
men's association football,association football coach,Q628099,5,2,2,person doing training of association footballers (profession/occupation); for team position (head coach or manager) use Q136659823,soccer manager|football coach|football manager|coach|manager|soccer coach,Q28640,Q41583,Manager (association football)
men's association football,association football referee,Q859528,5,2,2,supervisor of a game of association football,soccer referee|football referee|association soccer referee,Q28640,Q202648|Q38088701|Q116763437,Referee (association football)
men's association football,association football team season,Q26887310,5,2,2,association football team during season,soccer team season|football team season,,Q1539532,
men's association football,association football club match,Q109623729,5,2,2,association football match between club teams,,,Q12166442,
men's association football,association football players who play in this club,Q56465024,5,2,2,Wikidata metaclass,footballers of this club|footballers who play in this club|footballers of this national team,Q19478619,Q937857|Q58840094,
men's association football,captain,Q715772,5,2,2,team captain of an association football team,skipper|association football captain,Q4611891,Q584540|Q937857,Captain (association football)
men's association football,association football federation,Q1478443,5,2,2,governing body of association football (soccer),football association|soccer association|soccer federation|association soccer federation,,Q2485448,Football association
men's association football,Norwegian Football Federation,Q474952,5,2,2,sports governing body organizing association football in Norway,NFF|Norges Fotballforbund|Football Association of Norway,Q1478443|Q130405942,,Norwegian Football Federation
men's association football,Football Association of the Czech Republic,Q337065,5,2,2,governing body of association football in Czechia,Football Association of Czechia|Czechia Football Association|Czechia Football Federation|Czechia FA|Czechia F.A.|Football Federation of Czechia,Q1478443|Q43229|Q2485448,,Football Association of the Czech Republic
men's association football,FA Cup,Q11151,5,2,2,annual knockout football competition,Football Association Challenge Cup,Q8463186,,FA Cup
men's association football,Football Association of Finland,Q474947,5,2,2,sports governing body in Finland,Suomen Palloliitto|Finlands Bollförbund|Suomen Palloliitto ry|Finlands Bollförbund rf,Q1478443,,Football Association of Finland
men's association football,Football Association of Serbia,Q754433,5,2,2,governing body of association football in Serbia,,Q1478443,,Football Association of Serbia
men's association football,Football Association of Iceland,Q478734,5,2,2,association football governing body in Iceland,KSÍ,Q1478443,,Football Association of Iceland
men's association football,Football Association of Ireland,Q497782,5,2,2,Football Association of the Republic of Ireland,FAI|Cumann Peile na h-Éireann,Q1478443,,Football Association of Ireland
men's association football,Albanian Football Federation,Q390598,5,2,2,governing body of association football in Albania,Football Association of Albania,Q1478443,,Albanian Football Federation
1984–85 US Quevilly season,1984–85 US Quevilly season,Q109688730,6,0,1,season of football team,,Q26887310,,
US Quevilly,US Quevilly,Q1465560,6,1,1,association football club in France,Union sportive quevillaise|US Quevilly-Rouen|US Quevilly-Rouen Métropole,Q476028,,US Quevilly-Rouen Métropole
US Quevilly,U.S. Quevilly-Rouen Métropole II,Q109503721,6,1,1,,U.S. Quevilly-Rouen Métropole B,Q15944511|Q2412834,,
US Quevilly,1984–85 US Quevilly season,Q109688730,6,1,2,season of football team,,Q26887310,,
US Quevilly,men's association football team,Q103229495,6,1,2,men sports team that plays association football,football team|soccer team|association football team|men's football team|men's soccer team,,Q15944511|Q22808963,
men's association football,men's association football,Q31930761,6,2,1,association football when played by men,men's soccer|men's football|men's association football|men's football (soccer)|boys' soccer|boys' football|the men's game,Q10708051,Q2736|Q35555522,
men's association football,men's association football team,Q103229495,6,2,1,men sports team that plays association football,football team|soccer team|association football team|men's football team|men's soccer team,,Q15944511|Q22808963,
men's association football,men's association football club,Q103231176,6,2,1,association football club with men's team,men's soccer club,,Q476028,
men's association football,men's football in Sweden,Q136385609,6,2,1,overview of men's association football in Sweden,men's soccer in Sweden|men's association football in Sweden,Q29791211,Q1318821,
men's association football,men's soccer in the United States,Q136385634,6,2,1,overview of men's association football in the USA,men's association football in the United States|men's football in the United States|men's football in the USA|men's association football in the USA|men's soccer in the USA,Q29791211,Q610674|Q140794164|Q140794248,
men's association football,men's soccer in South Africa,Q136386332,6,2,1,overview of men's association football in South Africa,men's association football in South Africa|men's football in South Africa,Q29791211,Q1478206,
men's association football,men's association football in Europe,Q135490464,6,2,1,overview of men's association football in Europe,men's soccer in Europe|men's football in Europe,Q29791211,Q14215723|Q135647781,
men's association football,men's football in Norway,Q136385614,6,2,1,overview of men's association football in Norway,men's soccer in Norway|men's association football in Norway,Q29791211,Q592271,
men's association football,men's soccer in Australia,Q136346454,6,2,1,overview of men's association football in Australia,men's association football in Australia|men's football in Australia,Q29791211,Q1478113,
men's association football,men's association football in Asia,Q136442402,6,2,1,overview of men's association football in Asia,men's soccer in Asia|men's football in Asia,Q29791211,Q56355039,
men's association football,association football,Q2736,6,2,2,sport that is practiced between two teams of eleven players,football|soccer|footie|footy|futbol|futebol|association soccer|foot ball,Q31629|Q216048|Q212434|Q4356073|Q47728,Q877517,Association football
men's association football,association football player,Q937857,6,2,2,person who plays association football (soccer),football player|association footballer|footballer|soccer player|player|association soccer player,Q28640|Q12737077,Q117321337|Q18536342|Q116763437,
men's association football,goalkeeper,Q201330,6,2,2,position in association football,football goalkeeper|soccer goalkeeper|GK|goalie|goal keeper|keeper|association football goalkeeper,Q4611891,Q172964,Goalkeeper (association football)
men's association football,association football club,Q476028,6,2,2,sports club devoted to association football (soccer),football club|soccer club|association soccer club|FC|F.C.,,Q17270000|Q847017,Football club (association football)
men's association football,association football coach,Q628099,6,2,2,person doing training of association footballers (profession/occupation); for team position (head coach or manager) use Q136659823,soccer manager|football coach|football manager|coach|manager|soccer coach,Q28640,Q41583,Manager (association football)
men's association football,association football referee,Q859528,6,2,2,supervisor of a game of association football,soccer referee|football referee|association soccer referee,Q28640,Q202648|Q38088701|Q116763437,Referee (association football)
men's association football,association football team season,Q26887310,6,2,2,association football team during season,soccer team season|football team season,,Q1539532,
men's association football,association football club match,Q109623729,6,2,2,association football match between club teams,,,Q12166442,
men's association football,association football players who play in this club,Q56465024,6,2,2,Wikidata metaclass,footballers of this club|footballers who play in this club|footballers of this national team,Q19478619,Q937857|Q58840094,
men's association football,captain,Q715772,6,2,2,team captain of an association football team,skipper|association football captain,Q4611891,Q584540|Q937857,Captain (association football)
men's association football,association football federation,Q1478443,6,2,2,governing body of association football (soccer),football association|soccer association|soccer federation|association soccer federation,,Q2485448,Football association
men's association football,Norwegian Football Federation,Q474952,6,2,2,sports governing body organizing association football in Norway,NFF|Norges Fotballforbund|Football Association of Norway,Q1478443|Q130405942,,Norwegian Football Federation
men's association football,Football Association of the Czech Republic,Q337065,6,2,2,governing body of association football in Czechia,Football Association of Czechia|Czechia Football Association|Czechia Football Federation|Czechia FA|Czechia F.A.|Football Federation of Czechia,Q1478443|Q43229|Q2485448,,Football Association of the Czech Republic
men's association football,FA Cup,Q11151,6,2,2,annual knockout football competition,Football Association Challenge Cup,Q8463186,,FA Cup
men's association football,Football Association of Finland,Q474947,6,2,2,sports governing body in Finland,Suomen Palloliitto|Finlands Bollförbund|Suomen Palloliitto ry|Finlands Bollförbund rf,Q1478443,,Football Association of Finland
men's association football,Football Association of Serbia,Q754433,6,2,2,governing body of association football in Serbia,,Q1478443,,Football Association of Serbia
men's association football,Football Association of Iceland,Q478734,6,2,2,association football governing body in Iceland,KSÍ,Q1478443,,Football Association of Iceland
men's association football,Football Association of Ireland,Q497782,6,2,2,Football Association of the Republic of Ireland,FAI|Cumann Peile na h-Éireann,Q1478443,,Football Association of Ireland
men's association football,Albanian Football Federation,Q390598,6,2,2,governing body of association football in Albania,Football Association of Albania,Q1478443,,Albanian Football Federation
1983–84 US Quevilly season,1983–84 US Quevilly season,Q109688729,7,0,1,season of football team,,Q26887310,,
US Quevilly,US Quevilly,Q1465560,7,1,1,association football club in France,Union sportive quevillaise|US Quevilly-Rouen|US Quevilly-Rouen Métropole,Q476028,,US Quevilly-Rouen Métropole
US Quevilly,U.S. Quevilly-Rouen Métropole II,Q109503721,7,1,1,,U.S. Quevilly-Rouen Métropole B,Q15944511|Q2412834,,
US Quevilly,1983–84 US Quevilly season,Q109688729,7,1,2,season of football team,,Q26887310,,
US Quevilly,men's association football team,Q103229495,7,1,2,men sports team that plays association football,football team|soccer team|association football team|men's football team|men's soccer team,,Q15944511|Q22808963,
men's association football,men's association football,Q31930761,7,2,1,association football when played by men,men's soccer|men's football|men's association football|men's football (soccer)|boys' soccer|boys' football|the men's game,Q10708051,Q2736|Q35555522,
men's association football,men's association football team,Q103229495,7,2,1,men sports team that plays association football,football team|soccer team|association football team|men's football team|men's soccer team,,Q15944511|Q22808963,
men's association football,men's association football club,Q103231176,7,2,1,association football club with men's team,men's soccer club,,Q476028,
men's association football,men's football in Sweden,Q136385609,7,2,1,overview of men's association football in Sweden,men's soccer in Sweden|men's association football in Sweden,Q29791211,Q1318821,
men's association football,men's soccer in the United States,Q136385634,7,2,1,overview of men's association football in the USA,men's association football in the United States|men's football in the United States|men's football in the USA|men's association football in the USA|men's soccer in the USA,Q29791211,Q610674|Q140794164|Q140794248,
men's association football,men's soccer in South Africa,Q136386332,7,2,1,overview of men's association football in South Africa,men's association football in South Africa|men's football in South Africa,Q29791211,Q1478206,
men's association football,men's association football in Europe,Q135490464,7,2,1,overview of men's association football in Europe,men's soccer in Europe|men's football in Europe,Q29791211,Q14215723|Q135647781,
men's association football,men's football in Norway,Q136385614,7,2,1,overview of men's association football in Norway,men's soccer in Norway|men's association football in Norway,Q29791211,Q592271,
men's association football,men's soccer in Australia,Q136346454,7,2,1,overview of men's association football in Australia,men's association football in Australia|men's football in Australia,Q29791211,Q1478113,
men's association football,men's association football in Asia,Q136442402,7,2,1,overview of men's association football in Asia,men's soccer in Asia|men's football in Asia,Q29791211,Q56355039,
men's association football,association football,Q2736,7,2,2,sport that is practiced between two teams of eleven players,football|soccer|footie|footy|futbol|futebol|association soccer|foot ball,Q31629|Q216048|Q212434|Q4356073|Q47728,Q877517,Association football
men's association football,association football player,Q937857,7,2,2,person who plays association football (soccer),football player|association footballer|footballer|soccer player|player|association soccer player,Q28640|Q12737077,Q117321337|Q18536342|Q116763437,
men's association football,goalkeeper,Q201330,7,2,2,position in association football,football goalkeeper|soccer goalkeeper|GK|goalie|goal keeper|keeper|association football goalkeeper,Q4611891,Q172964,Goalkeeper (association football)
men's association football,association football club,Q476028,7,2,2,sports club devoted to association football (soccer),football club|soccer club|association soccer club|FC|F.C.,,Q17270000|Q847017,Football club (association football)
men's association football,association football coach,Q628099,7,2,2,person doing training of association footballers (profession/occupation); for team position (head coach or manager) use Q136659823,soccer manager|football coach|football manager|coach|manager|soccer coach,Q28640,Q41583,Manager (association football)
men's association football,association football referee,Q859528,7,2,2,supervisor of a game of association football,soccer referee|football referee|association soccer referee,Q28640,Q202648|Q38088701|Q116763437,Referee (association football)
men's association football,association football team season,Q26887310,7,2,2,association football team during season,soccer team season|football team season,,Q1539532,
men's association football,association football club match,Q109623729,7,2,2,association football match between club teams,,,Q12166442,
men's association football,association football players who play in this club,Q56465024,7,2,2,Wikidata metaclass,footballers of this club|footballers who play in this club|footballers of this national team,Q19478619,Q937857|Q58840094,
men's association football,captain,Q715772,7,2,2,team captain of an association football team,skipper|association football captain,Q4611891,Q584540|Q937857,Captain (association football)
men's association football,association football federation,Q1478443,7,2,2,governing body of association football (soccer),football association|soccer association|soccer federation|association soccer federation,,Q2485448,Football association
men's association football,Norwegian Football Federation,Q474952,7,2,2,sports governing body organizing association football in Norway,NFF|Norges Fotballforbund|Football Association of Norway,Q1478443|Q130405942,,Norwegian Football Federation
men's association football,Football Association of the Czech Republic,Q337065,7,2,2,governing body of association football in Czechia,Football Association of Czechia|Czechia Football Association|Czechia Football Federation|Czechia FA|Czechia F.A.|Football Federation of Czechia,Q1478443|Q43229|Q2485448,,Football Association of the Czech Republic
men's association football,FA Cup,Q11151,7,2,2,annual knockout football competition,Football Association Challenge Cup,Q8463186,,FA Cup
men's association football,Football Association of Finland,Q474947,7,2,2,sports governing body in Finland,Suomen Palloliitto|Finlands Bollförbund|Suomen Palloliitto ry|Finlands Bollförbund rf,Q1478443,,Football Association of Finland
men's association football,Football Association of Serbia,Q754433,7,2,2,governing body of association football in Serbia,,Q1478443,,Football Association of Serbia
men's association football,Football Association of Iceland,Q478734,7,2,2,association football governing body in Iceland,KSÍ,Q1478443,,Football Association of Iceland
men's association football,Football Association of Ireland,Q497782,7,2,2,Football Association of the Republic of Ireland,FAI|Cumann Peile na h-Éireann,Q1478443,,Football Association of Ireland
men's association football,Albanian Football Federation,Q390598,7,2,2,governing body of association football in Albania,Football Association of Albania,Q1478443,,Albanian Football Federation
1982–83 US Quevilly season,1982–83 US Quevilly season,Q109688726,8,0,1,season of football team,,Q26887310,,
US Quevilly,US Quevilly,Q1465560,8,1,1,association football club in France,Union sportive quevillaise|US Quevilly-Rouen|US Quevilly-Rouen Métropole,Q476028,,US Quevilly-Rouen Métropole
US Quevilly,U.S. Quevilly-Rouen Métropole II,Q109503721,8,1,1,,U.S. Quevilly-Rouen Métropole B,Q15944511|Q2412834,,
US Quevilly,1982–83 US Quevilly season,Q109688726,8,1,2,season of football team,,Q26887310,,
US Quevilly,men's association football team,Q103229495,8,1,2,men sports team that plays association football,football team|soccer team|association football team|men's football team|men's soccer team,,Q15944511|Q22808963,
men's association football,men's association football,Q31930761,8,2,1,association football when played by men,men's soccer|men's football|men's association football|men's football (soccer)|boys' soccer|boys' football|the men's game,Q10708051,Q2736|Q35555522,
men's association football,men's association football team,Q103229495,8,2,1,men sports team that plays association football,football team|soccer team|association football team|men's football team|men's soccer team,,Q15944511|Q22808963,
men's association football,men's association football club,Q103231176,8,2,1,association football club with men's team,men's soccer club,,Q476028,
men's association football,men's football in Sweden,Q136385609,8,2,1,overview of men's association football in Sweden,men's soccer in Sweden|men's association football in Sweden,Q29791211,Q1318821,
men's association football,men's soccer in the United States,Q136385634,8,2,1,overview of men's association football in the USA,men's association football in the United States|men's football in the United States|men's football in the USA|men's association football in the USA|men's soccer in the USA,Q29791211,Q610674|Q140794164|Q140794248,
men's association football,men's soccer in South Africa,Q136386332,8,2,1,overview of men's association football in South Africa,men's association football in South Africa|men's football in South Africa,Q29791211,Q1478206,
men's association football,men's association football in Europe,Q135490464,8,2,1,overview of men's association football in Europe,men's soccer in Europe|men's football in Europe,Q29791211,Q14215723|Q135647781,
men's association football,men's football in Norway,Q136385614,8,2,1,overview of men's association football in Norway,men's soccer in Norway|men's association football in Norway,Q29791211,Q592271,
men's association football,men's soccer in Australia,Q136346454,8,2,1,overview of men's association football in Australia,men's association football in Australia|men's football in Australia,Q29791211,Q1478113,
men's association football,men's association football in Asia,Q136442402,8,2,1,overview of men's association football in Asia,men's soccer in Asia|men's football in Asia,Q29791211,Q56355039,
men's association football,association football,Q2736,8,2,2,sport that is practiced between two teams of eleven players,football|soccer|footie|footy|futbol|futebol|association soccer|foot ball,Q31629|Q216048|Q212434|Q4356073|Q47728,Q877517,Association football
men's association football,association football player,Q937857,8,2,2,person who plays association football (soccer),football player|association footballer|footballer|soccer player|player|association soccer player,Q28640|Q12737077,Q117321337|Q18536342|Q116763437,
men's association football,goalkeeper,Q201330,8,2,2,position in association football,football goalkeeper|soccer goalkeeper|GK|goalie|goal keeper|keeper|association football goalkeeper,Q4611891,Q172964,Goalkeeper (association football)
men's association football,association football club,Q476028,8,2,2,sports club devoted to association football (soccer),football club|soccer club|association soccer club|FC|F.C.,,Q17270000|Q847017,Football club (association football)
men's association football,association football coach,Q628099,8,2,2,person doing training of association footballers (profession/occupation); for team position (head coach or manager) use Q136659823,soccer manager|football coach|football manager|coach|manager|soccer coach,Q28640,Q41583,Manager (association football)
men's association football,association football referee,Q859528,8,2,2,supervisor of a game of association football,soccer referee|football referee|association soccer referee,Q28640,Q202648|Q38088701|Q116763437,Referee (association football)
men's association football,association football team season,Q26887310,8,2,2,association football team during season,soccer team season|football team season,,Q1539532,
men's association football,association football club match,Q109623729,8,2,2,association football match between club teams,,,Q12166442,
men's association football,association football players who play in this club,Q56465024,8,2,2,Wikidata metaclass,footballers of this club|footballers who play in this club|footballers of this national team,Q19478619,Q937857|Q58840094,
men's association football,captain,Q715772,8,2,2,team captain of an association football team,skipper|association football captain,Q4611891,Q584540|Q937857,Captain (association football)
men's association football,association football federation,Q1478443,8,2,2,governing body of association football (soccer),football association|soccer association|soccer federation|association soccer federation,,Q2485448,Football association
men's association football,Norwegian Football Federation,Q474952,8,2,2,sports governing body organizing association football in Norway,NFF|Norges Fotballforbund|Football Association of Norway,Q1478443|Q130405942,,Norwegian Football Federation
men's association football,Football Association of the Czech Republic,Q337065,8,2,2,governing body of association football in Czechia,Football Association of Czechia|Czechia Football Association|Czechia Football Federation|Czechia FA|Czechia F.A.|Football Federation of Czechia,Q1478443|Q43229|Q2485448,,Football Association of the Czech Republic
men's association football,FA Cup,Q11151,8,2,2,annual knockout football competition,Football Association Challenge Cup,Q8463186,,FA Cup
men's association football,Football Association of Finland,Q474947,8,2,2,sports governing body in Finland,Suomen Palloliitto|Finlands Bollförbund|Suomen Palloliitto ry|Finlands Bollförbund rf,Q1478443,,Football Association of Finland
men's association football,Football Association of Serbia,Q754433,8,2,2,governing body of association football in Serbia,,Q1478443,,Football Association of Serbia
men's association football,Football Association of Iceland,Q478734,8,2,2,association football governing body in Iceland,KSÍ,Q1478443,,Football Association of Iceland
men's association football,Football Association of Ireland,Q497782,8,2,2,Football Association of the Republic of Ireland,FAI|Cumann Peile na h-Éireann,Q1478443,,Football Association of Ireland
men's association football,Albanian Football Federation,Q390598,8,2,2,governing body of association football in Albania,Football Association of Albania,Q1478443,,Albanian Football Federation
1981–82 US Quevilly season,1981–82 US Quevilly season,Q109688725,9,0,1,season of football team,,Q26887310,,
US Quevilly,US Quevilly,Q1465560,9,1,1,association football club in France,Union sportive quevillaise|US Quevilly-Rouen|US Quevilly-Rouen Métropole,Q476028,,US Quevilly-Rouen Métropole
US Quevilly,U.S. Quevilly-Rouen Métropole II,Q109503721,9,1,1,,U.S. Quevilly-Rouen Métropole B,Q15944511|Q2412834,,
US Quevilly,1981–82 US Quevilly season,Q109688725,9,1,2,season of football team,,Q26887310,,
US Quevilly,men's association football team,Q103229495,9,1,2,men sports team that plays association football,football team|soccer team|association football team|men's football team|men's soccer team,,Q15944511|Q22808963,
men's association football,men's association football,Q31930761,9,2,1,association football when played by men,men's soccer|men's football|men's association football|men's football (soccer)|boys' soccer|boys' football|the men's game,Q10708051,Q2736|Q35555522,
men's association football,men's association football team,Q103229495,9,2,1,men sports team that plays association football,football team|soccer team|association football team|men's football team|men's soccer team,,Q15944511|Q22808963,
men's association football,men's association football club,Q103231176,9,2,1,association football club with men's team,men's soccer club,,Q476028,
men's association football,men's football in Sweden,Q136385609,9,2,1,overview of men's association football in Sweden,men's soccer in Sweden|men's association football in Sweden,Q29791211,Q1318821,
men's association football,men's soccer in the United States,Q136385634,9,2,1,overview of men's association football in the USA,men's association football in the United States|men's football in the United States|men's football in the USA|men's association football in the USA|men's soccer in the USA,Q29791211,Q610674|Q140794164|Q140794248,
men's association football,men's soccer in South Africa,Q136386332,9,2,1,overview of men's association football in South Africa,men's association football in South Africa|men's football in South Africa,Q29791211,Q1478206,
men's association football,men's association football in Europe,Q135490464,9,2,1,overview of men's association football in Europe,men's soccer in Europe|men's football in Europe,Q29791211,Q14215723|Q135647781,
men's association football,men's football in Norway,Q136385614,9,2,1,overview of men's association football in Norway,men's soccer in Norway|men's association football in Norway,Q29791211,Q592271,
men's association football,men's soccer in Australia,Q136346454,9,2,1,overview of men's association football in Australia,men's association football in Australia|men's football in Australia,Q29791211,Q1478113,
men's association football,men's association football in Asia,Q136442402,9,2,1,overview of men's association football in Asia,men's soccer in Asia|men's football in Asia,Q29791211,Q56355039,
men's association football,association football,Q2736,9,2,2,sport that is practiced between two teams of eleven players,football|soccer|footie|footy|futbol|futebol|association soccer|foot ball,Q31629|Q216048|Q212434|Q4356073|Q47728,Q877517,Association football
men's association football,association football player,Q937857,9,2,2,person who plays association football (soccer),football player|association footballer|footballer|soccer player|player|association soccer player,Q28640|Q12737077,Q117321337|Q18536342|Q116763437,
men's association football,goalkeeper,Q201330,9,2,2,position in association football,football goalkeeper|soccer goalkeeper|GK|goalie|goal keeper|keeper|association football goalkeeper,Q4611891,Q172964,Goalkeeper (association football)
men's association football,association football club,Q476028,9,2,2,sports club devoted to association football (soccer),football club|soccer club|association soccer club|FC|F.C.,,Q17270000|Q847017,Football club (association football)
men's association football,association football coach,Q628099,9,2,2,person doing training of association footballers (profession/occupation); for team position (head coach or manager) use Q136659823,soccer manager|football coach|football manager|coach|manager|soccer coach,Q28640,Q41583,Manager (association football)
men's association football,association football referee,Q859528,9,2,2,supervisor of a game of association football,soccer referee|football referee|association soccer referee,Q28640,Q202648|Q38088701|Q116763437,Referee (association football)
men's association football,association football team season,Q26887310,9,2,2,association football team during season,soccer team season|football team season,,Q1539532,
men's association football,association football club match,Q109623729,9,2,2,association football match between club teams,,,Q12166442,
men's association football,association football players who play in this club,Q56465024,9,2,2,Wikidata metaclass,footballers of this club|footballers who play in this club|footballers of this national team,Q19478619,Q937857|Q58840094,
men's association football,captain,Q715772,9,2,2,team captain of an association football team,skipper|association football captain,Q4611891,Q584540|Q937857,Captain (association football)
men's association football,association football federation,Q1478443,9,2,2,governing body of association football (soccer),football association|soccer association|soccer federation|association soccer federation,,Q2485448,Football association
men's association football,Norwegian Football Federation,Q474952,9,2,2,sports governing body organizing association football in Norway,NFF|Norges Fotballforbund|Football Association of Norway,Q1478443|Q130405942,,Norwegian Football Federation
men's association football,Football Association of the Czech Republic,Q337065,9,2,2,governing body of association football in Czechia,Football Association of Czechia|Czechia Football Association|Czechia Football Federation|Czechia FA|Czechia F.A.|Football Federation of Czechia,Q1478443|Q43229|Q2485448,,Football Association of the Czech Republic
men's association football,FA Cup,Q11151,9,2,2,annual knockout football competition,Football Association Challenge Cup,Q8463186,,FA Cup
men's association football,Football Association of Finland,Q474947,9,2,2,sports governing body in Finland,Suomen Palloliitto|Finlands Bollförbund|Suomen Palloliitto ry|Finlands Bollförbund rf,Q1478443,,Football Association of Finland
men's association football,Football Association of Serbia,Q754433,9,2,2,governing body of association football in Serbia,,Q1478443,,Football Association of Serbia
men's association football,Football Association of Iceland,Q478734,9,2,2,association football governing body in Iceland,KSÍ,Q1478443,,Football Association of Iceland
men's association football,Football Association of Ireland,Q497782,9,2,2,Football Association of the Republic of Ireland,FAI|Cumann Peile na h-Éireann,Q1478443,,Football Association of Ireland
men's association football,Albanian Football Federation,Q390598,9,2,2,governing body of association football in Albania,Football Association of Albania,Q1478443,,Albanian Football Federation
1980–81 US Quevilly season,1980–81 US Quevilly season,Q109688723,10,0,1,season of football team,,Q26887310,,
US Quevilly,US Quevilly,Q1465560,10,1,1,association football club in France,Union sportive quevillaise|US Quevilly-Rouen|US Quevilly-Rouen Métropole,Q476028,,US Quevilly-Rouen Métropole
US Quevilly,U.S. Quevilly-Rouen Métropole II,Q109503721,10,1,1,,U.S. Quevilly-Rouen Métropole B,Q15944511|Q2412834,,
US Quevilly,1980–81 US Quevilly season,Q109688723,10,1,2,season of football team,,Q26887310,,
US Quevilly,men's association football team,Q103229495,10,1,2,men sports team that plays association football,football team|soccer team|association football team|men's football team|men's soccer team,,Q15944511|Q22808963,
men's association football,men's association football,Q31930761,10,2,1,association football when played by men,men's soccer|men's football|men's association football|men's football (soccer)|boys' soccer|boys' football|the men's game,Q10708051,Q2736|Q35555522,
men's association football,men's association football team,Q103229495,10,2,1,men sports team that plays association football,football team|soccer team|association football team|men's football team|men's soccer team,,Q15944511|Q22808963,
men's association football,men's association football club,Q103231176,10,2,1,association football club with men's team,men's soccer club,,Q476028,
men's association football,men's football in Sweden,Q136385609,10,2,1,overview of men's association football in Sweden,men's soccer in Sweden|men's association football in Sweden,Q29791211,Q1318821,
men's association football,men's soccer in the United States,Q136385634,10,2,1,overview of men's association football in the USA,men's association football in the United States|men's football in the United States|men's football in the USA|men's association football in the USA|men's soccer in the USA,Q29791211,Q610674|Q140794164|Q140794248,
men's association football,men's soccer in South Africa,Q136386332,10,2,1,overview of men's association football in South Africa,men's association football in South Africa|men's football in South Africa,Q29791211,Q1478206,
men's association football,men's association football in Europe,Q135490464,10,2,1,overview of men's association football in Europe,men's soccer in Europe|men's football in Europe,Q29791211,Q14215723|Q135647781,
men's association football,men's football in Norway,Q136385614,10,2,1,overview of men's association football in Norway,men's soccer in Norway|men's association football in Norway,Q29791211,Q592271,
men's association football,men's soccer in Australia,Q136346454,10,2,1,overview of men's association football in Australia,men's association football in Australia|men's football in Australia,Q29791211,Q1478113,
men's association football,men's association football in Asia,Q136442402,10,2,1,overview of men's association football in Asia,men's soccer in Asia|men's football in Asia,Q29791211,Q56355039,
men's association football,association football,Q2736,10,2,2,sport that is practiced between two teams of eleven players,football|soccer|footie|footy|futbol|futebol|association soccer|foot ball,Q31629|Q216048|Q212434|Q4356073|Q47728,Q877517,Association football
men's association football,association football player,Q937857,10,2,2,person who plays association football (soccer),football player|association footballer|footballer|soccer player|player|association soccer player,Q28640|Q12737077,Q117321337|Q18536342|Q116763437,
men's association football,goalkeeper,Q201330,10,2,2,position in association football,football goalkeeper|soccer goalkeeper|GK|goalie|goal keeper|keeper|association football goalkeeper,Q4611891,Q172964,Goalkeeper (association football)
men's association football,association football club,Q476028,10,2,2,sports club devoted to association football (soccer),football club|soccer club|association soccer club|FC|F.C.,,Q17270000|Q847017,Football club (association football)
men's association football,association football coach,Q628099,10,2,2,person doing training of association footballers (profession/occupation); for team position (head coach or manager) use Q136659823,soccer manager|football coach|football manager|coach|manager|soccer coach,Q28640,Q41583,Manager (association football)
men's association football,association football referee,Q859528,10,2,2,supervisor of a game of association football,soccer referee|football referee|association soccer referee,Q28640,Q202648|Q38088701|Q116763437,Referee (association football)
men's association football,association football team season,Q26887310,10,2,2,association football team during season,soccer team season|football team season,,Q1539532,
men's association football,association football club match,Q109623729,10,2,2,association football match between club teams,,,Q12166442,
men's association football,association football players who play in this club,Q56465024,10,2,2,Wikidata metaclass,footballers of this club|footballers who play in this club|footballers of this national team,Q19478619,Q937857|Q58840094,
men's association football,captain,Q715772,10,2,2,team captain of an association football team,skipper|association football captain,Q4611891,Q584540|Q937857,Captain (association football)
men's association football,association football federation,Q1478443,10,2,2,governing body of association football (soccer),football association|soccer association|soccer federation|association soccer federation,,Q2485448,Football association
men's association football,Norwegian Football Federation,Q474952,10,2,2,sports governing body organizing association football in Norway,NFF|Norges Fotballforbund|Football Association of Norway,Q1478443|Q130405942,,Norwegian Football Federation
men's association football,Football Association of the Czech Republic,Q337065,10,2,2,governing body of association football in Czechia,Football Association of Czechia|Czechia Football Association|Czechia Football Federation|Czechia FA|Czechia F.A.|Football Federation of Czechia,Q1478443|Q43229|Q2485448,,Football Association of the Czech Republic
men's association football,FA Cup,Q11151,10,2,2,annual knockout football competition,Football Association Challenge Cup,Q8463186,,FA Cup
men's association football,Football Association of Finland,Q474947,10,2,2,sports governing body in Finland,Suomen Palloliitto|Finlands Bollförbund|Suomen Palloliitto ry|Finlands Bollförbund rf,Q1478443,,Football Association of Finland
men's association football,Football Association of Serbia,Q754433,10,2,2,governing body of association football in Serbia,,Q1478443,,Football Association of Serbia
men's association football,Football Association of Iceland,Q478734,10,2,2,association football governing body in Iceland,KSÍ,Q1478443,,Football Association of Iceland
men's association football,Football Association of Ireland,Q497782,10,2,2,Football Association of the Republic of Ireland,FAI|Cumann Peile na h-Éireann,Q1478443,,Football Association of Ireland
men's association football,Albanian Football Federation,Q390598,10,2,2,governing body of association football in Albania,Football Association of Albania,Q1478443,,Albanian Football Federation
1979–80 US Quevilly season,1979–80 US Quevilly season,Q109688722,11,0,1,season of football team,,Q26887310,,
1979–80 US Quevilly season,US Quevilly,Q1465560,11,0,2,association football club in France,Union sportive quevillaise|US Quevilly-Rouen|US Quevilly-Rouen Métropole,Q476028,,US Quevilly-Rouen Métropole
1979–80 US Quevilly season,U.S. Quevilly-Rouen Métropole II,Q109503721,11,0,2,,U.S. Quevilly-Rouen Métropole B,Q15944511|Q2412834,,
US Quevilly,US Quevilly,Q1465560,11,1,1,association football club in France,Union sportive quevillaise|US Quevilly-Rouen|US Quevilly-Rouen Métropole,Q476028,,US Quevilly-Rouen Métropole
US Quevilly,U.S. Quevilly-Rouen Métropole II,Q109503721,11,1,1,,U.S. Quevilly-Rouen Métropole B,Q15944511|Q2412834,,
men's association football,men's association football,Q31930761,11,2,1,association football when played by men,men's soccer|men's football|men's association football|men's football (soccer)|boys' soccer|boys' football|the men's game,Q10708051,Q2736|Q35555522,
men's association football,men's association football team,Q103229495,11,2,1,men sports team that plays association football,football team|soccer team|association football team|men's football team|men's soccer team,,Q15944511|Q22808963,
men's association football,men's association football club,Q103231176,11,2,1,association football club with men's team,men's soccer club,,Q476028,
men's association football,men's football in Sweden,Q136385609,11,2,1,overview of men's association football in Sweden,men's soccer in Sweden|men's association football in Sweden,Q29791211,Q1318821,
men's association football,men's soccer in the United States,Q136385634,11,2,1,overview of men's association football in the USA,men's association football in the United States|men's football in the United States|men's football in the USA|men's association football in the USA|men's soccer in the USA,Q29791211,Q610674|Q140794164|Q140794248,
men's association football,men's soccer in South Africa,Q136386332,11,2,1,overview of men's association football in South Africa,men's association football in South Africa|men's football in South Africa,Q29791211,Q1478206,
men's association football,men's association football in Europe,Q135490464,11,2,1,overview of men's association football in Europe,men's soccer in Europe|men's football in Europe,Q29791211,Q14215723|Q135647781,
men's association football,men's football in Norway,Q136385614,11,2,1,overview of men's association football in Norway,men's soccer in Norway|men's association football in Norway,Q29791211,Q592271,
men's association football,men's soccer in Australia,Q136346454,11,2,1,overview of men's association football in Australia,men's association football in Australia|men's football in Australia,Q29791211,Q1478113,
men's association football,men's association football in Asia,Q136442402,11,2,1,overview of men's association football in Asia,men's soccer in Asia|men's football in Asia,Q29791211,Q56355039,
men's association football,association football,Q2736,11,2,2,sport that is practiced between two teams of eleven players,football|soccer|footie|footy|futbol|futebol|association soccer|foot ball,Q31629|Q216048|Q212434|Q4356073|Q47728,Q877517,Association football
men's association football,association football player,Q937857,11,2,2,person who plays association football (soccer),football player|association footballer|footballer|soccer player|player|association soccer player,Q28640|Q12737077,Q117321337|Q18536342|Q116763437,
men's association football,goalkeeper,Q201330,11,2,2,position in association football,football goalkeeper|soccer goalkeeper|GK|goalie|goal keeper|keeper|association football goalkeeper,Q4611891,Q172964,Goalkeeper (association football)
men's association football,association football club,Q476028,11,2,2,sports club devoted to association football (soccer),football club|soccer club|association soccer club|FC|F.C.,,Q17270000|Q847017,Football club (association football)
men's association football,association football coach,Q628099,11,2,2,person doing training of association footballers (profession/occupation); for team position (head coach or manager) use Q136659823,soccer manager|football coach|football manager|coach|manager|soccer coach,Q28640,Q41583,Manager (association football)
men's association football,association football referee,Q859528,11,2,2,supervisor of a game of association football,soccer referee|football referee|association soccer referee,Q28640,Q202648|Q38088701|Q116763437,Referee (association football)
men's association football,association football team season,Q26887310,11,2,2,association football team during season,soccer team season|football team season,,Q1539532,
men's association football,association football club match,Q109623729,11,2,2,association football match between club teams,,,Q12166442,
men's association football,association football players who play in this club,Q56465024,11,2,2,Wikidata metaclass,footballers of this club|footballers who play in this club|footballers of this national team,Q19478619,Q937857|Q58840094,
men's association football,captain,Q715772,11,2,2,team captain of an association football team,skipper|association football captain,Q4611891,Q584540|Q937857,Captain (association football)
men's association football,association football federation,Q1478443,11,2,2,governing body of association football (soccer),football association|soccer association|soccer federation|association soccer federation,,Q2485448,Football association
men's association football,Norwegian Football Federation,Q474952,11,2,2,sports governing body organizing association football in Norway,NFF|Norges Fotballforbund|Football Association of Norway,Q1478443|Q130405942,,Norwegian Football Federation
men's association football,Football Association of the Czech Republic,Q337065,11,2,2,governing body of association football in Czechia,Football Association of Czechia|Czechia Football Association|Czechia Football Federation|Czechia FA|Czechia F.A.|Football Federation of Czechia,Q1478443|Q43229|Q2485448,,Football Association of the Czech Republic
men's association football,FA Cup,Q11151,11,2,2,annual knockout football competition,Football Association Challenge Cup,Q8463186,,FA Cup
men's association football,Football Association of Finland,Q474947,11,2,2,sports governing body in Finland,Suomen Palloliitto|Finlands Bollförbund|Suomen Palloliitto ry|Finlands Bollförbund rf,Q1478443,,Football Association of Finland
men's association football,Football Association of Serbia,Q754433,11,2,2,governing body of association football in Serbia,,Q1478443,,Football Association of Serbia
men's association football,Football Association of Iceland,Q478734,11,2,2,association football governing body in Iceland,KSÍ,Q1478443,,Football Association of Iceland
men's association football,Football Association of Ireland,Q497782,11,2,2,Football Association of the Republic of Ireland,FAI|Cumann Peile na h-Éireann,Q1478443,,Football Association of Ireland
men's association football,Albanian Football Federation,Q390598,11,2,2,governing body of association football in Albania,Football Association of Albania,Q1478443,,Albanian Football Federation
1978–79 US Quevilly season,1978–79 US Quevilly season,Q109688721,12,0,1,season of football team,,Q26887310,,
1978–79 US Quevilly season,US Quevilly,Q1465560,12,0,2,association football club in France,Union sportive quevillaise|US Quevilly-Rouen|US Quevilly-Rouen Métropole,Q476028,,US Quevilly-Rouen Métropole
1978–79 US Quevilly season,U.S. Quevilly-Rouen Métropole II,Q109503721,12,0,2,,U.S. Quevilly-Rouen Métropole B,Q15944511|Q2412834,,
US Quevilly,US Quevilly,Q1465560,12,1,1,association football club in France,Union sportive quevillaise|US Quevilly-Rouen|US Quevilly-Rouen Métropole,Q476028,,US Quevilly-Rouen Métropole
US Quevilly,U.S. Quevilly-Rouen Métropole II,Q109503721,12,1,1,,U.S. Quevilly-Rouen Métropole B,Q15944511|Q2412834,,
men's association football,men's association football,Q31930761,12,2,1,association football when played by men,men's soccer|men's football|men's association football|men's football (soccer)|boys' soccer|boys' football|the men's game,Q10708051,Q2736|Q35555522,
men's association football,men's association football team,Q103229495,12,2,1,men sports team that plays association football,football team|soccer team|association football team|men's football team|men's soccer team,,Q15944511|Q22808963,
men's association football,men's association football club,Q103231176,12,2,1,association football club with men's team,men's soccer club,,Q476028,
men's association football,men's football in Sweden,Q136385609,12,2,1,overview of men's association football in Sweden,men's soccer in Sweden|men's association football in Sweden,Q29791211,Q1318821,
men's association football,men's soccer in the United States,Q136385634,12,2,1,overview of men's association football in the USA,men's association football in the United States|men's football in the United States|men's football in the USA|men's association football in the USA|men's soccer in the USA,Q29791211,Q610674|Q140794164|Q140794248,
men's association football,men's soccer in South Africa,Q136386332,12,2,1,overview of men's association football in South Africa,men's association football in South Africa|men's football in South Africa,Q29791211,Q1478206,
men's association football,men's association football in Europe,Q135490464,12,2,1,overview of men's association football in Europe,men's soccer in Europe|men's football in Europe,Q29791211,Q14215723|Q135647781,
men's association football,men's football in Norway,Q136385614,12,2,1,overview of men's association football in Norway,men's soccer in Norway|men's association football in Norway,Q29791211,Q592271,
men's association football,men's soccer in Australia,Q136346454,12,2,1,overview of men's association football in Australia,men's association football in Australia|men's football in Australia,Q29791211,Q1478113,
men's association football,men's association football in Asia,Q136442402,12,2,1,overview of men's association football in Asia,men's soccer in Asia|men's football in Asia,Q29791211,Q56355039,
men's association football,association football,Q2736,12,2,2,sport that is practiced between two teams of eleven players,football|soccer|footie|footy|futbol|futebol|association soccer|foot ball,Q31629|Q216048|Q212434|Q4356073|Q47728,Q877517,Association football
men's association football,association football player,Q937857,12,2,2,person who plays association football (soccer),football player|association footballer|footballer|soccer player|player|association soccer player,Q28640|Q12737077,Q117321337|Q18536342|Q116763437,
men's association football,goalkeeper,Q201330,12,2,2,position in association football,football goalkeeper|soccer goalkeeper|GK|goalie|goal keeper|keeper|association football goalkeeper,Q4611891,Q172964,Goalkeeper (association football)
men's association football,association football club,Q476028,12,2,2,sports club devoted to association football (soccer),football club|soccer club|association soccer club|FC|F.C.,,Q17270000|Q847017,Football club (association football)
men's association football,association football coach,Q628099,12,2,2,person doing training of association footballers (profession/occupation); for team position (head coach or manager) use Q136659823,soccer manager|football coach|football manager|coach|manager|soccer coach,Q28640,Q41583,Manager (association football)
men's association football,association football referee,Q859528,12,2,2,supervisor of a game of association football,soccer referee|football referee|association soccer referee,Q28640,Q202648|Q38088701|Q116763437,Referee (association football)
men's association football,association football team season,Q26887310,12,2,2,association football team during season,soccer team season|football team season,,Q1539532,
men's association football,association football club match,Q109623729,12,2,2,association football match between club teams,,,Q12166442,
men's association football,association football players who play in this club,Q56465024,12,2,2,Wikidata metaclass,footballers of this club|footballers who play in this club|footballers of this national team,Q19478619,Q937857|Q58840094,
men's association football,captain,Q715772,12,2,2,team captain of an association football team,skipper|association football captain,Q4611891,Q584540|Q937857,Captain (association football)
men's association football,association football federation,Q1478443,12,2,2,governing body of association football (soccer),football association|soccer association|soccer federation|association soccer federation,,Q2485448,Football association
men's association football,Norwegian Football Federation,Q474952,12,2,2,sports governing body organizing association football in Norway,NFF|Norges Fotballforbund|Football Association of Norway,Q1478443|Q130405942,,Norwegian Football Federation
men's association football,Football Association of the Czech Republic,Q337065,12,2,2,governing body of association football in Czechia,Football Association of Czechia|Czechia Football Association|Czechia Football Federation|Czechia FA|Czechia F.A.|Football Federation of Czechia,Q1478443|Q43229|Q2485448,,Football Association of the Czech Republic
men's association football,FA Cup,Q11151,12,2,2,annual knockout football competition,Football Association Challenge Cup,Q8463186,,FA Cup
men's association football,Football Association of Finland,Q474947,12,2,2,sports governing body in Finland,Suomen Palloliitto|Finlands Bollförbund|Suomen Palloliitto ry|Finlands Bollförbund rf,Q1478443,,Football Association of Finland
men's association football,Football Association of Serbia,Q754433,12,2,2,governing body of association football in Serbia,,Q1478443,,Football Association of Serbia
men's association football,Football Association of Iceland,Q478734,12,2,2,association football governing body in Iceland,KSÍ,Q1478443,,Football Association of Iceland
men's association football,Football Association of Ireland,Q497782,12,2,2,Football Association of the Republic of Ireland,FAI|Cumann Peile na h-Éireann,Q1478443,,Football Association of Ireland
men's association football,Albanian Football Federation,Q390598,12,2,2,governing body of association football in Albania,Football Association of Albania,Q1478443,,Albanian Football Federation
1977–78 US Quevilly season,1977–78 US Quevilly season,Q109688720,13,0,1,season of football team,,Q26887310,,
1977–78 US Quevilly season,US Quevilly,Q1465560,13,0,2,association football club in France,Union sportive quevillaise|US Quevilly-Rouen|US Quevilly-Rouen Métropole,Q476028,,US Quevilly-Rouen Métropole
1977–78 US Quevilly season,U.S. Quevilly-Rouen Métropole II,Q109503721,13,0,2,,U.S. Quevilly-Rouen Métropole B,Q15944511|Q2412834,,
US Quevilly,US Quevilly,Q1465560,13,1,1,association football club in France,Union sportive quevillaise|US Quevilly-Rouen|US Quevilly-Rouen Métropole,Q476028,,US Quevilly-Rouen Métropole
US Quevilly,U.S. Quevilly-Rouen Métropole II,Q109503721,13,1,1,,U.S. Quevilly-Rouen Métropole B,Q15944511|Q2412834,,
men's association football,men's association football,Q31930761,13,2,1,association football when played by men,men's soccer|men's football|men's association football|men's football (soccer)|boys' soccer|boys' football|the men's game,Q10708051,Q2736|Q35555522,
men's association football,men's association football team,Q103229495,13,2,1,men sports team that plays association football,football team|soccer team|association football team|men's football team|men's soccer team,,Q15944511|Q22808963,
men's association football,men's association football club,Q103231176,13,2,1,association football club with men's team,men's soccer club,,Q476028,
men's association football,men's football in Sweden,Q136385609,13,2,1,overview of men's association football in Sweden,men's soccer in Sweden|men's association football in Sweden,Q29791211,Q1318821,
men's association football,men's soccer in the United States,Q136385634,13,2,1,overview of men's association football in the USA,men's association football in the United States|men's football in the United States|men's football in the USA|men's association football in the USA|men's soccer in the USA,Q29791211,Q610674|Q140794164|Q140794248,
men's association football,men's soccer in South Africa,Q136386332,13,2,1,overview of men's association football in South Africa,men's association football in South Africa|men's football in South Africa,Q29791211,Q1478206,
men's association football,men's association football in Europe,Q135490464,13,2,1,overview of men's association football in Europe,men's soccer in Europe|men's football in Europe,Q29791211,Q14215723|Q135647781,
men's association football,men's football in Norway,Q136385614,13,2,1,overview of men's association football in Norway,men's soccer in Norway|men's association football in Norway,Q29791211,Q592271,
men's association football,men's soccer in Australia,Q136346454,13,2,1,overview of men's association football in Australia,men's association football in Australia|men's football in Australia,Q29791211,Q1478113,
men's association football,men's association football in Asia,Q136442402,13,2,1,overview of men's association football in Asia,men's soccer in Asia|men's football in Asia,Q29791211,Q56355039,
men's association football,association football,Q2736,13,2,2,sport that is practiced between two teams of eleven players,football|soccer|footie|footy|futbol|futebol|association soccer|foot ball,Q31629|Q216048|Q212434|Q4356073|Q47728,Q877517,Association football
men's association football,association football player,Q937857,13,2,2,person who plays association football (soccer),football player|association footballer|footballer|soccer player|player|association soccer player,Q28640|Q12737077,Q117321337|Q18536342|Q116763437,
men's association football,goalkeeper,Q201330,13,2,2,position in association football,football goalkeeper|soccer goalkeeper|GK|goalie|goal keeper|keeper|association football goalkeeper,Q4611891,Q172964,Goalkeeper (association football)
men's association football,association football club,Q476028,13,2,2,sports club devoted to association football (soccer),football club|soccer club|association soccer club|FC|F.C.,,Q17270000|Q847017,Football club (association football)
men's association football,association football coach,Q628099,13,2,2,person doing training of association footballers (profession/occupation); for team position (head coach or manager) use Q136659823,soccer manager|football coach|football manager|coach|manager|soccer coach,Q28640,Q41583,Manager (association football)
men's association football,association football referee,Q859528,13,2,2,supervisor of a game of association football,soccer referee|football referee|association soccer referee,Q28640,Q202648|Q38088701|Q116763437,Referee (association football)
men's association football,association football team season,Q26887310,13,2,2,association football team during season,soccer team season|football team season,,Q1539532,
men's association football,association football club match,Q109623729,13,2,2,association football match between club teams,,,Q12166442,
men's association football,association football players who play in this club,Q56465024,13,2,2,Wikidata metaclass,footballers of this club|footballers who play in this club|footballers of this national team,Q19478619,Q937857|Q58840094,
men's association football,captain,Q715772,13,2,2,team captain of an association football team,skipper|association football captain,Q4611891,Q584540|Q937857,Captain (association football)
men's association football,association football federation,Q1478443,13,2,2,governing body of association football (soccer),football association|soccer association|soccer federation|association soccer federation,,Q2485448,Football association
men's association football,Norwegian Football Federation,Q474952,13,2,2,sports governing body organizing association football in Norway,NFF|Norges Fotballforbund|Football Association of Norway,Q1478443|Q130405942,,Norwegian Football Federation
men's association football,Football Association of the Czech Republic,Q337065,13,2,2,governing body of association football in Czechia,Football Association of Czechia|Czechia Football Association|Czechia Football Federation|Czechia FA|Czechia F.A.|Football Federation of Czechia,Q1478443|Q43229|Q2485448,,Football Association of the Czech Republic
men's association football,FA Cup,Q11151,13,2,2,annual knockout football competition,Football Association Challenge Cup,Q8463186,,FA Cup
men's association football,Football Association of Finland,Q474947,13,2,2,sports governing body in Finland,Suomen Palloliitto|Finlands Bollförbund|Suomen Palloliitto ry|Finlands Bollförbund rf,Q1478443,,Football Association of Finland
men's association football,Football Association of Serbia,Q754433,13,2,2,governing body of association football in Serbia,,Q1478443,,Football Association of Serbia
men's association football,Football Association of Iceland,Q478734,13,2,2,association football governing body in Iceland,KSÍ,Q1478443,,Football Association of Iceland
men's association football,Football Association of Ireland,Q497782,13,2,2,Football Association of the Republic of Ireland,FAI|Cumann Peile na h-Éireann,Q1478443,,Football Association of Ireland
men's association football,Albanian Football Federation,Q390598,13,2,2,governing body of association football in Albania,Football Association of Albania,Q1478443,,Albanian Football Federation
1976–77 US Quevilly season,1976–77 US Quevilly season,Q109688719,14,0,1,season of football team,,Q26887310,,
1976–77 US Quevilly season,US Quevilly,Q1465560,14,0,2,association football club in France,Union sportive quevillaise|US Quevilly-Rouen|US Quevilly-Rouen Métropole,Q476028,,US Quevilly-Rouen Métropole
1976–77 US Quevilly season,U.S. Quevilly-Rouen Métropole II,Q109503721,14,0,2,,U.S. Quevilly-Rouen Métropole B,Q15944511|Q2412834,,
US Quevilly,US Quevilly,Q1465560,14,1,1,association football club in France,Union sportive quevillaise|US Quevilly-Rouen|US Quevilly-Rouen Métropole,Q476028,,US Quevilly-Rouen Métropole
US Quevilly,U.S. Quevilly-Rouen Métropole II,Q109503721,14,1,1,,U.S. Quevilly-Rouen Métropole B,Q15944511|Q2412834,,
men's association football,men's association football,Q31930761,14,2,1,association football when played by men,men's soccer|men's football|men's association football|men's football (soccer)|boys' soccer|boys' football|the men's game,Q10708051,Q2736|Q35555522,
men's association football,men's association football team,Q103229495,14,2,1,men sports team that plays association football,football team|soccer team|association football team|men's football team|men's soccer team,,Q15944511|Q22808963,
men's association football,men's association football club,Q103231176,14,2,1,association football club with men's team,men's soccer club,,Q476028,
men's association football,men's football in Sweden,Q136385609,14,2,1,overview of men's association football in Sweden,men's soccer in Sweden|men's association football in Sweden,Q29791211,Q1318821,
men's association football,men's soccer in the United States,Q136385634,14,2,1,overview of men's association football in the USA,men's association football in the United States|men's football in the United States|men's football in the USA|men's association football in the USA|men's soccer in the USA,Q29791211,Q610674|Q140794164|Q140794248,
men's association football,men's soccer in South Africa,Q136386332,14,2,1,overview of men's association football in South Africa,men's association football in South Africa|men's football in South Africa,Q29791211,Q1478206,
men's association football,men's association football in Europe,Q135490464,14,2,1,overview of men's association football in Europe,men's soccer in Europe|men's football in Europe,Q29791211,Q14215723|Q135647781,
men's association football,men's football in Norway,Q136385614,14,2,1,overview of men's association football in Norway,men's soccer in Norway|men's association football in Norway,Q29791211,Q592271,
men's association football,men's soccer in Australia,Q136346454,14,2,1,overview of men's association football in Australia,men's association football in Australia|men's football in Australia,Q29791211,Q1478113,
men's association football,men's association football in Asia,Q136442402,14,2,1,overview of men's association football in Asia,men's soccer in Asia|men's football in Asia,Q29791211,Q56355039,
men's association football,association football,Q2736,14,2,2,sport that is practiced between two teams of eleven players,football|soccer|footie|footy|futbol|futebol|association soccer|foot ball,Q31629|Q216048|Q212434|Q4356073|Q47728,Q877517,Association football
men's association football,association football player,Q937857,14,2,2,person who plays association football (soccer),football player|association footballer|footballer|soccer player|player|association soccer player,Q28640|Q12737077,Q117321337|Q18536342|Q116763437,
men's association football,goalkeeper,Q201330,14,2,2,position in association football,football goalkeeper|soccer goalkeeper|GK|goalie|goal keeper|keeper|association football goalkeeper,Q4611891,Q172964,Goalkeeper (association football)
men's association football,association football club,Q476028,14,2,2,sports club devoted to association football (soccer),football club|soccer club|association soccer club|FC|F.C.,,Q17270000|Q847017,Football club (association football)
men's association football,association football coach,Q628099,14,2,2,person doing training of association footballers (profession/occupation); for team position (head coach or manager) use Q136659823,soccer manager|football coach|football manager|coach|manager|soccer coach,Q28640,Q41583,Manager (association football)
men's association football,association football referee,Q859528,14,2,2,supervisor of a game of association football,soccer referee|football referee|association soccer referee,Q28640,Q202648|Q38088701|Q116763437,Referee (association football)
men's association football,association football team season,Q26887310,14,2,2,association football team during season,soccer team season|football team season,,Q1539532,
men's association football,association football club match,Q109623729,14,2,2,association football match between club teams,,,Q12166442,
men's association football,association football players who play in this club,Q56465024,14,2,2,Wikidata metaclass,footballers of this club|footballers who play in this club|footballers of this national team,Q19478619,Q937857|Q58840094,
men's association football,captain,Q715772,14,2,2,team captain of an association football team,skipper|association football captain,Q4611891,Q584540|Q937857,Captain (association football)
men's association football,association football federation,Q1478443,14,2,2,governing body of association football (soccer),football association|soccer association|soccer federation|association soccer federation,,Q2485448,Football association
men's association football,Norwegian Football Federation,Q474952,14,2,2,sports governing body organizing association football in Norway,NFF|Norges Fotballforbund|Football Association of Norway,Q1478443|Q130405942,,Norwegian Football Federation
men's association football,Football Association of the Czech Republic,Q337065,14,2,2,governing body of association football in Czechia,Football Association of Czechia|Czechia Football Association|Czechia Football Federation|Czechia FA|Czechia F.A.|Football Federation of Czechia,Q1478443|Q43229|Q2485448,,Football Association of the Czech Republic
men's association football,FA Cup,Q11151,14,2,2,annual knockout football competition,Football Association Challenge Cup,Q8463186,,FA Cup
men's association football,Football Association of Finland,Q474947,14,2,2,sports governing body in Finland,Suomen Palloliitto|Finlands Bollförbund|Suomen Palloliitto ry|Finlands Bollförbund rf,Q1478443,,Football Association of Finland
men's association football,Football Association of Serbia,Q754433,14,2,2,governing body of association football in Serbia,,Q1478443,,Football Association of Serbia
men's association football,Football Association of Iceland,Q478734,14,2,2,association football governing body in Iceland,KSÍ,Q1478443,,Football Association of Iceland
men's association football,Football Association of Ireland,Q497782,14,2,2,Football Association of the Republic of Ireland,FAI|Cumann Peile na h-Éireann,Q1478443,,Football Association of Ireland
men's association football,Albanian Football Federation,Q390598,14,2,2,governing body of association football in Albania,Football Association of Albania,Q1478443,,Albanian Football Federation
1975–76 US Quevilly season,1975–76 US Quevilly season,Q109688718,15,0,1,season of football team,,Q26887310,,
1975–76 US Quevilly season,US Quevilly,Q1465560,15,0,2,association football club in France,Union sportive quevillaise|US Quevilly-Rouen|US Quevilly-Rouen Métropole,Q476028,,US Quevilly-Rouen Métropole
1975–76 US Quevilly season,U.S. Quevilly-Rouen Métropole II,Q109503721,15,0,2,,U.S. Quevilly-Rouen Métropole B,Q15944511|Q2412834,,
US Quevilly,US Quevilly,Q1465560,15,1,1,association football club in France,Union sportive quevillaise|US Quevilly-Rouen|US Quevilly-Rouen Métropole,Q476028,,US Quevilly-Rouen Métropole
US Quevilly,U.S. Quevilly-Rouen Métropole II,Q109503721,15,1,1,,U.S. Quevilly-Rouen Métropole B,Q15944511|Q2412834,,
men's association football,men's association football,Q31930761,15,2,1,association football when played by men,men's soccer|men's football|men's association football|men's football (soccer)|boys' soccer|boys' football|the men's game,Q10708051,Q2736|Q35555522,
men's association football,men's association football team,Q103229495,15,2,1,men sports team that plays association football,football team|soccer team|association football team|men's football team|men's soccer team,,Q15944511|Q22808963,
men's association football,men's association football club,Q103231176,15,2,1,association football club with men's team,men's soccer club,,Q476028,
men's association football,men's football in Sweden,Q136385609,15,2,1,overview of men's association football in Sweden,men's soccer in Sweden|men's association football in Sweden,Q29791211,Q1318821,
men's association football,men's soccer in the United States,Q136385634,15,2,1,overview of men's association football in the USA,men's association football in the United States|men's football in the United States|men's football in the USA|men's association football in the USA|men's soccer in the USA,Q29791211,Q610674|Q140794164|Q140794248,
men's association football,men's soccer in South Africa,Q136386332,15,2,1,overview of men's association football in South Africa,men's association football in South Africa|men's football in South Africa,Q29791211,Q1478206,
men's association football,men's association football in Europe,Q135490464,15,2,1,overview of men's association football in Europe,men's soccer in Europe|men's football in Europe,Q29791211,Q14215723|Q135647781,
men's association football,men's football in Norway,Q136385614,15,2,1,overview of men's association football in Norway,men's soccer in Norway|men's association football in Norway,Q29791211,Q592271,
men's association football,men's soccer in Australia,Q136346454,15,2,1,overview of men's association football in Australia,men's association football in Australia|men's football in Australia,Q29791211,Q1478113,
men's association football,men's association football in Asia,Q136442402,15,2,1,overview of men's association football in Asia,men's soccer in Asia|men's football in Asia,Q29791211,Q56355039,
men's association football,association football,Q2736,15,2,2,sport that is practiced between two teams of eleven players,football|soccer|footie|footy|futbol|futebol|association soccer|foot ball,Q31629|Q216048|Q212434|Q4356073|Q47728,Q877517,Association football
men's association football,association football player,Q937857,15,2,2,person who plays association football (soccer),football player|association footballer|footballer|soccer player|player|association soccer player,Q28640|Q12737077,Q117321337|Q18536342|Q116763437,
men's association football,goalkeeper,Q201330,15,2,2,position in association football,football goalkeeper|soccer goalkeeper|GK|goalie|goal keeper|keeper|association football goalkeeper,Q4611891,Q172964,Goalkeeper (association football)
men's association football,association football club,Q476028,15,2,2,sports club devoted to association football (soccer),football club|soccer club|association soccer club|FC|F.C.,,Q17270000|Q847017,Football club (association football)
men's association football,association football coach,Q628099,15,2,2,person doing training of association footballers (profession/occupation); for team position (head coach or manager) use Q136659823,soccer manager|football coach|football manager|coach|manager|soccer coach,Q28640,Q41583,Manager (association football)
men's association football,association football referee,Q859528,15,2,2,supervisor of a game of association football,soccer referee|football referee|association soccer referee,Q28640,Q202648|Q38088701|Q116763437,Referee (association football)
men's association football,association football team season,Q26887310,15,2,2,association football team during season,soccer team season|football team season,,Q1539532,
men's association football,association football club match,Q109623729,15,2,2,association football match between club teams,,,Q12166442,
men's association football,association football players who play in this club,Q56465024,15,2,2,Wikidata metaclass,footballers of this club|footballers who play in this club|footballers of this national team,Q19478619,Q937857|Q58840094,
men's association football,captain,Q715772,15,2,2,team captain of an association football team,skipper|association football captain,Q4611891,Q584540|Q937857,Captain (association football)
men's association football,association football federation,Q1478443,15,2,2,governing body of association football (soccer),football association|soccer association|soccer federation|association soccer federation,,Q2485448,Football association
men's association football,Norwegian Football Federation,Q474952,15,2,2,sports governing body organizing association football in Norway,NFF|Norges Fotballforbund|Football Association of Norway,Q1478443|Q130405942,,Norwegian Football Federation
men's association football,Football Association of the Czech Republic,Q337065,15,2,2,governing body of association football in Czechia,Football Association of Czechia|Czechia Football Association|Czechia Football Federation|Czechia FA|Czechia F.A.|Football Federation of Czechia,Q1478443|Q43229|Q2485448,,Football Association of the Czech Republic
men's association football,FA Cup,Q11151,15,2,2,annual knockout football competition,Football Association Challenge Cup,Q8463186,,FA Cup
men's association football,Football Association of Finland,Q474947,15,2,2,sports governing body in Finland,Suomen Palloliitto|Finlands Bollförbund|Suomen Palloliitto ry|Finlands Bollförbund rf,Q1478443,,Football Association of Finland
men's association football,Football Association of Serbia,Q754433,15,2,2,governing body of association football in Serbia,,Q1478443,,Football Association of Serbia
men's association football,Football Association of Iceland,Q478734,15,2,2,association football governing body in Iceland,KSÍ,Q1478443,,Football Association of Iceland
men's association football,Football Association of Ireland,Q497782,15,2,2,Football Association of the Republic of Ireland,FAI|Cumann Peile na h-Éireann,Q1478443,,Football Association of Ireland
men's association football,Albanian Football Federation,Q390598,15,2,2,governing body of association football in Albania,Football Association of Albania,Q1478443,,Albanian Football Federation
1974–75 US Quevilly season,1974–75 US Quevilly season,Q109688717,16,0,1,season of football team,,Q26887310,,
1974–75 US Quevilly season,US Quevilly,Q1465560,16,0,2,association football club in France,Union sportive quevillaise|US Quevilly-Rouen|US Quevilly-Rouen Métropole,Q476028,,US Quevilly-Rouen Métropole
1974–75 US Quevilly season,U.S. Quevilly-Rouen Métropole II,Q109503721,16,0,2,,U.S. Quevilly-Rouen Métropole B,Q15944511|Q2412834,,
US Quevilly,US Quevilly,Q1465560,16,1,1,association football club in France,Union sportive quevillaise|US Quevilly-Rouen|US Quevilly-Rouen Métropole,Q476028,,US Quevilly-Rouen Métropole
US Quevilly,U.S. Quevilly-Rouen Métropole II,Q109503721,16,1,1,,U.S. Quevilly-Rouen Métropole B,Q15944511|Q2412834,,
men's association football,men's association football,Q31930761,16,2,1,association football when played by men,men's soccer|men's football|men's association football|men's football (soccer)|boys' soccer|boys' football|the men's game,Q10708051,Q2736|Q35555522,
men's association football,men's association football team,Q103229495,16,2,1,men sports team that plays association football,football team|soccer team|association football team|men's football team|men's soccer team,,Q15944511|Q22808963,
men's association football,men's association football club,Q103231176,16,2,1,association football club with men's team,men's soccer club,,Q476028,
men's association football,men's football in Sweden,Q136385609,16,2,1,overview of men's association football in Sweden,men's soccer in Sweden|men's association football in Sweden,Q29791211,Q1318821,
men's association football,men's soccer in the United States,Q136385634,16,2,1,overview of men's association football in the USA,men's association football in the United States|men's football in the United States|men's football in the USA|men's association football in the USA|men's soccer in the USA,Q29791211,Q610674|Q140794164|Q140794248,
men's association football,men's soccer in South Africa,Q136386332,16,2,1,overview of men's association football in South Africa,men's association football in South Africa|men's football in South Africa,Q29791211,Q1478206,
men's association football,men's association football in Europe,Q135490464,16,2,1,overview of men's association football in Europe,men's soccer in Europe|men's football in Europe,Q29791211,Q14215723|Q135647781,
men's association football,men's football in Norway,Q136385614,16,2,1,overview of men's association football in Norway,men's soccer in Norway|men's association football in Norway,Q29791211,Q592271,
men's association football,men's soccer in Australia,Q136346454,16,2,1,overview of men's association football in Australia,men's association football in Australia|men's football in Australia,Q29791211,Q1478113,
men's association football,men's association football in Asia,Q136442402,16,2,1,overview of men's association football in Asia,men's soccer in Asia|men's football in Asia,Q29791211,Q56355039,
men's association football,association football,Q2736,16,2,2,sport that is practiced between two teams of eleven players,football|soccer|footie|footy|futbol|futebol|association soccer|foot ball,Q31629|Q216048|Q212434|Q4356073|Q47728,Q877517,Association football
men's association football,association football player,Q937857,16,2,2,person who plays association football (soccer),football player|association footballer|footballer|soccer player|player|association soccer player,Q28640|Q12737077,Q117321337|Q18536342|Q116763437,
men's association football,goalkeeper,Q201330,16,2,2,position in association football,football goalkeeper|soccer goalkeeper|GK|goalie|goal keeper|keeper|association football goalkeeper,Q4611891,Q172964,Goalkeeper (association football)
men's association football,association football club,Q476028,16,2,2,sports club devoted to association football (soccer),football club|soccer club|association soccer club|FC|F.C.,,Q17270000|Q847017,Football club (association football)
men's association football,association football coach,Q628099,16,2,2,person doing training of association footballers (profession/occupation); for team position (head coach or manager) use Q136659823,soccer manager|football coach|football manager|coach|manager|soccer coach,Q28640,Q41583,Manager (association football)
men's association football,association football referee,Q859528,16,2,2,supervisor of a game of association football,soccer referee|football referee|association soccer referee,Q28640,Q202648|Q38088701|Q116763437,Referee (association football)
men's association football,association football team season,Q26887310,16,2,2,association football team during season,soccer team season|football team season,,Q1539532,
men's association football,association football club match,Q109623729,16,2,2,association football match between club teams,,,Q12166442,
men's association football,association football players who play in this club,Q56465024,16,2,2,Wikidata metaclass,footballers of this club|footballers who play in this club|footballers of this national team,Q19478619,Q937857|Q58840094,
men's association football,captain,Q715772,16,2,2,team captain of an association football team,skipper|association football captain,Q4611891,Q584540|Q937857,Captain (association football)
men's association football,association football federation,Q1478443,16,2,2,governing body of association football (soccer),football association|soccer association|soccer federation|association soccer federation,,Q2485448,Football association
men's association football,Norwegian Football Federation,Q474952,16,2,2,sports governing body organizing association football in Norway,NFF|Norges Fotballforbund|Football Association of Norway,Q1478443|Q130405942,,Norwegian Football Federation
men's association football,Football Association of the Czech Republic,Q337065,16,2,2,governing body of association football in Czechia,Football Association of Czechia|Czechia Football Association|Czechia Football Federation|Czechia FA|Czechia F.A.|Football Federation of Czechia,Q1478443|Q43229|Q2485448,,Football Association of the Czech Republic
men's association football,FA Cup,Q11151,16,2,2,annual knockout football competition,Football Association Challenge Cup,Q8463186,,FA Cup
men's association football,Football Association of Finland,Q474947,16,2,2,sports governing body in Finland,Suomen Palloliitto|Finlands Bollförbund|Suomen Palloliitto ry|Finlands Bollförbund rf,Q1478443,,Football Association of Finland
men's association football,Football Association of Serbia,Q754433,16,2,2,governing body of association football in Serbia,,Q1478443,,Football Association of Serbia
men's association football,Football Association of Iceland,Q478734,16,2,2,association football governing body in Iceland,KSÍ,Q1478443,,Football Association of Iceland
men's association football,Football Association of Ireland,Q497782,16,2,2,Football Association of the Republic of Ireland,FAI|Cumann Peile na h-Éireann,Q1478443,,Football Association of Ireland
men's association football,Albanian Football Federation,Q390598,16,2,2,governing body of association football in Albania,Football Association of Albania,Q1478443,,Albanian Football Federation
1973–74 US Quevilly season,1973–74 US Quevilly season,Q109688715,17,0,1,season of football team,,Q26887310,,
1973–74 US Quevilly season,US Quevilly,Q1465560,17,0,2,association football club in France,Union sportive quevillaise|US Quevilly-Rouen|US Quevilly-Rouen Métropole,Q476028,,US Quevilly-Rouen Métropole
1973–74 US Quevilly season,U.S. Quevilly-Rouen Métropole II,Q109503721,17,0,2,,U.S. Quevilly-Rouen Métropole B,Q15944511|Q2412834,,
US Quevilly,US Quevilly,Q1465560,17,1,1,association football club in France,Union sportive quevillaise|US Quevilly-Rouen|US Quevilly-Rouen Métropole,Q476028,,US Quevilly-Rouen Métropole
US Quevilly,U.S. Quevilly-Rouen Métropole II,Q109503721,17,1,1,,U.S. Quevilly-Rouen Métropole B,Q15944511|Q2412834,,
men's association football,men's association football,Q31930761,17,2,1,association football when played by men,men's soccer|men's football|men's association football|men's football (soccer)|boys' soccer|boys' football|the men's game,Q10708051,Q2736|Q35555522,
men's association football,men's association football team,Q103229495,17,2,1,men sports team that plays association football,football team|soccer team|association football team|men's football team|men's soccer team,,Q15944511|Q22808963,
men's association football,men's association football club,Q103231176,17,2,1,association football club with men's team,men's soccer club,,Q476028,
men's association football,men's football in Sweden,Q136385609,17,2,1,overview of men's association football in Sweden,men's soccer in Sweden|men's association football in Sweden,Q29791211,Q1318821,
men's association football,men's soccer in the United States,Q136385634,17,2,1,overview of men's association football in the USA,men's association football in the United States|men's football in the United States|men's football in the USA|men's association football in the USA|men's soccer in the USA,Q29791211,Q610674|Q140794164|Q140794248,
men's association football,men's soccer in South Africa,Q136386332,17,2,1,overview of men's association football in South Africa,men's association football in South Africa|men's football in South Africa,Q29791211,Q1478206,
men's association football,men's association football in Europe,Q135490464,17,2,1,overview of men's association football in Europe,men's soccer in Europe|men's football in Europe,Q29791211,Q14215723|Q135647781,
men's association football,men's football in Norway,Q136385614,17,2,1,overview of men's association football in Norway,men's soccer in Norway|men's association football in Norway,Q29791211,Q592271,
men's association football,men's soccer in Australia,Q136346454,17,2,1,overview of men's association football in Australia,men's association football in Australia|men's football in Australia,Q29791211,Q1478113,
men's association football,men's association football in Asia,Q136442402,17,2,1,overview of men's association football in Asia,men's soccer in Asia|men's football in Asia,Q29791211,Q56355039,
men's association football,association football,Q2736,17,2,2,sport that is practiced between two teams of eleven players,football|soccer|footie|footy|futbol|futebol|association soccer|foot ball,Q31629|Q216048|Q212434|Q4356073|Q47728,Q877517,Association football
men's association football,association football player,Q937857,17,2,2,person who plays association football (soccer),football player|association footballer|footballer|soccer player|player|association soccer player,Q28640|Q12737077,Q117321337|Q18536342|Q116763437,
men's association football,goalkeeper,Q201330,17,2,2,position in association football,football goalkeeper|soccer goalkeeper|GK|goalie|goal keeper|keeper|association football goalkeeper,Q4611891,Q172964,Goalkeeper (association football)
men's association football,association football club,Q476028,17,2,2,sports club devoted to association football (soccer),football club|soccer club|association soccer club|FC|F.C.,,Q17270000|Q847017,Football club (association football)
men's association football,association football coach,Q628099,17,2,2,person doing training of association footballers (profession/occupation); for team position (head coach or manager) use Q136659823,soccer manager|football coach|football manager|coach|manager|soccer coach,Q28640,Q41583,Manager (association football)
men's association football,association football referee,Q859528,17,2,2,supervisor of a game of association football,soccer referee|football referee|association soccer referee,Q28640,Q202648|Q38088701|Q116763437,Referee (association football)
men's association football,association football team season,Q26887310,17,2,2,association football team during season,soccer team season|football team season,,Q1539532,
men's association football,association football club match,Q109623729,17,2,2,association football match between club teams,,,Q12166442,
men's association football,association football players who play in this club,Q56465024,17,2,2,Wikidata metaclass,footballers of this club|footballers who play in this club|footballers of this national team,Q19478619,Q937857|Q58840094,
men's association football,captain,Q715772,17,2,2,team captain of an association football team,skipper|association football captain,Q4611891,Q584540|Q937857,Captain (association football)
men's association football,association football federation,Q1478443,17,2,2,governing body of association football (soccer),football association|soccer association|soccer federation|association soccer federation,,Q2485448,Football association
men's association football,Norwegian Football Federation,Q474952,17,2,2,sports governing body organizing association football in Norway,NFF|Norges Fotballforbund|Football Association of Norway,Q1478443|Q130405942,,Norwegian Football Federation
men's association football,Football Association of the Czech Republic,Q337065,17,2,2,governing body of association football in Czechia,Football Association of Czechia|Czechia Football Association|Czechia Football Federation|Czechia FA|Czechia F.A.|Football Federation of Czechia,Q1478443|Q43229|Q2485448,,Football Association of the Czech Republic
men's association football,FA Cup,Q11151,17,2,2,annual knockout football competition,Football Association Challenge Cup,Q8463186,,FA Cup
men's association football,Football Association of Finland,Q474947,17,2,2,sports governing body in Finland,Suomen Palloliitto|Finlands Bollförbund|Suomen Palloliitto ry|Finlands Bollförbund rf,Q1478443,,Football Association of Finland
men's association football,Football Association of Serbia,Q754433,17,2,2,governing body of association football in Serbia,,Q1478443,,Football Association of Serbia
men's association football,Football Association of Iceland,Q478734,17,2,2,association football governing body in Iceland,KSÍ,Q1478443,,Football Association of Iceland
men's association football,Football Association of Ireland,Q497782,17,2,2,Football Association of the Republic of Ireland,FAI|Cumann Peile na h-Éireann,Q1478443,,Football Association of Ireland
men's association football,Albanian Football Federation,Q390598,17,2,2,governing body of association football in Albania,Football Association of Albania,Q1478443,,Albanian Football Federation
